;p_from_mw;q_from_mvar;p_to_mw;q_to_mvar;pl_mw;ql_mvar;i_from_ka;i_to_ka;i_ka;vm_from_pu;va_from_degree;vm_to_pu;va_to_degree;loading_percent
0;-3,860484594517072;-1,8890526746470149;3,8649587189695467;1,8943308446532683;0,004474124452474637;0,005278170006253413;0,24850483059250905;0,24850483059250905;0,24850483059250905;0,9985271250572738;-0,03693258977594533;1,0;0,0;2,4850483059250906e-05
1;-3,7969956466399415;-1,8566011099009987;3,8003838617974286;1,8600521695367656;0,0033882151574871067;0,003451059635766862;0,24464644709260563;0,2446464470926056;0,24464644709260563;0,9974509778438209;-0,058760720224697395;0,9985271250572738;-0,03693258977594533;2,446464470926056e-05
2;-5,523841414779749;-2,7117688495677705;5,545335770102611;2,7265884610454805;0,02149435532286148;0,014819611477709937;0,3567680546194586;0,35676805461945854;0,3567680546194586;0,9958205328724551;-0,03551990102110809;1,0;0,0;3,567680546194586e-05
3;-5,4439421591345925;-2,668357631762121;5,464841414797107;2,6827688495437116;0,02089925566251427;0,01441121778159049;0,35295651336241035;0,35295651336241035;0,35295651336241035;0,9917131377291752;-0,07073847432424198;0,9958205328724551;-0,03551990102110809;3,529565133624104e-05
4;2,2457895734615363;1,1026573527055916;-2,23692998466719;-1,093636270770865;0,00885958879434634;0,009021081934726727;0,1444463458144494;0,14444634581444943;0,14444634581444943;1,0;0,0;0,9952335707597841;-0,09648368483693769;1,4444634581444942e-05
5;-5,144044256892244;-2,5204655385863175;5,156918844542306;2,5293415570652305;0,012874587650061997;0,00887601847891295;0,33439020810091474;0,3343902081009148;0,3343902081009148;0,9890425971356371;-0,0937397835108794;0,9917131377291752;-0,07073847432424198;3,343902081009148e-05
6;-2,2010422593471652;-1,0688846386347728;2,215529448202149;1,0836359008771093;0,014487188854983568;0,014751262242336471;0,14307622171806225;0,14307622171806222;0,14307622171806225;0,9873706565283646;-0,25772512190923025;0,9952335707597841;-0,09648368483693769;1,4307622171806224e-05
7;-3,7882127044183034;-1,847760165420917;3,796895646639933;1,8566011098996806;0,008682942221629464;0,008840944478763602;0,2446412471840067;0,24464124718400676;0,24464124718400676;0,9946940571407145;-0,11487731437910657;0,9974509778438209;-0,058760720224697395;2,4464124718400675e-05
8;-3,124461879009446;-1,5484186841673646;3,1261080972467425;1,5503607833452406;0,001646218237296715;0,0019420991778760222;0,2014627376150614;0,20146273761506137;0,2014627376150614;0,9993301094303834;-0,01656989356690999;1,0;0,0;2,014627376150614e-05
9;-3,73855336494124;-1,8170739408521295;3,751012021703735;1,8297596947917292;0,012458656762495135;0,012685753939599698;0,24224252539971738;0,24224252539971733;0,24224252539971738;0,9907007588414785;-0,19674479139058534;0,9946940571407145;-0,11487731437910657;2,4224252539971737e-05
10;-3,088458632875242;-1,5118616112843144;3,1243618790092906;1,5484186841673448;0,035903246134048494;0,03655707288303045;0,20145756107082913;0,20145756107082916;0,20145756107082916;0,9854703500875119;-0,29670069303213736;0,9993301094303834;-0,01656989356690999;2,0145756107082917e-05
11;3,088358632930845;1,511861611238438;-3,0574550623199035;-1,4803943423572812;0,03090357061094151;0,03146726888115681;0,20145229910122958;0,20145229910122958;0,20145229910122958;0,9854703500875119;-0,29670069303213736;0,973559503708574;-0,5442159342869254;2,014522991012296e-05
12;-3,603518682960558;-1,746873228506506;3,612553364941652;1,756073940851518;0,009034681981094028;0,009200712345011963;0,23408438573030707;0,23408438573030702;0,23408438573030707;0,987705138612159;-0,2586245984716667;0,9907007588414785;-0,19674479139058534;2,340843857303071e-05
13;3,7280183767981043;1,8288388500374708;-3,708102974494596;-1,8151084302502114;0,01991540230350841;0,013730419787259418;0,23974133670236314;0,2397413367023631;0,23974133670236314;1,0;0,0;0,994238203158561;-0,04934740861722361;2,3974133670236316e-05
14;3,450632902360312;1,6878210004765606;-3,4331971495077;-1,6757998720641083;0,01743575285261212;0,012021128412452287;0,22397160528031262;0,22397160528031262;0,22397160528031262;0,9902046286079292;-0,08421044139469253;0,9848059406124067;-0,13126498713375634;2,2397160528031263e-05
15;3,5821029745073147;1,7541084302329109;-3,5686329023181886;-1,744821000531185;0,013470072189126103;0,009287429701725802;0,23161229250351376;0,23161229250351376;0,23161229250351376;0,994238203158561;-0,04934740861722361;0,9902046286079292;-0,08421044139469253;2,3161229250351376e-05
16;3,3071971496126022;1,6147998719340493;-3,2911177283085657;-1,6037134091257945;0,0160794213040365;0,01108646280825476;0,21576466710065145;0,21576466710065137;0,21576466710065145;0,9848059406124067;-0,13126498713375634;0,9796383235174251;-0,17676494461602416;2,1576466710065144e-05
17;2,4389339912847845;1,1938365212693327;-2,4102586245923296;-1,1740655678602767;0,02867536669245485;0,01977095340905599;0,15677632318434642;0,15677632318434642;0,15677632318434642;1,0;0,0;0,9873160177797847;-0,11007505553468655;1,567763231843464e-05
18;2,389158553342795;1,1640655075602693;-2,3644497467323067;-1,147029248769448;0,024708806610488132;0,017036258790821268;0,15541098049229968;0,15541098049229968;0,15541098049229968;0,9873160177797847;-0,11007505553468655;0,9762933950966602;-0,20802256377783326;1,554109804922997e-05
19;-2,8810854900718392;-1,4065902134745387;2,8897260045640785;1,4138843107852186;0,008640514492239237;0,00729409731067987;0,1910967291747057;0,1910967291747057;0,1910967291747057;0,9686451603110768;-0,3245479937856515;0,9719582077219899;-0,275323887036015;1,910967291747057e-05
20;-3,229495272686787;-1,5805968005332636;3,238524556752874;1,5882194716540525;0,009029284066087051;0,00762267112078896;0,2130475365571978;0,2130475365571978;0,2130475365571978;0,9743775831717004;-0,23955252439100652;0,9774837706507438;-0,19384661120622348;2,130475365571978e-05
21;-2,827131850416661;-1,377492347342892;2,8319848135851204;1,3815897466861695;0,00485296316845929;0,004097399343277575;0,18781308441367947;0,18781308441367947;0,18781308441367947;0,9667522221878533;-0,35287329035469445;0,9686451603110768;-0,3245479937856515;1,8781308441367945e-05
22;1,7373120637861916;0,8457465397909516;-1,7243346506523214;-0,8367991101827005;0,012977413133870241;0,008947429608251123;0,11155776405888572;0,11155776405888572;0,11155776405888572;1,0;0,0;0,9919352002702199;-0,07068509947838655;1,1155776405888571e-05
23;1,9229046551716635;0,9317576378744832;-1,9098882023759538;-0,9227832299277833;0,013016452795709732;0,008974407946699903;0,1233657787316279;0,12336577873162789;0,1233657787316279;1,0;0,0;0,9926871638702022;-0,06483526836282615;1,2336577873162789e-05
24;1,8877875849901025;0,9127828042707744;-1,8851782456398867;-0,9109837522427187;0,002609339350215789;0,0017990520280557476;0,12195538246140468;0,12195538246140468;0,12195538246140468;0,9926871638702022;-0,06483526836282615;0,9912043342415967;-0,07807448192002678;1,2195538246140467e-05
25;-3,0967350749342506;-1,513890564494204;3,103495272848792;1,519596800389697;0,006760197914541521;0,005706235895492906;0,20475279728774343;0,20475279728774343;0,20475279728774343;0,9719582077219899;-0,275323887036015;0,9743775831717004;-0,23955252439100652;2,0475279728774344e-05
26;-1,8686071702244749;-0,9025217611316284;1,8721782456399791;0,9049837522425886;0,0035710754155042768;0,0024619911109602377;0,1211215394089079;0,1211215394089079;0,1211215394089079;0,9891610790709029;-0,0963650261492005;0,9912043342415967;-0,07807448192002678;1,211215394089079e-05
27;-2,6963293679266083;-1,3131815221539995;2,7011318507741344;1,316492346679945;0,004802482847526157;0,003310824525945444;0,17945286746206576;0,17945286746206573;0,17945286746206576;0,964896674208429;-0,3695340830233301;0,9667522221878533;-0,35287329035469445;1,7945286746206578e-05
28;-2,6866954996000696;-1,3066085716773823;2,6962293683813185;1,3131815216406628;0,009533868781248955;0,0065729499632805055;0,1794474880200211;0,1794474880200211;0,1794474880200211;0,9612131283782919;-0,40280284088605045;0,964896674208429;-0,3695340830233301;1,794474880200211e-05
29;1,2828212217899664;0,6216869795825029;-1,2813397340561155;-0,6204363351050113;0,001481487733850928;0,0012506444774915693;0,08341043865521228;0,08341043865521228;0,08341043865521228;0,986720555403373;-0,11694169366132924;0,9854202822749897;-0,13623365729914846;8,341043865521228e-06
30;1,2403397340564708;0,6004363351047695;-1,2387402699223178;-0,5990860111230691;0,001599464134153017;0,0013503239817003188;0,08073772755196312;0,08073772755196312;0,08073772755196312;0,9854202822749897;-0,13623365729914846;0,9839701331867731;-0,15782290471969446;8,073772755196313e-06
31;1,5983346506526293;0,7757991101823636;-1,5949340919894446;-0,7734546495492925;0,003400558663184672;0,0023444606330710327;0,10340977082383924;0,10340977082383924;0,10340977082383924;0,9919352002702199;-0,07068509947838655;0,9896556886212037;-0,09086293488877421;1,0340977082383926e-05
32;4,285712853128685;2,1042370434568918;-4,267825445967407;-2,0919050790617013;0,017887407161278013;0,012331964395190465;0,2787055300069892;0,27870553000698933;0,27870553000698933;0,9890425971356371;-0,0937397835108794;0,9845907599298214;-0,13214792869378236;2,7870553000698933e-05
33;3,191911265440931;1,5557086108366553;-3,1824032169934693;-1,5491526951598784;0,009508048447461892;0,0065559156767769355;0,20926942417762884;0,20926942417762884;0,20926942417762884;0,9796383235174251;-0,17676494461602416;0,9764880069521595;-0,20472972575832757;2,0926942417762883e-05
34;2,6922171140112967;1,3120243817158095;-2,69139215733463;-1,3114552838943916;0,0008249566766664884;0,0005690978214178966;0,17707414229282004;0,17707414229282;0,17707414229282004;0,9764880069521595;-0,20472972575832757;0,9761649269813654;-0,20760376716002177;1,7707414229282004e-05
35;2,6912921573506057;1,3114552838893372;-2,6911886912330654;-1,3113837982081273;0,00010346611754030732;7,148568120984855e-05;0,17706882546526403;0,17706882546526406;0,17706882546526406;0,9761649269813654;-0,20760376716002177;0,976124389513025;-0,20796622206973175;1,7706882546526405e-05
36;2,682188691262675;1,3073837981729157;-2,679627429093604;-1,3056177326860336;0,0025612621690709325;0,0017660654868820735;0,17648665516458467;0,17648665516458467;0,17648665516458467;0,976124389513025;-0,20796622206973175;0,9751180916762102;-0,2169099775819542;1,764866551645847e-05
37;2,316538774573967;1,124266551632305;-2,3131106593511155;-1,1219027560841137;0,003428115222851691;0,0023637955481912165;0,1505149154590834;0,15051491545908335;0,1505149154590834;0,987705138612159;-0,2586245984716667;0,9861262738519693;-0,2726609851573324;1,5051491545908342e-05
38;1,1165396049066771;0,543121263032873;-1,1130460913399185;-0,5407126025162569;0,0034935135667586437;0,0024086605166161457;0,07168545635119168;0,07168545635119167;0,07168545635119168;1,0;0,0;0,9966213693385275;-0,029533450032944133;7,168545635119169e-06
39;2,636627137332792;1,284617531156526;-2,620424606340855;-1,2734467409449997;0,016202530991936914;0,011170790211526338;0,17365328774262911;0,17365328774262911;0,17365328774262911;0,9751180916762102;-0,2169099775819542;0,9686491703801452;-0,27483722400571287;1,736532877426291e-05
40;1,4769292808681163;0,7164505878794947;-1,4751192356950147;-0,7152026223976298;0,001810045173101571;0,0012479654818648989;0,09576440976238412;0,09576440976238412;0,09576440976238412;0,9896556886212037;-0,09086293488877421;0,9883455020412045;-0,1024953585913511;9,576440976238413e-06
41;1,475019235689273;0,7152026224013179;-1,4749389081057647;-0,7151470533195758;8,032758350839941e-05;5,556908174209063e-05;0,09575915344754703;0,09575915344754703;0,09575915344754703;0,9883455020412045;-0,1024953585913511;0,9882873061836989;-0,1030180917760371;9,575915344754702e-06
42;1,1129460913399567;0,5407126025163289;-1,112585553837078;-0,5404639719083153;0,0003605375028787883;0,00024863060801361136;0,07168024564334066;0,07168024564334065;0,07168024564334066;0,9966213693385275;-0,029533450032944133;0,9962726575536136;-0,03259444766106532;7,168024564334067e-06
43;1,1124855538372644;0,5404639719081571;-1,1108919601620457;-0,5391185103235674;0,0015935936752187185;0,0013454615845897022;0,07167503306581599;0,07167503306581598;0,07167503306581599;0,9962726575536136;-0,03259444766106532;0,9946445396886651;-0,05643702558872113;7,167503306581599e-06
44;1,1107919601623608;0,5391185103238606;-1,1101572352198188;-0,5385827155617295;0,0006347249425420198;0,0005357947621310588;0,07166981099047916;0,07166981099047914;0,07166981099047916;0,9946445396886651;-0,05643702558872113;0,9939960938769619;-0,06595042964423994;7,166981099047916e-06
45;2,597324543444533;1,2624466968351364;-2,587091270004424;-1,2553910445666066;0,010233273440108714;0,007055652268529888;0,17212835162160897;0,17212835162160897;0,17212835162160897;0,9686491703801452;-0,27483722400571287;0,9645277278300479;-0,31214163684447205;1,7212835162160898e-05
46;2,263110659350961;1,0979027560837729;-2,259828860243851;-1,0956398501966729;0,0032817991071101282;0,0022629058870999863;0,14726781048021878;0,14726781048021878;0,14726781048021878;0,9861262738519693;-0,2726609851573324;0,9845815066153848;-0,28643006129937787;1,4726781048021878e-05
47;1,4429389081063069;0,7001470533218996;-1,4408212217896472;-0,69868697958237;0,0021176863166596505;0,0014600737395296104;0,09369472844095851;0,0936947284409585;0,09369472844095851;0,9882873061836989;-0,1030180917760371;0,986720555403373;-0,11694169366132924;9,369472844095851e-06
48;1,4015615284428122;0,681904989228741;-1,396056335052003;-0,6781093428963634;0,005505193390809238;0,0037956463323776113;0,08998831650731114;0,08998831650731115;0,08998831650731115;1,0;0,0;0,9957587216625431;-0,03708642226705755;8,998831650731114e-06
49;1,004157235219578;0,487582715561729;-1,0033615649254615;-0,4869108918722761;0,000795670294116535;0,0006718236894528995;0,064837413417473;0,064837413417473;0,064837413417473;0,9939960938769619;-0,06595042964423994;0,9930974666602299;-0,07914340924797833;6,4837413417473e-06
50;2,5818912122171533;1,2533910041488219;-2,5767132965847614;-1,2498210048619196;0,005177915632391894;0,00356999928690227;0,17179605057616548;0,1717960505761655;0,1717960505761655;0,9645277278300479;-0,31214163684447205;0,9624384088107739;-0,33115398311662425;1,717960505761655e-05
51;1,3959563350520303;0,6781093428960178;-1,3953881714746503;-0,6777175310745923;0,0005681635773799876;0,00039181182142544735;0,0899831011465519;0,0899831011465519;0,0899831011465519;0,9957587216625431;-0,03708642226705755;0,9953209740642333;-0,04093416034092756;8,99831011465519e-06
52;-2,671646826591766;-1,298885875647354;2,672695499984638;1,2996085712581207;0,0010486733928720682;0,0007226956107666549;0,17850738314220388;0,17850738314220385;0,17850738314220388;0,960805889674585;-0,4064934827462633;0,9612131283782919;-0,40280284088605045;1,7850738314220386e-05
53;1,896314494777745;0,9186769442444469;-1,893689815497308;-0,9155810125356465;0,00262467928043697;0,0030959317088004035;0,12495889693510903;0,12495889693510902;0,12495889693510903;0,973559503708574;-0,5442159342869254;0,9718447956143009;-0,5889395620936926;1,2495889693510904e-05
54;-2,518181677001689;-1,217286497963792;2,5407132973773408;1,2328210041326069;0,022531620375651595;0,015534506168814799;0,16940792539357752;0,16940792539357755;0,16940792539357755;0,9532197194982023;-0,41596062584760674;0,9624384088107739;-0,33115398311662425;1,6940792539357753e-05
55;0,9107276732778292;0,44007537625136756;-0,9101596985677701;-0,43959595276122077;0,0005679747100590937;0,00047942349014679086;0,05934916834558502;0,05934916834558503;0,05934916834558503;0,9839701331867731;-0,15782290471969446;0,983269743844107;-0,16828450170726075;5,934916834558503e-06
56;0,9100596985675056;0,4395959527609341;-0,9097788785108751;-0,4393588721713635;0,0002808200566304375;0,00023708058957061517;0,05934388107123475;0,05934388107123475;0,05934388107123475;0,983269743844107;-0,16828450170726075;0,9829234144137342;-0,17346422418025528;5,934388107123475e-06
57;0,8806788158290285;0,4253588192560459;-0,8798517281103643;-0,424660537034387;0,0008270877186642434;0,000698282221658908;0,057447075311381164;0,05744707531138117;0,05744707531138117;0,9829234144137342;-0,17346422418025528;0,981869733077843;-0,1892439993684376;5,744707531138117e-06
58;-3,8567893820324217;-1,8913641525769342;3,8648254460638998;1,896905078954099;0,008036064031478052;0,0055409263771648565;0,2524534859380686;0,2524534859380686;0,2524534859380686;0,9823826797148026;-0,15126679516146538;0,9845907599298214;-0,13214792869378236;2,5245348593806862e-05
59;0,8881356157670488;0,43113132413588745;-0,8875947499058188;-0,4304933823502111;0,0005408658612300332;0,0006379417856763325;0,05772786889159751;0,05772786889159751;0,05772786889159751;0,9873706565283646;-0,25772512190923025;0,9866054634554868;-0,2773390767960879;5,7727868891597515e-06
60;0,5403314038291193;0,2622284950485598;-0,5400834135277762;-0,262057501587247;0,00024799030134303734;0,00017099346131277393;0,035059892203966075;0,03505989220396608;0,03505989220396608;0,9890425971356371;-0,0937397835108794;0,9885522588955495;-0,09808818384282102;3,5059892203966078e-06
61;-0,0012000000372870399;-2,5999821175545388e-11;0,0012000036481338875;3,0743951474332794e-09;3,610846847652144e-09;3,048395326257734e-09;7,268234333691973e-05;7,268234333691973e-05;7,268234333691973e-05;0,9532168512284448;-0,41610617555678536;0,9532197194982023;-0,41596062584760674;7,2682343336919725e-09
62;-2,2562108902473756;-1,0951398786671795;2,2583545587110443;1,0966177473022543;0,0021436684636686465;0,0014778686350747083;0,15165179512128069;0,1516517951212807;0,1516517951212807;0,9547966552610766;-0,46133487595445355;0,9557765444214525;-0,4523553501497866;1,516517951212807e-05
63;3,3283160221519195;1,633521758539631;-3,320624556730126;-1,6282194715635796;0,007691465421793442;0,005302286976051507;0,21844167515203133;0,2184416751520314;0,2184416751520314;0,979926092422413;-0,17260481464758415;0,9774837706507438;-0,19384661120622348;2,1844167515203138e-05
64;1,0393680321446765;0,5057013131092737;-1,0379735688189713;-0,5045239760847661;0,001394463325705253;0,0011773370245076187;0,0670475096839622;0,06704750968396221;0,06704750968396221;0,9953209740642333;-0,04093416034092756;0,9937977377310291;-0,06320453287114992;6,7047509683962214e-06
65;-2,1956879029814367;-1,0657112266743434;2,1992108905613734;1,06813987845102;0,0035229875799367427;0,002428651776676727;0,14783814629753642;0,14783814629753644;0,14783814629753644;0,9531447399669319;-0,47648743418213635;0,9547966552610766;-0,46133487595445355;1,4783814629753645e-05
66;0,5798138432010894;0,28149215175252323;-0,5794556065405599;-0,28124517427132556;0,0003582366605294762;0,0002469774811976744;0,037688066958402384;0,037688066958402384;0,037688066958402384;0,9873706565283646;-0,25772512190923025;0,9867117375366995;-0,2635714162101701;3,768806695840238e-06
67;0,8013615649254457;0,38891089187245936;-0,8009855416797926;-0,3885934362183413;0,00037602324565311207;0,00031745565411805954;0,05178480741573041;0,05178480741573042;0,05178480741573042;0,9930974666602299;-0,07914340924797833;0,9925657852462346;-0,08695790582524582;5,178480741573042e-06
68;0,8008855416797914;0,38859343621799963;-0,800568391487109;-0,38832567233480425;0,00031715019268241385;0,00026776388319538214;0,05177957409573685;0,05177957409573685;0,05177957409573685;0,9925657852462346;-0,08695790582524582;0,9921173057579379;-0,09355547988337803;5,1779574095736855e-06
69;0,32808337144368466;0,15905747258042563;-0,32801773468572637;-0,1590122274287222;6,563675795828727e-05;4,524515170342691e-05;0,021294344438500257;0,02129434443850025;0,021294344438500257;0,9885522588955495;-0,09808818384282102;0,9883386109029452;-0,09998677311775293;2,1294344438500255e-06
70;0,782468376421327;0,3793256619701434;-0,7824504003521908;-0,3793105282709132;1,79760691362274e-05;1,5133699230174269e-05;0,05060329642572724;0,05060329642572724;0,05060329642572724;0,9921173057579379;-0,09355547988337803;0,9920913184541357;-0,093936089605315;5,060329642572724e-06
71;-0,5200515140650497;-0,25203551371943833;0,5205882343103801;0,252405587526645;0,0005367202453304687;0,00037007380720666117;0,03381842196426519;0,033818421964265204;0,033818421964265204;0,9866050262950603;-0,2684241293845586;0,987705138612159;-0,2586245984716667;3,38184219642652e-06
72;0,9229735688189077;0,44852397608465056;-0,9223351048223073;-0,44798499219974486;0,0006384639966003913;0,0005389838849056972;0,05961652844861466;0,059616528448614675;0,059616528448614675;0,9937977377310291;-0,06320453287114992;0,9930134880262539;-0,07469945728637892;5,961652844861468e-06
73;-1,5784657872355363;-0,7638372634328492;1,5811229324798846;0,7656691566888537;0,0026571452443482357;0,0018318932560045242;0,10741861210368316;0,10741861210368317;0,10741861210368317;0,9425024967276278;-0,5751314976060238;0,9442169620572349;-0,5591000687437234;1,0741861210368316e-05
74;0,0;0,0;0,0;0,0;0,0;0,0;;;;;;;;
75;-9,999999997573763e-05;8,109050650539494e-15;0,0001000000317092793;2,1870588319627656e-11;3,1733541670602404e-11;2,1878697370278196e-11;5,8453725681177854e-06;5,845372568117786e-06;5,845372568117786e-06;0,9877048251784132;-0,25863713403789884;0,987705138612159;-0,2586245984716667;5,845372568117787e-10
76;1,762486011893992;0,8525782612600167;-1,7604092421245454;-0,8511463981084417;0,002076769769446596;0,0014318631515749525;0,11631235279392903;0,11631235279392904;0,11631235279392904;0,9718447956143009;-0,5889395620936926;0,9706073187449679;-0,6002094997024264;1,1631235279392905e-05
77;0,518412842367165;0,2514369158678019;-0,5182481163970593;-0,2512425869697352;0,00016472597010575019;0,00019432889806669795;0,03371683838255556;0,033716838382555556;0,03371683838255556;0,9866054634554868;-0,2773390767960879;0,9862064725484294;-0,28758213709153496;3,371683838255556e-06
78;0,2020177346856962;0,09801222743147239;-0,20200000000103072;-0,0979999999960904;1,7734684665482447e-05;1,2227435381997886e-05;0,01311669833377487;0,013116698333774874;0,013116698333774874;0,9883386109029452;-0,09998677311775293;0,9882448856489202;-0,10081865018485296;1,3116698333774875e-06
79;-0,8040744924770509;-0,39076493577518306;0,8043351048222354;0,39098499219985944;0,0002606123451844855;0,00022005642467637365;0,05199738487526998;0,051997384875269996;0,051997384875269996;0,9926464207576611;-0,0800815274158454;0,9930134880262539;-0,07469945728637892;5,199738487527e-06
80;-0,931146349176174;-0,45079032658196566;0,9315663993873121;0,45107997446499465;0,00042005021113811214;0,00028964788302898725;0,06069334053259669;0,060693340532596673;0,06069334053259669;0,9841017964862109;-0,29072951682629333;0,9845815066153848;-0,28643006129937787;6,069334053259669e-06
81;0,4362481163969079;0,21124258696975345;-0,4361569540513076;-0,211149757904003;9,116234560030412e-05;9,282906575044936e-05;0,028375672969404776;0,02837567296940478;0,02837567296940478;0,9862064725484294;-0,28758213709153496;0,9859572178571918;-0,29276321295450813;2,837567296940478e-06
82;0,580450400356873;0,2813105282714345;-0,5803345333183076;-0,28123063454546277;0,00011586703856536484;7,989372597172473e-05;0,03753745360013436;0,037537453600134364;0,037537453600134364;0,9920913184541357;-0,093936089605315;0,9918773577020358;-0,09583411824565018;3,753745360013437e-06
83;0,9996122493397093;0,483317931381464;-0,9991366930122706;-0,4829164560111669;0,0004755563274386754;0,0004014753702971108;0,06725062792380708;0,0672506279238071;0,0672506279238071;0,9532197194982023;-0,41596062584760674;0,9527021378063071;-0,42393430639688284;6,72506279238071e-06
84;0,3991569540515785;0,1931497579038139;-0,3990806157686632;-0,19307202392892164;7,633828291531142e-05;7,773397489224676e-05;0,02596627296857716;0,02596627296857716;0,02596627296857716;0,9859572178571918;-0,29276321295450813;0,9857291491860659;-0,29750901752468534;2,5966272968577163e-06
85;-1,4046326367942792;-0,6789529427268018;1,4073480517838233;0,68082503550103;0,002715414989544085;0,0018720927742281734;0,09576810714436229;0,09576810714436228;0,09576810714436229;0,9405374100267719;-0,5935945471010773;0,9425024967276278;-0,5751314976060238;9,57681071443623e-06
86;-0,7235750003331495;-0,35134324471135914;0,7240744924768764;0,3517649357746347;0,0004994921437269095;0,0004216910632755533;0,04682090613582852;0,046820906135828524;0,046820906135828524;0,9918652095359928;-0,09155213623939372;0,9926464207576611;-0,0800815274158454;4,682090613582853e-06
87;0,5652423536239108;0,2731670733098679;-0,5650996492057095;-0,27306869834923553;0,00014270441820130042;9,837496063236362e-05;0,03802420417782335;0,03802420417782335;0,03802420417782335;0,9532197194982023;-0,41596062584760674;0,9529596344275493;-0,4183779631728269;3,8024204177823354e-06
88;0,00010000000557673232;5,06927235843267e-12;-9,999999976809954e-05;-1,6594900233659655e-13;5,808632776702939e-12;4,9033233560960736e-12;5,906495010168242e-06;5,906495010168242e-06;5,906495010168242e-06;0,9774837706507438;-0,19384661120622348;0,9774837138723029;-0,19384942060340019;5,906495010168242e-10
89;1,2687330808819852;0,6159510316086384;-1,2557782686708974;-0,6070191959446953;0,012954812211087852;0,008931835663943066;0,08411069637660243;0,08411069637660243;0,08411069637660243;0,9680865655418349;-0,2818643717125168;0,9574108238632015;-0,3795130699681326;8,411069637660243e-06
90;0,8751270713129558;0,42380148988300237;-0,8747927488209715;-0,4235191939226061;0,00033432249198428465;0,0002822959603962505;0,058893424413919045;0,05889342441391905;0,05889342441391905;0,9532197194982023;-0,41596062584760674;0,9528041279825072;-0,42234826769881423;5,889342441391905e-06
91;1,0359765053637304;0,5011558888614224;-1,034714960977474;-0,500286072957336;0,0012615443862564746;0,0008698159040864128;0,06717113460584846;0,06717113460584848;0,06717113460584848;0,9891610790709029;-0,0963650261492005;0,9878594177803937;-0,10801244871271186;6,717113460584848e-06
92;1,0852616525946588;0,5265593184279235;-1,0845429801884077;-0,526063842735978;0,0007186724062511196;0,0004954756919455239;0,0707339297722094;0,0707339297722094;0,0707339297722094;0,9845815066153848;-0,28643006129937787;0,983877212768618;-0,29270719156243724;7,0733929772209385e-06
93;0,3210806157679507;0,155072023929588;-0,3210423950458467;-0,15503975679480247;3,822072210402094e-05;3,226713478551857e-05;0,020884449791960587;0,020884449791960583;0,020884449791960587;0,9857291491860659;-0,29750901752468534;0,985595209940927;-0,2995071981300527;2,0884449791960585e-06
94;0,0;0,0;0,0;0,0;0,0;0,0;;;;;;;;
95;-0,20199999999994825;-0,09799999999989835;0,20205151406489516;0,09803551371958716;5,1514064946911464e-05;3,551371968880945e-05;0,013142119256597012;0,013142119256597015;0,013142119256597015;0,9863333144299092;-0,270839272064739;0,9866050262950603;-0,2684241293845586;1,3142119256597015e-06
96;0,4543345333192915;0,2202306345455665;-0,4541545788682439;-0,22010657091538416;0,00017995445104762586;0,00012406363018233058;0,029388982085931607;0,029388982085931607;0,029388982085931607;0,9918773577020358;-0,09583411824565018;0,9914529305920596;-0,09959704319591049;2,9388982085931604e-06
97;1,5134092421574787;0,7321463980999937;-1,5073778936527924;-0,7279880888787353;0,00603134850468634;0,004158309221258372;0,10000371832021894;0,10000371832021894;0,10000371832021894;0,9706073187449679;-0,6002094997024264;0,9664275101750901;-0,6384313390929001;1,0000371832021894e-05
98;1,5072778936936568;0,7279880888406258;-1,5060716337713766;-0,7271565164694347;0,001206259922280184;0,000831572371191136;0,09999833880242022;0,09999833880242022;0,09999833880242022;0,9664275101750901;-0,6384313390929001;0,9655915795478117;-0,6461119250082284;9,999833880242021e-06
99;-0,25315166666542377;-0,1231045672937749;0,2532873795080208;0,12319813094193907;0,00013571284259705774;9,356364816416607e-05;0,01692617322617087;0,01692617322617087;0,01692617322617087;0,9601834084690447;-0,41214559917458327;0,9607392831931253;-0,4071023264011491;1,692617322617087e-06
100;-0,5127112463979119;-0,24842141724744654;0,5128490279367457;0,2485164011881697;0,0001377815388338144;9,498394072315897e-05;0,033796198445647345;0,03379619844564733;0,033796198445647345;0,9732769278636499;-0,5467696866346023;0,973559503708574;-0,5442159342869254;3,3796198445647344e-06
101;-0,24805193257036948;-0,12003580534109289;0,2481516666704762;0,12010456729587797;9,973410010671868e-05;6,876195478508484e-05;0,01657694205012789;0,01657694205012789;0,01657694205012789;0,9597664141342176;-0,4159804889228062;0,9601834084690447;-0,41214559917458327;1,6576942050127888e-06
102;-2,397463990248073;-1,1636242500762628;2,409142483676199;1,17167605119696;0,011678493428126213;0,008051801120697144;0,16097888098922183;0,16097888098922178;0,16097888098922183;0,9557765444214525;-0,4523553501497866;0,960805889674585;-0,4064934827462633;1,6097888098922184e-05
103;1,5835145525505858;0,7699358071965072;-1,5829794812595985;-0,7695669495405926;0,0005350712909872879;0,00036885765591465614;0,10412673392104943;0,10412673392104939;0,10412673392104943;0,9762933950966602;-0,20802256377783326;0,9759371523967042;-0,21120462360396497;1,0412673392104943e-05
104;-0,7286708896483253;-0,3524625589566397;0,7291463491761094;0,3527903265820914;0,0004754595277841611;0,0003277676254517248;0,04752142641363988;0,04752142641363987;0,04752142641363988;0,9834083833093742;-0,29695613081013816;0,9841017964862109;-0,29072951682629333;4,752142641363988e-06
105;0,37315457886842907;0,18110657091551224;-0,3730330253868974;-0,18102276989757507;0,00012155348153164436;8,380101793717398e-05;0,024153882473607547;0,024153882473607544;0,024153882473607547;0,9914529305920596;-0,09959704319591049;0,9911040806898369;-0,10268085297409907;2,4153882473607547e-06
106;-0,44854815775453005;-0,21730898214554487;0,44871124639811916;0,21742141725161748;0,00016308864358910435;0,00011243510607261697;0,029577782329601312;0,02957778232960131;0,029577782329601312;0,972894743954793;-0,5502260985635656;0,9732769278636499;-0,5467696866346023;2,957778232960131e-06
107;0,26240434348181835;0,1272098238506804;-0,2623875043440515;-0,12719821700517372;1,6839137766844203e-05;1,1606845506662022e-05;0,01752311059538802;0,01752311059538802;0,01752311059538802;0,960805889674585;-0,4064934827462633;0,9607392831931253;-0,4071023264011491;1,752311059538802e-06
108;0,1990423950454055;0,09603975679478724;-0,19901037196084848;-0,096007150466737;3,202308455702019e-05;3,2606328050244215e-05;0,012945991849275005;0,012945991849275007;0,012945991849275007;0,985595209940927;-0,2995071981300527;0,9854033974123665;-0,30351357554460084;1,2945991849275007e-06
109;-0,2251268166104319;-0,10801848866357237;0,22515601881502173;0,10803862363559827;2,9202204589823255e-05;2,0134972025895315e-05;0,014714111442679662;0,01471411144267966;0,014714111442679662;0,9797693069657051;-0,20842596890019757;0,9799067913529723;-0,20715935171187244;1,4714111442679663e-06
110;0,5777955716659193;0,2811941283136083;-0,5768357682164856;-0,2805323760037389;0,0009598034494336938;0,0006617523098693678;0,03757430795219412;0,03757430795219412;0,03757430795219412;0,9873706565283646;-0,25772512190923025;0,985599645801276;-0,27335881824281855;3,7574307952194123e-06
111;-3,646316022028323;-1,7875217586601853;3,654789382128137;1,7933641524703934;0,008473360099814364;0,005842393810208124;0,2392586410914844;0,23925864109148443;0,23925864109148443;0,979926092422413;-0,17260481464758415;0,9823826797148026;-0,15126679516146538;2,392586410914844e-05
112;1,5149794812768478;0,7365669495264849;-1,5120391588089748;-0,7345397984401127;0,0029403224678730133;0,002027151086372192;0,09965527212672164;0,09965527212672164;0,09965527212672164;0,9759371523967042;-0,21120462360396497;0,973891687869329;-0,2295228675676817;9,965527212672164e-06
113;1,51193915885858;0,73453979838431;-1,5072570124564002;-0,7313117180627461;0,004682146402179788;0,003228080321563964;0,099649939792698;0,099649939792698;0,099649939792698;0,973891687869329;-0,2295228675676817;0,9706345101918088;-0,25885049609216537;9,9649939792698e-06
114;0,35424796644893414;0,17117095666458632;-0,35409137625574305;-0,17106299844445538;0,00015659019319108625;0,00010795822013093259;0,022997735675985863;0,022997735675985856;0,022997735675985863;0,987705138612159;-0,2586245984716667;0,9872332676528346;-0,26286123335558714;2,2997735675985862e-06
115;0,5384174467378742;0,2599433107770667;-0,5382969480887588;-0,2598415638629523;0,00012049864911534147;0,00010174691411440895;0,03535697479593378;0,03535697479593377;0,03535697479593378;0,9762933950966602;-0,20802256377783326;0,9760439679327033;-0,21178370917984307;3,5356974795933772e-06
116;0,5381969480901472;0,2598415638623884;-0,5380271835437155;-0,2596982687880814;0,00016976454643169436;0,00014329507430699273;0,03535164783918058;0,03535164783918058;0,03535164783918058;0,9760439679327033;-0,21178370917984307;0,9756925463110668;-0,217080748412521;3,5351647839180582e-06
117;0,5379271835452603;0,25969826878670815;-0,5376753870752374;-0,2594856773044263;0,0002517964700228248;0,0002125914822818653;0,03534631891310388;0,035346318913103886;0,035346318913103886;0,9756925463110668;-0,217080748412521;0,9751712023977162;-0,2249480939593473;3,5346318913103886e-06
118;-0,12600056644498503;-0,061000390323045;0,12605193254109054;0,061035805524737446;5,136609610550957e-05;3,541520169244444e-05;0,008424846449837275;0,008424846449837275;0,008424846449837275;0,9593438241088627;-0,4198642916876546;0,9597664141342176;-0,4159804889228062;8,424846449837274e-07
119;-0,3844635500496434;-0,1862506479739162;0,3845481577540061;0,1863089821503852;8,46077043626936e-05;5,83341764689993e-05;0,02535770906548222;0,02535770906548222;0,02535770906548222;0,972663473277202;-0,5523193515981025;0,972894743954793;-0,5502260985635656;2,535770906548222e-06
120;1,0458619197039098;0,5060768953163228;-1,0452533823644699;-0,5056573042600065;0,0006085373394399962;0,0004195910563162819;0,06947095888442831;0,06947095888442832;0,06947095888442832;0,9655915795478117;-0,6461119250082284;0,9649844569531375;-0,6516698567481879;6,9470958884428325e-06
121;-0,3773887213162596;-0,1831990624846577;0,3774635500508803;0,1832506479739311;7,482873462066886e-05;5,158548927339246e-05;0,024906146406644236;0,02490614640664424;0,02490614640664424;0,9724552052869143;-0,5541940022595176;0,972663473277202;-0,5523193515981025;2,490614640664424e-06
122;0,5515717081237532;0,2673409749188755;-0,5512018090121003;-0,2670859484613471;0,0003698991116529715;0,0002550264575283956;0,035678680491727004;0,03567868049172701;0,03567868049172701;0,9918652095359928;-0,09155213623939372;0,9911465871200624;-0,09792775131250674;3,5678680491727013e-06
123;-0,3771425507021605;-0,18309827953811514;0,3772887213167489;0,183199062484137;0,0001461706145883812;0,00010078294602186566;0,02490080554979518;0,024900805549795183;0,024900805549795183;0,9720482674724309;-0,5578584899636108;0,9724552052869143;-0,5541940022595176;2,4900805549795183e-06
124;1,4772570124969715;0,7173117180231421;-1,4766292724420054;-0,7168789122944103;0,0006277400549661305;0,0004328057287318332;0,09768097308537387;0,09768097308537389;0,09768097308537389;0,9706345101918088;-0,25885049609216537;0,970189010188067;-0,26286946770871433;9,76809730853739e-06
125;-0,27100603217227054;-0,13100415809922353;0,2710913762556448;0,13106299844447553;8,534408337423915e-05;5,8840345251998105e-05;0,017609487389583258;0,017609487389583258;0,017609487389583258;0,986897384291542;-0,2658738169560064;0,9872332676528346;-0,26286123335558714;1,7609487389583258e-06
126;-0,3021560188148469;-0,14503862363551265;0,3022569331651446;0,14510819674485884;0,00010091435029774276;6,957310934618821e-05;0,019747453960721202;0,019747453960721206;0,019747453960721206;0,9799067913529723;-0,20715935171187244;0,9802608003312872;-0,20390364990155804;1,9747453960721205e-06
127;0,624818155839182;0,3024951370780909;-0,6243569871464564;-0,30217717672086286;0,0004611686927256109;0,00031796035722803095;0,04186199962902875;0,04186199962902875;0,04186199962902875;0,9574108238632015;-0,3795130699681326;0,9566472721957667;-0,3865532592881437;4,186199962902875e-06
128;0,2424177475307161;0,1171501306965062;-0,24235103320201443;-0,11710413340284596;6,671432870167249e-05;4,599729366024097e-05;0,015922073387814407;0,01592207338781441;0,01592207338781441;0,9762933950966602;-0,20802256377783326;0,9760030108334592;-0,21065927335708592;1,5922073387814412e-06
129;0,24225103320250857;0,11710413340245726;-0,2421621402646972;-0,11704284470114817;8,889293781136343e-05;6,128870130908681e-05;0,01591674734421654;0,01591674734421654;0,01591674734421654;0,9760030108334592;-0,21065927335708592;0,9756159548639759;-0,21417247502366862;1,5916747344216538e-06
130;-0,14810986281296618;-0,07100680007338796;0,14812681661000257;0,07101848866368432;1,6953797036395324e-05;1,1688590296363155e-05;0,009680063321739676;0,009680063321739674;0,009680063321739676;0,9796479880118375;-0,20954581619047263;0,9797693069657051;-0,20842596890019757;9,680063321739676e-07
131;0,5027356689037881;0,24453229216071629;-0,5026228994612374;-0,2444370896555787;0,00011276944255067534;9,52025051375871e-05;0,03274847479695542;0,03274847479695541;0,03274847479695542;0,985599645801276;-0,27335881824281855;0,9853474501846083;-0,277078656849035;3,2748474796955415e-06
132;0,5025228994619058;0,2444370896555011;-0,5022504422380222;-0,24420708828517976;0,00027245722388358207;0,0002300013703213366;0,03274320561887752;0,032743205618877516;0,03274320561887752;0,9853474501846083;-0,277078656849035;0,984738048739821;-0,28607131507338107;3,274320561887752e-06
133;-0,602230508670248;-0,29115893103199264;0,6026708896482386;0,2914625589566264;0,0004403809779905954;0,00030362792463378696;0,03930278121562046;0,03930278121562046;0,03930278121562046;0,9826318216728452;-0,3039462773454736;0,9834083833093742;-0,29695613081013816;3,930278121562046e-06
134;0,8575383165318233;0,4160606268701021;-0,8565264292585222;-0,41536294833275084;0,0010118872733011486;0,000697678537351254;0,05593141102677492;0,05593141102677494;0,05593141102677494;0,983877212768618;-0,29270719156243724;0,9826231143783598;-0,3039021059230784;5,5931411026774935e-06
135;-0,00020000000715230672;-4,7638075648312586e-12;0,00020000003772607593;2,584187909487342e-11;3,057376921078436e-11;2,107807153004216e-11;1,211372579809891e-05;1,211372579809891e-05;1,211372579809891e-05;0,9532167055113046;-0,4161122139781324;0,9532168512284448;-0,41610617555678536;1,211372579809891e-09
136;0,46067538707463335;0,22248567731091595;-0,46038596706338003;-0,22224133812682445;0,0002894200112533163;0,0002443391840915021;0,030288541565035482;0,030288541565035475;0,030288541565035482;0,9751712023977162;-0,2249480939593473;0,9744718863166295;-0,23550081061550998;3,028854156503548e-06
137;0,6134226080957887;0,2971876848368993;-0,6132935400444646;-0,2970987124401081;0,0001290680513241771;8,897239679117597e-05;0,039353433401324966;0,03935343340132497;0,03935343340132497;1,0;0,0;0,9997726803673762;-0,0020007473367535215;3,9353433401324975e-06
138;0,613193540044534;0,2970987124405757;-0,6127096859037239;-0,2967651192333856;0,0004838541408100916;0,0003335932071900638;0,03934823637107398;0,03934823637107398;0,03934823637107398;0,9997726803673762;-0,0020007473367535215;0,9989203551908377;-0,00951102974113792;3,934823637107398e-06
139;-0,04400000001208797;-0,020999999931742133;0,04400056642265688;0,02100039045284573;5,664105689126564e-07;3,9052110359719117e-07;0,0029341730985777675;0,002934173098577768;0,002934173098577768;0,9593304560330456;-0,4199917605265967;0,9593438241088627;-0,4198642916876546;2,934173098577768e-07
140;-0,6814481057231841;-0,33023999654594466;0,6817184272072687;0,3304263741491985;0,000270321484084568;0,0001863776032538511;0,045325785637173176;0,045325785637173176;0,045325785637173176;0,9645710610469816;-0,655438704089028;0,9649844569531375;-0,6516698567481879;4,532578563717317e-06
141;0,542203044527337;0,2616226191625202;-0,5421686837300829;-0,26159893502436915;3,4360797254162634e-05;2,3684138151069956e-05;0,035399562182425674;0,03539956218242568;0,03539956218242568;0,981869733077843;-0,1892439993684376;0,9818024741262766;-0,18985300249357484;3,5399562182425684e-06
142;0,5420686837272128;0,26159893502438225;-0,5418763734501333;-0,26146634353375564;0,00019231027707955484;0,00013259149062661013;0,035394266042064755;0,035394266042064755;0,035394266042064755;0,9818024741262766;-0,18985300249357484;0,981425955477256;-0,1932650420147105;3,539426604206475e-06
143;1,3936292724661399;0,6768789122842909;-1,391205868660219;-0,6752080565822606;0,0024234038059209873;0,0016708557020302939;0,09219808503741377;0,09219808503741377;0,09219808503741377;0,970189010188067;-0,26286946770871433;0,9683668722509499;-0,2793274861010547;9,219808503741378e-06
144;1,3911058686877082;0,6752080565534119;-1,3907330807113238;-0,6749510317379565;0,0003727879763844033;0,00025702481545542;0,09219272132649332;0,09219272132649334;0,09219272132649334;0,9683668722509499;-0,2793274861010547;0,9680865655418349;-0,2818643717125168;9,219272132649334e-06
145;0,0;0,0;0,0;0,0;0,0;0,0;;;;;;;;
146;-0,07710000000174105;-0,037000000001237925;0,07710986281292898;0,037006800073778885;9,86281118792176e-06;6,8000725409606e-06;0,005040682878396305;0,005040682878396304;0,005040682878396305;0,9795124434165184;-0,21079413709087844;0,9796479880118375;-0,20954581619047263;5,040682878396305e-07
147;-1,631122930915307;-0,789669158034202;1,6453944838658028;0,7995089154720268;0,014271552950495758;0,009839757437824836;0,11080984973603898;0,11080984973603895;0,11080984973603898;0,9442169620572349;-0,5591000687437234;0,9531447399669319;-0,47648743418213635;1,1080984973603899e-05
148;0,5002934204308054;0,24220231003065396;-0,5002213239556463;-0,2421525906690113;7,209647515904472e-05;4,9719361642663884e-05;0,033668863608884776;0,03366886360888478;0,03366886360888478;0,9531447399669319;-0,47648743418213635;0,9529963134841276;-0,47786226583289715;3,3668863608884787e-06
149;0,16516214026338774;0,08004284470950104;-0,16511880842574989;-0,08001296824973803;4,333183763785553e-05;2,987645976301745e-05;0,010861286401735677;0,010861286401735679;0,010861286401735679;0,9756159548639759;-0,21417247502366862;0,9753394159338955;-0,21666681059805962;1,0861286401735678e-06
150;0,19417433434563258;0,09405124981776877;-0,19413239407010274;-0,09402233340344998;4,1940275529839255e-05;2,891641431879144e-05;0,01262425332600468;0,012624253326004682;0,012624253326004682;0,9867117375366995;-0,2635714162101701;0,9864814663375049;-0,2656277929220631;1,2624253326004682e-06
151;0,16501880842628014;0,08001296824961489;-0,16500136399377716;-0,0800009402886552;1,744443250298322e-05;1,2027960959684614e-05;0,010855959711387076;0,010855959711387076;0,010855959711387076;0,9753394159338955;-0,21666681059805962;0,975228028508982;-0,21767041313182914;1,0855959711387075e-06
152;-0,41116494559611816;-0,1981137206784095;0,4113316186700554;0,19822863603097196;0,00016667307393725128;0,00011491535256247243;0,026650980370283954;0,026650980370283954;0,026650980370283954;0,9887277360846972;-0,10027707137975682;0,9891610790709029;-0,0963650261492005;2,6650980370283956e-06
153;0,0;0,0;0,0;0,0;0,0;0,0;;;;;;;;
154;0,33328127219469955;0,16219392445305153;-0,3330956015865475;-0,16206591079161695;0,00018567060815205538;0,00012801366143458393;0,021687825565457973;0,021687825565457976;0,021687825565457976;0,9867117375366995;-0,2635714162101701;0,9861181804325672;-0,26880851484087714;2,1687825565457977e-06
155;0,0;0,0;0,0;0,0;0,0;0,0;;;;;;;;
156;-0,26104792432066437;-0,1270330409082113;0,26114255070036346;0,12709827954810207;9,462637969909204e-05;6,52386398907745e-05;0,017250137151868652;0,017250137151868655;0,017250137151868655;0,9716679439106976;-0,5612627701775743;0,9720482674724309;-0,5578584899636108;1,7250137151868655e-06
157;0,49677623070282195;0,23946624506792172;-0,49673584610747995;-0,2394383958004536;4,038459534200234e-05;2,7849267468127437e-05;0,03244232481588531;0,03244232481588531;0,03244232481588531;0,981425955477256;-0,1932650420147105;0,9813396947543171;-0,19404959519374182;3,2442324815885314e-06
158;0,5595051649452054;0,2707620022390505;-0,5592320385067738;-0,2705736712216801;0,00027312643843158124;0,00018833101737042446;0,03592555745219696;0,03592555745219695;0,03592555745219696;0,9989203551908377;-0,00951102974113792;0,9983934160037831;-0,014172970919612962;3,5925557452196958e-06
159;0,6055253542120952;0,2933622069493539;-0,6051140562136841;-0,29307863076440277;0,0004112979984111087;0,0002835761849511176;0,03953378163803084;0,039533781638030834;0,03953378163803084;0,9826231143783598;-0,3039021059230784;0,9819019974524712;-0,31036806871794037;3,953378163803084e-06
160;0,1710330253864606;0,08302276989748306;-0,17100074719169012;-0,08300051516401612;3,227819477047422e-05;2,225473346693929e-05;0,011075024102837928;0,011075024102837927;0,011075024102837928;0,9911040806898369;-0,10268085297409907;0,9909020415015481;-0,10446685264219914;1,107502410283793e-06
161;0,16713239407031474;0,0810223334035721;-0,16710000000944905;-0,08100000000638959;3,239406086569252e-05;2,2333397182508485e-05;0,01087042421705884;0,010870424217058838;0,01087042421705884;0,9864814663375049;-0,2656277929220631;0,9862749047783967;-0,26746838692040104;1,087042421705884e-06
162;-9,999999999114524e-05;2,487538989744321e-14;0,00010000002357247628;1,62333186024597e-11;2,3581331033912037e-11;1,6258193992357144e-11;5,880112053923718e-06;5,880112053923715e-06;5,880112053923718e-06;0,9818695015399325;-0,18925331462522782;0,981869733077843;-0,1892439993684376;5,880112053923718e-10
163;0,38938596706352285;0,18824133813329041;-0,3891241540598608;-0,18802032076055034;0,0002618130036620703;0,00022101737274007882;0,025624544268812225;0,025624544268812225;0,025624544268812225;0,9744718863166295;-0,23550081061550998;0,9737240747964622;-0,2467743568611763;2,5624544268812227e-06
164;-0,14500000000011312;-0,0699999999992477;0,1450060321723088;0,07000415809852821;6,032172195691299e-06;4,15809928050459e-06;0,009419899841747029;0,009419899841747029;0,009419899841747029;0,986853009877916;-0,2662730955372347;0,986897384291542;-0,2658738169560064;9,419899841747028e-07
165;0,0;0,0;0,0;0,0;0,0;0,0;;;;;;;;
166;-0,47832549693119525;-0,23015546914350532;0,47873584610799946;0,23043839579930317;0,00041034917680421445;0,00028292665579784937;0,031258465122172334;0,031258465122172334;0,031258465122172334;0,9804301306711933;-0,20235602739542352;0,9813396947543171;-0,19404959519374182;3,1258465122172334e-06
167;0,6179601130683727;0,29852405864023407;-0,6178849916800774;-0,2984722649607527;7,512138829535164e-05;5,179367948138225e-05;0,041385431628803426;0,041385431628803426;0,041385431628803426;0,9574108238632015;-0,3795130699681326;0,9572850295845438;-0,3806787315571231;4,1385431628803424e-06
168;-0,2021059976392004;-0,09800506307471317;0,20212025858466165;0,098017103937854;1,4260945461253005e-05;1,2040863140827529e-05;0,013088263757414575;0,013088263757414575;0,013088263757414575;0,9908223210896355;-0,10270221253522539;0,9909021004868673;-0,10152590020569581;1,3088263757414574e-06
169;-0,20200000000130558;-0,09800000000063064;0,2020059976382245;0,09800506307426252;5,997636918914084e-06;5,063073631877968e-06;0,013083020950219139;0,013083020950219139;0,013083020950219139;0,9907887554719773;-0,10319660314060346;0,9908223210896355;-0,10270221253522539;1,3083020950219137e-06
170;0,5452116198577369;0,2641458795804877;-0,545002655584989;-0,2640018311347309;0,00020896427274796903;0,00014404844575677256;0,035407419302451636;0,03540741930245163;0,035407419302451636;0,9878594177803937;-0,10801244871271186;0,987450366181905;-0,11165747100216003;3,5407419302451636e-06
171;0,4482213239405745;0,217152590799369;-0,44813646231345117;-0,2170940862595241;8,486162712334488e-05;5,850453984490578e-05;0,030173412033242572;0,030173412033242576;0,030173412033242576;0,9529963134841276;-0,47786226583289715;0,9528013746379266;-0,4796631194160557;3,0173412033242577e-06
172;-0,377120258584594;-0,18301710393760934;0,3772018090123233;0,18308594846152304;8,155042772928223e-05;6,884452391370255e-05;0,024423785658617705;0,024423785658617702;0,024423785658617705;0,9909021004868673;-0,10152590020569581;0,9911465871200624;-0,09792775131250674;2,4423785658617707e-06
173;0,34825044223788976;0,16920708828512782;-0,3481104590402267;-0,16908890258152387;0,00013998319766306278;0,00011818570360394576;0,022700378590619862;0,022700378590619862;0,022700378590619862;0,984738048739821;-0,28607131507338107;0,9842864636653217;-0,29275225264677013;2,270037859061986e-06
174;0,15870336236788338;0,07607126096799235;-0,15862744726778533;-0,07601892126438663;7,591510009805069e-05;5,2339703605727705e-05;0,01083250070326674;0,01083250070326674;0,01083250070326674;0,9380077944890568;-0,6175483015629645;0,937522357572502;-0,6222336171422385;1,083250070326674e-06
175;0,42823898864153803;0,20718280314835108;-0,4281224710196102;-0,20708443375679625;0,00011651762192782522;9,836939155483115e-05;0,02882642761716498;0,02882642761716498;0,02882642761716498;0,9528041279825072;-0,42234826769881423;0,9525082535613946;-0,42690298772361146;2,882642761716498e-06
176;-0,4262574065085926;-0,2051085230793582;0,4263254969307323;0,2051554691433232;6,80904221396772e-05;4,6946063964992124e-05;0,027860807644351185;0,027860807644351185;0,027860807644351185;0,9802608003312872;-0,20390364990155804;0,9804301306711933;-0,20235602739542352;2,7860807644351187e-06
177;0,4911279113568028;0,23757082578118424;-0,49091073577987526;-0,23742107526306355;0,00021717557692751965;0,0001497505181206893;0,03154917962904004;0,03154917962904004;0,03154917962904004;0,9983934160037831;-0,014172970919612962;0,997916313111108;-0,01840067950507287;3,1549179629040038e-06
178;-0,18402192213895868;-0,09001511328284562;0,18404792431977934;0,09003304091503933;2,600218082066119e-05;1,792763219371496e-05;0,012174204080261609;0,012174204080261609;0,012174204080261609;0,9715198148065025;-0,5625711607379346;0,9716679439106976;-0,5612627701775743;1,217420408026161e-06
179;0,2470956015867584;0,12006591079189974;-0,24702467984019946;-0,1200170153001815;7,092174655892736e-05;4,88954917182427e-05;0,016084349703597064;0,016084349703597067;0,016084349703597067;0,9861181804325672;-0,26880851484087714;0,9858125006425061;-0,2715169763195874;1,6084349703597069e-06
180;0,47581057286269207;0,23042096294558106;-0,4756115583392233;-0,2302837492937353;0,0001990145234687657;0,00013721365184576895;0,03058637546782176;0,030586375467821756;0,03058637546782176;0,997916313111108;-0,01840067950507287;0,9974653257162466;-0,022385780791589503;3,058637546782176e-06
181;-0,16800161449331624;-0,08200111311984684;0,16802192213885375;0,08201511328401458;2,0307645537509522e-05;1,4000164167735085e-05;0,011111176256850843;0,011111176256850848;0,011111176256850848;0,9713930773497128;-0,5636969713318428;0,9715198148065025;-0,5625711607379346;1,1111176256850848e-06
182;0,0;0,0;0,0;0,0;0,0;0,0;;;;;;;;
183;0,0510013639919072;0,02500094030227868;-0,051000000002034994;-0,024999999993916156;1,3639898722092592e-06;9,403083625243724e-07;0,0033626209073788216;0,0033626209073788216;0,0033626209073788216;0,975228028508982;-0,21767041313182914;0,9751998936527855;-0,2179164969056023;3,3626209073788214e-07
184;-0,4030000000002499;-0,19499999999914125;0,4031140562135474;0,19507863076446397;0,0001140562132975198;7,863076532271807e-05;0,026332356375073286;0,026332356375073283;0,026332356375073286;0,9816017983590402;-0,31306781681417045;0,9819019974524712;-0,31036806871794037;2,6332356375073287e-06
185;0,13900943224772944;0,06700650200899619;-0,13900085582311436;-0,06700058975032533;8,576424615075462e-06;5,912258670859316e-06;0,009321687959491787;0,009321687959491787;0,009321687959491787;0,9557765444214525;-0,4523553501497866;0,9557127940302078;-0,4529501186762681;9,321687959491786e-07
186;-0,06920220601582006;-0,03400186263902586;0,0692064630109622;0,03400479811319024;4,256995142143394e-06;2,93547416437695e-06;0,004544446297539724;0,004544446297539726;0,004544446297539726;0,9795733370971662;-0,17732769559957187;0,9796383235174251;-0,17676494461602416;4,5444462975397256e-07
187;-0,9191708023722298;-0,4433245830118195;0,921463696476375;0,44490541584554694;0,0022928941041452378;0,0015808328337274524;0,06281221972601042;0,06281221972601042;0,06281221972601042;0,9380077944890568;-0,6175483015629645;0,9405374100267719;-0,5935945471010773;6,2812219726010425e-06
188;0,5929494207154689;0,28678001085927696;-0,592572440173704;-0,2864617737035689;0,0003769805417648264;0,00031823715570805655;0,039915623666145435;0,039915623666145435;0,039915623666145435;0,9527021378063071;-0,42393430639688284;0,9520108601843063;-0,4345852274077573;3,991562366614544e-06
189;0,49523050867030544;0,23915893103192742;-0,49513205845239533;-0,2390910526920575;9,845021791010655e-05;6,787833986993119e-05;0,03231286922829529;0,03231286922829529;0,03231286922829529;0,9826318216728452;-0,3039462773454736;0,9824206783439438;-0,30585436828493956;3,231286922829529e-06
190;0,3531364622787715;0,17109408650810345;-0,3530155801144833;-0,1710107393837437;0,00012088216428818299;8,334712435975611e-05;0,023777550174038493;0,0237775501740385;0,0237775501740385;0,9528013746379266;-0,4796631194160557;0,9524489879462655;-0,4829204746499056;2,37775501740385e-06
191;0,3291872723048385;0,1591364452479904;-0,32913994725894796;-0,15909648482175284;4,732504589055608e-05;3,9960426237550806e-05;0,022157947638202048;0,02215794763820205;0,02215794763820205;0,9527021378063071;-0,42393430639688284;0,952545802705116;-0,42634472474577695;2,215794763820205e-06
192;-0,04120082680898428;-0,02000069811138982;0,04120220601526518;0,020001862643305873;1,3792062809048211e-06;1,1645319160542844e-06;0,002699440268170617;0,0026994402681706172;0,0026994402681706172;0,9795359234424003;-0,17788476791328786;0,9795733370971662;-0,17732769559957187;2,6994402681706173e-07
193;-0,0411000000067852;-0,02000000000045261;0,04110082680949205;0,02000069811198228;8,268027068478179e-07;6,981115296678109e-07;0,0026941391255166144;0,002694139125516615;0,002694139125516615;0,9795134452555508;-0,17821814292337365;0,9795359234424003;-0,17788476791328786;2,6941391255166147e-07
194;0,2761104590405686;0,13408890258166603;-0,2760280793615021;-0,13401935977857268;8,237967906649102e-05;6,95428030933476e-05;0,01800454205674028;0,018004542056740278;0,01800454205674028;0,9842864636653217;-0,29275225264677013;0,983951422469875;-0,2977133951119749;1,800454205674028e-06
195;0,4195093574883884;0,20328223181326854;-0,4193792242832072;-0,20319250586380824;0,0001301332051812376;8,972594946030088e-05;0,026982562177041317;0,026982562177041314;0,026982562177041317;0,9974653257162466;-0,022385780791589503;0,9971310276824007;-0,025336329306150752;2,6982562177041317e-06
196;-0,48732129734870816;-0,23615257733452927;0,4874481057177246;0,2362399965832022;0,0001268083690164623;8,741924867292084e-05;0,032422484736819274;0,032422484736819274;0,032422484736819274;0,9642999687912662;-0,6579105950575392;0,9645710610469816;-0,655438704089028;3,2422484736819276e-06
197;0,0;0,0;0,0;0,0;0,0;0,0;;;;;;;;
198;-0,40903874876289614;-0,19802671736662583;0,4091861030569979;0,19812831336198547;0,0001473542941017314;0,00010159599535963793;0,026880057330873605;0,026880057330873612;0,026880057330873612;0,9761080476075541;-0,20816196817555985;0,9764880069521595;-0,20472972575832757;2,688005733087361e-06
199;-0,22300128739489494;-0,10800088713262194;0,2230482600566652;0,10803327087697848;4,697266177025594e-05;3,2383744356531685e-05;0,01501501716409562;0,015015017164095618;0,01501501716409562;0,9527428017480521;-0,42038262192905573;0,9529596344275493;-0,4183779631728269;1,5015017164095618e-06
200;0,4072790734206752;0,19719240183687167;-0,407138312699093;-0,1970953624045241;0,00014076072158220043;9,703943234756762e-05;0,026200576987728586;0,026200576987728583;0,026200576987728586;0,9971310276824007;-0,025336329306150752;0,9967586687303185;-0,028629666414086465;2,6200576987728585e-06
201;-0,05210025768548316;-0,025000177660529862;0,05210297202693995;0,025002048986088668;2,714341456787339e-06;1,8713255588061195e-06;0,0034332397293308295;0,003433239729330828;0,0034332397293308295;0,9717900283420968;-0,5894480325250764;0,9718447956143009;-0,5889395620936926;3,4332397293308296e-07
202;0,0;0,0;0,0;0,0;0,0;0,0;;;;;;;;
203;0,0;0,0;0,0;0,0;0,0;0,0;;;;;;;;
204;-9,999999997883203e-05;-1,3974044684879995e-14;0,00010000000530690406;4,512401062909673e-12;5,328072035762528e-12;4,498427018224793e-12;5,894255996439366e-06;5,894255996439365e-06;5,894255996439366e-06;0,9795133930663706;-0,17822072033206235;0,9795134452555508;-0,17821814292337365;5,894255996439366e-10
205;0,0;0,0;0,0;0,0;0,0;0,0;;;;;;;;
206;0,00010000000943226106;6,543740577758333e-12;-0,00010000000003815911;-6,717651010372817e-14;9,39410195141023e-12;6,476564067654605e-12;5,853847855700382e-06;5,853847855700382e-06;5,853847855700382e-06;0,9862749047783967;-0,26746838692040104;0,9862748121267333;-0,2674720977179156;5,853847855700382e-10
207;0,0;0,0;0,0;0,0;0,0;0,0;;;;;;;;
208;-9,999999998621955e-05;-1,8086211396303785e-13;0,00010000000722685462;5,173037318496132e-12;7,240635066345369e-12;4,992175204533094e-12;6,0568631201674224e-06;6,056863120167423e-06;6,056863120167423e-06;0,9532166364923654;-0,41611507428361627;0,9532167055113046;-0,4161122139781324;6,056863120167423e-10
209;-0,30504705083096045;-0,1470324401326884;0,30516291112090416;0,1471123178723557;0,00011586028994370334;7,98777396673056e-05;0,019781995724072444;0,019781995724072448;0,019781995724072448;0,9883219029235231;-0,10393861262360947;0,9887277360846972;-0,10027707137975682;1,9781995724072447e-06
210;-0,41608287063592453;-0,20105713181942209;0,4162871320214434;0,2011979548229271;0,00020426138551887796;0,00014082300350501398;0,02845849870464327;0,028458498704643273;0,028458498704643273;0,937510374349411;-0,6222480379950657;0,9380077944890568;-0,6175483015629645;2,845849870464327e-06
211;0,22005138911874095;0,10603542768306251;-0,2200153646923058;-0,10601059231338807;3,602442643516057e-05;2,4835369674444663e-05;0,014798877905182136;0,01479887790518214;0,01479887790518214;0,9529596344275493;-0,4183779631728269;0,9527909649296717;-0,41995807670350455;1,4798877905182139e-06
212;0,2731399472261734;0,132096484852259;-0,273054653658684;-0,13203768129365678;8,529356748943062e-05;5,88035586022162e-05;0,018389799266412148;0,018389799266412148;0,018389799266412148;0,952545802705116;-0,42634472474577695;0,9522243581674813;-0,42932994568520033;1,8389799266412149e-06
213;0,3061224709597798;0,14808443388769982;-0,30605258519711026;-0,14803625439054663;6,98857626695304e-05;4,817949715318903e-05;0,020612212171242327;0,020612212171242324;0,020612212171242327;0,9525082535613946;-0,42690298772361146;0,9522732716500647;-0,42908349746530655;2,0612212171242327e-06
214;0,5155724401779388;0,24946177380654191;-0,5151389663466643;-0,2490958040413436;0,0004334738312744557;0,00036596976519831514;0,03473480948186896;0,03473480948186897;0,03473480948186897;0,9520108601843063;-0,4345852274077573;0,9510973695481693;-0,4486672031311027;3,4734809481868968e-06
215;0,11902467983975001;0,05801701530022108;-0,1190187443065905;-0,05801292357097919;5,935533159515116e-06;4,091729241893771e-06;0,007754812317419022;0,007754812317419023;0,007754812317419023;0,9858125006425061;-0,2715169763195874;0,985759430361359;-0,2719831846819949;7,754812317419023e-07
216;-0,04900000000061401;-0,023999999995408413;0,04900161448972054;0,024001113131536588;1,6144891065300593e-06;1,1131361281752072e-06;0,0032430169881190914;0,0032430169881190914;0,0032430169881190914;0,9713585478617558;-0,5640009713489385;0,9713930773497128;-0,5636969713318428;3,243016988119091e-07
217;-0,27311620359990196;-0,13201117395975281;0,2732920999784479;0,13213244705856617;0,00017589637854592555;0,00012127309881335147;0,017717982250107386;0,017717982250107386;0,017717982250107386;0,9884730526520864;-0,10252580885926718;0,9891610790709029;-0,0963650261492005;1,7717982250107386e-06
218;0,0;0,0;0,0;0,0;0,0;0,0;;;;;;;;
219;0,00010000001120302595;8,006652803664604e-12;-9,99999995595125e-05;2,1159490980310314e-14;1,1643513451032976e-11;8,027812294644914e-12;6,1582695031525184e-06;6,1582695031525184e-06;6,1582695031525184e-06;0,9375204082490595;-0,6223157526246493;0,9375202990887538;-0,6223203522217676;6,158269503152519e-10
220;0,0003000000438965304;3,112625801771291e-11;-0,00030000001395607114;-1,0483314842162908e-11;2,994045923731051e-11;2,064294317555e-11;1,8474807299172522e-05;1,8474807299172522e-05;1,8474807299172522e-05;0,9375205018150314;-0,6223118101136904;0,9375204082490595;-0,6223157526246493;1,8474807299172524e-09
221;0,00040000053541418355;3,699394484179053e-10;-0,0004000000430600031;-3,0477742621224876e-11;4,92354180429283e-10;3,3946170579668043e-10;2,4633075446292357e-05;2,4633075446292354e-05;2,4633075446292357e-05;0,9375216557956512;-0,6222631858765282;0,9375205018150314;-0,6223118101136904;2,4633075446292357e-09
222;0,0005000005971913248;4,132245963329369e-10;-0,0005000005348154065;-3,702184911691996e-10;6,237591834105244e-11;4,300610516373726e-11;3,079133602793626e-05;3,079133602793626e-05;3,079133602793626e-05;0,9375217727531379;-0,6222582577510685;0,9375216557956512;-0,6222631858765282;3,079133602793626e-09
223;0,000600000970883909;6,713764128169459e-10;-0,0006000005966080693;-4,13339885173389e-10;3,7427583970441047e-10;2,5803652764355695e-10;3,694959584228255e-05;3,694959584228255e-05;3,694959584228255e-05;0,937522357572502;-0,6222336171422385;0,9375217727531379;-0,6222582577510685;3,694959584228255e-09
224;0,2661690872168172;0,12904763120756085;-0,2661327393492523;-0,12902257057110023;3,634786756490094e-05;2,5060636460627617e-05;0,018206864097708313;0,018206864097708306;0,018206864097708313;0,9380077944890568;-0,6175483015629645;0,9378694112261934;-0,6188448684264135;1,8206864097708312e-06
225;0,39357661933328275;0,19032860051349912;-0,3933098025672733;-0,19014464648581186;0,0002668167660094256;0,00018395402768725533;0,026366939984369436;0,026366939984369436;0,026366939984369436;0,9572850295845438;-0,3806787315571231;0,9565837060410816;-0,38716382084086187;2,6366939984369434e-06
226;0,1030187443069205;0,050012923571269095;-0,10300000000016668;-0,04999999999999149;1,8744306753817885e-05;1,2923571277606571e-05;0,006707158587761791;0,00670715858776179;0,006707158587761791;0,985759430361359;-0,2719831846819949;0,9855656968141553;-0,2737045279068386;6,707158587761791e-07
227;0,0;0,0;0,0;0,0;0,0;0,0;;;;;;;;
228;0,0;0,0;0,0;0,0;0,0;0,0;;;;;;;;
229;0,34820855001005446;0,16914378227299032;-0,3480948263405588;-0,1690653792593769;0,00011372366949563562;7,840301361342061e-05;0,023363003813363065;0,023363003813363068;0,023363003813363068;0,9566472721957667;-0,3865532592881437;0,9563098274922119;-0,38963783289690596;2,336300381336307e-06
230;-0,3914015900722257;-0,1892079328520427;0,3915537601813255;0,18933639084500448;0,00015217010909979178;0,00012845799296176685;0,026354416084545668;0,026354416084545678;0,026354416084545678;0,9523815104424574;-0,428859349796573;0,9528041279825072;-0,42234826769881423;2,635441608454568e-06
231;-0,16400296008015608;-0,07900242799637837;0,16401929987623037;0,07901622278356477;1,6339796074293922e-05;1,3794787186396928e-05;0,010794892819513917;0,010794892819513915;0,010794892819513917;0,9736133226668197;-0,24845388063887483;0,9737240747964622;-0,2467743568611763;1,0794892819513918e-06
232;0,018000855777645135;0,009000590013559658;-0,018000000007859004;-0,008999999959006112;8,55769786131666e-07;5,900545535456742e-07;0,0012157987602579197;0,00121579876025792;0,00121579876025792;0,9557127940302078;-0,4529501186762681;0,9556639151064114;-0,4533630592112212;1,2157987602579198e-07
233;0,30913588597275643;0,14909367954636968;-0,3090949981697031;-0,1490654930608606;4,08878030533355e-05;2,8186485509090753e-05;0,02035346298432291;0,020353462984322907;0,02035346298432291;0,973559503708574;-0,5442159342869254;0,9734203032606495;-0,5454892092192722;2,035346298432291e-06
234;-0,31614020000964704;-0,15302771491037223;0,3161819075380897;0,153056466483171;4,170752844268044e-05;2,875157279877416e-05;0,02055647531145326;0,020556475311453264;0,020556475311453264;0,9864648430909702;-0,27859622502459164;0,9866054634554868;-0,2773390767960879;2,0556475311453263e-06
235;0,3211556537016671;0,15510731731191194;-0,3210673621030279;-0,1550464432138078;8,829159863921188e-05;6,0874098104124474e-05;0,0211504260252083;0,0211504260252083;0,0211504260252083;0,973559503708574;-0,5442159342869254;0,97327021067811;-0,5468542263311823;2,1150426025208302e-06
236;0,24405258517959924;0,11803625450333342;-0,24402296297433884;-0,11801583098561624;2,9622205260398937e-05;2,0423517717180206e-05;0,01643631195725538;0,016436311957255385;0,016436311957255385;0,9522732716500647;-0,42908349746530655;0,9521483640487571;-0,43024362422515733;1,6436311957255386e-06
237;0,0;0,0;0,0;0,0;0,0;0,0;;;;;;;;
238;0,3634349551628188;0,17523093010539684;-0,3633582794239344;-0,1751780647532795;7,667573888442414e-05;5,286535211734833e-05;0,024139820912222977;0,024139820912222977;0,024139820912222977;0,9649844569531375;-0,6516698567481879;0,9647643582597808;-0,6537036453248565;2,413982091222298e-06
239;-0,365143119111191;-0,17702972638172254;0,36532129734509566;0,17715257735784024;0,0001781782339046467;0,00012285097611769435;0,02430871831339803;0,02430871831339803;0,02430871831339803;0,9637918819378827;-0,6625411628858824;0,9642999687912662;-0,6579105950575392;2,4308718313398032e-06
240;0,0;0,0;0,0;0,0;0,0;0,0;;;;;;;;
241;0,0;0,0;0,0;0,0;0,0;0,0;;;;;;;;
242;0,1880546536348824;0,09103768144771615;-0,18800890370809403;-0,09100613840653783;4,574992678837986e-05;3,154304117831963e-05;0,012667887845656233;0,012667887845656233;0,012667887845656233;0,9522243581674813;-0,42932994568520033;0,9519740437523286;-0,43164962450717714;1,2667887845656235e-06
243;0,2710949981695938;0,13106549306350576;-0,2710215466221822;-0,13101485398209584;7,345154741161819e-05;5,063908140992557e-05;0,01785962617828472;0,01785962617828472;0,01785962617828472;0,9734203032606495;-0,5454892092192722;0,9731352759100949;-0,5480814591352409;1,785962617828472e-06
244;0,11801536466078547;0,05701059249454942;-0,1180008399295143;-0,05700057883145839;1,4524731271170488e-05;1,001366309102969e-05;0,007941927947316182;0,00794192794731618;0,007941927947316182;0,9527909649296717;-0,41995807670350455;0,9526642231663294;-0,4211379903296053;7,941927947316181e-07
245;-0,3312705525764208;-0,16011758693201364;0,3314015900406109;0,16020793287175622;0,0001310374641901313;9,034593974258098e-05;0,022314532941906;0,022314532941906;0,022314532941906;0,9519745335641997;-0,43264459021716084;0,9523815104424574;-0,428859349796573;2,2314532941905997e-06
246;0,31630980256502617;0,15314464653943446;-0,3161371346704303;-0,15302560246608687;0,00017266789459585707;0,0001190440733475906;0,02121089379717447;0,02121089379717448;0,02121089379717448;0,9565837060410816;-0,38716382084086187;0,9560194847056529;-0,39236812897695567;2,121089379717448e-06
247;0,18201558003688503;0,08801073985335718;-0,18200536969721975;-0,08800370165805395;1,0210339665278623e-05;7,038195303232797e-06;0,0122554571217348;0,0122554571217348;0,0122554571217348;0,9524489879462655;-0,4829204746499056;0,9523912505041673;-0,4834565803346649;1,2255457121734802e-06
248;-0,25800248120682995;-0,12500171064844176;0,25803874875820315;0,12502671739692608;3,626755137320359e-05;2,500674848432416e-05;0,016959724576144457;0,01695972457614446;0,01695972457614446;0,9759598199909817;-0,20949902494541459;0,9761080476075541;-0,20816196817555985;1,695972457614446e-06
249;0,32135827942303363;0,15517806476034393;-0,32125325359729445;-0,1551056576902798;0,00010502582573918007;7,240707006411773e-05;0,021356001465381396;0,0213560014653814;0,0213560014653814;0,9647643582597808;-0,6537036453248565;0,9644235564365581;-0,6568409863346112;2,13560014653814e-06
250;0,0;0,0;0,0;0,0;0,0;0,0;;;;;;;;
251;-0,16010101548021288;-0,07800070006620563;0,16011620359969592;0,0780111739596328;1,518811948303389e-05;1,0473893427176417e-05;0,010403063907160467;0,010403063907160467;0,010403063907160467;0,9883718170676904;-0,10341487206786636;0,9884730526520864;-0,10252580885926718;1,0403063907160466e-06
252;0,39313896629343353;0,19009580415183105;-0,39300796975394514;-0,19000549369557612;0,00013099653948839274;9,031045625493284e-05;0,026508408817887588;0,026508408817887585;0,026508408817887588;0,9510973695481693;-0,4486672031311027;0,9507548891588145;-0,45185400914546375;2,650840881788759e-06
253;0,30211186719889394;0,14607712965348232;-0,30204363494000747;-0,14603008579783422;6,823225888646922e-05;4,704385564810454e-05;0,01972107411594887;0,01972107411594887;0,01972107411594887;0,9824206783439438;-0,30585436828493956;0,982180890401994;-0,30801491266377146;1,972107411594887e-06
254;0,0;0,0;0,0;0,0;0,0;0,0;;;;;;;;
255;0,23604370759690027;0,11403013266133505;-0,23601667234912727;-0,114011493978269;2,7035247773005144e-05;1,8638683066049544e-05;0,015323291539946642;0,015323291539946642;0,015323291539946642;0,987705138612159;-0,2586245984716667;0,9875828695621609;-0,25972255928361837;1,5323291539946643e-06
256;0,24406736210205332;0,11804644321993225;-0,2440163112432154;-0,11801124536377039;5,105085883791438e-05;3,519785616186433e-05;0,016082773875601503;0,016082773875601503;0,016082773875601503;0,97327021067811;-0,5468542263311823;0,9730502129783319;-0,548853514898082;1,6082773875601502e-06
257;-0,029000076244891877;-0,014000052519760312;0,0290012873307834;0,014000887483505146;1,211085891524022e-06;8,349637448338415e-07;0,001951524071013207;0,0019515240710132075;0,0019515240710132075;0,95269979623719;-0,42078365797939127;0,9527428017480521;-0,42038262192905573;1,9515240710132072e-07
258;0,2260948263251664;0,11006537935634034;-0,2260139566530479;-0,11000962242782089;8,086967211848317e-05;5,5756928519445914e-05;0,015181459802137483;0,015181459802137481;0,015181459802137483;0,9563098274922119;-0,38963783289690596;0,9559404956607782;-0,392996602041744;1,5181459802137484e-06
259;0,07701122112438773;0,03700773569832879;-0,07700000008683952;-0,03699999945505023;1,1221037548206358e-05;7,736243278558264e-06;0,00525900155713835;0,00525900155713835;0,00525900155713835;0,9380077944890568;-0,6175483015629645;0,937859975121234;-0,6189652604511463;5,259001557138351e-07
260;0,0;0,0;0,0;0,0;0,0;0,0;;;;;;;;
261;0,0;0,0;0,0;0,0;0,0;0,0;;;;;;;;
262;0,1680122335448328;0,08200843333861306;-0,16800356837508346;-0,08200245899449038;8,665169749344503e-06;5,974344122680608e-06;0,011476477095081249;0,011476477095081249;0,011476477095081249;0,9405374100267719;-0,5935945471010773;0,9404850519532919;-0,5940750987240042;1,1476477095081249e-06
263;0,1541484371298396;0,07403339453532964;-0,15413091722250596;-0,07402131624794663;1,751990733364628e-05;1,207828738301886e-05;0,01032039101728747;0,01032039101728747;0,01032039101728747;0,9566472721957667;-0,3865532592881437;0,9565296697692831;-0,3876600015393317;1,032039101728747e-06
264;0,14502744629718528;0,07001892067144652;-0,14500695330186938;-0,07000479245523737;2,04929953158961e-05;1,4128216209149946e-05;0,009917585837067667;0,00991758583706767;0,00991758583706767;0,937522357572502;-0,6222336171422385;0,9373791648548283;-0,6235904260009549;9,91758583706767e-07
265;0,15403091722321544;0,07402131624710236;-0,15400758409761986;-0,07400522883903099;2,3333125595575988e-05;1,6087408071366327e-05;0,010314950389128138;0,010314950389128136;0,010314950389128138;0,9565296697692831;-0,3876600015393317;0,9563729542525473;-0,38913323355586016;1,0314950389128137e-06
266;-0,2240353726139016;-0,10802438691162386;0,22420837235798158;0,10814366443695396;0,00017299974407997132;0,00011927752533009983;0,015013065947694556;0,015013065947694557;0,015013065947694557;0,9564865267229807;-0,38811379638703253;0,9572850295845438;-0,3806787315571231;1,5013065947694559e-06
267;-0,14400379388106518;-0,07000261459714786;0,14402510697161772;0,07001730925875996;2,131309055253272e-05;1,4694661612094095e-05;0,009858342427819482;0,009858342427819486;0,009858342427819486;0,9377195280816221;-0,6202394465199004;0,9378694112261934;-0,6188448684264135;9,858342427819485e-07
268;-0,19410000000777802;-0,09400000000531303;0,19414020000981133;0,0940277149109613;4,02000020333082e-05;2,7714905648276722e-05;0,012625014525375905;0,012625014525375906;0,012625014525375906;0,9862441443449853;-0,2805676100807879;0,9864648430909702;-0,27859622502459164;1,2625014525375906e-06
269;0,19402807936152738;0,094019359778595;-0,19399999999992024;-0,09399999999986725;2,8079361607147302e-05;1,9359778727759402e-05;0,012651129623558442;0,012651129623558443;0,012651129623558443;0,983951422469875;-0,2977133951119749;0,9837975775299598;-0,2990895227305698;1,2651129623558442e-06
270;-0,09300608628204605;-0,04500419647516964;0,09301371736945688;0,04500945767323702;7,631087410822635e-06;5,261198067374462e-06;0,006036341029947622;0,00603634102994762;0,006036341029947622;0,9882342838627401;-0,10472155252192329;0,9883219029235231;-0,10393861262360947;6,036341029947622e-07
271;0,04200296007588133;0,02000242801137407;-0,042000459002889165;-0,020000316460978627;2,5010729921629005e-06;2,1115503954435844e-06;0,0027587744018661045;0,0027587744018661045;0,0027587744018661045;0,9736133226668197;-0,24845388063887483;0,9735470662433213;-0,249477481081534;2,7587744018661045e-07
272;0,24604363493981843;0,1190300857981564;-0,24601136531752177;-0,11900783702809202;3,226962229666008e-05;2,2248770064375867e-05;0,016066621532448283;0,016066621532448283;0,016066621532448283;0,982180890401994;-0,30801491266377146;0,9820416864151025;-0,3092676121807128;1,6066621532448286e-06
273;0,0;0,0;0,0;0,0;0,0;0,0;;;;;;;;
274;0,12202296293388368;0,05901583121364741;-0,12200000004214481;-0,05899999976803238;2,2962891738864677e-05;1,583144561503186e-05;0,008218991702611766;0,008218991702611766;0,008218991702611766;0,9521483640487571;-0,43024362422515733;0,9519547314732006;-0,4320422359089187;8,218991702611767e-07
275;0,18679689094649593;0,09006680524783248;-0,18676082134198538;-0,09004193353926203;3,606960451055241e-05;2,487170857044807e-05;0,012011835388891293;0,012011835388891294;0,012011835388891294;0,9967586687303185;-0,028629666414086465;0,996550584549565;-0,030491658730957227;1,2011835388891295e-06
276;0,27109586274189695;0,13106992586721108;-0,2710247733118312;-0,13102091208779504;7,108943006572943e-05;4,901377941604612e-05;0,01800458852010086;0,018004588520100857;0,01800458852010086;0,9655915795478117;-0,6461119250082284;0,9653179344269709;-0,6486211170734922;1,800458852010086e-06
277;0,24425325359532662;0,1181056577053338;-0,24419829125988776;-0,11806776574535088;5,4962335438862864e-05;3,789195998291084e-05;0,016241862770566252;0,01624186277056625;0,016241862770566252;0,9644235564365581;-0,6568409863346112;0,9641890306245392;-0,6589928640736646;1,6241862770566254e-06
278;0,2440982912609977;0,1180677657443219;-0,24402602164474702;-0,11801794099247473;7,22696162506753e-05;4,982475184717172e-05;0,01623647208128687;0,016236472081286875;0,016236472081286875;0,9641890306245392;-0,6589928640736646;0,9638805448728132;-0,6618221082027295;1,6236472081286875e-06
279;-0,17300880812972802;-0,0840060712065325;0,17304728333871866;0,08403259712212026;3,8475208990640386e-05;2,6525915587757853e-05;0,011846888187350057;0,011846888187350057;0,011846888187350057;0,9372852349180273;-0,6243496177530817;0,937510374349411;-0,6222480379950657;1,1846888187350056e-06
280;0,08300890367275474;0,040006138605500195;-0,08300000002887437;-0,03999999984145682;8,903643880370238e-06;6,138764043372991e-06;0,005588469674399489;0,005588469674399489;0,005588469674399489;0,9519740437523286;-0,43164962450717714;0,95186364658761;-0,4326846733792161;5,588469674399489e-07
281;0,1816607983945582;0,08804191771771142;-0,18164069963393187;-0,08802806032395168;2,0098760626335865e-05;1,3857393759739156e-05;0,011695387645974605;0,011695387645974605;0,011695387645974605;0,996550584549565;-0,030491658730957227;0,9964314646079582;-0,03154317902571475;1,1695387645974606e-06
282;0,17924042636842533;0,0870278709440405;-0,1792243586110219;-0,08701679414137398;1,6067757403426253e-05;1,1076802666529217e-05;0,011541173478640235;0,011541173478640235;0,011541173478640235;0,9967586687303185;-0,028629666414086465;0,9966621593187106;-0,029476995163815925;1,1541173478640236e-06
283;0,02000078541352557;0,010000541454349476;-0,020000000007538214;-0,009999999962238377;7,854059873579899e-07;5,414921110998699e-07;0,0013551983545040658;0,0013551983545040654;0,0013551983545040658;0,9526642231663294;-0,4211379903296053;0,9526239785190084;-0,42147897546711993;1,355198354504066e-07
284;0,32850334111953866;0,1581401933769905;-0,32844359940149553;-0,15809900346468714;5,9741718043127e-05;4,118991230336877e-05;0,02130806009143626;0,02130806009143625;0,02130806009143626;0,9878594177803937;-0,10801244871271186;0,9876651566377043;-0,10977295126070853;2,130806009143626e-06
285;0,17403392211172902;0,08502559113332916;-0,17401971407698769;-0,0850135934967618;1,4208034741336473e-05;1,1997636567367964e-05;0,011389389917654685;0,011389389917654685;0,011389389917654685;0,981869733077843;-0,1892439993684376;0,9817783228769927;-0,19058797298063568;1,1389389917654684e-06
286;-0,24310000002368895;-0,11799999995530518;0,24314311910674044;0,11802972640687094;4,311908305149048e-05;2,97264515657647e-05;0,016190676973543167;0,016190676973543167;0,016190676973543167;0,963607267174019;-0,6642187568023987;0,9637918819378827;-0,6625411628858824;1,6190676973543165e-06
287;0,0;0,0;0,0;0,0;0,0;0,0;;;;;;;;
288;0,17203232634630175;0,08202228586937756;-0,17201038993585394;-0,08200716335158884;2,1936410447814803e-05;1,512251778872098e-05;0,011146766938665717;0,011146766938665719;0,011146766938665719;0,9871427771488374;-0,11458545913133213;0,9870065078767405;-0,11585116709356713;1,1146766938665718e-06
289;0,1700201912545915;0,08201392303849439;-0,17001034105480825;-0,08200712979726453;9,85019978325119e-06;6,793241229860469e-06;0,011093510008511796;0,011093510008511798;0,011093510008511798;0,9824206783439438;-0,30585436828493956;0,9823591447215385;-0,30641257311797765;1,1093510008511799e-06
290;0,02100045900190481;0,010000316463294714;-0,021000000000537932;-0,009999999997236017;4,5900136687662685e-07;3,164660586970486e-07;0,0013794035235070964;0,0013794035235070964;0,0013794035235070964;0,9735470662433213;-0,249477481081534;0,9735240261269613;-0,24969519709145324;1,3794035235070963e-07
291;-0,22616620099745793;-0,1090456426271419;0,22627055254934475;0,1091175871242789;0,00010435155188681655;7,19444971369887e-05;0,015235122991544144;0,015235122991544147;0,015235122991544147;0,9514999130777321;-0,4370887661989651;0,9519745335641997;-0,43264459021716084;1,5235122991544147e-06
292;-0,22601024952283952;-0,10900706594912825;0,22606620100469607;0,10904564262061346;5,595148185655319e-05;3,8576671485213154e-05;0,015229657555161768;0,015229657555161763;0,015229657555161768;0,9512453319157113;-0,4394719497352333;0,9514999130777321;-0,4370887661989651;1,5229657555161766e-06
293;0,1490215466192882;0,07201485399185331;-0,14900780055139248;-0,0720053775359555;1,3746067895725744e-05;9,476455897813874e-06;0,009819523164756481;0,009819523164756481;0,009819523164756481;0,9731352759100949;-0,5480814591352409;0,9730382626839462;-0,5489647685495329;9,81952316475648e-07
294;0,0;0,0;0,0;0,0;0,0;0,0;;;;;;;;
295;-0,19412786071634758;-0,09401920678811657;0,1941567072835282;0,09403909371570048;2,884656718063483e-05;1,9886927583909197e-05;0,013242723729685352;0,013242723729685352;0,013242723729685352;0,9403864297158075;-0,5950086662002801;0,9405374100267719;-0,5935945471010773;1,324272372968535e-06
296;-0,1940000001993081;-0,09399999879056183;0,1940278607234783;0,09401920678213123;2,786052417019791e-05;1,9207991569403227e-05;0,013237198436750851;0,01323719843675085;0,013237198436750851;0,9402405438022964;-0,5963738539528955;0,9403864297158075;-0,5950086662002801;1,323719843675085e-06
297;0,15501667234917157;0,07501149397776544;-0,15499999999993322;-0,07499999999999399;1,667234923835581e-05;1,149397777144845e-05;0,010067662522776357;0,010067662522776357;0,010067662522776357;0,9875828695621609;-0,25972255928361837;0,9874680945562037;-0,26074881777586256;1,0067662522776356e-06
298;0,15402013933028905;0,07401621796536605;-0,15400507130412353;-0,07400349621244544;1,5068026165521164e-05;1,2721752920608065e-05;0,00991224739627447;0,009912247396274472;0,009912247396274472;0,9953209740642333;-0,04093416034092756;0,9952097736738014;-0,04259064550956477;9,912247396274473e-07
299;0,15229722871297788;0,07406703443204941;-0,15221765979721488;-0,07401217433144129;7,95689157629953e-05;5,486010060812285e-05;0,009902652568859829;0,00990265256885983;0,00990265256885983;0,9873706565283646;-0,25772512190923025;0,9868135861680248;-0,2626455375800855;9,902652568859832e-07
300;-0,03410008106490836;-0,017000055918048023;0,03410101548114094;0,017000700066282792;9,344162325772287e-07;6,441482347692429e-07;0,002225808669449353;0,0022258086694493524;0,002225808669449353;0,988342670745651;-0,1036548263235013;0,9883718170676904;-0,10341487206786636;2,2258086694493528e-07
301;0,2021811459944729;0,09805594396402739;-0,20217560700189444;-0,09805212675492135;5,538992578463242e-06;3,8172091060412194e-06;0,012973329557508208;0,012973329557508208;0,012973329557508208;1,0;0,0;0,9999704077091732;-0,00025945199633370104;1,2973329557508209e-06
302;0,2020756070021373;0,09805212675466503;-0,2019999999999538;-0,0979999999999233;7,560700218350869e-05;5,212675474172701e-05;0,012968134847683669;0,012968134847683667;0,012968134847683669;0,9999704077091732;-0,00025945199633370104;0,9995662597006932;-0,003804471746170219;1,296813484768367e-06
303;-0,13810030036311696;-0,06700020713265598;0,13812025687942794;0,06701396649832077;1,995651631098161e-05;1,3759365664792189e-05;0,008974116738201308;0,008974116738201308;0,008974116738201308;0,9875110036774354;-0,11114205944254876;0,9876651566377043;-0,10977295126070853;8,974116738201307e-07
304;0,1492143572819095;0,07201204806135492;-0,149200467774844;-0,07200032256113029;1,3889507065489859e-05;1,1725500224629704e-05;0,009742308799251122;0,009742308799251122;0,009742308799251122;0,981869733077843;-0,1892439993684376;0,9817654005354178;-0,1908083364618782;9,742308799251123e-07
305;0,0;0,0;0,0;0,0;0,0;0,0;;;;;;;;
306;0,0;0,0;0,0;0,0;0,0;0,0;;;;;;;;
307;0,0;0,0;0,0;0,0;0,0;0,0;;;;;;;;
308;-0,12200000014297824;-0,05899999912723789;0,12200763238775077;0,05900526130420826;7,632244772529106e-06;5,262176970367849e-06;0,008342991998145028;0,008342991998145028;0,008342991998145028;0,937806008937055;-0,6194428479223434;0,9378694112261934;-0,6188448684264135;8,342991998145027e-07
309;0,06000317646505484;0,02800233556476059;-0,060000941808665026;-0,028000795006188812;2,2346563898142935e-06;1,540558571776901e-06;0,003959191728495902;0,003959191728495902;0,003959191728495902;0,9655915795478117;-0,6461119250082284;0,9655525495337163;-0,6465021810121743;3,959191728495902e-07
310;0,14201971407728897;0,0690135934967103;-0,14200610051166326;-0,06900420652546661;1,361356562570859e-05;9,386971243682818e-06;0,009285571367330658;0,009285571367330657;0,009285571367330658;0,9817783228769927;-0,19058797298063568;0,9816766809012601;-0,1914926063693469;9,285571367330659e-07
311;0,060005369637883804;0,029003701997384477;-0,06000000002939012;-0,02899999983229445;5,369608493684119e-06;3,7021650900262437e-06;0,004040232571640668;0,004040232571640668;0,004040232571640668;0,9523912505041673;-0,4834565803346649;0,9522991427857468;-0,4843133056045156;4,0402325716406684e-07
312;0,13901034105548532;0,06700712979726511;-0,1390000582369564;-0,0670000401554044;1,0282818528911664e-05;7,0896418607191425e-06;0,009069507580568435;0,009069507580568436;0,009069507580568436;0,9823591447215385;-0,30641257311797765;0,9822805821274898;-0,3071260328594288;9,069507580568437e-07
313;0,0;0,0;0,0;0,0;0,0;0,0;;;;;;;;
314;0,13211773603113147;0,06401222758757934;-0,13210000012974354;-0,06399999927800407;1,7735901387927466e-05;1,2228309575271212e-05;0,008993056395259097;0,008993056395259096;0,008993056395259097;0,9425024967276278;-0,5751314976060238;0,942365796816893;-0,5764084154714338;8,993056395259097e-07
315;0,12200780055149787;0,059005377538101304;-0,12200000000225375;-0,05899999998960474;7,800549244124655e-06;5,377548496561524e-06;0,008041460398228903;0,008041460398228905;0,008041460398228905;0,9730382626839462;-0,5489647685495329;0,9729710345224768;-0,5495756790855432;8,041460398228906e-07
316;0,13111757857538667;0,06401211833151013;-0,13110239532219953;-0,06400165074097591;1,5183253187139867e-05;1,0467590534218862e-05;0,008536614398899366;0,008536614398899366;0,008536614398899366;0,9868135861680248;-0,2626455375800855;0,9866902498156623;-0,2637237285320673;8,536614398899367e-07
317;0,13100239532266014;0,06400165074199084;-0,1309999999997667;-0,06399999999986919;2,3953228934503468e-06;1,6507421216477303e-06;0,00853135652540899;0,00853135652540899;0,00853135652540899;0,9866902498156623;-0,2637237285320673;0,9866707812100908;-0,2638933903209236;8,53135652540899e-07
318;0,15203333346116762;0,07302298245962703;-0,1520104488320905;-0,07300720377289507;2,288462907712452e-05;1,5778686731957037e-05;0,009852700903690621;0,00985270090369062;0,009852700903690621;0,9883219029235231;-0,10393861262360947;0,9881609924700262;-0,10540472157654115;9,85270090369062e-07
319;0,12912253609547447;0,06301553773642199;-0,12910764780591155;-0,06300527346197318;1,4888289562919876e-05;1,0264274448806843e-05;0,00832307843698891;0,008323078436988911;0,008323078436988911;0,9966621593187106;-0,029476995163815925;0,9965381187066739;-0,0305516698898343;8,323078436988912e-07
320;0,12843701004809685;0,06202551641180723;-0,1284257020574004;-0,06201772027036859;1,1307990696457493e-05;7,796141438642934e-06;0,008264220512561118;0,008264220512561118;0,008264220512561118;0,9964314646079582;-0,03154317902571475;0,9963366412404956;-0,03238799613778512;8,264220512561117e-07
321;-0,04000058259587376;-0,01900040171753556;0,040002034475401065;0,019001402806224414;1,4518795273046892e-06;1,001088688855345e-06;0,0025859812819820295;0,002585981281982029;0,0025859812819820295;0,9886888667870891;-0,10064103408977815;0,9887277360846972;-0,10027707137975682;2,5859812819820294e-07
322;0,12602331462681338;0,06101607465263991;-0,12600000000009245;-0,060999999998922624;2,331462672092166e-05;1,6074653717286502e-05;0,008151451072378005;0,008151451072378005;0,008151451072378005;0,9917131377291752;-0,07073847432424198;0,9915148951545103;-0,07250173989765939;8,151451072378006e-07
323;0,1260125966442513;0,06101063487159996;-0,1260000000000566;-0,0609999999998618;1,259664419470119e-05;1,0634871738163243e-05;0,008214890907971003;0,008214890907971005;0,008214890907971005;0,9839701331867731;-0,15782290471969446;0,9838578802751267;-0,1594938976220702;8,214890907971005e-07
324;0,1260113653172952;0,0610078370285479;-0,12600000000000824;-0,06100000000003241;1,1365317286959886e-05;7,837028515492173e-06;0,00823088575132544;0,008230885751325438;0,00823088575132544;0,9820416864151025;-0,3092676121807128;0,9819459775769618;-0,3101276265028084;8,23088575132544e-07
325;0,059003292209266395;0,029002269792112914;-0,05899999999991693;-0,028999999999840227;3,2922093494633375e-06;2,269792272687615e-06;0,0038269715028115825;0,003826971502811584;0,003826971502811584;0,9918652095359928;-0,09155213623939372;0,9918055303578681;-0,09206174467952227;3,826971502811584e-07
326;0,07700758408588718;0,037005228901274716;-0,07700000001225422;-0,036999999936690585;7,584073632951882e-06;5,228964584130802e-06;0,00515774988965107;0,005157749889651071;0,005157749889651071;0,9563729542525473;-0,38913323355586016;0,9562710839467237;-0,3900910933119757;5,157749889651071e-07
327;0,03800094180815911;0,018000795010388003;-0,03800000000149648;-0,017999999993567675;9,418066626298849e-07;7,950168203277319e-07;0,0025142988356448123;0,002514298835644812;0,0025142988356448123;0,9655525495337163;-0,6465021810121743;0,9655251898889491;-0,6469318262342905;2,5142988356448125e-07
328;-0,14700447881236237;-0,07100308773959728;0,14703537260610164;0,07102438697022433;3,089379373927281e-05;2,129923062704764e-05;0,00985648490982489;0,00985648490982489;0,00985648490982489;0,956269313468528;-0,3901288296394941;0,9564865267229807;-0,38811379638703253;9,856484909824888e-07
329;0,12201037196065734;0,05900715046701181;-0,12199999999990457;-0,058999999999814035;1,0371960752764142e-05;7,150467197777899e-06;0,007940734619317932;0,00794073461931793;0,007940734619317932;0,9854033974123665;-0,30351357554460084;0,9853128731738016;-0,3043259413786685;7,940734619317931e-07
330;0,11500746745834824;0,05600514911870374;-0,11499999999995755;-0,05599999999966783;7,4674583906836345e-06;5,149119035909033e-06;0,007411068504823803;0,0074110685048238015;0,007411068504823803;0,9965381187066739;-0,0305516698898343;0,9964682539058056;-0,031160868981767696;7,411068504823803e-07
331;0,12201631124146681;0,05901124537367902;-0,12200000000197453;-0,058999999989582746;1,6311239492278196e-05;1,1245384096275624e-05;0,008041967823258708;0,00804196782325871;0,00804196782325871;0,9730502129783319;-0,548853514898082;0,9729096428479379;-0,5501311329773146;8,041967823258711e-07
332;-0,05800000006782185;-0,02799999958241003;0,058003793779283615;0,0280026152193139;3,793711461766436e-06;2,615636903867402e-06;0,003965669251342145;0,003965669251342145;0,003965669251342145;0,9376532337945309;-0,6208676531088715;0,9377195280816221;-0,6202394465199004;3,9656692513421446e-07
333;0,10932540911347738;0,053017518295112594;-0,10931584217252874;-0,05301092271247507;9,566940948640967e-06;6,595582637526631e-06;0,007040753562601951;0,007040753562601952;0,007040753562601952;0,9963366412404956;-0,03238799613778512;0,9962424539979475;-0,033218037593475504;7,040753562601952e-07
334;0,1940247733109133;0,09402091210540697;-0,19400000000940273;-0,09399999996687851;2,477330151057222e-05;2,0912138528464408e-05;0,012895196346229272;0,012895196346229272;0,012895196346229272;0,9653179344269709;-0,6486211170734922;0,9651772909976603;-0,650751600730036;1,2895196346229273e-06
335;-0,020999999999914715;-0,009999999999777591;0,02100058259582998;0,010000401717538656;5,825959152640225e-07;4,0171776106469326e-07;0,0013582865725865214;0,0013582865725865214;0,0013582865725865214;0,9886591673594757;-0,10091745555776488;0,9886888667870891;-0,10064103408977815;1,3582865725865212e-07
336;-0,18613232635707863;-0,08902228587717012;0,18622334251761563;0,08908503696337311;9,101616053699968e-05;6,275108620298897e-05;0,012067360812575941;0,012067360812575941;0,012067360812575941;0,9871427771488374;-0,11458545913133213;0,9876651566377043;-0,10977295126070853;1,206736081257594e-06
337;0,10310485418038388;0,05000409799137983;-0,10310000001359075;-0,0499999999943639;4,854166793133441e-06;4,097997015929666e-06;0,006794424998598935;0,006794424998598934;0,006794424998598935;0,9737240747964622;-0,2467743568611763;0,9736717659582398;-0,24755891558214105;6,794424998598935e-07
338;0,10100466365628001;0,04900321586583853;-0,10099999999953466;-0,04899999999979691;4,663656745354516e-06;3,215866041621218e-06;0,006587791884310142;0,006587791884310143;0,006587791884310143;0,983877212768618;-0,29270719156243724;0,9838281379084987;-0,293144927713235;6,587791884310143e-07
339;0,10100071524197746;0,04900049336299136;-0,10100000000044126;-0,04900000000295361;7,152415361921793e-07;4,933600377468594e-07;0,0065959211765493206;0,006595921176549318;0,0065959211765493206;0,9826231143783598;-0,3039021059230784;0,982615596687119;-0,30396931509747965;6,595921176549321e-07
340;0,0;0,0;0,0;0,0;0,0;0,0;;;;;;;;
341;0,09921576713353814;0,04801087097384677;-0,09920749002034095;-0,04800516439269839;8,277113197188712e-06;5,706581148380574e-06;0,006387651838747216;0,006387651838747216;0,006387651838747216;0,9962424539979475;-0,033218037593475504;0,9961526442597428;-0,034014157191431714;6,387651838747215e-07
342;0,0051000581151513106;0,0020000400644128503;-0,005100041018016802;-0,0020000282770676627;1,709713450849526e-08;1,1787345187593001e-08;0,00032791637326274844;0,00032791637326274844;0,00032791637326274844;0,9645277278300479;-0,31214163684447205;0,9645241676990175;-0,3121911251179445;3,279163732627484e-08
343;0,10401395663490241;0,05100962252932963;-0,10400000001800633;-0,050999999909746026;1,3956616896085294e-05;9,622619583607439e-06;0,006996793986302371;0,006996793986302371;0,006996793986302371;0,9559404956607782;-0,392996602041744;0,9558021337476417;-0,39423041565255756;6,99679398630237e-07
344;0,0;0,0;0,0;0,0;0,0;0,0;;;;;;;;
345;-0,07700000009015527;-0,0369999994337422;0,07700880801549648;0,03700607191660951;8,807925341206002e-06;6,072482867311435e-06;0,005262877390880478;0,00526287739088048;0,00526287739088048;0,9371692902682027;-0,6254618563481321;0,9372852349180273;-0,6243496177530817;5,26287739088048e-07
346;0,04900356825184957;0,024002459731725965;-0,04900000005224722;-0,023999999693735962;3,568199602350941e-06;2,4600379900027725e-06;0,0033497393132191785;0,0033497393132191793;0,0033497393132191793;0,9404850519532919;-0,5940750987240042;0,940411170163262;-0,5947468341032534;3,3497393132191795e-07
347;0,0;0,0;0,0;0,0;0,0;0,0;;;;;;;;
348;0,00010000000549153434;3,94939719291791e-12;-0,0001000000003207591;-3,8398159319649183e-13;5,1707752391893375e-12;3,565415599721418e-12;5,845607663841061e-06;5,8456076638410605e-06;5,845607663841061e-06;0,9876651566377043;-0,10977295126070853;0,987665105567761;-0,1097749940932457;5,845607663841061e-10
349;0,0;0,0;0,0;0,0;0,0;0,0;;;;;;;;
350;-0,08100000000282528;-0,038999999982773335;0,08100248119902341;0,03900171068439284;2,4811961981258124e-06;1,7107016195075375e-06;0,005318402991065004;0,005318402991065003;0,005318402991065004;0,9759274950355971;-0,20979534943738676;0,9759598199909817;-0,20949902494541459;5,318402991065004e-07
351;0,08601038993560074;0,04100716335190587;-0,08599999999981495;-0,04100000000005355;1,0389935785795612e-05;7,163351852322586e-06;0,005573747933498808;0,005573747933498808;0,005573747933498808;0,9870065078767405;-0,11585116709356713;0,9868774284087086;-0,11705071130729193;5,573747933498808e-07
352;0,07500608628265831;0,03600419647531131;-0,07500095667873348;-0,036000659550676134;5,129603924833304e-06;3,5369246351793504e-06;0,004860735651117853;0,004860735651117852;0,004860735651117853;0,9882342838627401;-0,10472155252192329;0,9881611757610976;-0,10538876497699108;4,860735651117853e-07
353;0,0;0,0;0,0;0,0;0,0;0,0;;;;;;;;
354;-9,999999978359865e-05;7,667425971987927e-13;0,00010000000092696844;2,1213254649631827e-14;1,1433697955434696e-12;7,879558518484246e-13;5,894261766881646e-06;5,894261766881645e-06;5,894261766881646e-06;0,9795124322170691;-0,21079458855632685;0,9795124434165184;-0,21079413709087844;5,894261766881646e-10
355;0,08100907057904876;0,03900625352352898;-0,08100000000663718;-0,03899999996285129;9,070572411576383e-06;6,253560677689507e-06;0,005340768916078015;0,005340768916078012;0,005340768916078015;0,9719582077219899;-0,275323887036015;0,97184053268696;-0,2764069034119974;5,340768916078015e-07
356;0,0810061005110862;0,03900420652564316;-0,08100000000002286;-0,03899999999972778;6,10051106333942e-06;4,206525915380344e-06;0,00528768637693949;0,005287686376939491;0,005287686376939491;0,9816766809012601;-0,1914926063693469;0,9815967398472959;-0,19222138922917273;5,287686376939491e-07
357;0,0810050713034109;0,03900349621248213;-0,08099999999959825;-0,0389999999998118;5,0713038126509735e-06;3,496212670324461e-06;0,005215711521192651;0,005215711521192651;0,005215711521192651;0,9952097736738014;-0,04259064550956477;0,9951424053705951;-0,043196119090756414;5,215711521192651e-07
358;0,07900083159585167;0,038000702210034765;-0,07900000000178475;-0,037999999993127;8,315940669134658e-07;7,022169077677831e-07;0,00520798369417538;0,0052079836941753815;0,0052079836941753815;0,9718447956143009;-0,5889395620936926;0,9718331133569245;-0,5891175575588907;5,207983694175381e-07
359;0,0;0,0;0,0;0,0;0,0;0,0;;;;;;;;
360;0,05500264918760477;0,027001826514149136;-0,0550000000023003;-0,026999999989671085;2,649185304473556e-06;1,826524478051178e-06;0,0036636636713222254;0,0036636636713222254;0,0036636636713222254;0,9655915795478117;-0,6461119250082284;0,965541419371657;-0,6465534617952773;3,663663671322225e-07
361;-0,12100000013717715;-0,0579999991172621;0,12103558719111729;0,058024535551549496;3,558705394013373e-05;2,4536434287396325e-05;0,008266049894692725;0,008266049894692724;0,008266049894692725;0,9372121545635296;-0,6251265793111271;0,937510374349411;-0,6222480379950657;8,266049894692725e-07
362;0,0;0,0;0,0;0,0;0,0;0,0;;;;;;;;
363;-0,00010000000019891298;-8,057797089241786e-14;0,00010000001279504885;8,765191494169468e-12;1,2596135872083684e-11;8,68461352327705e-12;5,991552396186035e-06;5,991552396186033e-06;5,991552396186035e-06;0,9636071457967501;-0,664223732718772;0,963607267174019;-0,6642187568023987;5,991552396186035e-10
364;0,07700796963894713;0,03700549434246512;-0,0770000000283936;-0,0369999998414816;7,969610553520967e-06;5,4945009835202785e-06;0,005188255413550532;0,005188255413550531;0,005188255413550532;0,9507548891588145;-0,45185400914546375;0,9506484710216926;-0,4528603880580949;5,188255413550531e-07
365;0,07100694621190426;0,0340047891803346;-0,07099999999985938;-0,033999999999937046;6,946212044875444e-06;4,789180397556103e-06;0,0045952492517628936;0,0045952492517628936;0,0045952492517628936;0,9891610790709029;-0,0963650261492005;0,9890563776203918;-0,09732519140362357;4,5952492517628937e-07
366;0,12213713464211186;0,05902560262682348;-0,1221209452763816;-0,059014440601750914;1,6189365730251426e-05;1,1162025072564141e-05;0,008192175709818105;0,008192175709818105;0,008192175709818105;0,9560194847056529;-0,39236812897695567;0,9558825272044853;-0,39363777802954036;8,192175709818104e-07
367;0,12202094527700276;0,0590144406008937;-0,12200000002026049;-0,058999999894939675;2,0945256742274654e-05;1,4440705954021915e-05;0,008186737863743325;0,008186737863743323;0,008186737863743325;0,9558825272044853;-0,39363777802954036;0,9557052114668798;-0,3952784945724263;8,186737863743325e-07
368;0,06810711161181919;0,033004903494625065;-0,06810206956670488;-0,03300142687897269;5,042045114311833e-06;3,4766156523785563e-06;0,004386430792522084;0,004386430792522084;0,004386430792522084;0,9961526442597428;-0,034014157191431714;0,9960729673739441;-0,03471811973716557;4,386430792522083e-07
369;0,0680041271499164;0,03300284544057414;-0,067999999999979;-0,03299999999997842;4,1271499374023746e-06;2,8454405957209494e-06;0,004371175543955132;0,0043711755439551315;0,004371175543955132;0,9983934160037831;-0,014172970919612962;0,9983279653178501;-0,014747535931154167;4,3711755439551325e-07
370;0,0;0,0;0,0;0,0;0,0;0,0;;;;;;;;
371;0,0;0,0;0,0;0,0;0,0;0,0;;;;;;;;
372;-0,0950000001138405;-0,045999999300791496;0,09500695324645907;0,04600479281552763;6,953132618572888e-06;4,793514736131654e-06;0,006501603883062728;0,00650160388306273;0,00650160388306273;0,9373050411045425;-0,6242874231032416;0,9373791648548283;-0,6235904260009549;6,50160388306273e-07
373;0,08501044883218944;0,041007203773191524;-0,08500421318958877;-0,04100290496588585;6,235642600674329e-06;4,298807305673502e-06;0,005514558153184044;0,005514558153184044;0,005514558153184044;0,9881609924700262;-0,10540472157654115;0,9880826376647944;-0,10611057271624343;5,514558153184044e-07
374;0,12202602164017982;0,05901794101836205;-0,12200000000556956;-0,0589999999734324;2,6021634610268185e-05;1,7941044929650762e-05;0,008119171569714232;0,008119171569714234;0,008119171569714234;0,9638805448728132;-0,6618221082027295;0,9636584194977814;-0,6638605476979431;8,119171569714234e-07
375;0,06200481112156384;0,0300040616696607;-0,061999999999976574;-0,029999999999799905;4,81112158726843e-06;4,061669860794953e-06;0,004018519202885913;0,004018519202885914;0,004018519202885914;0,9896556886212037;-0,09086293488877421;0,9895680499273815;-0,09216103170504535;4,018519202885914e-07
376;0,0;0,0;0,0;0,0;0,0;0,0;;;;;;;;
377;0,06000073272086003;0,02900050511028448;-0,06000000000025464;-0,02900000000076076;7,327206053911461e-07;5,051095237178227e-07;0,0038532361309529975;0,003853236130952997;0,0038532361309529975;0,9985271250572738;-0,03693258977594533;0,9985139468717162;-0,03704944625773121;3,853236130952997e-07
378;0,0;0,0;0,0;0,0;0,0;0,0;;;;;;;;
379;0,06800265558505351;0,03300183113461003;-0,06799999999999665;-0,03299999999972418;2,655585056868248e-06;1,8311348858462972e-06;0,00441951416437404;0,004419514164374041;0,004419514164374041;0,987450366181905;-0,11165747100216003;0,9874087115764361;-0,11202735431688488;4,4195141643740407e-07
380;0,05600220085111454;0,027001517480189353;-0,05599999999980676;-0,027000000000011376;2,2008513077820258e-06;1,5174801779767322e-06;0,0035986098683900495;0,003598609868390049;0,0035986098683900495;0,9974653257162466;-0,022385780791589503;0,9974229462804172;-0,022764612167236645;3,5986098683900495e-07
381;0,05600055077502475;0,027000379937362595;-0,05600000000081071;-0,026999999999781962;5,50774214042038e-07;3,799375806329275e-07;0,0035893742276651595;0,0035893742276651595;0,0035893742276651595;1,0;0,0;0,9999893657855402;-9,49573051874337e-05;3,5893742276651593e-07
382;0,053103689586721084;0,02600254391198521;-0,053101334242330794;-0,0260009199250921;2,3553443902896154e-06;1,6239868931081092e-06;0,003425989149993083;0,0034259891499930826;0,003425989149993083;0,9964314646079582;-0,03154317902571475;0,9963837810416224;-0,03195282069267921;3,425989149993083e-07
383;0,0;0,0;0,0;0,0;0,0;0,0;;;;;;;;
384;0,05200025768478077;0,025000177659410337;-0,05199999999870587;-0,024999999993498237;2,576860748948473e-07;1,776659121002777e-07;0,003427884334672669;0,00342788433467267;0,00342788433467267;0,9717900283420968;-0,5894480325250764;0,9717848201928979;-0,5894961627108163;3,42788433467267e-07
385;-0,07110510312233999;-0,03400351818745309;0,07110802568613697;0,034005533197239236;2,922563796983746e-06;2,015009786145161e-06;0,004712887349239744;0,004712887349239745;0,004712887349239745;0,9655486305092065;-0,6465168032412411;0,9655915795478117;-0,6461119250082284;4,7128873492397445e-07
386;0,0;0,0;0,0;0,0;0,0;0,0;;;;;;;;
387;-0,07100000000234205;-0,0339999999870646;0,07100510312145393;0,0340035181874737;5,1031191118794395e-06;3,518200409100003e-06;0,004707493643529693;0,004707493643529692;0,004707493643529693;0,9654735456237152;-0,6472220696949842;0,9655486305092065;-0,6465168032412411;4,707493643529693e-07
388;-9,999999985408336e-05;4,3667624431107136e-14;0,0001000000128219759;8,897266644179001e-12;1,2967892533996377e-11;8,940934268610108e-12;5,846520606528131e-06;5,846520606528132e-06;5,846520606528132e-06;0,9875108756180824;-0,11114718221988013;0,9875110036774354;-0,11114205944254876;5,846520606528132e-10
389;0,0;0,0;0,0;0,0;0,0;0,0;;;;;;;;
390;0,05000182251518971;0,024001256405140763;-0,050000000000216614;-0,0240000000001712;1,8225149730974333e-06;1,2564049695629187e-06;0,0032129331653201246;0,0032129331653201246;0,0032129331653201246;0,9966621593187106;-0,029476995163815925;0,9966228647966898;-0,02983237683476566;3,2129331653201245e-07
391;0,0;0,0;0,0;0,0;0,0;0,0;;;;;;;;
392;0,0;0,0;0,0;0,0;0,0;0,0;;;;;;;;
393;-0,07000000001132926;-0,033999999941469565;0,07000447880046255;0,03400308780230058;4,4787891332886964e-06;3,08786083101642e-06;0,004698747388400439;0,00469874738840044;0,00469874738840044;0,9562032345759406;-0,390733075077959;0,956269313468528;-0,3901288296394941;4,6987473884004397e-07
394;0,04500074719221058;0,02200051516414012;-0,045000000000325;-0,022000000000377697;7,471918855792015e-07;5,151637624233041e-07;0,002918547473010789;0,0029185474730107895;0,0029185474730107895;0,9909020415015481;-0,10446685264219914;0,990884286448019;-0,10462085992921002;2,9185474730107894e-07
395;0,045000142746624006;0,022000098463370164;-0,04499999999892561;-0,02199999999871689;1,4274769839783819e-07;9,846465327464915e-08;0,0029466845816797324;0,0029466845816797324;0,0029466845816797324;0,981425955477256;-0,1932650420147105;0,9814225954566669;-0,19329451099054593;2,9466845816797325e-07
396;0,052004213189114176;0,0250029049656392;-0,051999999999891695;-0,02499999999997649;4,213189222480873e-06;2,9049656627110065e-06;0,0033716389046174436;0,0033716389046174427;0,0033716389046174436;0,9880826376647944;-0,10611057271624343;0,9879960625302077;-0,10689754164507494;3,3716389046174435e-07
397;0,04300030035066866;0,021000207122371047;-0,0429999999999413;-0,021000000000133728;3,0035072735856705e-07;2,0712223731955692e-07;0,002797811457882789;0,0027978114578827893;0,0027978114578827893;0,9875110036774354;-0,11114205944254876;0,9875035587416041;-0,11120708318014805;2,7978114578827894e-07
398;0,04100080826198902;0,020000557303307666;-0,04099999999992367;-0,019999999999636576;8,082620653535044e-07;5,573036710899981e-07;0,0026750566311868388;0,0026750566311868388;0,0026750566311868388;0,9845815066153848;-0,28643006129937787;0,9845605546232463;-0,28661409245132685;2,675056631186839e-07
399;-0,04100000000016791;-0,019999999999946488;0,041000995385488105;0,02000068621255359;9,953853201960516e-07;6,862126071018049e-07;0,0026423891196219623;0,0026423891196219623;0,0026423891196219623;0,9967325481748985;-0,028856173202346333;0,9967586687303185;-0,028629666414086465;2,642389119621962e-07
400;0,0;0,0;0,0;0,0;0,0;0,0;;;;;;;;
401;0,04000137277664512;0,019000946415237367;-0,040000000000189405;-0,019000000000022117;1,3727764557117106e-06;9,464152152492689e-07;0,0025668657704383618;0,0025668657704383618;0,0025668657704383618;0,9960729673739441;-0,03471811973716557;0,9960359433908987;-0,035062111159938125;2,5668657704383615e-07
402;0,0;0,0;0,0;0,0;0,0;0,0;;;;;;;;
403;-9,99999998082014e-05;9,8263040216866e-14;0,00010000001061018499;7,350036120456497e-12;1,080198358874556e-11;7,448299160673363e-12;5,848701361267302e-06;5,848701361267301e-06;5,848701361267302e-06;0,9871426705178451;-0,11458972669194997;0,9871427771488374;-0,11458545913133213;5,848701361267302e-10
404;0,0;0,0;0,0;0,0;0,0;0,0;;;;;;;;
405;0,037100682713578366;0,01800047062928725;-0,037100242906560436;-0,018000167456337018;4,39807017929561e-07;3,031729502306346e-07;0,00239351033580676;0,0023935103358067606;0,0023935103358067606;0,9946940571407145;-0,11487731437910657;0,9946813202134793;-0,11498955671552613;2,3935103358067605e-07
406;0,034001005528411066;0,017000693302418816;-0,03399999999961697;-0,01699999999992225;1,0055287940971547e-06;6,933024965655177e-07;0,00220272592839063;0,0022027259283906304;0,0022027259283906304;0,9963837810416224;-0,03195282069267921;0,9963520810928037;-0,032209683789472796;2,2027259283906306e-07
407;0,034000081064228416;0,017000055917426118;-0,03399999999882623;-0,017000000000050152;8,106540218266733e-08;5,591737596566393e-08;0,002220582251210224;0,0022205822512102237;0,002220582251210224;0,988342670745651;-0,1036548263235013;0,9883401353836089;-0,10367556690415855;2,220582251210224e-07
408;0,033000956678410194;0,016000659550364508;-0,03299999999958108;-0,015999999999862874;9,566788291143213e-07;6,595505016339376e-07;0,002142823148200594;0,002142823148200594;0,002142823148200594;0,9881611757610976;-0,10538876497699108;0,9881302291203063;-0,10566387430585511;2,1428231482005938e-07
409;0,031000197189760013;0,015000135936839604;-0,030999999998057196;-0,0150000000004317;1,9719170281720655e-07;1,3593640790440786e-07;0,001998944517917647;0,001998944517917647;0,001998944517917647;0,9946813202134793;-0,11498955671552613;0,9946744833028428;-0,11505024118138;1,9989445179176468e-07
410;-0,035000000013062874;-0,01699999992898777;0,03500256949275758;0,01700177149911928;2,569479694708443e-06;1,7715701315090815e-06;0,0023620747210059646;0,0023620747210059646;0,0023620747210059646;0,9510616683608982;-0,44119429805141613;0,951137080259593;-0,4405009075857185;2,3620747210059648e-07
411;0,029103700703853867;0,014002551467933114;-0,02910146553040429;-0,014001010408771499;2,2351734495773545e-06;1,5410591616155794e-06;0,0018666840862127667;0,0018666840862127667;0,0018666840862127667;0,9989203551908377;-0,00951102974113792;0,9988373936118073;-0,010255504657953855;1,8666840862127666e-07
412;0,029000062684809796;0,01400005291674645;-0,029000000001144145;-0,014000000000569803;6,268366565045924e-08;5,291617664708592e-08;0,001891516533712268;0,001891516533712268;0,001891516533712268;0,9829234144137342;-0,17346422418025528;0,982920989193172;-0,1735005241883769;1,891516533712268e-07
413;0,023200467775261868;0,011000322561248652;-0,023200172772190827;-0,011000119143874833;2,9500307104080026e-07;2,0341737381850133e-07;0,0015099512018268764;0,0015099512018268767;0,0015099512018268767;0,9817654005354178;-0,1908083364618782;0,9817518760668797;-0,19093646238805578;1,5099512018268766e-07
414;0,023100172770823366;0,01100011914326213;-0,023100135551647815;-0,011000093470181185;3,7219175550579076e-08;2,5673080945864957e-08;0,0015046395310980762;0,0015046395310980762;0,0015046395310980762;0,9817518760668797;-0,19093646238805578;0,981750163114784;-0,1909525352967214;1,504639531098076e-07
415;0,02800069679085004;0,014000480463690367;-0,027999999999939237;-0,013999999999983226;6,967909108035464e-07;4,804637071410128e-07;0,0018145664776467757;0,001814566477646776;0,001814566477646776;0,9960729673739441;-0,03471811973716557;0,9960463011366093;-0,034934312618723797;1,814566477646776e-07
416;0,026000246860473822;0,013000170197391933;-0,026000000003619517;-0,01299999998234099;2,4685685430514415e-07;1,7021505094305667e-07;0,0017326364642312549;0,0017326364642312549;0,0017326364642312549;0,9686451603110768;-0,3245479937856515;0,9686352663899052;-0,3246304752844777;1,7326364642312548e-07
417;0,0;0,0;0,0;0,0;0,0;0,0;;;;;;;;
418;0,0240014509761091;0,012001000374494029;-0,023999999999959453;-0,011999999999951222;1,4509761496472873e-06;1,0003745428074917e-06;0,0015510974119502922;0,0015510974119502918;0,0015510974119502922;0,9988373936118073;-0,010255504657953855;0,9987724346285356;-0,010780464997190365;1,5510974119502923e-07
419;0,024000820254450463;0,01200056552587833;-0,024000000000056254;-0,011999999999909531;8,202543942091578e-07;5,655259687990105e-07;0,0015509247459281677;0,0015509247459281675;0,0015509247459281677;0,9989203551908377;-0,00951102974113792;0,9988836289773717;-0,00980780862139182;1,5509247459281678e-07
420;0,02400035980763765;0,012000248024742723;-0,02400000000042058;-0,012000000000120139;3,5980721706935226e-07;2,4802462258478875e-07;0,0015766149810396847;0,0015766149810396849;0,0015766149810396849;0,9826231143783598;-0,3039021059230784;0,982607267556335;-0,3040322053782937;1,5766149810396848e-07
421;0,0;0,0;0,0;0,0;0,0;0,0;;;;;;;;
422;0,02300013555278709;0,011000093470960598;-0,02299999999858344;-0,01099999999925599;1,3555420365005122e-07;9,347170460728693e-08;0,0014993320992392563;0,0014993320992392565;0,0014993320992392565;0,981750163114784;-0,1909525352967214;0,9817439011960829;-0,19101060225663616;1,4993320992392566e-07
423;0,02300006331965663;0,01100004363253467;-0,0230000000013753;-0,010999999988642725;6,331828132991046e-08;4,3643891944888935e-08;0,0015196054198746897;0,0015196054198746895;0,0015196054198746897;0,9686491703801452;-0,27483722400571287;0,9686462847033523;-0,2748643123489089;1,5196054198746897e-07
424;0,022000617386611757;0,010000425657195422;-0,021999999999966848;-0,010000000000011612;6,173866449084298e-07;4,2565718380918605e-07;0,0014055511535805943;0,001405551153580594;0,0014055511535805943;0,9926871638702022;-0,06483526836282615;0,9926568417957067;-0,0651482852268539;1,4055511535805943e-07
425;0,021300536465465484;0,010000369893795893;-0,021300127809587004;-0,010000088139264082;4,086558784803518e-07;2,8175453181157606e-07;0,0013650845754834189;0,0013650845754834189;0,0013650845754834189;0,9952335707597841;-0,09648368483693769;0,9952128611763599;-0,09668182274308984;1,3650845754834188e-07
426;0,021000473343382557;0,010000326334834676;-0,02100000000007738;-0,00999999999989989;4,733433051767877e-07;3,2633493478664843e-07;0,001369957102875041;0,001369957102875041;0,001369957102875041;0,9802608003312872;-0,20390364990155804;0,9802368768206244;-0,20412812532401273;1,369957102875041e-07
427;0,021000127761033133;0,010000088106010793;-0,02099999999916616;-0,010000000000028993;1,2776186697135983e-07;8,810598180024332e-08;0,001349350848478539;0,001349350848478539;0,001349350848478539;0,9952128611763599;-0,09668182274308984;0,9952063048467599;-0,09674246552554419;1,349350848478539e-07
428;0,02100007131836932;0,01000006021789355;-0,02100000000164316;-0,010000000001046946;7,131672615998119e-08;6,021684660455218e-08;0,001360139671643515;0,001360139671643515;0,001360139671643515;0,9873160177797847;-0,11007505553468655;0,9873121856580289;-0,11013345109417634;1,3601396716435147e-07
429;0,021000076241372945;0,010000052533887069;-0,021000000005552428;-0,009999999961569873;7,623582051752287e-08;5,25723171957565e-08;0,0014095602365199616;0,0014095602365199616;0,0014095602365199616;0,95269979623719;-0,42078365797939127;0,9526960511810687;-0,4208198421298621;1,4095602365199616e-07
430;0,02100008122245931;0,010000056001020741;-0,02099999999964468;-0,010000000000612292;8,122281463032732e-08;5,600040844933041e-08;0,0013608325976142892;0,0013608325976142892;0,0013608325976142892;0,9868135861680248;-0,2626455375800855;0,9868094534550621;-0,26268406437505293;1,3608325976142891e-07
431;0,021000054492231923;0,01000003751577519;-0,021000000008582622;-0,009999999961399856;5,448364930049632e-08;3,755437533344008e-08;0,0014096112890224569;0,0014096112890224569;0,0014096112890224569;0,9526642231663294;-0,4211379903296053;0,9526615470846734;-0,4211638109963795;1,4096112890224568e-07
432;0,0;0,0;0,0;0,0;0,0;0,0;;;;;;;;
433;0,0;0,0;0,0;0,0;0,0;0,0;;;;;;;;
434;0,019000328713829995;0,009000226622506904;-0,018999999999891454;-0,009000000000002884;3,287139385410587e-07;2,2662250401955797e-07;0,0012182375968166777;0,001218237596816678;0,001218237596816678;0,9963837810416224;-0,03195282069267921;0,9963651044495484;-0,032127479082390234;1,2182375968166778e-07
435;0,019000292944097986;0,009000201975055966;-0,01900000000019656;-0,009000000000054166;2,9294390142473037e-07;2,0197500179980343e-07;0,0012182927507973583;0,001218292750797358;0,0012182927507973583;0,9963366412404956;-0,03238799613778512;0,9963199974877791;-0,032543681196679754;1,2182927507973583e-07
436;0,018100429874517692;0,009000296332885457;-0,018100173574733227;-0,009000119644996654;2,562997844651749e-07;1,7668788880251252e-07;0,0012048701900329172;0,0012048701900329172;0,0012048701900329172;0,9686451603110768;-0,3245479937856515;0,9686303937881463;-0,3246729758382107;1,2048701900329173e-07
437;0,018000173575809415;0,009000119645215536;-0,018000000002908505;-0,008999999987398748;1,735729009098852e-07;1,1965781678870135e-07;0,0011995360293846273;0,0011995360293846273;0,0011995360293846273;0,9686303937881463;-0,3246729758382107;0,9686203458875006;-0,32475668121729817;1,1995360293846274e-07
438;0,018000015062618013;0,009000010367605827;-0,01800000000310806;-0,008999999998762912;1,505950995156491e-08;1,0368842914484921e-08;0,0011711276908886023;0,0011711276908886025;0,0011711276908886025;0,9921173057579379;-0,09355547988337803;0,992116413120747;-0,09356270955495066;1,1711276908886024e-07
439;0,01700020152719184;0,008000138952431075;-0,016999999999838925;-0,00799999999994379;2,0152735291309454e-07;1,3895248728544585e-07;0,0010889461800073076;0,0010889461800073076;0,0010889461800073076;0,9961526442597428;-0,034014157191431714;0,9961398395291887;-0,03413588456164852;1,0889461800073075e-07
440;0,0;0,0;0,0;0,0;0,0;0,0;;;;;;;;
441;0,01500016291742747;0,007000112316973866;-0,01499999999997192;-0,006999999999957557;1,6291745555049864e-07;1,1231701630906588e-07;0,0009576915409478849;0,0009576915409478849;0,0009576915409478849;0,997916313111108;-0,01840067950507287;0,9979045495592029;-0,018514502932437397;9,57691540947885e-08
442;0,014000291971374717;0,0070002012915670545;-0,014000000000599817;-0,006999999996386267;2,91970774899189e-07;2,0129518078781938e-07;0,000926776353035329;0,0009267763530353289;0,000926776353035329;0,9751180916762102;-0,2169099775819542;0,9750962150609416;-0,21709106024669153;9,26776353035329e-08
443;0,01400018034689819;0,007000124342814725;-0,01400000000041947;-0,006999999999962096;1,8034647871964515e-07;1,2434285262975103e-07;0,0009068480379667607;0,0009068480379667606;0,0009068480379667607;0,9965381187066739;-0,0305516698898343;0,9965243087054797;-0,03066354117539876;9,068480379667608e-08
444;0,014000176880979912;0,007000121945277951;-0,013999999999777126;-0,006999999999959612;1,7688120278538944e-07;1,2194531833886052e-07;0,0009071987130008016;0,0009071987130008016;0,0009071987130008016;0,9961526442597428;-0,034014157191431714;0,9961391050845918;-0,03412385163619881;9,071987130008017e-08
445;0,01420040417030574;0,006000278657962694;-0,014200390661422606;-0,006000269339791484;1,3508883133644956e-08;9,31817121033185e-09;0,0009064812296593385;0,0009064812296593386;0,0009064812296593386;0,981869733077843;-0,1892439993684376;0,9818687095279508;-0,18925635870512283;9,064812296593386e-08
446;0,014100390661593916;0,006000269339451092;-0,014100079053663572;-0,006000054504623794;3,116079303443209e-07;2,1483482729855313e-07;0,0009010677031518645;0,0009010677031518647;0,0009010677031518647;0,9818687095279508;-0,18925635870512283;0,9818449478423495;-0,18953928267865583;9,010677031518648e-08
447;0,0;0,0;0,0;0,0;0,0;0,0;;;;;;;;
448;0,013000058236652928;0,006000040155552716;-0,013000000000053535;-0,005999999999707092;5,823659939355186e-08;4,015584562436225e-08;0,0008415556857318618;0,0008415556857318618;0,0008415556857318618;0,9822805821274898;-0,3071260328594288;0,9822758000689868;-0,3071742746638461;8,415556857318619e-08
449;-0,07300256950591487;-0,03500177142482376;0,07301024946932856;0,0350070662524301;7,679963413692592e-06;5,294827606340535e-06;0,0049143492290375755;0,0049143492290375755;0,0049143492290375755;0,951137080259593;-0,4405009075857185;0,9512453319157113;-0,4394719497352333;4,914349229037576e-07
450;0,012000150862714325;0,006000104026873466;-0,012000000000258268;-0,006000000000031693;1,5086245605706872e-07;1,0402684177349825e-07;0,0007768358663180677;0,0007768358663180678;0,0007768358663180678;0,9971310276824007;-0,025336329306150752;0,9971175416075444;-0,025445555027547882;7,768358663180678e-08
451;0,0;0,0;0,0;0,0;0,0;0,0;;;;;;;;
452;0,0;0,0;0,0;0,0;0,0;0,0;;;;;;;;
453;-0,0101000000065683;-0,005000000005516602;0,010100099312306291;0,005000083843356235;9,930573799214748e-08;8,383783963328978e-08;0,000660180443590361;0,0006601804435903611;0,0006601804435903611;0,9855886098035044;-0,2735168111261882;0,985599645801276;-0,27335881824281855;6,601804435903611e-08
454;0,010000042083031105;0,005000029010694989;-0,009999999999654615;-0,0050000000000269395;4,2083376490184565e-08;2,9010668049257726e-08;0,0006529752380521776;0,0006529752380521778;0,0006529752380521778;0,9885522588955495;-0,09808818384282102;0,9885477836437998;-0,09812471079024429;6,529752380521777e-08
455;0,010000075039379207;0,005000051738892919;-0,010000000000310757;-0,004999999999971606;7,503906845028607e-08;5,173892131307006e-08;0,000647937088694878;0,0006479370886948781;0,0006479370886948781;0,9962424539979475;-0,033218037593475504;0,9962344117133727;-0,033283213936727216;6,479370886948781e-08
456;0,0;0,0;0,0;0,0;0,0;0,0;;;;;;;;
457;0,009000124841750825;0,004000086059110725;-0,009000000001778814;-0,003999999987945578;1,2483997201100105e-07;8,607116514652846e-08;0,000591869911770037;0,0005918699117700372;0,0005918699117700372;0,9607392831931253;-0,4071023264011491;0,960724745102189;-0,407264926173284;5,9186991177003714e-08
458;0,009000073554662185;0,004000050713480955;-0,008999999999859308;-0,003999999999909613;7,355480287699057e-08;5,071357134147497e-08;0,0005791435209545786;0,0005791435209545786;0,0005791435209545786;0,9818449478423495;-0,18953928267865583;0,9818361938349076;-0,1896350915496467;5,7914352095457865e-08
459;0,0;0,0;0,0;0,0;0,0;0,0;;;;;;;;
460;0,0;0,0;0,0;0,0;0,0;0,0;;;;;;;;
461;0,006000045715246848;0,003000031519831648;-0,006000000000009168;-0,002999999999923468;4,5715237679579135e-08;3,15199081800388e-08;0,0003893724565990913;0,00038937245659909135;0,00038937245659909135;0,9946813202134793;-0,11498955671552613;0,994673167182989;-0,1150557311891326;3,893724565990914e-08
462;0,005000041017952421;0,0020000282770955575;-0,005000000000423933;-0,0019999999968843976;4,101752848831297e-08;2,8280211159838198e-08;0,00032235111429395805;0,000322351114293958;0,00032235111429395805;0,9645241676990175;-0,3121911251179445;0,9645154655037214;-0,31230841444551666;3,2235111429395805e-08
463;0,005000014554104227;0,0020000100340582206;-0,004999999999889284;-0,001999999999876079;1,4554214942605337e-08;1,0034182141432924e-08;0,00031127552134731955;0,00031127552134731955;0,00031127552134731955;0,9988373936118073;-0,010255504657953855;0,9988341959837367;-0,010297118016367261;3,1127552134731954e-08
464;0,005000022946336775;0,0020000158213938145;-0,004999999999876008;-0,0020000000000748477;2,2946460767094e-08;1,5821318966741105e-08;0,00031199038886997653;0,0003119903888699765;0,00031199038886997653;0,996550584549565;-0,030491658730957227;0,9965455545731348;-0,03055727920326375;3,1199038886997655e-08
465;0,00500000550082598;0,002000003790169092;-0,005000000001753795;-0,0019999999997801694;5,499072184590725e-09;3,790388922435967e-09;0,00031666202686197884;0,0003166620268619788;0,00031666202686197884;0,9818449478423495;-0,18953928267865583;0,9818437602806585;-0,18955499711431406;3,1666202686197887e-08
466;0,00020000004815266126;3,3343359193676216e-11;-0,00020000000386967737;-2,811725994142103e-12;4,4282983882463003e-11;3,053163319953411e-11;1,1602551187129047e-05;1,1602551187129045e-05;1,1602551187129047e-05;0,9952128611763599;-0,09668182274308984;0,9952126408214239;-0,0966905694094255;1,1602551187129048e-09
467;-9,999999978594073e-05;1,2315745042442827e-13;0,00010000000801742999;5,552178502263809e-12;8,231489261371037e-12;5,675335952688238e-12;6,12660516148235e-06;6,1266051614823475e-06;6,12660516148235e-06;0,9423657192461583;-0,5764116671991532;0,942365796816893;-0,5764084154714338;6,12660516148235e-10
468;0,0001000000100742735;6,925836907542446e-12;-0,00010000000005039803;-1,4710721521084795e-14;1,0023875474237873e-11;6,911126186021361e-12;5,929619688471429e-06;5,929619688471429e-06;5,929619688471429e-06;0,9736717659582398;-0,24755891558214105;0,9736716683586019;-0,24756287536536273;5,929619688471428e-10
469;-9,999999960154495e-05;4,859389590630686e-13;0,0001000000029282625;1,8077212948141376e-12;3,3267175499800475e-12;2,2936602538772062e-12;6,158268993570322e-06;6,158268993570322e-06;6,158268993570322e-06;0,9375203770604041;-0,622317066795142;0,9375204082490595;-0,6223157526246493;6,158268993570323e-10
470;-9,999999998372276e-05;-7,551975557036503e-14;0,00010000000787534265;5,5161727675084085e-12;7,891619893370463e-12;5,4406530119380434e-12;5,8540303429774594e-06;5,854030342977461e-06;5,854030342977461e-06;0,9862440665143509;-0,28057072734509275;0,9862441443449853;-0,2805676100807879;5,85403034297746e-10
471;-0,00010000000018123521;-1,6711282147683834e-13;0,00010000000679653346;5,751923433416803e-12;6,615298247885336e-12;5,584810611939964e-12;5,857923911524674e-06;5,8579239115246745e-06;5,8579239115246745e-06;0,9855885446038812;-0,27352001098673884;0,9855886098035044;-0,2735168111261882;5,857923911524674e-10
472;0,00010000000386102835;3,043182133445337e-12;-0,00010000000017077956;-4,988792662632133e-13;3,690248790138434e-12;2,5443028671821238e-12;5,801275705308094e-06;5,801275705308095e-06;5,801275705308095e-06;0,9952126408214239;-0,0966905694094255;0,9952126040956023;-0,09669202718751962;5,801275705308095e-10
