;p_from_mw;q_from_mvar;p_to_mw;q_to_mvar;pl_mw;ql_mvar;i_from_ka;i_to_ka;i_ka;vm_from_pu;va_from_degree;vm_to_pu;va_to_degree;loading_percent
0;-3,357389903303059;-1,6404888837455107;3,360770682310111;1,6444772230378872;0,003380779007052137;0,003988339292376519;0,2160176298000172;0,2160176298000173;0,2160176298000173;0,9987200195424055;-0,03214639835059887;1,0000000000300155;-6,717562175415604e-20;2,160176298000173e-05
1;-3,294741049636459;-1,6088929951516069;3,2972891708661973;1,6114883788312866;0,0025481212297382427;0,002595383679679708;0,21215997993909194;0,21215997993909194;0,21215997993909194;0,9977869532280398;-0,051100169019462474;0,9987200195424055;-0,03214639835059887;2,1215997993909195e-05
2;-2,6214095755429727;-1,273025183028373;2,626208861946601;1,27633412432034;0,004799286403628145;0,003308941291967127;0,16858234173008357;0,16858234173008357;0,16858234173008357;0,9980264071127507;-0,017267686448541337;1,0000000000300155;-6,717562175415604e-20;1,6858234173008357e-05
3;-2,5578545212392623;-1,2408842156824398;2,5624095755431235;1,2440251830278775;0,004555054303861272;0,003140967345437673;0,1647792685473347;0,1647792685473347;0,1647792685473347;0,9961100725057058;-0,03412001531342129;0,9980264071127507;-0,017267686448541337;1,647792685473347e-05
4;2,338413998956202;1,1253542965678427;-2,3288818428283498;-1,1156483877000591;0,009532156127852076;0,009705908867783553;0,14982881702033332;0,1498288170203333;0,14982881702033332;1,0000000000300155;-6,717562175415604e-20;0,9950699354603185;-0,10233612520795198;1,4982881702033332e-05
5;-2,2683671690763827;-1,1001693804030623;2,2708314120654416;1,101868282682648;0,0024642429890588957;0,00169890227958569;0,1462947200670531;0,1462947200670531;0,1462947200670531;0,9949424470622548;-0,044408509290745704;0,9961100725057058;-0,03412001531342129;1,462947200670531e-05
6;-2,2918818702233583;-1,0897680191040422;2,3074794776765506;1,1056499407244607;0,015597607453192275;0,01588192162041846;0,14845826997689712;0,14845826997689715;0,14845826997689715;0,986935098726253;-0,27353115134413014;0,9950699354603185;-0,10233612520795198;1,4845826997689714e-05
7;-3,2880113695295394;-1,6022444953992458;3,294541049610146;1,608892995133924;0,006529680080606504;0,0066484997346780705;0,2121495810138027;0,21214958101380277;0,21214958101380277;0,995396562974707;-0,0997990902601794;0,9977869532280398;-0,051100169019462474;2,1214958101380277e-05
8;-1,5066027182978572;-0,7354318205533877;1,5069829706857687;0,735880417120488;0,00038025238791150606;0,00044859656710027895;0,09682488767649032;0,09682488767649032;0,09682488767649032;0,9996788929316112;-0,008074006752432965;1,0000000000300155;-6,717562175415604e-20;9,682488767649033e-06
9;-3,2414698689866315;-1,5747329416106008;3,2508106877777965;1,5842440254327197;0,009340818791164995;0,009511083822118849;0,20975254951826963;0,20975254951826963;0,20975254951826963;0,9919391976474093;-0,17067308507919257;0,995396562974707;-0,0997990902601794;2,0975254951826962e-05
10;-1,4982100552907227;-0,7269881415388457;1,5065027182972095;0,7354318205530129;0,008292663006486789;0,008443679014167205;0,09681969768465146;0,09681969768465147;0,09681969768465147;0,9930290408694172;-0,14397536736406347;0,9996788929316112;-0,008074006752432965;9,681969768465146e-06
11;1,4981100552906612;0,7269881415388518;-1,4909725782884604;-0,7197204729969585;0,007137477002200798;0,007267668541893313;0,09681446696951139;0,09681446696951139;0,09681446696951139;0,9930290408694172;-0,14397536736406347;0,9873096396146912;-0,26241508139214553;9,68144669695114e-06
12;-3,108768418343743;-1,506908338399437;3,1154698689866454;1,5137329416105583;0,006701450642902174;0,006824603211121216;0,20160459308645112;0,20160459308645112;0,20160459308645112;0,9893593268081359;-0,22390524179793336;0,9919391976474093;-0,17067308507919257;2,016045930864511e-05
13;1,6286624740830111;0,7899713974559545;-1,624878005399144;-0,7873622438516575;0,0037844686838670594;0,002609153604296921;0,10450831327519694;0,10450831327519694;0,10450831327519694;1,0000000000300155;-6,717562175415604e-20;0,9974899147498463;-0,022084915884354663;1,0450831327519693e-05
14;1,378544267650973;0,6677531637386295;-1,3758029560918104;-0,6658631588418065;0,0027413115591625736;0,0018900048968230054;0,08880794265969282;0,0888079426596928;0,08880794265969282;0,9958119917350825;-0,036911220565391346;0,9936725031274067;-0,0558757884584391;8,880794265969282e-06
15;1,498878005399504;0,7263622438516653;-1,496544267651172;-0,7247531637386877;0,002333737748332121;0,0016090801129775567;0,09640569040209082;0,0964056904020908;0,09640569040209082;0,9974899147498463;-0,022084915884354663;0,9958119917350825;-0,036911220565391346;9,640569040209083e-06
16;1,2498029560920194;0,6048631588415804;-1,2475550456723876;-0,6033132662930666;0,0022479104196317934;0,001549892548513787;0,08067419127968467;0,08067419127968466;0,08067419127968467;0,9936725031274067;-0,0558757884584391;0,991741289227076;-0,07306887248880632;8,067419127968467e-06
17;0,7402779197573637;0,3578477098084394;-0,7376487652049685;-0,356034973018772;0,0026291545523952076;0,0018127367896673685;0,0474716189547274;0,047471618954727395;0,0474716189547274;1,0000000000300155;-6,717562175415604e-20;0,9961618128283258;-0,03412302460165454;4,7471618954727405e-06
18;0,716548695148932;0,3460349138669442;-0,7143728096918671;-0,3445346816489297;0,00217588545706493;0,0015002322180144856;0,04611835733907248;0,046118357339072484;0,046118357339072484;0,9961618128283258;-0,03412302460165454;0,9928922925880642;-0,06336149087847368;4,611835733907248e-06
19;0,0;0,0;0,0;0,0;0,0;0,0;;;;;;;;
20;-0,40226844422787295;-0,19505578552767922;0,40240308748717224;0,19516945359668197;0,0001346432592992941;0,00011366806900275916;0,026016098409640462;0,026016098409640462;0,026016098409640462;0,9921272635797227;-0,07371303120686575;0,9925061878495927;-0,06813595190926262;2,6016098409640462e-06
21;0,04910184447851579;0,02500160744083768;-0,049100442163414956;-0,025000423453905622;1,4023151008318857e-06;1,1839869320587337e-06;0,003192604730632312;0,003192604730632311;0,003192604730632312;0,996437854063952;-0,2435295188680025;0,9964055402578598;-0,24396501237602816;3,192604730632312e-07
22;0,8527567661781696;0,4142116396472089;-0,8496327475777413;-0,4120577484029482;0,0031240186004283244;0,0021538912442607416;0,054734674708327415;0,05473467470832741;0,054734674708327415;1,0000000000300155;-6,717562175415604e-20;0,9960434276479639;-0,034736835344950034;5,473467470832741e-06
23;1,7594331931387233;0,8514331406053389;-1,7485412055211664;-0,8439234801959695;0,010891987617556831;0,007509660409369401;0,11285010048452244;0,11285010048452246;0,11285010048452246;1,0000000000300155;-6,717562175415604e-20;0,9933109900091935;-0,059469242219719824;1,1285010048452247e-05
24;1,7264405889104026;0,8339230550733447;-1,7242617992188376;-0,8324208526047415;0,0021787896915650418;0,0015022024686032198;0,11144057559930985;0,11144057559930982;0,11144057559930985;0,9933109900091935;-0,059469242219719824;0,9919560888733385;-0,07158888574344084;1,1144057559930985e-05
25;-0,27621695299222626;-0,13401232213434316;0,27626844422837477;0,13405578552753503;5,149123614850426e-05;4,3463393191861543e-05;0,017869680900763043;0,01786968090076304;0,017869680900763043;0,9919162886739669;-0,07681551638742191;0,9921272635797227;-0,07371303120686575;1,7869680900763044e-06
26;-1,7082838018929827;-0,8243677447613689;1,7112617992190895;0,8264208526048789;0,0029779973261068182;0,0020531078435099825;0,11060735900035726;0,11060735900035724;0,11060735900035726;0,9900903048766722;-0,08831582023684671;0,9919560888733385;-0,07158888574344084;1,1060735900035725e-05
27;0,1751204683926542;0,08601464273100608;-0,1751014148738394;-0,08600150726349887;1,9053518814787784e-05;1,3135467507210952e-05;0,011303295662048895;0,011303295662048895;0,011303295662048895;0,9965547863737089;-0,2425338636090771;0,996437854063952;-0,2435295188680025;1,1303295662048893e-06
28;0,17525833002990965;0,08604074617319585;-0,175220467982015;-0,08601464288270284;3,786204789466008e-05;2,6103290493004194e-05;0,011308495991259918;0,011308495991259921;0,011308495991259921;0,996787036561381;-0,24055361306664516;0,9965547863737089;-0,2425338636090771;1,130849599125992e-06
29;0,04100149558512725;0,020001262545292473;-0,040999999999985236;-0,02000000000004438;1,4955851420153654e-06;1,2625452480916066e-06;0,0026501896046200847;0,0026501896046200847;0,0026501896046200847;0,9938401390637716;-0,054137336640771146;0,993798796837777;-0,054738976557061766;2,6501896046200847e-07
30;0,0;0,0;0,0;0,0;0,0;0,0;;;;;;;;
31;0,7236327475776081;0,351057748402901;-0,7229415901184756;-0,3505812409773027;0,0006911574591325076;0,00047650742559829373;0,046620286671659565;0,04662028667165957;0,04662028667165957;0,9960434276479639;-0,034736835344950034;0,9950157703219119;-0,043796455603915;4,662028667165958e-06
32;1,0913009524394979;0,5294342685315392;-1,090160119367178;-0,52864775359945;0,0011408330723199356;0,000786514932089144;0,07038545800784606;0,07038545800784604;0,07038545800784606;0,9949424470622548;-0,044408509290745704;0,9938189203478656;-0,05432424831668189;7,0385458007846055e-06
33;1,2175550456728594;0,5893132662932207;-1,216208723833755;-0,588384960921225;0,0013463218391045473;0,0009283053719956191;0,07874709321206752;0,07874709321206755;0,07874709321206755;0,991741289227076;-0,07306887248880632;0,9905563075880196;-0,08362977575592931;7,874709321206756e-06
34;0,07520374450862786;0,03600258210992752;-0,0752031231564192;-0,03600215346900818;6,213522086712109e-07;4,286409193351992e-07;0,0048596892469835035;0,004859689246983505;0,004859689246983505;0,9905563075880196;-0,08362977575592931;0,9905474504200262;-0,08371108355839212;4,859689246983505e-07
35;0,07510312315065355;0,036002153477735714;-0,0751030453844484;-0,03600209974835761;7,776620515598243e-08;5,37293781063819e-08;0,0048544326865506944;0,0048544326865506944;0,0048544326865506944;0,9905474504200262;-0,08371108355839212;0,9905463401746712;-0,08372128859824055;4,854432686550695e-07
36;0,06610304539053925;0,03200209974696513;-0,0661015386099687;-0,032001060777509326;1,5067805705509807e-06;1,0389694558021745e-06;0,004280651386508062;0,0042806513865080624;0,0042806513865080624;0,9905463401746712;-0,08372128859824055;0,9905219422908419;-0,08393862131105342;4,280651386508062e-07
37;1,2064457788724454;0,5846864006128532;-1,205519579747478;-0,5840477565691107;0,0009261991249673862;0,0006386440437424756;0,07823552781420459;0,0782355278142046;0,0782355278142046;0,9893593268081359;-0,22390524179793336;0,9885387177422501;-0,2312097783195749;7,82355278142046e-06
38;1,1198071782739956;0,5444816681262403;-1,1162937524691723;-0,5420592787888519;0,003513425804823278;0,0024223893373884753;0,07188946152129272;0,07188946152129272;0,07188946152129272;1,0000000000300155;-6,717562175415604e-20;0,9966118402695273;-0,02965000380459478;7,188946152129272e-06
39;0,023101255650199857;0,011000865694515805;-0,02310006055874563;-0,011000041742015701;1,1950914542285807e-06;8,239525001035863e-07;0,0014913931710340788;0,0014913931710340788;0,0014913931710340788;0,9905219422908419;-0,08393862131105342;0,9904664582315694;-0,08445388451805509;1,4913931710340788e-07
40;0,6049368307011331;0,29357722295703187;-0,6046363827858319;-0,2933700741891634;0,0003004479153012607;0,00020714876786848135;0,039016115381575726;0,03901611538157571;0,039016115381575726;0,9950157703219119;-0,043796455603915;0,9944819584477986;-0,048501300107311865;3,901611538157573e-06
41;0,6045363827867312;0,2933700741894094;-0,6045230513832136;-0,2933608517801268;1,3331403517558016e-05;9,222409282638733e-06;0,039010892281725766;0,03901089228172577;0,03901089228172577;0,9944819584477986;-0,048501300107311865;0,9944582490874048;-0,04871248554004792;3,901089228172577e-06
42;1,1161937524694954;0,5420592787890665;-1,115831159839487;-0,5418092309428912;0,0003625926300083737;0,00025004784617521647;0,07188425033966585;0,07188425033966585;0,07188425033966585;0,9966118402695273;-0,02965000380459478;0,9962621449938792;-0,032723115539927045;7,188425033966585e-06
43;1,1157311598391975;0,5418092309428356;-1,1141284817598067;-0,5404560994502746;0,0016026780793907403;0,0013531314925609994;0,07187903728219168;0,0718790372821917;0,0718790372821917;0,9962621449938792;-0,032723115539927045;0,9946294631896636;-0,056649708816598886;7,187903728219169e-06
44;1,1140284817606676;0,5404560994508738;-1,1133901382644467;-0,5399172501339617;0,0006383434962209389;0,0005388493169120601;0,07187381469844838;0,07187381469844838;0,07187381469844838;0,9946294631896636;-0,056649708816598886;0,9939791997329319;-0,06619670676159463;7,187381469844837e-06
45;0,0;0,0;0,0;0,0;0,0;0,0;;;;;;;;
46;1,1555195797471742;0,5600477565689056;-1,1546684877748559;-0,5594609013191586;0,000851091972318363;0,0005868552497469981;0,0749963419813916;0,07499634198139161;0,07499634198139161;0,9885387177422501;-0,2312097783195749;0,9877520804852907;-0,23821611851652585;7,4996341981391615e-06
47;0,5725230513818269;0,2783608517801421;-0,5721935337696804;-0,2781336604305909;0,00032951761214650155;0,00022719134955118125;0,03695929321788349;0,0369592932178835;0,0369592932178835;0,9944582490874048;-0,04871248554004792;0,9938401390637716;-0,054137336640771146;3,69592932178835e-06
48;1,0193386843249979;0,4950747157084041;-1,0164286712680357;-0,4930683592368462;0,0029100130569621463;0,0020063564715578908;0,06542553852582049;0,06542553852582048;0,06542553852582049;1,0000000000300155;-6,717562175415604e-20;0,996916683035863;-0,027054027219890173;6,542553852582049e-06
49;1,0073901382638568;0,4889172501333708;-1,0065894560761501;-0,48824119465486193;0,0008006821877066805;0,0006760554785088524;0,06504129692294142;0,06504129692294143;0,06504129692294143;0,9939791997329319;-0,06619670676159463;0,9930777902420896;-0,07944126344768206;6,504129692294143e-06
50;1,2037369711291512;0,6056974967637956;-1,2026523697579572;-0,6049497004695662;0,0010846013711940383;0,0007477962942293859;0,07862682976171724;0,07862682976171724;0,07862682976171724;0,9894841686832405;-0,2988327636365697;0,9885259382728854;-0,3065142248186039;7,862682976171725e-06
51;1,0163286712679103;0,49306835923638004;-1,016028356347083;-0,49286125878007664;0,0003003149208271605;0,00020710045630339957;0,0654203279400375;0,06542032794003749;0,0654203279400375;0,996916683035863;-0,027054027219890173;0,996598451814512;-0,02985704355677053;6,54203279400375e-06
52;0,0;0,0;0,0;0,0;0,0;0,0;;;;;;;;
53;0,37904491898089804;0,18214986059515523;-0,37894326419561175;-0,1820299540315363;0,00010165478528628702;0,00011990656361893226;0,024591950449850193;0,024591950449850197;0,024591950449850197;0,9873096396146912;-0,26241508139214553;0,9869726122125027;-0,27114380721400216;2,4591950449850196e-06
54;-1,1620832643572547;-0,5847960855869003;1,1666541579006275;0,5879475044712364;0,0045708935433728115;0,0031514188843361213;0,07630237650301998;0,07630237650301998;0,07630237650301998;0,9843643855527777;-0,33986089420515603;0,9885259382728854;-0,3065142248186039;7,630237650301998e-06
55;-0,32801083600417463;-0,15901029412853213;0,3280827217788905;0,15907097240944115;7,188577471584079e-05;6,0678280909026716e-05;0,021114053472792927;0,021114053472792924;0,021114053472792927;0,9967586629641763;-0,24685291291770262;0,997007921709787;-0,24320046580052612;2,111405347279293e-06
56;-0,32818272144033367;-0,1590709723485743;0,32821828734013786;0,15910099863870245;3,556589980419078e-05;3,0026290128132294e-05;0,02111926427112275;0,021119264271122762;0,021119264271122762;0,997007921709787;-0,24320046580052612;0,9971312176090426;-0,2413929120413343;2,1119264271122762e-06
57;-0,35731822101258504;-0,17310104393534576;0,3574506725638593;0,17321286830584343;0,00013245155127428188;0,00011182437049767069;0,022989030779209184;0,02298903077920918;0,022989030779209184;0,9971312176090426;-0,2413929120413343;0,9975530252906305;-0,23520604655798713;2,2989030779209185e-06
58;-0,6869118100237667;-0,33347654244562264;0,6871601193678626;0,33364775359936755;0,00024830934409592054;0,00017121115374491014;0,04437682317978815;0,044376823179788145;0,04437682317978815;0,993431019944757;-0,057742810373783864;0,9938189203478656;-0,05432424831668189;4,437682317978815e-06
59;0,9787771315988675;0,4520215482044611;-0,9781315534326757;-0,45126010009383805;0,0006455781661918181;0,0007614481106230642;0,06306888556575209;0,06306888556575209;0,06306888556575209;0,986935098726253;-0,27353115134413014;0,9861063925760838;-0,29590341382838575;6,306888556575208e-06
60;0,8590662166360997;0,4167351118711442;-0,8584468744540342;-0,4163080650758673;0,0006193421820654965;0,0004270467952768864;0,05540622460727133;0,05540622460727132;0,05540622460727133;0,9949424470622548;-0,044408509290745704;0,9941675730435585;-0,051249126270149756;5,540622460727133e-06
61;0,0893547956327402;0,020569838152672007;-0,08933503677164031;-0,020553157074140755;1,9758861099880565e-05;1,6681078531251975e-05;0,005376570449835028;0,005376570449835028;0,005376570449835028;0,9846113296830209;-0,33247099636882127;0,9843643855527777;-0,33986089420515603;5,376570449835029e-07
62;-0,7731589680305095;-0,37373148366851394;0,77338968767577;0,3738905443315805;0,00023071964526044653;0,00015906066306653477;0,0497520561170085;0,04975205611700851;0,04975205611700851;0,9965397634981933;-0,2426296018755604;0,9968611505815445;-0,2397750970512014;4,975205611700851e-06
63;0,0;0,0;0,0;0,0;0,0;0,0;;;;;;;;
64;0,6600082686290232;0,3208450823781405;-0,6594475975509911;-0,3203717111488154;0,0005606710780320379;0,00047337122932511466;0,04251411864065396;0,04251411864065397;0,04251411864065397;0,996598451814512;-0,02985704355677053;0,9956326503950657;-0,04397149009331003;4,251411864065397e-06
65;-0,7158166318460553;-0,3464953810984578;0,7161591664738486;0,3467315151504486;0,0003425346277933228;0,0002361340519907995;0,04609811780322551;0,04609811780322551;0,04609811780322551;0,9960247629422809;-0,24718788000685443;0,9965397634981933;-0,2426296018755604;4,609811780322551e-06
66;0,5800069069149079;0,2814874344362238;-0,5796481630142084;-0,2812401072507291;0,00035874390069945417;0,00024732718549469457;0,03771473946473915;0,03771473946473915;0,03771473946473915;0,986935098726253;-0,27353115134413014;0,9862757272676579;-0,27938943149883083;3,771473946473915e-06
67;0,42742242549387316;0,2071846129651676;-0,4273154976283067;-0,20709433967515375;0,00010692786556648626;9,02732900138481e-05;0,027614708774164564;0,02761470877416456;0,027614708774164564;0,9930777902420896;-0,07944126344768206;0,9927942981766831;-0,08361516717246834;2,7614708774164563e-06
68;0,4272154976280994;0,2070943396751753;-0,42712532715461465;-0,20701821045726246;9,017047348475193e-05;7,612921791283478e-05;0,027609475678107377;0,027609475678107374;0,027609475678107377;0,9927942981766831;-0,08361516717246834;0,992555184277923;-0,08713655792274094;2,760947567810738e-06
69;0,6464468328443462;0,31330803639260857;-0,646194905977498;-0,3131343765461551;0,00025192686684827326;0,00017365984645345556;0,041718430037867196;0,0417184300378672;0,0417184300378672;0,9941675730435585;-0,051249126270149756;0,9937490170590331;-0,054951322226469;4,171843003786721e-06
70;0,4090253121069561;0,19801820010339583;-0,4090204069405298;-0,19801407054020786;4,905166426261154e-06;4,129563187960095e-06;0,026433721950763125;0,026433721950763128;0,026433721950763128;0,992555184277923;-0,08713655792274094;0,9925416110830944;-0,0873357054489623;2,6433721950763126e-06
71;-0,9738598036523753;-0,4725927779382788;0,975740226794797;0,4738893479065814;0,00188042314242165;0,0012965699683025744;0,0633005004737569;0,06330050047375693;0,06330050047375693;0,9872999759919389;-0,24215507835779196;0,9893593268081359;-0,22390524179793336;6,3300500473756925e-06
72;0,5444475975512675;0,26437171114866864;-0,5442263191978398;-0,26418491053467785;0,00022127835342766744;0,00018680061399078962;0,03509683406280648;0,035096834062806496;0,035096834062806496;0,9956326503950657;-0,04397149009331003;0,9951709859210589;-0,0507321123404733;3,5096834062806493e-06
73;-0,17111534440987666;-0,08301088786099775;0,17114344318466265;0,08303025976253077;2,8098774785989544e-05;1,9371901533019042e-05;0,01104626814316148;0,01104626814316148;0,01104626814316148;0,9940441220735508;-0,26472936749912235;0,9942204501264577;-0,26317362678440204;1,104626814316148e-06
74;0,00010000002645821228;1,822354832969431e-11;-0,00010000000002533342;1,0357198553333373e-15;2,6432878862071504e-11;1,8224584049549643e-11;5,78630959322881e-06;5,78630959322881e-06;5,78630959322881e-06;0,9977869532280398;-0,051100169019462474;0,9977866894842763;-0,051110610934194105;5,78630959322881e-10
75;0,0;0,0;0,0;0,0;0,0;0,0;;;;;;;;
76;0,24713952624711;0,11902725202246889;-0,24710000002062227;-0,11900000001405604;3,952622648772941e-05;2,7252008412845252e-05;0,016046279091544973;0,01604627909154497;0,016046279091544973;0,9869726122125027;-0,27114380721400216;0,9868019349785757;-0,2726900887869296;1,604627909154497e-06
77;0,6089486516610592;0,2722046092798557;-0,6087276602126236;-0,27194390342619396;0,00022099144843557017;0,0002607058536617246;0,039052922669787354;0,03905292266978736;0,03905292266978736;0,9861063925760838;-0,29590341382838575;0,9856508631347323;-0,308607145833985;3,905292266978736e-06
78;0,5201949059783485;0,25213437654558984;-0,5200786345474511;-0,25205421152236634;0,00011627143089742997;8,016502322349961e-05;0,033585305541647285;0,03358530554164728;0,033585305541647285;0,9937490170590331;-0,054951322226469;0,9935090480920425;-0,05707537199739265;3,358530554164728e-06
79;-0,42615345497097334;-0,20712338527926186;0,4262263191973214;0,20718491053481183;7,286422634805723e-05;6,152525554997679e-05;0,027494206417600944;0,02749420641760095;0,02749420641760095;0,994976894081967;-0,053571329958338694;0,9951709859210589;-0,0507321123404733;2,7494206417600953e-06
80;-0,6844064175680209;-0,331280193275244;0,6846318197411623;0,331435620556434;0,00022540217314137578;0,0001554272811900015;0,04446000295806466;0,04446000295806466;0,04446000295806466;0,9874006801973625;-0,24135689612852404;0,9877520804852907;-0,23821611851652585;4,446000295806466e-06
81;0,5267295793306268;0,23194272869721771;-0,5266009024874004;-0,23181169925669864;0,00012867684322637185;0,0001310294405190704;0,033712318686972755;0,033712318686972755;0,033712318686972755;0,9856508631347323;-0,308607145833985;0,9853587550977267;-0,3153847469269367;3,371231868697276e-06
82;0,20702040693391424;0,1000140705390415;-0,20700569936437205;-0,10000392923789786;1,4707569542193877e-05;1,0141301143642978e-05;0,013373814964178296;0,013373814964178296;0,013373814964178296;0,9925416110830944;-0,0873357054489623;0,9924653957563108;-0,08801698709016217;1,3373814964178296e-06
83;0,3321124811878121;0,16009533638940202;-0,3320633124508641;-0,16005382703344503;4,9168736947990954e-05;4,150935595698124e-05;0,021624191941171704;0,0216241919411717;0,021624191941171704;0,9843643855527777;-0,33986089420515603;0,9841980074108921;-0,34235417468713686;2,1624191941171703e-06
84;0,489600564022717;0,21381207685800696;-0,48948961994962303;-0,21369910439565923;0,00011094407309397702;0,0001129724623477324;0,0313033255453191;0,0313033255453191;0,0313033255453191;0,9853587550977267;-0,3153847469269367;0,9850878514454205;-0,3217278743586214;3,1303325545319105e-06
85;0,0;0,0;0,0;0,0;0,0;0,0;;;;;;;;
86;-0,34603984387803066;-0,16802747029211718;0,3461534549708741;0,16812338527925502;0,00011361109284341309;9,591498713784619e-05;0,02232985239201345;0,02232985239201345;0,02232985239201345;0,9946043228429734;-0,059028966706861696;0,994976894081967;-0,053571329958338694;2,232985239201345e-06
87;0,31607480975964014;0,1530517764868434;-0,31603293558449314;-0,15302291003418886;4,187417514700531e-05;2,886645265454124e-05;0,02059750212254396;0,020597502122543958;0,02059750212254396;0,9843643855527777;-0,33986089420515603;0,9842234819173827;-0,3411224287411652;2,059750212254396e-06
88;-0,4844030874873747;-0,23516945359687644;0,48456644954029526;0,23530735471722458;0,00016336205292055705;0,00013790112034814395;0,03132336940678671;0,031323369406786705;0,03132336940678671;0,9925061878495927;-0,06813595190926262;0,9928880749598498;-0,06252969033560404;3,132336940678671e-06
89;0,0;0,0;0,0;0,0;0,0;0,0;;;;;;;;
90;0,5262367908751345;0,2551938674425153;-0,5261233714727522;-0,25509809811831263;0,00011341940238229764;9,576932420268802e-05;0,034302651189704554;0,03430265118970456;0,03430265118970456;0,9843643855527777;-0,33986089420515603;0,9841222881401877;-0,3434553843157024;3,430265118970456e-06
91;0,8972985327933635;0,43389528358653684;-0,8963540485320698;-0,4332440758759066;0,0009444842612936766;0,0006512077106302638;0,0581204246985905;0,0581204246985905;0,0581204246985905;0,9900903048766722;-0,08831582023684671;0,9889640558951551;-0,09839290351822658;5,81204246985905e-06
92;0,22703586495461184;0,11002472703149206;-0,22700462851062805;-0,11000319163015741;3,123644398378422e-05;2,153540133464915e-05;0,014746640580422167;0,014746640580422165;0,014746640580422167;0,9877520804852907;-0,23821611851652585;0,9876052585414877;-0,2395238185290381;1,4746640580422169e-06
93;0,41149275738529617;0,17569597016209373;-0,4114324964809044;-0,17564509601275113;6,026090439176235e-05;5,087414934260015e-05;0,02622354595713562;0,026223545957135618;0,02622354595713562;0,9850878514454205;-0,3217278743586214;0,9849218536979377;-0,3246896052309343;2,622354595713562e-06
94;0,3180786345474281;0,15405421152271567;-0,31799999999989415;-0,15400000000008363;7,863454753392896e-05;5,4211522632047204e-05;0,02053810852019969;0,02053810852019969;0,02053810852019969;0,9935090480920425;-0,05707537199739265;0,9932436755162513;-0,05942896629542837;2,0538108520199693e-06
95;-0,6553175479414861;-0,31821894765858977;0,6558598036520654;0,3185927779382429;0,0005422557105793091;0,0003738302796531534;0,042638759425376906;0,042638759425376906;0,042638759425376906;0,9864183693109149;-0,2499668492943554;0,9872999759919389;-0,24215507835779196;4,263875942537691e-06
96;0,08100569936460968;0,03900392923788191;-0,0810000000001388;-0,039000000000000465;5,699364470881929e-06;3,929237881443448e-06;0,005230177920432144;0,005230177920432144;0,005230177920432144;0,9924653957563108;-0,08801698709016217;0,9923898934059147;-0,08869745955285496;5,230177920432143e-07
97;0,00010000002068730193;1,4268485431057017e-11;-0,00010000000004295886;-3,5256806421412146e-14;2,064434307367819e-11;1,4233228624635605e-11;5,850722096935895e-06;5,850722096935895e-06;5,850722096935895e-06;0,9868019349785757;-0,2726900887869296;0,9868017312598311;-0,2726982438245287;5,850722096935895e-10
98;0,0;0,0;0,0;0,0;0,0;0,0;;;;;;;;
99;-0,1270221529970645;-0,06201545879163568;0,12705411576705825;0,06203749468233559;3,196276999373193e-05;2,2035890699906302e-05;0,008214299100875509;0,00821429910087551;0,00821429910087551;0,9935106333022545;-0,2668381821448913;0,9937804631598355;-0,26449640674358404;8,214299100875511e-07
100;-0,46353475079436435;-0,22429973417731572;0,4636441920829461;0,22437518089503472;0,0001094412885817575;7,544671771900213e-05;0,030120552581579918;0,03012055258157992;0,03012055258157992;0,9870578165116279;-0,2646669121849017;0,9873096396146912;-0,26241508139214553;3,012055258157992e-06
101;-0,12199964797209657;-0,058999939583852405;0,12202216600818692;0,05901546470693307;2,2518036090352078e-05;1,552512308066606e-05;0,00787676408071266;0,007876764080712658;0,00787676408071266;0,9933125007999116;-0,26860209619176095;0,9935106333022545;-0,2668381821448913;7,87676408071266e-07
102;1,353957918289199;0,6797874187516306;-1,350488151164263;-0,6773951688439641;0,003469767124935963;0,0023922499076665105;0,08774566258449647;0,08774566258449648;0,08774566258449648;0,9968611505815445;-0,2397750970512014;0,9941146315426882;-0,2618099654158942;8,774566258449648e-06
103;0,09810482588853697;0,04700332700390655;-0,09810285124638642;-0,04700196576123257;1,97464215055676e-06;1,3612426739834094e-06;0,006325583938970992;0,0063255839389709904;0,006325583938970992;0,9928922925880642;-0,06336149087847368;0,9928706704892103;-0,06355869536264869;6,325583938970992e-07
104;-0,482199730377223;-0,23313770928722735;0,48240641756740354;0,2332801932749865;0,00020668719018052117;0,00014248398775915105;0,03133209764499238;0,031332097644992375;0,03133209764499238;0,986943508858702;-0,24545323944133277;0,9874006801973625;-0,24135689612852404;3,133209764499238e-06
105;0,0;0,0;0,0;0,0;0,0;0,0;;;;;;;;
106;-0,39940910833546434;-0,1932131148833949;0,3995347507944626;0,19329973417762544;0,0001256424589982652;8,661929423053882e-05;0,025961032565715608;0,025961032565715605;0,025961032565715608;0,9867223962787618;-0,2676697490039135;0,9870578165116279;-0,2646669121849017;2,596103256571561e-06
107;1,3503890583928617;0,6773940068263795;-1,349966878505751;-0,677103007560647;0,0004221798871106852;0,00029099926573250556;0,08774048822152028;0,0877404882215203;0,0877404882215203;0,9941146315426882;-0,2618099654158942;0,9937804631598355;-0,26449640674358404;8,77404882215203e-06
108;0,2894289105537501;0,11664882864484247;-0,2893649783277618;-0,11658373200713887;6,393222598827242e-05;6,509663770359886e-05;0,01829210396893533;0,018292103968935332;0,018292103968935332;0,9849218536979377;-0,3246896052309343;0,9846578963012332;-0,33138925981744904;1,8292103968935332e-06
109;-1,3556816862384373;-0,6516929298995647;1,3567048950444938;0,6523984341919968;0,0010232088060564415;0,000705504292432102;0,08709803476865491;0,08709803476865491;0,08709803476865491;0,9970860808485393;-0,23976271695227847;0,9978999999758056;-0,232434547629252;8,709803476865491e-06
110;0,5777968600617048;0,2811951655889099;-0,576836204436416;-0,28053282573234956;0,0009606556252887977;0,0006623398565603345;0,03759098470712816;0,03759098470712816;0,03759098470712816;0,986935098726253;-0,27353115134413014;0,9851633018422372;-0,28917865476508176;3,7590984707128162e-06
111;0,0;0,0;0,0;0,0;0,0;0,0;;;;;;;;
112;0,030102851245582714;0,014001965761345757;-0,03010174777019256;-0,01400120499059344;1,1034753901531524e-06;7,607707523168278e-07;0,001930563647246906;0,0019305636472469064;0,0019305636472469064;0,9928706704892103;-0,06355869536264869;0,9928311533395523;-0,06394600030997898;1,9305636472469063e-07
113;0,030001747770264164;0,014001204990651312;-0,030000000000038655;-0,013999999999993835;1,7477702255082328e-06;1,2049906574773672e-06;0,0019252924791911617;0,001925292479191161;0,0019252924791911617;0,9928311533395523;-0,06394600030997898;0,9927683779154367;-0,06455660801901668;1,9252924791911618e-07
114;0,5145388511757196;0,24930255794052011;-0,5142092546576296;-0,24907532370107488;0,0003295965180900584;0,00022723423944523424;0,033365228673673114;0,033365228673673114;0,033365228673673114;0,9893593268081359;-0,22390524179793336;0,9886746227783597;-0,23000033570332987;3,336522867367312e-06
115;0,3737574700035029;0,18038621137084165;-0,3737013361431424;-0,18033881293848616;5,613386036051882e-05;4,7398432355488795e-05;0,024132174933157346;0,024132174933157346;0,024132174933157346;0,9928922925880642;-0,06336149087847368;0,9927220565028623;-0,06588674885271176;2,4132174933157344e-06
116;0,3736013361432546;0,18033881293864545;-0,37352226244307546;-0,1802720683092098;7,907370017912196e-05;6,674462943564996e-05;0,024126937233281274;0,024126937233281274;0,024126937233281274;0,9927220565028623;-0,06588674885271176;0,9924822207087739;-0,06944181797599804;2,4126937233281274e-06
117;0,3734222624429995;0,180272068308641;-0,3733049951177412;-0,1801730596350975;0,00011726732525829675;9,900867354351028e-05;0,02412169837576175;0,024121698375761755;0,024121698375761755;0,9924822207087739;-0,06944181797599804;0,992126434772716;-0,07471936577170228;2,4121698375761752e-06
118;0,0;0,0;0,0;0,0;0,0;0,0;;;;;;;;
119;-0,3353465756891334;-0,1621700007194912;0,3354091083354618;0,16221311488330725;6,253264632838373e-05;4,311416381605482e-05;0,021800098856234018;0,021800098856234015;0,021800098856234018;0,9865235934436288;-0,2694520907881378;0,9867223962787618;-0,2676697490039135;2,180009885623402e-06
120;-0,5092066693380629;-0,2450788256937341;0,5093450067555025;0,24517421037984874;0,0001383374174396268;9,538468611464124e-05;0,03312298817233509;0,03312298817233509;0,03312298817233509;0,985023895166067;-0,3496884181400458;0,9853132733539355;-0,3470577808771624;3,3122988172335086e-06
121;-0,32829156474723364;-0,15913207723521225;0,3283465756890772;0,15917000071961668;5,501094184356958e-05;3,79234844044285e-05;0,021354867267062195;0,021354867267062195;0,021354867267062195;0,9863450374431109;-0,27104282606226265;0,9865235934436288;-0,2694520907881378;2,1354867267062193e-06
122;0,1740365697793;0,08402521298637325;-0,17399999999995486;-0,08399999999995297;3,656977934513028e-05;2,5212986420275474e-05;0,011218332559973244;0,01121833255997324;0,011218332559973244;0,9946043228429734;-0,059028966706861696;0,9943784207027068;-0,061047025991908935;1,1218332559973246e-06
123;-0,3280841131753256;-0,15905799062129294;0,32819156474679057;0,1591320772354692;0,00010745157146496709;7,408661417626639e-05;0,021349600170521076;0,02134960017052108;0,02134960017052108;0,9859961643344136;-0,2741516122377998;0,9863450374431109;-0,27104282606226265;2,134960017052108e-06
124;0,0;0,0;0,0;0,0;0,0;0,0;;;;;;;;
125;-0,2710060145831053;-0,131004145975526;0,271091109826627;0,13106281475852954;8,50952435216823e-05;5,866878300353484e-05;0,017583796440242914;0,017583796440242914;0,017583796440242914;0,9883392294507662;-0,23300413884024446;0,9886746227783597;-0,23000033570332987;1,7583796440242915e-06
126;-1,8033179928691474;-0,8677754134359521;1,8067872527937863;0,8701672159831151;0,003469259924638868;0,00239180254716298;0,11578520406812927;0,11578520406812927;0,11578520406812927;0,9978999999758056;-0,232434547629252;0,9999760203216562;-0,21383751053548453;1,1578520406812927e-05
127;0,6247729374943983;0,3024657207363129;-0,6243386142385103;-0,3021662694080399;0,0004343232558879917;0,0002994513282729705;0,04062530207952828;0,04062530207952828;0,04062530207952828;0,9864798451844214;-0,3365325787250553;0,9857388512553722;-0,34316357004643155;4,062530207952828e-06
128;0,24241051379854062;0,11714514327433806;-0,2423460156080027;-0,11710067393366624;6,449819053791495e-05;4,4469340671815516e-05;0,015655387676924894;0,015655387676924898;0,015655387676924898;0,9928922925880642;-0,06336149087847368;0,9926067722834351;-0,06591075264328583;1,5655387676924897e-06
129;0,24224601560805456;0,11710067393388536;-0,24216007554600602;-0,11704142114144696;8,594006204853955e-05;5,925279243840231e-05;0,015650150715587015;0,01565015071558701;0,015650150715587015;0,9926067722834351;-0,06591075264328583;0,9922261994289693;-0,06930735891609763;1,5650150715587016e-06
130;-1,2774608481151548;-0,6138512496030568;1,2786819188985825;0,6146931020848163;0,0012210707834277024;0,0008418524817594975;0,08215143016180751;0,08215143016180751;0,08215143016180751;0,9960563308255626;-0,24904830238702527;0,9970860808485393;-0,23976271695227847;8,21514301618075e-06
131;0,5027361060562642;0,24453275834294702;-0,5026232364558821;-0,24443747128231075;0,0001128696003820373;9,528706063627324e-05;0,03276301458792022;0,032763014587920226;0,032763014587920226;0,9851633018422372;-0,28917865476508176;0,9849109942305457;-0,2929017880835129;3,2763014587920227e-06
132;0,502523236407727;0,2444374713640559;-0,5022505371968901;-0,24420726571458182;0,00027269921083694637;0,00023020564947409672;0,032757743075268006;0,032757743075268006;0,032757743075268006;0,9849109942305457;-0,2929017880835129;0,9843013221778668;-0,30190241820568947;3,2757743075268004e-06
133;-0,3560470380447617;-0,17203243304193985;0,3561997303769937;0,1721377092874186;0,0001526923322320295;0,00010527624547873593;0,023142891661726457;0,023142891661726457;0,023142891661726457;0,9864862600650053;-0,24956087797879403;0,986943508858702;-0,24545323944133277;2,3142891661726455e-06
134;0,0;0,0;0,0;0,0;0,0;0,0;;;;;;;;
135;0,0;0,0;0,0;0,0;0,0;0,0;;;;;;;;
136;0,2963049951177758;0,14317305963508586;-0,2961892971734451;-0,14307538310886217;0,00011569794433069491;9,767652622369449e-05;0,019150358357343446;0,019150358357343446;0,019150358357343446;0,992126434772716;-0,07471936577170228;0,9916842563082157;-0,08127070406898411;1,9150358357343445e-06
137;0,6134226080962526;0,2971876848363693;-0,6132935400449362;-0,29709871243958347;0,00012906805131640553;8,89723967858469e-05;0,03935343340015452;0,039353433400154514;0,03935343340015452;1,0000000000300155;-6,717562175415604e-20;0,9997726803973987;-0,0020007473366467255;3,935343340015452e-06
138;0,613193540044889;0,29709871244020025;-0,6127096859041077;-0,29676511923303006;0,0004838541407813368;0,0003335932071701908;0,03934823636990137;0,03934823636990137;0,03934823636990137;0,9997726803973987;-0,0020007473366467255;0,9989203552208856;-0,0095110297406176;3,934823636990137e-06
139;0,08200156062304247;0,04000122186740676;-0,08199971348501704;-0,03999994832764642;1,847138025423689e-06;1,2735397603436116e-06;0,005298704877260403;0,005298704877260403;0,005298704877260403;0,994133946460976;-0,26394107603990397;0,9941097735409955;-0,2641513159973922;5,298704877260403e-07
140;-0,43804709284474286;-0,2120337052473534;0,438154148809007;0,2121075167466546;0,00010705596426413555;7,381149930119069e-05;0,028524004267587055;0,02852400426758706;0,02852400426758706;0,9850531378952746;-0,34938762997569556;0,9853132733539355;-0,3470577808771624;2,8524004267587057e-06
141;-0,6949967248811623;-0,3362492151389656;0,6950514745715339;0,33628695289053473;5,4749690371669324e-05;3,77377515691224e-05;0,04468452117035765;0,04468452117035765;0,04468452117035765;0,9975530252906305;-0,23520604655798713;0,9976379395604927;-0,23445463485730259;4,4684521170357655e-06
142;-0,69515147433194;-0,3362869525989511;0,6954580602100163;0,33649833328643464;0,0003065858780763042;0,00021138068748355332;0,044689730681420764;0,04468973068142076;0,044689730681420764;0,9976379395604927;-0,23445463485730259;0,9981134164002561;-0,2302443528524976;4,468973068142076e-06
143;-0,08299966791954154;-0,039999944221888795;0,08300779875235598;0,04000555015860353;8,130832814437494e-06;5,6059367147323624e-06;0,005340433648726544;0,005340433648726545;0,005340433648726545;0,996069384210848;-0,2517111503752772;0,9961748815633098;-0,25076593417804993;5,340433648726545e-07
144;-0,08310779822208789;-0,04000555044441972;0,08310905156673096;0,04000641458354435;1,2533446430706974e-06;8,641391246316799e-07;0,0053456551753657475;0,005345655175365747;0,0053456551753657475;0,9961748815633098;-0,25076593417804993;0,9961911266254023;-0,2506199521024953;5,345655175365748e-07
145;0,9449817644861633;0,45321163532561276;-0,9383989277621168;-0,4486729900329733;0,006582836724046581;0,004538645292639476;0,06087580488142727;0,06087580488142726;0,06087580488142727;0,9939698306118329;-0,26791525535335164;0,9864798451844214;-0,3365325787250553;6,087580488142727e-06
146;-1,204124226735963;-0,5782403882889371;1,20646100018319;0,5798515140268388;0,0023367734472268253;0,0016111257379016752;0,0775884937330056;0,0775884937330056;0,0775884937330056;0,9939698306118329;-0,26791525535335164;0,9960563308255626;-0,24904830238702527;7,758849373300559e-06
147;-0,34715482097483785;-0,1680384225065535;0,34773785608524455;0,16844040567433038;0,0005830351104066933;0,00040198316777689813;0,0223970130863321;0,022397013086332105;0,022397013086332105;0,9942204501264577;-0,26317362678440204;0,9960247629422809;-0,24718788000685443;2,2397013086332105e-06
148;0,3180789480971615;0,15405500689746712;-0,3180522559855987;-0,15403659941298375;2,6692111562753862e-05;1,8407484483368153e-05;0,020486270737310405;0,020486270737310408;0,020486270737310408;0,9960247629422809;-0,24718788000685443;0,995934448438309;-0,24798746943458244;2,048627073731041e-06
149;0,16516007554616416;0,08004142114132484;-0,16511818347975818;-0,08001253737583977;4,1892066405979644e-05;2,8883765485071544e-05;0,010679320091476277;0,010679320091476277;0,010679320091476277;0,9922261994289693;-0,06930735891609763;0,9919542935947832;-0,07171885853803728;1,0679320091476276e-06
150;0,29753538753532294;0,14416232129916298;-0,2974368135871016;-0,14409435786564245;9,857394822132548e-05;6,796343352052925e-05;0,019354017841698906;0,019354017841698906;0,019354017841698906;0,9862757272676579;-0,27938943149883083;0,9859226962307764;-0,2825412105150659;1,935401784169891e-06
151;0,16501818347977637;0,08001253737571049;-0,16500131866716944;-0,08000090906349143;1,6864812606931512e-05;1,1628312219055803e-05;0,01067408261965487;0,01067408261965487;0,01067408261965487;0,9919542935947832;-0,07171885853803728;0,991844772322911;-0,07268911898742052;1,067408261965487e-06
152;-0,5496508798185741;-0,26524191149856124;0,5499484345754863;0,26544706527049;0,00029755475691217725;0,0002051537719287566;0,035609339285799235;0,035609339285799235;0,035609339285799235;0,9895112453438268;-0,09351811548107006;0,9900903048766722;-0,08831582023684671;3,5609339285799236e-06
153;0,48491181002345773;0,2354765424454677;-0,484666449539888;-0,23530735471732767;0,0002453604835697121;0,00016918772814003558;0,031328600248431517;0,0313286002484315;0,031328600248431517;0,993431019944757;-0,057742810373783864;0,9928880749598498;-0,06252969033560404;3,1328600248431514e-06
154;0,230112786981994;0,11207778796277251;-0,23002416880012325;-0,11201668869647591;8,861818187075321e-05;6,109926629660478e-05;0,014983243910839722;0,014983243910839722;0,014983243910839722;0,9862757272676579;-0,27938943149883083;0,9858656416985553;-0,28300078858897526;1,498324391083972e-06
155;0,12601155237851547;0,061008193156321076;-0,12600140564419388;-0,06100119732308158;1,0146734321592188e-05;6,995833239493987e-06;0,00813007980601283;0,008130079806012831;0,008130079806012831;0,9942204501264577;-0,26317362678440204;0,994133946460976;-0,26394107603990397;8,130079806012832e-07
156;-0,21202349050609814;-0,1030161952943211;0,21208411317505224;0,10305799062118115;6,062266895409674e-05;4,1795326860050164e-05;0,013807147560417836;0,013807147560417836;0,013807147560417836;0,9856917789081976;-0,27684869064806933;0,9859961643344136;-0,2741516122377998;1,3807147560417836e-06
157;-0,7405580259332013;-0,3584983965371174;0,7406449351051141;0,3585583292107899;8,690917191278569e-05;5,993267367249144e-05;0,047592323323453145;0,04759232332345313;0,047592323323453145;0,9981134164002561;-0,2302443528524976;0,9982399923165365;-0,2291249967466568;4,759232332345314e-06
158;0,5595051649458701;0,2707620022387636;-0,5592320385074545;-0,27057367122140424;0,00027312643841559403;0,00018833101735937774;0,03592555745114366;0,035925557451143654;0,03592555745114366;0,9989203552208856;-0,0095110297406176;0,9983934160338465;-0,014172970918848515;3,592555745114366e-06
159;0,20204552480937807;0,09803138783031536;-0,20199999999998713;-0,09800000000003761;4,5524809390934395e-05;3,138783027774317e-05;0,013152676219778357;0,013152676219778357;0,013152676219778357;0,9857815709595146;-0,255614689823143;0,9855416364241979;-0,25774981586276186;1,315267621977836e-06
160;-0,2019999999998624;-0,09799999999989586;0,2020448271903254;0,09803090684530402;4,482719046300376e-05;3,090684540815736e-05;0,01305151182904472;0,01305151182904472;0,01305151182904472;0,9931807299244282;-0,059955251342436136;0,9934188189822514;-0,05785283598022414;1,305151182904472e-06
161;0,2704368195809652;0,1310943588987391;-0,2703519097395401;-0,13103581961213615;8,490984142511815e-05;5,853928660295993e-05;0,017599195298307665;0,017599195298307665;0,017599195298307665;0,9859226962307764;-0,2825412105150659;0,9855882751888076;-0,2855236601667584;1,7599195298307664e-06
162;0,0;0,0;0,0;0,0;0,0;0,0;;;;;;;;
163;0,22518929717349265;0,10907538310888103;-0,22510468394147123;-0,1090039542876275;8,461323202141324e-05;7,14288212535219e-05;0,014567320850460077;0,014567320850460077;0,014567320850460077;0,9916842563082157;-0,08127070406898411;0,9912590445805374;-0,0875475090797517;1,4567320850460076e-06
164;-0,1449999999993099;-0,06999999999975869;0,14500601458261866;0,07000414597466083;6,0145833087610345e-06;4,145974902142191e-06;0,009406156325914438;0,00940615632591444;0,00940615632591444;0,9882949197789234;-0,23340225323868843;0,9883392294507662;-0,23300413884024446;9,40615632591444e-07
165;-0,09035761498933188;-0,020565466775583904;0,09036150009230644;0,020568145423872777;3,885102974554577e-06;2,6786482888729868e-06;0,005433833489737447;0,005433833489737447;0,005433833489737447;0,9846113296830209;-0,33247099636882127;0,9846578963012332;-0,33138925981744904;5,433833489737446e-07
166;0,759643206952424;0,36824664328539275;-0,7586448693349469;-0,3675583116414262;0,0009983376174771408;0,0006883316439665332;0,04875617011993566;0,04875617011993565;0,04875617011993566;0,9996593083048888;-0,21662550411577416;0,9982399923165365;-0,2291249967466568;4,875617011993566e-06
167;-1,0118286125700346;-0,4932849114921787;1,0120189793369583;0,49341616299769075;0,00019036676692363308;0,00013125150551207554;0,06588116243080101;0,06588116243080101;0,06588116243080101;0,9864798451844214;-0,3365325787250553;0,9866802070282578;-0,33477403814245904;6,588116243080101e-06
168;-0,20210597307410394;-0,09800504233629216;0,2021201756130073;0,0980170338853554;1,420253890335732e-05;1,199154906324218e-05;0,013061434374076426;0,013061434374076425;0,013061434374076426;0,9928574232494752;-0,08267944492847419;0,9929370391068644;-0,08150794954549236;1,3061434374076426e-06
169;-0,2020000000002731;-0,09799999999994728;0,20200597307350943;0,09800504233745673;5,973073236326121e-06;5,042337509447714e-06;0,0130562023132575;0,0130562023132575;0,0130562023132575;0,9928239264374917;-0,08317181079572718;0,9928574232494752;-0,08267944492847419;1,3056202313257499e-06
170;0,5452111469817009;0,26414555360535985;-0,5450026496504967;-0,26400182704335257;0,00020849733120420488;0,00014372656200728473;0,035367837317426674;0,035367837317426674;0,035367837317426674;0,9889640558951551;-0,09839290351822658;0,9885554615803801;-0,10202978426636886;3,5367837317426676e-06
171;0,26605243744307117;0,12903662935840515;-0,2660250493474176;-0,12901774770378976;2,738809565355771e-05;1,8881654615388044e-05;0,01714153319322724;0,01714153319322724;0,01714153319322724;0,995934448438309;-0,24798746943458244;0,9958236961748833;-0,24896361061553499;1,714153319322724e-06
172;0,0;0,0;0,0;0,0;0,0;0,0;;;;;;;;
173;0,3482505761788012;0,16920726785124668;-0,34811046859076356;-0,16908897712672452;0,00014010758803761902;0,00011829072452215761;0,022710462235053613;0,022710462235053613;0,022710462235053613;0,9843013221778668;-0,30190241820568947;0,9838495364819624;-0,3085892848136747;2,2710462235053615e-06
174;1,428176305094285;0,6908835378385093;-1,4227542132868425;-0,6871452739389933;0,005422091807442575;0,0037382638995160367;0,09154783428626395;0,09154783428626395;0,09154783428626395;1,0005379435660129;-0,2139089773020955;0,9964332850798725;-0,2503174698037022;9,154783428626396e-06
175;0,3060859662961546;0,148068184958686;-0,30603017113771364;-0,1480210801886372;5,5795158440952175e-05;4,710477004882252e-05;0,019947720582021128;0,019947720582021128;0,019947720582021128;0,9841222881401877;-0,3434553843157024;0,9839175463968589;-0,34650713806636835;1,9947720582021127e-06
176;0,8118810128463988;0,39341070143229684;-0,8116430104173542;-0,3932466067342962;0,00023800242904459257;0,0001640946980006608;0,052088443876352745;0,05208844387635274;0,052088443876352745;0,9999760203216562;-0,21383751053548453;0,9996593083048888;-0,21662550411577416;5,208844387635274e-06
177;0,49112791135759715;0,23757082578110492;-0,4909107357806822;-0,2374210752629929;0,00021717557691497413;0,00014975051811202955;0,03154917962812939;0,0315491796281294;0,0315491796281294;0,9983934160338465;-0,014172970918848515;0,9979163131411851;-0,018400679504079278;3,15491796281294e-06
178;-0,13500989387384635;-0,06600682087230667;0,13502349050601778;0,06601619529448778;1,3596632171430922e-05;9,374422181115949e-06;0,008803418845856729;0,008803418845856732;0,008803418845856732;0,9855846669890433;-0,2777826137588;0,9856917789081976;-0,27684869064806933;8,803418845856732e-07
179;0,14402418784227958;0,07001669217459819;-0,14400007638051662;-0,07000006903943656;2,4111461762954534e-05;1,662313516162528e-05;0,009378331199801066;0,009378331199801068;0,009378331199801068;0,9858656416985553;-0,28300078858897526;0,9856874029576986;-0,28457823340270594;9,378331199801067e-07
180;0,4758105728633987;0,23042096294585562;-0,4756115583399413;-0,23028374929401768;0,0001990145234573859;0,00013721365183794187;0,030586375466943597;0,0305863754669436;0,0305863754669436;0,9979163131411851;-0,018400679504079278;0,9974653257463365;-0,022385780790367692;3,0586375466943598e-06
181;-0,11900000000002087;-0,05800000000018732;0,11900989387352942;0,0580068208723125;9,893873508554085e-06;6,820872125182231e-06;0,007755564722997528;0,007755564722997528;0,007755564722997528;0,9854962122711598;-0,2785601290071154;0,9855846669890433;-0,2777826137588;7,755564722997527e-07
182;0,0;0,0;0,0;0,0;0,0;0,0;;;;;;;;
183;0,05100131866749716;0,025000909063951835;-0,05100000000017235;-0,02500000000008106;1,3186673248066771e-06;9,090638707735799e-07;0,00330628250115788;0,0033062825011578797;0,00330628250115788;0,991844772322911;-0,07268911898742052;0,99181710884722;-0,07292702613694135;3,30628250115788e-07
184;0,0;0,0;0,0;0,0;0,0;0,0;;;;;;;;
185;-2,1274466029096635;-1,0536792540927906;2,1293126313968784;1,054965622666956;0,0018660284872149546;0,0012863685741653086;0,13749932254469818;0,1374993225446982;0,1374993225446982;0,9968611505815445;-0,2397750970512014;0,9978030206332793;-0,23195008642455403;1,374993225446982e-05
186;0,0;0,0;0,0;0,0;0,0;0,0;;;;;;;;
187;0,48371709084205516;0,23442705220953977;-0,48315796135367256;-0,23404156111688865;0,0005591294883826037;0,0003854910926511246;0,03101761072246375;0,03101761072246374;0,03101761072246375;1,0005379435660129;-0,2139089773020955;0,9992884766093493;-0,224907123052314;3,101761072246375e-06
188;0,1990622194213571;0,09605275256469181;-0,19902244276037515;-0,0960191741433887;3,977666098195498e-05;3,357842130310984e-05;0,01296574912456008;0,01296574912456008;0,01296574912456008;0,9841980074108921;-0,34235417468713686;0,9839735092621678;-0,34571343071732274;1,2965749124560079e-06
189;0,24904703804466474;0,12003243304162421;-0,24902235272651102;-0,12001541328838236;2,4685318153722102e-05;1,70197532418509e-05;0,01618029914196479;0,016180299141964786;0,01618029914196479;0,9864862600650053;-0,24956087797879403;0,9863805450834998;-0,2505172670542451;1,618029914196479e-06
190;0,17102537978006468;0,08301780500179304;-0,1709994051327473;-0,08299989572482971;2,5974647317378308e-05;1,7909276963323784e-05;0,011022010564581068;0,011022010564581068;0,011022010564581068;0,9958236961748833;-0,24896361061553499;0,9956603294804215;-0,25040106308555726;1,1022010564581068e-06
191;0,056001202479461096;0,02700107909965852;-0,05599992039409948;-0,02699999652960372;1,2820853616188344e-06;1,0825700547979766e-06;0,0036470564095765494;0,0036470564095765494;0,0036470564095765494;0,9841980074108921;-0,34235417468713686;0,984172282346426;-0,3427397081003263;3,647056409576549e-07
192;0,028000628597204775;0,014000530755749243;-0,027999999999944347;-0,014000000000065889;6,285972604276602e-07;5,307556833547555e-07;0,0018224068993130517;0,001822406899313052;0,001822406899313052;0,991786408194893;-0,07830423777971873;0,9917610764699386;-0,07865857374609243;1,822406899313052e-07
193;0,02810100907668682;0,014000852013955881;-0,028100628596971256;-0,014000530755602415;3,8047971556362525e-07;3,2125835346639986e-07;0,0018276154813117612;0,0018276154813117614;0,0018276154813117614;0,991801692116558;-0,07808912510574537;0,991786408194893;-0,07830423777971873;1,8276154813117614e-07
194;0,27611048686635975;0,13408897810117673;-0,2760280339703101;-0,13401937349019202;8,245289604963402e-05;6,960461098470816e-05;0,018012541271442237;0,018012541271442237;0,018012541271442237;0,9838495364819624;-0,3085892848136747;0,9835143464192826;-0,31355483363283476;1,8012541271442236e-06
195;0,41950935748920104;0,2032822318138366;-0,41937922428402713;-0,20319250586438142;0,00013013320517391014;8,97259494551661e-05;0,026982562176284013;0,02698256217628401;0,026982562176284013;0,9974653257463365;-0,022385780790367692;0,9971310277125002;-0,025336329304746545;2,6982562176284014e-06
196;-0,24401769863223016;-0,11801289469575846;0,2440481531598735;0,11803388946089828;3,045452764333101e-05;2,0994765139822902e-05;0,015889062378534043;0,01588906237853404;0,015889062378534043;0,9849203018669851;-0,35057988920404437;0,9850531378952746;-0,34938762997569556;1,5889062378534041e-06
197;0,0;0,0;0,0;0,0;0,0;0,0;;;;;;;;
198;-1,0590439134730176;-0,5127197551503203;1,0600049793238127;0,513382378810614;0,0009610658507950287;0,0006626236602936819;0,06864760111711003;0,06864760111711005;0,06864760111711005;0,9895859411869695;-0,0922703715919073;0,9905563075880196;-0,08362977575592931;6,864760111711005e-06
199;-0,19399975777151982;-0,09399995793629229;0,19403308785697632;0,09402293625870635;3,333008545650107e-05;2,2978322414060615e-05;0,012647988474936816;0,01264798847493682;0,01264798847493682;0,9840408264825942;-0,34275544155775167;0,9842234819173827;-0,3411224287411652;1,264798847493682e-06
200;0,4072790734215269;0,19719240183739434;-0,4071383126999526;-0,19709536240505224;0,00014076072157431785;9,703943234209977e-05;0,026200576986995266;0,026200576986995266;0,026200576986995266;0,9971310277125002;-0,025336329304746545;0,9967586687604284;-0,02862966641248016;2,6200576986995266e-06
201;-0,05270025033367968;-0,02500017259668093;0,05270293165235291;0,02500202115562032;2,68131867323107e-06;1,8485589393900381e-06;0,0034122913557381187;0,0034122913557381182;0,0034122913557381187;0,9869182177942328;-0,2716554863485867;0,9869726122125027;-0,27114380721400216;3,4122913557381186e-07
202;0,0;0,0;0,0;0,0;0,0;0,0;;;;;;;;
203;-0,3730455706010621;-0,18103141940164466;0,3731920381843314;0,1811323978853641;0,0001464675832693052;0,00010097848371942719;0,024098477573167236;0,02409847757316724;0,02409847757316724;0,9934188189822514;-0,05785283598022414;0,9938401390637716;-0,054137336640771146;2,409847757316724e-06
204;0,06910409133924719;0,03400345433095127;-0,06910100907675995;-0,034000852013874795;3,0822624872417492e-06;2,6023170764735704e-06;0,004483103448652428;0,004483103448652428;0,004483103448652428;0,9918521046966724;-0,07736440953635679;0,991801692116558;-0,07808912510574537;4,483103448652428e-07
205;0,06920824384445419;0,03400631775224801;-0,0692040913391505;-0,03400345433060211;4,152505303695042e-06;2,8634216458975348e-06;0,004488327062721364;0,004488327062721364;0,004488327062721364;0,9919162886739669;-0,07681551638742191;0,9918521046966724;-0,07736440953635679;4,488327062721364e-07
206;0,1033519468665682;0,0500358261118114;-0,10333954328493888;-0,050027274725921174;1,2403581629322202e-05;8,551385890225027e-06;0,006726472180170185;0,006726472180170186;0,006726472180170186;0,9855882751888076;-0,2855236601667584;0,9854604678790626;-0,28666744162734603;6,726472180170186e-07
207;0,10323954331219892;0,05002727471320503;-0,10322418713713877;-0,050016687612369305;1,5356175060154964e-05;1,0587100835728058e-05;0,006721199402031062;0,00672119940203106;0,006721199402031062;0,9854604678790626;-0,28666744162734603;0,9853021035987288;-0,2880815682554195;6,721199402031062e-07
208;0,10312418716406661;0,05001668759960834;-0,10311528505247526;-0,050010549892026884;8,902111591352346e-06;6,137707581455043e-06;0,00671592668463977;0,00671592668463977;0,00671592668463977;0,9853021035987288;-0,2880815682554195;0,9852102202334192;-0,2889002910107944;6,715926684639769e-07
209;-0,4433042786990167;-0,21407189673001362;0,4435488380934322;0,2142405036931916;0,0002445593944155333;0,00016860696317796964;0,02874054328004793;0,02874054328004793;0,02874054328004793;0,9889215568303082;-0,09880865913918196;0,9895112453438268;-0,09351811548107006;2,874054328004793e-06
210;-0,4160701495126205;-0,20104974911729673;0,4162496429745603;0,20117349648323024;0,00017949346193979476;0,0001237473659335131;0,026677379440395575;0,026677379440395575;0,026677379440395575;1,0000716557690315;-0,21803930326258902;1,0005379435660129;-0,2139089773020955;2,6677379440395576e-06
211;0,0;0,0;0,0;0,0;0,0;0,0;;;;;;;;
212;0,0;0,0;0,0;0,0;0,0;0,0;;;;;;;;
213;0,18403037595740446;0,08902106083869596;-0,18400670623047533;-0,08900474284347581;2,366972692913194e-05;1,631799522014421e-05;0,011995735287203864;0,01199573528720386;0,011995735287203864;0,9839175463968589;-0,34650713806636835;0,9837807934807732;-0,34773557079842676;1,1995735287203863e-06
214;0,122022552327855;0,05901917874937225;-0,12199982650925874;-0,05899999197984762;2,2725818596261438e-05;1,9186769524628944e-05;0,007953224593925775;0,007953224593925773;0,007953224593925775;0,9839735092621678;-0,34571343071732274;0,9837643501089506;-0,3488324839101391;7,953224593925775e-07
215;0,016000104846202953;0,008000073973560387;-0,01599999648504848;-0,007999999273530494;1,0836115447304673e-07;7,470002989264091e-08;0,0010477996169109235;0,0010477996169109235;0,0010477996169109235;0,9856874029576986;-0,28457823340270594;0,9856802217248463;-0,28463701686607035;1,0477996169109234e-07
216;0,0;0,0;0,0;0,0;0,0;0,0;;;;;;;;
217;-0,11299999999998332;-0,05399999999997927;0,11302990134682786;0,05402061571145953;2,9901346844538046e-05;2,061571148025826e-05;0,007305184493512303;0,007305184493512303;0,007305184493512303;0,9898068284353188;-0,09092654245327404;0,9900903048766722;-0,08831582023684671;7,305184493512303e-07
218;-0,0006000004057250119;-2,8030401989298317e-10;0,000600000486779955;3,361886865924969e-10;8,105494313931372e-11;5,588466669951372e-11;3,5100217658419255e-05;3,510021765841926e-05;3,510021765841926e-05;0,9869180844699604;-0,27166082293321014;0,9869182177942328;-0,2716554863485867;3,510021765841926e-09
219;-0,0005000001425003235;-9,914500079070823e-11;0,0005000004051784504;2,8025276550946793e-10;2,626781268628281e-10;1,811077647187597e-10;2,9250185305884155e-05;2,925018530588415e-05;2,9250185305884155e-05;0,986917565986657;-0,27168157633153467;0,9869180844699604;-0,27166082293321014;2,925018530588416e-09
220;-0,00030000011304102443;-7,81522640364465e-11;0,0003000001400593559;9,678049804205222e-11;2,7018331474025492e-11;1,862823400560572e-11;1,7550114375261333e-05;1,7550114375261337e-05;1,7550114375261337e-05;0,9869174771037942;-0,2716851340591571;0,986917565986657;-0,27168157633153467;1,7550114375261337e-09
221;-0,0002000000017501262;-1,4628348185695412e-12;0,00020000011282553048;7,804560327107291e-11;1,1107540427257416e-10;7,658276845250337e-11;1,1700078441881755e-05;1,1700078441881755e-05;1,1700078441881755e-05;0,9869169289927395;-0,27170707339362654;0,9869174771037942;-0,2716851340591571;1,1700078441881756e-09
222;-9,999999923919692e-05;3,8557154916964883e-13;0,00010000000149072542;1,1667818913402343e-12;2,2515284992322138e-12;1,5523534405098832e-12;5,850039256957366e-06;5,850039256957365e-06;5,850039256957366e-06;0,9869169067720238;-0,27170796282662285;0,9869169289927395;-0,27170707339362654;5,850039256957366e-10
223;0,0;0,0;0,0;0,0;0,0;0,0;;;;;;;;
224;1,9136163052266453;0,9330337698043882;-1,9119614649138206;-0,9318928128718796;0,0016548403128247013;0,0011409569325085966;0,1228495946952372;0,12284959469523721;0,12284959469523721;1,0005379435660129;-0,2139089773020955;0,9996039047250095;-0,2219984234191435;1,228495946952372e-05
225;-1,0891377718583817;-0,5304292869508658;1,0910662746032422;0,531758872990862;0,0019285027448605607;0,0013295860399962223;0,07088646240123378;0,07088646240123378;0,07088646240123378;0,9866802070282578;-0,33477403814245904;0,9885665460327052;-0,31820668751679093;7,088646240123377e-06
226;0,0;0,0;0,0;0,0;0,0;0,0;;;;;;;;
227;0,0;0,0;0,0;0,0;0,0;0,0;;;;;;;;
228;-0,18925828051267074;-0,09304073561322863;0,18934253687868594;0,09309882832523764;8,425636601519515e-05;5,809271200900301e-05;0,012215079941010568;0,012215079941010567;0,012215079941010568;0,996787036561381;-0,24055361306664516;0,9972655656852266;-0,23649077355766923;1,2215079941010568e-06
229;0,34819450416189923;0,16913507343780995;-0,3480874030683212;-0,16906123613960233;0,00010710109357803255;7,383729820761853e-05;0,02267254122599203;0,022672541225992035;0,022672541225992035;0,9857388512553722;-0,34316357004643155;0,9854113794231643;-0,3460686639782627;2,2672541225992035e-06
230;-0,1650121146721253;-0,08000850285923619;0,1650374827181715;0,08002991789468393;2,5368046046220227e-05;2,1415035447738817e-05;0,010760494527938425;0,010760494527938426;0,010760494527938426;0,9839496832190707;-0,34601742578118055;0,9841222881401877;-0,3434553843157024;1,0760494527938426e-06
231;0,0;0,0;0,0;0,0;0,0;0,0;;;;;;;;
232;0,2074461198600432;0,10217027906577539;-0,2073424734055644;-0,10209881467965792;0,00010364645447880072;7,146438611746464e-05;0,01338013350596779;0,013380133505967784;0,01338013350596779;0,9978030206332793;-0,23195008642455403;0,9972655656852266;-0,23649077355766923;1,338013350596779e-06
233;0,3091321235892369;0,14909108579323563;-0,3090923677802967;-0,1490636796611151;3,975580894022279e-05;2,740613212051657e-05;0,020069738832906116;0,02006973883290612;0,02006973883290612;0,9873096396146912;-0,26241508139214553;0,9871723796367207;-0,26365313291251674;2,0069738832906117e-06
234;-0,3161401474918092;-0,15302772686421032;0,3161818972495528;0,15305650754827188;4,174975774362544e-05;2,8780684061563422e-05;0,020566879499738473;0,020566879499738473;0,020566879499738473;0,9859657010374817;-0,29716183411848396;0,9861063925760838;-0,29590341382838575;2,0566879499738473e-06
235;0,32115134363502545;0,15510434571395298;-0,3210654966538967;-0,1550451570976891;8,584698112873435e-05;5,918861626388883e-05;0,020855564199567106;0,020855564199567106;0,020855564199567106;0,9873096396146912;-0,26241508139214553;0,9870243797406374;-0,26498037773397287;2,0855564199567106e-06
236;0,1220067837436642;0,05900475622785676;-0,12199984734496128;-0,05899997381342959;6,936398702916957e-06;4,78241442716798e-06;0,00795358096047405;0,007953580960474048;0,00795358096047405;0,9837807934807732;-0,34773557079842676;0,9837203505092421;-0,3482790341916081;7,953580960474049e-07
237;0,049003770936184264;0,024002734713018857;-0,04899973310420947;-0,02399995076320314;4,037831974793016e-06;2,7839498157183895e-06;0,0031982952495656675;0,003198295249565668;0,003198295249565668;0,985023895166067;-0,3496884181400458;0,9849363294148769;-0,350448677433919;3,198295249565668e-07
238;0,3634192497360591;0,17522113921566948;-0,36334571198749155;-0,17517043740270352;7,353774856755368e-05;5,070181296595866e-05;0,023640694111099418;0,023640694111099418;0,023640694111099418;0,9853132733539355;-0,3470577808771624;0,9850977256711466;-0,34900846856483925;2,3640694111099415e-06
239;-0,12199933176264652;-0,05899988546580548;0,12201836621089032;0,05901300940634168;1,903444824380429e-05;1,3123940536201306e-05;0,007945200885143432;0,007945200885143432;0,007945200885143432;0,9847542616842911;-0,35207118839793083;0,9849203018669851;-0,35057988920404437;7,945200885143432e-07
240;-2,460479021558562;-1,2169443231042343;2,4628250432892522;1,2185616963089774;0,0023460217306903175;0,0016173732047430889;0,15864805836511997;0,15864805836512;0,15864805836512;0,9989497911587104;-0,22237974706688857;0,9999760203216562;-0,21383751053548453;1,5864805836512e-05
241;1,3124542533737475;0,633492825404175;-1,3110184097086521;-0,632502859320443;0,0014358436650954154;0,000989966083731919;0,08529292489661064;0,08529292489661064;0,08529292489661064;0,9864798451844214;-0,3365325787250553;0,9853132733539355;-0,3470577808771624;8,529292489661064e-06
242;-0,08499944240918948;-0,04099990597810626;0,0850079947731185;0,04100580254639658;8,552363929020812e-06;5,896568290322812e-06;0,005477117962562702;0,005477117962562703;0,005477117962562703;0,9947778905315362;-0,26501958672683174;0,9948860938309233;-0,26405107666630895;5,477117962562703e-07
243;0,27109236778028384;0,13106367966112387;-0,271020949950137;-0,13101444266827117;7,141783014685821e-05;4,9236992852697004e-05;0,017610643078509042;0,01761064307850904;0,017610643078509042;0,9871723796367207;-0,26365313291251674;0,9868913259283411;-0,26617364136120675;1,7610643078509043e-06
244;-0,10199933117443818;-0,04899988994975375;0,1020092541643369;0,049006731073065884;9,922989898714096e-06;6,841123312131825e-06;0,006564371695989212;0,00656437169598921;0,006564371695989212;0,9952530178621871;-0,2609202556482477;0,9953577405424354;-0,2599737017962186;6,564371695989211e-07
245;-0,1049998688932281;-0,05099997691915467;0,10501221785942487;0,05100849111746269;1,2348966196770728e-05;8,514198308016974e-06;0,006850233291073272;0,006850233291073272;0,006850233291073272;0,9838247109027815;-0,34712818742577073;0,9839496832190707;-0,34601742578118055;6,850233291073272e-07
246;-1,168065883949227;-0,5687587374294525;1,1702754049663096;0,5702820685770071;0,002209521017082494;0,0015233311475546518;0,07587561796248539;0,07587561796248539;0,07587561796248539;0,9885665460327052;-0,31820668751679093;0,990585629785149;-0,3005005493020019;7,587561796248539e-06
247;0,0;0,0;0,0;0,0;0,0;0,0;;;;;;;;
248;-0,9076070393898945;-0,43941852719565067;0,9080439134726858;0,43971975514995215;0,00043687408279124984;0,0003012279543014862;0,0588623800285507;0,0588623800285507;0,0588623800285507;0,9890715053145491;-0,09685609524492723;0,9895859411869695;-0,0922703715919073;5,8862380028550705e-06
249;0,3213459426313685;0,15517047404495526;-0,32124521586334187;-0,15510103083802498;0,00010072676802663771;6,944320693028083e-05;0,02091434843800646;0,02091434843800647;0,02091434843800647;0,9850977256711466;-0,34900846856483925;0,9847639719591801;-0,3520175457994307;2,091434843800647e-06
250;-2,4577579430638328;-1,215136305412897;2,460379396626216;1,2169438399256691;0,0026214535623831914;0,0018075345127721576;0,15864288487994693;0,15864288487994693;0,15864288487994693;0,9978030206332793;-0,23195008642455403;0,9989497911587104;-0,22237974706688857;1,5864288487994692e-05
251;0,0;0,0;0,0;0,0;0,0;0,0;;;;;;;;
252;0,0;0,0;0,0;0,0;0,0;0,0;;;;;;;;
253;0,056002323308553516;0,027001601843281427;-0,056000000000359776;-0,027000000000149234;2,3233081937398814e-06;1,601843132192915e-06;0,003639059049018121;0,0036390590490181208;0,003639059049018121;0,9863805450834998;-0,2505172670542451;0,9863363053820375;-0,2509171172423551;3,639059049018121e-07
254;-0,10299997705336957;-0,049999995971794206;0,10301528508116792;0,05001054987817147;1,5308027798352497e-05;1,055390637726139e-05;0,006710654412755681;0,00671065441275568;0,006710654412755681;0,9850520869073064;-0,290305911708592;0,9852102202334192;-0,2889002910107944;6,710654412755681e-07
255;0,236043561500524;0,11403003194004768;-0,23601661661796636;-0,11401145555671066;2,694488255763905e-05;1,8576383337021163e-05;0,01529766108203844;0,01529766108203844;0,01529766108203844;0,9893593268081359;-0,22390524179793336;0,9892372622724512;-0,22499953369124565;1,529766108203844e-06
256;0,24406549665405047;0,11804515709764542;-0,2440158594877615;-0,11801093393511512;4,9637166288973855e-05;3,422316253029467e-05;0,01585852968974111;0,015858529689741108;0,01585852968974111;0,9870243797406374;-0,26498037773397287;0,9868074495236099;-0,26692432225246526;1,5858529689741112e-06
257;0,0;0,0;0,0;0,0;0,0;0,0;;;;;;;;
258;0,22608806896034214;0,11006135113874227;-0,22601191005438914;-0,11000884212560919;7,61589059529999e-05;5,250901313308409e-05;0,014732655753694871;0,014732655753694871;0,014732655753694871;0,9854113794231643;-0,3460686639782627;0,9850529660669824;-0,34923186286053554;1,473265575369487e-06
259;0,32041880503304543;0,15522086128638118;-0,3202475567676273;-0,15510279571208668;0,00017124826541814464;0,00011806557429450137;0,02054470370162906;0,020544703701629058;0,02054470370162906;1,0005379435660129;-0,2139089773020955;0,999960195982731;-0,21899647419335752;2,0544703701629063e-06
260;-0,37712017561365335;-0,1830170338856245;0,37716703058300677;0,1830565816897308;4,685496935341593e-05;3,954780410628245e-05;0,024373725102724054;0,024373725102724054;0,024373725102724054;0,9929370391068644;-0,08150794954549236;0,9930777902420896;-0,07944126344768206;2,4373725102724056e-06
261;0,0;0,0;0,0;0,0;0,0;0,0;;;;;;;;
262;0,16800975923275044;0,08200727673913596;-0,16800208323608523;-0,08200198439670191;7,675996665207352e-06;5,2923424340572955e-06;0,010801583954124904;0,010801583954124908;0,010801583954124908;0,9992884766093493;-0,224907123052314;0,9992391975332517;-0,22533282008829345;1,0801583954124907e-06
263;0,15414477421509576;0,07403131215325576;-0,1541282739705282;-0,07401993682506583;1,650024456756327e-05;1,1375328189927592e-05;0,010015564690344436;0,010015564690344436;0,010015564690344436;0,9857388512553722;-0,34316357004643155;0,9856247223917565;-0,34420592910459785;1,0015564690344436e-06
264;0,3943011680015236;0,19020896912605437;-0,3941671105038057;-0,1901165476287077;0,00013405749771788766;9,242149734667304e-05;0,02536581390541553;0,02536581390541552;0,02536581390541553;0,9964332850798725;-0,2503174698037022;0,9960670662853092;-0,2535901382778721;2,536581390541553e-06
265;0,1540282745647137;0,0740199366079136;-0,15400629943286406;-0,0740047854910159;2,197513184964972e-05;1,5151116897704764e-05;0,010010284690655817;0,010010284690655818;0,010010284690655818;0,9856247223917565;-0,34420592910459785;0,9854726356709743;-0,3455934347264542;1,0010284690655818e-06
266;-0,07699957824862017;-0,03699993041282689;0,07701876786839763;0,0370131610125093;1,9189619777468248e-05;1,323059968241086e-05;0,0050001133173884936;0,0050001133173884936;0,0050001133173884936;0,9864143226400918;-0,3371972599580112;0,9866802070282578;-0,33477403814245904;5,000113317388494e-07
267;-1,6403739213563757;-0,8001768596639779;1,6428187404739951;0,8018624805056743;0,002444819117619401;0,0016856208416964336;0,10558544402547379;0,10558544402547376;0,10558544402547379;0,997998258855316;-0,23588693287472778;0,9996039047250095;-0,2219984234191435;1,0558544402547378e-05
268;-0,19409994274525716;-0,09399999008923063;0,1941401834572375;0,09402773306135363;4,0240711980332744e-05;2,774297212300436e-05;0,012631405490451431;0,01263140549045143;0,012631405490451431;0,9857448905674816;-0,2991352146770614;0,9859657010374817;-0,29716183411848396;1,263140549045143e-06
269;0,19402806076987164;0,09401936942667648;-0,19399995644891743;-0,09399999243931542;2,8104320954208672e-05;1,937698736105553e-05;0,012656751079652891;0,01265675107965289;0,012656751079652891;0,9835143464192826;-0,31355483363283476;0,9833604331176715;-0,3149321840449299;1,2656751079652891e-06
270;-0,23122384354948844;-0,11201644035265242;0,23127098567192472;0,1120489421482814;4,714212243628335e-05;3,250179562898359e-05;0,015003242170785965;0,015003242170785962;0,015003242170785965;0,9887037651666971;-0,100747682106849;0,9889215568303082;-0,09880865913918196;1,5003242170785965e-06
271;-0,3271642564057561;-0,15804525898253466;0,3273098867684157;0,1581682085529086;0,00014563036265963225;0,0001229495703739536;0,02105130239825456;0,021051302398254566;0,021051302398254566;0,9964870039986596;-0,24798057894056671;0,9969933271238249;-0,24051569640553735;2,1051302398254566e-06
272;0,0;0,0;0,0;0,0;0,0;0,0;;;;;;;;
273;0,02900121777513665;0,014000937988332369;-0,02899988051908211;-0,01400001603113695;1,3372560545392431e-06;9,219571954193623e-07;0,0018666395319329183;0,0018666395319329185;0,0018666395319329185;0,9960670662853092;-0,2535901382778721;0,9960174209780317;-0,2540329618828553;1,8666395319329186e-07
274;0,0;0,0;0,0;0,0;0,0;0,0;;;;;;;;
275;0,1867968909477156;0,09006680524826949;-0,18676082134320676;-0,09004193353970026;3,6069604508831565e-05;2,4871708569226825e-05;0,012011835388603072;0,012011835388603072;0,012011835388603072;0,9967586687604284;-0,02862966641248016;0,99655058457968;-0,030491658729253978;1,201183538860307e-06
276;0,27109062906837395;0,1310669370862416;-0,2710223195700435;-0,13101983997658562;6,83094983304211e-05;4,709710965597469e-05;0,0176490458800507;0,017649045880050705;0,017649045880050705;0,985023895166067;-0,3496884181400458;0,9847556538284188;-0,35209953179215836;1,7649045880050705e-06
277;0,24424563819970815;0,11810110116061232;-0,24419292635743747;-0,11806476072853281;5,271184227068071e-05;3,634043207950688e-05;0,01590586694183426;0,01590586694183426;0,01590586694183426;0,9847639719591801;-0,3520175457994307;0,9845342978642561;-0,35408139801907834;1,5905866941834261e-06
278;0,2440929267483097;0,11806476082292432;-0,24402361629171296;-0,11801697620084511;6,93104565967495e-05;4,7784622079202754e-05;0,015900587669947525;0,01590058766994753;0,01590058766994753;0,9845342978642561;-0,35408139801907834;0,9842321937834124;-0,35679484543668794;1,590058766994753e-06
279;-0,17300663054686224;-0,08400514124132255;0,17304043975034497;0,08402845027852339;3,3809203482726424e-05;2,3309037200838767e-05;0,011105324810999522;0,011105324810999524;0,011105324810999524;0,9998606091336517;-0,21988608734289666;1,0000716557690315;-0,21803930326258902;1,1105324810999524e-06
280;-0,19000730823968268;-0,09200568167929749;0,19005009756369104;0,09203518348408574;4,2789324008363216e-05;2,950180478825115e-05;0,012251146148453828;0,012251146148453828;0,012251146148453828;0,9948860938309233;-0,26405107666630895;0,9951281785909506;-0,2619063438797178;1,225114614845383e-06
281;0,18166079839641158;0,08804191771821963;-0,18164069963578608;-0,08802806032446046;2,0098760625503198e-05;1,3857393759170167e-05;0,011695387645730648;0,011695387645730648;0,011695387645730648;0,99655058457968;-0,030491658729253978;0,9964314646380757;-0,031543179023970996;1,1695387645730648e-06
282;0,17924042636749019;0,08702787094401464;-0,1792243586100879;-0,08701679414134887;1,6067757402288274e-05;1,1076802665765939e-05;0,011541173478242222;0,011541173478242224;0,011541173478242224;0,9967586687604284;-0,02862966641248016;0,9966621593488239;-0,029476995162145397;1,1541173478242224e-06
283;-0,20000866157083289;-0,09600666046048587;0,20007948174581097;0,09605548688487622;7,082017497808679e-05;4,8826424390358e-05;0,012868687643284488;0,012868687643284488;0,012868687643284488;0,9953577405424354;-0,2599737017962186;0,9957389798458485;-0,2565218479263965;1,2868687643284488e-06
284;0,1901429015505434;0,09109852227091497;-0,19012296677889962;-0,09108477791399504;1,9934771643775884e-05;1,3744356919934142e-05;0,01230865762251588;0,01230865762251588;0,01230865762251588;0,9889640558951551;-0,09839290351822658;0,9888518731401434;-0,09942074156312873;1,2308657622515879e-06
285;0,1740321033719468;0,0850247511067227;-0,17401833886072826;-0,08501312799303147;1,3764511218539166e-05;1,1623113691225373e-05;0,011210212708599364;0,011210212708599362;0,011210212708599364;0,9975530252906305;-0,23520604655798713;0,9974630531362569;-0,23650807468575039;1,1210212708599365e-06
286;0,0;0,0;0,0;0,0;0,0;0,0;;;;;;;;
287;-0,45304659297639865;-0,22003212447101167;0,4533175479415774;0,22021894765846683;0,00027095496517876017;0,00018682318745516513;0,029497774601126334;0,02949777460112633;0,029497774601126334;0,9857815709595146;-0,255614689823143;0,9864183693109149;-0,2499668492943554;2,9497774601126335e-06
288;0,17203224867349365;0,08202223232159889;-0,1720103649693511;-0,08200714613847121;2,1883704142550142e-05;1,5086183127677177e-05;0,011133367795167715;0,011133367795167716;0,011133367795167716;0,9883303323926637;-0,1042132772854849;0,9881942269262773;-0,10547594496463633;1,1133367795167715e-06
289;0,17002002941922315;0,08201381144460378;-0,17001025816889218;-0,08200707265127206;9,771250330969927e-06;6,738793331712012e-06;0,011048963270045335;0,011048963270045335;0,011048963270045335;0,9863805450834998;-0,2505172670542451;0,9863192585546631;-0,25107099873119876;1,1048963270045334e-06
290;-0,34830998199947205;-0,16816803899643024;0,34843100226985296;0,1682514784167749;0,00012102027038091157;8,343942034466645e-05;0,022398214582919032;0,022398214582919036;0,022398214582919036;0,9969933271238249;-0,24051569640553735;0,9973677630319415;-0,23718068688760136;2,2398214582919035e-06
291;0,0;0,0;0,0;0,0;0,0;0,0;;;;;;;;
292;9,999910663384278e-05;5,184206048346988e-10;-9,999909851985683e-05;-5,128262834654555e-10;8,11398595068711e-12;5,594321369243225e-12;5,799645753763963e-06;5,799645753763963e-06;5,799645753763963e-06;0,995483406845624;-0,25878525862352425;0,9954833260712315;-0,2587884639383549;5,799645753763964e-10
293;0,14902094995012655;0,07201444266828143;-0,1490075845337127;-0,07200522863120824;1,3365416413835263e-05;9,214037073185244e-06;0,00968260920272125;0,00968260920272125;0,00968260920272125;0,9868913259283411;-0,26617364136120675;0,9867956653678079;-0,2670324955303285;9,68260920272125e-07
294;-0,22007935327662764;-0,10605545973513573;0,22009915729013105;0,10606911186359341;1,9804013503404994e-05;1,3652128457677937e-05;0,014165047348932374;0,014165047348932373;0,014165047348932374;0,9957389798458485;-0,2565218479263965;0,9958358522202673;-0,25565386750938895;1,4165047348932375e-06
295;-0,19412342923972786;-0,09401679819486798;0,19414898144096612;0,09403441397467482;2,5552201238260297e-05;1,7615779806842702e-05;0,012463626021547769;0,012463626021547767;0,012463626021547769;0,9991463788470925;-0,22615980657679097;0,9992884766093493;-0,224907123052314;1,2463626021547768e-06
296;-0,19399875115902962;-0,09399978358957502;0,1940234299260022;0,09401679796967269;2,467876697256899e-05;1,701438009767131e-05;0,01245842569896352;0,012458425698963518;0,01245842569896352;0,9990090757087148;-0,22736910114332032;0,9991463788470925;-0,22615980657679097;1,245842569896352e-06
297;0,1550166166172977;0,07501145555615099;-0,15499999999975397;-0,07500000000001103;1,6616617543735446e-05;1,1455556139960965e-05;0,010050821537552778;0,010050821537552778;0,010050821537552778;0,9892372622724512;-0,22499953369124565;0,989122679260365;-0,22602236204301113;1,0050821537552778e-06
298;0,15402008771671213;0,07401617640177137;-0,15400505830667474;-0,07400348725198239;1,5029410037392665e-05;1,2689149788983056e-05;0,009899537763069371;0,009899537763069371;0,009899537763069371;0,996598451814512;-0,02985704355677053;0,9964873940083749;-0,031509284223545375;9,89953776306937e-07
299;0,15229728092196837;0,0740670876806056;-0,152217641693358;-0,07401217910164577;7,963922861037309e-05;5,490857895983081e-05;0,0099070269526162;0,0099070269526162;0,0099070269526162;0,986935098726253;-0,27353115134413014;0,9863777822771077;-0,2784559106742076;9,907026952616201e-07
300;0,12601260817239374;0,061008691557078644;-0,12600000000000888;-0,06100000000003776;1,2608172384853678e-05;8,691557040883813e-06;0,00817605325322395;0,008176053253223951;0,008176053253223951;0,9886382533865046;-0,23031944041518215;0,9885313738902977;-0,23127257421288505;8,176053253223951e-07
301;0,20218114599511294;0,09805594396478212;-0,20217560700253476;-0,09805212675567627;5,538992578185686e-06;3,81720910584693e-06;0,012973329557171074;0,01297332955717107;0,012973329557171074;1,0000000000300155;-6,717562175415604e-20;0,9999704077391894;-0,00025945199631541294;1,2973329557171073e-06
302;0,2020756070021565;0,09805212675465971;-0,20199999999997753;-0,09799999999992114;7,560700217895677e-05;5,212675473857675e-05;0,012968134847295263;0,012968134847295263;0,012968134847295263;0,9999704077391894;-0,00025945199631541294;0,9995662597307218;-0,003804471745938586;1,2968134847295264e-06
303;0,0;0,0;0,0;0,0;0,0;0,0;;;;;;;;
304;0,14921325519119408;0,07201164299395928;-0,14919979917590198;-0,0720002834468144;1,3456015292095946e-05;1,1359547144873527e-05;0,00958907489452615;0,00958907489452615;0,00958907489452615;0,9975530252906305;-0,23520604655798713;0,9974503337345979;-0,2367215622595831;9,58907489452615e-07
305;0,0;0,0;0,0;0,0;0,0;0,0;;;;;;;;
306;-0,3694309189236424;-0,1782514644290826;0,36961328789323783;0,17837720463683374;0,0001823689695954478;0,00012574020775113492;0,023744617668497867;0,023744617668497864;0,023744617668497867;0,9973677630319415;-0,23718068688760136;0,9978999999758056;-0,232434547629252;2,3744617668497865e-06
307;-0,39312039873191973;-0,19008434088534856;0,39316263414897595;0,1901134607898579;4,223541705622447e-05;2,9119904509350425e-05;0,02533719012577334;0,02533719012577334;0,02533719012577334;0,9950126501954731;-0,26293369468078387;0,9951281785909506;-0,2619063438797178;2,533719012577334e-06
308;-0,26901005631996594;-0,13000782114723447;0,2690427183692703;0,13003034053553736;3,266204930435501e-05;2,2519388302888466e-05;0,017259070271938064;0,01725907027193806;0,017259070271938064;0,9994727502216318;-0,22316103541767715;0,9996039047250095;-0,2219984234191435;1,7259070271938063e-06
309;0,06000271962160921;0,028002199004655833;-0,060000572295654565;-0,0280007186511568;2,147325954646173e-06;1,4803534990337486e-06;0,0038810580922318673;0,0038810580922318664;0,0038810580922318673;0,985023895166067;-0,3496884181400458;0,9849856353916984;-0,350063422673349;3,881058092231867e-07
310;0,14201855219661919;0,0690130727419256;-0,14200536361381616;-0,0690039788093791;1,3188582803025373e-05;9,093932546500039e-06;0,009139485597757064;0,009139485597757058;0,009139485597757064;0,9974630531362569;-0,23650807468575039;0,9973630102410077;-0,2373844703886452;9,139485597757064e-07
311;-0,12199946627393052;-0,05899990845413542;0,12201986127622189;0,05901397012466189;2,0395002291367925e-05;1,4061670526470393e-05;0,007874027620173201;0,0078740276201732;0,007874027620173201;0,9936564079025942;-0,27070508799250226;0,9938359234052425;-0,2691073439580642;7,874027620173202e-07
312;0,1390102581686387;0,06700707265094823;-0,13900005776940483;-0,06700003983429381;1,0200399233883939e-05;7,032816654414797e-06;0,009033087298247358;0,009033087298247361;0,009033087298247361;0,9863192585546631;-0,25107099873119876;0,9862410114438314;-0,2517787403778313;9,033087298247362e-07
313;0,16011814483057077;0,07801250894341151;-0,1601126891899081;-0,0780087474398255;5,455640662677119e-06;3,761503586011128e-06;0,010401078993715302;0,0104010789937153;0,010401078993715302;0,9886746227783597;-0,23000033570332987;0,9886382533865046;-0,23031944041518215;1,0401078993715302e-06
314;0,1321154806800942;0,06401091241350886;-0,132099536890317;-0,06399991970482527;1,594378977720634e-05;1,0992708683585373e-05;0,008526611270555604;0,008526611270555604;0,008526611270555604;0,9940441220735508;-0,26472936749912235;0,9939145124163066;-0,2658772738213569;8,526611270555604e-07
315;0,12200758453349674;0,05900522863159515;-0,12199999999969119;-0,05899999999998388;7,584533805546356e-06;5,228631611273182e-06;0,007929335281086181;0,007929335281086181;0,007929335281086181;0,9867956653678079;-0,2670324955303285;0,986729374595475;-0,26762648966206753;7,929335281086181e-07
316;0,13111756510731615;0,06401212378017607;-0,13110236843658268;-0,0640016469393594;1,5196670733463868e-05;1,047684081666167e-05;0,008540385498667794;0,008540385498667794;0,008540385498667794;0,9863777822771077;-0,2784559106742076;0,9862543914389627;-0,2795350540912366;8,540385498667794e-07
317;0,1310023684701249;0,06400164691790534;-0,1309999710304678;-0,0639999947170113;2,397439657103595e-06;1,6522008940422772e-06;0,00853512530285982;0,008535125302859822;0,008535125302859822;0,9862543914389627;-0,2795350540912366;0,9862349142328555;-0,27970486577960935;8,535125302859821e-07
318;0,15203329302741084;0,07302295458206712;-0,15201043615624596;-0,07300719503409417;2,2856871164878e-05;1,5759547972948873e-05;0,00984672367354543;0,009846723673545428;0,00984672367354543;0,9889215568303082;-0,09880865913918196;0,9887607439953441;-0,10027299032843971;9,84672367354543e-07
319;0,129122536095138;0,06301553773620383;-0,12910764780557607;-0,06300527346175575;1,4888289561920676e-05;1,0264274448085198e-05;0,008323078436714376;0,008323078436714378;0,008323078436714378;0,9966621593488239;-0,029476995162145397;0,9965381187367914;-0,03055166988808532;8,323078436714378e-07
320;0,12843701004908023;0,062025516411804184;-0,12842570205838436;-0,06201772027036591;1,1307990695874626e-05;7,796141438275173e-06;0,008264220512362561;0,008264220512362561;0,008264220512362561;0,9964314646380757;-0,031543179023970996;0,9963366412706154;-0,03238799613601691;8,264220512362561e-07
321;-0,04010058622310353;-0,01900040421880141;0,040102041725554344;0,019001407805540323;1,4555024508144943e-06;1,0035867389138198e-06;0,0025892057144892267;0,0025892057144892267;0,0025892057144892267;0,9894723336788375;-0,09388442214884059;0,9895112453438268;-0,09351811548107006;2,589205714489227e-07
322;0,12602310917317383;0,06101593300034144;-0,1260000000000355;-0,06099999999998342;2,3109173138330386e-05;1,5933000358014926e-05;0,008115455412930211;0,008115455412930213;0,008115455412930213;0,9961100725057058;-0,03412001531342129;0,9959127053464384;-0,03586774568414982;8,115455412930212e-07
323;0,12601172183872544;0,061010337626086465;-0,12599944651458442;-0,06099997403275429;1,2275324141025612e-05;1,0363593332174403e-05;0,008109439790777677;0,008109439790777677;0,008109439790777677;0,9967586629641763;-0,24685291291770262;0,99664785096265;-0,2484812822430961;8,109439790777677e-07
324;0,12601122907344414;0,06100774308064867;-0,12600000000013034;-0,061000000000051756;1,1229073313800964e-05;7,743080596915586e-06;0,008181402326365859;0,008181402326365857;0,008181402326365859;0,9879801967859486;-0,10660987155674494;0,9878850633429842;-0,10745957728094725;8,181402326365859e-07
325;0,05900327409889643;0,02900225730599347;-0,05900000000005538;-0,028999999999892723;3,2740988410440153e-06;2,2573061007474804e-06;0,003816430863985641;0,0038164308639856413;0,0038164308639856413;0,9946043228429734;-0,059028966706861696;0,9945448080395991;-0,059535771948690905;3,8164308639856415e-07
326;0,07700672091672882;0,03700485508133438;-0,07699957828237208;-0,03699993047433605;7,1426343567354555e-06;4,924606998329972e-06;0,005005393406917539;0,00500539340691754;0,00500539340691754;0,9854726356709743;-0,3455934347264542;0,9853737745316097;-0,34649554305820407;5,00539340691754e-07
327;0,03800066686105427;0,01800075685482703;-0,037999761861585706;-0,017999992908437124;9,049994685664253e-07;7,639463899047905e-07;0,0024646779352064216;0,0024646779352064216;0,0024646779352064216;0,9849856353916984;-0,350063422673349;0,9849588156876325;-0,3504762757814457;2,4646779352064214e-07
328;0,0;0,0;0,0;0,0;0,0;0,0;;;;;;;;
329;0,12201030700109324;0,05900714744682645;-0,12199991933798779;-0,058999986154370035;1,0387663105446143e-05;7,1612924564118385e-06;0,007946743177482852;0,00794674317748285;0,007946743177482852;0,9846578963012332;-0,33138925981744904;0,984567303562721;-0,33220285498882746;7,946743177482852e-07
330;0,11500746745855728;0,056005149119006656;-0,11500000000016705;-0,05599999999997104;7,4674583902256675e-06;5,1491190356176e-06;0,007411068504618397;0,007411068504618397;0,007411068504618397;0,9965381187367914;-0,03055166988808532;0,9964682539359253;-0,031160868979986326;7,411068504618397e-07
331;0,12201585948790196;0,05901093393503153;-0,12200000000020068;-0,059000000000130066;1,585948770127521e-05;1,0933934901466436e-05;0,00792982176831948;0,007929821768319481;0,007929821768319481;0,9868074495236099;-0,26692432225246526;0,9866688396645105;-0,2681665607276039;7,92982176831948e-07
332;-1,55195979631482;-0,7565121539388897;1,5543744461819617;0,7581769740935265;0,0024146498671417937;0,0016648201546367591;0,1000486940919015;0,10004869409190152;0,10004869409190152;0,9963247350443879;-0,2504132768875662;0,997998258855316;-0,23588693287472778;1,0004869409190153e-05
333;0,10932540911447895;0,05301751829499265;-0,10931584217353074;-0,05301092271235542;9,566940948210756e-06;6,595582637228259e-06;0,007040753562438294;0,007040753562438293;0,007040753562438294;0,9963366412706154;-0,03238799613601691;0,9962424540280697;-0,03321803759168682;7,040753562438294e-07
334;0,19402259665656674;0,09402003692834136;-0,19399879220152147;-0,09399994263201641;2,3804455045267625e-05;2,0094296324948968e-05;0,012640525725807764;0,01264052572580777;0,01264052572580777;0,9847556538284188;-0,35209953179215836;0,9846177879511917;-0,35414669999120457;1,264052572580777e-06
335;-0,021100000022796724;-0,01000000001577711;0,021100586223064766;0,01000040421885002;5,862002680420697e-07;4,042030729099061e-07;0,0013624817574953577;0,0013624817574953577;0,0013624817574953577;0,9894425513820239;-0,09416465368119437;0,9894723336788375;-0,09388442214884059;1,3624817574953577e-07
336;-0,18603224867373291;-0,08902223232186748;0,18612296677917897;0,08908477791400665;9,071810544605818e-05;6,254559213916822e-05;0,012047585820210156;0,012047585820210158;0,012047585820210158;0,9883303323926637;-0,1042132772854849;0,9888518731401434;-0,09942074156312873;1,2047585820210157e-06
337;0,10310468394148693;0,050003954287385834;-0,1031000000098452;-0,050000000006721675;4,6839316417274235e-06;3,954280664159038e-06;0,006674221806762672;0,006674221806762672;0,006674221806762672;0,9912590445805374;-0,0875475090797517;0,9912076611643593;-0,08830455482954479;6,674221806762671e-07
338;0,10100462851105159;0,04900319163068025;-0,10100000000039051;-0,048999999999934055;4,628510661075502e-06;3,1916307461979376e-06;0,006562921597490635;0,006562921597490634;0,006562921597490635;0,9876052585414877;-0,2395238185290381;0,987556368949405;-0,23995825599150988;6,562921597490635e-07
339;0,1010007106680252;0,049000490206410355;-0,1010000000025019;-0,04900000000281947;7,106655233041215e-07;4,902035908860292e-07;0,006574787440229112;0,006574787440229111;0,006574787440229112;0,9857815709595146;-0,255614689823143;0,9857740773554223;-0,25568146900613636;6,574787440229112e-07
340;0,0;0,0;0,0;0,0;0,0;0,0;;;;;;;;
341;0,09921576713450386;0,048010870973490535;-0,09920749002130702;-0,04800516439234241;8,277113196841768e-06;5,706581148123835e-06;0,006387651838595467;0,006387651838595467;0,006387651838595467;0,9962424540280697;-0,03321803759168682;0,9961526442898668;-0,0340141571896366;6,387651838595467e-07
342;-1,2038363704117034;-0,6056982687812801;1,2048194668220291;0,606376048834739;0,000983096410325679;0,0006777800534588652;0,07863203095022928;0,07863203095022928;0,07863203095022928;0,9894841686832405;-0,2988327636365697;0,9903526642687213;-0,29188306541935993;7,863203095022927e-06
343;0,10401257726961463;0,051008956816476964;-0,10399943376362608;-0,05099989480961207;1,3143505988549853e-05;9,062006864894723e-06;0,006789919441944402;0,006789919441944403;0,006789919441944403;0,9850529660669824;-0,34923186286053554;0,9849186950929956;-0,350393799545031;6,789919441944403e-07
344;-1,2099180880630118;-0,6083778818410124;1,2138139025096317;0,6110638508681432;0,003895814446619905;0,002685969027130808;0,0789500073164943;0,07895000731649433;0,07895000731649433;0,9903526642687213;-0,29188306541935993;0,9937804631598355;-0,26449640674358404;7,895000731649435e-06
345;-0,07699950423980897;-0,03699991829730152;0,07700724387204562;0,037005254262620885;7,739632236644645e-06;5,335965319361313e-06;0,004933403100589543;0,004933403100589543;0,004933403100589543;0,9997519230109095;-0,2208634349176026;0,9998606091336517;-0,21988608734289666;4,933403100589542e-07
346;0,049002846897749607;0,02400212129469011;-0,04899968606636195;-0,023999942110182478;3,1608313876552163e-06;2,179184507632853e-06;0,003152732361749111;0,0031527323617491104;0,003152732361749111;0,9992391975332517;-0,22533282008829345;0,9991696609155117;-0,2259278682861325;3,152732361749111e-07
347;-0,00010000000003763337;-9,415912893752752e-14;0,00010000002269962311;1,571832732169405e-11;2,2661989743533867e-11;1,5624168192756524e-11;5,835107853806594e-06;5,835107853806593e-06;5,835107853806594e-06;0,9894423271546929;-0,09417360566810858;0,9894425513820239;-0,09416465368119437;5,835107853806594e-10
348;0,0;0,0;0,0;0,0;0,0;0,0;;;;;;;;
349;0,0;0,0;0,0;0,0;0,0;0,0;;;;;;;;
350;-0,7304101583402645;-0,35328278431053745;0,7306070393898977;0,3534185271956472;0,00019688104963322406;0,00013574288510975752;0,04737537345934309;0,04737537345934308;0,04737537345934309;0,9887834799450141;-0,09943099628545264;0,9890715053145491;-0,09685609524492723;4,737537345934309e-06
351;0,08601036496881637;0,04100714613830321;-0,08600000000004047;-0,040999999999981405;1,0364968775891659e-05;7,14613832180494e-06;0,005567047048931985;0,005567047048931984;0,005567047048931985;0,9881942269262773;-0,10547594496463633;0,9880653026409912;-0,1066726070503528;5,567047048931985e-07
352;0,07510609632422799;0,03600420339842893;-0,07510096047592092;-0,03600066216821582;5,135848307066815e-06;3,5412302131082596e-06;0,0048636932927185106;0,0048636932927185106;0,0048636932927185106;0,9887037651666971;-0,100747682106849;0,9886306185729224;-0,10141718604979139;4,86369329271851e-07
353;-0,18201959898741868;-0,08801392518117483;0,18203775098732833;0,08802644037673499;1,8151999909649108e-05;1,2515195560156012e-05;0,011745386144383793;0,011745386144383793;0,011745386144383793;0,9938359234052425;-0,2691073439580642;0,9939430329807613;-0,2681537939296923;1,1745386144383792e-06
354;-0,18213775065372145;-0,08802644041441521;0,1821422947668413;0,08802957200012039;4,5441131198420415e-06;3,1315857051822382e-06;0,011750615776582313;0,011750615776582311;0,011750615776582313;0,9939430329807613;-0,2681537939296923;0,9939698306118329;-0,26791525535335164;1,1750615776582315e-06
355;0,08100870914736795;0,039006004381960314;-0,08099999999991579;-0,03899999999992442;8,709147452157229e-06;6,00438203589293e-06;0,00523328349498519;0,00523328349498519;0,00523328349498519;0,9919162886739669;-0,07681551638742191;0,9918009819096963;-0,07785538403419204;5,23328349498519e-07
356;0,08100559720573436;0,0390040229703236;-0,08099968715099094;-0,038999947771019554;5,910054743415993e-06;4,075199304044708e-06;0,005204491824831342;0,005204491824831342;0,005204491824831342;0,9973630102410077;-0,2373844703886452;0,9972843269411009;-0,23809050057157863;5,204491824831342e-07
357;0,08100505830608036;0,039003487252154044;-0,08099999999976638;-0,03900000000010236;5,058306313976413e-06;3,487252051681544e-06;0,005209023428923112;0,005209023428923112;0,005209023428923112;0,9964873940083749;-0,031509284223545375;0,9964201120914974;-0,03211320611092136;5,209023428923113e-07
358;0,07900080629568075;0,038000680854752195;-0,07899999999934124;-0,0379999999998197;8,062963395144562e-07;6,808549324957558e-07;0,0051281564811531555;0,0051281564811531555;0,0051281564811531555;0,9869726122125027;-0,27114380721400216;0,9869611090192005;-0,2713163879841037;5,128156481153155e-07
359;-0,1381002997214604;-0,06700020668720201;0,13811774722517398;0,06701223695437497;1,744750371357462e-05;1,2030267172960518e-05;0,008964513716066734;0,008964513716066734;0,008964513716066734;0,9885688463859515;-0,10194494721417344;0,9887037651666971;-0,100747682106849;8,964513716066735e-07
360;0,05500224638401938;0,027001699233684825;-0,0549997007273857;-0,026999944088755452;2,5456566336845565e-06;1,7551449293731758e-06;0,0035913633104362975;0,0035913633104362975;0,0035913633104362975;0,985023895166067;-0,3496884181400458;0,9849747248644076;-0,3501126989962398;3,5913633104362977e-07
361;-0,12099922039158502;-0,05799987337859119;0,12103049151997274;0,05802143408401144;3,127112838771651e-05;2,156070542025379e-05;0,0077486096021471655;0,007748609602147167;0,007748609602147167;0,9997921040820085;-0,22056882610512432;1,0000716557690315;-0,21803930326258902;7,748609602147167e-07
362;0,24324805131828933;0,11810287848762248;-0,24318390718628302;-0,11805865325844164;6,414413200631075e-05;4,4225229180835934e-05;0,015612358939572833;0,01561235893957283;0,015612358939572833;0,999960195982731;-0,21899647419335752;0,9996753797815677;-0,2214906992861717;1,5612358939572832e-06
363;0,24308390757168719;0,1180586534804374;-0,24299843897289114;-0,11799972574611015;8,546859879604574e-05;5,892773432725207e-05;0,015607163672501211;0,015607163672501211;0,015607163672501211;0,9996753797815677;-0,2214906992861717;0,9992957447882457;-0,22481391893618694;1,5607163672501211e-06
364;-0,31599792887943995;-0,15299964220820386;0,3161209036122705;0,15308442486928192;0,00012297473283057192;8,478266107805887e-05;0,020380307950952775;0,020380307950952768;0,020380307950952775;0,9945944280831225;-0,2666395923227969;0,9950126501954731;-0,26293369468078387;2,0380307950952775e-06
365;0,07100693317697565;0,034004780193163046;-0,07099999999997222;-0,03399999999998969;6,933177003426438e-06;4,780193173355152e-06;0,004590935577511586;0,004590935577511585;0,004590935577511586;0,9900903048766722;-0,08831582023684671;0,9899857017122656;-0,08927418386593068;4,590935577511586e-07
366;-1,3642743127383345;-0,6642818286947888;1,3661611238962355;0,6655827217503045;0,0018868111579009028;0,0013008930555157283;0,08843996448391758;0,08843996448391758;0,08843996448391758;0,990585629785149;-0,3005005493020019;0,9920648718598015;-0,28754536175949535;8,843996448391757e-06
367;-1,3662611458341836;-0,6655826898376795;1,3687057718138118;0,6672681370667944;0,0024446259796282455;0,0016854472291149003;0,08844519666505428;0,08844519666505428;0,08844519666505428;0,9920648718598015;-0,28754536175949535;0,9939813773306828;-0,27081663146135765;8,844519666505427e-06
368;0,06810711161294997;0,03300490349470922;-0,06810206956783581;-0,03300142687905695;5,042045114159177e-06;3,476615652267534e-06;0,004386430792450541;0,004386430792450541;0,004386430792450541;0,9961526442898668;-0,0340141571896366;0,9960729674040695;-0,0347181197353579;4,386430792450541e-07
369;0,06800412715001969;0,033002845440600975;-0,06800000000008254;-0,03300000000000542;4,127149937152574e-06;2,845440595554416e-06;0,004371175543829559;0,004371175543829558;0,004371175543829559;0,9983934160338465;-0,014172970918848515;0,9983279653479155;-0,014747535930360491;4,371175543829559e-07
370;0,0;0,0;0,0;0,0;0,0;0,0;;;;;;;;
371;-0,12199920190586713;-0,05899986324528004;0,12201885663890857;0,05901341388575804;1,965473304144094e-05;1,3550640477998088e-05;0,007861764217292726;0,007861764217292727;0,007861764217292727;0,995204499569156;-0,2612531515881857;0,9953777670852805;-0,25971363593613106;7,861764217292727e-07
372;-0,3150985379119932;-0,15206900458101533;0,3151662189444288;0,1521156641291836;6,768103243559587e-05;4,665954816826523e-05;0,02028447338213443;0,02028447338213443;0,02028447338213443;0,9958358522202673;-0,25565386750938895;0,9960670662853092;-0,2535901382778721;2,028447338213443e-06
373;0,08501043615646717;0,04100719503415657;-0,08500420807827391;-0,04100290144169911;6,228078193254438e-06;4,293592457460527e-06;0,005511212305316017;0,005511212305316018;0,005511212305316018;0,9887607439953441;-0,10027299032843971;0,9886824367305372;-0,10097798536534547;5,511212305316018e-07
374;0,12202428568407027;0,05901709135104174;-0,12199932976977734;-0,05899988508455249;2,4955914292926207e-05;1,7206266489246114e-05;0,007951172477875409;0,007951172477875409;0,007951172477875409;0,9842321937834124;-0,35679484543668794;0,9840146645276544;-0,35874981058081246;7,951172477875409e-07
375;0,06200475941777397;0,030004018020149036;-0,06199999999999541;-0,029999999999944085;4,75941777855482e-06;4,01802020495029e-06;0,003996867911870809;0,003996867911870809;0,003996867911870809;0,9950157703219119;-0,043796455603915;0,9949286038173906;-0,04508060335058884;3,996867911870809e-07
376;0,0;0,0;0,0;0,0;0,0;0,0;;;;;;;;
377;0,06000073243812761;0,029000504914181314;-0,060000000000540156;-0,02899999999975933;7,324375874556699e-07;5,049144219844426e-07;0,003852491890716569;0,003852491890716569;0,003852491890716569;0,9987200195424055;-0,03214639835059887;0,998706843902173;-0,03226320969643665;3,8524918907165693e-07
378;-0,24601122907354292;-0,11900774308060136;0,24606575963738703;0,11904534139556275;5,453056384410737e-05;3,75983149613901e-05;0,015970039392474055;0,015970039392474055;0,015970039392474055;0,9879801967859486;-0,10660987155674494;0,9882168546411093;-0,1044929459537265;1,5970039392474055e-06
379;0,06800264965076899;0,03300182704276286;-0,06800000000019236;-0,032999999999944685;2,6496505766276934e-06;1,8270428181754728e-06;0,004414573221415535;0,004414573221415535;0,004414573221415535;0,9885554615803801;-0,10202978426636886;0,9885138535441098;-0,1023988410314657;4,4145732214155346e-07
380;0,056002200851094974;0,027001517480197787;-0,05599999999978732;-0,02700000000001991;2,2008513076571257e-06;1,5174801778761182e-06;0,0035986098682806848;0,003598609868280684;0,0035986098682806848;0,9974653257463365;-0,022385780790367692;0,9974229463105084;-0,02276461216598503;3,598609868280685e-07
381;0,05600055077320976;0,02700037993658141;-0,05599999999899578;-0,02699999999900081;5,507742139865268e-07;3,7993758060170246e-07;0,0035893742274434454;0,003589374227443444;0,0035893742274434454;1,0000000000300155;-6,717562175415604e-20;0,9999893658155562;-9,495730518099277e-05;3,589374227443445e-07
382;0,053103689587086104;0,026002543912313242;-0,05310133424269594;-0,026000919925420207;2,3553443901647153e-06;1,6239868930352508e-06;0,003425989149916885;0,003425989149916885;0,003425989149916885;0,9964314646380757;-0,031543179023970996;0,9963837810717411;-0,0319528206909084;3,425989149916885e-07
383;-1,490705061202204;-0,7262679760290351;1,4939601356544774;0,728512240767675;0,0032550744522734654;0,002244264738639812;0,09631660279450872;0,09631660279450872;0,09631660279450872;0,9939813773306828;-0,27081663146135765;0,9963247350443879;-0,2504132768875662;9,631660279450872e-06
384;0,052000249844636325;0,025000172260888555;-0,05199999999808803;-0,025000000000067288;2,498465482975165e-07;1,7226082126703401e-07;0,00337533871771716;0,00337533871771716;0,00337533871771716;0,9869182177942328;-0,2716554863485867;0,986913089480122;-0,2717021522878844;3,37533871771716e-07
385;-0,07110451282978468;-0,0340033181301619;0,07110732116585727;0,03400525438376051;2,8083360725933426e-06;1,936253598608384e-06;0,004619868332124983;0,004619868332124983;0,004619868332124983;0,9849817938141863;-0,3500774732277625;0,985023895166067;-0,3496884181400458;4,619868332124983e-07
386;0,0;0,0;0,0;0,0;0,0;0,0;;;;;;;;
387;-0,07099960991214721;-0,03399993702559557;0,0710045135770175;0,03400331771794749;4,903664870284374e-06;3,3806923519230647e-06;0,0046145810728418874;0,004614581072841888;0,004614581072841888;0,9849081908776127;-0,35075517375136056;0,9849817938141863;-0,3500774732277625;4,6145810728418884e-07
388;-9,99999999096582e-05;8,834990947504742e-14;0,0001000000128498123;8,83345965257749e-12;1,29401541023276e-11;8,921809562052538e-12;5,8402643932059354e-06;5,840264393205934e-06;5,8402643932059354e-06;0,9885687184636318;-0,10195005903385836;0,9885688463859515;-0,10194494721417344;5,840264393205935e-10
389;0,0;0,0;0,0;0,0;0,0;0,0;;;;;;;;
390;0,05000182251474472;0,024001256404905292;-0,04999999999977177;-0,023999999999935823;1,8225149729517165e-06;1,2564049694692436e-06;0,003212933165193907;0,0032129331651939074;0,0032129331651939074;0,9966621593488239;-0,029476995162145397;0,9966228648268045;-0,029832376833073274;3,2129331651939076e-07
391;-0,6662121908710416;-0,32214854863884707;0,6670206672450562;0,3227059660020527;0,0008084763740145995;0,0005574173632056367;0,042933802373678234;0,04293380237367824;0,04293380237367824;0,9951281785909506;-0,2619063438797178;0,9964332850798725;-0,2503174698037022;4,2933802373678245e-06
392;0,0;0,0;0,0;0,0;0,0;0,0;;;;;;;;
393;0,07700444968759787;0,037003325701976106;-0,07699950844547845;-0,036999919007098744;4,941242119416156e-06;3,406694877361449e-06;0,004935371589963443;0,004935371589963444;0,004935371589963444;0,9994225779231966;-0,22360624406662263;0,9993532165723362;-0,22423026125629486;4,935371589963444e-07
394;0,045000743410796046;0,022000512556555257;-0,04500000000019697;-0,021999999999863146;7,434105990730688e-07;5,125566921101998e-07;0,00291115321323419;0,002911153213234189;0,00291115321323419;0,9934188189822514;-0,05785283598022414;0,9934011089118969;-0,058006063902119445;2,91115321323419e-07
395;0,04499996574612362;0,02200006379590819;-0,04499982773268216;-0,021999968596855508;1,3801344145997207e-07;9,51990526826263e-08;0,0028974088753374915;0,002897408875337492;0,002897408875337492;0,9981134164002561;-0,2302443528524976;0,998110112566887;-0,2302728444031015;2,897408875337492e-07
396;0,0520042080778561;0,02500290144131802;-0,051999999999966774;-0,02499999999988519;4,208077889325534e-06;2,901441432830859e-06;0,003369593091002945;0,003369593091002946;0,003369593091002946;0,9886824367305372;-0,10097798536534547;0,9885959141273676;-0,10176399964720333;3,369593091002946e-07
397;0,04300029970862976;0,021000206678811414;-0,04300000000036369;-0,020999999999616208;2,997082660660677e-07;2,066791952061442e-07;0,0027948175450079557;0,002794817545007956;0,002794817545007956;0,9885688463859515;-0,10194494721417344;0,9885614094168804;-0,10200983186464689;2,794817545007956e-07
398;0,041000803081478444;0,020000553731214104;-0,041000000000166265;-0,01999999999971706;8,030813121798208e-07;5,537314970438523e-07;0,0026664696344492578;0,002666469634449257;0,0026664696344492578;0,9877520804852907;-0,23821611851652585;0,9877311957495883;-0,23839897010078295;2,666469634449258e-07
399;-0,040999999999762456;-0,01999999999974529;0,04100099538508257;0,02000068621235234;9,95385320112785e-07;6,862126070497632e-07;0,00264238911951592;0,002642389119515919;0,00264238911951592;0,9967325482050092;-0,028856173200732946;0,9967586687604284;-0,02862966641248016;2,6423891195159203e-07
400;0,0;0,0;0,0;0,0;0,0;0,0;;;;;;;;
401;0,04000137277660132;0,019000946415336322;-0,04000000000014568;-0,019000000000121118;1,3727764556353828e-06;9,46415215204166e-07;0,0025668657703608977;0,002566865770360897;0,0025668657703608977;0,9960729674040695;-0,0347181197353579;0,9960359434210251;-0,03506211115811772;2,5668657703608977e-07
402;0,00010000000834601646;5,8118306404976196e-12;-9,999999981971707e-05;6,745849522098596e-14;8,526299390371021e-12;5,8792891357186056e-12;5,840082352982367e-06;5,84008235298237e-06;5,84008235298237e-06;0,9885996163744822;-0,10169484105528824;0,9885995320835242;-0,10169820963955054;5,84008235298237e-10
403;0,0;0,0;0,0;0,0;0,0;0,0;;;;;;;;
404;0,0;0,0;0,0;0,0;0,0;0,0;;;;;;;;
405;0,03710068175035433;0,01800046996605756;-0,03710024256393373;-0,018000167220904785;4,391864205990914e-07;3,027451527734537e-07;0,002391821037505207;0,0023918210375052074;0,0023918210375052074;0,995396562974707;-0,0997990902601794;0,9953838350369811;-0,099911174219346;2,3918210375052075e-07
406;0,0340010055290629;0,01700069330257291;-0,03400000000026882;-0,017000000000076364;1,005528794076338e-06;6,93302496544701e-07;0,002202725928361822;0,0022027259283618214;0,002202725928361822;0,9963837810717411;-0,0319528206909084;0,996352081122923;-0,03220968378769083;2,202725928361822e-07
407;0,03400008101584387;0,017000055883210727;-0,03399999999890849;-0,016999999999266244;8,101693538264954e-08;5,588394448238776e-08;0,0022199183390605552;0,0022199183390605552;0,0022199183390605552;0,9886382533865046;-0,23031944041518215;0,9886357187824879;-0,23034016859564327;2,2199183390605552e-07
408;0,03310096047630543;0,01600066216858798;-0,03310000000858986;-0,016000000005964188;9,604677155689023e-07;6,621626237914013e-07;0,0021470622358633886;0,0021470622358633886;0,0021470622358633886;0,9886306185729224;-0,10141718604979139;0,9885996163744822;-0,10169484105528824;2,1470622358633887e-07
409;0,031000196913055122;0,015000135744521638;-0,030999999999602967;-0,014999999999929086;1,969134521551119e-07;1,357445925526113e-07;0,001997533697968033;0,0019975336979680333;0,0019975336979680333;0,9953838350369811;-0,099911174219346;0,995377002951717;-0,0999717730559557;1,9975336979680335e-07
410;-0,15701862839686292;-0,07601337345323422;0,15706578080637906;0,07604588345924809;4,715240951613797e-05;3,251000601386944e-05;0,010118659502962823;0,010118659502962823;0,010118659502962823;0,9953777670852805;-0,25971363593613106;0,9957007530888801;-0,2568519995276662;1,0118659502962821e-06
411;0,02910370070376919;0,01400255146817375;-0,029101465530319746;-0,014001010409012221;2,235173449442046e-06;1,5410591615288433e-06;0,0018666840861582355;0,0018666840861582355;0,0018666840861582355;0,9989203552208856;-0,0095110297406176;0,9988373936418578;-0,010255504657354817;1,8666840861582356e-07
412;0,028999933636682355;0,01400004573814085;-0,028999872727060727;-0,013999994319573281;6,090962162766389e-08;5,141856756867014e-08;0,0018645580110974644;0,001864558011097464;0,0018645580110974644;0,9971312176090426;-0,2413929120413343;0,9971288269525784;-0,24142818461997273;1,8645580110974644e-07
413;0,02320036310529443;0,011000298844790396;-0,023200077309470095;-0,011000101776211314;2,8579582433616024e-07;1,970685790820409e-07;0,0014862011162408006;0,0014862011162408003;0,0014862011162408006;0,9974503337345979;-0,2367215622595831;0,9974370219909452;-0,23684568904406203;1,4862011162408005e-07
414;0,0231000778239258;0,01100010149627372;-0,023100041766385894;-0,011000076624466998;3,605753990526539e-08;2,4871806721810108e-08;0,0014809729963804722;0,0014809729963804724;0,0014809729963804724;0,9974370219909452;-0,23684568904406203;0,9974353359816759;-0,23686126026811136;1,4809729963804724e-07
415;0,028000696791108767;0,014000480463690384;-0,028000000000197985;-0,013999999999983264;6,967909107827297e-07;4,804637071201961e-07;0,0018145664776053096;0,0018145664776053093;0,0018145664776053096;0,9960729674040695;-0,0347181197353579;0,9960463011667351;-0,034934312616907486;1,8145664776053095e-07
416;0,026000140816116176;0,013000141773075109;-0,025999907524498225;-0,012999980911653029;2,3329161795079822e-07;1,6086142208028564e-07;0,0016843580729230944;0,0016843580729230944;0,0016843580729230944;0,9964055402578598;-0,24396501237602816;0,9963959220210207;-0,24404296119146648;1,6843580729230943e-07
417;0,14701083291239084;0,07100795417028198;-0,14700400487503348;-0,0710032473872033;6,828037357353711e-06;4,706783078678445e-06;0,00943087902524523;0,009430879025245224;0,00943087902524523;0,9994727502216318;-0,22316103541767715;0,9994225779231966;-0,22360624406662263;9,430879025245229e-07
418;0,024001450976210013;0,012001000374573334;-0,024000000000060442;-0,012000000000030576;1,4509761495709594e-06;1,0003745427571847e-06;0,0015510974119108936;0,0015510974119108938;0,0015510974119108938;0,9988373936418578;-0,010255504657354817;0,9987724346585877;-0,010780464996558266;1,551097411910894e-07
419;0,024000820254341814;0,01200056552591672;-0,023999999999947664;-0,011999999999947957;8,202543941501772e-07;5,655259687625813e-07;0,0015509247458768906;0,0015509247458768908;0,0015509247458768908;0,9989203552208856;-0,0095110297406176;0,9988836290074208;-0,009807808620850083;1,5509247458768908e-07
420;0,024000357505052305;0,01200024643741181;-0,02399999999986907;-0,011999999999641981;3,5750518323496294e-07;2,4643776982968824e-07;0,0015715633245680385;0,0015715633245680387;0,0015715633245680387;0,9857815709595146;-0,255614689823143;0,9857657749125537;-0,25574395691999435;1,5715633245680388e-07
421;-0,2051085644130668;-0,09900633089299157;0,20516492105579834;0,09904518781026726;5,635664273154206e-05;3,885691727568974e-05;0,013199645440084038;0,013199645440084036;0,013199645440084038;0,9961911266254023;-0,2506199521024953;0,9964870039986596;-0,24798057894056671;1,3199645440084038e-06
422;0,023000042312271346;0,011000076302111542;-0,02299991098880536;-0,010999985747721559;1,31323465987071e-07;9,055438998303855e-08;0,0014757490493945606;0,0014757490493945606;0,0014757490493945606;0,9974353359816759;-0,23686126026811136;0,9974291725559589;-0,23691751476641837;1,4757490493945607e-07
423;0,023000060560857082;0,011000041742972448;-0,023000000001329103;-0,011000000000628219;6,055952797914821e-08;4,174234422872625e-08;0,0014861324442367867;0,0014861324442367865;0,0014861324442367867;0,9904664582315694;-0,08445388451805509;0,9904636361187746;-0,08447979263576275;1,4861324442367867e-07
424;0,022000616611356903;0,010000425122637968;-0,021999999999986777;-0,009999999999967311;6,166113701265574e-07;4,2512267065669684e-07;0,0014046683756020386;0,0014046683756020382;0,0014046683756020386;0,9933109900091935;-0,059469242219719824;0,9932806869789612;-0,05978186602911703;1,4046683756020385e-07
425;0,02130053598229438;0,010000369921871213;-0,021300127192015957;-0,010000088074675147;4,087902784229158e-07;2,818471960663177e-07;0,0013653090335368687;0,0013653090335368685;0,0013653090335368687;0,9950699354603185;-0,10233612520795198;0,9950492224716281;-0,10253432827151966;1,3653090335368688e-07
426;0,02100037428873233;0,010000301027347;-0,020999919429940277;-0,009999987436106516;4,548587920517877e-07;3,1359124048370435e-07;0,0013429416578198622;0,0013429416578198622;0,0013429416578198622;0,9999760203216562;-0,21383751053548453;0,9999525685772374;-0,2140532195603791;1,342941657819862e-07
427;0,02100012715702465;0,010000088034165721;-0,020999999353138944;-0,009999999899207343;1,278038857070729e-07;8,813495837832475e-08;0,0013495727196702254;0,0013495727196702254;0,0013495727196702254;0,9950492224716281;-0,10253432827151966;0,9950426650639747;-0,10259499099683783;1,3495727196702254e-07
428;0,021000070054888995;0,01000005915147491;-0,020999999999116597;-0,009999999999324669;7,00557723984363e-08;5,915215024049347e-08;0,0013480617050423583;0,0013480617050423583;0,0013480617050423583;0,9961618128283258;-0,03412302460165454;0,9961580147356125;-0,03418038767098067;1,3480617050423583e-07
429;0,020999931991102328;0,010000026680017786;-0,020999862243051434;-0,009999978581674635;6,974805089390856e-08;4,8098343150351774e-08;0,001348249097654805;0,001348249097654805;0,001348249097654805;0,9960174209780317;-0,2540329618828553;0,9960138388183084;-0,2540660665615171;1,348249097654805e-07
430;0,021000076606061405;0,010000055318568072;-0,020999995311489973;-0,009999999268685708;8,129457143221663e-08;5,604988236387887e-08;0,0013614335829306248;0,0013614335829306252;0,0013614335829306252;0,9863777822771077;-0,2784559106742076;0,9863736477389734;-0,27849447149932355;1,3614335829306253e-07
431;0,020999911823891885;0,010000012885219366;-0,02099986191449768;-0,009999978483776971;4,990939420426721e-08;3,440144239440224e-08;0,0013491412591843859;0,0013491412591843859;0,0013491412591843859;0,9953577405424354;-0,2599737017962186;0,9953551792596279;-0,25999735453918515;1,3491412591843858e-07
432;0,0;0,0;0,0;0,0;0,0;0,0;;;;;;;;
433;-0,6490657596371114;-0,3140453413958357;0,6494101583402061;0,3142827843106297;0,0003443987030946616;0,00023744291479405044;0,042126128749541955;0,042126128749541955;0,042126128749541955;0,9882168546411093;-0,1044929459537265;0,9887834799450141;-0,09943099628545264;4,212612874954195e-06
434;0,019000328714035793;0,009000226622567362;-0,01900000000009727;-0,009000000000063355;3,2871393852371145e-07;2,266225040074149e-07;0,0012182375967921297;0,0012182375967921297;0,0012182375967921297;0,9963837810717411;-0,0319528206909084;0,9963651044796675;-0,03212747908060611;1,2182375967921298e-07
435;0,0190002929439851;0,009000201974805147;-0,0190000000000837;-0,008999999999803365;2,9294390140044424e-07;2,019750017824562e-07;0,0012182927507483946;0,0012182927507483946;0,0012182927507483946;0,9963366412706154;-0,03238799613601691;0,9963199975178997;-0,032543681194905826;1,2182927507483945e-07
436;0,018100341736137546;0,009000267116715489;-0,01810009952090628;-0,009000100138432868;2,4221523126435884e-07;1,6697828262093872e-07;0,0011712965491850605;0,0011712965491850605;0,0011712965491850605;0,9964055402578598;-0,24396501237602816;0,9963911852018174;-0,24408312613963853;1,1712965491850607e-07
437;0,018000100016887597;0,00900009985720208;-0,017999935982413274;-0,008999986774992969;1,640344743231159e-07;1,1308220911054878e-07;0,0011661110257428391;0,001166111025742839;0,0011661110257428391;0,9963911852018174;-0,24408312613963853;0,996381417284261;-0,24416223144502494;1,1661110257428391e-07
438;0,018000015044822102;0,00900001035841556;-0,017999999998596646;-0,008999999998719341;1,5046225456533113e-08;1,035969621893118e-08;0,0011706110316394326;0,0011706110316394326;0,0011706110316394326;0,992555184277923;-0,08713655792274094;0,9925542920345315;-0,08714378121678969;1,1706110316394326e-07
439;0,01700020152758537;0,00800013895270192;-0,01700000000023246;-0,008000000000214634;2,015273529096251e-07;1,3895248728544585e-07;0,001088946180001699;0,0010889461800016988;0,001088946180001699;0,9961526442898668;-0,0340141571896366;0,996139839559313;-0,034135884559856264;1,088946180001699e-07
440;0,0;0,0;0,0;0,0;0,0;0,0;;;;;;;;
441;0,015000162917468137;0,007000112317004431;-0,015000000000012597;-0,00699999999998813;1,629174555400903e-07;1,1231701630039226e-07;0,0009576915409219;0,0009576915409219;0,0009576915409219;0,9979163131411851;-0,018400679504079278;0,9979045495892804;-0,018514502931430088;9,576915409219001e-08
442;0,014000282960069372;0,007000195082794281;-0,014000000000094508;-0,006999999999983972;2,829599748642442e-07;1,950828103086666e-07;0,0009123631941362788;0,0009123631941362787;0,0009123631941362788;0,9905219422908419;-0,08393862131105342;0,9905004058992611;-0,08411411552505882;9,123631941362788e-08
443;0,014000180346343838;0,007000124342843131;-0,013999999999865143;-0,006999999999990513;1,8034647869535902e-07;1,2434285261847533e-07;0,0009068480379113637;0,0009068480379113637;0,0009068480379113637;0,9965381187367914;-0,03055166988808532;0,9965243087355979;-0,030663541173635376;9,068480379113638e-08
444;0,014000176881233076;0,00700012194529553;-0,014000000000030294;-0,006999999999977196;1,7688120278192e-07;1,2194531833365635e-07;0,0009071987129869472;0,000907198712986947;0,0009071987129869472;0,9961526442898668;-0,0340141571896366;0,996139105114716;-0,03412385163440064;9,071987129869472e-08
445;0,014200334225903085;0,006000267195887834;-0,014200321138564795;-0,006000258168490255;1,3087338289474726e-08;9,027397578596774e-09;0,0008922257595003498;0,0008922257595003497;0,0008922257595003498;0,9975530252906305;-0,23520604655798713;0,9975520178370233;-0,23521802021200738;8,922257595003498e-08
446;0,014100321685468195;0,0060002578521299145;-0,014100019801266121;-0,006000049721225332;3,0188420207383215e-07;2,0813090458211836e-07;0,0008868973677793985;0,0008868973677793986;0,0008868973677793986;0,9975520178370233;-0,23521802021200738;0,9975286298260181;-0,2354921151080937;8,868973677793985e-08
447;0,0;0,0;0,0;0,0;0,0;0,0;;;;;;;;
448;0,013000057769483228;0,006000039833608427;-0,012999999999668452;-0,005999999999624508;5,776981477564891e-08;3,983398391867177e-08;0,0008381762338035847;0,0008381762338035847;0,0008381762338035847;0,9862410114438314;-0,2517787403778313;0,9862362485887387;-0,25182659551091413;8,381762338035848e-08
449;0,15312992835889652;0,0740211525391758;-0,15309899940783653;-0,07399982906989783;3,092895105999416e-05;2,1323469277967355e-05;0,009862091684317426;0,009862091684317424;0,009862091684317426;0,9957007530888801;-0,2568519995276662;0,995483406845624;-0,25878525862352425;9,862091684317424e-07
450;0,012000150862502423;0,006000104026817784;-0,012000000000046376;-0,005999999999976019;1,5086245604666038e-07;1,0402684176482463e-07;0,0007768358662822022;0,0007768358662822022;0,0007768358662822022;0,9971310277125002;-0,025336329304746545;0,9971175416376442;-0,025445555026130537;7,768358662822023e-08
451;0,0;0,0;0,0;0,0;0,0;0,0;;;;;;;;
452;0,0;0,0;0,0;0,0;0,0;0,0;;;;;;;;
453;-0,0100999974670896;-0,00499999984063431;0,010100096860775686;0,005000083752723208;9,93936860854e-08;8,391208889801244e-08;0,0006604727165362126;0,0006604727165362125;0,0006604727165362126;0,9851522609584048;-0,2893367875472277;0,9851633018422372;-0,28917865476508176;6,604727165362126e-08
454;0,010000041609775148;0,005000028684157064;-0,010000000000455787;-0,0050000000002858435;4,160931936156298e-08;2,8683871220076818e-08;0,0006492870329024993;0,0006492870329024995;0,0006492870329024995;0,9941675730435585;-0,051249126270149756;0,9941631230694106;-0,05128524175385276;6,492870329024995e-08
455;0,010000075039051369;0,005000051738984608;-0,009999999999982925;-0,0050000000000632976;7,503906844334718e-08;5,173892131046798e-08;0,0006479370886606701;0,00064793708866067;0,0006479370886606701;0,9962424540280697;-0,03321803759168682;0,9962344117434951;-0,0332832139349343;6,479370886606701e-08
456;0,0;0,0;0,0;0,0;0,0;0,0;;;;;;;;
457;0,009000089955789471;0,004000078002810885;-0,008999973279999303;-0,003999997560457026;1,1667579016827467e-07;8,044235385879644e-08;0,0005721893983678654;0,0005721893983678654;0,0005721893983678654;0,9937804631598355;-0,26449640674358404;0,9937664084789609;-0,26464837278148334;5,721893983678653e-08
458;0,009000035525343316;0,004000045869952723;-0,008999964265825559;-0,003999996738903544;7,125951775703576e-08;4,913104917955019e-08;0,0005700357896154611;0,0005700357896154611;0,0005700357896154611;0,9975286298260181;-0,2354921151080937;0,9975200134840657;-0,23558493402001685;5,700357896154611e-08
459;0,0;0,0;0,0;0,0;0,0;0,0;;;;;;;;
460;0,34843244159772074;0,16823038232575133;-0,34819546021534126;-0,16806699680310294;0,0002369813823794864;0,0001633855226483849;0,022418763746258064;0,022418763746258064;0,022418763746258064;0,9964332850798725;-0,2503174698037022;0,9957007530888801;-0,2568519995276662;2,2418763746258063e-06
461;0,006000045650686668;0,0030000314753755738;-0,005999999999956414;-0,0029999999999442083;4,565073025326882e-08;3,1475431365446394e-08;0,00038909764361266276;0,0003890976436126628;0,0003890976436126628;0,9953838350369811;-0,099911174219346;0,9953756877607731;-0,09997725531686297;3,890976436126628e-08
462;0,005000027065420477;0,002000026754312626;-0,004999988159670879;-0,0019999999301022328;3,890574959766746e-08;2,682421039327046e-08;0,00031394337679216454;0,00031394337679216454;0,00031394337679216454;0,9903526642687213;-0,29188306541935993;0,9903441890473802;-0,2919943160149414;3,139433767921645e-08
463;0,005000014554666319;0,0020000100343951603;-0,005000000000451373;-0,002000000000213017;1,4554214945207422e-08;1,0034182143167647e-08;0,0003112755213753542;0,0003112755213753542;0,0003112755213753542;0,9988373936418578;-0,010255504657354817;0,9988341960137869;-0,010297118015765381;3,112755213753542e-08
464;0,00500002294663644;0,0020000158213197856;-0,005000000000175672;-0,0020000000000008197;2,2946460767961363e-08;1,5821318965873743e-08;0,0003119903888750749;0,00031199038887507483;0,0003119903888750749;0,99655058457968;-0,030491658729253978;0,9965455546032499;-0,030557279201557756;3,119903888750749e-08
465;0,004999984808000955;0,002000003549072429;-0,004999979480526345;-0,0019999998769619216;5,3274746098994075e-09;3,6721105075958327e-09;0,0003116821788674739;0,0003116821788674739;0,0003116821788674739;0,9975286298260181;-0,2354921151080937;0,9975274609396322;-0,23550733913854796;3,1168217886747395e-08
466;0,00020000003916744057;3,829035464889482e-11;-0,00019999999486989455;-7,748681321891293e-12;4,429754601868209e-11;3,054167332700353e-11;1,1604458738678328e-05;1,1604458738678328e-05;1,1604458738678328e-05;0,9950492224716281;-0,10253432827151966;0,9950490020804602;-0,10254307781421902;1,160445873867833e-09
467;-9,999951604027074e-05;-2,7514609350748525e-10;9,999952343998881e-05;2,8024795111630537e-10;7,399718072445202e-12;5,1018576088201235e-12;5,808824708352386e-06;5,808824708352386e-06;5,808824708352386e-06;0,9939144388689435;-0,26588019697270854;0,9939145124163066;-0,2658772738213569;5,808824708352386e-10
468;0,0001000000094942404;6,649443448823437e-12;-9,999999982190137e-05;1,931015499151269e-14;9,672339033764236e-12;6,66875360381495e-12;5,8247161177753945e-06;5,8247161177753945e-06;5,8247161177753945e-06;0,9912076611643593;-0,08830455482954479;0,9912075652914006;-0,0883083757435442;5,824716117775395e-10
469;-0,00010000000041439414;-6,626232991329077e-14;0,00010000000341642836;2,1360643147014404e-12;3,0020342223387175e-12;2,0698019847881496e-12;5,850035593775114e-06;5,850035593775113e-06;5,850035593775114e-06;0,9869175363590547;-0,2716827622406746;0,986917565986657;-0,27168157633153467;5,850035593775113e-10
470;-9,99999595691022e-05;-2,3121023817499545e-11;9,999996746871152e-05;2,8567184900318334e-11;7,8996093249694e-12;5,446161082818788e-12;5,85699288826944e-06;5,85699288826944e-06;5,85699288826944e-06;0,9857448126974471;-0,2991383350974759;0,9857448905674816;-0,2991352146770614;5,856992888269439e-10
471;-9,999996566294693e-05;-1,8443370248066616e-11;9,999997228410207e-05;2,4033125398266095e-11;6,621155135126157e-12;5,589755150199479e-12;5,860516511530475e-06;5,860516511530476e-06;5,860516511530476e-06;0,9851521957299156;-0,28933999024120194;0,9851522609584048;-0,2893367875472277;5,860516511530476e-10
472;9,99999994259822e-05;5,284829218356523e-12;-9,99999957345199e-05;-2,7396896758568664e-12;3,6914622969725155e-12;2,545139542499657e-12;5,802229484863584e-06;5,802229484863586e-06;5,802229484863586e-06;0,9950490020804602;-0,10254307781421902;0,9950489653486001;-0,10254453607171003;5,802229484863585e-10
