;p_from_mw;q_from_mvar;p_to_mw;q_to_mvar;pl_mw;ql_mvar;i_from_ka;i_to_ka;i_ka;vm_from_pu;va_from_degree;vm_to_pu;va_to_degree;loading_percent
0;-3,861225244377262;-1,8895676952080291;3,8657012283567838;1,894848058917205;0,004475983979521647;0,005280363709175839;0,24855646677902285;0,24855646677902288;0,24855646677902288;0,9985267984428283;-0,036937572925088126;1,0;0,0;2,4855646677902286e-05
1;-3,7977348661002033;-1,8571146735305069;3,8011245116568095;1,8605671900963778;0,0033896455566062578;0,0034525165658709778;0,2446980827061043;0,24469808270610427;0,2446980827061043;0,9974504117948486;-0,05876832131015115;0,9985267984428283;-0,036937572925088126;2,4469808270610427e-05
2;-5,622297660332721;-2,7620926954800415;5,644574688257762;2,7774519325340634;0,022277027925041715;0,015359237054021868;0,3632054636559378;0,3632054636559378;0,3632054636559378;0,9957449373634024;-0,03609130482933992;1,0;0,0;3,632054636559378e-05
3;-5,541629144089062;-2,7181510290074105;5,56329766035738;2,733092695447081;0,021668516268317894;0,014941666439670431;0,3593936326538986;0,35939363265389856;0,3593936326538986;0,9915624567497752;-0,07188797224739288;0,9957449373634024;-0,03609130482933992;3,5939363265389865e-05
4;2,1238798106740546;1,0419017389167493;-2,11595863117668;-1,0338361716625335;0,007921179497374808;0,00806556725421581;0,13658238885677032;0,13658238885677032;0,13658238885677032;1,0;0,0;0,995493535485127;-0,09129562076561457;1,3658238885677031e-05
5;-5,241231003271479;-2,5699140605401847;5,254605822419212;2,5791349494054527;0,01337481914773253;0,009220888865268062;0,3408245316382649;0,3408245316382649;0,3408245316382649;0,9888404143712565;-0,09529117587115896;0,9915624567497752;-0,07188797224739288;3,4082453163826495e-05
6;-2,0816196039257724;-1,0106614672687264;2,0945580949923084;1,0238358019621643;0,012938491066535995;0,013174334693437872;0,13521261663692577;0,1352126166369258;0,1352126166369258;0,9880632133422625;-0,2436732067366718;0,995493535485127;-0,09129562076561457;1,352126166369258e-05
7;-3,7888486272827793;-1,8482703724760814;3,7975348660735957;1,8571146735112294;0,008686238790816425;0,008844301035147994;0,24468768307199998;0,24468768307199998;0,24468768307199998;0,9946929261514237;-0,11488884518720803;0,9974504117948486;-0,05876832131015115;2,44687683072e-05
8;-2,9953865984743686;-1,4822419116392533;2,9968986392818806;1,4840257171777012;0,001512040807511994;0,0017838055384478135;0,19307799618612145;0,19307799618612145;0,19307799618612145;0,9993581556924721;-0,01590205394020708;1,0;0,0;1,9307799618612145e-05
9;-3,7391845111497406;-1,8175792841826768;3,751647944565964;1,830269901845147;0,012463433416223246;0,01269061766247015;0,2422889588875393;0,24228895888753935;0,24228895888753935;0,9906988013939051;-0,19676222687436754;0,9946929261514237;-0,11488884518720803;2,4228895888753935e-05
10;-2,962309773093693;-1,448664551964182;2,995286598474527;1,482241911637932;0,03297682538083402;0,03357735967374986;0,1930728182689526;0,1930728182689526;0,1930728182689526;0,9860775408210115;-0,2846654646664507;0,9993581556924721;-0,01590205394020708;1,930728182689526e-05
11;2,962209773132234;1,448664551932645;-2,9338251708215592;-1,4197621987308293;0,028384602310674634;0,028902353201815778;0,19306755852708393;0,19306755852708396;0,19306755852708396;0,9860775408210115;-0,2846654646664507;0,9746636728808614;-0,5218738387826737;1,9306755852708396e-05
12;-3,6041462457362132;-1,7473749225515114;3,613184511150514;1,7565792841824865;0,009038265414300639;0,009204361630975155;0,23413080366749406;0,234130803667494;0,23413080366749406;0,987702539699998;-0,25864674078126526;0,9906988013939051;-0,19676222687436754;2,3413080366749406e-05
13;3,92589385275528;1,929211188231875;-3,9037935071588348;-1,9139743871942565;0,022100345596445248;0,015236801037618486;0,2525503141415636;0,2525503141415636;0,2525503141415636;1,0;0,0;0,9939297673505848;-0,05176298577789115;2,525503141415636e-05
14;3,644792658621356;1,7856315080555794;-3,62530665348819;-1,7721968274925097;0,019486005133166007;0,013434680563069623;0,2367740031597972;0,23677400315979716;0,2367740031597972;0,9896727629083694;-0,08841360907024139;0,9839649624378093;-0,1379913999816852;2,367740031597972e-05
15;3,777793507179419;1,8529743871666098;-3,7627926585535456;-1,8426315081439204;0,015000848625873253;0,010342879022689377;0,24441877207869633;0,24441877207869633;0,24441877207869633;0,9939297673505848;-0,05176298577789115;0,9896727629083694;-0,08841360907024139;2,4441877207869635e-05
16;3,4993066536577992;1,7111968272811522;-3,4812635820462887;-1,698756464000325;0,01804307161151053;0,012440363280827205;0,22856006806743157;0,2285600680674316;0,2285600680674316;0,9839649624378093;-0,1379913999816852;0,9784904168515163;-0,18605419010858856;2,285600680674316e-05
17;2,9098018932657226;1,4297041407563142;-2,8689256615229115;-1,4015209938067914;0,040876231742811076;0,02818314694952284;0,18718084827378872;0,18718084827378875;0,18718084827378875;1,0;0,0;0,9848531578153559;-0,13043728068957458;1,8718084827378875e-05
18;2,8478255902266527;1,3915209328126008;-2,812504313474663;-1,3671675748760956;0,03532127675198993;0,02435335793650517;0,18581210873747467;0,1858121087374747;0,1858121087374747;0,9848531578153559;-0,13043728068957458;0,971672384620963;-0,24722463023897645;1,858121087374747e-05
19;-2,9661237314321673;-1,4474945394761505;2,97533871295345;1,4552735868919866;0,009214981521282528;0,007779047415836127;0,19734707169324067;0,1973470716932407;0,1973470716932407;0,9655728327150396;-0,3531343216298862;0,968994112327711;-0,30211096499200735;1,973470716932407e-05
20;-3,315630271483099;-1,622342520821606;3,3252033923859647;1,6304243080051743;0,00957312090286555;0,008081787183568334;0,21936969458165315;0,21936969458165315;0,21936969458165315;0,971487824572644;-0,26511059584437646;0,9746861181766041;-0,21789448451525062;2,1936969458165314e-05
21;-2,911842260980121;-1,4181198833317654;2,9170230507840302;1,4224940695770198;0,005180789803909125;0,00437418624525443;0,19405298768301976;0,19405298768301968;0,19405298768301976;0,9636170878117533;-0,38251465283620184;0,9655728327150396;-0,3531343216298862;1,9405298768301977e-05
22;1,2742337289012937;0,6197676392618803;-1,2672548741552763;-0,614955986050099;0,006978854746017449;0,0048116532117812305;0,08180838430026473;0,08180838430026473;0,08180838430026473;1,0;0,0;0,9940860247466391;-0,05184132974883883;8,180838430026473e-06
23;1,9229485952278367;0,9317879339828892;-1,9099314997104444;-0,9228130829011305;0,013017095517392274;0,008974851081758661;0,12336882444935608;0,12336882444935608;0,12336882444935608;1,0;0,0;0,9926869790515805;-0,06483528028374652;1,2336882444935609e-05
24;1,8878308823238255;0,9128126572435744;-1,8852214126459472;-0,9110135153589634;0,002609469677878229;0,0017991418846110552;0,12195842805251603;0,12195842805251601;0,12195842805251603;0,9926869790515805;-0,06483528028374652;0,991204111514708;-0,07807449924965659;1,2195842805251601e-05
25;-3,1824478387889776;-1,5552798790222113;3,1896302717584604;1,5613425205817544;0,007182432969482733;0,006062641559543058;0,21105027828880654;0,21105027828880657;0,21105027828880657;0,968994112327711;-0,30211096499200735;0,971487824572644;-0,26511059584437646;2,1105027828880658e-05
26;-1,8686501576470789;-0,9025514004384322;1,8722214126459469;0,9050135153587758;0,003571254998868012;0,00246211492034365;0,12112458486965316;0,12112458486965318;0,12112458486965318;0,9891608037511538;-0,09636505255293316;0,991204111514708;-0,07807449924965659;1,2112458486965316e-05
27;-2,7807014965052392;-1,3535758465201089;2,785842261531017;1,3571198822761612;0,00514076502577776;0,003544035756052333;0,1856655668514093;0,18566556685140936;0,18566556685140936;0,9616973575893956;-0,3998314587886652;0,9636170878117533;-0,38251465283620184;1,8566556685140935e-05
28;-2,770396053629533;-1,346539890896336;2,7806014972194832;1,3535758457231697;0,010205443589950125;0,0070359548268337235;0,1856601689867728;0,18566016898677276;0,1856601689867728;0,9578864073387289;-0,43441785866768834;0,9616973575893956;-0,3998314587886652;1,856601689867728e-05
29;0,829536658069101;0,40246057466766627;-0,8289215582364047;-0,4019413187931218;0,0006150998326963641;0,0005192558745444886;0,05374575642496829;0,053745756424968295;0,053745756424968295;0,9904478801192544;-0,08397220457030938;0,989609939307518;-0,0963292658147912;5,374575642496829e-06
30;0,7879215582364903;0,38194131879307874;-0,7872812378617694;-0,38140073777003813;0,0006403203747209485;0,0005405810230406094;0,05108435674388849;0,05108435674388849;0,05108435674388849;0,989609939307518;-0,0963292658147912;0,9886922604730168;-0,10989574993488267;5,108435674388849e-06
31;1,1412548741553044;0,5539559860499912;-1,1395286268456417;-0,5527658525274426;0,001726247309662643;0,0011901335225485976;0,07367802019134939;0,0736780201913494;0,0736780201913494;0,9940860247466391;-0,05184132974883883;0,9924618893266793;-0,06617616914452353;7,36780201913494e-06
32;0,6053769092591452;0,29325985122137394;-0,605021699917797;-0,2930149622382559;0,00035520934134825044;0,0002448889831180301;0,039274808741111146;0,03927480874111114;0,039274808741111146;0,9888404143712565;-0,09529117587115896;0,9882135429603417;-0,1008765535777753;3,927480874111115e-06
33;3,3821571227056806;1,6507516685205743;-3,3714510459560065;-1,643369697678944;0,010706076749674054;0,007381970841630281;0,22206251928035264;0,2220625192803526;0,22206251928035264;0,9784904168515163;-0,18605419010858856;0,9751472417419126;-0,21566051976473313;2,2206251928035264e-05
34;2,8812644303840305;1,4062410307831084;-2,8803164082983;-1,4055870360717442;0,0009480220857303046;0,0006539947113641809;0,18982298719164495;0,18982298719164495;0,18982298719164495;0,9751472417419126;-0,21566051976473313;0,9748008703521263;-0,2187338864692869;1,8982298719164495e-05
35;2,880216408306097;1,4055870360577558;-2,8800975068451864;-1,4055048859574903;0,00011890146091042553;8,215010026546565e-05;0,1898176644318303;0,1898176644318303;0,1898176644318303;0,9748008703521263;-0,2187338864692869;0,9747574103783919;-0,21912149979707718;1,898176644318303e-05
36;2,8710975068776565;1,4015048859069603;-2,868152869673429;-1,3994744720740568;0,0029446372042274405;0,002030413832903477;0,18923468967416648;0,18923468967416648;0,18923468967416648;0,9747574103783919;-0,21912149979707718;0,973678332644163;-0,22868900224040178;1,892346896741665e-05
37;2,4624413058167094;1,1948888749188695;-2,4585679769947517;-1,1922180902950064;0,003873328821957678;0,002670784623863165;0,15999043434673887;0,15999043434673887;0,15999043434673887;0,987702539699998;-0,25864674078126526;0,9860242968837405;-0,27357432270821497;1,5999043434673888e-05
38;1,1165396049066771;0,543121263032873;-1,1130460913399185;-0,5407126025162569;0,0034935135667586437;0,0024086605166161457;0,07168545635119168;0,07168545635119167;0,07168545635119168;1,0;0,0;0,9966213693385275;-0,029533450032944133;7,168545635119169e-06
39;2,8251525771869104;1,3784742697910268;-2,806484684747203;-1,365603742943148;0,018667892439707234;0,012870526847878816;0,18639713151717813;0,18639713151717813;0,18639713151717813;0,973678332644163;-0,22868900224040178;0,9667341131844213;-0,2907547098242356;1,8639713151717813e-05
40;1,0215238428971887;0,4957618137982543;-1,020662684439078;-0,4951680739037432;0,0008611584581106335;0,0005937398945111139;0,06605428032370701;0,066054280323707;0,06605428032370701;0,9924618893266793;-0,06617616914452353;0,991558148296148;-0,07416438006022379;6,605428032370701e-06
41;1,0205626844369686;0,4951680739062928;-1,0205244691480349;-0,4951416373023043;3,8215288933773905e-05;2,6436603988488905e-05;0,06604904167119696;0,06604904167119698;0,06604904167119698;0,991558148296148;-0,07416438006022379;0,991518006619867;-0,07452316548575053;6,604904167119698e-06
42;1,1129460913399567;0,5407126025163289;-1,112585553837078;-0,5404639719083153;0,0003605375028787883;0,00024863060801361136;0,07168024564334066;0,07168024564334065;0,07168024564334066;0,9966213693385275;-0,029533450032944133;0,9962726575536136;-0,03259444766106532;7,168024564334067e-06
43;1,1124855538372644;0,5404639719081571;-1,1108919601620457;-0,5391185103235674;0,0015935936752187185;0,0013454615845897022;0,07167503306581599;0,07167503306581598;0,07167503306581599;0,9962726575536136;-0,03259444766106532;0,9946445396886651;-0,05643702558872113;7,167503306581599e-06
44;1,1107919601623608;0,5391185103238606;-1,1101572352198188;-0,5385827155617295;0,0006347249425420198;0,0005357947621310588;0,07166981099047916;0,07166981099047914;0,07166981099047916;0,9946445396886651;-0,05643702558872113;0,9939960938769619;-0,06595042964423994;7,166981099047916e-06
45;2,7833846218778318;1,3546036983458702;-2,771580361159403;-1,3464648794817267;0,011804260718428772;0,008138818864143582;0,18486918084409915;0,18486918084409917;0,18486918084409917;0,9667341131844213;-0,2907547098242356;0,9623072826142485;-0,3307810023028981;1,8486918084409916e-05
46;2,408567976995041;1,1682180902950472;-2,4048502918986965;-1,1656546270188606;0,003717685096344514;0,002563463276186617;0,15674299247776122;0,15674299247776124;0,15674299247776124;0,9860242968837405;-0,27357432270821497;0,9843801628127026;-0,28824034895170153;1,5674299247776125e-05
47;0,9885244691479573;0,480141637299639;-0,9875366580686638;-0,47946057466767733;0,0009878110792935768;0,0006810626319616597;0,0639913523029649;0,06399135230296489;0,0639913523029649;0,991518006619867;-0,07452316548575053;0,9904478801192544;-0,08397220457030938;6,399135230296491e-06
48;1,4015615284424143;0,6819049892266094;-1,3960563350516142;-0,6781093428942382;0,005505193390800134;0,003795646332371172;0,08998831650723664;0,08998831650723664;0,08998831650723664;1,0;0,0;0,9957587216625474;-0,037086422267292946;8,998831650723664e-06
49;1,004157235219578;0,487582715561729;-1,0033615649254615;-0,4869108918722761;0,000795670294116535;0,0006718236894528995;0,064837413417473;0,064837413417473;0,064837413417473;0,9939960938769619;-0,06595042964423994;0,9930974666602299;-0,07914340924797833;6,4837413417473e-06
50;2,771480361707226;1,3464648788880804;-2,7654847665910967;-1,3423311170022678;0,005995595116129238;0,0041337618858126035;0,18486378435211753;0,1848637843521175;0,18486378435211753;0,9623072826142485;-0,3307810023028981;0,9600589390343945;-0,35124961315296543;1,8486378435211755e-05
51;1,3959563350511321;0,6781093428937515;-1,395388171473753;-0,6777175310723268;0,0005681635773790994;0,0003918118214246702;0,08998310114644727;0,08998310114644727;0,08998310114644727;0,9957587216625474;-0,037086422267292946;0,9953209740642379;-0,04093416034118587;8,998310114644728e-06
52;-2,71410448267261;-1,3187876307592452;2,7151940697249843;1,319538522109833;0,0010895870523741635;0,0007508913505878123;0,18195627013399227;0,1819562701339923;0,1819562701339923;0,957471314377586;-0,43819834794972207;0,9578864073387289;-0,43441785866768834;1,819562701339923e-05
53;1,7726869667046525;0,8580464300384738;-1,770399298250546;-0,8553480183281063;0,0022876684541064396;0,0026984117103675542;0,1166609753787101;0,1166609753787101;0,1166609753787101;0,9746636728808614;-0,5218738387826737;0,9730630511988577;-0,5636071298170275;1,166609753787101e-05
54;-2,7033446995907875;-1,3073087522638929;2,729484767922702;1,3253311157683922;0,026140068331914623;0,018022363504499372;0,182469747291141;0,182469747291141;0,182469747291141;0,9501291383751335;-0,44273005914271824;0,9600589390343945;-0,35124961315296543;1,82469747291141e-05
55;0,4592687612843242;0,22239020426527323;-0,4591255845369345;-0,22226934977170915;0,0001431767473897283;0,00012085449356408207;0,02979794981654822;0,02979794981654821;0,02979794981654822;0,9886922604730168;-0,10989574993488267;0,9883405318607035;-0,11510459517352689;2,979794981654822e-06
56;0,4590255845376616;0,22226934977227136;-0,4589548069548852;-0,22220959623737668;7,077758277640456e-05;5,975353489467983e-05;0,029792692045667056;0,02979269204566706;0,02979269204566706;0,9883405318607035;-0,11510459517352689;0,9881666188731307;-0,11768156283120255;2,979269204566706e-06
57;0,4298547449334509;0,20820954388207924;-0,4296595765342584;-0,20804476979547343;0,0001951683991924802;0,00016477408660581228;0,02790595484527908;0,02790595484527908;0,02790595484527908;0,9881666188731307;-0,11768156283120255;0,987654617881962;-0,125268711396972;2,790595484527908e-06
58;-0,20200000000051077;-0,0979999999942547;0,2020216999161284;0,09801496224870629;2,169991561762341e-05;1,496225445159205e-05;0,013118636550028715;0,013118636550028713;0,013118636550028715;0,9880988771543555;-0,10189461952389266;0,9882135429603417;-0,1008765535777753;1,3118636550028715e-06
59;0,8881341599064636;0,43112973373030783;-0,8875940541837566;-0,4304926885146714;0,0005401057227070183;0,0006370452156364559;0,05768728895417343;0,057687288954173445;0,057687288954173445;0,9880632133422625;-0,2436732067366718;0,9872985583544523;-0,26325965014123104;5,768728895417345e-06
60;4,31785409409186;2,1226542092204554;-4,301932668386207;-2,111676119852855;0,01592142570565347;0,010978089367600585;0,2809209999385222;0,28092099993852215;0,2809209999385222;0,9888404143712565;-0,09529117587115896;0,9849086757271257;-0,12910113900972375;2,8092099993852223e-05
61;-0,12033608107252695;-0,05802487500009561;0,12038116454684505;0,05806293594762498;4,50834743181e-05;3,806094752937389e-05;0,008121440656389162;0,008121440656389162;0,008121440656389162;0,9497229251274798;-0,4490327879309621;0,9501291383751335;-0,44273005914271824;8,121440656389162e-07
62;-0,6075121390459561;-0,29335308832155543;0,6076669661715715;0,2934598278461992;0,00015482712561531997;0,0001067395246437397;0,04075606738120431;0,04075606738120431;0,04075606738120431;0,9556820241604793;-0,45484192573236737;0,9559452823138493;-0,4523969988655381;4,075606738120431e-06
63;3,415447636575009;1,6760387282235456;-3,4073033923260163;-1,6704243078441916;0,008144244248992738;0,0056144203793540015;0,22477931700865894;0,22477931700865897;0,22477931700865897;0,9771992749703435;-0,19596505686640764;0,9746861181766041;-0,21789448451525062;2,2477931700865898e-05
64;1,0393680321440029;0,505701313106726;-1,0379735688183018;-0,5045239760822219;0,0013944633257010342;0,001177337024504066;0,0670475096838621;0,0670475096838621;0,0670475096838621;0,9953209740642379;-0,04093416034118587;0,9937977377310367;-0,06320453287152052;6,7047509683862095e-06
65;-0,5502921148594742;-0,26620140976140744;0,5505121390407455;0,2663530884450904;0,00022002418127131662;0,00015167868368298754;0,03694589223756966;0,03694589223756966;0,03694589223756966;0,9552692871602826;-0,4586576237177127;0,9556820241604793;-0,45484192573236737;3,694589223756966e-06
66;0,46039503027107087;0,22327234895232462;-0,4601695727844881;-0,22311691281669555;0,00022545748658275855;0,00015543613562907233;0,029898622478572796;0,029898622478572796;0,029898622478572796;0,9880632133422625;-0,2436732067366718;0,987540514451092;-0,24832026860740092;2,9898622478572794e-06
67;0,8013615649254457;0,38891089187245936;-0,8009855416797926;-0,3885934362183413;0,00037602324565311207;0,00031745565411805954;0,05178480741573041;0,05178480741573042;0,05178480741573042;0,9930974666602299;-0,07914340924797833;0,9925657852462346;-0,08695790582524582;5,178480741573042e-06
68;0,8008855416797914;0,38859343621799963;-0,800568391487109;-0,38832567233480425;0,00031715019268241385;0,00026776388319538214;0,05177957409573685;0,05177957409573685;0,05177957409573685;0,9925657852462346;-0,08695790582524582;0,9921173057579379;-0,09355547988337803;5,1779574095736855e-06
69;4,089932626116406;2,0086760904740935;-4,0796054531663115;-2,0015572972653857;0,010327172950094443;0,007118793208707785;0,2671046440010724;0,2671046440010724;0,2671046440010724;0,9849086757271257;-0,12910113900972375;0,9822268036327172;-0,15226606385811026;2,671046440010724e-05
70;0,782468376421327;0,3793256619701434;-0,7824504003521908;-0,3793105282709132;1,79760691362274e-05;1,5133699230174269e-05;0,05060329642572724;0,05060329642572724;0,05060329642572724;0,9921173057579379;-0,09355547988337803;0,9920913184541357;-0,093936089605315;5,060329642572724e-06
71;-0,5200515143366619;-0,2520355139067456;0,5205882374134205;0,2524055896662495;0,0005367230767586717;0,00037007575950387395;0,03381851116744414;0,033818511167444144;0,033818511167444144;0,9866024244810313;-0,26844632332223156;0,987702539699998;-0,25864674078126526;3,381851116744415e-06
72;0,9229735688180111;0,44852397608205047;-0,9223351048214129;-0,44798499219714677;0,0006384639965981709;0,0005389838849036988;0,05961652844850133;0,05961652844850133;0,05961652844850133;0,9937977377310367;-0,06320453287152052;0,9930134880262634;-0,0746994572868146;5,961652844850133e-06
73;-1,6345428226328267;-0,7912350904006983;1,6374103101900912;0,7932119981850967;0,002867487557264514;0,0019769077843984073;0,1115893275911231;0,1115893275911231;0,1115893275911231;0,939567017867145;-0,6032730668957805;0,9413480874192048;-0,5865824873402362;1,115893275911231e-05
74;0,00010000002641001577;1,8215146204933886e-11;-9,999999995929691e-05;2,1737923374303612e-14;2,645071885316614e-11;1,823688412830819e-11;5,7882619009503155e-06;5,7882619009503155e-06;5,7882619009503155e-06;0,9974504117948486;-0,05876832131015115;0,9974501479620976;-0,05877877027231509;5,788261900950315e-10
75;0,0;0,0;0,0;0,0;0,0;0,0;;;;;;;;
76;1,6385954526725006;0,7923452384698177;-1,63680513762639;-0,7911108762492435;0,0017903150461107131;0,00123436222057427;0,107993196214893;0,10799319621489302;0,10799319621489302;0,9730630511988577;-0,5636071298170275;0,9719141092756614;-0,5740670638206575;1,0799319621489302e-05
77;0,5184122616802544;0,2514363013350221;-0,5182477673594632;-0,2512422457160016;0,00016449432079124193;0,0001940556190204723;0,033693122540017696;0,033693122540017696;0,033693122540017696;0,9872985583544523;-0,26325965014123104;0,9868998481602095;-0,27348832617602625;3,3693122540017697e-06
78;3,953605453286793;1,940557297121922;-3,94669735105762;-1,9357944059167669;0,006908102229172819;0,004762891205155162;0,2588762285703123;0,25887622857031223;0,2588762285703123;0,9822268036327172;-0,15226606385811026;0,9803757657207371;-0,16832121465289518;2,588762285703123e-05
79;-0,8040744924761563;-0,39076493577269905;0,8043351048213395;0,3909849921973746;0,00026061234518326426;0,00022005642467554098;0,051997384875159494;0,05199738487515949;0,051997384875159494;0,9926464207576714;-0,08008152741631602;0,9930134880262634;-0,0746994572868146;5,199738487515949e-06
80;-0,9311468203699308;-0,4507906514369156;0,9315670430591219;0,4510804182531138;0,0004202226891910632;0,0002897668161981892;0,06070579998926693;0,06070579998926694;0,06070579998926694;0,98390035419869;-0,29254156432897493;0,9843801628127026;-0,28824034895170153;6,0705799989266935e-06
81;0,43624776735948845;0,21124224571547764;-0,43615673324034915;-0,2111495472205511;9,103411913929937e-05;9,269849492654636e-05;0,028355709724398204;0,028355709724398208;0,028355709724398208;0,9868998481602095;-0,27348832617602625;0,9866507688509104;-0,2786621222078076;2,8355709724398208e-06
82;0,580450400356873;0,2813105282714345;-0,5803345333183076;-0,28123063454546277;0,00011586703856536484;7,989372597172473e-05;0,03753745360013436;0,037537453600134364;0,037537453600134364;0,9920913184541357;-0,093936089605315;0,9918773577020358;-0,09583411824565018;3,753745360013437e-06
83;0,9995066100601026;0,48321729535905006;-0,999028074680906;-0,48281330500611347;0,0004785353791965097;0,0004039903529365896;0,06746093984041555;0,06746093984041555;0,06746093984041555;0,9501291383751335;-0,44273005914271824;0,9496099434651176;-0,45075598038849496;6,746093984041555e-06
84;0,39915673324084555;0,19314954722063107;-0,39908050234174675;-0,1930719225928524;7,623089909880587e-05;7,762462777866075e-05;0,02594800337526306;0,02594800337526306;0,02594800337526306;0,9866507688509104;-0,2786621222078076;0,9864228606589237;-0,28340125528572263;2,594800337526306e-06
85;-1,4604700520525435;-0,7061855680035186;1,4634249763758236;0,7082227860697461;0,0029549243232800393;0,0020372180662274753;0,0999024133441336;0,09990241334413363;0,09990241334413363;0,937517053506811;-0,6225765043850154;0,939567017867145;-0,6032730668957805;9,990241334413363e-06
86;-0,7235750003327077;-0,3513432447097788;0,7240744924764332;0,3517649357730531;0,0004994921437254662;0,00042169106327433203;0,04682090613576466;0,04682090613576465;0,04682090613576466;0,9918652095360045;-0,09155213623991357;0,9926464207576714;-0,08008152741631602;4,682090613576466e-06
87;0,6313671497016989;0,3052531069990417;-0,6311879147823636;-0,305129549309968;0,00017923491933535818;0,00012355768907368336;0,042614042633124155;0,042614042633124155;0,042614042633124155;0,9501291383751335;-0,44273005914271824;0,949837651489352;-0,4454451676348513;4,261404263312416e-06
88;0,00010000000577874312;5,245621273170846e-12;-9,999999993671729e-05;-3,141093826327976e-13;5,842025824144732e-12;4,931511890538049e-12;5,923448500870154e-06;5,9234485008701545e-06;5,9234485008701545e-06;0,9746861181766041;-0,21789448451525062;0,9746860612351913;-0,2178973100632563;5,923448500870154e-10
89;1,7075734863720222;0,8297350459716222;-1,6837341662326322;-0,8132987683663846;0,023839320139390052;0,01643627760523758;0,1140992003085016;0,1140992003085016;0,1140992003085016;0,9606501998146733;-0,3465188565400036;0,9461680929512357;-0,4802520275902073;1,140992003085016e-05
90;0,8750897768285429;0,42377541340905195;-0,8747533069281392;-0,4234913042152159;0,00033646990040370195;0,00028410919383603517;0,059082262745913;0,05908226274591301;0,05908226274591301;0,9501291383751335;-0,44273005914271824;0,949712215118965;-0,4491592317148796;5,908226274591301e-06
91;1,0569373304888572;0,5111978266869173;-1,055624314847882;-0,5102925221258758;0,0013130156409750793;0,0009053045610414312;0,06852773320400674;0,06852773320400675;0,06852773320400675;0,9891608037511538;-0,09636505255293316;0,9878328697335536;-0,10825380969252216;6,852773320400675e-06
92;1,0852625827027376;0,526559959697571;-1,0845436149426093;-0,5260642803792369;0,0007189677601282529;0,0004956793183340524;0,07074846309378517;0,07074846309378517;0,07074846309378517;0,9843801628127026;-0,28824034895170153;0,9836757242455875;-0,29452004915171875;7,074846309378518e-06
93;0,32108050234106783;0,15507192259202707;-0,32104233538955085;-0,155039700852061;3,816695151698246e-05;3,222173996605959e-05;0,020869754041830956;0,02086975404183096;0,02086975404183096;0,9864228606589237;-0,28340125528572263;0,9862890156659415;-0,28539662611402633;2,0869754041830957e-06
94;3,744697351227822;1,8377944057290079;-3,7334476363370075;-1,8300387284531388;0,011249714890814388;0,007755677275869122;0,24565437671042223;0,2456543767104222;0,24565437671042223;0,9803757657207371;-0,16832121465289518;0,9771992749703435;-0,19596505686640764;2,4565437671042223e-05
95;-0,20199999999996202;-0,09799999999977096;0,20205151433675914;0,09803551390687289;5,1514336797120475e-05;3,551390710192226e-05;0,013142153933373774;0,013142153933373774;0,013142153933373774;0,9863307118989371;-0,27086147874410144;0,9866024244810313;-0,26844632332223156;1,3142153933373773e-06
96;0,4543345333192915;0,2202306345455665;-0,4541545788682439;-0,22010657091538416;0,00017995445104762586;0,00012406363018233058;0,029388982085931607;0,029388982085931607;0,029388982085931607;0,9918773577020358;-0,09583411824565018;0,9914529305920596;-0,09959704319591049;2,9388982085931604e-06
97;1,3898051376457232;0,672110876246235;-1,3847331027146603;-0,6686139651312505;0,0050720349310628965;0,0034969111149845133;0,09170648636610931;0,09170648636610933;0,09170648636610933;0,9719141092756614;-0,5740670638206575;0,9680811623796615;-0,6090894370055716;9,170648636610932e-06
98;1,3846331027400796;0,6686139651079229;-1,3836187136532705;-0,6679146647973945;0,0010143890868090644;0,0006993003105284501;0,09170111582308485;0,09170111582308485;0,09170111582308485;0,9680811623796615;-0,6090894370055716;0,967314600925043;-0,6161238845744678;9,170111582308486e-06
99;-1,960710053251282;-0,9542079117758904;1,9689833670801722;0,9599117302902219;0,008273313828890183;0,005703818514331549;0,13215635653696844;0,13215635653696847;0,13215635653696847;0,9526247412643564;-0,482235767744306;0,9569653046072457;-0,4427827040122299;1,3215635653696847e-05
100;-0,5127098568361418;-0,2484204592421445;0,5128473253880047;0,24851522741567444;0,00013746855186291818;9,47681735299355e-05;0,03375779060137277;0,033757790601372774;0,033757790601372774;0,9743814181922278;-0,5244218065826097;0,9746636728808614;-0,5218738387826737;3,3757790601372776e-06
101;-1,9494049232861401;-0,9468608202147127;1,9557100544229569;0,9512079105447002;0,006305131136816744;0,00434709032998748;0,13180431985150232;0,13180431985150232;0,13180431985150232;0,9493083326510008;-0,5126778690258085;0,9526247412643564;-0,482235767744306;1,3180431985150231e-05
102;-0,7287734491214047;-0,35146429670681983;0,729849574389043;0,3522062371539593;0,0010761252676382282;0,0007419404471394886;0,048866013230144216;0,048866013230144216;0,048866013230144216;0,9559452823138493;-0,4523969988655381;0,957471314377586;-0,43819834794972207;4,886601323014421e-06
103;2,0826492382238357;1,0151277161642813;-2,081713979904184;-1,0144829848971177;0,0009352583196515774;0,0006447312671635785;0,13766457919806255;0,13766457919806252;0,13766457919806255;0,971672384620963;-0,24722463023897645;0,9712013320790425;-0,2514251074546637;1,3766457919806256e-05
104;-0,7286711654679984;-0,35246274912697073;0,7291468203697714;0,35279065143742644;0,00047565490177303715;0,0003279023104557077;0,04753118907113539;0,047531189071135405;0,047531189071135405;0,983206798560025;-0,2987707300297723;0,98390035419869;-0,29254156432897493;4,75311890711354e-06
105;0,37315457886842907;0,18110657091551224;-0,3730330253868974;-0,18102276989757507;0,00012155348153164436;8,380101793717398e-05;0,024153882473607547;0,024153882473607544;0,024153882473607547;0,9914529305920596;-0,09959704319591049;0,9911040806898369;-0,10268085297409907;2,4153882473607547e-06
106;-0,4485471388036935;-0,21730827964201396;0,44870985683633613;0,21742045924482062;0,00016271803264261697;0,00011217960280665573;0,029544156185204177;0,029544156185204173;0,029544156185204177;0,9739996688035716;-0,5278703839881067;0,9743814181922278;-0,5244218065826097;2,9544156185204176e-06
107;1,9841549084591246;0,9665813934195121;-1,9831836022217333;-0,9659118934965838;0,0009713062373912784;0,0006694999229283072;0,1330850787004879;0,1330850787004879;0,1330850787004879;0,957471314377586;-0,43819834794972207;0,9569653046072457;-0,4427827040122299;1,330850787004879e-05
108;0,19904233538968372;0,09603970085204579;-0,1990103573651885;-0,0960071404047461;3,197802449522724e-05;3,2560447299684325e-05;0,012936880413670056;0,012936880413670056;0,012936880413670056;0,9862890156659415;-0,28539662611402633;0,9860973381399633;-0,28939736765726903;1,2936880413670057e-06
109;0,20104424569928037;0,09703050481216696;-0,20101898171662663;-0,09701308525117353;2,5263982653733752e-05;1,741956099343689e-05;0,013686018685376469;0,013686018685376469;0,013686018685376469;0,9417244449548727;-0,5223336761968849;0,9415965213856715;-0,5235419008907171;1,3686018685376469e-06
110;0,5777933214745327;0,28119244422218287;-0,5768348712854952;-0,28053162494000117;0,0009584501890375074;0,0006608192821817016;0,03754780994441456;0,03754780994441457;0,03754780994441457;0,9880632133422625;-0,2436732067366718;0,9862934517307539;-0,25928497293736963;3,7547809944414565e-06
111;0,0;0,0;0,0;0,0;0,0;0,0;;;;;;;;
112;2,0137139800271306;0,9814829847816506;-2,0084632969751404;-0,9778629982089743;0,005250683051990279;0,0036199865726763703;0,13317131861363726;0,13317131861363726;0,13317131861363726;0,9712013320790425;-0,2514251074546637;0,9684675532358356;-0,2758830392144152;1,3317131861363726e-05
113;2,008363297324664;0,9778629978056704;-2,0000019291345157;-0,9720982980723596;0,008361368190148433;0,005764699733310841;0,13316595868437656;0,13316595868437656;0,13316595868437656;0,9684675532358356;-0,2758830392144152;0,9641143479815903;-0,3151160144169341;1,3316595868437655e-05
114;0,20907299467999255;0,101050325146899;-0,20901844498587335;-0,10101271686654772;5,454969411919364e-05;3,760828035127839e-05;0,013573722241360999;0,013573722241361;0,013573722241361;0,987702539699998;-0,25864674078126526;0,9874240268467412;-0,26114509752403575;1,3573722241361e-06
115;0,5384281548395198;0,2599523499462654;-0,5383065018239479;-0,2598496283056657;0,00012165301557187647;0,00010272164059971223;0,035525929471577254;0,035525929471577254;0,035525929471577254;0,971672384620963;-0,24722463023897645;0,9714217652045392;-0,2510216440074597;3,552592947157725e-06
116;0,5382065018279182;0,25984962830225916;-0,5380351109508912;-0,2597049604727544;0,00017139087702700007;0,0001446678295047854;0,03552057718169298;0,035520577181692985;0,035520577181692985;0,9714217652045392;-0,2510216440074597;0,9710686638683212;-0,2563692301392408;3,5520577181692986e-06
117;0,5379351109567021;0,25970496046748226;-0,537680902295454;-0,2594903323748059;0,00025420866124814534;0,00021462809267636107;0,03551522289246237;0,035515222892462374;0,035515222892462374;0,9710686638683212;-0,2563692301392408;0,9705448281966185;-0,2643117177170395;3,5515222892462376e-06
118;-1,8163558620964053;-0,8802428604370177;1,8274049249685667;0,8878608189699441;0,011049062872161342;0,00761795853292635;0,12356242886660054;0,12356242886660058;0,12356242886660058;0,9431096204866095;-0,5701177386274793;0,9493083326510008;-0,5126778690258085;1,235624288666006e-05
119;-0,3844627234344322;-0,18625007807765195;0,3845471388029731;0,186308279645018;8,441536854086884e-05;5,8201567366050755e-05;0,0253288702570203;0,025328870257020308;0,025328870257020308;0,9737686611595767;-0,5299588893314198;0,9739996688035716;-0,5278703839881067;2,532887025702031e-06
120;0,9233940448639205;0,44682325951545865;-0,9229213655403244;-0,44649734357927473;0,00047267932359607023;0,0003259159361839181;0,06122699998992237;0,06122699998992237;0,06122699998992237;0,967314600925043;-0,6161238845744678;0,9667795232031993;-0,6210129869451371;6,122699998992237e-06
121;-0,3773880648121176;-0,1831986098602151;0,3774627234347818;0,18325007807758015;7,46586226642032e-05;5,146821736504159e-05;0,024877820095847315;0,024877820095847318;0,024877820095847318;0,9735606300473865;-0,5318292861942155;0,9737686611595767;-0,5299588893314198;2,487782009584732e-06
122;0,5515717081235353;0,26734097491791553;-0,551201809011883;-0,26708594846038775;0,0003698991116523054;0,00025502645752778497;0,035678680491690797;0,035678680491690797;0,035678680491690797;0,9918652095360045;-0,09155213623991357;0,9911465871200752;-0,09792775131306752;3,5678680491690794e-06
123;-0,37714222649540435;-0,18309805602959456;0,37728806481279725;0,18319860986054837;0,00014583831739289899;0,00010055383095380899;0,024872485302537186;0,02487248530253718;0,024872485302537186;0,9731541550657711;-0,5354854534944641;0,9735606300473865;-0,5318292861942155;2,4872485302537183e-06
124;1,9700019294244482;0,9580982977676975;-1,9688697386411194;-0,9573176901687951;0,0011321907833288236;0,0007806075989024164;0,13118369652249087;0,1311836965224909;0,1311836965224909;0,9641143479815903;-0,3151160144169341;0,9635159939148829;-0,3205285253853205;1,311836965224909e-05
125;-0,12599999999986072;-0,06099999999990057;0,1260184449857551;0,06101271686667429;1,844498589437249e-05;1,2716866773718194e-05;0,008186517008532138;0,008186517008532138;0,008186517008532138;0,9872678633630216;-0,2625400119314883;0,9874240268467412;-0,26114509752403575;8,186517008532138e-07
126;0,12401898164934028;0,06001308567961779;-0,12400051329925259;-0,06000035309464547;1,8468350087688656e-05;1,2732584972321992e-05;0,008447898650282247;0,008447898650282245;0,008447898650282247;0,9415965213856715;-0,5235419008907171;0,9414450039578602;-0,5249630016495201;8,447898650282247e-07
127;0,6248353707769398;0,3025070034970151;-0,6243631492920734;-0,3021814226100483;0,0004722214848664752;0,0003255808869667698;0,042360680909000234;0,04236068090900024;0,04236068090900024;0,9461680929512357;-0,4802520275902073;0,9453954451006542;-0,4874606572384241;4,236068090900024e-06
128;0,1913269209114316;0,09208750818423266;-0,1912850317591838;-0,09205862701770343;4,1889152247814865e-05;2,888116652922934e-05;0,012616556785490214;0,012616556785490212;0,012616556785490214;0,971672384620963;-0,24722463023897645;0,971442342214676;-0,2493451921727379;1,2616556785490214e-06
129;0,1911850317602851;0,09205862701658515;-0,19112922695973347;-0,09202015147694356;5,580480055161763e-05;3,847553964159145e-05;0,012611201736266262;0,01261120173626626;0,012611201736266262;0,971442342214676;-0,2493451921727379;0,9711357414715821;-0,25216927297666036;1,2611201736266262e-06
130;0,2781090361320153;0,13407517332936877;-0,27804424576012476;-0,13403050439116262;6,479037189055514e-05;4,466893820614937e-05;0,018923433780597566;0,018923433780597562;0,018923433780597566;0,9419616895663371;-0,5200874283884926;0,9417244449548727;-0,5223336761968849;1,8923433780597566e-06
131;0,5027347721118547;0,244531541214336;-0,5026221617255451;-0,24443647298806204;0,0001126103863096084;9,506822627397549e-05;0,032725371520087906;0,032725371520087906;0,032725371520087906;0,9862934517307539;-0,25928497293736963;0,9860414340615979;-0,2629995784938945;3,27253715200879e-06
132;0,502522161725815;0,24443647298801358;-0,50225008879079;-0,244206796024448;0,00027207293502495844;0,00022967696356557266;0,032720106049417025;0,03272010604941702;0,032720106049417025;0,9860414340615979;-0,2629995784938945;0,9854324625823777;-0,2719795748279088;3,2720106049417025e-06
133;-0,6022306034550712;-0,2911589963849989;0,6026711654680739;0,29146274912720604;0,0004405620130026877;0,00030375274220711956;0,03931085882198496;0,03931085882198496;0,03931085882198496;0,98243007731644;-0,3057637454770796;0,983206798560025;-0,2987707300297723;3,931085882198496e-06
134;0,857538949375717;0,4160610631954218;-0,856526645911659;-0,41536309770183916;0,0010123034640580064;0,0006979654935826418;0,055942912181010475;0,055942912181010475;0,055942912181010475;0,9836757242455875;-0,29452004915171875;0,9824213679598136;-0,30571955600975587;5,594291218101048e-06
135;-0,11932252330165258;-0,058015528007567596;0,11933608106660042;0,05802487495912558;1,3557764947838558e-05;9,346951557985539e-06;0,008066725852809643;0,008066725852809643;0,008066725852809643;0,9496064058161268;-0,4501026308955628;0,9497229251274798;-0,4490327879309621;8,066725852809642e-07
136;0,4606809022930309;0,22249033240813196;-0,4603887085166881;-0,22224365150794442;0,000292193776342764;0,00024668090018753475;0,030433336260570983;0,030433336260570983;0,030433336260570983;0,9705448281966185;-0,2643117177170395;0,9698421685540155;-0,2749653523642802;3,0433336260570984e-06
137;0,6134226080957887;0,2971876848368993;-0,6132935400444646;-0,2970987124401081;0,0001290680513241771;8,897239679117597e-05;0,039353433401324966;0,03935343340132497;0,03935343340132497;1,0;0,0;0,9997726803673762;-0,0020007473367535215;3,9353433401324975e-06
138;0,613193540044534;0,2970987124405757;-0,6127096859037239;-0,2967651192333856;0,0004838541408100916;0,0003335932071900638;0,03934823637107398;0,03934823637107398;0,03934823637107398;0,9997726803673762;-0,0020007473367535215;0,9989203551908377;-0,00951102974113792;3,934823637107398e-06
139;-1,7334401576143037;-0,8396115110331566;1,7343558634566056;0,8402428595208722;0,0009157058423019393;0,0006313484877156217;0,11797719039733616;0,11797719039733615;0,11797719039733616;0,9425716283689786;-0,5751431312080305;0,9431096204866095;-0,5701177386274793;1,1797719039733615e-05
140;-0,6813466613267631;-0,3302390007752142;0,6816159137836537;0,33042464132004695;0,00026925245689057853;0,00018564054483277692;0,045236073016451446;0,04523607301645145;0,04523607301645145;0,9663669419088136;-0,6247659909870507;0,9667795232031993;-0,6210129869451371;4,5236073016451455e-06
141;0,1152158497229036;0,05601092776791071;-0,11521431193908968;-0,05600986780751381;1,5377838139124522e-06;1,059960396898596e-06;0,007488829059530319;0,007488829059530319;0,007488829059530319;0,987654617881962;-0,125268711396972;0,9876403827287882;-0,1253943635778112;7,48882905953032e-07
142;0,11511431193778937;0,056009867807781666;-0,11510571478664525;-0,056003940360207616;8,597151144124071e-06;5,92744757405006e-06;0,007483572064925755;0,007483572064925756;0,007483572064925756;0,9876403827287882;-0,1253943635778112;0,9875607341006784;-0,12609647084304548;7,483572064925756e-07
143;1,8858697388272156;0,9173176900460857;-1,881367839601495;-0,9142137814143984;0,00450189922572064;0,003103908631687302;0,12566284635825803;0,12566284635825803;0,12566284635825803;0,9635159939148829;-0,3205285253853205;0,9610322810597483;-0,3430450651672087;1,2566284635825803e-05
144;1,8812678398045193;0,9142137811875118;-1,8805752994848044;-0,913736297848064;0,0006925403197148849;0,0004774833394478595;0,12565744295961892;0,12565744295961892;0,12565744295961892;0,9610322810597483;-0,3430450651672087;0,9606501998146733;-0,3465188565400036;1,2565744295961892e-05
145;-0,42642795898759445;-0,2052261126273362;0,42792046060294897;0,20625514246883916;0,0014925016153545245;0,0010290298415029653;0,028986486676996367;0,028986486676996367;0,028986486676996367;0,94260041725852;-0,5140236909914977;0,9461680929512357;-0,4802520275902073;2,898648667699637e-06
146;0,3493279590958804;0,16822611287489425;-0,34910903616495015;-0,16807517296710942;0,00021892293093023207;0,00015093990778483612;0,023748415741937045;0,023748415741937055;0,023748415741937055;0,94260041725852;-0,5140236909914977;0,9419616895663371;-0,5200874283884926;2,3748415741937054e-06
147;0,0;0,0;0,0;0,0;0,0;0,0;;;;;;;;
148;0,5002921148528344;0,24220140987771901;-0,5002203391152447;-0,24215191170396602;7,177573758976319e-05;4,9498173752993146e-05;0,033593888330664456;0,03359388833066446;0,03359388833066446;0,9552692871602826;-0,4586576237177127;0,9551211912086643;-0,46002634588570696;3,3593888330664464e-06
149;0,11412922695310129;0,05502015151871592;-0,11410838629316813;-0,05500578228879468;2,0840659933157868e-05;1,4369229921241955e-05;0,007532401231622309;0,007532401231622309;0,007532401231622309;0,9711357414715821;-0,25216927297666036;0,9709440201868388;-0,25393029653081384;7,532401231622309e-07
150;0,1940741432172984;0,09405111804446013;-0,194032308318579;-0,09402227428392033;4,183489871939505e-05;2,8843760539798424e-05;0,012608383852144871;0,012608383852144873;0,012608383852144873;0,987540514451092;-0,24832026860740092;0,9873105255771155;-0,25036964015054863;1,2608383852144872e-06
151;0,11400838629320378;0,05500578228835035;-0,11400000001135273;-0,05499999993511619;8,3862818510555e-06;5,782353234159987e-06;0,007527045256239342;0,007527045256239341;0,007527045256239342;0,9709440201868388;-0,25393029653081384;0,9708668122001416;-0,2546381414421456;7,527045256239341e-07
152;-0,39026360804712645;-0,18811279845111786;0,3904137808567588;0,1882163374388892;0,00015017280963236512;0,00010353898777132331;0,025297413519868674;0,025297413519868674;0,025297413519868674;0,9887494604403295;-0,10007493946982732;0,9891608037511538;-0,09636505255293316;2,5297413519868674e-06
153;0,0;0,0;0,0;0,0;0,0;0,0;;;;;;;;
154;0,21409542956730582;0,10406579477222679;-0,21401897441563836;-0,10401308150760244;7,645515166745942e-05;5,271326462434611e-05;0,01391706990517689;0,013917069905176889;0,01391706990517689;0,987540514451092;-0,24832026860740092;0,987159655574014;-0,25168783953360147;1,391706990517689e-06
155;-1,6874103095446742;-0,8172119984863235;1,6894401579685718;0,8186115109427454;0,00202984842389764;0,001399512456421892;0,11499089879945905;0,11499089879945905;0,11499089879945905;0,9413480874192048;-0,5865824873402362;0,9425716283689786;-0,5751431312080305;1,1499089879945905e-05
156;-0,26104781531127014;-0,12703296576086737;0,2611422264941442;0,12709805603675833;9,441118287406569e-05;6,509027589096661e-05;0,01723051108303849;0,017230511083038483;0,01723051108303849;0,972774264218956;-0,5388819978679804;0,9731541550657711;-0,5354854534944641;1,7230511083038489e-06
157;0,07000557380988869;0,034003843117093986;-0,07000477947528681;-0,03400329534295884;7,943346018723929e-07;5,477741351483933e-07;0,0045499417950449;0,0045499417950449;0,0045499417950449;0,9875607341006784;-0,12609647084304548;0,9875486306930275;-0,1262037112347305;4,5499417950449e-07
158;0,5595051649452054;0,2707620022390505;-0,5592320385067738;-0,2705736712216801;0,00027312643843158124;0,00018833101737042446;0,03592555745219696;0,03592555745219695;0,03592555745219696;0,9989203551908377;-0,00951102974113792;0,9983934160037831;-0,014172970919612962;3,5925557452196958e-06
159;0,6055255704188997;0,2933623560135335;-0,6051141031604056;-0,2930786631294281;0,0004114672584940582;0,00028369288410540205;0,03954191540344488;0,03954191540344487;0,03954191540344488;0,9824213679598136;-0,30571955600975587;0,9817001026657735;-0,3121881766830751;3,954191540344488e-06
160;0,1710330253864606;0,08302276989748306;-0,17100074719169012;-0,08300051516401612;3,227819477047422e-05;2,225473346693929e-05;0,011075024102837928;0,011075024102837927;0,011075024102837928;0,9911040806898369;-0,10268085297409907;0,9909020415015481;-0,10446685264219914;1,107502410283793e-06
161;0,16703230831854746;0,08102227428387085;-0,1670000000001725;-0,08100000000002734;3,230831837494619e-05;2,2274283843506937e-05;0,010856028448263584;0,010856028448263584;0,010856028448263584;0,9873105255771155;-0,25036964015054863;0,9871042301394619;-0,2522034396898103;1,0856028448263583e-06
162;-0,0001000000000083422;-6,085412097778787e-15;0,00010000002331424124;1,6074382314007156e-11;2,3305899040076267e-11;1,6068296901909377e-11;5,845671081178187e-06;5,845671081178186e-06;5,845671081178187e-06;0,9876543877002147;-0,12527791785078918;0,987654617881962;-0,125268711396972;5,845671081178187e-10
163;0,3893887085156915;0,18824365153939193;-0,3891243856744443;-0,18802051541127562;0,00026432284124722205;0,000223136128116308;0,025747074556852503;0,025747074556852496;0,025747074556852503;0,9698421685540155;-0,2749653523642802;0,9690907809677834;-0,286346871951035;2,5747074556852502e-06
164;0,0;0,0;0,0;0,0;0,0;0,0;;;;;;;;
165;0,0;0,0;0,0;0,0;0,0;0,0;;;;;;;;
166;-0,051999999999914615;-0,024999999999965744;0,05200477947457574;0,025003295341735097;4,779474661126271e-06;3,295341769352783e-06;0,003373501810878044;0,003373501810878046;0,003373501810878046;0,9874504739541237;-0,12709637827143225;0,9875486306930275;-0,1262037112347305;3,373501810878046e-07
167;0,6179783367764164;0,2985366204916316;-0,617901414636435;-0,29848358525421625;7,692213998145014e-05;5,3035237415344216e-05;0,04187852386475474;0,04187852386475475;0,04187852386475475;0,9461680929512357;-0,4802520275902073;0,9460407997875053;-0,48144555921385374;4,187852386475474e-06
168;-0,20210599763785084;-0,09800506307381379;0,20212025858331192;0,09801710393695445;1,4260945461086472e-05;1,2040863140660996e-05;0,013088263757320773;0,013088263757320771;0,013088263757320773;0,9908223210896492;-0,10270221253579873;0,9909021004868805;-0,1015259002062674;1,3088263757320774e-06
169;-0,20200000000040824;-0,0980000000006316;0,2020059976373271;0,09800506307426345;5,997636918858573e-06;5,063073631850212e-06;0,013083020950171938;0,01308302095017194;0,01308302095017194;0,990788755471991;-0,10319660314117751;0,9908223210896492;-0,10270221253579873;1,308302095017194e-06
170;0,5452116312425206;0,2641458874287262;-0,5450026557283469;-0,2640018312337505;0,00020897551417364824;0,00014405619497570576;0,03540837167703965;0,035408371677039634;0,03540837167703965;0,9878328697335536;-0,10825380969252216;0,9874238071324487;-0,1118990279860258;3,5408371677039647e-06
171;0,44822033909942327;0,2171519118312204;-0,44813585504021236;-0,21709366759085033;8,448405921090973e-05;5,824424037007003e-05;0,030106213154357686;0,03010621315435768;0,030106213154357686;0,9551211912086643;-0,46002634588570696;0,9549266865174659;-0,4618191939590858;3,0106213154357688e-06
172;-0,3771202585841487;-0,18301710393670761;0,3772018090118777;0,183085948460621;8,155042772900467e-05;6,884452391339724e-05;0,024423785658571104;0,024423785658571093;0,024423785658571104;0,9909021004868805;-0,1015259002062674;0,9911465871200752;-0,09792775131306752;2,4423785658571103e-06
173;0,34825008879094616;0,16920679602452707;-0,3481103031320681;-0,16908877709994138;0,0001397856588780666;0,0001180189245856833;0,022684355995129416;0,022684355995129413;0,022684355995129416;0,9854324625823777;-0,2719795748279088;0,9849811962726138;-0,27865109523752857;2,2684355995129414e-06
174;0,09203339519549376;0,04402302308828731;-0,09200771116912278;-0,04400531522350253;2,5684026370986768e-05;1,770786478477726e-05;0,00630080726159263;0,00630080726159263;0,00630080726159263;0,934825210796568;-0,6481158210955593;0,9345428880268526;-0,6508637334992106;6,300807261592629e-07
175;0,46330376382361493;0,22423067622827894;-0,46316647492251073;-0,22411477079315756;0,00013728890110420444;0,00011590543512138285;0,0312905165790919;0,0312905165790919;0,0312905165790919;0,949712215118965;-0,4491592317148796;0,9493910375831376;-0,4541166938209853;3,12905165790919e-06
176;0,0;0,0;0,0;0,0;0,0;0,0;;;;;;;;
177;0,4911279113568028;0,23757082578118424;-0,49091073577987526;-0,23742107526306355;0,00021717557692751965;0,0001497505181206893;0,03154917962904004;0,03154917962904004;0,03154917962904004;0,9983934160037831;-0,014172970919612962;0,997916313111108;-0,01840067950507287;3,1549179629040038e-06
178;-0,18402187227317246;-0,09001507891051061;0,18404781531075218;0,09003296576542191;2,594303757971761e-05;1,788685491130315e-05;0,012160350784886125;0,012160350784886125;0,012160350784886125;0,9726263036756815;-0,540187413645231;0,972774264218956;-0,5388819978679804;1,2160350784886125e-06
179;0,12801897441536517;0,06201308150757893;-0,12799999999979417;-0,06199999999979853;1,8974415570999215e-05;1,3081507780399182e-05;0,008319514822416675;0,008319514822416675;0,008319514822416675;0,987159655574014;-0,25168783953360147;0,9870015740680637;-0,2530982523570338;8,319514822416674e-07
180;0,47581057286269207;0,23042096294558106;-0,4756115583392233;-0,2302837492937353;0,0001990145234687657;0,00013721365184576895;0,03058637546782176;0,030586375467821756;0,03058637546782176;0,997916313111108;-0,01840067950507287;0,9974653257162466;-0,022385780791589503;3,058637546782176e-06
181;-0,16800161081933365;-0,08200111059187941;0,1680218722729992;0,0820150789112038;2,0261453665543216e-05;1,3968319324389467e-05;0,011098532294255009;0,011098532294255009;0,011098532294255009;0,9724997104402693;-0,5413106638508798;0,9726263036756815;-0,540187413645231;1,1098532294255009e-06
182;0,0;0,0;0,0;0,0;0,0;0,0;;;;;;;;
183;0,0;0,0;0,0;0,0;0,0;0,0;;;;;;;;
184;-0,40300000000044583;-0,19499999999923576;0,40311410316050245;0,19507866312982367;0,00011410316005661114;7,866313058790819e-05;0,02633777515749514;0,026337775157495143;0,026337775157495143;0,9813998417956691;-0,31488903568465065;0,9817001026657735;-0,3121881766830751;2,6337775157495144e-06
185;0,12100648301058851;0,058004468801691585;-0,12100000005121139;-0,05799999969778054;6,482959377121511e-06;4,469103911046435e-06;0,00810453447140049;0,00810453447140049;0,00810453447140049;0,9559452823138493;-0,4523969988655381;0,9558898748452783;-0,4529212381681935;8,10453447140049e-07
186;-0,06910220250998826;-0,03400185967260968;0,06910645957271937;0,03400479519338103;4,257062731105599e-06;2,9355207713521736e-06;0,0045444823738310745;0,004544482373831077;0,004544482373831077;0,9784254244169361;-0,18661542678406695;0,9784904168515163;-0,18605419010858856;4,5444823738310766e-07
187;-0,9746769517276538;-0,4703288194737673;0,9772732005231873;0,47211879980172244;0,002596248795533551;0,0017899803279551318;0,06683828479362264;0,06683828479362264;0,06683828479362264;0,934825210796568;-0,6481158210955593;0,937517053506811;-0,6225765043850154;6,683828479362264e-06
188;0,5156878283560258;0,2495674842208179;-0,5154007611710285;-0,24932514957929233;0,00028706718499726946;0,0002423346415255656;0,034831744618818085;0,03483174461881808;0,034831744618818085;0,9496099434651176;-0,45075598038849496;0,9490066714421347;-0,4600708887976505;3,4831744618818087e-06
189;0,4952306034548288;0,23915899638540492;-0,4951321127580427;-0,23909109013661856;9,849069678607991e-05;6,790624878635909e-05;0,0323195114391247;0,03231951143912469;0,0323195114391247;0,98243007731644;-0,3057637454770796;0,9822188905842381;-0,3076726203276026;3,2319511439124697e-06
190;0,3531358550066397;0,17109366783429322;-0,35301551076829374;-0,1710106916048514;0,00012034423834594854;8,297622944181127e-05;0,0237245861060452;0,0237245861060452;0,0237245861060452;0,9549266865174659;-0,4618191939590858;0,9545750847694542;-0,4650620606653916;2,37245861060452e-06
191;0,40634024633056043;0,1962458209413489;-0,406267694073487;-0,19618455910710042;7,255225707342161e-05;6,126183424848275e-05;0,027435284853634646;0,027435284853634646;0,027435284853634646;0,9496099434651176;-0,45075598038849496;0,9494163930723257;-0,45375470664218914;2,7435284853634648e-06
192;-0,0411008254893343;-0,020000696993243652;0,041102202509376524;0,020001859679210515;1,3770200422216772e-06;1,1626859668621703e-06;0,0026972999207176157;0,0026972999207176152;0,0026972999207176157;0,9783880313521613;-0,18717061866623916;0,9784254244169361;-0,18661542678406695;2,697299920717616e-07
193;-0,041000000001385095;-0,019999999992290577;0,04100082548861542;0,020000696993096586;8,254872303214977e-07;6,970008060089294e-07;0,0026919950302200855;0,0026919950302200855;0,0026919950302200855;0,9783655656022783;-0,1875028574082995;0,9783880313521613;-0,18717061866623916;2,6919950302200856e-07
194;0,2761103031321408;0,1340887770997701;-0,2760280397256656;-0,13401933245100325;8,226340647521369e-05;6,944464876684764e-05;0,01799183155589185;0,017991831555891846;0,01799183155589185;0,9849811962726138;-0,27865109523752857;0,9846463916103358;-0,2836052390409001;1,799183155589185e-06
195;0,4195093574883884;0,20328223181326854;-0,4193792242832072;-0,20319250586380824;0,0001301332051812376;8,972594946030088e-05;0,026982562177041317;0,026982562177041314;0,026982562177041317;0,9974653257162466;-0,022385780791589503;0,9971310276824007;-0,025336329306150752;2,6982562177041317e-06
196;-0,4872203666143095;-0,23615193566007828;0,48734666132282084;0,23623900080108648;0,00012629470851133195;8,70651410082024e-05;0,032356751499216754;0,032356751499216754;0,032356751499216754;0,9660963959381443;-0,6272269991771199;0,9663669419088136;-0,6247659909870507;3,2356751499216753e-06
197;-0,0510000000150613;-0,02499999991835253;0,05100181442117022;0,02500125077481838;1,8144061089200858e-06;1,2508564658474108e-06;0,0034136810668235875;0,003413681066823587;0,0034136810668235875;0,9606133337689944;-0,3468462349589718;0,9606501998146733;-0,3465188565400036;3,4136810668235873e-07
198;-0,40903885551603714;-0,19802679092261774;0,4091866156942304;0,19812866676186336;0,00014776017819329024;0,00010187583924561872;0,026917052129969383;0,026917052129969383;0,026917052129969383;0,9747667594550579;-0,2191022105892525;0,9751472417419126;-0,21566051976473313;2,691705212996938e-06
199;-0,1940000000969747;-0,09399999944927037;0,19403578813983408;0,09402467232892633;3,578804285936377e-05;2,4672879655962543e-05;0,013106062117039921;0,013106062117039921;0,013106062117039921;0,9496483807805022;-0,4471985861634719;0,949837651489352;-0,4454451676348513;1,3106062117039921e-06
200;0,4072790734206752;0,19719240183687167;-0,407138312699093;-0,1970953624045241;0,00014076072158220043;9,703943234756762e-05;0,026200576987728586;0,026200576987728583;0,026200576987728586;0,9971310276824007;-0,025336329306150752;0,9967586687303185;-0,028629666414086465;2,6200576987728585e-06
201;-0,05270025754189678;-0,02500017756206775;0,05270301607486571;0,025002079354208395;2,7585329689314153e-06;1,901792140646813e-06;0,003461074750251036;0,003461074750251036;0,003461074750251036;0,9730078791362599;-0,564133542853479;0,9730630511988577;-0,5636071298170275;3,461074750251036e-07
202;0,14501985754395774;0,07001369153551644;-0,14499999999992347;-0,06999999999976451;1,985754403427409e-05;1,3691535751925166e-05;0,00944496139490842;0,009444961394908415;0,00944496139490842;0,9843801628127026;-0,28824034895170153;0,9842344635300451;-0,28955567992690945;9,444961394908421e-07
203;0,0;0,0;0,0;0,0;0,0;0,0;;;;;;;;
204;0,0;0,0;0,0;0,0;0,0;0,0;;;;;;;;
205;0,00010000000725014789;5,046015032810356e-12;-9,99999999323951e-05;4,999866081052684e-17;7,317752794781113e-12;5,046065031471167e-12;5,9582437468218245e-06;5,958243746821825e-06;5,958243746821825e-06;0,968994112327711;-0,30211096499200735;0,9689940414191212;-0,30211385617409225;5,958243746821826e-10
206;0,0;0,0;0,0;0,0;0,0;0,0;;;;;;;;
207;-9,999999988207102e-05;5,935957660568078e-14;0,00010000001244761238;8,603777731119718e-12;1,2565541353736984e-11;8,663137307725399e-12;6,0798918558724725e-06;6,0798918558724725e-06;6,0798918558724725e-06;0,9496061479302611;-0,4501133586993687;0,9496062672534179;-0,4501083950879315;6,079891855872472e-10
208;-0,00020000001251972732;-8,559931541026022e-12;0,000200000041702919;2,8680764095991208e-11;2,918319167051486e-11;2,0120832554965185e-11;1,2159782959328145e-05;1,2159782959328145e-05;1,2159782959328145e-05;0,9496062672534179;-0,4501083950879315;0,9496064058161268;-0,4501026308955628;1,2159782959328144e-09
209;-0,305147363714342;-0,1470326559142318;0,305263280838353;0,1471125728370985;0,00011591712401104459;7,991692286668517e-05;0,019786847055941394;0,019786847055941394;0,019786847055941394;0,9883435358428219;-0,10374030938142237;0,9887494604403295;-0,10007493946982732;1,978684705594139e-06
210;-0,416083436984575;-0,20105752084007175;0,4162890936349007;0,2011993057746843;0,0002056566503256807;0,00014178493461255992;0,028555530173674452;0,028555530173674445;0,028555530173674452;0,9343260946252383;-0,6528476294317105;0,934825210796568;-0,6481158210955593;2,855553017367445e-06
211;0,31515212659835806;0,152104877308586;-0,3150777044442287;-0,15205357040677883;7,442215412933884e-05;5,130690180715769e-05;0,02127067969948628;0,02127067969948628;0,02127067969948628;0,949837651489352;-0,4454451676348513;0,9495951965322963;-0,44771476232022855;2,127067969948628e-06
212;0,3502676940224464;0,1691845591237442;-0,35012657104502504;-0,1690872653474704;0,0001411229774213596;9,729377627379354e-05;0,02365471469336814;0,023654714693368138;0,02365471469336814;0,9494163930723257;-0,45375470664218914;0,9490029523802122;-0,4576198994379953;2,365471469336814e-06
213;0,3411664748317264;0,16511477098361568;-0,3410790859569528;-0,16505452477777133;8,738887477360846e-05;6,024620584435536e-05;0,02304933093336449;0,02304933093336449;0,02304933093336449;0,9493910375831376;-0,4541166938209853;0,9491282647821677;-0,4565601582134343;2,304933093336449e-06
214;0,438400761161836;0,21232514975183112;-0,43808523944314137;-0,21205876363812692;0,0003155217186946446;0,0002663861137041923;0,029634534412672206;0,02963453441267221;0,02963453441267221;0,9490066714421347;-0,4600708887976505;0,9482272344920951;-0,47210382242536153;2,9634534412672208e-06
215;0,0;0,0;0,0;0,0;0,0;0,0;;;;;;;;
216;-0,04900000000096199;-0,023999999996539928;0,049001610817559084;0,024001110600595923;1,6108165970946109e-06;1,1106040559948072e-06;0,0032393264116083783;0,0032393264116083783;0,0032393264116083783;0,9724652202471475;-0,5416139723777619;0,9724997104402693;-0,5413106638508798;3,2393264116083786e-07
217;-0,2731162036100005;-0,132011173962987;0,2732921000866119;0,1321324471294123;0,0001758964766114257;0,00012127316642529529;0,017717987189155765;0,017717987189155765;0,017717987189155765;0,9884727771405408;-0,10252583869533236;0,9891608037511538;-0,09636505255293316;1,7717987189155765e-06
218;-0,0006000004169693137;-2,8707354920412716e-10;0,0006000005003583862;3,4456751980909653e-10;8,338907244841848e-11;5,7493970604969376e-11;3,560201904052314e-05;3,560201904052314e-05;3,560201904052314e-05;0,9730077439059495;-0,5641390331148625;0,9730078791362599;-0,564133542853479;3,560201904052314e-09
219;-0,0005000001468427645;-1,0074629501497179e-10;0,000500000417085204;2,870693996473168e-10;2,7024243942890686e-10;1,86323104632345e-10;2,9668353330908176e-05;2,9668353330908176e-05;2,9668353330908176e-05;0,973007218010275;-0,5641603841458547;0,9730077439059495;-0,5641390331148625;2,9668353330908176e-09
220;-0,0003000001161148907;-8,020405878025858e-11;0,0003000001439112662;9,936872811464793e-11;2,779637549863226e-11;1,9164669334389354e-11;1,7801015309865508e-05;1,7801015309865508e-05;1,7801015309865508e-05;0,9730071278567195;-0,5641640443249084;0,973007218010275;-0,5641603841458547;1,7801015309865509e-09
221;-0,0002000000015666825;-1,6637061605658681e-12;0,00020000011584071472;8,045182138154e-11;1,1427403221278033e-10;7,878811522097414e-11;1,1867345820266788e-05;1,186734582026679e-05;1,186734582026679e-05;0,9730065719097235;-0,5641866154439528;0,9730071278567195;-0,5641640443249084;1,186734582026679e-09
222;-9,999999929112462e-05;1,3264359254459217e-12;0,0001000000016074902;2,70620477600759e-13;2,3163655780804315e-12;1,5970564030466807e-12;5,933672959035696e-06;5,933672959035696e-06;5,933672959035696e-06;0,9730065493713348;-0,564187530489871;0,9730065719097235;-0,5641866154439528;5,933672959035695e-10
223;0,0;0,0;0,0;0,0;0,0;0,0;;;;;;;;
224;0,26616955882313886;0,12904795544161568;-0,26613296290389077;-0,12902272378183313;3,659591924809469e-05;2,52316597825486e-05;0,01826888375149281;0,01826888375149281;0,01826888375149281;0,934825210796568;-0,6481158210955593;0,9346863561419907;-0,6494212325670291;1,8268883751492808e-06
225;0,39358804908681716;0,19033647904667428;-0,3933148349449519;-0,19014811441513738;0,0002732141418652634;0,00018836463153690253;0,02668116326041054;0,026681163260410538;0,02668116326041054;0,9460407997875053;-0,48144555921385374;0,9453311179642865;-0,4880858392342569;2,668116326041054e-06
226;-0,016000000009062692;-0,007999999952218992;0,016000493110261072;0,008000339928968628;4,931011983802525e-07;3,3997674963627544e-07;0,001087857255639748;0,001087857255639748;0,001087857255639748;0,949385181620701;-0,45210158719926524;0,9494166580018149;-0,4518339498616405;1,0878572556397481e-07
227;0,0;0,0;0,0;0,0;0,0;0,0;;;;;;;;
228;0,018000830927394962;0,009000572857297462;-0,01800000000784414;-0,008999999958507122;8,309195508211797e-07;5,728987903397958e-07;0,0012130380961734928;0,001213038096173493;0,001213038096173493;0,9578864073387289;-0,43441785866768834;0,9578388402319189;-0,4348187539242386;1,213038096173493e-07
229;0,3482135513756661;0,16914722894558334;-0,3480971009712212;-0,16906694607495953;0,00011645040444491217;8,028287062381012e-05;0,023641430328083243;0,02364143032808325;0,02364143032808325;0,9453954451006542;-0,4874606572384241;0,9450539788403675;-0,49061911797627555;2,3641430328083246e-06
230;-0,3563226408368218;-0,17215350055117004;0,3564495431061945;0,17226062810021592;0,00012690226937267512;0,00010712754904587674;0,024067080832752826;0,02406708083275283;0,02406708083275283;0,9493262993881103;-0,4551296974996193;0,949712215118965;-0,4491592317148796;2,406708083275283e-06
231;-0,16400298848073286;-0,07900245120378997;0,16401948493627166;0,07901637824990809;1,6496455538805854e-05;1,3927046118120123e-05;0,010846517943377855;0,010846517943377855;0,010846517943377855;0,9689794991755866;-0,2880424958431826;0,9690907809677834;-0,286346871951035;1,0846517943377855e-06
232;0,0;0,0;0,0;0,0;0,0;0,0;;;;;;;;
233;0,3091355779436867;0,14909346720006195;-0,30909478281733693;-0,1490653446023229;4,079512634974636e-05;2,812259773904424e-05;0,0203303832172576;0,0203303832172576;0,0203303832172576;0,9746636728808614;-0,5218738387826737;0,9745246302820693;-0,5231442300226203;2,03303832172576e-06
234;-0,3161401435460503;-0,15302767598377615;0,3161817925039758;0,15305638718030354;4,164895792552192e-05;2,871119652739229e-05;0,02054203635485995;0,020542036354859954;0,020542036354859954;0,9871580367632601;-0,26451503367317436;0,9872985583544523;-0,26325965014123104;2,0542036354859957e-06
235;0,32115530083272;0,1551070740310416;-0,3210672093761585;-0,1550463379241921;8,809145656146766e-05;6,073610684950714e-05;0,0211264402104673;0,0211264402104673;0,0211264402104673;0,9746636728808614;-0,5218738387826737;0,9743747079314414;-0,5245061547454827;2,11264402104673e-06
236;0,2790790859325996;0,13505452495248604;-0,2790400851526569;-0,13502763522185518;3,9000779942732766e-05;2,688973063086353e-05;0,01885959351640802;0,018859593516408025;0,018859593516408025;0,9491282647821677;-0,4565601582134343;0,9489849365227105;-0,4578938136735626;1,8859593516408023e-06
237;0,0;0,0;0,0;0,0;0,0;0,0;;;;;;;;
238;0,2412054517605758;0,11607270225641735;-0,2411718278851025;-0,11604951972120732;3,362387547331536e-05;2,3182535210025668e-05;0,015985600060106755;0,015985600060106752;0,015985600060106755;0,9667795232031993;-0,6210129869451371;0,9666337890071021;-0,6223637160061141;1,5985600060106754e-06
239;-0,36504293004435767;-0,1770295960662829;0,3652203666124157;0,17715193567593784;0,00017743656805802033;0,00012233960965493673;0,024258073107615994;0,024258073107615994;0,024258073107615994;0,965589359305344;-0,6318360962658388;0,9660963959381443;-0,6272269991771199;2,4258073107615993e-06
240;0,0;0,0;0,0;0,0;0,0;0,0;;;;;;;;
241;0,0;0,0;0,0;0,0;0,0;0,0;;;;;;;;
242;0,2651265710152424;0,12808726558511038;-0,26503508874856535;-0,1280241916283317;9,14822666770454e-05;6,307395677868088e-05;0,017913377012747332;0,017913377012747332;0,017913377012747332;0,9490029523802122;-0,4576198994379953;0,9486490324531616;-0,46092866490242146;1,7913377012747334e-06
243;0,2710947828171901;0,1310653446036846;-0,271021497771225;-0,13101482031196396;7,328504596515462e-05;5,052429172064388e-05;0,017839372413761687;0,017839372413761684;0,017839372413761687;0,9745246302820693;-0,5231442300226203;0,9742399261712439;-0,5257306064980156;1,7839372413761687e-06
244;0,2130777044008212;0,10305357068956558;-0,2130300154582098;-0,10302069290370061;4,768894261139578e-05;3,287778586497092e-05;0,01439066078466064;0,01439066078466064;0,01439066078466064;0,9495951965322963;-0,44771476232022855;0,949365526281186;-0,44985382490815157;1,4390660784660639e-06
245;-0,2962172273005247;-0,14308082152912344;0,29632264078853665;0,1431535005960975;0,00010541348801196282;7,267906697405735e-05;0,02001419620922056;0,020014196209220556;0,02001419620922056;0,9489612912124578;-0,4585413203402762;0,9493262993881103;-0,4551296974996193;2,001419620922056e-06
246;0,3163148349270009;0,15314811472659673;-0,3161380258432682;-0,15302621555372697;0,00017680908373268744;0,00012189917286975493;0,021463742993756835;0,021463742993756838;0,021463742993756838;0,9453311179642865;-0,4880858392342569;0,9447601705657985;-0,49341485744144603;2,1463742993756836e-06
247;0,18201551069337701;0,0880106920639672;-0,18200534579380476;-0,08800368519144651;1,0164899572256969e-05;7,006872520684548e-06;0,012228155870880428;0,01222815587088043;0,01222815587088043;0,9545750847694542;-0,4650620606653916;0,954517475948347;-0,46559578076086294;1,2228155870880428e-06
248;-0,25800248804671333;-0,12500171533152662;0,25803885550824046;0,1250267909688108;3,636746152713144e-05;2,507563728418316e-05;0,016983068905466775;0,016983068905466782;0,016983068905466782;0,9746183278087339;-0,22044295005757278;0,9747667594550579;-0,2191022105892525;1,6983068905466781e-06
249;0,19917182788390164;0,0960495197263432;-0,19913166038166835;-0,09602182738374047;4,016750223329035e-05;2,76923426027198e-05;0,013207155853997302;0,013207155853997303;0,013207155853997303;0,9666337890071021;-0,6223637160061141;0,9664230440835646;-0,6243063811183646;1,3207155853997303e-06
250;0,0;0,0;0,0;0,0;0,0;0,0;;;;;;;;
251;-0,16010101548245537;-0,07800070006384116;0,16011620361040693;0,0780111739631083;1,5188127951565322e-05;1,0473899267143816e-05;0,010403066807400206;0,010403066807400206;0,010403066807400206;0,9883715415279218;-0,10341490239969209;0,9884727771405408;-0,10252583869533236;1,0403066807400206e-06
252;0,3160852393592816;0,1530587638429114;-0,3160000001720086;-0,1529999990089433;8,523918727304514e-05;5,876483396810572e-05;0,021383234480278394;0,021383234480278394;0,021383234480278394;0,9482272344920951;-0,47210382242536153;0,9479509454031237;-0,4746726298786716;2,1383234480278393e-06
253;0,30211191320645836;0,14607716137494192;-0,3020436528868544;-0,1460300981723696;6,826031960394108e-05;4,706320257233387e-05;0,01972512887402028;0,019725128874020278;0,01972512887402028;0,9822188905842381;-0,3076726203276026;0,9819790533399532;-0,30983405274212855;1,972512887402028e-06
254;-0,11900049316280664;-0,05800033963222803;0,119022523262193;0,05801552797715841;2,2030099386352586e-05;1,5188344930375242e-05;0,00805032625006577;0,008050326250065772;0,008050326250065772;0,9494166580018149;-0,4518339498616405;0,9496064058161268;-0,4501026308955628;8,050326250065772e-07
255;0,23604370782705686;0,1140301328191937;-0,23601667243695273;-0,1140114940380015;2,7035390104124257e-05;1,863878119220952e-05;0,015323331875793407;0,015323331875793407;0,015323331875793407;0,987702539699998;-0,25864674078126526;0,9875802703281462;-0,2597447073720219;1,5323331875793408e-06
256;0,24406720937542575;0,11804633792819681;-0,24401627425673583;-0,11801121987098791;5,0935118689920955e-05;3,511805720890493e-05;0,01606453246985803;0,01606453246985803;0,01606453246985803;0,9743747079314414;-0,5245061547454827;0,9741549597596793;-0,5265009122930263;1,6064532469858032e-06
257;0,0;0,0;0,0;0,0;0,0;0,0;;;;;;;;
258;0,2260971008933241;0,1100669466221532;-0,2260142915913757;-0,11000985238387413;8,280930194839997e-05;5,7094238279070675e-05;0,015362441945084626;0,015362441945084626;0,015362441945084626;0,9450539788403675;-0,49061911797627555;0,9446802440543791;-0,49405840320571687;1,5362441945084625e-06
259;0,19918490461720134;0,09605853468907063;-0,19910922659358332;-0,09600635915725944;7,56780236180199e-05;5,217553181119383e-05;0,013657514882027107;0,013657514882027108;0,013657514882027108;0,934825210796568;-0,6481158210955593;0,9344412450500974;-0,651776449835025;1,365751488202711e-06
260;0,0;0,0;0,0;0,0;0,0;0,0;;;;;;;;
261;0,0;0,0;0,0;0,0;0,0;0,0;;;;;;;;
262;0,11900437310517543;0,05800301392719619;-0,11900000017279853;-0,05799999893688436;4,372932376900396e-06;3,0149903118281696e-06;0,00815279340991689;0,008152793409916889;0,00815279340991689;0,937517053506811;-0,6225765043850154;0,9374798619711722;-0,6229202777655736;8,15279340991689e-07
263;0,15414959787671564;0,07403419416884052;-0,1541316581616198;-0,07402182646447024;1,793971509583825e-05;1,2367704370283561e-05;0,010443306409755462;0,010443306409755462;0,010443306409755462;0,9453954451006542;-0,4874606572384241;0,9452764420150218;-0,48859390388030255;1,0443306409755461e-06
264;0,07900771115748863;0,03800531534715429;-0,07900159879186441;-0,038001101379320064;6,112365624214022e-06;4,213967834225396e-06;0,005416364835892841;0,005416364835892841;0,005416364835892841;0,9345428880268526;-0,6508637334992106;0,9344647025027119;-0,651613914914811;5,416364835892841e-07
265;0,15403165816516678;0,07402182646107217;-0,1540077659367443;-0,07400535357034037;2,389222842247296e-05;1,6472890731797363e-05;0,010437801014817255;0,010437801014817257;0,010437801014817257;0,9452764420150218;-0,48859390388030255;0,9451178600104986;-0,49010242739351795;1,0437801014817256e-06
266;-0,22403622048564698;-0,10802497054913573;0,22421336559721858;0,10814710616641632;0,00017714511157160273;0,0001221356172805832;0,015191870444084996;0,015191870444084994;0,015191870444084996;0,9452327865416345;-0,48905856656012014;0,9460407997875053;-0,48144555921385374;1,5191870444084996e-06
267;-0,14400381984030466;-0,07000263199105718;0,14402527839571705;0,07001742694581481;2,1458555412384728e-05;1,4794954757632595e-05;0,009891927510784318;0,009891927510784318;0,009891927510784318;0,9345359623778411;-0,6508253268032833;0,9346863561419907;-0,6494212325670291;9,891927510784317e-07
268;-0,19410000000773098;-0,09400000000543525;0,19414014354655454;0,09402767598390813;4,0143538823561586e-05;2,767597847287695e-05;0,012616145131197489;0,012616145131197487;0,012616145131197489;0,9869374930645833;-0,2664836504245392;0,9871580367632601;-0,26451503367317436;1,261614513119749e-06
269;0,19402803972604676;0,09401933245116935;-0,19399999999998138;-0,09399999999981921;2,8039726065381965e-05;1,9332451350134727e-05;0,012642197592644903;0,012642197592644903;0,012642197592644903;0,9846463916103358;-0,2836052390409001;0,9844926552894029;-0,28497942448401453;1,2642197592644902e-06
270;-0,14511796363843324;-0,07001238583982278;0,1451365221252533;0,07002518085444315;1,855848682005834e-05;1,279501462037036e-05;0,009413515348300844;0,009413515348300842;0,009413515348300844;0,9882069206926907;-0,10497045796034622;0,9883435358428219;-0,10374030938142237;9,413515348300845e-07
271;0,04200298846365058;0,020002451274205402;-0,042000463408486864;-0,02000031947667445;2,5250551637170937e-06;2,1317975309534387e-06;0,0027719694496939297;0,0027719694496939297;0,0027719694496939297;0,9689794991755866;-0,2880424958431826;0,9689129258498926;-0,28907591047618697;2,7719694496939294e-07
272;0,2460436528862224;0,11903009817215467;-0,24601136999200543;-0,11900784025156778;3,2282894216972835e-05;2,225792058688225e-05;0,016069925150299643;0,016069925150299643;0,016069925150299643;0,9819790533399532;-0,30983405274212855;0,9818398207297806;-0,3110872673475241;1,6069925150299643e-06
273;0,029001598713557602;0,014001101894745209;-0,02900007929611953;-0,014000054348289822;1,5194174380721293e-06;1,047546455386697e-06;0,001989718902982852;0,001989718902982851;0,001989718902982852;0,9344647025027119;-0,651613914914811;0,9344117837746899;-0,6521170588292515;1,9897189029828518e-07
274;0,1570400850924521;0,07602763557825386;-0,1570017832396162;-0,07600122889972996;3,8301852835903594e-05;2,6406678523896443e-05;0,010614881359694708;0,010614881359694706;0,010614881359694708;0,9489849365227105;-0,4578938136735626;0,9487348438615901;-0,46021869842542606;1,0614881359694707e-06
275;0,18679689094649593;0,09006680524783248;-0,18676082134198538;-0,09004193353926203;3,606960451055241e-05;2,487170857044807e-05;0,012011835388891293;0,012011835388891294;0,012011835388891294;0,9967586687303185;-0,028629666414086465;0,996550584549565;-0,030491658730957227;1,2011835388891295e-06
276;0,07700570237100705;0,03700393158261311;-0,07700000000198619;-0,036999999990292284;5,7023690208657385e-06;3,9315923208230186e-06;0,005099273939922055;0,005099273939922055;0,005099273939922055;0,967314600925043;-0,6161238845744678;0,9672371276025479;-0,6168441062388027;5,099273939922054e-07
277;0,12213166037986457;0,05902182739433062;-0,12211797840221826;-0,05901239480844573;1,3681977646312626e-05;9,432585884892875e-06;0,008103594217578457;0,008103594217578457;0,008103594217578457;0,9664230440835646;-0,6243063811183646;0,9663060353614783;-0,6253792104462469;8,103594217578458e-07
278;0,12201797840254495;0,059012394808067345;-0,12200000000349442;-0,05899999998272064;1,7978399050530558e-05;1,239482534670655e-05;0,008098215018789656;0,008098215018789654;0,008098215018789656;0,9663060353614783;-0,6253792104462469;0,96615217359308;-0,6267874145621248;8,098215018789656e-07
279;-0,17300886839007812;-0,0840061121355206;0,1730476064570711;0,08403281927297475;3,8738066992977105e-05;2,67071374541461e-05;0,011887287561823357;0,011887287561823355;0,011887287561823357;0,9341001874339535;-0,6549635619094868;0,9343260946252383;-0,6528476294317105;1,1887287561823356e-06
280;0,16003508869929295;0,07702419193961607;-0,16000177938073298;-0,07700122628085516;3,330931855996533e-05;2,2965658760906726e-05;0,010809158421635282;0,010809158421635283;0,010809158421635283;0,9486490324531616;-0,46092866490242146;0,9484355214164877;-0,46294473246187495;1,0809158421635284e-06
281;0,1816607983945582;0,08804191771771142;-0,18164069963393187;-0,08802806032395168;2,0098760626335865e-05;1,3857393759739156e-05;0,011695387645974605;0,011695387645974605;0,011695387645974605;0,996550584549565;-0,030491658730957227;0,9964314646079582;-0,03154317902571475;1,1695387645974606e-06
282;0,17924042636842533;0,0870278709440405;-0,1792243586110219;-0,08701679414137398;1,6067757403426253e-05;1,1076802666529217e-05;0,011541173478640235;0,011541173478640235;0,011541173478640235;0,9967586687303185;-0,028629666414086465;0,9966621593187106;-0,029476995163815925;1,1541173478640236e-06
283;0,11502996055171869;0,05602065536456097;-0,11500406921682661;-0,0560028047830584;2,5891334892072515e-05;1,785058150256813e-05;0,007780956419762661;0,007780956419762662;0,007780956419762662;0,949365526281186;-0,44985382490815157;0,9491348125135256;-0,45196449752183665;7,780956419762661e-07
284;0,34941268360570155;0,16814663469702512;-0,3493451000152767;-0,1681000380765407;6,758359042485784e-05;4,65966204844237e-05;0,022663432621287383;0,02266343262128738;0,022663432621287383;0,9878328697335536;-0,10825380969252216;0,9876262564190388;-0,11012801859223431;2,2663432621287382e-06
285;0,17403352571178446;0,08502529208768182;-0,17401948369872158;-0,08501343464416693;1,4042013062876002e-05;1,1857443514895483e-05;0,011322651556167792;0,01132265155616779;0,011322651556167792;0,987654617881962;-0,125268711396972;0,9875637433251471;-0,1265969850777277;1,1322651556167792e-06
286;-0,2430000000075192;-0,11799999996292954;0,24304293004114547;0,11802959608313875;4,293003362626502e-05;2,959612020921043e-05;0,016155145136050042;0,016155145136050042;0,016155145136050042;0,9654051451478044;-0,6335051255716525;0,965589359305344;-0,6318360962658388;1,6155145136050044e-06
287;0,0;0,0;0,0;0,0;0,0;0,0;;;;;;;;
288;0,17203232889720405;0,08202228762774344;-0,1720103907561428;-0,08200716391690478;2,1938141061245142e-05;1,51237108386576e-05;0,01114720662693253;0,011147206626932533;0,011147206626932533;0,987103856324904;-0,11494090577737569;0,9869675816775794;-0,11620671356735726;1,1147206626932534e-06
289;0,1700201995543169;0,08201392876182928;-0,17001034530581347;-0,08200713272837862;9,85424850344363e-06;6,796033450662264e-06;0,011095789652808592;0,011095789652808595;0,011095789652808595;0,9822188905842381;-0,3076726203276026;0,9821573443170134;-0,308231054554589;1,1095789652808594e-06
290;0,021000463405293532;0,010000319487255877;-0,021000000002570712;-0,009999999986609776;4,634027228195281e-07;3,1950064610132556e-07;0,0013860012827197397;0,0013860012827197397;0,0013860012827197397;0,9689129258498926;-0,28907591047618697;0,9688897755313848;-0,2892957141118017;1,3860012827197397e-07
291;-0,19114226974917675;-0,09202914286744937;0,19121722725590454;0,09208082183178351;7,495750672778523e-05;5,1678964334139765e-05;0,012912313883760664;0,012912313883760658;0,012912313883760664;0,948559068198642;-0,462333261204418;0,9489612912124578;-0,4585413203402762;1,2912313883760663e-06
292;-0,19100208415245173;-0,0920014362335608;0,1910422697566584;0,09202914286081135;4,018560420665507e-05;2,7706627250545512e-05;0,012906830088378108;0,012906830088378108;0,012906830088378108;0,9483433331045503;-0,46436591314354253;0,948559068198642;-0,462333261204418;1,2906830088378106e-06
293;0,1490214977694003;0,07201482031877213;-0,1490077828657426;-0,07200536534731115;1,3714903657702227e-05;9,454971460973183e-06;0,009808385739755428;0,009808385739755428;0,009808385739755428;0,9742399261712439;-0,5257306064980156;0,9741430229792587;-0,5266119137527913;9,808385739755427e-07
294;0,09500406920679529;0,04600280484180374;-0,09500000004963798;-0,045999999720699555;4,069157157310377e-06;2,8051211041837942e-06;0,006420866721548705;0,0064208667215487035;0,006420866721548705;0,9491348125135256;-0,45196449752183665;0,9490908885613776;-0,45237232872084737;6,420866721548704e-07
295;-0,24314688935947226;-0,11803232468183936;0,24319247920605522;0,11806375448670595;4,5589846582955174e-05;3,142980486658953e-05;0,01664808616850669;0,016648086168506698;0,016648086168506698;0,9373272221707758;-0,6243494678037822;0,937517053506811;-0,6225765043850154;1,66480861685067e-06
296;-0,2430028504592301;-0,11800196274445925;0,24304688937477653;0,11803232466849824;4,403891554644046e-05;3,036192403899074e-05;0,01664254522640805;0,016642545226408047;0,01664254522640805;0,937143781994871;-0,6260618113456841;0,9373272221707758;-0,6243494678037822;1,664254522640805e-06
297;0,1550166724368453;0,07501149403794155;-0,15499999999982586;-0,07499999999965348;1,6672437019443764e-05;1,1494038288067943e-05;0,010067689026222614;0,010067689026222612;0,010067689026222614;0,9875802703281462;-0,2597447073720219;0,9874654950200393;-0,2607709712669774;1,0067689026222614e-06
298;0,1540201393300641;0,07401621796581848;-0,1540050713038986;-0,07400349621289785;1,5068026165493409e-05;1,2721752920621943e-05;0,009912247396274032;0,009912247396274033;0,009912247396274033;0,9953209740642379;-0,04093416034118587;0,9952097736738058;-0,042590645509809975;9,912247396274034e-07
299;0,15229709227389723;0,07406694036331722;-0,1522176350162439;-0,07401215724723342;7,945725765332035e-05;5,4783116083798045e-05;0,009895701992520281;0,009895701992520286;0,009895701992520286;0,9880632133422625;-0,2436732067366718;0,9875065339916045;-0,24858672326409256;9,895701992520285e-07
300;-0,034100081065362796;-0,017000055915265787;0,03410101548211636;0,017000700063859703;9,344167535632608e-07;6,44148593915983e-07;0,0022258092899516257;0,0022258092899516257;0,0022258092899516257;0,9883423951977574;-0,10365485678923511;0,9883715415279218;-0,10341490239969209;2,2258092899516258e-07
301;0,2021811459944729;0,09805594396402739;-0,20217560700189444;-0,09805212675492135;5,538992578463242e-06;3,8172091060412194e-06;0,012973329557508208;0,012973329557508208;0,012973329557508208;1,0;0,0;0,9999704077091732;-0,00025945199633370104;1,2973329557508209e-06
302;0,2020756070021373;0,09805212675466503;-0,2019999999999538;-0,0979999999999233;7,560700218350869e-05;5,212675474172701e-05;0,012968134847683669;0,012968134847683667;0,012968134847683669;0,9999704077091732;-0,00025945199633370104;0,9995662597006932;-0,003804471746170219;1,296813484768367e-06
303;-0,1380003003731703;-0,06700020713901568;0,13802023507045624;0,06701395146117593;1,993469728595043e-05;1,3744322160252898e-05;0,008969209568425729;0,008969209568425727;0,008969209568425729;0,9874721810474894;-0,11149388873737799;0,9876262564190388;-0,11012801859223431;8,969209568425728e-07
304;0,12600980162958128;0,06100827452030493;-0,12599999999971914;-0,0609999999996464;9,801629862138395e-06;8,274520658532736e-06;0,00818403774690427;0,00818403774690427;0,00818403774690427;0,987654617881962;-0,125268711396972;0,9875669449889877;-0,12656873736310748;8,184037746904268e-07
305;0,0;0,0;0,0;0,0;0,0;0,0;;;;;;;;
306;0,0;0,0;0,0;0,0;0,0;0,0;;;;;;;;
307;-0,07700000004143254;-0,036999999765927695;0,07700177933896285;0,03700122653194037;1,7792975303132508e-06;1,2267660126769053e-06;0,005200490947951008;0,005200490947951009;0,005200490947951009;0,9484118180985149;-0,4631694740140759;0,9484355214164877;-0,46294473246187495;5,200490947951008e-07
308;-0,12200000019650331;-0,058999998740813776;0,12200768451976879;0,059005296824159614;7,684323265477744e-06;5,298083345837978e-06;0,008371407739293379;0,00837140773929338;0,00837140773929338;0,9346227379080536;-0,6500232920994238;0,9346863561419907;-0,6494212325670291;8,371407739293381e-07
309;0,25410832955707424;0,12208014017502773;-0,2540679678694411;-0,12205231507218975;4,036168763316139e-05;2,782510283798334e-05;0,016826191027607493;0,01682619102760749;0,016826191027607493;0,967314600925043;-0,6161238845744678;0,9671484239732282;-0,6176692729420034;1,6826191027607493e-06
310;0,14201948369922604;0,06901343464448632;-0,14200602921757013;-0,06900415736652142;1,3454481655905681e-05;9,277277964903075e-06;0,009231157759577537;0,009231157759577537;0,009231157759577537;0,9875637433251471;-0,1265969850777277;0,9874626969758341;-0,12749104924813284;9,231157759577538e-07
311;0,06000534573694478;0,0290036855229246;-0,060000000028440366;-0,028999999836076137;5,345708504411739e-06;3,685686848463321e-06;0,0040312310584809455;0,004031231058480944;0,0040312310584809455;0,954517475948347;-0,46559578076086294;0,9544255734435454;-0,4664486931354042;4,0312310584809456e-07
312;0,13901034530580977;0,06700713272828795;-0,1390000582606177;-0,06700004017229162;1,0287045192070021e-05;7,092555996332517e-06;0,009071371360175873;0,009071371360175872;0,009071371360175873;0,9821573443170134;-0,308231054554589;0,9820787655783562;-0,3089448075337222;9,071371360175874e-07
313;0,0;0,0;0,0;0,0;0,0;0,0;;;;;;;;
314;0,13211784710767832;0,06401230381602878;-0,1321000001766203;-0,06399999895521721;1,7846931058024262e-05;1,2304860811565566e-05;0,009021161486960104;0,009021161486960104;0,009021161486960104;0,939567017867145;-0,6032730668957805;0,9394298907405483;-0,6045579773297001;9,021161486960104e-07
315;0,12200778286535005;0,059005365349110495;-0,12200000000147211;-0,05899999999256497;7,78286387793925e-06;5,365356545522504e-06;0,008032339446175563;0,008032339446175563;0,008032339446175563;0,9741430229792587;-0,5266119137527913;0,9740758710708346;-0,5272214393308818;8,032339446175564e-07
316;0,13111755390755186;0,06401210132616669;-0,13110239196166895;-0,06400164842524696;1,5161945882913308e-05;1,045290091973572e-05;0,008530622399132052;0,008530622399132052;0,008530622399132052;0,9875065339916045;-0,24858672326409256;0,9873832842115188;-0,24966340139327703;8,530622399132051e-07
317;0,13100239196359303;0,06400164842756922;-0,13100000000215803;-0,06400000000200416;2,3919614350054186e-06;1,6484255650622837e-06;0,008525368216189972;0,008525368216189974;0,008525368216189974;0,9873832842115188;-0,24966340139327703;0,9873638292713103;-0,24983282509321916;8,525368216189974e-07
318;0,10001084158817297;0,048007475059377455;-0,10000094137939317;-0,048000648980073696;9,90020877980613e-06;6,826079303759447e-06;0,006480455564034272;0,006480455564034272;0,006480455564034272;0,9883435358428219;-0,10374030938142237;0,988237703379926;-0,10470597180804374;6,480455564034271e-07
319;0,12912253609547447;0,06301553773642199;-0,12910764780591155;-0,06300527346197318;1,4888289562919876e-05;1,0264274448806843e-05;0,00832307843698891;0,008323078436988911;0,008323078436988911;0,9966621593187106;-0,029476995163815925;0,9965381187066739;-0,0305516698898343;8,323078436988912e-07
320;0,12843701004809685;0,06202551641180723;-0,1284257020574004;-0,06201772027036859;1,1307990696457493e-05;7,796141438642934e-06;0,008264220512561118;0,008264220512561118;0,008264220512561118;0,9964314646079582;-0,03154317902571475;0,9963366412404956;-0,03238799613778512;8,264220512561117e-07
321;-0,019000000000233556;-0,009000000000018145;0,019000327208698355;0,009000225614255996;3,2720846479886156e-07;2,2561423785108503e-07;0,0012276437338629702;0,0012276437338629702;0,0012276437338629702;0,9887310112319024;-0,10024887095835434;0,9887494604403295;-0,10007493946982732;1,2276437338629703e-07
322;0,12602332171607206;0,06101607954018119;-0,1260000000000482;-0,06099999999862714;2,332171602384414e-05;1,6079541554053778e-05;0,008152690288306608;0,008152690288306608;0,008152690288306608;0,9915624567497752;-0,07188797224739288;0,9913641840373448;-0,07365177387163209;8,152690288306608e-07
323;0,12601247657794662;0,06101053350433033;-0,12600000000007347;-0,061000000000060374;1,2476577873149486e-05;1,0533504269959193e-05;0,008175646593415338;0,008175646593415336;0,008175646593415338;0,9886922604730168;-0,10989574993488267;0,988580543821831;-0,11155081738138854;8,175646593415338e-07
324;0,1260113699923628;0,06100784025163308;-0,1260000000002788;-0,0609999999995809;1,1369992083981595e-05;7,840252052179753e-06;0,008232578346580742;0,008232578346580742;0,008232578346580742;0,9818398207297806;-0,3110872673475241;0,9817440922100764;-0,31194763537733944;8,232578346580741e-07
325;0,05900329220949306;0,029002269792225123;-0,05900000000014357;-0,028999999999952408;3,292209349491093e-06;2,2697922727153708e-06;0,0038269715028262596;0,0038269715028262596;0,0038269715028262596;0,9918652095360045;-0,09155213623991357;0,9918055303578797;-0,09206174468005421;3,82697150282626e-07
326;0,07700776588036055;0,03700535391981703;-0,07700000005913;-0,03699999964635576;7,765821230548697e-06;5,35427346127354e-06;0,005219185135071608;0,005219185135071608;0,005219185135071608;0,9451178600104986;-0,49010242739351795;0,9450147762988659;-0,49108323917961577;5,219185135071608e-07
327;0,2320679678705062;0,1120523150779331;-0,23203270950316546;-0,11202255207433014;3,5258367340751384e-05;2,9763003602967242e-05;0,015383923588789889;0,01538392358878989;0,01538392358878989;0,9671484239732282;-0,6176692729420034;0,9669806975391005;-0,620220203057127;1,5383923588789891e-06
328;-0,14700458624865564;-0,0710031611926227;0,14703622044557654;0,07102497088234895;3,163419692089886e-05;2,1809689726245973e-05;0,009973896263224591;0,00997389626322459;0,009973896263224591;0,9450129858045586;-0,4911218778235799;0,9452327865416345;-0,48905856656012014;9,973896263224591e-07
329;0,12201035736540118;0,059007140405167566;-0,12200000000019282;-0,05900000000019079;1,0357365208366054e-05;7,140404976777037e-06;0,007935145505071928;0,007935145505071928;0,007935145505071928;0,9860973381399633;-0,28939736765726903;0,9860068776173442;-0,2902085904255101;7,935145505071929e-07
330;0,11500746745834824;0,05600514911870374;-0,11499999999995755;-0,05599999999966783;7,4674583906836345e-06;5,149119035909033e-06;0,007411068504823803;0,0074110685048238015;0,007411068504823803;0,9965381187066739;-0,0305516698898343;0,9964682539058056;-0,031160868981767696;7,411068504823803e-07
331;0,12201627425569397;0,0590112198779793;-0,12200000000162062;-0,058999999992573195;1,6274254073356254e-05;1,1219885406102414e-05;0,00803284514598422;0,008032845145984218;0,00803284514598422;0,9741549597596793;-0,5265009122930263;0,9740145490902984;-0,5277756338154268;8,032845145984219e-07
332;-0,0580000000935031;-0,02799999939769274;0,05800381969978549;0,028002632888207545;3,819606282394472e-06;2,633490514804271e-06;0,003979180512888338;0,003979180512888338;0,003979180512888338;0,9344694422219715;-0,6514578210625136;0,9345359623778411;-0,6508253268032833;3,979180512888338e-07
333;0,10932540911347738;0,053017518295112594;-0,10931584217252874;-0,05301092271247507;9,566940948640967e-06;6,595582637526631e-06;0,007040753562601951;0,007040753562601952;0,007040753562601952;0,9963366412404956;-0,03238799613778512;0,9962424539979475;-0,033218037593475504;7,040753562601952e-07
334;0,0;0,0;0,0;0,0;0,0;0,0;;;;;;;;
335;0,0;0,0;0,0;0,0;0,0;0,0;;;;;;;;
336;-0,18613232890418693;-0,08902228763259817;0,18622335224496994;0,08908504366922138;9,102334078300856e-05;6,275603662320162e-05;0,01206783679898424;0,01206783679898424;0,01206783679898424;0,987103856324904;-0,11494090577737569;0,9876262564190388;-0,11012801859223431;1,2067836798984241e-06
337;0,10310490072375782;0,05000413722821914;-0,10310000002470625;-0,04999999994762181;4,900699051568758e-06;4,137280597331372e-06;0,006826913155953248;0,00682691315595325;0,00682691315595325;0,9690907809677834;-0,286346871951035;0,9690382220092484;-0,2871389510801964;6,826913155953249e-07
338;0,10100466556766433;0,04900321718323812;-0,10099999999999786;-0,04899999999950386;4,665567666470305e-06;3,2171837342637177e-06;0,006589141411303742;0,006589141411303742;0,006589141411303742;0,9836757242455875;-0,29452004915171875;0,9836266393323386;-0,2949579646548057;6,589141411303741e-07
339;0,10100071553903146;0,04900049356295705;-0,10100000000370186;-0,049000000000266206;7,15535329598449e-07;4,935626908425528e-07;0,006597275711362455;0,006597275711362455;0,006597275711362455;0,9824213679598136;-0,30571955600975587;0,9824138487247435;-0,3057867927908638;6,597275711362454e-07
340;0,0;0,0;0,0;0,0;0,0;0,0;;;;;;;;
341;0,09921576713353814;0,04801087097384677;-0,09920749002034095;-0,04800516439269839;8,277113197188712e-06;5,706581148380574e-06;0,006387651838747216;0,006387651838747216;0,006387651838747216;0,9962424539979475;-0,033218037593475504;0,9961526442597428;-0,034014157191431714;6,387651838747215e-07
342;0,0;0,0;0,0;0,0;0,0;0,0;;;;;;;;
343;0,10401429150197827;0,051009852951347925;-0,10400000008715135;-0,050999999499812;1,4291414826922422e-05;9,853451535923874e-06;0,007080217851062355;0,007080217851062354;0,007080217851062355;0,9446802440543791;-0,49405840320571687;0,9445402324252885;-0,49532180976518336;7,080217851062355e-07
344;-0,005100041670371412;-0,0020000287196069865;0,005100109946185438;0,0020000757923627063;6,827581402676919e-08;4,707275571983263e-08;0,0003305114322261762;0,0003305114322261762;0,0003305114322261762;0,9569511991089408;-0,44298033920454216;0,9569653046072457;-0,4427827040122299;3,305114322261762e-08
345;-0,07700000012404778;-0,0369999991845467;0,07700886823240362;0,03700611315962826;8,868108355833404e-06;6,1139750815591976e-06;0,00528082694229241;0,00528082694229241;0,00528082694229241;0,933983847342548;-0,6560833993109665;0,9341001874339535;-0,6549635619094868;5,28082694229241e-07
346;0,0;0,0;0,0;0,0;0,0;0,0;;;;;;;;
347;0,02100123071836832;0,010000848511154202;-0,02099999999991904;-0,009999999999957942;1,2307184492806045e-06;8,485111962601433e-07;0,0013598131097241365;0,001359813109724136;0,0013598131097241365;0,9876119575251485;-0,11026280524235596;0,9875492906272079;-0,11084648093899344;1,3598131097241367e-07
348;0,02110151269994666;0,010001042946616467;-0,021101230718133673;-0,010000848511099896;2,819818129863594e-07;1,9443551657095937e-07;0,0013650934503300928;0,001365093450330093;0,001365093450330093;0,9876262564190388;-0,11012801859223431;0,9876119575251485;-0,11026280524235596;1,365093450330093e-07
349;-0,19400000000548182;-0,0939999999741619;0,19403270950143198;0,09402255207533683;3,2709495950161704e-05;2,2552101174924677e-05;0,01287349163979659;0,01287349163979659;0,01287349163979659;0,9668045798733119;-0,6218232053245216;0,9669806975391005;-0,620220203057127;1,287349163979659e-06
350;-0,08100000000488378;-0,038999999974046726;0,08100248803661358;0,03900171538853623;2,48803172980816e-06;1,7154144895045742e-06;0,005325723876933902;0,005325723876933902;0,005325723876933902;0,9745859583573798;-0,22074009087703506;0,9746183278087339;-0,22044295005757278;5,325723876933902e-07
351;0,08601039075544728;0,041007163916995056;-0,08599999999986857;-0,04099999999993567;1,039075557870972e-05;7,163917059384295e-06;0,00557396782075053;0,005573967820750529;0,00557396782075053;0,9869675816775794;-0,11620671356735726;0,9868384971172783;-0,11740635241586486;5,57396782075053e-07
352;0,1271179636383578;0,06101238583995414;-0,12710322994340856;-0,06100222677711084;1,4733694949253806e-05;1,0159062843302646e-05;0,00823788876134923;0,008237888761349232;0,008237888761349232;0,9882069206926907;-0,10497045796034622;0,9880830192526528;-0,10610162114989544;8,237888761349233e-07
353;0,0;0,0;0,0;0,0;0,0;0,0;;;;;;;;
354;-9,999999918836974e-05;-6,660301106255374e-13;0,00010000000042304111;1,516906648496077e-12;1,2346713685077934e-12;8,508765378705395e-13;6,125079737512033e-06;6,125079737512033e-06;6,125079737512033e-06;0,9426004056205025;-0,5140241785078358;0,94260041725852;-0,5140236909914977;6,125079737512033e-10
355;0,081009126174471;0,03900629182357463;-0,08100000001095947;-0,03899999993650463;9,126163511521956e-06;6,291887069999336e-06;0,005357109985307039;0,005357109985307039;0,005357109985307039;0,968994112327711;-0,30211096499200735;0,9688760772431083;-0,30320061807777376;5,357109985307039e-07
356;0,0810060292171046;0,039004157366314025;-0,08099999999968746;-0,038999999999980044;6,029217417144461e-06;4,157366333981671e-06;0,005256698291610484;0,005256698291610483;0,005256698291610484;0,9874626969758341;-0,12749104924813284;0,9873832244112816;-0,12821131586968237;5,256698291610484e-07
357;0,08100507130386411;0,03900349621259477;-0,0810000000000514;-0,03899999999992441;5,071303812706485e-06;3,4962126703591556e-06;0,005215711521219152;0,005215711521219152;0,005215711521219152;0,9952097736738058;-0,042590645509809975;0,9951424053705993;-0,04319611909100284;5,215711521219151e-07
358;0,07900082951403595;0,03800070045314976;-0,07900000000099393;-0,03799999999350666;8,295130420193919e-07;7,004596431006704e-07;0,005201463245685077;0,005201463245685076;0,005201463245685077;0,9730630511988577;-0,5636071298170275;0,973051383567798;-0,5637846798623067;5,201463245685077e-07
359;0,0;0,0;0,0;0,0;0,0;0,0;;;;;;;;
360;0,05500263975670211;0,027001820015516768;-0,0550000000016486;-0,026999999992880698;2,6397550535114944e-06;1,8200226360697014e-06;0,003657137123564648;0,0036571371235646476;0,003657137123564648;0,967314600925043;-0,6161238845744678;0,9672645301056595;-0,6165638497132103;3,657137123564648e-07
361;-0,12100000018856007;-0,05799999872832228;0,12103583038022736;0,058024702800337585;3,583019166729373e-05;2,4704072015303835e-05;0,008294239463954464;0,008294239463954464;0,008294239463954464;0,9340268578175198;-0,6557458312611468;0,9343260946252383;-0,6528476294317105;8,294239463954463e-07
362;0,0001000000097314095;6,92687464212272e-12;-9,999999968537401e-05;-4,698659047426687e-16;1,0046035495993831e-11;6,926404776217977e-12;6,178562091862642e-06;6,178562091862643e-06;6,178562091862643e-06;0,9344412450500974;-0,651776449835025;0,9344411511758051;-0,6517804183722476;6,178562091862643e-10
363;0,0;0,0;0,0;0,0;0,0;0,0;;;;;;;;
364;0,0;0,0;0,0;0,0;0,0;0,0;;;;;;;;
365;0,07100694621597353;0,03400478918307485;-0,07100000000006104;-0,034000000000010695;6,946215912490006e-06;4,789183064152214e-06;0,004595250531072684;0,004595250531072683;0,004595250531072684;0,9891608037511538;-0,09636505255293316;0,9890561022714941;-0,09732521834191228;4,5952505310726835e-07
366;0,12213802570461961;0,05902621645092042;-0,12212144789998808;-0,05901478661024423;1,65778046315318e-05;1,1429840676188685e-05;0,008289872483188557;0,008289872483188557;0,008289872483188557;0,9447601705657985;-0,49341485744144603;0,944621579741165;-0,49471495376552976;8,289872483188557e-07
367;0,12202144790375408;0,05901478660708616;-0,12200000009769242;-0,05899999941853523;2,144780606165575e-05;1,4787188550927088e-05;0,008284369813828223;0,008284369813828223;0,008284369813828223;0,944621579741165;-0,49471495376552976;0,9444421493934859;-0,4963950293473042;8,284369813828223e-07
368;0,06810711161181919;0,033004903494625065;-0,06810206956670488;-0,03300142687897269;5,042045114311833e-06;3,4766156523785563e-06;0,004386430792522084;0,004386430792522084;0,004386430792522084;0,9961526442597428;-0,034014157191431714;0,9960729673739441;-0,03471811973716557;4,386430792522083e-07
369;0,0680041271499164;0,03300284544057414;-0,067999999999979;-0,03299999999997842;4,1271499374023746e-06;2,8454405957209494e-06;0,004371175543955132;0,0043711755439551315;0,004371175543955132;0,9983934160037831;-0,014172970919612962;0,9983279653178501;-0,014747535931154167;4,3711755439551325e-07
370;0,0;0,0;0,0;0,0;0,0;0,0;;;;;;;;
371;0,03500178317706387;0,017001229264109248;-0,03500000001904223;-0,01699999989440904;1,783158021642639e-06;1,229369700206373e-06;0,0023679981339515305;0,0023679981339515305;0,0023679981339515305;0,9487348438615901;-0,46021869842542606;0,9486826413340864;-0,4606998298486588;2,3679981339515306e-07
372;0,0;0,0;0,0;0,0;0,0;0,0;;;;;;;;
373;0,03300094137950915;0,01600064898011106;-0,033000000000018986;-0,015999999999839275;9,413794901658168e-07;6,489802717862814e-07;0,0021426561375819347;0,002142656137581935;0,002142656137581935;0,988237703379926;-0,10470597180804374;0,9882072495344275;-0,1049766499060352;2,142656137581935e-07
374;0,0;0,0;0,0;0,0;0,0;0,0;;;;;;;;
375;0,06200478394821287;0,030004038729501734;-0,06199999999998218;-0,030000000000072052;4,783948230689672e-06;4,038729429681198e-06;0,004007154776047514;0,004007154776047513;0,004007154776047514;0,9924618893266793;-0,06617616914452353;0,992374498477703;-0,06746693491728564;4,007154776047514e-07
376;0,12200922647709886;0,05900635993389383;-0,12200000019895314;-0,05899999872433783;9,22627814571586e-06;6,361209556000891e-06;0,008373717988698334;0,008373717988698334;0,008373717988698334;0,9344412450500974;-0,651776449835025;0,9343648820889502;-0,652499310216294;8,373717988698335e-07
377;0,06000073272076989;0,02900050510973462;-0,05999999999968515;-0,02899999999988046;7,327210847368759e-07;5,051098541583587e-07;0,003853237391313845;0,0038532373913138444;0,003853237391313845;0,9985267984428283;-0,036937572925088126;0,9985136202529602;-0,03705442948332653;3,8532373913138447e-07
378;0,0;0,0;0,0;0,0;0,0;0,0;;;;;;;;
379;0,06800265572773691;0,033001831233156136;-0,06799999999980985;-0,032999999999755426;2,6557279270561507e-06;1,8312334007092312e-06;0,004419633047461218;0,004419633047461217;0,004419633047461218;0,9874238071324487;-0,1118990279860258;0,9873821514064871;-0,11226893119959346;4,4196330474612177e-07
380;0,05600220085111454;0,027001517480189353;-0,05599999999980676;-0,027000000000011376;2,2008513077820258e-06;1,5174801779767322e-06;0,0035986098683900495;0,003598609868390049;0,0035986098683900495;0,9974653257162466;-0,022385780791589503;0,9974229462804172;-0,022764612167236645;3,5986098683900495e-07
381;0,05600055077502475;0,027000379937362595;-0,05600000000081071;-0,026999999999781962;5,50774214042038e-07;3,799375806329275e-07;0,0035893742276651595;0,0035893742276651595;0,0035893742276651595;1,0;0,0;0,9999893657855402;-9,49573051874337e-05;3,5893742276651593e-07
382;0,053103689586721084;0,02600254391198521;-0,053101334242330794;-0,0260009199250921;2,3553443902896154e-06;1,6239868931081092e-06;0,003425989149993083;0,0034259891499930826;0,003425989149993083;0,9964314646079582;-0,03154317902571475;0,9963837810416224;-0,03195282069267921;3,425989149993083e-07
383;0,0;0,0;0,0;0,0;0,0;0,0;;;;;;;;
384;0,0520002570413489;0,025000177217736043;-0,05199999999993505;-0,024999999996296127;2,570414138480803e-07;1,7722143991552586e-07;0,0034235938286263463;0,003423593828626346;0,0034235938286263463;0,9730078791362599;-0,564133542853479;0,9730026775058336;-0,5641815526311075;3,4235938286263464e-07
385;-0,07110508495313947;-0,03400350566659773;0,07110799711208989;0,03400551350259092;2,912158950416077e-06;2,007835993189655e-06;0,004704490510712362;0,0047044905107123626;0,0047044905107123626;0,9672717284080956;-0,6165273216558371;0,967314600925043;-0,6161238845744678;4,7044905107123624e-07
386;0,0;0,0;0,0;0,0;0,0;0,0;;;;;;;;
387;-0,07100000000183074;-0,03399999999091114;0,07100508495292816;0,0340035056658991;5,084951097425461e-06;3,505674987962226e-06;0,004699106413254795;0,004699106413254794;0,004699106413254795;0,9671967772998313;-0,6172300774295114;0,9672717284080956;-0,6165273216558371;4,6991064132547945e-07
388;0,0;0,0;0,0;0,0;0,0;0,0;;;;;;;;
389;0,0001000000072416482;5,01216529447898e-12;-0,0001000000001139941;-9,824046932992052e-14;7,1276540984481496e-12;4,9139248251490594e-12;5,848931774502841e-06;5,848931774502842e-06;5,848931774502842e-06;0,987103856324904;-0,11494090577737569;0,9871037859675594;-0,114943721248701;5,848931774502842e-10
390;0,05000182251518971;0,024001256405140763;-0,050000000000216614;-0,0240000000001712;1,8225149730974333e-06;1,2564049695629187e-06;0,0032129331653201246;0,0032129331653201246;0,0032129331653201246;0,9966621593187106;-0,029476995163815925;0,9966228647966898;-0,02983237683476566;3,2129331653201245e-07
391;0,0;0,0;0,0;0,0;0,0;0,0;;;;;;;;
392;0,0;0,0;0,0;0,0;0,0;0,0;;;;;;;;
393;-0,07000000005563864;-0,033999999673460166;0,07000458619174942;0,03400316154369804;4,5861361107762955e-06;3,161870237876341e-06;0,004754723420780807;0,004754723420780807;0,004754723420780807;0,9449461197149108;-0,4917406047197629;0,9450129858045586;-0,4911218778235799;4,7547234207808064e-07
394;0,04500074719221058;0,02200051516414012;-0,045000000000325;-0,022000000000377697;7,471918855792015e-07;5,151637624233041e-07;0,002918547473010789;0,0029185474730107895;0,0029185474730107895;0,9909020415015481;-0,10446685264219914;0,990884286448019;-0,10462085992921002;2,9185474730107894e-07
395;0,04500014098195284;0,022000097246258395;-0,04500000000227005;-0,022000000001148743;1,4097968278892203e-07;9,724510965231081e-08;0,0029283794999251274;0,0029283794999251274;0,0029283794999251274;0,9875607341006784;-0,12609647084304548;0,987557394952855;-0,12612557482921632;2,9283794999251275e-07
396;0,0;0,0;0,0;0,0;0,0;0,0;;;;;;;;
397;0,043000300372819523;0,02100020713849085;-0,04299999999847469;-0,020999999999966885;3,0037434483459746e-07;2,0713852396520016e-07;0,0027979214558741736;0,002797921455874174;0,002797921455874174;0,9874721810474894;-0,11149388873737799;0,9874647358189549;-0,111558917587953;2,797921455874174e-07
398;0,04100080859290937;0,020000557531594465;-0,04100000000015443;-0,01999999999991005;8,085927549403293e-07;5,575316844134981e-07;0,0026756038070086968;0,0026756038070086968;0,0026756038070086968;0,9843801628127026;-0,28824034895170153;0,984359206534887;-0,2884244553959211;2,675603807008697e-07
399;-0,04100000000016791;-0,019999999999946488;0,041000995385488105;0,02000068621255359;9,953853201960516e-07;6,862126071018049e-07;0,0026423891196219623;0,0026423891196219623;0,0026423891196219623;0,9967325481748985;-0,028856173202346333;0,9967586687303185;-0,028629666414086465;2,642389119621962e-07
400;0,0;0,0;0,0;0,0;0,0;0,0;;;;;;;;
401;0,04000137277664512;0,019000946415237367;-0,040000000000189405;-0,019000000000022117;1,3727764557117106e-06;9,464152152492689e-07;0,0025668657704383618;0,0025668657704383618;0,0025668657704383618;0,9960729673739441;-0,03471811973716557;0,9960359433908987;-0,035062111159938125;2,5668657704383615e-07
402;0,00010000000836439437;5,8729742494798175e-12;-9,999999982864113e-05;1,2833760381547444e-14;8,535753240291807e-12;5,885808009861365e-12;5,843319152802851e-06;5,843319152802852e-06;5,843319152802852e-06;0,9880519998715865;-0,10637958400522074;0,9880519155339113;-0,10638295632451919;5,843319152802852e-10
403;0,0;0,0;0,0;0,0;0,0;0,0;;;;;;;;
404;-0,0490000000735017;-0,023999999551356878;0,04900285018551339;0,02400196449119509;2,8501120116902756e-06;1,9649398382108607e-06;0,0033616292440455968;0,0033616292440455968;0,0033616292440455968;0,9370849775751816;-0,6265983480394558;0,937143781994871;-0,6260618113456841;3,361629244045597e-07
405;0,037100682716515024;0,01800047063001267;-0,037100242908496894;-0,01800016745637297;4,398080181294839e-07;3,031736396999496e-07;0,002393513057456136;0,0023935130574561365;0,0023935130574561365;0,9946929261514237;-0,11488884518720803;0,9946801892097057;-0,11500108777889016;2,393513057456137e-07
406;0,034001005528411066;0,017000693302418816;-0,03399999999961697;-0,01699999999992225;1,0055287940971547e-06;6,933024965655177e-07;0,00220272592839063;0,0022027259283906304;0,0022027259283906304;0,9963837810416224;-0,03195282069267921;0,9963520810928037;-0,032209683789472796;2,2027259283906306e-07
407;0,03400008106627517;0,01700005591755365;-0,03400000000082777;-0,017000000000146506;8,106544739650001e-08;5,5917407145583686e-08;0,0022205828704144107;0,0022205828704144103;0,0022205828704144107;0,9883423951977574;-0,10365485678923511;0,9883398598350082;-0,10367559738145467;2,2205828704144108e-07
408;0,033100961541077015;0,016000662902683576;-0,03310000000840995;-0,0160000000058643;9,615326670639468e-07;6,62896819277059e-07;0,002148252220501236;0,002148252220501235;0,002148252220501236;0,9880830192526528;-0,10610162114989544;0,9880519998715865;-0,10637958400522074;2,148252220501236e-07
409;0,031000197192929107;0,015000135936910228;-0,031000000000777825;-0,015000000000193175;1,97192151281389e-07;1,3593671705294796e-07;0,0019989467909902322;0,0019989467909902322;0,0019989467909902322;0,9946801892097057;-0,11500108777889016;0,9946733522912948;-0,11506177238275564;1,9989467909902324e-07
410;0,0;0,0;0,0;0,0;0,0;0,0;;;;;;;;
411;0,029103700703853867;0,014002551467933114;-0,02910146553040429;-0,014001010408771499;2,2351734495773545e-06;1,5410591616155794e-06;0,0018666840862127667;0,0018666840862127667;0,0018666840862127667;0,9989203551908377;-0,00951102974113792;0,9988373936118073;-0,010255504657953855;1,8666840862127666e-07
412;0,02900006201946374;0,014000052355432864;-0,028999999999234662;-0,013999999999314821;6,202022907741966e-08;5,235611804342566e-08;0,001881480112305323;0,0018814801123053226;0,001881480112305323;0,9881666188731307;-0,11768156283120255;0,9881642065208354;-0,11771747864524482;1,8814801123053228e-07
413;0,0;0,0;0,0;0,0;0,0;0,0;;;;;;;;
414;-0,00010000000055818549;-3,112366913880138e-12;0,00010000000115548691;3,524374129130761e-12;5,973014238162128e-13;4,120072152506227e-13;6,027620102982317e-06;6,027620102982317e-06;6,027620102982317e-06;0,9578411753697832;-0,43485706574964644;0,9578411810909823;-0,4348568296869142;6,027620102982317e-10
415;0,02800069679085004;0,014000480463690367;-0,027999999999939237;-0,013999999999983226;6,967909108035464e-07;4,804637071410128e-07;0,0018145664776467757;0,001814566477646776;0,001814566477646776;0,9960729673739441;-0,03471811973716557;0,9960463011366093;-0,034934312618723797;1,814566477646776e-07
416;0,026000248435213966;0,013000171269584346;-0,026000000004895107;-0,012999999969583382;2,484303188582393e-07;1,7130000096350628e-07;0,0017381496017655114;0,0017381496017655116;0,0017381496017655116;0,9655728327150396;-0,3531343216298862;0,9655629073120424;-0,3532173288602943;1,7381496017655117e-07
417;0,0;0,0;0,0;0,0;0,0;0,0;;;;;;;;
418;0,0240014509761091;0,012001000374494029;-0,023999999999959453;-0,011999999999951222;1,4509761496472873e-06;1,0003745428074917e-06;0,0015510974119502922;0,0015510974119502918;0,0015510974119502922;0,9988373936118073;-0,010255504657953855;0,9987724346285356;-0,010780464997190365;1,5510974119502923e-07
419;0,024000820254450463;0,01200056552587833;-0,024000000000056254;-0,011999999999909531;8,202543942091578e-07;5,655259687990105e-07;0,0015509247459281677;0,0015509247459281675;0,0015509247459281677;0,9989203551908377;-0,00951102974113792;0,9988836289773717;-0,00980780862139182;1,5509247459281678e-07
420;0,024000359955248428;0,012000248126140055;-0,02400000000023406;-0,011999999999636891;3,5995501436805744e-07;2,48126503163415e-07;0,0015769387592848285;0,001576938759284828;0,0015769387592848285;0,9824213679598136;-0,30571955600975587;0,9824055178834381;-0,3058497089048122;1,5769387592848285e-07
421;0,0;0,0;0,0;0,0;0,0;0,0;;;;;;;;
422;0,02300014241510383;0,011000098145503347;-0,023000000009124843;-0,010999999949141718;1,424059789881249e-07;9,819636162880507e-08;0,001536757905084204;0,001536757905084204;0,001536757905084204;0,9578411810909823;-0,4348568296869142;0,9578347628644226;-0,4349178317030076;1,536757905084204e-07
423;0,023000063572884474;0,011000043800728412;-0,023000000003491783;-0,010999999983750954;6,35693926907821e-08;4,381697745782509e-08;0,0015226157084673167;0,001522615708467317;0,001522615708467317;0,9667341131844213;-0,2907547098242356;0,9667312217911967;-0,2907819055956919;1,5226157084673171e-07
424;0,022000617386642128;0,010000425657249167;-0,021999999999767327;-0,009999999999906858;6,173868748009237e-07;4,256573423091353e-07;0,001405551415269236;0,001405551415269236;0,001405551415269236;0,9926869790515805;-0,06483528028374652;0,9926566569714397;-0,06514829726433251;1,4055514152692362e-07
425;0,021300536184660213;0,010000369700588155;-0,0213001277421996;-0,010000088093200809;4,084424606136394e-07;2,8160738734656077e-07;0,0013647280756769401;0,00136472807567694;0,0013647280756769401;0,995493535485127;-0,09129562076561457;0,9954728313101363;-0,09149365519903224;1,3647280756769402e-07
426;0,021000513201216334;0,0100003536826553;-0,02100000001925335;-0,009999999881934776;5,131819629834722e-07;3,5380072052441924e-07;0,0014264433896086805;0,00142644338960868;0,0014264433896086805;0,9414450039578602;-0,5249630016495201;0,9414200940286037;-0,5252063694203664;1,4264433896086806e-07
427;0,021000127694316816;0,010000088059902847;-0,020999999999172653;-0,009999999999933824;1,2769514416352545e-07;8,805996902332136e-08;0,001348998457602807;0,0013489984576028073;0,0013489984576028073;0,9954728313101363;-0,09149365519903224;0,9954662766927603;-0,09155426631140019;1,3489984576028075e-07
428;0,021000071673865146;0,010000060515340449;-0,021000000000001292;-0,00999999999694179;7,1673863854399e-08;6,051839865871267e-08;0,001363541051261234;0,001363541051261234;0,001363541051261234;0,9848531578153559;-0,13043728068957458;0,9848493161103898;-0,1304959686794276;1,363541051261234e-07
429;0,02100007928217987;0,010000054433647399;-0,021000000033006058;-0,009999999783318003;7,92491738135781e-08;5,4650329395569686e-08;0,0014371479246069441;0,0014371479246069446;0,0014371479246069446;0,9344117837746899;-0,6521170588292515;0,9344079654209244;-0,6521546732171295;1,4371479246069444e-07
430;0,0210000811085948;0,010000055921776408;-0,020999999999731605;-0,00999999999993366;8,110886319523392e-08;5,592184274851031e-08;0,0013598776734120549;0,0013598776734120549;0,0013598776734120549;0,9875065339916045;-0,24858672326409256;0,9875024041786515;-0,24862519600817423;1,3598776734120548e-07
431;0,021000054873211743;0,010000037755409258;-0,021000000010281166;-0,009999999939603722;5,486293057702096e-08;3,781580553557928e-08;0,0014145091982545733;0,0014145091982545733;0,0014145091982545733;0,949365526281186;-0,44985382490815157;0,9493628409010763;-0,44987982532198734;1,4145091982545734e-07
432;0,0;0,0;0,0;0,0;0,0;0,0;;;;;;;;
433;0,0;0,0;0,0;0,0;0,0;0,0;;;;;;;;
434;0,019000328713829995;0,009000226622506904;-0,018999999999891454;-0,009000000000002884;3,287139385410587e-07;2,2662250401955797e-07;0,0012182375968166777;0,001218237596816678;0,001218237596816678;0,9963837810416224;-0,03195282069267921;0,9963651044495484;-0,032127479082390234;1,2182375968166778e-07
435;0,019000292944097986;0,009000201975055966;-0,01900000000019656;-0,009000000000054166;2,9294390142473037e-07;2,0197500179980343e-07;0,0012182927507973583;0,001218292750797358;0,0012182927507973583;0,9963366412404956;-0,03238799613778512;0,9963199974877791;-0,032543681196679754;1,2182927507973583e-07
436;0,018100432616269067;0,009000298213527925;-0,01810017468278034;-0,009000120399396447;2,5793348872732436e-07;1,7781413147802128e-07;0,0012087041276623313;0,0012087041276623313;0,0012087041276623313;0,9655728327150396;-0,3531343216298862;0,9655580192045007;-0,3532601003137354;1,2087041276623313e-07
437;0,018000174683482816;0,009000120399768387;-0,01800000000419466;-0,008999999979229524;1,7467928815559364e-07;1,2042053886343607e-07;0,00120335299389431;0,00120335299389431;0,00120335299389431;0,9655580192045007;-0,3532601003137354;0,965547939331087;-0,3533443392417793;1,20335299389431e-07
438;0,018000015062618013;0,009000010367605827;-0,01800000000310806;-0,008999999998762912;1,505950995156491e-08;1,0368842914484921e-08;0,0011711276908886023;0,0011711276908886025;0,0011711276908886025;0,9921173057579379;-0,09355547988337803;0,992116413120747;-0,09356270955495066;1,1711276908886024e-07
439;0,01700020152719184;0,008000138952431075;-0,016999999999838925;-0,00799999999994379;2,0152735291309454e-07;1,3895248728544585e-07;0,0010889461800073076;0,0010889461800073076;0,0010889461800073076;0,9961526442597428;-0,034014157191431714;0,9961398395291887;-0,03413588456164852;1,0889461800073075e-07
440;-0,02320014241751905;-0,011000098144765163;0,023201153573471685;0,011000795290519318;1,0111559526349012e-06;6,971457541544296e-07;0,001547642084583882;0,0015476420845838817;0,001547642084583882;0,9578411810909823;-0,4348568296869142;0,9578864073387289;-0,43441785866768834;1,547642084583882e-07
441;0,01500016291742747;0,007000112316973866;-0,01499999999997192;-0,006999999999957557;1,6291745555049864e-07;1,1231701630906588e-07;0,0009576915409478849;0,0009576915409478849;0,0009576915409478849;0,997916313111108;-0,01840067950507287;0,9979045495592029;-0,018514502932437397;9,57691540947885e-08
442;0,014000292835882576;0,007000201885532279;-0,014000000000967513;-0,0069999999945821;2,928349150631282e-07;2,0189095017910524e-07;0,0009281468206316275;0,0009281468206316273;0,0009281468206316275;0,973678332644163;-0,22868900224040178;0,973656423678905;-0,22887062084003745;9,281468206316274e-08
443;0,01400018034689819;0,007000124342814725;-0,01400000000041947;-0,006999999999962096;1,8034647871964515e-07;1,2434285262975103e-07;0,0009068480379667607;0,0009068480379667606;0,0009068480379667607;0,9965381187066739;-0,0305516698898343;0,9965243087054797;-0,03066354117539876;9,068480379667608e-08
444;0,014000176880979912;0,007000121945277951;-0,013999999999777126;-0,006999999999959612;1,7688120278538944e-07;1,2194531833886052e-07;0,0009071987130008016;0,0009071987130008016;0,0009071987130008016;0,9961526442597428;-0,034014157191431714;0,9961391050845918;-0,03412385163619881;9,071987130008017e-08
445;0,014200399447304946;0,006000275400231326;-0,014200386096216398;-0,006000266190903828;1,3351088547219891e-08;9,209327497643194e-09;0,0009011714647044772;0,0009011714647044772;0,0009011714647044772;0,987654617881962;-0,125268711396972;0,9876536003275866;-0,1252809263754481;9,011714647044772e-08
446;0,014100386098054125;0,006000266193034592;-0,0141000781299556;-0,006000053867651259;3,079680985246941e-07;2,1232538333342682e-07;0,0008957896463184507;0,0008957896463184507;0,0008957896463184507;0,9876536003275866;-0,1252809263754481;0,9876299778276598;-0,12556054568807481;8,957896463184507e-08
447;0,0;0,0;0,0;0,0;0,0;0,0;;;;;;;;
448;0,013000058260704828;0,006000040172217285;-0,013000000000167574;-0,005999999999865806;5,8260537253926326e-08;4,017235147833753e-08;0,000841728626573641;0,0008417286265736409;0,000841728626573641;0,9820787655783562;-0,3089448075337222;0,9820739825371336;-0,3089930691675828;8,41728626573641e-08
449;-0,038000000019459995;-0,0179999998854014;0,0380020840714336;0,01800143670161113;2,084051973605394e-06;1,4368162097287696e-06;0,002560004405955531;0,0025600044059555303;0,002560004405955531;0,9482869847176296;-0,46491959082855144;0,9483433331045503;-0,46436591314354253;2,560004405955531e-07
450;0,012000150862714325;0,006000104026873466;-0,012000000000258268;-0,006000000000031693;1,5086245605706872e-07;1,0402684177349825e-07;0,0007768358663180677;0,0007768358663180678;0,0007768358663180678;0,9971310276824007;-0,025336329306150752;0,9971175416075444;-0,025445555027547882;7,768358663180678e-08
451;0,0;0,0;0,0;0,0;0,0;0,0;;;;;;;;
452;0,0;0,0;0,0;0,0;0,0;0,0;;;;;;;;
453;-0,010100000006691003;-0,005000000005570338;0,010100099172762216;0,0050000837254977415;9,916607121226995e-08;8,371992740383027e-08;0,0006597160307478388;0,000659716030747839;0,000659716030747839;0,986282423496409;-0,25944274361696196;0,9862934517307539;-0,25928497293736963;6,597160307478391e-08
454;0,010000042395314941;0,005000029224999635;-0,00999999999999215;-0,004999999999287757;4,2395322790572676e-08;2,9225711877488292e-08;0,0006553908846039761;0,0006553908846039758;0,0006553908846039761;0,9849086757271257;-0,12910113900972375;0,9849041839194229;-0,12913793671475307;6,55390884603976e-08
455;0,010000075039379207;0,005000051738892919;-0,010000000000310757;-0,004999999999971606;7,503906845028607e-08;5,173892131307006e-08;0,000647937088694878;0,0006479370886948781;0,0006479370886948781;0,9962424539979475;-0,033218037593475504;0,9962344117133727;-0,033283213936727216;6,479370886948781e-08
456;0,0;0,0;0,0;0,0;0,0;0,0;;;;;;;;
457;0,009000125829428466;0,004000086731507575;-0,009000000002823449;-0,003999999980106355;1,2582660501719856e-07;8,675140121972708e-08;0,0005942041366759847;0,0005942041366759846;0,0005942041366759847;0,9569653046072457;-0,4427827040122299;0,9569507091807528;-0,4429465888210498;5,9420413667598475e-08
458;0,009000072695777322;0,00400005012128748;-0,009000000000158543;-0,0040000000000947784;7,26956187798583e-08;5,012119270141058e-08;0,0005757511352336057;0,0005757511352336057;0,0005757511352336057;0,9876299778276598;-0,12556054568807481;0,9876212750976266;-0,1256552354379433;5,757511352336056e-08
459;-0,052000000000086984;-0,02499999999995878;0,05200226840271131;0,025001563874648376;2,268402624329424e-06;1,5638746895946243e-06;0,0033715012334130036;0,003371501233413005;0,003371501233413005;0,9880364061659388;-0,10652519095173396;0,9880830192526528;-0,10610162114989544;3,371501233413005e-07
460;0,0;0,0;0,0;0,0;0,0;0,0;;;;;;;;
461;0,006000045715388593;0,0030000315199627354;-0,0060000000000469495;-0,002999999999982874;4,5715341643291774e-08;3,1519979861414915e-08;0,00038937289934684767;0,00038937289934684767;0,00038937289934684767;0,9946801892097057;-0,11500108777889016;0,9946720361699448;-0,11506726240298903;3,8937289934684766e-08
462;0,005000041670307919;0,002000028719575793;-0,005000000001002742;-0,0019999999899864515;4,166930517648937e-08;2,8729589341639633e-08;0,00032490213186258114;0,00032490213186258114;0,00032490213186258114;0,9569511991089408;-0,44298033920454216;0,9569424280463079;-0,4430994922664738;3,249021318625812e-08
463;0,005000014554104227;0,0020000100340582206;-0,004999999999889284;-0,001999999999876079;1,4554214942605337e-08;1,0034182141432924e-08;0,00031127552134731955;0,00031127552134731955;0,00031127552134731955;0,9988373936118073;-0,010255504657953855;0,9988341959837367;-0,010297118016367261;3,1127552134731954e-08
464;0,005000022946336775;0,0020000158213938145;-0,004999999999876008;-0,0020000000000748477;2,2946460767094e-08;1,5821318966741105e-08;0,00031199038886997653;0,0003119903888699765;0,00031199038886997653;0,996550584549565;-0,030491658730957227;0,9965455545731348;-0,03055727920326375;3,1199038886997655e-08
465;0,005000005435253687;0,0020000037461462674;-0,005000000000414476;-0,0020000000000317117;5,434839211483633e-09;3,746114555711055e-09;0,000314807178567856;0,00031480717856785604;0,00031480717856785604;0,9876299778276598;-0,12556054568807481;0,9876287972221134;-0,12557607656846162;3,148071785678561e-08
466;0,00020000004744364977;3,2962947130409505e-11;-0,00020000000318379232;-2,4472588652156525e-12;4,425985744354807e-11;3,051568826519385e-11;1,1599521111747587e-05;1,1599521111747587e-05;1,1599521111747587e-05;0,9954728313101363;-0,09149365519903224;0,9954726110127471;-0,09150239729753597;1,1599521111747588e-09
467;-9,999999983781858e-05;-1,2506194661984738e-13;0,00010000000812083837;5,835926483887155e-12;8,283019791431069e-12;5,710864537267308e-12;6,145752032865233e-06;6,145752032865234e-06;6,145752032865234e-06;0,9394298129273894;-0,6045612494137821;0,9394298907405483;-0,6045579773297001;6,145752032865235e-10
468;0,00010000001010740136;6,8806646319950445e-12;-9,999999998743654e-05;9,671191650557182e-14;1,0119964816233257e-11;6,977376548500616e-12;5,957972703570262e-06;5,957972703570262e-06;5,957972703570262e-06;0,9690382220092484;-0,2871389510801964;0,9690381239429289;-0,2871429488220809;5,957972703570261e-10
469;-9,99999998836081e-05;1,2797323528197715e-13;0,00010000000297209148;2,001432552362306e-12;3,0884833807174467e-12;2,129405787644283e-12;5,9336690999028874e-06;5,933669099902887e-06;5,9336690999028874e-06;0,9730071879591093;-0,5641616042054658;0,973007218010275;-0,5641603841458547;5,933669099902887e-10
470;-0,0001000000002812493;-2,7772646188252285e-14;0,000100000008161785;5,460783970874596e-12;7,880535701537857e-12;5,4330113246863435e-12;5,849917754355024e-06;5,849917754355022e-06;5,849917754355024e-06;0,9869374152886267;-0,26648676331047344;0,9869374930645833;-0,2664836504245392;5,849917754355024e-10
471;-9,99999999430224e-05;1,5385795133343447e-13;0,00010000000654901665;5,423097965956177e-12;6,6059942482573145e-12;5,576955917289612e-12;5,853803061334733e-06;5,853803061334734e-06;5,853803061334734e-06;0,9862823583426518;-0,2594459389771245;0,986282423496409;-0,25944274361696196;5,853803061334733e-10
472;0,00010000000289572362;2,6927868023645334e-12;-9,999999920740207e-05;-1,4981269964250862e-13;3,688321553014205e-12;2,5429741027220248e-12;5,799760631492664e-06;5,799760631492664e-06;5,799760631492664e-06;0,9954726110127471;-0,09150239729753597;0,9954725742965168;-0,09150385431432556;5,799760631492663e-10
