;p_from_mw;q_from_mvar;p_to_mw;q_to_mvar;pl_mw;ql_mvar;i_from_ka;i_to_ka;i_ka;vm_from_pu;va_from_degree;vm_to_pu;va_to_degree;loading_percent
0;-3,9787676614600005;-1,9479592549665017;3,9835215575351413;1,9535674743942764;0,004753896075140762;0,005608219427774674;0,2561566569917611;0,2561566569917611;0,2561566569917611;0,9984816283680025;-0,038051684892368126;1,0;0,0;2,561566569917611e-05
1;-3,915063456917521;-1,9152884410067927;3,9186669286737943;1,9189587498120693;0,00360347175627318;0,003670308805276523;0,2522981022208937;0,25229810222089366;0,2522981022208937;0,9973717436114687;-0,060550994818706634;0,9984816283680025;-0,038051684892368126;2,522981022208937e-05
2;-5,955215136932567;-2,9312753848283606;5,980240035838733;2,948529183487949;0,02502489890616566;0,017253798659588426;0,38495495507971916;0,3849549550797191;0,38495495507971916;0,9954896182935729;-0,03805585241690096;1,0;0,0;3,849549550797192e-05
3;-5,87184475314263;-2,8854706279494335;5,8962151369815965;2,9022753847597076;0,02437038383896617;0,016804756810274046;0,3811421469588488;0,3811421469588488;0,3811421469588488;0,9910535435470806;-0,07584104736214711;0,9954896182935729;-0,03805585241690096;3,811421469588488e-05
4;2,2457895734635827;1,1026573527082064;-2,236929984669215;-1,0936362707734582;0,008859588794367657;0,009021081934748265;0,144446345814622;0,144446345814622;0,144446345814622;1,0;0,0;0,9952335707597775;-0,09648368483689224;1,44446345814622e-05
5;-5,5696859836281964;-2,736019843980061;5,584821407553638;2,7464545317619047;0,015135423925441316;0,010434687781843532;0,36256358478047707;0,36256358478047707;0,36256358478047707;0,9881575600685695;-0,10062731577640435;0,9910535435470806;-0,07584104736214711;3,625635847804771e-05
6;-2,201042259349462;-1,0688846386378048;2,215529448204486;1,083635900880183;0,01448718885502398;0,014751262242378216;0,14307622171826334;0,1430762217182633;0,14307622171826334;0,987370656528345;-0,2577251219091007;0,9952335707597775;-0,09648368483689224;1,4307622171826332e-05
7;-3,905629247654559;-1,9058861981686184;3,9148634568896328;1,9152884409877893;0,009234209235073898;0,009402242819170903;0,25228770260303623;0,2522877026030362;0,25228770260303623;0,9945284602716723;-0,11839730374417244;0,9973717436114687;-0,060550994818706634;2,5228770260303622e-05
8;-2,9961138704866457;-1,48275407237486;2,997626707296604;1,4845388169842408;0,0015128368099581735;0,0017847446093808284;0,19312881172446236;0,1931288117244624;0,1931288117244624;0,999357975431242;-0,015904737437102832;1,0;0,0;1,931288117244624e-05
9;-3,8551710145719733;-1,8743865177858383;3,8684285647123478;1,8878857273819298;0,013257550140374441;0,013499209596091521;0,24988858277802606;0,249888582778026;0,24988858277802606;0,9904088920684304;-0,2028314128143072;0,9945284602716723;-0,11839730374417244;2,4988858277802604e-05
10;-2,9630196842045273;-1,4491590356435375;2,9960138704867187;1,4827540723745065;0,03299418628219142;0,033595036730968975;0,1931236339109905;0,1931236339109905;0,1931236339109905;0,9860736766617053;-0,28470840184121243;0,999357975431242;-0,015904737437102832;1,931236339109905e-05
11;2,962919684244073;1,4491590356109132;-2,934520138211465;-1,4202414661053868;0,02839954603260786;0,028917569505526375;0,19311837425173828;0,1931183742517383;0,1931183742517383;0,9860736766617053;-0,28470840184121243;0,974656643011814;-0,5219539753390154;1,931183742517383e-05
12;-3,7195366729276826;-1,8035751258298616;3,729171014572473;1,8133865177850819;0,009634341644790378;0,009811391955220294;0,241728040753447;0,241728040753447;0,241728040753447;0,9873153246613943;-0,2667327222479662;0,9904088920684304;-0,2028314128143072;2,41728040753447e-05
13;3,667561578542518;1,8004565083530224;-3,6482815659781607;-1,7871641499071371;0,019280012564357296;0,013292358445885277;0,23588592985361972;0,23588592985361978;0,23588592985361978;1,0;0,0;0,994330618475518;-0,04845773251311501;2,3588592985361977e-05
14;3,3912561180725618;1,6601832824282987;-3,3744151631815327;-1,6485722391286668;0,016840954891029103;0,011611043299631918;0,22011820715124947;0,22011820715124947;0,22011820715124947;0,9903639866196455;-0,08266412975636593;0,9850579096358126;-0,12879407962020858;2,2011820715124946e-05
15;3,5222815659914133;1,7261641498896456;-3,5092561180300663;-1,717183282484038;0,01302544796134697;0,008980867405607551;0,22775765241405874;0,22775765241405876;0,22775765241405876;0,994330618475518;-0,04845773251311501;0,9903639866196455;-0,08266412975636593;2,2775765241405878e-05
16;3,248415163287654;1,5875722389968925;-3,2329046378637933;-1,5768780193482688;0,015510525423860777;0,010694219648623715;0,21191337842521285;0,21191337842521288;0,21191337842521288;0,9850579096358126;-0,12879407962020858;0,9799822453666884;-0,1733575044900612;2,119133784252129e-05
17;2,747243684586749;1,3480299828536602;-2,710825953380708;-1,3229208613327268;0,03641773120604119;0,025109121520933364;0,1766779810575747;0,17667798105757468;0,1766779810575747;1,0;0,0;0,9857040592826993;-0,12345148425842771;1,766779810575747e-05
18;2,6897258820578975;1,3129208006328474;-2,6582843418079047;-1,2912424482573208;0,031441540249992794;0,02167835237552662;0,1753104165982921;0,17531041659829213;0,17531041659829213;0,9857040592826993;-0,12345148425842771;0,9732688910014519;-0,2337539135846145;1,7531041659829214e-05
19;-3,182544958709329;-1,5557031805997357;3,193213535251249;1,5647093150762295;0,010668576541920327;0,009006134476493788;0,21234238497639749;0,21234238497639749;0,21234238497639749;0,9631720326310379;-0,3771780881727798;0,966853916476741;-0,3222997335363525;2,123423849763975e-05
20;-3,575867136815928;-1,752843287341804;3,5870541757032015;1,7622875708120138;0,01118703888727346;0,009444283470209758;0,23714142898944016;0,23714142898944007;0,23714142898944016;0,9695578947338046;-0,28221442155280063;0,9730159374940235;-0,23123099552456328;2,3714142898944017e-05
21;-3,127432339471237;-1,5256267780979402;3,133444275038756;1,5307027079970759;0,006011935567519;0,005075929899135634;0,20904005267419198;0,20904005267419198;0,20904005267419198;0,9610648862850908;-0,40882510931117133;0,9631720326310379;-0,3771780881727798;2,09040052674192e-05
22;1,221155064290059;0,5939166036461074;-1,214745655463729;-0,5894975615987815;0,00640940882633001;0,004419042047325905;0,0783997581443503;0,07839975814435028;0,0783997581443503;1,0;0,0;0,9943324397007263;-0,0496764360766307;7,83997581443503e-06
23;1,8881140523655802;0,9142814977253977;-1,8755675683730848;-0,9056311175171657;0,01254648399249536;0,008650380208231945;0,1211181975292919;0,12111819752929188;0,1211181975292919;1,0;0,0;0,9928206785874856;-0,0637553521840774;1,211181975292919e-05
24;1,8534669511525008;0,8956306919744139;-1,8509528957750787;-0,8938973350520872;0,0025140553774221086;0,0017333569223266787;0,11970798223717331;0,1197079822371733;0,11970798223717331;0,9928206785874856;-0,0637553521840774;0,9913652290674384;-0,07676899046825078;1,1970798223717333e-05
25;-3,4414253857570762;-1,6847176632359393;3,4498671373565495;1,6918432868651136;0,008441751599473246;0,007125623629174349;0,22880548049317148;0,22880548049317145;0,22880548049317148;0,966853916476741;-0,3222997335363525;0,9695578947338046;-0,28221442155280063;2,288054804931715e-05
26;-1,834513105287056;-0,8855258551423105;1,8379528957751596;0,8878973350523985;0,003439790488103611;0,0023714799100880146;0,11887427098324359;0,11887427098324356;0,11887427098324359;0,9893599575271265;-0,09474434985447552;0,9913652290674384;-0,07676899046825078;1,1887427098324358e-05
27;-2,9954294784300157;-1,4604884114439292;3,0014323407178622;1,4646267757691056;0,006002862287846522;0,004138364325176447;0,20063037329820999;0,20063037329820987;0,20063037329820999;0,9589902182322914;-0,4275076614864024;0,9610648862850908;-0,40882510931117133;2,0063037329820998e-05
28;-2,9834125512592014;-1,4522725031705126;2,995329479886657;1,460488409785287;0,011916928627455636;0,008215906614774449;0,20062496191110307;0,2006249619111031;0,2006249619111031;0,9548717063718587;-0,4648408319200985;0,9589902182322914;-0,4275076614864024;2,006249619111031e-05
29;0,7773759732438318;0,3772424569204838;-0,7768362128547902;-0,3767868012074469;0,000539760389041577;0,00045565571303690655;0,05034680090927646;0,050346800909276436;0,05034680090927646;0,9908749203721329;-0,08019129115700452;0,9900899523181302;-0,0917570852594334;5,034680090927646e-06
30;0,7358362128547897;0,35678680120730477;-0,7352782364482086;-0,3563157378636879;0,0005579764065811732;0,000471063343616851;0,047686690865689024;0,047686690865689024;0,047686690865689024;0,9900899523181302;-0,0917570852594334;0,9892332848575222;-0,10440921321069932;4,7686690865689025e-06
31;1,0887456554635873;0,5284975615988377;-1,0871753489081974;-0,5274149389283858;0,001570306555389811;0,0010826226704518938;0,07027140904307318;0,07027140904307319;0,07027140904307319;0,9943324397007263;-0,0496764360766307;0,9927833920454042;-0,06334211976031608;7,02714090430732e-06
32;0,6644535423687221;0,3223126837112169;-0,6640248113118261;-0,32201710727126187;0,00042873105689600344;0,00029557643995503646;0,0431483667916097;0,0431483667916097;0,0431483667916097;0,9881575600685695;-0,10062731577640435;0,9874688067027714;-0,10674702490340633;4,3148366791609705e-06
33;3,1749039368229663;1,5488775356589577;-3,165500140437531;-1,5423935030538276;0,009403796385435204;0,006484032605130086;0,20811898293118702;0,20811898293118702;0,20811898293118702;0,9799822453666884;-0,1733575044900612;0,9768490705093114;-0,2010900834445928;2,0811898293118703e-05
34;2,7563883463201364;1,344316423897752;-2,7555239813689205;-1,3437201402084873;0,0008643649512158902;0,0005962836892647871;0,18125422981898892;0,18125422981898892;0,18125422981898892;0,9768490705093114;-0,2010900834445928;0,976518348845345;-0,20402511089481476;1,8125422981898893e-05
35;2,7554239814047228;1,3437201402013408;-2,755315572545578;-1,3436452395350234;0,00010840885914475962;7,490066631743453e-05;0,18124891568721305;0,18124891568721302;0,18124891568721305;0,976518348845345;-0,20402511089481476;0,9764768525262951;-0,20439526467110095;1,8124891568721304e-05
36;2,7463155725430672;1,3396452394870422;-2,743631540032378;-1,3377945202439914;0,0026840325106891605;0,0018507192430508024;0,18066696162780013;0,18066696162780013;0,18066696162780013;0,9764768525262951;-0,20439526467110095;0,9754466735303954;-0,21352990876628083;1,8066696162780014e-05
37;2,398523872138683;1,1639457718246067;-2,394846042676529;-1,161409790288252;0,003677829462154225;0,0025359815363545923;0,15590054285828855;0,15590054285828855;0,15590054285828855;0,9873153246613943;-0,2667327222479662;0,9856799763927939;-0,2812814589837965;1,5590054285828855e-05
38;1,1165396049066771;0,543121263032873;-1,1130460913399185;-0,5407126025162569;0,0034935135667586437;0,0024086605166161457;0,07168545635119168;0,07168545635119167;0,07168545635119168;1,0;0,0;0,9966213693385275;-0,029533450032944133;7,168545635119169e-06
39;2,7006312484876966;1,316794318826705;-2,683639068039541;-1,305079106980037;0,016992180448155647;0,011715211846668128;0,17783454799961762;0,1778345479996176;0,17783454799961762;0,9754466735303954;-0,21352990876628083;0,9688217046796728;-0,272724996756083;1,7783454799961762e-05
40;0,9691705680586797;0,47041090281493486;-0,9683958829350691;-0,4698767833863442;0,0007746851236106744;0,0005341194285906625;0,0626501388078435;0,0626501388078435;0,0626501388078435;0,9927833920454042;-0,06334211976031608;0,9919262190599708;-0,0709134871875634;6,265013880784349e-06
41;0,9682958829331191;0,46987678338627453;-0,9682615053312342;-0,469853001620587;3,437760188484962e-05;2,378176568751389e-05;0,06264490224117006;0,06264490224117007;0,06264490224117007;0,9919262190599708;-0,0709134871875634;0,9918881459324004;-0,07125352877575371;6,2644902241170075e-06
42;1,1129460913399567;0,5407126025163289;-1,112585553837078;-0,5404639719083153;0,0003605375028787883;0,00024863060801361136;0,07168024564334066;0,07168024564334065;0,07168024564334066;0,9966213693385275;-0,029533450032944133;0,9962726575536136;-0,03259444766106532;7,168024564334067e-06
43;1,1124855538372644;0,5404639719081571;-1,1108919601620457;-0,5391185103235674;0,0015935936752187185;0,0013454615845897022;0,07167503306581599;0,07167503306581598;0,07167503306581599;0,9962726575536136;-0,03259444766106532;0,9946445396886651;-0,05643702558872113;7,167503306581599e-06
44;1,1107919601623608;0,5391185103238606;-1,1101572352198188;-0,5385827155617295;0,0006347249425420198;0,0005357947621310588;0,07166981099047916;0,07166981099047914;0,07166981099047916;0,9946445396886651;-0,05643702558872113;0,9939960938769619;-0,06595042964423994;7,166981099047916e-06
45;2,6605390052060485;1,2940790628370054;-2,6498024961971245;-1,286676438975906;0,010736509008923978;0,0074026238610993556;0,17630988685689697;0,17630988685689697;0,17630988685689697;0,9688217046796728;-0,272724996756083;0,9645999666030073;-0,3108636786500995;1,7630988685689696e-05
46;2,3448460426778426;1,1374097902878022;-2,3413198897605403;-1,1349783946005747;0,0035261529173022943;0,0024313956872275;0,15265196701209865;0,15265196701209865;0,15265196701209865;0,9856799763927939;-0,2812814589837965;0,984078745403371;-0,29556590345074796;1,5265196701209866e-05
47;0,9362615053307192;0,45485300161539455;-0,9353759732438583;-0,45424245692076004;0,0008855320868608185;0,0006105446946345072;0,06058798269784156;0,06058798269784157;0,06058798269784157;0,9918881459324004;-0,07125352877575371;0,9908749203721329;-0,08019129115700452;6,058798269784157e-06
48;1,3416971041704642;0,6522546006513039;-1,3366537010541386;-0,6487773432359437;0,005043403116325562;0,003477257415360202;0,08613143412657584;0,08613143412657584;0,08613143412657584;1,0;0,0;0,995940689464564;-0,035564241605567724;8,613143412657584e-06
49;1,004157235219578;0,487582715561729;-1,0033615649254615;-0,4869108918722761;0,000795670294116535;0,0006718236894528995;0,064837413417473;0,064837413417473;0,064837413417473;0,9939960938769619;-0,06595042964423994;0,9930974666602299;-0,07914340924797833;6,4837413417473e-06
50;2,6497024965600384;1,2866764385828355;-2,6442492463260403;-1,2829166053161662;0,005453250233998119;0,003759833266669288;0,17630450268660317;0,1763045026866032;0,1763045026866032;0,9645999666030073;-0,3108636786500995;0,9624557821926071;-0,3303603412109165;1,763045026866032e-05
51;1,3365537010548372;0,6487773432362091;-1,3360331992496932;-0,6484183994945688;0,000520501805143958;0,00035894374164024967;0,086126218987209;0,086126218987209;0,086126218987209;0,995940689464564;-0,035564241605567724;0,9955217231089775;-0,03925326582662243;8,6126218987209e-06
52;-2,9450194794905493;-1,4333813774357989;2,9463113987541187;1,4342717064816133;0,0012919192635694188;0,0008903290458144308;0,19813159961963922;0,1981315996196392;0,19813159961963922;0,9544196676824181;-0,4689525769168344;0,9548717063718587;-0,4648408319200985;1,981315996196392e-05
53;1,8225707974884908;0,8826559058984632;-1,820152048709434;-0,8798028788271105;0,0024187487790567896;0,0028530270713527095;0,11995668153067923;0,11995668153067925;0,11995668153067925;0,974656643011814;-0,5219539753390154;0,973010660345255;-0,5648485693419422;1,1995668153067924e-05
54;-2,5845023885452423;-1,2495442479513208;2,6082492472080485;1,2659166044990096;0,023746858662806236;0,01637235654768876;0,17391642319089995;0,17391642319089998;0,17391642319089998;0,9529916346060654;-0,4173873456147722;0,9624557821926071;-0,3303603412109165;1,739164231909e-05
55;0,4072657735173988;0,19730521588153838;-0,4071532871571744;-0,19721026692966145;0,00011248636022437308;9,494895187692198e-05;0,026411925920870973;0,02641192592087098;0,02641192592087098;0,9892332848575222;-0,10440921321069932;0,98892150848808;-0,10901999279096627;2,641192592087098e-06
56;0,40705328715658023;0,19721026692877067;-0,40699768347267984;-0,19716332386380733;5,560368390039594e-05;4,6943064963334e-05;0,02640667176633084;0,026406671766330835;0,02640667176633084;0,98892150848808;-0,10901999279096627;0,9887673527016215;-0,11130079252293276;2,6406671766330838e-06
57;0,3778976215288712;0,1831632715702478;-0,37774692786656894;-0,18303604600163187;0,00015069366230224812;0,0001272255686159407;0,02452108207670365;0,02452108207670365;0,02452108207670365;0,9887673527016215;-0,11130079252293276;0,9883174246836509;-0,11795645699347866;2,4521082076703648e-06
58;-0,20200000000136345;-0,0979999999894296;0,20202173266852957;0,09801498482631925;2,173266716612443e-05;1,4984836889650466e-05;0,013128532755880487;0,013128532755880487;0,013128532755880487;0,9873540543969801;-0,10776662723173465;0,9874688067027714;-0,10674702490340633;1,3128532755880488e-06
59;0,8881356157663668;0,43113132413812894;-0,8875947499051363;-0,43049338235245205;0,0005408658612304773;0,0006379417856768876;0,05772786889162002;0,05772786889162002;0,05772786889162002;0,987370656528345;-0,2577251219091007;0,9866054634554662;-0,27733907679586467;5,772786889162002e-06
60;4,587232441418943;2,259707160069916;-4,569223233513744;-2,2472895099500048;0,018009207905199;0,012417650119911361;0,2987724402107499;0,2987724402107499;0,2987724402107499;0,9881575600685695;-0,10062731577640435;0,9839754838020042;-0,13642214572117747;2,987724402107499e-05
61;-0,0012000000373439139;-2,6174619017897173e-11;0,0012000036499193879;3,076029308552285e-09;3,6125754740087834e-09;3,0498546895343877e-09;7,269973892248882e-05;7,269973892248883e-05;7,269973892248883e-05;0,9529887656498226;-0,41753296500295906;0,9529916346060654;-0,4173873456147722;7,269973892248884e-09
62;-2,52095626244032;-1,2252034999167167;2,523674150925252;1,2270772421551221;0,0027178884849319296;0,001873742238405418;0,17075937746518388;0,17075937746518388;0,17075937746518388;0,9476872942990471;-0,5306000797024707;0,9487907319215514;-0,5204480642007688;1,7075937746518388e-05
63;3,6786378717187;1,8088253724031933;-3,6691541756581465;-1,8022875703916004;0,009483696060553548;0,00653780201159293;0,24256032499862173;0,24256032499862168;0,24256032499862173;0,9757282098609428;-0,20765330688544334;0,9730159374940235;-0,23123099552456328;2,4256032499862176e-05
64;0,9800130680414663;0,4764021880713351;-0,9787742415331242;-0,4753562542785085;0,0012388265083420613;0,001045933792826581;0,06319523718123417;0,06319523718123414;0,06319523718123417;0,9955217231089775;-0,03925326582662243;0,9940861280510841;-0,06026667601064621;6,319523718123416e-06
65;-2,459465295499705;-1,1951075480906093;2,463956263445542;1,1982034991926718;0,004490967945836921;0,003095951102062511;0,16691713816165854;0,1669171381616585;0,16691713816165854;0,9458220609397486;-0,5477857196802502;0,9476872942990471;-0,5306000797024707;1,6691713816165854e-05
66;0,5798138432018636;0,2814921517526277;-0,5794556065413333;-0,2812451742714294;0,0003582366605302534;0,000246977481198285;0,037688066958446516;0,03768806695844652;0,03768806695844652;0,987370656528345;-0,2577251219091007;0,9867117375366792;-0,26357141621005903;3,768806695844652e-06
67;0,8013615649254457;0,38891089187245936;-0,8009855416797926;-0,3885934362183413;0,00037602324565311207;0,00031745565411805954;0,05178480741573041;0,05178480741573042;0,05178480741573042;0,9930974666602299;-0,07914340924797833;0,9925657852462346;-0,08695790582524582;5,178480741573042e-06
68;0,8008855416797914;0,38859343621799963;-0,800568391487109;-0,38832567233480425;0,00031715019268241385;0,00026776388319538214;0,05177957409573685;0,05177957409573685;0,05177957409573685;0,9925657852462346;-0,08695790582524582;0,9921173057579379;-0,09355547988337803;5,1779574095736855e-06
69;4,357223191289659;2,1442894803592;-4,345470572466747;-2,136188089643137;0,011752618822912453;0,008101390716062973;0,2849430306714503;0,28494303067145027;0,2849430306714503;0,9839754838020042;-0,13642214572117747;0,9811141707989915;-0,16102811810216325;2,849430306714503e-05
70;0,782468376421327;0,3793256619701434;-0,7824504003521908;-0,3793105282709132;1,79760691362274e-05;1,5133699230174269e-05;0,05060329642572724;0,05060329642572724;0,05060329642572724;0,9921173057579379;-0,09355547988337803;0,9920913184541357;-0,093936089605315;5,060329642572724e-06
71;-0,5200515548643941;-0,25203554184633314;0,520588700049781;0,2524059086538242;0,0005371451853868336;0,00037036680749102935;0,03383180692498114;0,03383180692498113;0,03383180692498114;0,9862147769182749;-0,27654000148015984;0,9873153246613943;-0,2667327222479662;3,383180692498114e-06
72;0,8637742415329002;0,4193562542784743;-0,8632155803639447;-0,4188846390130984;0,0005586611689554211;0,00047161526537586873;0,05576641414648645;0,05576641414648646;0,05576641414648646;0,9940861280510841;-0,06026667601064621;0,993352594855767;-0,07103140601794217;5,576641414648647e-06
73;-1,8358802920005797;-0,8889155707865922;1,8395462686450696;0,891442974174117;0,0036659766444899766;0,0025274033875247737;0,12617308923656087;0,12617308923656087;0,12617308923656087;0,9333661475810553;-0,6639526798947215;0,9353800236375829;-0,6449722865826838;1,2617308923656087e-05
74;0,00010000002648262273;1,821935374742282e-11;-0,00010000000002773106;2,0407400712034107e-14;2,6454891662724966e-11;1,8239761148134856e-11;5,78871845713767e-06;5,788718457137671e-06;5,788718457137671e-06;0,9973717436114687;-0,060550994818706634;0,9973714797579079;-0,06056144542927328;5,788718457137672e-10
75;0,0;0,0;0,0;0,0;0,0;0,0;;;;;;;;
76;1,6883482027175871;0,8168000986612373;-1,686446963328121;-0,81548925782363;0,0019012393894661805;0,0013108408376072411;0,11128844285591749;0,11128844285591748;0,11128844285591749;0,973010660345255;-0,5648485693419422;0,9718266258824542;-0,5756153451877788;1,1128844285591749e-05
77;0,5184128423674951;0,2514369158689187;-0,5182481163973889;-0,25124258697085144;0,00016472597010619427;0,00019432889806725306;0,03371683838260217;0,033716838382602164;0,03371683838260217;0,9866054634554662;-0,27733907679586467;0,9862064725484078;-0,28758213709128916;3,3716838382602173e-06
78;4,219470572708995;2,075188089352428;-4,211578166485629;-2,069746555492372;0,007892406223366066;0,005441533860055969;0,2767053207477797;0,2767053207477797;0,2767053207477797;0,9811141707989915;-0,16102811810216325;0,9791354210620928;-0,17811932737455033;2,767053207477797e-05
79;-0,7449921088683332;-0,3616959436596755;0,7452155803645164;0,3618846390126619;0,00022347149618318074;0,00018869535298637885;0,048149865487446285;0,048149865487446285;0,048149865487446285;0,9930127222568984;-0,07602111260323276;0,993352594855767;-0,07103140601794217;4,814986548744628e-06
80;-0,9311475263075515;-0,4507911381291966;0,9315680074001698;0,4510810831288684;0,0004204810926182745;0,00028994499967183174;0,06072446173269355;0,06072446173269355;0,06072446173269355;0,983598789279002;-0,29986975539477817;0,984078745403371;-0,29556590345074796;6,072446173269356e-06
81;0,436248116396902;0,21124258697064763;-0,43615695405130156;-0,21114975790489704;9,116234560041514e-05;9,282906575058814e-05;0,028375672969427904;0,028375672969427907;0,028375672969427907;0,9862064725484078;-0,28758213709128916;0,9859572178571698;-0,29276321295424346;2,837567296942791e-06
82;0,580450400356873;0,2813105282714345;-0,5803345333183076;-0,28123063454546277;0,00011586703856536484;7,989372597172473e-05;0,03753745360013436;0,037537453600134364;0,037537453600134364;0,9920913184541357;-0,093936089605315;0,9918773577020358;-0,09583411824565018;3,753745360013437e-06
83;0,9998627814158377;0,483528561579662;-0,9993867255067121;-0,4831266644512448;0,0004760559091255834;0,0004018971284172057;0,06728594273427418;0,06728594273427418;0,06728594273427418;0,9529916346060654;-0,4173873456147722;0,9524737715000775;-0,4253648661379315;6,728594273427419e-06
84;0,39915695405157453;0,19314975790493233;-0,39908061576865905;-0,19307202393003986;7,633828291547795e-05;7,77339748924688e-05;0,025966272968606055;0,025966272968606055;0,025966272968606055;0,9859572178571698;-0,29276321295424346;0,9857291491860436;-0,2975090175244018;2,5966272968606056e-06
85;-1,6608868573618347;-0,8032313131242971;1,6647622087801932;0,8059031026724289;0,003875351418358486;0,002671789548131853;0,11440851365148585;0,11440851365148585;0,11440851365148585;0,9310184892527197;-0,6861962178499857;0,9333661475810553;-0,6639526798947215;1,1440851365148585e-05
86;-0,6645712980887711;-0,3223406785222644;0,6649921088683793;0,32269594365970317;0,000420810779608205;0,0003552651374387761;0,04297529946737628;0,04297529946737628;0,04297529946737628;0,9922957551427544;-0,08656346085814959;0,9930127222568984;-0,07602111260323276;4,2975299467376276e-06
87;0,6313649440904856;0,30525158708639744;-0,6311867856331974;-0,30512877146903267;0,00017815845728819113;0,00012281561736476876;0,042485882664937615;0,042485882664937635;0,042485882664937635;0,9529916346060654;-0,4173873456147722;0,9527010243747726;-0,42008616290482487;4,248588266493763e-06
88;0,00010000000619739342;5,278578375942215e-12;-0,00010000000033529469;-3,3012205155087134e-13;5,862098729613602e-12;4,948456324391343e-12;5,933616117915235e-06;5,933616117915235e-06;5,933616117915235e-06;0,9730159374940235;-0,23123099552456328;0,9730158804548708;-0,2312338307810014;5,933616117915235e-10
89;1,5781246290379816;0,7664261506145065;-1,557878271130839;-0,7524670797554789;0,020246357907142576;0,01395907085902759;0,10514996260875095;0,10514996260875097;0,10514996260875097;0,9632888704645662;-0,32370310244597084;0,9499428875400195;-0,4466256368358165;1,0514996260875097e-05
90;0,8750746604158288;0,42376409583521085;-0,8747402215388088;-0,4234817016013624;0,00033443887702000463;0,00028239423384845974;0,05890367457213062;0,05890367457213062;0,05890367457213062;0,9529916346060654;-0,4173873456147722;0,9525759719427758;-0,42377790742827565;5,890367457213062e-06
91;1,0690819629788635;0,517228599968423;-1,0677389860807274;-0,5163026375706307;0,0013429768981361168;0,0009259623977923015;0,0693051786678802;0,06930517866788022;0,06930517866788022;0,9893599575271265;-0,09474434985447552;0,9880169336910736;-0,10675648154193772;6,930517866788022e-06
92;1,166751073272513;0,5658967535971388;-1,1659196857524898;-0,5653235685086684;0,0008313875200232079;0,0005731850884703737;0,07607886980417451;0,07607886980417451;0,07607886980417451;0,984078745403371;-0,29556590345074796;0,9833212489145773;-0,3023273164240097;7,607886980417451e-06
93;0,32108061576861974;0,15507202393047909;-0,32104239504651555;-0,15503975679569343;3,822072210418748e-05;3,226713478565735e-05;0,02088444979201904;0,020884449792019043;0,020884449792019043;0,9857291491860436;-0,2975090175244018;0,9855952099409043;-0,2995071981297593;2,0884449792019043e-06
94;4,009578166828215;1,9717465551066018;-3,996637871232351;-1,962825372883769;0,012940295595863738;0,00892118222283278;0,263466769706826;0,26346676970682603;0,26346676970682603;0,9791354210620928;-0,17811932737455033;0,9757282098609428;-0,20765330688544334;2,63466769706826e-05
95;-0,20200000000013726;-0,09799999999994476;0,20205155486430929;0,0980355418465586;5,155486417202093e-05;3,5541846613848516e-05;0,013147322516702732;0,013147322516702736;0,013147322516702736;0,985942957475601;-0,2789570564301523;0,9862147769182749;-0,27654000148015984;1,3147322516702736e-06
96;0,4543345333192915;0,2202306345455665;-0,4541545788682439;-0,22010657091538416;0,00017995445104762586;0,00012406363018233058;0,029388982085931607;0,029388982085931607;0,029388982085931607;0,9918773577020358;-0,09583411824565018;0,9914529305920596;-0,09959704319591049;2,9388982085931604e-06
97;1,439446963350371;0,6964892578190335;-1,4340040449830647;-0,6927366413652273;0,005442918367306371;0,0037526164538062012;0,09500027155990332;0,09500027155990329;0,09500027155990332;0,9718266258824542;-0,5756153451877788;0,9678558906757521;-0,6118548762110723;9,500027155990332e-06
98;1,4339040450116385;0,6927366413394386;-1,4328154761431662;-0,6919862029153141;0,001088568868472306;0,0007504384241244777;0,09499490025328819;0,09499490025328822;0,09499490025328822;0,9678558906757521;-0,6118548762110723;0,9670617725998014;-0,6191351003197174;9,499490025328822e-06
99;-0,25315370934819553;-0,1231059747821843;0,25329124958546667;0,12320079827952016;0,00013754023727113873;9,482349733586082e-05;0,017039748962149243;0,017039748962149246;0,017039748962149246;0,9537917684746717;-0,4746980737420363;0,9543513733176859;-0,4695870212872547;1,7039748962149246e-06
100;-0,46354614905860025;-0,22430759255493996;0,4636584577937819;0,2243850160351497;0,0001123087351816432;7,742348020975398e-05;0,030512592163565052;0,030512592163565062;0,030512592163565062;0,974401542077773;-0,5242646676025084;0,974656643011814;-0,5219539753390154;3,0512592163565066e-06
101;-0,24805263228853633;-0,12003628692140025;0,24815370936051845;0,12010597479190799;0,00010107707198211968;6,968787050773417e-05;0,01668817744350617;0,016688177443506168;0,01668817744350617;0,9533719759450766;-0,47858455594679195;0,9537917684746717;-0,4746980737420363;1,668817744350617e-06
102;-2,6627837204580422;-1,2940838421132284;2,6774102834406746;1,3041682059004147;0,014626562982632318;0,010084363787186357;0,18015513134543626;0,18015513134543626;0,18015513134543626;0,9487907319215514;-0,5204480642007688;0,9544196676824181;-0,4689525769168344;1,8015513134543624e-05
103;1,8984425784592904;0,9242280224460587;-1,8976683525146372;-0,9236943007310212;0,0007742259446532618;0,0005337217150375162;0,12525361867003595;0,12525361867003598;0,12525361867003598;0,9732688910014519;-0,2337539135846145;0,9728403361043387;-0,23758122839243023;1,2525361867003598e-05
104;-0,7286715787005041;-0,3524630340364201;0,729147526308195;0,35279113812961016;0,0004759476076908742;0,0003281040931900625;0,04754581156378179;0,0475458115637818;0,0475458115637818;0,9829050202612304;-0,3061027440230953;0,983598789279002;-0,29986975539477817;4,75458115637818e-06
105;0,37315457886842907;0,18110657091551224;-0,3730330253868974;-0,18102276989757507;0,00012155348153164436;8,380101793717398e-05;0,024153882473607547;0,024153882473607544;0,024153882473607547;0,9914529305920596;-0,09959704319591049;0,9911040806898369;-0,10268085297409907;2,4153882473607547e-06
106;-0,3994172135719976;-0,19321870301486194;0,3995461490585546;0,1933075925585392;0,0001289354865570136;8,888954367725077e-05;0,026299045104315574;0,026299045104315574;0,026299045104315574;0,9740617544616869;-0,5273460447290552;0,974401542077773;-0,5242646676025084;2,6299045104315574e-06
107;0,26750919782956184;0,12921316961046628;-0,2674914866434971;-0,12920096168134074;1,7711186064750528e-05;1,2207929125540584e-05;0,01797111816161916;0,01797111816161916;0,01797111816161916;0,9544196676824181;-0,4689525769168344;0,9543513733176859;-0,4695870212872547;1,797111816161916e-06
108;0,19904239504551421;0,09603975679512161;-0,1990103719609572;-0,09600715046707128;3,202308455702019e-05;3,260632805032748e-05;0,01294599184928955;0,012945991849289552;0,012945991849289552;0,9855952099409043;-0,2995071981297593;0,9854033974123437;-0,3035135755443079;1,294599184928955e-06
109;0,27408583899531785;0,132059182157757;-0,27403920898719053;-0,13202703068418165;4,6630008127324096e-05;3,215147357535364e-05;0,018593406617061575;0,01859340661706158;0,01859340661706158;0,944709654231519;-0,4960339354710897;0,9445358791759487;-0,4976772611906745;1,859340661706158e-06
110;0,5777955716669193;0,2811941283139924;-0,5768357682174825;-0,2805323760041209;0,0009598034494368024;0,0006617523098714773;0,03757430795225727;0,03757430795225727;0,03757430795225727;0,987370656528345;-0,2577251219091007;0,9855996458012537;-0,2733588182427219;3,757430795225727e-06
111;0,0;0,0;0,0;0,0;0,0;0,0;;;;;;;;
112;1,8296683525821653;0,8906943006684956;-1,8253502036865181;-0,8877172325677777;0,004318148895647189;0,002977068100717961;0,1207679251037808;0,12076792510378083;0,12076792510378083;0,9728403361043387;-0,23758122839243023;0,9703613504933135;-0,2597880509623328;1,2076792510378084e-05
113;1,825250203882035;0,8877172323421068;-1,818373890930292;-0,882976395850086;0,006876312951743069;0,004740836492020728;0,12076257448868391;0,12076257448868391;0,12076257448868391;0,9703613504933135;-0,2597880509623328;0,9664138569608166;-0,29538464037134987;1,207625744886839e-05
114;0,3883803586081594;0,18819328888123937;-0,3881917889975058;-0,188063283041652;0,00018856961065361055;0,00013000583958736045;0,025237053613876244;0,025237053613876247;0,025237053613876247;0,9873153246613943;-0,2667327222479662;0,9867974190720334;-0,2713507064453319;2,5237053613876247e-06
115;0,5173226579200841;0,24986335839001383;-0,5172107062419347;-0,24976882838602404;0,00011195167814948004;9,453000398979006e-05;0,03407997863807112;0,03407997863807112;0,03407997863807112;0,9732688910014519;-0,2337539135846145;0,9730284622810467;-0,2373881344972907;3,407997863807112e-06
116;0,5171107062445482;0,2497688283840567;-0,5169529850298199;-0,24963569886049414;0,00015772121472834577;0,00013312952356256402;0,034074635604519364;0,034074635604519364;0,034074635604519364;0,9730284622810467;-0,2373881344972907;0,9726897202907494;-0,24250622002934466;3,4074635604519365e-06
117;0,5168529850330453;0,24963569885741876;-0,51661905421611;-0,2494381913263592;0,000233930816935346;0,00019750753105957086;0,03406929067517718;0,03406929067517717;0,03406929067517718;0,9726897202907494;-0,24250622002934466;0,9721871891425109;-0,25010741834290867;3,406929067517718e-06
118;-0,1260005741343007;-0,061000395183025455;0,12605263220884957;0,06103628748066243;5,20580745488608e-05;3,589229763697327e-05;0,008481404273368789;0,008481404273368789;0,008481404273368789;0,952946548950754;-0,48252065557831997;0,9533719759450766;-0,47858455594679195;8,48140427336879e-07
119;-0,33535304143768124;-0,1621744584831302;0,3354172135713006;0,16221870301848476;6,41721336193668e-05;4,424453535456507e-05;0,022084028479242766;0,022084028479242773;0,022084028479242773;0,97386036225893;-0,5291750302619922;0,9740617544616869;-0,5273460447290552;2,208402847924277e-06
120;0,9234949683957316;0,4468238962542386;-0,9230219578606659;-0,446497751945264;0,0004730105350657654;0,00032614430897459634;0,06124844744112482;0,061248447441124815;0,06124844744112482;0,9670617725998014;-0,6191351003197174;0,9665265109380685;-0,6240285375253589;6,124844744112482e-06
121;-0,3282965881646083;-0,1591355406834598;0,3283530414383279;0,15917445848369624;5,645327371955888e-05;3,89178002364321e-05;0,02163300755395765;0,021633007553957646;0,02163300755395765;0,9736794805433981;-0,530807411301165;0,97386036225893;-0,5291750302619922;2,163300755395765e-06
122;0,551571298088589;0,2673406785224603;-0,5512017204980068;-0,26708587373721276;0,0003695775905822041;0,00025480478524753103;0,035663170936466294;0,035663170936466294;0,035663170936466294;0,9922957551427544;-0,08656346085814959;0,9915774451231366;-0,09293354128257549;3,5663170936466293e-06
123;-0,32808631932004517;-0,15905951159180953;0,32819658816521324;0,15913554068357852;0,00011026884516807112;7,602909176898653e-05;0,021627671949992853;0,02162767194999286;0,02162767194999286;0,9733260633740559;-0,5339976308476794;0,9736794805433981;-0,530807411301165;2,162767194999286e-06
124;1,7883738910907783;0,8689763956818546;-1,7874456020590006;-0,8683363715067304;0,0009282890317776626;0,0006400241751242097;0,11878501759050518;0,11878501759050517;0,11878501759050518;0,9664138569608166;-0,29538464037134987;0,965872084709272;-0,30028509656461916;1,1878501759050518e-05
125;-0,2710060375057922;-0,13100416177604612;0,27109145705037285;0,13106305414790928;8,541954458063383e-05;5,889237186315621e-05;0,017617270820503614;0,017617270820503614;0,017617270820503614;0,9864613872482028;-0,2743659527357453;0,9867974190720334;-0,2713507064453319;1,7617270820503612e-06
126;0,17603855506487937;0,08502658021336712;-0,17600160179261676;-0,08500110361817284;3,6953272262607584e-05;2,547659519427925e-05;0,011949812655447197;0,011949812655447195;0,011949812655447197;0,9445358791759487;-0,4976772611906745;0,9443215775083204;-0,4996908424850774;1,1949812655447198e-06
127;0,5476822369173256;0,26540142514796733;-0,5473221832150643;-0,2651531801877215;0,0003600537022613315;0,00024824496024583587;0,0369890946502879;0,03698909465028789;0,0369890946502879;0,9499428875400195;-0,4466256368358165;0,9492681772213915;-0,45287959913906356;3,6989094650287896e-06
128;0,2424191057304094;0,11715106707259071;-0,24235197530518227;-0,11710478289432188;6,713042522712986e-05;4,628417826882392e-05;0,01597164910441992;0,01597164910441993;0,01597164910441993;0,9732688910014519;-0,2337539135846145;0,97297760254841;-0,23640704108304017;1,597164910441993e-06
129;0,24225197530627796;0,11710478289277912;-0,2421625279439326;-0,11704311193433582;8,944736234536843e-05;6,167095844329673e-05;0,015966306501528145;0,01596630650152814;0,015966306501528145;0,97297760254841;-0,23640704108304017;0,9725893413951551;-0,23994213359048974;1,5966306501528146e-06
130;0,3511884480012686;0,16912992439610341;-0,35108583903350465;-0,16905918188442004;0,00010260896776392858;7,074251168337486e-05;0,023814275182086345;0,02381427518208635;0,02381427518208635;0,9450081964994475;-0,4932086815948534;0,944709654231519;-0,4960339354710897;2,3814275182086347e-06
131;0,5027356689053492;0,24453229216160052;-0,502622899462798;-0,24443708965646238;0,00011276944255111943;9,520250513814221e-05;0,03274847479706104;0,032748474797061056;0,032748474797061056;0,9855996458012537;-0,2733588182427219;0,9853474501845852;-0,2770786568489425;3,2748474797061057e-06
132;0,5025228994620073;0,2444370896558317;-0,5022504422381234;-0,24420708828551013;0,00027245722388391513;0,00023000137032155865;0,032743205618892116;0,032743205618892116;0,032743205618892116;0,9853474501845852;-0,2770786568489425;0,9847380487397974;-0,2860713150732812;3,2743205618892115e-06
133;-0,602230745463364;-0,2911590942947313;0,6026715786999939;0,2914630340365391;0,0004408332366299117;0,0003039397418078127;0,03932295745161769;0,03932295745161769;0,03932295745161769;0,9821280599583714;-0,313100057619332;0,9829050202612304;-0,3061027440230953;3,9322957451617695e-06
134;0,9389150168209902;0,4553203490050973;-0,9377008238505387;-0,454483184235821;0,0012141929704515553;0,0008371647692763107;0,06126798057550223;0,061267980575502215;0,06126798057550223;0,9833212489145773;-0,3023273164240097;0,9819475359818878;-0,3146141924865319;6,126798057550223e-06
135;-0,00020000000736262034;-4,95135824566317e-12;0,00020000003795102623;2,603952057047377e-11;3,058840588590281e-11;2,10881623248106e-11;1,211662507587115e-05;1,211662507587115e-05;1,211662507587115e-05;0,9529886198978067;-0,41753900631509017;0,9529887656498226;-0,41753296500295906;1,2116625075871151e-09
136;0,43961905421473685;0,2124381913474103;-0,43935380888482056;-0,21221426133229074;0,000265245329916286;0,00022393001511955557;0,02899599104845291;0,028995991048452924;0,028995991048452924;0,9721871891425109;-0,25010741834290867;0,9715176768450956;-0,26023165345562715;2,8995991048452926e-06
137;0,6134226080957887;0,2971876848368993;-0,6132935400444646;-0,2970987124401081;0,0001290680513241771;8,897239679117597e-05;0,039353433401324966;0,03935343340132497;0,03935343340132497;1,0;0,0;0,9997726803673762;-0,0020007473367535215;3,9353433401324975e-06
138;0,613193540044534;0,2970987124405757;-0,6127096859037239;-0,2967651192333856;0,0004838541408100916;0,0003335932071900638;0,03934823637107398;0,03934823637107398;0,03934823637107398;0,9997726803673762;-0,0020007473367535215;0,9989203551908377;-0,00951102974113792;3,934823637107398e-06
139;-0,04400000003314455;-0,02099999979239832;0,044000574074254735;0,021000395574504383;5,74041110187884e-07;3,957821060641964e-07;0,002953871201000235;0,0029538712010002345;0,002953871201000235;0,9529330911304691;-0,48264984162361013;0,952946548950754;-0,48252065557831997;2,953871201000235e-07
140;-0,6814469929159471;-0,33023922937871214;0,6817164508261951;0,330425011576749;0,0002694579102480166;0,00018578219803683238;0,045253328440843336;0,045253328440843336;0,045253328440843336;0,9661137759049014;-0,6277853632317524;0,9665265109380685;-0,6240285375253589;4,525332844084333e-06
141;0,06320324710872909;0,031002238738309575;-0,06320278337773821;-0,03100191909878632;4,6373099087115843e-07;3,196395232558935e-07;0,004112437730538049;0,00411243773053805;0,00411243773053805;0,9883174246836509;-0,11795645699347866;0,9883096033936906;-0,11802380902305509;4,11243773053805e-07
142;0,06310278337792097;0,031001919097436437;-0,06310019381154108;-0,031000133678208718;2,5895663798847224e-06;1,7854192277191872e-06;0,004107193728366926;0,004107193728366927;0,004107193728366927;0,9883096033936906;-0,11802380902305509;0,9882658649232738;-0,11839918508432627;4,107193728366927e-07
143;1,704445602160969;0,8283363714469373;-1,7007873782995813;-0,8258141487025606;0,0036582238613878104;0,0025222227443766343;0,11327762817007483;0,11327762817007483;0,11327762817007483;0,965872084709272;-0,30028509656461916;0,9636332765624595;-0,3205739865465693;1,1327762817007484e-05
144;1,7006873784131213;0,8258141485779451;-1,7001246282960032;-0,8254261512331744;0,0005627501171181493;0,00038799734477068526;0,11327223854718732;0,11327223854718732;0,11327223854718732;0,9636332765624595;-0,3205739865465693;0,9632888704645662;-0,32370310244597084;1,1327223854718731e-05
145;-0,4995064819872662;-0,240349197739763;0,5015404795598848;0,24175157089516627;0,0020339975726185733;0,0014023731554032859;0,03383867816111769;0,03383867816111769;0,03383867816111769;0,9457780195405147;-0,48591314402859437;0,9499428875400195;-0,4466256368358165;3,383867816111769e-06
146;0,4225064821106357;0,2033491978519066;-0,4221884480121049;-0,20312992416823766;0,0003180340985307617;0,00021927368366894684;0,028623705783564952;0,028623705783564952;0,028623705783564952;0,9457780195405147;-0,48591314402859437;0,9450081964994475;-0,4932086815948534;2,862370578356495e-06
147;-1,8895462633335598;-0,9154429789151094;1,9090671760988949;0,9289019940091298;0,019520912765335074;0,013459015094020366;0,12959636182635637;0,12959636182635637;0,12959636182635637;0,9353800236375829;-0,6449722865826838;0,9458220609397486;-0,5477857196802502;1,2959636182635637e-05
148;0,5003981237966633;0,24220555003649585;-0,5003248814371705;-0,24215504044707198;7,324235949279778e-05;5,0509589423874957e-05;0,03393537131059614;0,033935371310596145;0,033935371310596145;0,9458220609397486;-0,5477857196802502;0,9456724613548155;-0,5491828619844755;3,3935371310596145e-06
149;0,16516252793984385;0,08004311196064708;-0,16511892577162177;-0,08001304911320092;4,360216822207885e-05;3,0062847446152285e-05;0,010895113408963588;0,010895113408963587;0,010895113408963588;0,9725893413951551;-0,23994213359048974;0,972311941185728;-0,24245202207200997;1,0895113408963588e-06
150;0,19417433434607817;0,0940512498179895;-0,19413239407054814;-0,0940223334036706;4,1940275530033544e-05;2,891641431890246e-05;0,012624253326034035;0,012624253326034035;0,012624253326034035;0,9867117375366792;-0,26357141621005903;0,9864814663374841;-0,2656277929219495;1,2624253326034036e-06
151;0,16501892577251623;0,08001304911283212;-0,16500137251092808;-0,08000094611406379;1,755326158814352e-05;1,2102998768331874e-05;0,01088977013328796;0,010889770133287959;0,01088977013328796;0,972311941185728;-0,24245202207200997;0,9722002068483678;-0,24346188486436082;1,0889770133287962e-06
152;-0,37813954285969303;-0,18209620708653748;0,37828041919054245;0,18219333647189553;0,00014087633084941542;9,712938535805238e-05;0,02450188418644396;0,02450188418644395;0,02450188418644396;0,988961572819147;-0,0983453961816803;0,9893599575271265;-0,09474434985447552;2,450188418644396e-06
153;0,0;0,0;0,0;0,0;0,0;0,0;;;;;;;;
154;0,3332812721950865;0,16219392445338354;-0,33309560158693396;-0,16206591079194874;0,00018567060815255498;0,00012801366143480597;0,021687825565487276;0,02168782556548728;0,02168782556548728;0,9867117375366792;-0,26357141621005903;0,9861181804325461;-0,2688085148407503;2,168782556548728e-06
155;0,0;0,0;0,0;0,0;0,0;0,0;;;;;;;;
156;-0,21202410668938218;-0,10301662009954492;0,21208631931858196;0,10305951159899705;6,221262919978154e-05;4,289149945213566e-05;0,013987036810614679;0,013987036810614676;0,013987036810614679;0,9730177121484597;-0,5367654061757003;0,9733260633740559;-0,5339976308476794;1,3987036810614679e-06
157;0,018000053036597744;0,009000036574891365;-0,01799999999938028;-0,009000000000359852;5,30372174650795e-08;3,657453151277579e-08;0,0011756944444401233;0,0011756944444401226;0,0011756944444401233;0,9882658649232738;-0,11839918508432627;0,9882627321530127;-0,11842479220023452;1,1756944444401234e-07
158;0,5595051649452054;0,2707620022390505;-0,5592320385067738;-0,2705736712216801;0,00027312643843158124;0,00018833101737042446;0,03592555745219696;0,03592555745219695;0,03592555745219696;0,9989203551908377;-0,00951102974113792;0,9983934160037831;-0,014172970919612962;3,5925557452196958e-06
159;0,6866997473202877;0,33248244183203346;-0,6861701808419721;-0,3321173234940428;0,0005295664783155907;0,0003651183379906331;0,044859073986287704;0,04485907398628772;0,04485907398628772;0,9819475359818878;-0,3146141924865319;0,9811293146073291;-0,32196856798415985;4,485907398628772e-06
160;0,1710330253864606;0,08302276989748306;-0,17100074719169012;-0,08300051516401612;3,227819477047422e-05;2,225473346693929e-05;0,011075024102837928;0,011075024102837927;0,011075024102837928;0,9911040806898369;-0,10268085297409907;0,9909020415015481;-0,10446685264219914;1,107502410283793e-06
161;0,16713239407031105;0,08102233340357072;-0,1671000000094454;-0,08100000000638821;3,2394060865664764e-05;2,2333397182508485e-05;0,010870424217058838;0,010870424217058838;0,010870424217058838;0,9864814663374841;-0,2656277929219495;0,986274904778376;-0,26746838692028757;1,0870424217058838e-06
162;-0,00010000000001899151;1,1723642997812678e-15;0,00010000002329364123;1,6045579611539357e-11;2,3274649717827493e-11;1,6046751975839138e-11;5,841750729633617e-06;5,841750729633618e-06;5,841750729633618e-06;0,9883171946562732;-0,1179656511029683;0,9883174246836509;-0,11795645699347866;5,841750729633618e-10
163;0,36835380888352615;0,1782142613525778;-0,3681180174393124;-0,17801521086698008;0,00023579144421376208;0,00019905048559773486;0,024317815822203888;0,024317815822203888;0,024317815822203888;0,9715176768450956;-0,26023165345562715;0,9708079430300803;-0,27094948926269696;2,4317815822203887e-06
164;-0,14499999999961932;-0,06999999999950712;0,14500603750568267;0,07000416177553134;6,037506063344411e-06;4,161776024219632e-06;0,009424063631761355;0,009424063631761355;0,009424063631761355;0,9864169932201495;-0,27476558435782333;0,9864613872482028;-0,2743659527357453;9,424063631761354e-07
165;0,0;0,0;0,0;0,0;0,0;0,0;;;;;;;;
166;0,0;0,0;0,0;0,0;0,0;0,0;;;;;;;;
167;0,4956555558000082;0,23931408258223064;-0,49560647438022504;-0,23928024258828987;4,908141978315905e-05;3,383999394077075e-05;0,03345216612831149;0,03345216612831149;0,03345216612831149;0,9499428875400195;-0,4466256368358165;0,9498412102931103;-0,4475765096524436;3,345216612831149e-06
168;-0,20210599242253355;-0,09800505867190236;0,20212024096847442;0,09801708906582648;1,4248545940870327e-05;1,2030393924125637e-05;0,013082572567951659;0,013082572567951653;0,013082572567951659;0,9912533200853935;-0,09770385287316191;0,9913330647916957;-0,09652856316507888;1,3082572567951657e-06
169;-0,20200000000185003;-0,0980000000006919;0,20200599242397993;0,09800505867211319;5,992422129896813e-06;5,058671421295791e-06;0,013077332040464325;0,013077332040464325;0,013077332040464325;0,9912197690631555;-0,09819781363334511;0,9912533200853935;-0,09770385287316191;1,3077332040464326e-06
170;0,5452115523310802;0,26414583303149347;-0,5450026547377392;-0,2640018305508426;0,00020889759334097313;0,0001440024806508844;0,03540176969054208;0,03540176969054208;0,03540176969054208;0,9880169336910736;-0,10675648154193772;0,9876079473615591;-0,11040034121753343;3,5401769690542078e-06
171;0,4483248813962958;0,21715504084173437;-0,4482386676151359;-0,21709560411201292;8,621378115986067e-05;5,943672972144598e-05;0,030412848070401077;0,030412848070401077;0,030412848070401077;0,9456724613548155;-0,5491828619844755;0,9454759782152311;-0,5510130959078661;3,041284807040108e-06
172;-0,3771202409687732;-0,18301708906532907;0,37720172049805234;0,18308587373707286;8,147952927911595e-05;6,878467174378788e-05;0,024413166553833604;0,024413166553833607;0,024413166553833607;0,9913330647916957;-0,09652856316507888;0,9915774451231366;-0,09293354128257549;2,4413166553833605e-06
173;0,3482504422383306;0,169207088285458;-0,34811045904066723;-0,16908890258185377;0,00013998319766339584;0,00011818570360422331;0,022700378590652118;0,022700378590652118;0,022700378590652118;0,9847380487397974;-0,2860713150732812;0,9842864636652977;-0,2927522526466682;2,270037859065212e-06
174;0,09203390690944044;0,044023374764223376;-0,09200782942179939;-0,044005395627369825;2,607748764105189e-05;1,7979136853550626e-05;0,006348885803086035;0,006348885803086032;0,006348885803086035;0,9277515885959499;-0,7173953118091337;0,9274671115258438;-0,7201852998237265;6,348885803086035e-07
175;0,5013863256160748;0,24229107122416899;-0,5012265973707793;-0,24215622149033597;0,00015972824529542073;0,00013484973383301457;0,033750940471468746;0,03375094047146875;0,03375094047146875;0,9525759719427758;-0,42377790742827565;0,952229593186861;-0,4291217383988253;3,3750940471468753e-06
176;0,05200109165304575;0,02500075243841491;-0,05200000003412191;-0,02499999980375333;1,0916189238374674e-06;7,526346615799318e-07;0,003527655903981839;0,0035276559039818384;0,003527655903981839;0,9443215775083204;-0,4996908424850774;0,944300138556032;-0,49989472975943683;3,527655903981839e-07
177;0,4911279113568028;0,23757082578118424;-0,49091073577987526;-0,23742107526306355;0,00021717557692751965;0,0001497505181206893;0,03154917962904004;0,03154917962904004;0,03154917962904004;0,9983934160037831;-0,014172970919612962;0,997916313111108;-0,01840067950507287;3,1549179629040038e-06
178;-0,1350101534053734;-0,06600699978356482;0,1350241066883856;0,06601662010454723;1,3953283012207995e-05;9,62032098240917e-06;0,008918131917886152;0,008918131917886155;0,008918131917886155;0,9729092044974089;-0,5377238201505508;0,9730177121484597;-0,5367654061757003;8,918131917886156e-07
179;0,2470956015869789;0,12006591079228904;-0,24702467984041976;-0,12001701530057064;7,09217465591494e-05;4,8895491718395356e-05;0,01608434970361898;0,01608434970361898;0,01608434970361898;0,9861181804325461;-0,2688085148407503;0,9858125006424846;-0,27151697631944954;1,608434970361898e-06
180;0,47581057286269207;0,23042096294558106;-0,4756115583392233;-0,2302837492937353;0,0001990145234687657;0,00013721365184576895;0,03058637546782176;0,030586375467821756;0,03058637546782176;0,997916313111108;-0,01840067950507287;0,9974653257162466;-0,022385780791589503;3,058637546782176e-06
181;-0,11900000000184105;-0,05799999999172268;0,11901015340546908;0,05800699978484943;1,0153403628032631e-05;6,999793126752363e-06;0,00785662591592068;0,007856625915920679;0,00785662591592068;0,9728195971416038;-0,5385217288315564;0,9729092044974089;-0,5377238201505508;7,856625915920681e-07
182;0,0;0,0;0,0;0,0;0,0;0,0;;;;;;;;
183;0,051001372503171306;0,025000946155868283;-0,05100000000355137;-0,024999999981049452;1,3724996199351858e-06;9,461748188312191e-07;0,0033730940654168786;0,0033730940654168786;0,0033730940654168786;0,9722002068483678;-0,24346188486436082;0,9721719843638035;-0,24370950387723253;3,3730940654168785e-07
184;-0,48400543608225693;-0,2340037478616569;0,4841701808422462;0,23411732349411338;0,00016474475998928817;0,00011357563245648072;0,031647255601315656;0,031647255601315656;0,031647255601315656;0,9807685412604318;-0,32522257458491094;0,9811293146073291;-0,32196856798415985;3,1647255601315653e-06
185;0,1390095717663252;0,06700659751591671;-0,13900086856390106;-0,06700059786147972;8,703202424131806e-06;5,999654436997237e-06;0,00939033240604636;0,009390332406046357;0,00939033240604636;0,9487907319215514;-0,5204480642007688;0,9487265120747144;-0,5210516239735409;9,39033240604636e-07
186;-0,028000000000498987;-0,013999999996103036;0,028000701186133084;0,014000483509061025;7,011856340971567e-07;4,835129579893599e-07;0,0018443608851437326;0,0018443608851437328;0,0018443608851437328;0,9799558441700659;-0,17357509185927963;0,9799822453666884;-0,1733575044900612;1,8443608851437328e-07
187;-1,1738926215813208;-0,5665464449968577;1,1777165002991985;0,5691828131651406;0,0038238787178777045;0,002636368168282943;0,08111556491467005;0,08111556491467005;0,08111556491467005;0,9277515885959499;-0,7173953118091337;0,9310184892527197;-0,6861962178499857;8,111556491467005e-06
188;0,6763046370616551;0,3270659693025197;-0,6758139980237343;-0,3266517846043485;0,0004906390379207926;0,00041418469817117165;0,045537009078447446;0,04553700907844746;0,04553700907844746;0,9524737715000775;-0,4253648661379315;0,9516851496937097;-0,4375215715245523;4,553700907844746e-06
189;0,49523074546311957;0,23915909429480042;-0,4951321941215471;-0,23909114623333444;9,855134157249479e-05;6,794806146598331e-05;0,03232946013634941;0,03232946013634941;0,03232946013634941;0,9821280599583714;-0,313100057619332;0,9819168082167451;-0,3150101069116148;3,232946013634941e-06
190;0,3532386675224539;0,17109560485710923;-0,3531158469770601;-0,1710109212370636;0,00012282054539380916;8,468362004562802e-05;0,02396743200847101;0,023967432008471016;0,023967432008471016;0,9454759782152311;-0,5510130959078661;0,9451207834835936;-0,554324291813618;2,3967432008471014e-06
191;0,24608208845646218;0,11906069524820106;-0,24605562111196203;-0,11903834669369467;2,6467344500152867e-05;2,2348554506390617e-05;0,01657063666812391;0,01657063666812391;0,01657063666812391;0,9524737715000775;-0,4253648661379315;0,9523568476571262;-0,4271655383232666;1,6570636668123909e-06
192;0,0;0,0;0,0;0,0;0,0;0,0;;;;;;;;
193;0,00010000000369909788;3,4712730717669074e-12;-9,999999963670835e-05;-4,119119189618589e-14;4,062389530670729e-12;3,4300818798707215e-12;5,971863283415589e-06;5,971863283415591e-06;5,971863283415591e-06;0,9667841729560892;-0,3231145610226841;0,966784133681551;-0,32311652631476145;5,971863283415591e-10
194;0,27611045904078657;0,13408890258188594;-0,2760280793617199;-0,1340193597787924;8,237967906665755e-05;6,954280309354188e-05;0,01800454205675786;0,018004542056757854;0,01800454205675786;0,9842864636652977;-0,2927522526466682;0,9839514224698507;-0,2977133951118765;1,8004542056757861e-06
195;0,4195093574883884;0,20328223181326854;-0,4193792242832072;-0,20319250586380824;0,0001301332051812376;8,972594946030088e-05;0,026982562177041317;0,026982562177041314;0,026982562177041317;0,9974653257162466;-0,022385780791589503;0,9971310276824007;-0,025336329306150752;2,6982562177041317e-06
196;-0,4873205898252225;-0,2361520895507308;0,4874469929124556;0,23623922940594347;0,00012640308723305127;8,713985521266454e-05;0,032370631856524286;0,032370631856524286;0,032370631856524286;0,9658431172165554;-0,6302493639360005;0,9661137759049014;-0,6277853632317524;3,2370631856524285e-06
197;0,0;0,0;0,0;0,0;0,0;0,0;;;;;;;;
198;-0,3280170709469039;-0,15901177046817896;0,32811179419781095;0,15907707907026802;9,472325090703615e-05;6,53086020890592e-05;0,021551479509187847;0,021551479509187847;0,021551479509187847;0,9765444085696263;-0,2038316587565585;0,9768490705093114;-0,2010900834445928;2,1551479509187847e-06
199;-0,19400000006869306;-0,09399999962090305;0,19403557322554843;0,09402452435452777;3,557315685537299e-05;2,4524733624714523e-05;0,0130666558042313;0,0130666558042313;0,0130666558042313;0,952512322753364;-0,42182905526969305;0,9527010243747726;-0,42008616290482487;1,30666558042313e-06
200;0,4072790734206752;0,19719240183687167;-0,407138312699093;-0,1970953624045241;0,00014076072158220043;9,703943234756762e-05;0,026200576987728586;0,026200576987728583;0,026200576987728586;0,9971310276824007;-0,025336329306150752;0,9967586687303185;-0,028629666414086465;2,6200576987728585e-06
201;-0,05270025757106587;-0,02500017758195547;0,05270301640114107;0,02500207957892758;2,758830075201557e-06;1,901996972111103e-06;0,0034612611318070702;0,0034612611318070702;0,0034612611318070702;0,9729554853115936;-0,5653750390715775;0,973010660345255;-0,5648485693419422;3,4612611318070704e-07
202;0,0;0,0;0,0;0,0;0,0;0,0;;;;;;;;
203;0,0;0,0;0,0;0,0;0,0;0,0;;;;;;;;
204;0,04110114266753698;0,02000096467507058;-0,04110000001581926;-0,01999999994799436;1,1426517177171025e-06;9,647270762178084e-07;0,002729611809745859;0,0027296118097458583;0,002729611809745859;0,9668148337292206;-0,3226539175599563;0,9667841729560892;-0,3231145610226841;2,729611809745859e-07
205;0,04120268454483506;0,02000202789409911;-0,041201142665565;-0,02000096466837046;1,5418792700602757e-06;1,0632257286501134e-06;0,0027349826973713104;0,0027349826973713104;0,0027349826973713104;0,966853916476741;-0,3222997335363525;0,9668148337292206;-0,3226539175599563;2,7349826973713103e-07
206;0,00010000000931961027;6,432138949758521e-12;-9,999999992550832e-05;4,4425100214271325e-14;9,39410195141023e-12;6,476564049972792e-12;5,853847849106099e-06;5,8538478491061e-06;5,8538478491061e-06;0,986274904778376;-0,26746838692028757;0,9862748121267124;-0,2674720977178023;5,8538478491061e-10
207;0,0;0,0;0,0;0,0;0,0;0,0;;;;;;;;
208;-9,999999992222833e-05;5,234506859996775e-14;0,0001000000071663297;4,942220044264244e-12;7,244101369111022e-12;4,994565112864212e-12;6,058312749068948e-06;6,0583127490689464e-06;6,058312749068948e-06;0,9529885508623487;-0,41754186798990184;0,9529886198978067;-0,41753900631509017;6,058312749068948e-10
209;-0,27204543856443664;-0,13103132844156787;0,27213750934580544;0,13109480494338493;9,207078136880265e-05;6,347650181706688e-05;0,017634522827160333;0,017634522827160333;0,017634522827160333;0,988599811723871;-0,10161457998363015;0,988961572819147;-0,0983453961816803;1,7634522827160332e-06
210;-0,4931556530850386;-0,2381073051276434;0,4934489508817789;0,23830951210158266;0,00029329779674031053;0,0002022069739392729;0,03410148168702286;0,034101481687022865;0,034101481687022865;0,9271555643280622;-0,7231008569662847;0,9277515885959499;-0,7173953118091337;3,4101481687022864e-06
211;0,31515121237696;0,15210424733903985;-0,31507723737067955;-0,15205324870257436;7,397500628042453e-05;5,099863646548797e-05;0,021206683513019735;0,021206683513019735;0,021206683513019735;0,9527010243747726;-0,42008616290482487;0,9524592988953601;-0,4223421319462333;2,1206683513019735e-06
212;0,1900556210792179;0,0920383467477184;-0,1900142877398628;-0,09200985049044447;4,1333339355076326e-05;2,849625727392724e-05;0,012801742748646828;0,01280174274864683;0,01280174274864683;0,9523568476571262;-0,4271655383232666;0,9521330611694752;-0,42923677117628767;1,2801742748646829e-06
213;0,3792265973059273;0,18315622161225414;-0,3791193495627267;-0,18308228463080278;0,00010724774320058916;7,39369814513613e-05;0,025534322001977902;0,0255343220019779;0,025534322001977902;0,952229593186861;-0,4291217383988253;0,9519385268507558;-0,4318348215786915;2,5534322001977906e-06
214;0,5988139980406452;0,28965178470709807;-0,5982289180097318;-0,28915781809115243;0,0005850800309133986;0,0004939666159456402;0,04035442065778984;0,04035442065778983;0,04035442065778984;0,9516851496937097;-0,4375215715245523;0,9506239062646633;-0,4538974733514579;4,035442065778984e-06
215;0,11902467984087012;0,05801701530066307;-0,11901874430771048;-0,05801292357142112;5,935533159640016e-06;4,091729241949282e-06;0,0077548123174895015;0,0077548123174895;0,0077548123174895015;0,9858125006424846;-0,27151697631944954;0,9857594303613372;-0,2719831846818564;7,754812317489502e-07
216;0,0;0,0;0,0;0,0;0,0;0,0;;;;;;;;
217;-0,23900937862201732;-0,11500646760026463;0,23914377969874234;0,11509913144697385;0,00013440107672502144;9,266384670922334e-05;0,015487709256756733;0,01548770925675673;0,015487709256756733;0,9887587025783331;-0,10018991835200552;0,9893599575271265;-0,09474434985447552;1,5487709256756733e-06
218;-0,0006000004176078184;-2,881249346224361e-10;0,0006000005010058722;3,456250975828921e-10;8,339805376237491e-11;5,750016296045599e-11;3,560393625395601e-05;3,560393625395601e-05;3,560393625395601e-05;0,9729553500740007;-0,5653805299242665;0,9729554853115936;-0,5653750390715775;3,5603936253956006e-09
219;-0,0005000001464205831;-1,0153365563289244e-10;0,0005000004166921281;2,87876827506597e-10;2,7027154494464745e-10;1,8634317187370456e-10;2,96699509540923e-05;2,9669950954092296e-05;2,96699509540923e-05;0,9729548241500066;-0,5654018832547607;0,9729553500740007;-0,5653805299242665;2,96699509540923e-09
220;-0,00030000011641207977;-8,09311047540208e-11;0,00030000014421144907;1,0009783820902327e-10;2,7799369306091143e-11;1,9166733455002475e-11;1,7801973916798443e-05;1,7801973916798443e-05;1,7801973916798443e-05;0,9729547339915962;-0,5654055438280156;0,9729548241500066;-0,5654018832547607;1,7801973916798443e-09
221;-0,00020000000210099734;-2,1065234572720042e-12;0,00020000011638733787;8,090312489212755e-11;1,1428634053662831e-10;7,879660143485554e-11;1,1867984912357993e-05;1,186798491235799e-05;1,1867984912357993e-05;0,9729541780146598;-0,5654281173780452;0,9729547339915962;-0,5654055438280156;1,1867984912357993e-09
222;-9,999999998816949e-05;-4,5303926320854667e-13;0,00010000000230478457;2,050267718552089e-12;2,3166150801053748e-12;1,5972284553435423e-12;5,9339925306082265e-06;5,933992530608227e-06;5,933992530608227e-06;0,972954155475057;-0,5654290325225122;0,9729541780146598;-0,5654281173780452;5,933992530608227e-10
223;0,0;0,0;0,0;0,0;0,0;0,0;;;;;;;;
224;0,38832362213643873;0,18815417072485163;-0,38824455478743275;-0,18809965643771204;7,9067349005979e-05;5,4514287139595385e-05;0,026853090217457846;0,026853090217457846;0,026853090217457846;0,9277515885959499;-0,7173953118091337;0,9275474966324894;-0,719331986761476;2,6853090217457845e-06
225;0,2712948163762016;0,1311343132825436;-0,2711660678424179;-0,1310455489529905;0,00012874853378369577;8,876432955309821e-05;0,018315733621235827;0,018315733621235827;0,018315733621235827;0,9498412102931103;-0,4475765096524436;0,9493540498272538;-0,45212097155381564;1,8315733621235828e-06
226;0,10301874430669343;0,05001292357115722;-0,10299999999993967;-0,04999999999987967;1,8744306753762374e-05;1,292357127755106e-05;0,006707158587747114;0,006707158587747114;0,006707158587747114;0,9857594303613372;-0,2719831846818564;0,9855656968141336;-0,2737045279066967;6,707158587747114e-07
227;0,0;0,0;0,0;0,0;0,0;0,0;;;;;;;;
228;0,0;0,0;0,0;0,0;0,0;0,0;;;;;;;;
229;0,3482118098269133;0,16914602893935066;-0,3480963088980174;-0,16906640065316586;0,00011550092889589525;7,962828618479634e-05;0,02354485315077169;0,023544853150771688;0,02354485315077169;0,9492681772213915;-0,45287959913906356;0,9489281059097574;-0,45601233203179586;2,354485315077169e-06
230;-0,3182531929001075;-0,15410561961688368;0,3183538959245394;0,15419063045429598;0,00010070302443188073;8,501083741230264e-05;0,021439269290409128;0,02143926929040913;0,02143926929040913;0,9522321164125828;-0,42906232096945135;0,9525759719427758;-0,42377790742827565;2,143926929040913e-06
231;-0,14300062896905913;-0,06900053094828908;0,14301313403477783;0,0690110882844735;1,2505065718704245e-05;1,0557336184421895e-05;0,009443609227019239;0,009443609227019237;0,009443609227019239;0,9707110383798664;-0,2724194486864522;0,9708079430300803;-0,27094948926269696;9,443609227019238e-07
232;0,018000868442128608;0,009000598654337073;-0,01800000002110148;-0,008999999876733849;8,684210271274473e-07;5,987776032240905e-07;0,0012247526473139665;0,0012247526473139663;0,0012247526473139665;0,9487265120747144;-0,5210516239735409;0,9486772731762301;-0,521470668895059;1,2247526473139664e-07
233;0,3091355799012248;0,1490934685487357;-0,3090947841858316;-0,1490653455449327;4,079571539322702e-05;2,8123003803004476e-05;0,0203305299925921;0,0203305299925921;0,0203305299925921;0,974656643011814;-0,5219539753390154;0,9745175994091834;-0,5232243849074589;2,03305299925921e-06
234;-0,316140200009642;-0,1530277149108189;0,31618190753808467;0,1530564664836177;4,170752844268044e-05;2,8751572798801917e-05;0,020556475311464813;0,020556475311464813;0,020556475311464813;0,9864648430909495;-0,2785962250243567;0,9866054634554662;-0,27733907679586467;2,0556475311464812e-06
235;0,3211553030759879;0,1551070755767984;-0,32106721034734403;-0,1550463385928907;8,809272864385154e-05;6,0736983907710984e-05;0,021126592747822043;0,021126592747822043;0,021126592747822043;0,974656643011814;-0,5219539753390154;0,9743676759759685;-0,5245863292852803;2,1126592747822044e-06
236;0,3171193495461723;0,15308228475033747;-0,3170693360409884;-0,1530478021147524;5,001350518391012e-05;3,448263558505915e-05;0,021356954799799918;0,021356954799799918;0,021356954799799918;0,9519385268507558;-0,4318348215786915;0,9517762437444605;-0,43335016480524396;2,1356954799799917e-06
237;0,04900418929104476;0,024002888368114955;-0,04900000000129989;-0,02399999999324298;4,189289744868652e-06;2,888374871976712e-06;0,0032577265771371925;0,003257726577137191;0,0032577265771371925;0,9670617725998014;-0,6191351003197174;0,9669725796997957;-0,6199238773740468;3,2577265771371927e-07
238;0,2412055070378463;0,11607274036449011;-0,24117186553963005;-0,11604954567898952;3,364149821624696e-05;2,3194685500591006e-05;0,01598978864951828;0,015989788649518277;0,01598978864951828;0,9665265109380685;-0,6240285375253589;0,9663807385555676;-0,6253799739593354;1,5989788649518281e-06
239;-0,36514298123554245;-0,17702963135341845;0,3653205898226609;0,17715208956740017;0,00017760858711846073;0,0001224582139817132;0,02426982897090412;0,024269828970904125;0,024269828970904125;0,965335843220754;-0,6348651390915918;0,9658431172165554;-0,6302493639360005;2,426982897090412e-06
240;0,0;0,0;0,0;0,0;0,0;0,0;;;;;;;;
241;0,0;0,0;0,0;0,0;0,0;0,0;;;;;;;;
242;0,10501428771103159;0,05100985065811834;-0,1050000000391222;-0,05099999978719861;1,4287671909390953e-05;9,850870919730914e-06;0,00707929063681302;0,0070792906368130175;0,00707929063681302;0,9521330611694752;-0,42923677117628767;0,951993147422971;-0,43052189064064333;7,07929063681302e-07
243;0,2710947841853504;0,13106534554658686;-0,2710214980811197;-0,13101482052527516;7,328610423068538e-05;5,0525021311698115e-05;0,017839501217151842;0,017839501217151842;0,017839501217151842;0,9745175994091834;-0,5232243849074589;0,9742328932427218;-0,5258107987138911;1,783950121715184e-06
244;0,2130772373402761;0,10305324889688182;-0,21302983499801056;-0,10302056869947827;4,740234226552342e-05;3,268019740354511e-05;0,014347353222522664;0,014347353222522662;0,014347353222522664;0,9524592988953601;-0,4223421319462333;0,9522303198277411;-0,4244683461966667;1,4347353222522663e-06
245;-0,25817352995816867;-0,1250506947541475;0,25825319286589987;0,12510561965906755;7,966290773120388e-05;5,492490492003954e-05;0,01739875362333878;0,01739875362333878;0,01739875362333878;0,9519147543070063;-0,4319983274485677;0,9522321164125828;-0,42906232096945135;1,7398753623338778e-06
246;0,19416606781692003;0,09404554915435219;-0,19410000010390555;-0,09399999946086454;6,606771301448378e-05;4,5549693487648146e-05;0,013120422174360956;0,013120422174360956;0,013120422174360956;0,9493540498272538;-0,45212097155381564;0,9490050300018636;-0,45536065001939857;1,3120422174360956e-06
247;0,18211584677249432;0,08801092263650832;-0,18210546821262982;-0,08800376848359205;1,037855986449343e-05;7,154152916272194e-06;0,012356001923417835;0,012356001923417835;0,012356001923417835;0,9451207834835936;-0,554324291813618;0,9450625742922599;-0,5548697458746971;1,2356001923417837e-06
248;-0,17700000000694036;-0,08599999996204569;0,1770170709413487;0,0860117704992609;1,7070934408336402e-05;1,1770537215211041e-05;0,011635587715540604;0,011635587715540604;0,011635587715540604;0,9764426964868969;-0,2047419117289574;0,9765444085696263;-0,2038316587565585;1,1635587715540604e-06
249;0,19917186553869373;0,09604954568493625;-0,19913167698125409;-0,09602183882642;4,0188557439646555e-05;2,7706858516246546e-05;0,013210616897679956;0,013210616897679958;0,013210616897679958;0,9663807385555676;-0,6253799739593354;0,9661699384038412;-0,6273236568153738;1,3210616897679957e-06
250;0,0;0,0;0,0;0,0;0,0;0,0;;;;;;;;
251;-0,12599999999997566;-0,06099999999993968;0,12600937862196948;0,0610064676003142;9,37862199382189e-06;6,467600374523985e-06;0,00817483093801848;0,00817483093801848;0,00817483093801848;0,9886791808522224;-0,10089979945455435;0,9887587025783331;-0,10018991835200552;8,17483093801848e-07
252;0,4762289179560468;0,23015781818273634;-0,4760365425028638;-0,2300251924277579;0,00019237545318301352;0,0001326257549784382;0,03212392299211734;0,03212392299211734;0,03212392299211734;0,9506239062646633;-0,4538974733514579;0,950208888088831;-0,45776647591986036;3,212392299211734e-06
253;0,3021119821337757;0,14607720889826628;-0,30204367977405777;-0,14603011671044433;6,830235971794218e-05;4,7092187821951015e-05;0,019731202087806696;0,019731202087806696;0,019731202087806696;0,9819168082167451;-0,3150101069116148;0,9816768971274569;-0,3171728697661657;1,9731202087806694e-06
254;0,0;0,0;0,0;0,0;0,0;0,0;;;;;;;;
255;0,23604374213149018;0,11403015646947669;-0,2360166855227171;-0,11401150305967638;2,7056608773085022e-05;1,865340980031216e-05;0,015329343938733616;0,015329343938733616;0,015329343938733616;0,9873153246613943;-0,2667327222479662;0,9871930073172059;-0,2678315503370325;1,5329343938733616e-06
256;0,24406721034669868;0,11804633859703484;-0,24401627449237656;-0,11801122003263216;5,0935854322115004e-05;3,511856440267802e-05;0,016064648475730525;0,016064648475730525;0,016064648475730525;0,9743676759759685;-0,5245863292852803;0,9741479262173379;-0,526581115631553;1,6064648475730526e-06
257;0,0;0,0;0,0;0,0;0,0;0,0;;;;;;;;
258;0,22609630884825072;0,11006640098855446;-0,2260141749475658;-0,11000977241681002;8,213390068492754e-05;5,662857174443259e-05;0,015299664843192479;0,015299664843192479;0,015299664843192479;0,9489281059097574;-0,45601233203179586;0,9485558983725725;-0,459423580858565;1,529966484319248e-06
259;0,19908614310810646;0,09605938609540579;-0,19900936821996773;-0,09600645434022939;7,67748881387309e-05;5,29317551763997e-05;0,013756133685989956;0,013756133685989956;0,013756133685989956;0,9277515885959499;-0,7173953118091337;0,9273648384444854;-0,7211057878483462;1,3756133685989957e-06
260;0,0;0,0;0,0;0,0;0,0;0,0;;;;;;;;
261;0,0;0,0;0,0;0,0;0,0;0,0;;;;;;;;
262;0,1680124853086729;0,08200860463785709;-0,16800364201571855;-0,08200250748375447;8,84329295436359e-06;6,097154102616131e-06;0,011593833601144984;0,011593833601144986;0,011593833601144986;0,9310184892527197;-0,6861962178499857;0,9309655957733033;-0,6866866468147346;1,1593833601144986e-06
263;0,07711037335603245;0,03700715156228459;-0,07710592205743158;-0,037004082820954784;4,451298600868792e-06;3,0687413298050026e-06;0,00520203912147023;0,00520203912147023;0,00520203912147023;0,9492681772213915;-0,45287959913906356;0,9492089017934099;-0,453442774749639;5,20203912147023e-07
264;0,0790078294004943;0,03800539588786197;-0,07900162339489249;-0,03800111736304967;6,2060056018192755e-06;4,2785248123011765e-06;0,005457695848366436;0,005457695848366439;0,005457695848366439;0,9274671115258438;-0,7201852998237265;0,9273883293845039;-0,7209469724023463;5,457695848366439e-07
265;0,07700592205779729;0,03700408282011302;-0,07700000003766821;-0,03699999978571489;5,922020129070504e-06;4,083034398132124e-06;0,005196556143727086;0,0051965561437270855;0,005196556143727086;0,9492089017934099;-0,453442774749639;0,9491299504584008;-0,4541907365328978;5,196556143727087e-07
266;-0,22403593052203166;-0,10802477106363957;0,2242116580252305;0,1081459292874593;0,00017572750319883035;0,00012115822381972285;0,015130961673702774;0,01513096167370277;0,015130961673702774;0,9490364367084981;-0,4551286663711928;0,9498412102931103;-0,4475765096524436;1,5130961673702774e-06
267;-0,26606241117156837;-0,12904302399527115;0,26613675139232396;0,12909427908591528;7,434022075558655e-05;5,125509064413114e-05;0,01841164562813623;0,018411645628136235;0,018411645628136235;0,9272676095500214;-0,7219809895975435;0,9275474966324894;-0,719331986761476;1,8411645628136233e-06
268;-0,19410000000755043;-0,09400000000553722;0,19414020000958368;0,09402771491118551;4,020000203325269e-05;2,77149056482906e-05;0,012625014525369897;0,012625014525369899;0,012625014525369899;0,9862441443449647;-0,2805676100805452;0,9864648430909495;-0,2785962250243567;1,2625014525369898e-06
269;0,19402807936152244;0,09401935977859302;-0,19399999999991527;-0,09399999999986525;2,8079361607175057e-05;1,935977872777328e-05;0,012651129623558443;0,012651129623558443;0,012651129623558443;0,9839514224698507;-0,2977133951118765;0,9837975775299354;-0,2990895227304729;1,2651129623558442e-06
270;-0,14502247594778855;-0,07001549682910656;0,14504100532524697;0,07002827177448791;1,8529377458414986e-05;1,2774945381349712e-05;0,009406129806525759;0,009406129806525762;0,009406129806525762;0,9884632979318796;-0,1028412686862897;0,988599811723871;-0,10161457998363015;9,406129806525762e-07
271;0,02100062895706882;0,010000530992737424;-0,02100000000174733;-0,009999999992298027;6,289553214910981e-07;5,310004393965784e-07;0,0013834481990214543;0,0013834481990214538;0,0013834481990214543;0,9707110383798664;-0,2724194486864522;0,9706778126919878;-0,2729342941175491;1,3834481990214543e-07
272;0,2460436797738379;0,11903011671073487;-0,24601137699584227;-0,11900784508098171;3,23027779956242e-05;2,2271629753156663e-05;0,016074873307143644;0,016074873307143644;0,016074873307143644;0,9816768971274569;-0,3171728697661657;0,9815376216453512;-0,3184268560686342;1,6074873307143646e-06
273;0,029001623247972633;0,014001118448407991;-0,029000080551641137;-0,014000054852563086;1,5426963314961462e-06;1,0635958449054655e-06;0,0020049031403104114;0,0020049031403104114;0,0020049031403104114;0,9273883293845039;-0,7209469724023463;0,9273350068147209;-0,7214578244959575;2,0049031403104116e-07
274;0,1950693360003808;0,09404780236097357;-0,19501067575113434;-0,09400735986983305;5,866024924644497e-05;4,044249114051879e-05;0,013136425429672112;0,01313642542967211;0,013136425429672112;0,9517762437444605;-0,43335016480524396;0,9514668201268316;-0,43624933596425647;1,3136425429672112e-06
275;0,18679689094649593;0,09006680524783248;-0,18676082134198538;-0,09004193353926203;3,606960451055241e-05;2,487170857044807e-05;0,012011835388891293;0,012011835388891294;0,012011835388891294;0,9967586687303185;-0,028629666414086465;0,996550584549565;-0,030491658730957227;1,2011835388891295e-06
276;0,0;0,0;0,0;0,0;0,0;0,0;;;;;;;;
277;0,1221316769795017;0,05902183883752166;-0,12211798782841209;-0,05901240130614411;1,368915108961033e-05;9,437531377554098e-06;0,008105718291214061;0,008105718291214061;0,008105718291214061;0,9661699384038412;-0,6273236568153738;0,9660528990116908;-0,6283970483791151;8,105718291214061e-07
278;0,12201798782909366;0,05901240130572386;-0,12200000000398944;-0,058999999981784644;1,7987825104218147e-05;1,240132393921789e-05;0,008100337682956926;0,008100337682956926;0,008100337682956926;0,9660528990116908;-0,6283970483791151;0,9658989969136522;-0,6298059906972224;8,100337682956926e-07
279;-0,17300900644504358;-0,08400620509832538;0,17304834638488606;0,08403332718423122;3,9339939842480964e-05;2,712208590584242e-05;0,011979277942803688;0,011979277942803691;0,011979277942803691;0,9269279089282693;-0,725249653040606;0,9271555643280622;-0,7231008569662847;1,1979277942803692e-06
280;0,0;0,0;0,0;0,0;0,0;0,0;;;;;;;;
281;0,1816607983945582;0,08804191771771142;-0,18164069963393187;-0,08802806032395168;2,0098760626335865e-05;1,3857393759739156e-05;0,011695387645974605;0,011695387645974605;0,011695387645974605;0,996550584549565;-0,030491658730957227;0,9964314646079582;-0,03154317902571475;1,1695387645974606e-06
282;0,17924042636842533;0,0870278709440405;-0,1792243586110219;-0,08701679414137398;1,6067757403426253e-05;1,1076802666529217e-05;0,011541173478640235;0,011541173478640235;0,011541173478640235;0,9967586687303185;-0,028629666414086465;0,9966621593187106;-0,029476995163815925;1,1541173478640236e-06
283;0,11502978043136239;0,056020531301197954;-0,11500404473775436;-0,05600278802538036;2,5735693608031074e-05;1,774327581759161e-05;0,007757534229852285;0,007757534229852285;0,007757534229852285;0,9522303198277411;-0,4244683461966667;0,9520003005583714;-0,4265663348834249;7,757534229852285e-07
284;0,3615274337496207;0,1741568045396389;-0,3614550811955626;-0,17410691987856458;7,235255405813046e-05;4,988466107430645e-05;0,02344941389121985;0,02344941389121985;0,02344941389121985;0,9880169336910736;-0,10675648154193772;0,9878031414097611;-0,10869032336600624;2,344941389121985e-06
285;0,17403348073874825;0,08502525815944502;-0,1740194575616943;-0,08501341662154926;1,4023177053956726e-05;1,1841537895754262e-05;0,011315054884158168;0,011315054884158168;0,011315054884158168;0,9883174246836509;-0,11795645699347866;0,9882266110979382;-0,1192829494299988;1,1315054884158168e-06
286;-0,2431000000210239;-0,11799999996952903;0,24314298123212608;0,118029631371675;4,2981211102188777e-05;2,9631402145971486e-05;0,016164771651861632;0,016164771651861636;0,016164771651861636;0,9651515238445495;-0,6365373699764691;0,965335843220754;-0,6348651390915918;1,6164771651861636e-06
287;0,0;0,0;0,0;0,0;0,0;0,0;;;;;;;;
288;0,17203231730231167;0,08202227963452793;-0,17201038702895077;-0,08200716134752281;2,1930273360892816e-05;1,5118287005122522e-05;0,011145207580015665;0,011145207580015663;0,011145207580015665;0,9872808349977188;-0,11350148611439767;0,9871445847889191;-0,11476684006830448;1,1145207580015666e-06
289;0,17002021198874162;0,08201393733503495;-0,17001035167451428;-0,08200713711832645;9,860314227339018e-06;6,800216708499618e-06;0,01109920410099341;0,011099204100993408;0,01109920410099341;0,9819168082167451;-0,3150101069116148;0,9818552430101268;-0,3155688848126901;1,109920410099341e-06
290;0,0;0,0;0,0;0,0;0,0;0,0;;;;;;;;
291;-0,1531256589012975;-0,07401769059866554;0,15317352992376146;0,07405069496301214;4,787102246395225e-05;3,30043643465977e-05;0,010318887087372634;0,010318887087372634;0,010318887087372634;0,9515932404378632;-0,4349892872520828;0,9519147543070063;-0,4319983274485677;1,0318887087372635e-06
292;-0,15300000005792455;-0,0739999996803441;0,1530256589051118;0,07401769059550466;2,5658847187248757e-05;1,7690915160559206e-05;0,010313424929167536;0,010313424929167533;0,010313424929167536;0,9514208106864026;-0,4365916428918625;0,9515932404378632;-0,4349892872520828;1,0313424929167537e-06
293;0,14902149807981152;0,07201482053247729;-0,1490077829780773;-0,07200536542446355;1,3715101734229629e-05;9,455108013742275e-06;0,009808456567974235;0,009808456567974234;0,009808456567974235;0,9742328932427218;-0,5258107987138911;0,9741359893509768;-0,526692118694192;9,808456567974235e-07
294;0,09500404473084313;0,046002788065799834;-0,09500000003511343;-0,04599999980746702;4,044695729704673e-06;2,7882583328170396e-06;0,006401538354960302;0,006401538354960302;0,006401538354960302;0,9520003005583714;-0,4265663348834249;0,9519565088281143;-0,4269717145468904;6,401538354960302e-07
295;-0,19412843400674176;-0,09401959942086462;0,19415787383753186;0,09403989534652331;2,94398307900956e-05;2,0295925658692093e-05;0,013378206783541565;0,013378206783541567;0,013378206783541567;0,9308659642820784;-0,6876394061086939;0,9310184892527197;-0,6861962178499857;1,3378206783541567e-06
296;-0,19400000051636618;-0,09399999637870407;0,19402843402509332;0,0940195994052869;2,8433508727138124e-05;1,96030265828262e-05;0,013372624982136578;0,013372624982136575;0,013372624982136578;0,9307185858401008;-0,689032666215347;0,9308659642820784;-0,6876394061086939;1,3372624982136577e-06
297;0,15501668552336942;0,07501150305998075;-0,1549999999999785;-0,07499999999990091;1,6685523390930213e-05;1,1503060079839922e-05;0,010071639368793404;0,010071639368793402;0,010071639368793404;0,9871930073172059;-0,2678315503370325;0,9870781869736357;-0,26885861966363783;1,0071639368793404e-06
298;0,15402013120625893;0,07401621142362715;-0,1540050692582692;-0,07400349480243709;1,5061947989725155e-05;1,2716621190053679e-05;0,009910247981795545;0,009910247981795543;0,009910247981795545;0,9955217231089775;-0,03925326582662243;0,9954105451491777;-0,0409090829112072;9,910247981795546e-07
299;0,15229722871477208;0,07406703443234891;-0,15221765979900748;-0,07401217433173964;7,956891576460512e-05;5,486010060927471e-05;0,009902652568962032;0,009902652568962032;0,009902652568962032;0,987370656528345;-0,2577251219091007;0,9868135861679999;-0,2626455375801085;9,902652568962032e-07
300;0,0;0,0;0,0;0,0;0,0;0,0;;;;;;;;
301;0,2021811459944729;0,09805594396402739;-0,20217560700189444;-0,09805212675492135;5,538992578463242e-06;3,8172091060412194e-06;0,012973329557508208;0,012973329557508208;0,012973329557508208;1,0;0,0;0,9999704077091732;-0,00025945199633370104;1,2973329557508209e-06
302;0,2020756070021373;0,09805212675466503;-0,2019999999999538;-0,0979999999999233;7,560700218350869e-05;5,212675474172701e-05;0,012968134847683669;0,012968134847683667;0,012968134847683669;0,9999704077091732;-0,00025945199633370104;0,9995662597006932;-0,003804471746170219;1,296813484768367e-06
303;-0,1711011470263648;-0,08300079097071883;0,17113177317939837;0,08302190670213844;3,062615303356386e-05;2,1115731419607542e-05;0,01111720395166542;0,011117203951665417;0,01111720395166542;0,9876121768490798;-0,11038667100405394;0,9878031414097611;-0,10869032336600624;1,111720395166542e-06
304;0,12610980108238695;0,061008274058432205;-0,12610000000411217;-0,06100000000342286;9,801078274779274e-06;8,274055009346859e-06;0,008183807465030182;0,008183807465030182;0,008183807465030182;0,9883174246836509;-0,11795645699347866;0,9882297612322223;-0,11925715551606617;8,183807465030183e-07
305;0,0;0,0;0,0;0,0;0,0;0,0;;;;;;;;
306;-0,021000000013217487;-0,009999999922476393;0,02100065387951943;0,010000450751829823;6,538663019431401e-07;4,5082935343047914e-07;0,0014217858471617245;0,001421785847161724;0,0014217858471617245;0,9445040357831318;-0,4979874267276329;0,9445358791759487;-0,4976772611906745;1,4217858471617246e-07
307;0,0830020629556834;0,040001422124525;-0,08300000003416279;-0,039999999809276876;2,0629215206069418e-06;1,4223152481271373e-06;0,005599656798752542;0,005599656798752543;0,005599656798752543;0,9499875184414104;-0,4598529885864922;0,9499619912012579;-0,460092824645446;5,599656798752543e-07
308;-0,12200000037224852;-0,05899999733955428;0,12200780345169165;0,0590053773013044;7,803079443133298e-06;5,379961750123785e-06;0,008435847035898385;0,008435847035898386;0,008435847035898386;0,9274833886935607;-0,7199433501272462;0,9275474966324894;-0,719331986761476;8,435847035898385e-07
309;0,33119889376731154;0,15914740479155923;-0,3311302868280138;-0,15910010758340695;6,860693929772177e-05;4,7297208152274894e-05;0,02193740126356812;0,02193740126356812;0,02193740126356812;0,9670617725998014;-0,6191351003197174;0,9668451144377767;-0,621149579958745;2,193740126356812e-06
310;0,14201945756208062;0,0690134166214734;-0,14200602112930213;-0,06900415178876333;1,3436432778485274e-05;9,26483271006251e-06;0,00922496398886238;0,00922496398886238;0,00922496398886238;0,9882266110979382;-0,1192829494299988;0,9881256325473519;-0,12017581446631834;9,22496398886238e-07
311;0,06010546805719017;0,029003769491675727;-0,060100000081227595;-0,028999999505512738;5,467975962576699e-06;3,7699861629887643e-06;0,004077071736696954;0,004077071736696954;0,004077071736696954;0,9450625742922599;-0,5548697458746971;0,944969636116811;-0,555744661671742;4,0770717366969543e-07
312;0,13901035167445647;0,0670071371189853;-0,13900005829694914;-0,06700004019708018;1,0293377507325507e-05;7,096921905119791e-06;0,009074162926913595;0,009074162926913596;0,009074162926913596;0,9818552430101268;-0,3155688848126901;0,9817766400900958;-0,3162830771155472;9,074162926913596e-07
313;0,034100331947322655;0,017000228894436482;-0,0341000813187463;-0,017000056093413284;2,5062857635788083e-07;1,7280102319883195e-07;0,0022293117728800103;0,0022293117728800103;0,0022293117728800103;0,9867974190720334;-0,2713507064453319;0,9867896134256411;-0,27141510585020573;2,2293117728800103e-07
314;0,13211808524708013;0,06401246677785312;-0,13210000032383604;-0,06399999782940574;1,808492324409383e-05;1,2468948447377781e-05;0,009081111730423343;0,009081111730423344;0,009081111730423344;0,9333661475810553;-0,6639526798947215;0,9332281091713782;-0,6652547223825089;9,081111730423345e-07
315;0,12200778297782672;0,05900536542630182;-0,12200000000154247;-0,05899999999226553;7,782976284245735e-06;5,3654340362863095e-06;0,008032397450681;0,008032397450680998;0,008032397450681;0,9741359893509768;-0,526692118694192;0,9740688369576229;-0,5273016530749384;8,032397450681e-07
316;0,13111757857617026;0,0640121183318414;-0,1311023953229829;-0,06400165074130705;1,5183253187361911e-05;1,0467590534343763e-05;0,008536614398949283;0,008536614398949283;0,008536614398949283;0,9868135861679999;-0,2626455375801085;0,9866902498156365;-0,26372372853210957;8,536614398949282e-07
317;0,13100239532265678;0,06400165074198909;-0,13099999999976333;-0,06399999999986744;2,3953228934503468e-06;1,6507421216477303e-06;0,008531356525408991;0,00853135652540899;0,008531356525408991;0,9866902498156365;-0,26372372853210957;0,9866707812100651;-0,263893390320966;8,531356525408991e-07
318;0,06700443323923866;0,03200305666719371;-0,06699999999992177;-0,032000000000024086;4,433239316883886e-06;3,0566671696263814e-06;0,004336545909718933;0,004336545909718933;0,004336545909718933;0,988599811723871;-0,10161457998363015;0,9885290133328063;-0,10226858678263621;4,3365459097189333e-07
319;0,12912253609547447;0,06301553773642199;-0,12910764780591155;-0,06300527346197318;1,4888289562919876e-05;1,0264274448806843e-05;0,00832307843698891;0,008323078436988911;0,008323078436988911;0,9966621593187106;-0,029476995163815925;0,9965381187066739;-0,0305516698898343;8,323078436988912e-07
320;0,12843701004809685;0,06202551641180723;-0,1284257020574004;-0,06201772027036859;1,1307990696457493e-05;7,796141438642934e-06;0,008264220512561118;0,008264220512561118;0,008264220512561118;0,9964314646079582;-0,03154317902571475;0,9963366412404956;-0,03238799613778512;8,264220512561117e-07
321;-0,040000582320541316;-0,019000401527800637;0,040002033513489854;0,01900140214308503;1,4511929485386266e-06;1,0006152843938798e-06;0,002585369767817612;0,0025853697678176126;0,0025853697678176126;0,9889227127130867;-0,0987091867896942;0,988961572819147;-0,0983453961816803;2,5853697678176125e-07
322;0,12602334568378712;0,06101609606379391;-0,1260000000002771;-0,06099999999746145;2,3345683510006543e-05;1,6096066332460524e-05;0,008156878430263062;0,00815687843026306;0,008156878430263062;0,9910535435470806;-0,07584104736214711;0,9908551689789226;-0,07760666126432735;8,156878430263062e-07
323;0,12601246293113577;0,06101052198292592;-0,1259999999998126;-0,06099999999992356;1,2462931323176107e-05;1,0521983002359514e-05;0,008171174217425817;0,008171174217425817;0,008171174217425817;0,9892332848575222;-0,10440921321069932;0,9891216293198577;-0,10606247059265753;8,171174217425817e-07
324;0,12601137699597037;0,06100784508120406;-0,12600000000017972;-0,06099999999970037;1,1376995790651767e-05;7,845081503692064e-06;0,008235113514905348;0,008235113514905348;0,008235113514905348;0,9815376216453512;-0,3184268560686342;0,9814418636466112;-0,3192877540176702;8,235113514905348e-07
325;0,0;0,0;0,0;0,0;0,0;0,0;;;;;;;;
326;0,0;0,0;0,0;0,0;0,0;0,0;;;;;;;;
327;0,30913028683009136;0,14910010759087433;-0,30906771050074133;-0,14904728439864;6,25763293500281e-05;5,2823192234319194e-05;0,020494676012705843;0,02049467601270585;0,02049467601270585;0,9668451144377767;-0,621149579958745;0,9666216916663939;-0,6245548276623696;2,049467601270585e-06
328;-0,14700454949889813;-0,07100313614279591;0,14703593049638397;0,07102477126823237;3,1380997485841444e-05;2,1635125436458846e-05;0,009933900645316887;0,009933900645316887;0,009933900645316887;0,9488175173851041;-0,4571754678285019;0,9490364367084981;-0,4551286663711928;9,933900645316888e-07
329;0,12201037196110293;0,059007150467120725;-0,12200000000035008;-0,05899999999992289;1,0371960752847409e-05;7,15046719783341e-06;0,007940734619344397;0,007940734619344397;0,007940734619344397;0,9854033974123437;-0,3035135755443079;0,9853128731737784;-0,30432594137838526;7,940734619344398e-07
330;0,11500746745834824;0,05600514911870374;-0,11499999999995755;-0,05599999999966783;7,4674583906836345e-06;5,149119035909033e-06;0,007411068504823803;0,0074110685048238015;0,007411068504823803;0,9965381187066739;-0,0305516698898343;0,9964682539058056;-0,031160868981767696;7,411068504823803e-07
331;0,12201627449074291;0,05901122003998084;-0,12200000000159425;-0,058999999992507796;1,6274489148662696e-05;1,1220047473045613e-05;0,008032903161449823;0,008032903161449825;0,008032903161449825;0,9741479262173379;-0,526581115631553;0,9740075145338682;-0,5278558555641781;8,032903161449825e-07
332;-0,18002500430348728;-0,08701723525826796;0,18006241093351738;0,08704302587596313;3,740663003010125e-05;2,5790617695170548e-05;0,012452559735186997;0,012452559735186998;0,012452559735186998;0,9270594233495748;-0,7239695575236242;0,9272676095500214;-0,7219809895975435;1,2452559735187e-06
333;0,10932540911347738;0,053017518295112594;-0,10931584217252874;-0,05301092271247507;9,566940948640967e-06;6,595582637526631e-06;0,007040753562601951;0,007040753562601952;0,007040753562601952;0,9963366412404956;-0,03238799613778512;0,9962424539979475;-0,033218037593475504;7,040753562601952e-07
334;-0,07700000000307163;-0,036999999990061226;0,07700388122578945;0,037003276286000225;3,881222717827537e-06;3,2762959389989743e-06;0,005104113196745399;0,005104113196745399;0,005104113196745399;0,9663200811659954;-0,6276614584267802;0,9663757032156226;-0,6268083551075977;5,1041131967454e-07
335;-0,021000000000023073;-0,010000000000066237;0,021000582320426918;0,010000401527853729;5,823204038447882e-07;4,0152778749136253e-07;0,0013579653656392884;0,0013579653656392884;0,0013579653656392884;0,9888930203087849;-0,09898547754102706;0,9889227127130867;-0,0987091867896942;1,3579653656392883e-07
336;-0,1861323173129146;-0,08902227964205797;0,1862233080109083;0,0890850131731121;9,099069799370363e-05;6,27335310541266e-05;0,01206567272120654;0,012065672721206537;0,01206567272120654;0,9872808349977188;-0,11350148611439767;0,9878031414097611;-0,10869032336600624;1,206567272120654e-06
337;0,10310488339530705;0,05000412262566684;-0,10310000001947735;-0,04999999996972386;4,883375829697889e-06;4,1226559429827225e-06;0,006814836427046227;0,006814836427046226;0,006814836427046227;0,9708079430300803;-0,27094948926269696;0,9707554770480478;-0,27173876866392654;6,814836427046227e-07
338;0,1010046689323265;0,0490032195034477;-0,10099999999995708;-0,04899999999955254;4,6689323694171225e-06;3,219503895160458e-06;0,006591516953715029;0,006591516953715029;0,006591516953715029;0,9833212489145773;-0,3023273164240097;0,9832721463050274;-0,30276554772618613;6,591516953715029e-07
339;0,10100071622745874;0,04900049404006758;-0,10100000000139876;-0,049000000000924006;7,162260599741233e-07;4,940391435739877e-07;0,006600459229695595;0,006600459229695597;0,006600459229695597;0,9819475359818878;-0,3146141924865319;0,9819400131184066;-0,31468149417307534;6,600459229695597e-07
340;0,0;0,0;0,0;0,0;0,0;0,0;;;;;;;;
341;0,09921576713353814;0,04801087097384677;-0,09920749002034095;-0,04800516439269839;8,277113197188712e-06;5,706581148380574e-06;0,006387651838747216;0,006387651838747216;0,006387651838747216;0,9962424539979475;-0,033218037593475504;0,9961526442597428;-0,034014157191431714;6,387651838747215e-07
342;0,0;0,0;0,0;0,0;0,0;0,0;;;;;;;;
343;0,1040141748899531;0,05100977276537078;-0,10400000005587476;-0,050999999692353706;1,417483407833986e-05;9,77307301707614e-06;0,007051280642187587;0,007051280642187587;0,007051280642187587;0,9485558983725725;-0,459423580858565;0,9484164589799317;-0,460676682809621;7,051280642187586e-07
344;-0,0051000418992897855;-0,0020000288687422414;0,005100110549643416;0,0020000761997242683;6,865035363096128e-08;4,733098202692326e-08;0,00033141673316741;0,00033141673316741004;0,00033141673316741004;0,9543372291830706;-0,4697857406096237;0,9543513733176859;-0,4695870212872547;3,314167331674101e-08
345;-0,07700000023348579;-0,03699999828006975;0,07700900614489153;0,03700620726125402;9,005911405748912e-06;6,208981184266382e-06;0,0053216986121677485;0,005321698612167747;0,0053216986121677485;0,9268106684044822;-0,7263868896627714;0,9269279089282693;-0,725249653040606;5,321698612167749e-07
346;0,04900364169313424;0,02400250969430831;-0,04900000013647754;-0,023999999081473676;3,6415566566985746e-06;2,5106128346344403e-06;0,003383997048955462;0,0033839970489554613;0,003383997048955462;0,9309655957733033;-0,6866866468147346;0,9308909583940479;-0,6873721910523904;3,3839970489554623e-07
347;0,0;0,0;0,0;0,0;0,0;0,0;;;;;;;;
348;0,00010000000544134332;3,515411922014154e-12;-0,00010000000027201257;4,900763014465694e-14;5,169330743082408e-12;3,564419552158811e-12;5,844791096546427e-06;5,844791096546429e-06;5,844791096546429e-06;0,9878031414097611;-0,10869032336600624;0,9878030903469518;-0,10869236562786408;5,844791096546429e-10
349;-0,27100388123064584;-0,13100327625717936;0,2710677104987289;0,13104728439823796;6,382926808307099e-05;4,400814105859352e-05;0,01798329885649117;0,01798329885649117;0,01798329885649117;0,9663757032156226;-0,6268083551075977;0,9666216916663939;-0,6245548276623696;1,798329885649117e-06
350;0,0;0,0;0,0;0,0;0,0;0,0;;;;;;;;
351;0,08601038702861549;0,04100716134759803;-0,08599999999997243;-0,04100000000007823;1,0387028643060736e-05;7,161347519796246e-06;0,005572968101229165;0,005572968101229165;0,005572968101229165;0,9871445847889191;-0,11476684006830448;0,9870155233806692;-0,11596604868897811;5,572968101229165e-07
352;0,12702247594758462;0,061015496829141314;-0,12700776758797522;-0,06100535523532471;1,4708359609399979e-05;1,0141593816605232e-05;0,008230802979015845;0,008230802979015845;0,008230802979015845;0,9884632979318796;-0,1028412686862897;0,9883394969674848;-0,10396891848104466;8,230802979015845e-07
353;0,00010000000451738358;3,174979356724753e-12;-9,999999960567085e-05;2,1148194207771902e-13;4,911712733041661e-12;3,386461298802472e-12;6,109723246169827e-06;6,109723246169829e-06;6,109723246169829e-06;0,944969636116811;-0,555744661671742;0,9449695897026186;-0,5557466019710594;6,109723246169828e-10
354;0,0;0,0;0,0;0,0;0,0;0,0;;;;;;;;
355;0,0810091666403521;0,0390063196585782;-0,08100000001947956;-0,038999999878829475;9,166620872538833e-06;6,31977974872161e-06;0,005368971205033278;0,005368971205033277;0,005368971205033278;0,966853916476741;-0,3222997335363525;0,9667356200489541;-0,32339421659650686;5,368971205033278e-07
356;0,08100602112894281;0,03900415178887927;-0,0810000000001414;-0,03899999999994224;6,021128801408926e-06;4,151788937027667e-06;0,005253170994465338;0,005253170994465337;0,005253170994465338;0,9881256325473519;-0,12017581446631834;0,9880462133097901;-0,12089511487761939;5,253170994465338e-07
357;0,08100506925805233;0,0390034948021637;-0,0810000000000453;-0,03899999999989429;5,069258007028843e-06;3,4948022694103464e-06;0,0052146593846403915;0,005214659384640394;0,005214659384640394;0,9954105451491777;-0,0409090829112072;0,995343190435828;-0,04151431225590824;5,214659384640394e-07
358;0,07900082960500496;0,03800070053080149;-0,07900000000262963;-0,037999999995723316;8,296023753240345e-07;7,005350781755237e-07;0,005201743320495054;0,005201743320495052;0,005201743320495054;0,973010660345255;-0,5648485693419422;0,9729989920859466;-0,5650261385079968;5,201743320495054e-07
359;0,0;0,0;0,0;0,0;0,0;0,0;;;;;;;;
360;0,12601742469102792;0,061012013492157666;-0,12600363448265994;-0,06100250560567687;1,3790208367975287e-05;9,507886480797367e-06;0,008358817506426197;0,008358817506426197;0,008358817506426197;0,9670617725998014;-0,6191351003197174;0,9669474244151938;-0,6201780623343968;8,358817506426197e-07
361;-0,1980097880091665;-0,09500674383254537;0,19810730647297678;0,09507398051314031;9,751846381028662e-05;6,723668059493981e-05;0,01368344433358369;0,013683444333583688;0,01368344433358369;0,9266618665671503;-0,7279075066534393;0,9271555643280622;-0,7231008569662847;1,368344433358369e-06
362;0,0;0,0;0,0;0,0;0,0;0,0;;;;;;;;
363;-9,999999990538026e-05;-2,3183491030851042e-14;0,00010000001246124034;8,680028187497087e-12;1,2555860078857992e-11;8,656844696466236e-12;5,981965804030813e-06;5,981965804030814e-06;5,981965804030814e-06;0,9651514026614861;-0,6365423299824994;0,9651515238445495;-0,6365373699764691;5,981965804030814e-10
364;0,16003654238302104;0,07702519313489288;-0,16000206298645836;-0,07700142195096214;3,447939656267551e-05;2,3771183930737516e-05;0,010791520159922626;0,010791520159922626;0,010791520159922626;0,950208888088831;-0,45776647591986036;0,9499875184414104;-0,4598529885864922;1,0791520159922625e-06
365;0,07100694341925935;0,03400478725487303;-0,07100000000014221;-0,034000000000105536;6,943419117139138e-06;4,787254767490978e-06;0,004594325331703649;0,004594325331703648;0,004594325331703649;0,9893599575271265;-0,09474434985447552;0,989255277127928;-0,09570412908721211;4,594325331703649e-07
366;0,00010000000877350787;5,945892227944452e-12;-9,999999984511874e-05;2,099328228963643e-13;8,928389128829047e-12;6,155825050840816e-12;6,08374351653715e-06;6,08374351653715e-06;6,08374351653715e-06;0,9490050300018636;-0,45536065001939857;0,9490049452710074;-0,45536417704704824;6,08374351653715e-10
367;0,0;0,0;0,0;0,0;0,0;0,0;;;;;;;;
368;0,06810711161181919;0,033004903494625065;-0,06810206956670488;-0,03300142687897269;5,042045114311833e-06;3,4766156523785563e-06;0,004386430792522084;0,004386430792522084;0,004386430792522084;0,9961526442597428;-0,034014157191431714;0,9960729673739441;-0,03471811973716557;4,386430792522083e-07
369;0,0680041271499164;0,03300284544057414;-0,067999999999979;-0,03299999999997842;4,1271499374023746e-06;2,8454405957209494e-06;0,004371175543955132;0,0043711755439551315;0,004371175543955132;0,9983934160037831;-0,014172970919612962;0,9983279653178501;-0,014747535931154167;4,3711755439551325e-07
370;-0,059000000000231166;-0,028999999996736157;0,059003078641694615;0,029002122464025858;3,0786414634484394e-06;2,122467289700225e-06;0,003843994916851101;0,003843994916851101;0,003843994916851101;0,9874132466483545;-0,1072235124240397;0,9874688067027714;-0,10674702490340633;3,8439949168511014e-07
371;0,07301067570716312;0,03500736012207374;-0,07300299922194257;-0,035002067692451865;7,676485220542428e-06;5,29242962187676e-06;0,0049132362685591615;0,004913236268559163;0,004913236268559163;0,9514668201268316;-0,43624933596425647;0,9513585929695452;-0,43727781476223077;4,913236268559163e-07
372;0,0;0,0;0,0;0,0;0,0;0,0;;;;;;;;
373;0,0;0,0;0,0;0,0;0,0;0,0;;;;;;;;
374;0,0;0,0;0,0;0,0;0,0;0,0;;;;;;;;
375;0,062004780849694754;0,030004036113587575;-0,061999999999972806;-0,029999999999996918;4,780849721948421e-06;4,0361135906566425e-06;0,004005856871608935;0,004005856871608935;0,004005856871608935;0,9927833920454042;-0,06334211976031608;0,9926960295022034;-0,06463204959236468;4,0058568716089347e-07
376;0,12200936801850716;0,059006455992165203;-0,1220000003745474;-0,05899999731561839;9,367643959756755e-06;6,458676546812481e-06;0,008437625527717076;0,008437625527717076;0,008437625527717076;0,9273648384444854;-0,7211057878483462;0,9272878926863592;-0,7218397230881682;8,437625527717076e-07
377;0,06000073278833401;0,029000505155424128;-0,060000000000951216;-0,02899999999986664;7,327873827941978e-07;5,051555574883682e-07;0,00385341171167825;0,003853411711678251;0,003853411711678251;0,9984816283680025;-0,038051684892368126;0,9984684495819532;-0,0381685520238768;3,853411711678251e-07
378;0,0;0,0;0,0;0,0;0,0;0,0;;;;;;;;
379;0,06800265473756316;0,03300183055039121;-0,06799999999995217;-0,03299999999985405;2,654737610990887e-06;1,8305505371588038e-06;0,004418808934121555;0,004418808934121556;0,004418808934121556;0,9876079473615591;-0,11040034121753343;0,9875662994030011;-0,11077010650069058;4,418808934121556e-07
380;0,05600220085111454;0,027001517480189353;-0,05599999999980676;-0,027000000000011376;2,2008513077820258e-06;1,5174801779767322e-06;0,0035986098683900495;0,003598609868390049;0,0035986098683900495;0,9974653257162466;-0,022385780791589503;0,9974229462804172;-0,022764612167236645;3,5986098683900495e-07
381;0,05600055077502475;0,027000379937362595;-0,05600000000081071;-0,026999999999781962;5,50774214042038e-07;3,799375806329275e-07;0,0035893742276651595;0,0035893742276651595;0,0035893742276651595;1,0;0,0;0,9999893657855402;-9,49573051874337e-05;3,5893742276651593e-07
382;0,053103689586721084;0,02600254391198521;-0,053101334242330794;-0,0260009199250921;2,3553443902896154e-06;1,6239868931081092e-06;0,003425989149993083;0,0034259891499930826;0,003425989149993083;0,9964314646079582;-0,03154317902571475;0,9963837810416224;-0,03195282069267921;3,425989149993083e-07
383;-0,12200000037561588;-0,058999997265947506;0,12202500414589174;0,05901723652753304;2,5003770275852655e-05;1,723926158553324e-05;0,00844157421366732;0,00844157421366732;0,00844157421366732;0,9268541382971902;-0,7259282791689321;0,9270594233495748;-0,7239695575236242;8,44157421366732e-07
384;0,05200025706895188;0,025000177236761713;-0,05199999999985354;-0,024999999996234264;2,570690983416668e-07;1,7724052744916285e-07;0,0034237781917238717;0,003423778191723871;0,0034237781917238717;0,9729554853115936;-0,5653750390715775;0,9729502834010556;-0,5654230540200436;3,4237781917238714e-07
385;-0,0001000000000517882;3,197349994917112e-13;0,00010000000474165206;2,9137689397707475e-12;4,6898638672663445e-12;3,2335039392624587e-12;5,970149094131256e-06;5,970149094131256e-06;5,970149094131256e-06;0,9670617272459225;-0,6191369529809257;0,9670617725998014;-0,6191351003197174;5,970149094131255e-10
386;0,0;0,0;0,0;0,0;0,0;0,0;;;;;;;;
387;0,0;0,0;0,0;0,0;0,0;0,0;;;;;;;;
388;-9,999999995352869e-05;7,179811718445132e-14;0,00010000001291876442;8,867304398049171e-12;1,2965235737230282e-11;8,939102515233622e-12;5,84592168170863e-06;5,84592168170863e-06;5,84592168170863e-06;0,9876120488028455;-0,11039179273186517;0,9876121768490798;-0,11038667100405394;5,845921681708631e-10
389;0,0;0,0;0,0;0,0;0,0;0,0;;;;;;;;
390;0,05000182251518971;0,024001256405140763;-0,050000000000216614;-0,0240000000001712;1,8225149730974333e-06;1,2564049695629187e-06;0,0032129331653201246;0,0032129331653201246;0,0032129331653201246;0,9966621593187106;-0,029476995163815925;0,9966228647966898;-0,02983237683476566;3,2129331653201245e-07
391;0,0;0,0;0,0;0,0;0,0;0,0;;;;;;;;
392;-0,077000000235727;-0,036999998258240324;0,07700978767723021;0,03700674651765599;9,787441503206207e-06;6,748259415663427e-06;0,005323284899540332;0,005323284899540334;0,005323284899540334;0,9265344877158582;-0,729143699703236;0,9266618665671503;-0,7279075066534393;5,323284899540334e-07
393;-0,07000000003624189;-0,03399999979878197;0,07000454946231993;0,03400313635961838;4,5494260780404305e-06;3,1365608364128383e-06;0,0047356554358229256;0,0047356554358229256;0,0047356554358229256;0,9487509194506136;-0,45778924242500046;0,9488175173851041;-0,4571754678285019;4,7356554358229254e-07
394;0,04500074719221058;0,02200051516414012;-0,045000000000325;-0,022000000000377697;7,471918855792015e-07;5,151637624233041e-07;0,002918547473010789;0,0029185474730107895;0,0029185474730107895;0,9909020415015481;-0,10446685264219914;0,990884286448019;-0,10462085992921002;2,9185474730107894e-07
395;0,04500014077624773;0,022000097104252096;-0,04499999999767346;-0,021999999997863277;1,4077857427019502e-07;9,710638881887945e-08;0,002926290077443307;0,0029262900774433068;0,002926290077443307;0,9882658649232738;-0,11839918508432627;0,9882625281579595;-0,11842824755360314;2,926290077443307e-07
396;-0,0329999999999509;-0,01599999999988514;0,03300170150391908;0,01600117317543969;1,7015039681794741e-06;1,1731755545502098e-06;0,002142654055777273;0,002142654055777273;0,002142654055777273;0,9882082096763936;-0,10514516822748597;0,9882632558044295;-0,10465570082936046;2,142654055777273e-07
397;0,043000300288646535;0,021000207078979136;-0,04299999999945415;-0,02099999999917641;3,0028919238700436e-07;2,0707980272552384e-07;0,0027975248395294386;0,0027975248395294403;0,0027975248395294403;0,9876121768490798;-0,11038667100405394;0,9876047326759357;-0,11045168141988441;2,7975248395294405e-07
398;0,04100080908783883;0,020000557873075066;-0,040999999999652745;-0,01999999999978659;8,090881860878252e-07;5,578732884745086e-07;0,0026764233632662433;0,002676423363266244;0,002676423363266244;0,984078745403371;-0,29556590345074796;0,9840577827064971;-0,29575012269603607;2,676423363266244e-07
399;-0,04100000000016791;-0,019999999999946488;0,041000995385488105;0,02000068621255359;9,953853201960516e-07;6,862126071018049e-07;0,0026423891196219623;0,0026423891196219623;0,0026423891196219623;0,9967325481748985;-0,028856173202346333;0,9967586687303185;-0,028629666414086465;2,642389119621962e-07
400;0,03300084672374096;0,01600058388089414;-0,03299999999975838;-0,015999999999893776;8,467239825810102e-07;5,838810003648554e-07;0,00214400659792361;0,0021440065979236094;0,00214400659792361;0,9876121768490798;-0,11038667100405394;0,9875848005581467;-0,11063035190198744;2,1440065979236102e-07
401;0,04000137277664512;0,019000946415237367;-0,040000000000189405;-0,019000000000022117;1,3727764557117106e-06;9,464152152492689e-07;0,0025668657704383618;0,0025668657704383618;0,0025668657704383618;0,9960729673739441;-0,03471811973716557;0,9960359433908987;-0,035062111159938125;2,5668657704383615e-07
402;0,0;0,0;0,0;0,0;0,0;0,0;;;;;;;;
403;-0,00010000000000361265;-4,929189448116482e-14;0,00010000001080257546;7,495508145206585e-12;1,0798962811757636e-11;7,44621625072542e-12;5,847883510872163e-06;5,847883510872162e-06;5,847883510872163e-06;0,9872807283816372;-0,11350575248157879;0,9872808349977188;-0,11350148611439767;5,847883510872163e-10
404;0,0;0,0;0,0;0,0;0,0;0,0;;;;;;;;
405;0,03710068294238013;0,018000470785605828;-0,03710024298888145;-0,01800016751168177;4,3995349868070077e-07;3,032739240571569e-07;0,0023939088901547955;0,002393908890154796;0,002393908890154796;0,9945284602716723;-0,11839730374417244;0,994515721223552;-0,11850958346267224;2,393908890154796e-07
406;0,034001005528411066;0,017000693302418816;-0,03399999999961697;-0,01699999999992225;1,0055287940971547e-06;6,933024965655177e-07;0,00220272592839063;0,0022027259283906304;0,0022027259283906304;0,9963837810416224;-0,03195282069267921;0,9963520810928037;-0,032209683789472796;2,2027259283906306e-07
407;0,034000081317756475;0,017000056092067117;-0,03399999999698287;-0,0169999999985408;8,132077360806234e-08;5,609352631691378e-08;0,0022240771290183703;0,0022240771290183707;0,0022240771290183707;0,9867896134256411;-0,27141510585020573;0,9867870740733026;-0,27143591176746473;2,2240771290183707e-07
408;0,0;0,0;0,0;0,0;0,0;0,0;;;;;;;;
409;0,03100019725702423;0,015000135981292198;-0,030999999999645388;-0,01499999999960976;1,9725737884085381e-07;1,359816824385296e-07;0,001999277371184467;0,001999277371184467;0,001999277371184467;0,994515721223552;-0,11850958346267224;0,9945088831744706;-0,11857028813976263;1,999277371184467e-07
410;0,038002999208882206;0,018002067765953776;-0,03800000001379629;-0,017999999921462256;2,9991950859162286e-06;2,06784449151981e-06;0,002551957249049371;0,002551957249049371;0,002551957249049371;0,9513585929695452;-0,43727781476223077;0,95127724435332;-0,43807472116678536;2,5519572490493713e-07
411;0,029103700703853867;0,014002551467933114;-0,02910146553040429;-0,014001010408771499;2,2351734495773545e-06;1,5410591616155794e-06;0,0018666840862127667;0,0018666840862127667;0,0018666840862127667;0,9989203551908377;-0,00951102974113792;0,9988373936118073;-0,010255504657953855;1,8666840862127666e-07
412;0,02900006194582713;0,014000052293067656;-0,029000000000937335;-0,014000000000549387;6,19448897939967e-08;5,229251826867343e-08;0,0018803369979599664;0,0018803369979599666;0,0018803369979599666;0,9887673527016215;-0,11130079252293276;0,9887649418149782;-0,11133666470821536;1,8803369979599667e-07
413;0,00010000000395823061;2,9107116645301722e-12;-9,999999954187908e-05;1,3455369321821009e-13;4,416351534692123e-12;3,0452653577483823e-12;5,842267807463963e-06;5,842267807463963e-06;5,842267807463963e-06;0,9882297612322223;-0,11925715551606617;0,9882297175885234;-0,11925890032452545;5,842267807463963e-10
414;0,0;0,0;0,0;0,0;0,0;0,0;;;;;;;;
415;0,02800069679085004;0,014000480463690367;-0,027999999999939237;-0,013999999999983226;6,967909108035464e-07;4,804637071410128e-07;0,0018145664776467757;0,001814566477646776;0,001814566477646776;0,9960729673739441;-0,03471811973716557;0,9960463011366093;-0,034934312618723797;1,814566477646776e-07
416;0,026000249680387322;0,01300017209735786;-0,026000000010025944;-0,012999999942311156;2,496703613782958e-07;1,7215504670431425e-07;0,001742482197856407;0,001742482197856407;0,001742482197856407;0,9631720326310379;-0,3771780881727798;0,9631620824874956;-0,37726150973092526;1,7424821978564073e-07
417;0,0;0,0;0,0;0,0;0,0;0,0;;;;;;;;
418;0,0240014509761091;0,012001000374494029;-0,023999999999959453;-0,011999999999951222;1,4509761496472873e-06;1,0003745428074917e-06;0,0015510974119502922;0,0015510974119502918;0,0015510974119502922;0,9988373936118073;-0,010255504657953855;0,9987724346285356;-0,010780464997190365;1,5510974119502923e-07
419;0,024000820254450463;0,01200056552587833;-0,024000000000056254;-0,011999999999909531;8,202543942091578e-07;5,655259687990105e-07;0,0015509247459281677;0,0015509247459281675;0,0015509247459281677;0,9989203551908377;-0,00951102974113792;0,9988836289773717;-0,00980780862139182;1,5509247459281678e-07
420;0,02400036030283885;0,012000248366274105;-0,02400000000034184;-0,012000000000241972;3,603024970079416e-07;2,483660321329906e-07;0,0015776997247475783;0,001577699724747578;0,0015776997247475783;0,9819475359818878;-0,3146141924865319;0,9819316782569181;-0,31474447102267045;1,5776997247475783e-07
421;0,0;0,0;0,0;0,0;0,0;0,0;;;;;;;;
422;0,0230001433222758;0,011000098719714281;-0,023000000015621656;-0,010999999902290083;1,433066541441097e-07;9,881742419823314e-08;0,0015416100118575706;0,0015416100118575702;0,0015416100118575706;0,9548264847064503;-0,46527648222802576;0,9548200462152004;-0,46533787006170935;1,5416100118575706e-07
423;0,023000063297939556;0,01100004361532588;-0,023000000002208646;-0,01099999998697744;6,32957309100457e-08;4,3628348439170295e-08;0,0015193347966885955;0,001519334796688596;0,001519334796688596;0,9688217046796728;-0,272724996756083;0,9688188195167838;-0,27275207545196606;1,519334796688596e-07
424;0,02200061722048407;0,010000425542637295;-0,021999999999890697;-0,009999999999937708;6,17220593371326e-07;4,2554269958673674e-07;0,0014053621232375192;0,0014053621232375194;0,0014053621232375194;0,9928206785874856;-0,0637553521840774;0,992790360590962;-0,06406828486205306;1,4053621232375194e-07
425;0,0213005364647857;0,010000369893344407;-0,021300127808907252;-0,010000088138812615;4,0865587844912676e-07;2,817545317924941e-07;0,0013650845754366;0,0013650845754366004;0,0013650845754366004;0,9952335707597775;-0,09648368483689224;0,995212861176354;-0,09668182274304238;1,3650845754366003e-07
426;0,0210005100731089;0,010000351569715444;-0,021000000013037007;-0,009999999921306181;5,100600718940806e-07;3,516484092629113e-07;0,0014220979580000348;0,001422097958000035;0,001422097958000035;0,9443215775083204;-0,4996908424850774;0,9442967434632232;-0,4999327297887961;1,422097958000035e-07
427;0,021000127761033;0,010000088106010751;-0,020999999999166033;-0,010000000000028951;1,2776186696789038e-07;8,810598180024332e-08;0,0013493508484785392;0,0013493508484785392;0,0013493508484785392;0,995212861176354;-0,09668182274304238;0,995206304846754;-0,09674246552549857;1,349350848478539e-07
428;0,021000071549842025;0,010000060412571548;-0,020999999999669554;-0,009999999998612686;7,155017247087447e-08;6,041395886162426e-08;0,001362363975762515;0,0013623639757625152;0,0013623639757625152;0,9857040592826993;-0,12345148425842771;0,9857002208940824;-0,12351007096769877;1,362363975762515e-07
429;0,021000080524238907;0,010000055035746793;-0,021000000060890978;-0,0099999995481214;8,046334792899401e-08;5,5487625393729756e-08;0,0014481153257468163;0,0014481153257468163;0,0014481153257468163;0,9273350068147209;-0,7214578244959575;0,927331159321705;-0,7214960151727418;1,448115325746816e-07
430;0,021000081223352163;0,010000056000118872;-0,02100000000053753;-0,009999999999710425;8,122281463379677e-08;5,6000408447595684e-08;0,0013608325976388017;0,0013608325976388015;0,0013608325976388017;0,9868135861679999;-0,2626455375801085;0,9868094534550371;-0,2626840643750844;1,3608325976388017e-07
431;0,02100005453972694;0,010000037546510045;-0,02100000000641287;-0,009999999957901882;5,4533314069321603e-08;3,758860816355236e-08;0,0014102536108119945;0,0014102536108119945;0,0014102536108119945;0,9522303198277411;-0,4244683461966667;0,9522276425266669;-0,4244941904003183;1,4102536108119946e-07
432;0,0710036344806746;0,03400250561328875;-0,071000000001973;-0,03399999999054718;3,6344787015946123e-06;2,5056227415665155e-06;0,0047005785429190166;0,004700578542919016;0,0047005785429190166;0,9669474244151938;-0,6201780623343968;0,9668938701032662;-0,6206803266417273;4,700578542919016e-07
433;0,08100543608168535;0,03900374786256859;-0,0810000000000265;-0,03899999999980795;5,436081658857783e-06;3,747862760639098e-06;0,0052925355399092875;0,0052925355399092875;0,0052925355399092875;0,9807685412604318;-0,32522257458491094;0,9806973745952252;-0,3258716931914304;5,292535539909287e-07
434;0,019000328713829995;0,009000226622506904;-0,018999999999891454;-0,009000000000002884;3,287139385410587e-07;2,2662250401955797e-07;0,0012182375968166777;0,001218237596816678;0,001218237596816678;0,9963837810416224;-0,03195282069267921;0,9963651044495484;-0,032127479082390234;1,2182375968166778e-07
435;0,019000292944097986;0,009000201975055966;-0,01900000000019656;-0,009000000000054166;2,9294390142473037e-07;2,0197500179980343e-07;0,0012182927507973583;0,001218292750797358;0,0012182927507973583;0,9963366412404956;-0,03238799613778512;0,9963199974877791;-0,032543681196679754;1,2182927507973583e-07
436;0,018100434779336594;0,009000299683096331;-0,018100175558330187;-0,009000120981376198;2,592210064066014e-07;1,7870172013337293e-07;0,0012117170957227665;0,0012117170957227667;0,0012117170957227667;0,9631720326310379;-0,3771780881727798;0,9631571821944526;-0,37730449467979654;1,2117170957227666e-07
437;0,018000175558299112;0,009000120981126071;-0,018000000007070322;-0,008999999959488119;1,7555122878987195e-07;1,2102163795234266e-07;0,0012063526232831833;0,0012063526232831835;0,0012063526232831835;0,9631571821944526;-0,37730449467979654;0,9631470771946715;-0,37738915409659496;1,2063526232831835e-07
438;0,018000015062618013;0,009000010367605827;-0,01800000000310806;-0,008999999998762912;1,505950995156491e-08;1,0368842914484921e-08;0,0011711276908886023;0,0011711276908886025;0,0011711276908886025;0,9921173057579379;-0,09355547988337803;0,992116413120747;-0,09356270955495066;1,1711276908886024e-07
439;0,01700020152719184;0,008000138952431075;-0,016999999999838925;-0,00799999999994379;2,0152735291309454e-07;1,3895248728544585e-07;0,0010889461800073076;0,0010889461800073076;0,0010889461800073076;0,9961526442597428;-0,034014157191431714;0,9961398395291887;-0,03413588456164852;1,0889461800073075e-07
440;-0,023100143321032572;-0,011000098719521342;0,023101153725789015;0,011000795347360101;1,0104047564428453e-06;6,966278387598307e-07;0,0015470670996639052;0,001547067099663905;0,0015470670996639052;0,9548264847064503;-0,46527648222802576;0,9548717063718587;-0,4648408319200985;1,5470670996639052e-07
441;0,01500016291742747;0,007000112316973866;-0,01499999999997192;-0,006999999999957557;1,6291745555049864e-07;1,1231701630906588e-07;0,0009576915409478849;0,0009576915409478849;0,0009576915409478849;0,997916313111108;-0,01840067950507287;0,9979045495592029;-0,018514502932437397;9,57691540947885e-08
442;0,014000291774942933;0,007000201155981403;-0,014000000000846011;-0,006999999996397505;2,917740969214655e-07;2,011595838982e-07;0,0009264641519224794;0,0009264641519224796;0,0009264641519224796;0,9754466735303954;-0,21352990876628083;0,9754248042846575;-0,21371086945246806;9,264641519224796e-08
443;0,01400018034689819;0,007000124342814725;-0,01400000000041947;-0,006999999999962096;1,8034647871964515e-07;1,2434285262975103e-07;0,0009068480379667607;0,0009068480379667606;0,0009068480379667607;0,9965381187066739;-0,0305516698898343;0,9965243087054797;-0,03066354117539876;9,068480379667608e-08
444;0,014000176880979912;0,007000121945277951;-0,013999999999777126;-0,006999999999959612;1,7688120278538944e-07;1,2194531833886052e-07;0,0009071987130008016;0,0009071987130008016;0,0009071987130008016;0,9961526442597428;-0,034014157191431714;0,9961391050845918;-0,03412385163619881;9,071987130008017e-08
445;0,014200398913637752;0,006000275031507626;-0,014200385580451893;-0,006000265834529057;1,3333185859207286e-08;9,196978568472292e-09;0,0009005670645098855;0,0009005670645098857;0,0009005670645098857;0,9883174246836509;-0,11795645699347866;0,9883164078117336;-0,1179686555936967;9,005670645098857e-08
446;0,014100385581332371;0,0060002658360035635;-0,01410007802619333;-0,006000053795330828;3,0755513904037746e-07;2,1204067273544736e-07;0,0008951888553174332;0,0008951888553174332;0,0008951888553174332;0,9883164078117336;-0,1179686555936967;0,9882928011550428;-0,1182478999737125;8,951888553174332e-08
447;0,0;0,0;0,0;0,0;0,0;0,0;;;;;;;;
448;0,013000058296734817;0,006000040197416693;-0,013000000000334265;-0,006000000000336413;5,82964005523684e-08;4,019708027980934e-08;0,0008419876571517942;0,0008419876571517942;0,0008419876571517942;0,9817766400900958;-0,3162830771155472;0,9817718555769567;-0,31633136845756105;8,419876571517942e-08
449;0,0;0,0;0,0;0,0;0,0;0,0;;;;;;;;
450;0,012000150862714325;0,006000104026873466;-0,012000000000258268;-0,006000000000031693;1,5086245605706872e-07;1,0402684177349825e-07;0,0007768358663180677;0,0007768358663180678;0,0007768358663180678;0,9971310276824007;-0,025336329306150752;0,9971175416075444;-0,025445555027547882;7,768358663180678e-08
451;0,0;0,0;0,0;0,0;0,0;0,0;;;;;;;;
452;0,0;0,0;0,0;0,0;0,0;0,0;;;;;;;;
453;-0,01010000000679269;-0,005000000005627479;0,010100099312530687;0,005000083843467118;9,930573799735165e-08;8,383783963936131e-08;0,0006601804436050379;0,0006601804436050379;0,0006601804436050379;0,9855886098034816;-0,2735168111261004;0,9855996458012537;-0,2733588182427219;6,601804436050379e-08
454;0,010000042476025426;0,00500002927968162;-0,010000000000249223;-0,004999999998508238;4,2475776203601545e-08;2,928117338266839e-08;0,0006560124560466936;0,0006560124560466936;0,0006560124560466936;0,9839754838020042;-0,13642214572117747;0,9839709877342792;-0,1364590132567531;6,560124560466935e-08
455;0,010000075039379207;0,005000051738892919;-0,010000000000310757;-0,004999999999971606;7,503906845028607e-08;5,173892131307006e-08;0,000647937088694878;0,0006479370886948781;0,0006479370886948781;0,9962424539979475;-0,033218037593475504;0,9962344117133727;-0,033283213936727216;6,479370886948781e-08
456;0,0;0,0;0,0;0,0;0,0;0,0;;;;;;;;
457;0,009000126521539446;0,004000087190443812;-0,009000000004701098;-0,00399999996315986;1,265168383477594e-07;8,722728395225282e-08;0,000595831688230955;0,000595831688230955;0,000595831688230955;0,9543513733176859;-0,4695870212872547;0,9543367379136537;-0,4697518050889078;5,9583168823095504e-08
458;0,009000072598210597;0,004000050054090018;-0,00900000000007111;-0,004000000000106023;7,259813948612415e-08;5,00539839949285e-08;0,0005753649865072903;0,0005753649865072903;0,0005753649865072903;0,9882928011550428;-0,1182478999737125;0,9882841042618182;-0,11834246275294628;5,753649865072903e-08
459;-0,08500170150413544;-0,04100117317542514;0,08500776758828948;0,04100535523524631;6,06608415404386e-06;4,182059821167261e-06;0,0055133741772919595;0,0055133741772919595;0,0055133741772919595;0,9882632558044295;-0,10465570082936046;0,9883394969674848;-0,10396891848104466;5,51337417729196e-07
460;0,0;0,0;0,0;0,0;0,0;0,0;;;;;;;;
461;0,006000045730283065;0,0030000315304002526;-0,005999999999819581;-0,002999999999994129;4,5730463483703576e-08;3,1530406123699006e-08;0,0003894372929143848;0,00038943729291438477;0,0003894372929143848;0,994515721223552;-0,11850958346267224;0,9945075668354604;-0,1185757799760016;3,894372929143848e-08
462;0,005000041899301192;0,002000028868760803;-0,0050000000014112575;-0,001999999981569932;4,1897889934382204e-08;2,8887190871122737e-08;0,0003257920687211313;0,0003257920687211313;0,0003257920687211313;0,9543372291830706;-0,4697857406096237;0,954328434095681;-0,4699055473027553;3,257920687211313e-08
463;0,005000014554104227;0,0020000100340582206;-0,004999999999889284;-0,001999999999876079;1,4554214942605337e-08;1,0034182141432924e-08;0,00031127552134731955;0,00031127552134731955;0,00031127552134731955;0,9988373936118073;-0,010255504657953855;0,9988341959837367;-0,010297118016367261;3,1127552134731954e-08
464;0,005000022946336775;0,0020000158213938145;-0,004999999999876008;-0,0020000000000748477;2,2946460767094e-08;1,5821318966741105e-08;0,00031199038886997653;0,0003119903888699765;0,00031199038886997653;0,996550584549565;-0,030491658730957227;0,9965455545731348;-0,03055727920326375;3,1199038886997655e-08
465;0,005000005428749645;0,0020000037418758136;-0,005000000001198026;-0,0020000000007844346;5,427551619079096e-09;3,7410913789580336e-09;0,0003145960448010614;0,00031459604480106146;0,00031459604480106146;0,9882928011550428;-0,1182478999737125;0,9882916213413008;-0,1182634100287139;3,145960448010615e-08
466;0,00020000004769951755;3,300469570778383e-11;-0,00020000000341653386;-2,473062628263698e-12;4,4282983692727623e-11;3,053163307952013e-11;1,1602551160841005e-05;1,1602551160841003e-05;1,1602551160841005e-05;0,995212861176354;-0,09668182274304238;0,9952126408214186;-0,09669056940938493;1,1602551160841006e-09
467;-9,999999920832016e-05;2,680278425216281e-15;0,00010000000760179554;5,7843396773816244e-12;8,393475381418027e-12;5,787019955806841e-12;6,186593689202615e-06;6,186593689202615e-06;6,186593689202615e-06;0,9332280308411112;-0,6652580381004511;0,9332281091713782;-0,6652547223825089;6,186593689202615e-10
468;0,00010000001011998196;7,003003043487609e-12;-0,00010000000003578968;-5,02904363440434e-14;1,0084192283836037e-11;6,952712607143565e-12;5,947433120573516e-06;5,947433120573516e-06;5,947433120573516e-06;0,9707554770480478;-0,27173876866392654;0,9707553791552064;-0,27174275227440603;5,947433120573515e-10
469;-0,00010000000057498791;-1,1166347527512635e-13;0,00010000000366380398;2,2412986263125153e-12;3,088816068154074e-12;2,129635151037389e-12;5,933988670511943e-06;5,933988670511946e-06;5,933988670511946e-06;0,9729547940972226;-0,5654031034457747;0,9729548241500066;-0,5654018832547607;5,933988670511946e-10
470;-9,99999995341361e-05;1,4652686063439953e-13;0,00010000000742575592;5,294126102916887e-12;7,891619825607828e-12;5,440652963551286e-12;5,8540303166586414e-06;5,8540303166586414e-06;5,8540303166586414e-06;0,9862440665143306;-0,28057072734484634;0,9862441443449647;-0,2805676100805452;5,854030316658641e-10
471;-0,00010000000006811597;5,644646004645084e-14;0,00010000000668341419;5,528364126800162e-12;6,6152982207802816e-12;5,584810586846613e-12;5,857923904898369e-06;5,857923904898368e-06;5,857923904898369e-06;0,9855885446038587;-0,2735200109866488;0,9855886098034816;-0,2735168111261004;5,857923904898369e-10
472;0,00010000000363397924;2,590994408314063e-12;-9,999999994373047e-05;-4,6691559581375774e-14;3,690248776585907e-12;2,5443028487326874e-12;5,801275692136379e-06;5,801275692136378e-06;5,801275692136379e-06;0,9952126408214186;-0,09669056940938493;0,9952126040955974;-0,09669202718748134;5,801275692136379e-10
