;p_from_mw;q_from_mvar;p_to_mw;q_to_mvar;pl_mw;ql_mvar;i_from_ka;i_to_ka;i_ka;vm_from_pu;va_from_degree;vm_to_pu;va_to_degree;loading_percent
0;-3,3573899033034245;-1,6404888837493656;3,360770682310506;1,6444772230417775;0,003380779007081447;0,003988339292411824;0,2160176298009788;0,21601762980097883;0,21601762980097883;0,9987200195384999;-0,032146398350803296;1,000000000026116;6,55784403929043e-20;2,1601762980097883e-05
1;-3,2947410496377447;-1,6088929951534225;3,297289170867506;1,6114883788331258;0,0025481212297613354;0,002595383679703245;0,21215997994003616;0,21215997994003624;0,21215997994003624;0,9977869532241299;-0,051100169019813395;0,9987200195384999;-0,032146398350803296;2,1215997994003623e-05
2;-2,6214095755442384;-1,2730251830274548;2,626208861947906;1,2763341243194486;0,0047992864036676686;0,003308941291993772;0,1685823417307863;0,16858234173078626;0,1685823417307863;0,9980264071088432;-0,01726768644872149;1,000000000026116;6,55784403929043e-20;1,685823417307863e-05
3;-2,5578545212403663;-1,2408842156817863;2,5624095755442653;1,2440251830272502;0,00455505430389902;0,0031409673454638742;0,1647792685480234;0,16477926854802347;0,16477926854802347;0,9961100725017905;-0,034120015313780346;0,9980264071088432;-0,01726768644872149;1,6477926854802348e-05
4;2,2345510171696987;1,0859925380811775;-2,2258143219027797;-1,0770965897848057;0,008736695266919003;0,008895948296371747;0,14344102203553585;0,1434410220355359;0,1434410220355359;1,000000000026116;6,55784403929043e-20;0,9952735075848389;-0,09690526184629157;1,434410220355359e-05
5;-2,268367169079121;-1,1001693804020563;2,270831412068203;1,1018682826816577;0,0024642429890819884;0,0016989022796014552;0,14629472006774705;0,14629472006774702;0,14629472006774705;0,9949424470583342;-0,04440850929124608;0,9961100725017905;-0,034120015313780346;1,4629472006774703e-05
6;-2,1901283008490475;-1,0525527925194147;2,204412604298734;1,0670974711485568;0,014284303449686675;0,014544678629142105;0,14207083598840123;0,14207083598840123;0,14207083598840123;0,9874772063048617;-0,25884056897255;0,9952735075848389;-0,09690526184629157;1,4207083598840122e-05
7;-3,288011369531122;-1,6022444954001156;3,2945410496117864;1,608892995134853;0,006529680080664235;0,0066484997347373564;0,21214958101474293;0,21214958101474293;0,21214958101474293;0,9953965629707866;-0,0997990902609446;0,9977869532241299;-0,051100169019813395;2,1214958101474294e-05
8;-1,9131235433170972;-0,9191924532807192;1,9137331076211264;0,9199115768494517;0,0006095643040291421;0,0007191235687324937;0,12259162173916245;0,12259162173916244;0,12259162173916245;0,9995945537767897;-0,010367198532862915;1,000000000026116;6,55784403929043e-20;1,2259162173916244e-05
9;-3,241469868988805;-1,574732941611718;3,2508106877800564;1,5842440254339247;0,009340818791251593;0,009511083822206778;0,20975254951924424;0,2097525495192442;0,20975254951924424;0,9919391976434728;-0,17067308508056026;0,9953965629707866;-0,0997990902609446;2,0975254951924425e-05
10;-1,899729555324706;-0,9056566560725697;1,9130234198533416;0,9191926124776253;0,013293864528635568;0,01353595640505556;0,12258641321092373;0,12258641321092376;0,12258641321092376;0,9911947921766904;-0,18577995476525647;0,9995945537767897;-0,010367198532862915;1,2258641321092376e-05
11;1,8996293291721267;0,9056569482962789;-1,8881870749423477;-0,8940059810023074;0,011442254229778959;0,011650967293971415;0,12258115079712661;0,12258115079712661;0,12258115079712661;0,9911947921766904;-0,18577995476525647;0,9839720996311652;-0,3391640744718078;1,2258115079712661e-05
12;-3,108768418345823;-1,506908338400297;3,115469868988787;1,5137329416114813;0,006701450642964346;0,006824603211184277;0,20160459308738676;0,2016045930873868;0,2016045930873868;0,9893593268041874;-0,22390524179976407;0,9919391976434728;-0,17067308508056026;2,016045930873868e-05
13;1,6286624740933577;0,7899713974698382;-1,6248780054093974;-0,7873622438654767;0,003784468683960318;0,002609153604361536;0,10450831327649178;0,10450831327649178;0,10450831327649178;1,000000000026116;6,55784403929043e-20;0,9974899147459141;-0,02208491588407916;1,045083132764918e-05
14;1,3785442676608035;0,6677531637525186;-1,3758029561015663;-0,6658631588556442;0,0027413115592371806;0,0018900048968744088;0,08880794266090951;0,08880794266090954;0,08880794266090954;0,9958119917311274;-0,03691122056489888;0,9936725031234207;-0,05587578845761373;8,880794266090953e-06
15;1,498878005409368;0,7263622438654589;-1,4965442676609761;-0,7247531637524397;0,002333737748391851;0,00160908011301919;0,09640569040333279;0,09640569040333283;0,09640569040333283;0,9974899147459141;-0,02208491588407916;0,9958119917311274;-0,03691122056489888;9,640569040333282e-06
16;1,2498029561015758;0,6048631588558382;-1,247555045681878;-0,603313266307279;0,0022479104196977406;0,0015498925485591952;0,08067419128086896;0,08067419128086893;0,08067419128086896;0,9936725031234207;-0,05587578845761373;0,99174128922306;-0,07306887248760952;8,067419128086896e-06
17;0,7726673121840117;0,37311623060984556;-0,769804185404914;-0,37114217577871217;0,0028631267790977244;0,001974054831133387;0,049538890339601196;0,04953889033960119;0,049538890339601196;1,000000000026116;6,55784403929043e-20;0,9959949310012621;-0,035708867126379995;4,953889033960119e-06
18;0,7487041153262091;0,3611421166060543;-0,7463288109644278;-0,35950438879296376;0,0023753043617812386;0,001637727813090517;0,04818539776707468;0,04818539776707468;0,04818539776707468;0,9959949310012621;-0,035708867126379995;0,992579118627211;-0,0663574374259639;4,818539776707468e-06
19;0,0;0,0;0,0;0,0;0,0;0,0;;;;;;;;
20;-0,40226844422857316;-0,19505578552804215;0,40240308748787396;0,1951694535970461;0,0001346432593007929;0,00011366806900395265;0,026016098409789516;0,02601609840978952;0,02601609840978952;0,992127263575788;-0,07371303120773703;0,9925061878456599;-0,0681359519100854;2,601609840978952e-06
21;0,049101918951730134;0,025001610293320837;-0,04910052009499257;-0,02500042922631521;1,398856737562515e-06;1,1810670056261463e-06;0,0031886655293947614;0,003188665529394761;0,0031886655293947614;0,997670054659612;-0,20425252274435543;0,9976377807281881;-0,20468694272945656;3,1886655293947615e-07
22;0,8527567661790852;0,41421163964887997;-0,8496327475786226;-0,4120577484045953;0,0031240186004626302;0,002153891244284667;0,054734674708630554;0,054734674708630575;0,054734674708630575;1,000000000026116;6,55784403929043e-20;0,9960434276440417;-0,03473683534501137;5,473467470863058e-06
23;1,7594331931407887;0,8514331406058155;-1,7485412055231238;-0,8439234801963718;0,010891987617664967;0,007509660409443786;0,11285010048508184;0,11285010048508184;0,11285010048508184;1,000000000026116;6,55784403929043e-20;0,9933109900052612;-0,05946924222034613;1,1285010048508185e-05
24;1,7264405889118737;0,833923055073633;-1,724261799220288;-0,8324208526050161;0,002178789691585692;0,0015022024686168756;0,1114405755998353;0,1114405755998353;0,1114405755998353;0,9933109900052612;-0,05946924222034613;0,9919560888693997;-0,07158888574418042;1,114405755998353e-05
25;-0,27621695299236687;-0,13401232213468656;0,27626844422851593;0,13405578552787878;5,149123614905937e-05;4,3463393192222366e-05;0,017869680900850032;0,017869680900850032;0,017869680900850032;0,9919162886700311;-0,07681551638830295;0,992127263575788;-0,07371303120773703;1,7869680900850034e-06
26;-1,7082838018944562;-0,8243677447618234;1,7112617992205914;0,8264208526053535;0,00297799732613524;0,0020531078435300776;0,1106073590008872;0,1106073590008872;0,1106073590008872;0,9900903048727242;-0,0883158202377491;0,9919560888693997;-0,07158888574418042;1,1060735900088719e-05
27;0,17512066877120944;0,08601465323702445;-0,17510166224155396;-0,08600155016377373;1,9006529655474225e-05;1,310307325072535e-05;0,01128934915076781;0,011289349150767812;0,011289349150767812;0,9977868426864352;-0,20325932145159273;0,997670054659612;-0,20425252274435543;1,128934915076781e-06
28;0,17525843719894987;0,0860406922432058;-0,1752206685251674;-0,08601465332777201;3,776867378246784e-05;2,6038915433790333e-05;0,011294543066695466;0,011294543066695467;0,011294543066695467;0,9980188062981231;-0,20128394988010462;0,9977868426864352;-0,20325932145159273;1,1294543066695467e-06
29;0,04100149558514162;0,020001262545301404;-0,040999999999999585;-0,020000000000053295;1,495585142036182e-06;1,2625452481089539e-06;0,002650189604631551;0,002650189604631551;0,002650189604631551;0,9938401390598383;-0,054137336640792656;0,9937987968338435;-0,0547389765570938;2,650189604631551e-07
30;0,0;0,0;0,0;0,0;0,0;0,0;;;;;;;;
31;0,7236327475786533;0,35105774840461185;-0,7229415901195124;-0,3505812409790079;0,0006911574591408343;0,00047650742560395587;0,04662028667194094;0,046620286671940944;0,046620286671940944;0,9960434276440417;-0,03473683534501137;0,9950157703179834;-0,04379645560397773;4,6620286671940945e-06
32;1,0913009524410358;0,5294342685312062;-1,0901601193687047;-0,5286477535991093;0,0011408330723310378;0,0007865149320969156;0,07038545800819526;0,07038545800819526;0,07038545800819526;0,9949424470583342;-0,04440850929124608;0,9938189203439397;-0,054324248317320786;7,038545800819527e-06
33;1,2175550456816784;0,5893132663070497;-1,216208723842535;-0,5883849609350273;0,001346321839143405;0,0009283053720223755;0,07874709321319927;0,07874709321319928;0,07874709321319928;0,99174128922306;-0,07306887248760952;0,9905563075839852;-0,08362977575449237;7,874709321319928e-06
34;0,07520374451960458;0,03600258212525063;-0,07520312316739565;-0,03600215348433112;6,213522089348888e-07;4,2864091950867156e-07;0,00485968924796601;0,004859689247966009;0,00485968924796601;0,9905563075839852;-0,08362977575449237;0,9905474504159899;-0,08371108355691961;4,85968924796601e-07
35;0,07510312316161603;0,03600215348320509;-0,07510304539541086;-0,03600209975382697;7,776620516986021e-08;5,3729378120259685e-08;0,004854432687284454;0,004854432687284455;0,004854432687284455;0,9905474504159899;-0,08371108355691961;0,9905463401706347;-0,0837212885967707;4,854432687284455e-07
36;0,06610304539097236;0,03200209974648347;-0,06610153861040179;-0,03200106077702765;1,5067805705787363e-06;1,0389694558229912e-06;0,004280651386535993;0,004280651386535993;0,004280651386535993;0,9905463401706347;-0,0837212885967707;0,9905219422868052;-0,08393862130959907;4,280651386535993e-07
37;1,2064457788746872;0,5846864006125626;-1,2055195797497098;-0,5840477565688132;0,0009261991249773782;0,000638644043749359;0,07823552781462716;0,07823552781462718;0,07823552781462718;0,9893593268041874;-0,22390524179976407;0,9885387177382973;-0,23120977832151504;7,823552781462718e-06
38;1,1198071782654988;0,5444816681291798;-1,116293752460684;-0,5420592787917972;0,0035134258048148403;0,002422389337382591;0,07188946152120608;0,0718894615212061;0,0718894615212061;1,000000000026116;6,55784403929043e-20;0,9966118402656292;-0,02965000380367742;7,188946152120609e-06
39;0,023101255650457078;0,011000865694295092;-0,023100060559002825;-0,011000041741794973;1,1950914542528668e-06;8,239525001191988e-07;0,0014913931710481617;0,0014913931710481619;0,0014913931710481619;0,9905219422868052;-0,08393862130959907;0,9904664582275323;-0,08445388451664088;1,4913931710481618e-07
40;0,6049368307013986;0,29357722295896316;-0,604636382786094;-0,2933700741910924;0,00030044791530459136;0,0002071487678707573;0,03901611538179255;0,03901611538179255;0,03901611538179255;0,9950157703179834;-0,04379645560397773;0,994481958443867;-0,048501300107345165;3,901611538179255e-06
41;0,6045363827871703;0,29337007419107336;-0,6045230513836526;-0,29336085178179055;1,3331403517669038e-05;9,222409282805266e-06;0,03901089228194511;0,03901089228194511;0,03901089228194511;0,994481958443867;-0,048501300107345165;0,994458249083473;-0,048712485540082784;3,901089228194511e-06
42;1,1161937524605208;0,5420592787919234;-1,115831159830513;-0,5418092309457491;0,0003625926300077076;0,0002500478461743283;0,07188425033955162;0,07188425033955163;0,07188425033955163;0,9966118402656292;-0,02965000380367742;0,9962621449899812;-0,03272311553891011;7,188425033955164e-06
43;1,1157311598310207;0,5418092309460469;-1,1141284817516326;-0,5404560994534884;0,0016026780793880757;0,001353131492558557;0,07187903728212797;0,07187903728212794;0,07187903728212797;0,9962621449899812;-0,03272311553891011;0,9946294631857651;-0,056649708815156526;7,187903728212797e-06
44;1,1140284817515222;0,5404560994540887;-1,113390138255303;-0,5399172501371782;0,0006383434962191625;0,0005388493169105057;0,07187381469833393;0,07187381469833393;0,07187381469833393;0,9946294631857651;-0,056649708815156526;0,9939791997290334;-0,0661967067599673;7,187381469833393e-06
45;0,0;0,0;0,0;0,0;0,0;0,0;;;;;;;;
46;1,1555195797494324;0,560047756569409;-1,154668487777104;-0,5594609013196553;0,000851091972328355;0,0005868552497536594;0,07499634198182299;0,074996341981823;0,074996341981823;0,9885387177382973;-0,23120977832151504;0,9877520804813334;-0,23821611851855615;7,499634198182301e-06
47;0,5725230513806246;0,2783608517804535;-0,5721935337684765;-0,27813366043090126;0,0003295176121481669;0,00022719134955223597;0,03695929321797475;0,03695929321797475;0,03695929321797475;0,994458249083473;-0,048712485540082784;0,9938401390598383;-0,054137336640792656;3,6959293217974748e-06
48;1,0193386843243537;0,4950747157088272;-1,016428671267371;-0,49306835923725495;0,0029100130569827964;0,002006356471572268;0,06542553852605283;0,06542553852605283;0,06542553852605283;1,000000000026116;6,55784403929043e-20;0,9969166830319521;-0,02705402721999094;6,542553852605283e-06
49;1,0073901382551305;0,488917250136696;-1,006589456067427;-0,4882411946581896;0,0008006821877035719;0,0006760554785064099;0,06504129692282486;0,06504129692282486;0,06504129692282486;0,9939791997290334;-0,0661967067599673;0,9930777902381914;-0,07944126344576809;6,504129692282485e-06
50;1,2132128756608382;0,5975051834762046;-1,21212334430893;-0,5967539881255045;0,0010895313519081462;0,0007511953507001179;0,07880532357426719;0,0788053235742672;0,0788053235742672;0,9907830079086305;-0,2626971878510173;0,9898237756495067;-0,2708616359412112;7,88053235742672e-06
51;1,0163286712674668;0,49306835923692155;-1,0160283563466375;-0,4928612587806165;0,00030031492082938094;0,0002071004563050649;0,06542032794028473;0,06542032794028474;0,06542032794028474;0,9969166830319521;-0,02705402721999094;0,9965984518105998;-0,029857043556883164;6,542032794028474e-06
52;0,0;0,0;0,0;0,0;0,0;0,0;;;;;;;;
53;0,9116043300599058;0,42267353138999664;-0,9110200288096066;-0,4219843207950963;0,0005843012502991796;0,0006892105949003469;0,058958641646723986;0,05895864164672398;0,058958641646723986;0,9839720996311652;-0,3391640744718078;0,983169182821441;-0,36082033663402024;5,895864164672399e-06
54;-1,17153174326641;-0,5765863394998335;1,1761243607178409;0,5797527360101952;0,004592617451430803;0,0031663965103616576;0,07648348124506296;0,07648348124506298;0,07648348124506298;0,9856576019201474;-0,3063838076199255;0,9898237756495067;-0,2708616359412112;7,648348124506297e-06
55;-0,32801152808550377;-0,15901037847491628;0,3280837977958274;0,15907138083319322;7,226971032364693e-05;6,100235827694034e-05;0,021170362539864526;0,021170362539864526;0,021170362539864526;0,9941092765508932;-0,2409104301812556;0,9943592000159699;-0,23723847828177314;2,1170362539864524e-06
56;-0,32818379760433697;-0,1590713807988922;0,32821955345846276;0,15910156745677717;3,5755854125796294e-05;3,018665788498409e-05;0,02117558722750895;0,02117558722750895;0,02117558722750895;0,9943592000159699;-0,23723847828177314;0,9944828247268529;-0,23542127546150757;2,117558722750895e-06
57;-0,3573195428401572;-0,17310161558221132;0,3574527017555093;0,17321403715630487;0,000133158915352094;0,00011242157409355191;0,02305033606666056;0,02305033606666056;0,02305033606666056;0,9944828247268529;-0,23542127546150757;0,9949057572653363;-0,22920140149934004;2,305033606666056e-06
58;-0,6869118100249377;-0,33347654244482133;0,6871601193690361;0,3336477535985678;0,00024830934409836303;0,00017121115374646445;0,04437682318000448;0,044376823180004486;0,044376823180004486;0,9934310199408294;-0,057742810374480924;0,9938189203439397;-0,054324248317320786;4,437682318000448e-06
59;0,8770275079944246;0,41480700614421623;-0,8765052988760886;-0,4141910696591695;0,0005222091183360034;0,0006159364850467086;0,056723492854612076;0,0567234928546121;0,0567234928546121;0,9874772063048617;-0,25884056897255;0,9867287307314847;-0,27855247261589683;5,672349285461209e-06
60;0,8590662166371378;0,4167351118709934;-0,8584468744550664;-0,4163080650757124;0,0006193421820713807;0,0004270467952809942;0,05540622460754004;0,05540622460754004;0,05540622460754004;0,9949424470583342;-0,04440850929124608;0,9941675730396343;-0,05124912627074233;5,540622460754005e-06
61;-0,012057245256109041;-0,016272770265831564;0,01205820732257943;0,01627358247389678;9,620664703884063e-07;8,122080652171737e-07;0,0011863884941941758;0,0011863884941941758;0,0011863884941941758;0,9855979711151629;-0,3055649580596487;0,9856576019201474;-0,3063838076199255;1,1863884941941758e-07
62;-0,6019427585245931;-0,29058168179111754;0,6020821508800928;0,29067778041534686;0,00013939235549964568;9,60986242293238e-05;0,03867125126344169;0,038671251263441675;0,03867125126344169;0,9979172037618864;-0,20234914185529057;0,9981669909790142;-0,20012582428354694;3,867125126344169e-06
63;0,0;0,0;0,0;0,0;0,0;0,0;;;;;;;;
64;0,6600082686286469;0,32084508237873743;-0,6594475975506104;-0,32037171114940877;0,0005606710780364788;0,0004733712293286674;0,04251411864081636;0,042514118640816355;0,04251411864081636;0,9965984518105998;-0,029857043556883164;0,9956326503911496;-0,043971490093476805;4,2514118640816365e-06
65;-0,5447451673708735;-0,26344540455769877;0,5449428772574879;0,26358170037382006;0,00019770988661438338;0,00013629581612129016;0,035022338870404846;0,035022338870404846;0,035022338870404846;0,9975259622375234;-0,20581552332749145;0,9979172037618864;-0,20234914185529057;3,5022338870404847e-06
66;0,5800061803834996;0,2814869070178431;-0,5796478312454455;-0,28123985199177415;0,00035834913805410373;0,00024705502606897634;0,037693983058371405;0,03769398305837141;0,03769398305837141;0,9874772063048617;-0,25884056897255;0,9868181977520255;-0,2646924157193154;3,7693983058371413e-06
67;0,42742242548407716;0,20718461296684956;-0,42731549761851356;-0,20709433967683802;0,00010692786556359968;9,027329001154438e-05;0,027614708773803138;0,02761470877380314;0,02761470877380314;0,9930777902381914;-0,07944126344576809;0,9927942981727876;-0,08361516717031779;2,7614708773803143e-06
68;0,42721549761883637;0,20709433967738786;-0,42712532714535384;-0,2070182104594768;9,017047348253149e-05;7,612921791105842e-05;0,027609475677787106;0,027609475677787102;0,027609475677787106;0,9927942981727876;-0,08361516717031779;0,9925551842740298;-0,08713655792039136;2,7609475677787104e-06
69;0,6464468328455072;0,3133080363920683;-0,6461949059786561;-0,31313437654561316;0,0002519268668510488;0,0001736598464551209;0,04171843003807886;0,041718430038078846;0,04171843003807886;0,9941675730396343;-0,05124912627074233;0,9937490170551069;-0,05495132222712282;4,1718430038078855e-06
70;0,4090253120996972;0,19801820009982346;-0,4090204069332711;-0,19801407053663556;4,9051664261501315e-06;4,1295631879045835e-06;0,026433721950396227;0,026433721950396227;0,026433721950396227;0,9925551842740298;-0,08713655792039136;0,9925416110792011;-0,08733570544661508;2,6433721950396225e-06
71;-0,9738598036547209;-0,4725927779384253;0,9757402267971649;0,4738893479067434;0,0018804231424439655;0,0012965699683181175;0,06330050047413797;0,06330050047413797;0,06330050047413797;0,9872999759879783;-0,24215507835990316;0,9893593268041874;-0,22390524179976407;6,330050047413797e-06
72;0,5444475975503663;0,2643717111493949;-0,544226319196937;-0,2641849105354028;0,00022127835342933277;0,0001868006139921219;0,035096834062915916;0,03509683406291591;0,035096834062915916;0,9956326503911496;-0,043971490093476805;0,995170985917141;-0,05073211234065436;3,5096834062915913e-06
73;-0,17111553799050788;-0,08301089653484936;0,1711435519720959;0,0830302099781224;2,8013981588026482e-05;1,93134432730363e-05;0,011029588481786161;0,011029588481786161;0,011029588481786161;0,9955483117867233;-0,22330421065901088;0,9957243735755477;-0,22175316121264932;1,102958848178616e-06
74;0,00010000002641354932;1,82678978606623e-11;-9,999999998067047e-05;-4,331380624262941e-14;2,6432878848518977e-11;1,822458405441967e-11;5,786309590667146e-06;5,786309590667148e-06;5,786309590667148e-06;0,9977869532241299;-0,051100169019813395;0,9977866894803663;-0,05111061093454576;5,786309590667148e-10
75;0,0;0,0;0,0;0,0;0,0;0,0;;;;;;;;
76;0,24703980259559122;0,11902744462980222;-0,24699999602376663;-0,11899999933267556;3,980657182459102e-05;2,7445297126657553e-05;0,016103083794645603;0,016103083794645607;0,016103083794645607;0,983169182821441;-0,36082033663402024;0,9829978971506482;-0,36237651543652394;1,6103083794645606e-06
77;0,5073228459272885;0,23513526059069545;-0,5071677390922258;-0,23495227948382444;0,00015510683506270162;0,00018298110687101077;0,03271758771113649;0,03271758771113649;0,03271758771113649;0,9867287307314847;-0,27855247261589683;0,9863446320724152;-0,2888843396091274;3,271758771113649e-06
78;0,5201949059784152;0,2521343765454684;-0,5200786345475169;-0,25205421152224416;0,00011627143089831815;8,016502322422125e-05;0,03358530554178038;0,03358530554178038;0,03358530554178038;0,9937490170551069;-0,05495132222712282;0,9935090480881154;-0,057075371998071944;3,358530554178038e-06
79;-0,4261534549714176;-0,20712338527950314;0,42622631919776627;0,2071849105350536;7,286422634866785e-05;6,152525555047639e-05;0,02749420641773853;0,02749420641773853;0,02749420641773853;0,9949768940780483;-0,053571329958537015;0,995170985917141;-0,05073211234065436;2,7494206417738532e-06
80;-0,6844064175677489;-0,33128019327493324;0,6846318197408919;0,3314356205561244;0,00022540217314304112;0,00015542728119116722;0,04446000295822068;0,044460002958220675;0,04446000295822068;0,9874006801934038;-0,24135689613058203;0,9877520804813334;-0,23821611851855615;4,4460002958220685e-06
81;0,4251688783404939;0,19495160536600956;-0,4250840107974991;-0,19486518619067064;8,486754299480426e-05;8,64191753389143e-05;0,02737847407292699;0,02737847407292699;0,02737847407292699;0,9863446320724152;-0,2888843396091274;0,986105998959905;-0,29417527066982335;2,737847407292699e-06
82;0,20702040693415702;0,10001407053936132;-0,2070056993646146;-0,10000392923821752;1,4707569542415921e-05;1,0141301143795634e-05;0,013373814964251564;0,013373814964251562;0,013373814964251564;0,9925416110792011;-0,08733570544661508;0,992465395752417;-0,0880169870878179;1,3373814964251564e-06
83;0,3321123750922069;0,1600950942855598;-0,3320633353461269;-0,16005369382660095;4,9039746080004054e-05;4,140045895884015e-05;0,02159580850829084;0,02159580850829084;0,02159580850829084;0,9856576019201474;-0,3063838076199255;0,9854914421800247;-0,3088705519068801;2,159580850829084e-06
84;0,3880837943578899;0,1768654288215932;-0,38801320089288494;-0,17679354469705308;7,059346500498664e-05;7,18841245401225e-05;0,02497012258223235;0,024970122582232353;0,024970122582232353;0,986105998959905;-0,29417527066982335;0,9858885489928267;-0,29903099575228786;2,4970122582232353e-06
85;0,0;0,0;0,0;0,0;0,0;0,0;;;;;;;;
86;-0,34603984387808157;-0,1680274702921587;0,346153454970926;0,16812338527929735;0,00011361109284441229;9,59149871386511e-05;0,022329852392105172;0,022329852392105175;0,022329852392105175;0,9946043228390532;-0,0590289667070992;0,9949768940780483;-0,053571329958537015;2,2329852392105173e-06
87;0,22402800960058428;0,10801939598247437;-0,22400706216964714;-0,10800495562582836;2,0947430937140465e-05;1,4440356646008845e-05;0,014568230600475171;0,014568230600475176;0,014568230600475176;0,9856576019201474;-0,3063838076199255;0,9855579690517544;-0,3072845212431433;1,4568230600475177e-06
88;-0,48440308748810507;-0,2351694535973449;0,4845664495410273;0,23530735471769462;0,0001633620529222224;0,00013790112034972601;0,03132336940696094;0,031323369406960934;0,03132336940696094;0,9925061878456599;-0,0681359519100854;0,9928880749559192;-0,06252969033636793;3,132336940696094e-06
89;0,0;0,0;0,0;0,0;0,0;0,0;;;;;;;;
90;0,5263365471200696;0,25519343640657566;-0,526223390489741;-0,25509788896241703;0,00011315663032862577;9,554744415862793e-05;0,03426289165654135;0,03426289165654136;0,03426289165654136;0,9856576019201474;-0,3063838076199255;0,985415789744841;-0,30997047419848006;3,426289165654136e-06
91;0,8972985327940146;0,43389528358575336;-0,8963540485327132;-0,4332440758751179;0,0009444842613014481;0,0006512077106354819;0,05812042469883655;0,05812042469883656;0,05812042469883656;0,9900903048727242;-0,0883158202377491;0,9889640558912028;-0,09839290351927102;5,812042469883656e-06
92;0,22703586495458708;0,11002472703191685;-0,22700462851060305;-0,11000319163058196;3,1236443984034024e-05;2,1535401334885074e-05;0,014746640580490774;0,014746640580490775;0,014746640580490775;0,9877520804813334;-0,23821611851855615;0,9876052585375297;-0,23952381853107538;1,4746640580490776e-06
93;0,3100150779547054;0,13879169502570288;-0,30998040601391386;-0,138762423883631;3,46719407915419e-05;2,927114207187942e-05;0,019891277230616546;0,019891277230616546;0,019891277230616546;0,9858885489928267;-0,29903099575228786;0,9857619821785534;-0,30114800128968233;1,9891277230616547e-06
94;0,3180786345475849;0,15405421152254276;-0,3180000000000503;-0,1539999999999103;7,863454753459509e-05;5,421152263246354e-05;0,020538108520284693;0,0205381085202847;0,0205381085202847;0,9935090480881154;-0,057075371998071944;0,993243675512323;-0,05942896629613079;2,05381085202847e-06
95;-0,6553175479440388;-0,31821894765875103;0,655859803654626;0,31859277793840957;0,0005422557105871917;0,000373830279658538;0,042638759425686894;0,0426387594256869;0,0426387594256869;0,9864183693069482;-0,2499668492966202;0,9872999759879783;-0,24215507835990316;4,26387594256869e-06
96;0,08100569936446697;0,039003929237996365;-0,08099999999999603;-0,0390000000001149;5,69936447093744e-06;3,929237881464265e-06;0,005230177920448073;0,005230177920448072;0,005230177920448073;0,992465395752417;-0,0880169870878179;0,9923898934020206;-0,08869745955050956;5,230177920448073e-07
97;0,0;0,0;0,0;0,0;0,0;0,0;;;;;;;;
98;-9,999998175998016e-05;-1,0645000572741736e-11;9,999998581709915e-05;1,3441900296645262e-11;4,0571189935173155e-12;2,796899723903526e-12;5,799375217466756e-06;5,799375217466757e-06;5,799375217466757e-06;0,9955385575707232;-0,2684395440392169;0,9955385979609177;-0,26843794153373807;5,799375217466757e-10
99;-0,12702224102916163;-0,062015444616504246;0,12705412011400327;0,06203742281267819;3,1879084841646144e-05;2,197819617394403e-05;0,008203538684803304;0,008203538684803304;0,008203538684803304;0,9948143141169218;-0,22854973053915534;0,9950837904908562;-0,22621408029674847;8,203538684803304e-07
100;-0,3282419838151439;-0,15809789119787016;0,3282971306638121;0,15813590837382344;5,514684866819719e-05;3,8017175953281024e-05;0,021381230039345524;0,02138123003934553;0,02138123003934553;0,983793392163919;-0,3407868709271537;0,9839720996311652;-0,3391640744718078;2,138123003934553e-06
101;-0,12199978972576142;-0,05899996368069659;0,1220222488041197;0,05901544815520368;2,245907835828065e-05;1,5484474507089507e-05;0,007866445673755655;0,007866445673755652;0,007866445673755655;0,9946164411745342;-0,23030902871890177;0,9948143141169218;-0,22854973053915534;7,866445673755656e-07
102;1,3634726036576905;0,6716182351411837;-1,3599895713260821;-0,6692168394642783;0,0034830323316084044;0,002401395676905338;0,087913232041669;0,08791323204166901;0,08791323204166901;0,9981669909790142;-0,20012582428354694;0,9954182307523154;-0,22337895328741056;8,791323204166902e-06
103;0,181149428394396;0,08703407741504735;-0,1811426845121037;-0,08702942844087137;6,7438822922982755e-06;4,648974175971987e-06;0,011689916586247838;0,01168991658624784;0,01168991658624784;0,992579118627211;-0,0663574374259639;0,9925391533237538;-0,06671948522434792;1,168991658624784e-06
104;-0,48219973037775465;-0,23313770928714012;0,4824064175679372;0,2332801932749006;0,00020668719018251958;0,00014248398776048332;0,0313320976451439;0,0313320976451439;0,0313320976451439;0,9869435088547412;-0,24545323944343472;0,9874006801934038;-0,24135689613058203;3,13320976451439e-06
105;0,0;0,0;0,0;0,0;0,0;0,0;;;;;;;;
106;-0,26418678336044954;-0,1270598349644071;0,264241984656157;0,12709789134529076;5,520129570746324e-05;3,8056380883666474e-05;0,017207920227234195;0,017207920227234195;0,017207920227234195;0,9835711421442752;-0,3428132767192853;0,983793392163919;-0,3407868709271537;1,7207920227234197e-06
107;1,3598900860960517;0,669216176702075;-1,359466292277135;-0,6689240649888175;0,00042379381891666235;0,0002921117132574924;0,08790803775565159;0,08790803775565159;0,08790803775565159;0,9954182307523154;-0,22337895328741056;0,9950837904908562;-0,22621408029674847;8,79080377556516e-06
108;0,18797823209439363;0,07976466458270005;-0,1879509017811537;-0,07973683649644457;2,7330313239926074e-05;2,7828086255482498e-05;0,011959858813966488;0,011959858813966488;0,011959858813966488;0,9857619821785534;-0,30114800128968233;0,985588057719743;-0,30534110437417616;1,1959858813966488e-06
109;-0,5787977645641256;-0,27948172356792966;0,5789850569069435;0,2796108619715631;0,00018729234281789076;0,0001291384036334331;0,037263722107507655;0,03726372210750764;0,037263722107507655;0,9958401078911584;-0,2210240794825073;0,9961884251198287;-0,21791844503518315;3,7263722107507658e-06
110;0,5777951477855274;0,2811938547689139;-0,5768355529482718;-0,28053224629014933;0,0009595948372556062;0,0006616084787645637;0,03757022436394022;0,03757022436394022;0,03757022436394022;0,9874772063048617;-0,25884056897255;0,9857063880691992;-0,27447088312705986;3,7570224363940218e-06
111;0,0;0,0;0,0;0,0;0,0;0,0;;;;;;;;
112;0,11314268451173093;0,054029428440948844;-0,1131269358838188;-0,05401857083994428;1,5748627912134938e-05;1,0857601004561623e-05;0,007293301363608879;0,00729330136360888;0,00729330136360888;0,9925391533237538;-0,06671948522434792;0,9923896157928874;-0,06809580469613546;7,29330136360888e-07
113;0,11302693588384757;0,054018570840118546;-0,11300189130037065;-0,054001303988521134;2,50445834769214e-05;1,7266851597412536e-05;0,007288051832425725;0,007288051832425727;0,007288051832425727;0,9923896157928874;-0,06809580469613546;0,9921516263603589;-0,07028236450537835;7,288051832425727e-07
114;0,5145388511744721;0,24930255794135092;-0,5142092546563803;-0,24907532370190447;0,00032959651809172374;0,0002272342394464555;0,0333652286737619;0,0333652286737619;0,0333652286737619;0,9893593268041874;-0,22390524179976407;0,9886746227744093;-0,2300003357051134;3,3365228673761896e-06
115;0,37375775959075613;0,18038645585004057;-0,37370159020325633;-0,18033902741920121;5,6169387499804824e-05;4,742843083935244e-05;0,024139810356068197;0,024139810356068193;0,024139810356068197;0,992579118627211;-0,0663574374259639;0,9924088286699546;-0,06888428944165627;2,41398103560682e-06
116;0,3736015902030164;0,1803390274193449;-0,3735224664570359;-0,18027224054718552;7,912374598051386e-05;6,678687215938561e-05;0,024134571003534833;0,024134571003534836;0,024134571003534836;0,9924088286699546;-0,06888428944165627;0,9921689169806717;-0,07244160359040652;2,413457100353484e-06
117;0,3734224664573199;0,18027224054671842;-0,3733051249134515;-0,18017316921048424;0,0001173415438683878;9,907133623418551e-05;0,024129330492133314;0,024129330492133314;0,024129330492133314;0,9921689169806717;-0,07244160359040652;0,9918130184617974;-0,07772248616246133;2,4129330492133317e-06
118;0,0;0,0;0,0;0,0;0,0;0,0;;;;;;;;
119;-0,2001644318250341;-0,09604442389563919;0,20018678420271316;0,09605983511089264;2,2352377679057955e-05;1,5411215253446908e-05;0,013033676048893944;0,01303367604889394;0,013033676048893944;0,9834523401201101;-0,34390343826822994;0,9835711421442752;-0,3428132767192853;1,3033676048893942e-06
120;-0,6443707124584293;-0,3111214869382486;0,6445878434386628;0,31127120037643946;0,0002171309802335708;0,00014971343819086824;0,0414973701000962;0,04149737010009621;0,04149737010009621;0,9955385979609177;-0,26843794153373807;0,995901209313362;-0,26520322133611285;4,149737010009621e-06
121;-0,19314532020475533;-0,093031248652101;0,1931644319213949;0,0930444239016719;1,9111716639569343e-05;1,3175249570909764e-05;0,012586998630457336;0,012586998630457338;0,012586998630457338;0,9833471360409601;-0,34485920332034453;0,9834523401201101;-0,34390343826822994;1,2586998630457338e-06
122;0,17403656977932164;0,08402521298657065;-0,17399999999997617;-0,08400000000015012;3,656977934546335e-05;2,5212986420525274e-05;0,011218332560023572;0,011218332560023572;0,011218332560023572;0,9946043228390532;-0,0590289667070992;0,9943784206987856;-0,06104702599215914;1,1218332560023572e-06
123;-0,19300800270430946;-0,09300551866679459;0,1930453202065941;0,09303124865246241;3,731750228463948e-05;2,572998566782725e-05;0,012581709237334433;0,012581709237334433;0,012581709237334433;0,9831416146915367;-0,346725345644735;0,9833471360409601;-0,34485920332034453;1,2581709237334432e-06
124;0,08300189129974497;0,04000130398783293;-0,08299999999955339;-0,03999999999973914;1,891300191583789e-06;1,3039880937884551e-06;0,005361672587167787;0,005361672587167788;0,005361672587167788;0,9921516263603589;-0,07028236450537835;0,992127184023087;-0,07050224829038769;5,361672587167787e-07
125;-0,27100601458342943;-0,13100414597472435;0,2710911098269517;0,13106281475772835;8,509524352229292e-05;5,8668783004006686e-05;0,017583796440309878;0,017583796440309878;0,017583796440309878;0,9883392294468145;-0,23300413884210466;0,9886746227744093;-0,2300003357051134;1,7583796440309877e-06
126;-0,9934981830096578;-0,47991458884642124;0,9945563258665295;0,48064410143276676;0,0010581428568717799;0,0007295125863455154;0,06394503037470149;0,0639450303747015;0,0639450303747015;0,9961884251198287;-0,21791844503518315;0,9973352086511286;-0,20771921779210004;6,394503037470151e-06
127;-2,200478775129019;-1,0636092160668722;2,20574721785901;1,0672416307534873;0,005268442729990941;0,0036324146866151263;0,14149177437076382;0,14149177437076382;0,14149177437076382;0,9972819048167052;-0,2529426167588264;0,9998625294049388;-0,23008212987638182;1,4149177437076382e-05
128;0,19132162297727284;0,09208385552861513;-0,1912814822705918;-0,0920561798567037;4,014070668104108e-05;2,7675671911434052e-05;0,012350443924018496;0,012350443924018496;0,012350443924018496;0,992579118627211;-0,0663574374259639;0,9923539284939858;-0,06838958911009044;1,2350443924018497e-06
129;0,19118148227048498;0,09205617985666006;-0,19112800675309968;-0,09201931027969401;5,347551738529854e-05;3,68695769660532e-05;0,012345201712244541;0,012345201712244543;0,012345201712244543;0,9923539284939858;-0,06838958911009044;0,992053794783246;-0,07109586624952975;1,2345201712244544e-06
130;-0,5016090412876749;-0,24235152382783526;0,5017979315391357;0,24248175192691904;0,00018889025146073823;0,00013022809908377897;0,03231093166382786;0,03231093166382786;0,03231093166382786;0,9954349662651517;-0,22463113051773753;0,9958401078911584;-0,2210240794825073;3,231093166382786e-06
131;0,5027354542776332;0,24453217235696528;-0,5026227093563781;-0,24443699055325813;0,0001127449212551257;9,518180370715612e-05;0,03274491408640503;0,03274491408640503;0,03274491408640503;0,9857063880691992;-0,27447088312705986;0,9854542198746565;-0,2781899146576002;3,274491408640503e-06
132;0,5025227093279155;0,24443699060124163;-0,5022503113488801;-0,24420703924389517;0,0002723979790354436;0,000229951357346464;0,03273964547888925;0,03273964547888924;0,03273964547888925;0,9854542198746565;-0,2781899146576002;0,9848448846885536;-0,2871806200755858;3,2739645478889252e-06
133;-0,3560470380452674;-0,17203243304166502;0,35619973037750086;0,17213770928714472;0,00015269233223347278;0,00010527624547970738;0,023142891661839075;0,023142891661839075;0,023142891661839075;0,9864862600610426;-0,24956087798096074;0,9869435088547412;-0,24545323944343472;2,3142891661839077e-06
134;0,0;0,0;0,0;0,0;0,0;0,0;;;;;;;;
135;0,0;0,0;0,0;0,0;0,0;0,0;;;;;;;;
136;0,2963051249135376;0,14317316921047435;-0,2961893537199894;-0,14307543084452534;0,00011577119354821974;9,77383659490072e-05;0,01915641951434449;0,01915641951434449;0,01915641951434449;0,9918130184617974;-0,07772248616246133;0,9913707000357845;-0,0842779674540044;1,9156419514344493e-06
137;0,6134226080952817;0,29718768483485514;-0,6132935400439646;-0,29709871243806896;0,00012906805131707166;8,897239678617996e-05;0,03935343340021941;0,039353433400219406;0,03935343340021941;1,000000000026116;6,55784403929043e-20;0,9997726803934988;-0,002000747336679345;3,935343340021941e-06
138;0,6131935400438292;0,29709871243841934;-0,6127096859030464;-0,2967651192312482;0,0004838541407827801;0,0003335932071711345;0,039348236369954936;0,039348236369954936;0,039348236369954936;0,9997726803934988;-0,002000747336679345;0,9989203552169846;-0,009511029740768876;3,934823636995494e-06
139;0,08200167058278054;0,04000123865588103;-0,08199982901698713;-0,03999996895798789;1,8415657934145457e-06;1,2696978931442393e-06;0,005290706581090491;0,00529070658109049;0,005290706581090491;0,9956380004884824;-0,22251829646651847;0,9956138640583757;-0,22272790244135374;5,29070658109049e-07
140;-0,6814266833932564;-0,3302252747865578;0,6816804511425522;0,3304002391444854;0,0002537677492957524;0,00017496435792763165;0,043916050205960594;0,043916050205960594;0,043916050205960594;0,9955006714046941;-0,26874160666574765;0,995901209313362;-0,26520322133611285;4,391605020596059e-06
141;-0,6949994887671742;-0,33625074791341747;0,6950545306535589;0,3362886870692406;5,5041886384721295e-05;3,793915582311902e-05;0,04480360188608967;0,04480360188608967;0,04480360188608967;0,9949057572653363;-0,22920140149934004;0,9949908978284631;-0,22844598410506503;4,480360188608967e-06
142;-0,6951545305178332;-0,33628868690504077;0,6954627526272513;0,33650119571919496;0,00030822210941816586;0,00021250881415418865;0,04480882526425941;0,044808825264259416;0,044808825264259416;0,9949908978284631;-0,22844598410506503;0,9954676418125635;-0,22421327022078716;4,480882526425942e-06
143;0,0;0,0;0,0;0,0;0,0;0,0;;;;;;;;
144;-9,999969982423487e-05;-1,6926836948219957e-10;9,999970130198953e-05;1,7028723177078287e-10;1,47775465909189e-12;1,0188622885832977e-12;5,804527212223657e-06;5,8045272122236575e-06;5,8045272122236575e-06;0,9946521310280643;-0,23419361564025;0,9946521457266436;-0,23419303187484905;5,804527212223658e-10
145;0,0;0,0;0,0;0,0;0,0;0,0;;;;;;;;
146;-0,4303103843666075;-0,20814552976782694;0,4306091954553664;0,20835154984069332;0,00029881108875889906;0,0002060200728663808;0,027745168786857906;0,027745168786857916;0,027745168786857916;0,9946885297289062;-0,23126026952743195;0,9954349662651517;-0,22463113051773753;2,7745168786857916e-06
147;-0,3471551420039693;-0,16803839033534493;0,34773641806253847;0,16843916069583584;0,000581276058569169;0,00040077036049090964;0,022363200999040357;0,022363200999040357;0,022363200999040357;0,9957243735755477;-0,22175316121264932;0,9975259622375234;-0,20581552332749145;2,2363200999040356e-06
148;0,14700885242078238;0,07100626241755731;-0,1470031738170779;-0,07100234632387054;5,678603704484253e-06;3,916093686773259e-06;0,009449138678660185;0,009449138678660183;0,009449138678660185;0,9975259622375234;-0,20581552332749145;0,997484312222371;-0,2061863197203515;9,449138678660185e-07
149;0,11412800675317691;0,05501931027962817;-0,11410803616489801;-0,05500554094720002;1,9970588278905854e-05;1,376933242815126e-05;0,007373490775552967;0,007373490775552967;0,007373490775552967;0,992053794783246;-0,07109586624952975;0,9918661182606674;-0,07278339435701292;7,373490775552968e-07
150;0,2975351548220688;0,14416214716822373;-0,2974366893895266;-0,14409425855262684;9,846543254221629e-05;6,788861559689496e-05;0,01934336191915228;0,019343361919152275;0,01934336191915228;0,9868181977520255;-0,2646924157193154;0,9864653610941609;-0,26784072998298075;1,934336191915228e-06
151;0,11400803616508266;0,055005540947437405;-0,11400000000011833;-0,055000000000293335;8,03616496433679e-06;5,54094714406983e-06;0,007368247776076618;0,0073682477760766175;0,007368247776076618;0,9918661182606674;-0,07278339435701292;0,9917905391277989;-0,07346168986898621;7,368247776076618e-07
152;-0,5496508798191994;-0,2652419114995979;0,5499484345761148;0,265447065271529;0,0002975547569153969;0,00020515377193108808;0,035609339286000574;0,03560933928600057;0,035609339286000574;0,9895112453398756;-0,09351811548198824;0,9900903048727242;-0,0883158202377491;3,560933928600057e-06
153;0,4849118100243679;0,2354765424455868;-0,48466644954079574;-0,23530735471744482;0,00024536048357215456;0,00016918772814197847;0,031328600248605974;0,03132860024860598;0,03132860024860598;0,9934310199408294;-0,057742810374480924;0,9928880749559192;-0,06252969033636793;3,1328600248605985e-06
154;0,23011268331170792;0,11207770602995577;-0,23002416262213723;-0,1120166739813324;8,852068957068693e-05;6,103204862337175e-05;0,014974999818842972;0,014974999818842974;0,014974999818842974;0,9868181977520255;-0,2646924157193154;0,9864083378252284;-0,26829980261358;1,4974999818842972e-06
155;0,12601169422499686;0,061008198624467276;-0,1260015780996087;-0,0610012238950615;1,0116125388148767e-05;6,974729405778701e-06;0,008117807826586441;0,008117807826586438;0,008117807826586441;0,9957243735755477;-0,22175316121264932;0,9956380004884824;-0,22251829646651847;8,117807826586441e-07
156;-0,0769999989804126;-0,036999999831766876;0,07700800423626943;0,03700551892703119;8,00525585682721e-06;5,519095264312768e-06;0,005017345967349939;0,005017345967349939;0,005017345967349939;0,9830310792756064;-0,3477362368688176;0,9831416146915367;-0,346725345644735;5,017345967349939e-07
157;-0,740562794031734;-0,3585012732535823;0,740650166973286;0,358561525743378;8,737294155203301e-05;6,025248979574238e-05;0,047719136795105865;0,047719136795105865;0,047719136795105865;0,9954676418125635;-0,22421327022078716;0,9955945550134605;-0,22308795383073463;4,7719136795105866e-06
158;0,559505164944573;0,2707620022373497;-0,559232038506157;-0,27057367121998993;0,0002731264384160381;0,00018833101735976632;0,03592555745118088;0,035925557451180874;0,03592555745118088;0,9989203552169846;-0,009511029740768876;0,998393416029945;-0,014172970919059698;3,5925557451180883e-06
159;0,20204552480935725;0,09803138783017104;-0,20199999999996596;-0,09799999999989309;4,552480939129522e-05;3,1387830277951334e-05;0,013152676219826565;0,013152676219826564;0,013152676219826565;0,9857815709555428;-0,2556146898255462;0,9855416364202252;-0,25774981586518386;1,3152676219826564e-06
160;-0,20200000000003293;-0,09800000000003571;0,20204482719049635;0,09803090684544415;4,48271904634201e-05;3,090684540843491e-05;0,013051511829108901;0,013051511829108905;0,013051511829108905;0,9931807299204928;-0,059955251342469325;0,9934188189783171;-0,05785283598023705;1,3051511829108905e-06
161;0,2704366929786656;0,13109425917233788;-0,2703518766199757;-0,13103578433542099;8,481635868995419e-05;5,84748369168997e-05;0,01758950458421327;0,01758950458421327;0,01758950458421327;0,9864653610941609;-0,26784072998298075;0,9861311242001869;-0,2708198987413279;1,758950458421327e-06
162;0,0;0,0;0,0;0,0;0,0;0,0;;;;;;;;
163;0,2251893537202591;0,10907543084468475;-0,2251046869073569;-0,10900395679150875;8,466681290220102e-05;7,147405317600719e-05;0,014571932459869801;0,014571932459869798;0,014571932459869801;0,9913707000357845;-0,0842779674540044;0,9909453536936917;-0,09055874532405857;1,4571932459869801e-06
164;-0,14500000000084187;-0,07000000000016768;0,1450060145841508;0,0700041459750699;6,014583308927568e-06;4,145974902225458e-06;0,009406156326043035;0,009406156326043039;0,009406156326043039;0,9882949197749713;-0,2334022532405567;0,9883392294468145;-0,23300413884210466;9,406156326043039e-07
165;0,011055497540809032;0,016275425282216982;-0,011055322754530396;-0,016275304772935952;1,747862786363047e-07;1,2050928102982916e-07;0,0011525472184290963;0,0011525472184290959;0,0011525472184290963;0,9855979711151629;-0,3055649580596487;0,985588057719743;-0,30534110437417616;1,1525472184290963e-07
166;0,7596537945252749;0,3682535203380624;-0,7586501298078259;-0,3675615157768211;0,0010036647174490598;0,0006920045612412995;0,048886077794805104;0,048886077794805104;0,048886077794805104;0,9970176529575503;-0,21052200796845705;0,9955945550134605;-0,22308795383073463;4,88860777948051e-06
167;0,6179003124979653;0,29848287279155494;-0,6178310921840556;-0,2984351477050838;6,9220313909657e-05;4,7725086471162026e-05;0,03972669796815098;0,03972669796815098;0,03972669796815098;0,9972819048167052;-0,2529426167588264;0,9971611526764393;-0,25401692434892603;3,972669796815098e-06
168;-0,20210597307401432;-0,09800504233732386;0,20212017561291787;0,0980170338863873;1,420253890355161e-05;1,1991549063436469e-05;0,013061434374149217;0,013061434374149217;0,013061434374149217;0,9928574232455754;-0,0826794449265582;0,9929370391029653;-0,08150794954357786;1,3061434374149218e-06
169;-0,20200000000088922;-0,0980000000009779;0,20200597307412563;0,09800504233848742;5,9730732364093875e-06;5,042337509517103e-06;0,013056202313367184;0,013056202313367182;0,013056202313367184;0,9928239264335916;-0,08317181079381417;0,9928574232455754;-0,0826794449265582;1,3056202313367183e-06
170;0,545211146981636;0,2641455536049933;-0,5450026496504303;-0,264001827042985;0,00020849733120564817;0,00014372656200828393;0,03536783731755529;0,03536783731755528;0,03536783731755529;0,9889640558912028;-0,09839290351927102;0,9885554615764263;-0,10202978426745044;3,5367837317555285e-06
171;0,09500328207068946;0,04600236432276802;-0,09499980281723949;-0,04599996568714207;3,479253449970021e-06;2,3986356259483865e-06;0,006109585955960295;0,006109585955960295;0,006109585955960295;0,997484312222371;-0,2061863197203515;0,9974448417191668;-0,2065351134257084;6,109585955960296e-07
172;0,0;0,0;0,0;0,0;0,0;0,0;;;;;;;;
173;0,34825033468761085;0,1692070405316601;-0,348110381944069;-0,16908888054001148;0,00013995274354183795;0,00011815999164863089;0,02269790915966911;0,022697909159669117;0,022697909159669117;0,9848448846885536;-0,2871806200755858;0,98439334873649;-0,29386010526216405;2,269790915966912e-06
174;0,9875863058955086;0,49570854923252666;-0,9848538885691593;-0,4938246827447846;0,0027324173263492124;0,0018838664877420808;0,06498874594292227;0,06498874594292227;0,06498874594292227;0,9816769503080733;-0,38399537002400136;0,9787567774873861;-0,407809274156303;6,498874594292227e-06
175;0,30608591486076214;0,14806801388006552;-0,3060302661242534;-0,14802103272596548;5,564873650876212e-05;4,698115410003978e-05;0,019921529218582996;0,019921529218583;0,019921529218583;0,985415789744841;-0,30997047419848006;0,9852113168440898;-0,3130142233250532;1,9921529218583e-06
176;0,8118929554774654;0,39341846957195326;-0,8116536834844842;-0,39325349955216865;0,00023927199298123814;0,0001649700197846049;0,05222718543588581;0,052227185435885795;0,05222718543588581;0,9973352086511286;-0,20771921779210004;0,9970176529575503;-0,21052200796845705;5,22271854358858e-06
177;0,49112791135638806;0,2375708257793765;-0,4909107357794728;-0,23742107526126421;0,0002171755769152517;0,00014975051811227935;0,03154917962814621;0,03154917962814621;0,03154917962814621;0,998393416029945;-0,014172970919059698;0,9979163131372835;-0,018400679504363523;3,1549179628146214e-06
178;0,0;0,0;0,0;0,0;0,0;0,0;;;;;;;;
179;0,1440241740245248;0,07001667606723472;-0,14400008909231393;-0,07000007122230933;2,40849322108716e-05;1,6604844925383055e-05;0,009373170347146348;0,009373170347146347;0,009373170347146348;0,9864083378252284;-0,26829980261358;0,9862301971693532;-0,2698755122075489;9,373170347146349e-07
180;0,4758105728622482;0,23042096294397718;-0,47561155833879076;-0,23028374929213916;0,00019901452345744142;0,00013721365183802514;0,030586375466955914;0,030586375466955914;0,030586375466955914;0,9979163131372835;-0,018400679504363523;0,997465325742435;-0,02238578079072855;3,0586375466955914e-06
181;0,01600017504976085;0,008000121711981787;-0,01599999786467133;-0,007999999559941228;1,7718508952060952e-07;1,2215204055893158e-07;0,0010378720962442702;0,0010378720962442702;0,0010378720962442702;0,9951204438853246;-0,272044434847306;0,9951085890986348;-0,2721405745654841;1,03787209624427e-07
182;0,0;0,0;0,0;0,0;0,0;0,0;;;;;;;;
183;0,0;0,0;0,0;0,0;0,0;0,0;;;;;;;;
184;0,0;0,0;0,0;0,0;0,0;0,0;;;;;;;;
185;-1,9656541851958462;-0,9622967521149433;1,9672358261614766;0,9633870748231648;0,0015816409656304042;0,001090322708221514;0,12658882715865538;0,12658882715865533;0,12658882715865538;0,9981669909790142;-0,20012582428354694;0,9990335368673994;-0,1927015943658639;1,2658882715865539e-05
186;0,0;0,0;0,0;0,0;0,0;0,0;;;;;;;;
187;0,48374429920359496;0,23444422828977682;-0,4831634090661554;-0,23404373434616532;0,0005808901374395603;0,00040049394361149626;0,03161543370612678;0,03161543370612679;0,03161543370612679;0,9816769503080733;-0,38399537002400136;0,9804034009686026;-0,3954209287872995;3,1615433706126785e-06
188;0,19906216948045405;0,09605261903133269;-0,19902249719983056;-0,0960191287252098;3,9672280623487266e-05;3,349030612288806e-05;0,012948725843331451;0,012948725843331453;0,012948725843331453;0,9854914421800247;-0,3088705519068801;0,9852672388056948;-0,31222099807861226;1,2948725843331452e-06
189;0,24904703804542114;0,12003243304112496;-0,24902235272726714;-0,12001541328788298;2,4685318153999658e-05;1,70197532419758e-05;0,01618029914205698;0,016180299142056976;0,01618029914205698;0,9864862600610426;-0,24956087798096074;0,9863805450795364;-0,25051726705643373;1,618029914205698e-06
190;0,0;0,0;0,0;0,0;0,0;0,0;;;;;;;;
191;0,056001231200893155;0,02700107761704211;-0,05599995247770013;-0,026999997885942623;1,2787231930266874e-06;1,0797310994875575e-06;0,003642271210172003;0,0036422712101720016;0,003642271210172003;0,9854914421800247;-0,3088705519068801;0,9854657508700974;-0,309255074438233;3,642271210172003e-07
192;0,02800062859709384;0,014000530755693233;-0,027999999999833415;-0,014000000000009876;6,285972604241907e-07;5,307556833564903e-07;0,0018224068993130517;0,0018224068993130515;0,0018224068993130517;0,9917864081909561;-0,07830423778060809;0,9917610764660016;-0,07865857374698827;1,8224068993130516e-07
193;0,0281010090771038;0,014000852013722979;-0,028100628597388214;-0,014000530755369504;3,8047971558444194e-07;3,212583534750735e-07;0,0018276154813346957;0,0018276154813346955;0,0018276154813346957;0,9918016921126213;-0,07808912510662394;0,9917864081909561;-0,07830423778060809;1,8276154813346956e-07
194;0,27611039288591493;0,13408888112724165;-0,2760280311323532;-0,13401935345639768;8,23617535617438e-05;6,952767084397737e-05;0,018002583090239943;0,01800258309023994;0,018002583090239943;0,98439334873649;-0,29386010526216405;0,9840583439914038;-0,2988201683375275;1,8002583090239943e-06
195;0,4195093574882697;0,20328223181197547;-0,41937922428309576;-0,2031925058625202;0,00013013320517391014;8,972594945527712e-05;0,026982562176294064;0,026982562176294064;0,026982562176294064;0,997465325742435;-0,02238578079072855;0,9971310277085986;-0,025336329305170262;2,6982562176294064e-06
196;-0,48730766976608186;-0,23614321561718832;0,48742670953934447;0,23622527934548587;0,00011903977326260806;8,206372829755448e-05;0,03141364861958295;0,03141364861958294;0,03141364861958295;0,9952380145103353;-0,27106224271870855;0,9955006714046941;-0,26874160666574765;3,141364861958295e-06
197;-0,05099988946850925;-0,02499997936005265;0,051001581929665585;0,02500114614733924;1,692461156332925e-06;1,1667872865904483e-06;0,0032969704046705425;0,003296970404670542;0,0032969704046705425;0,9946165400958572;-0,23449840770106378;0,9946521457266436;-0,23419303187484905;3,2969704046705424e-07
198;-1,0590439134720275;-0,5127197551504463;1,060004979322829;0,5133823788107442;0,000961065850801468;0,0006626236602979008;0,06864760111734133;0,06864760111734135;0,06864760111734135;0,9895859411829319;-0,09227037159050415;0,9905563075839852;-0,08362977575449237;6,864760111734134e-06
199;0,0;0,0;0,0;0,0;0,0;0,0;;;;;;;;
200;0,4072790734202886;0,197192401835734;-0,40713831269871426;-0,19709536240339187;0,00014076072157431785;9,703943234212753e-05;0,026200576986991353;0,026200576986991353;0,026200576986991353;0,9971310277085986;-0,025336329305170262;0,996758668756527;-0,02862966641295992;2,6200576986991353e-06
201;-0,5845522995984512;-0,26473029610032883;0,5848796983253605;0,2649560118458739;0,00032739872690923377;0,00022571574554508533;0,037705993017751537;0,037705993017751537;0,037705993017751537;0,98256993443419;-0,36711543065204855;0,983169182821441;-0,36082033663402024;3,7705993017751536e-06
202;0,0;0,0;0,0;0,0;0,0;0,0;;;;;;;;
203;-0,3730455706002916;-0,1810314194018975;0,37319203818356156;0,18113239788561739;0,00014646758326997134;0,00010097848371989904;0,0240984775732288;0,0240984775732288;0,0240984775732288;0,9934188189783171;-0,05785283598023705;0,9938401390598383;-0,054137336640792656;2,40984775732288e-06
204;0,06910409133950225;0,034003454330990744;-0,06910100907701497;-0,03400085201391423;3,0822624872833826e-06;2,6023170765152037e-06;0,004483103448684556;0,004483103448684555;0,004483103448684556;0,991852104692736;-0,07736440953722211;0,9918016921126213;-0,07808912510662394;4,4831034486845563e-07
205;0,06920824384453345;0,03400631775281635;-0,06920409133922968;-0,0340034543311704;4,152505303764431e-06;2,863421645953046e-06;0,004488327062757902;0,0044883270627579025;0,0044883270627579025;0,9919162886700311;-0,07681551638830295;0,991852104692736;-0,07736440953722211;4,488327062757902e-07
206;0,10335189885107654;0,050035788233833235;-0,1033395089345133;-0,05002724626903257;1,2389916563243508e-05;8,54196480066377e-06;0,006722765870973549;0,00672276587097355;0,00672276587097355;0,9861311242001869;-0,2708198987413279;0,986003387314746;-0,2719624213765721;6,72276587097355e-07
207;0,1032395089504872;0,05002724626159493;-0,10322416969338717;-0,050016670824610934;1,5339257100024928e-05;1,0575436983996378e-05;0,0067174959954684425;0,0067174959954684425;0,0067174959954684425;0,986003387314746;-0,2719624213765721;0,9858451102956558;-0,2733749911906289;6,717495995468443e-07
208;0,103124169710118;0,05001667081711398;-0,10311527740602326;-0,05001053987147275;8,892304094731962e-06;6,130945641232011e-06;0,006712226181737241;0,00671222618173724;0,006712226181737241;0,9858451102956558;-0,2733749911906289;0,9857532775592622;-0,2741928123842471;6,712226181737241e-07
209;-0,4433042786992707;-0,2140718967309915;0,44354883809368884;0,21424050369417127;0,00024455939441814234;0,00016860696317977375;0,028740543280201047;0,028740543280201043;0,028740543280201047;0,9889215568263536;-0,09880865914009787;0,9895112453398756;-0,09351811548198824;2,8740543280201044e-06
210;1,9416416997094292;0,9580559769563439;-1,9375705978285782;-0,9552492555930264;0,004071101880851025;0,0028067213633174992;0,12705004826792782;0,12705004826792782;0,12705004826792782;0,9839003202852844;-0,36501657686209765;0,9816769503080733;-0,38399537002400136;1,2705004826792782e-05
211;0,10200715310213905;0,04900497131731027;-0,10199992374810768;-0,048999987374534676;7,229354031371149e-06;4,983942775593775e-06;0,006629488114444625;0,006629488114444625;0,006629488114444625;0,9855579690517544;-0,3072845212431433;0,9854824236924757;-0,3079740926840978;6,629488114444625e-07
212;0,0;0,0;0,0;0,0;0,0;0,0;;;;;;;;
213;0,18403038835477975;0,08902102129934263;-0,18400678075416765;-0,08900474613422985;2,3607600612096657e-05;1,627516511278071e-05;0,011979982242884957;0,011979982242884957;0,011979982242884957;0,9852113168440898;-0,3130142233250532;0,9850747435183552;-0,31423943295187606;1,1979982242884957e-06
214;0,12202256260662743;0,05901913153270861;-0,1219998964340268;-0,05899999512062068;2,266617260063275e-05;1,913641208792921e-05;0,007942780752951916;0,007942780752951916;0,007942780752951916;0,9852672388056948;-0,31222099807861226;0,9850583543262255;-0,3153318677649794;7,942780752951916e-07
215;0,016000106137253854;0,008000074182311547;-0,015999997895329503;-0,007999999564474338;1,0824192435074376e-07;7,461783720942583e-08;0,0010472230096348779;0,001047223009634878;0,001047223009634878;0,9862301971693532;-0,2698755122075489;0,9862230198883765;-0,2699342309958202;1,0472230096348781e-07
216;0,13501182733368133;0,06600816375658841;-0,13500015901134185;-0,06600011883940769;1,1668322339480897e-05;8,04491718071898e-06;0,008718381584012449;0,008718381584012449;0,008718381584012449;0,995213261313392;-0,27124282639509584;0,9951204438853246;-0,272044434847306;8,718381584012448e-07
217;-0,11300000000001721;-0,05399999999998099;0,11302990134686201;0,05402061571146144;2,9901346844801724e-05;2,0615711480452548e-05;0,007305184493543276;0,007305184493543277;0,007305184493543277;0,9898068284313696;-0,09092654245420685;0,9900903048727242;-0,0883158202377491;7,305184493543277e-07
218;-0,5323745866266975;-0,2396767376142707;0,5324520390724083;0,23973013847971297;7,74524457108905e-05;5,34008654422824e-05;0,034311335687543874;0,03431133568754386;0,034311335687543874;0,9824142065622459;-0,3687734765606968;0,98256993443419;-0,36711543065204855;3,4311335687543877e-06
219;-0,5319132427975046;-0,2394276316658869;0,5322745746490597;0,2396767578672327;0,00036133185155506897;0,00024912620134578956;0,03430597679924405;0,03430597679924406;0,03430597679924406;0,9816875915410656;-0,3765137850248227;0,9824142065622459;-0,3687734765606968;3,4305976799244064e-06
220;-0,5316100569312447;-0,23935651896436622;0,5317132300590497;0,23942765337806476;0,00010317312780494525;7,113441369854812e-05;0,03429525109489601;0,03429525109489601;0,03429525109489601;0,9814800501117878;-0,3787250084130838;0,9816875915410656;-0,3765137850248227;3,4295251094896006e-06
221;-0,5305559745103304;-0,23869878188211277;0,5315100274262649;0,23935656939186792;0,0009540529159344224;0,0006577875097551478;0,03428988698557658;0,034289886985576584;0,034289886985576584;0,9795606368331385;-0,399212112598927;0,9814800501117878;-0,3787250084130838;3,428988698557658e-06
222;-0,5303786141381284;-0,23864551507845888;0,5304559455293194;0,23869883248086687;7,733139119103782e-05;5,3317402407992986e-05;0,03428451170252687;0,03428451170252687;0,03428451170252687;0,9794050366159335;-0,40087584452896574;0,9795606368331385;-0,399212112598927;3,428451170252687e-06
223;-0,529956472074635;-0,23842344877699687;0,5302786027916794;0,23864553495749363;0,00032213071704434437;0,00022208618049676665;0,03427913587107629;0,03427913587107629;0,03427913587107629;0,9787567774873861;-0,407809274156303;0,9794050366159335;-0,40087584452896574;3,4279135871076288e-06
224;0,2661630541016023;0,12904348385248193;-0,2661298697459171;-0,12902060435143498;3,318435568516742e-05;2,287950104695735e-05;0,01739651984556932;0,017396519845569322;0,017396519845569322;0,9816769503080733;-0,38399537002400136;0,9815447262108159;-0,3851791335408209;1,7396519845569324e-06
225;0,39353911308506334;0,1903027699211095;-0,39329326008231047;-0,19013326914066078;0,0002458530027528716;0,00016950078044872252;0,025309929251239063;0,02530992925123906;0,025309929251239063;0,9971611526764393;-0,25401692434892603;0,996487945318738;-0,2599933656324553;2,530992925123906e-06
226;0,0;0,0;0,0;0,0;0,0;0,0;;;;;;;;
227;0,0;0,0;0,0;0,0;0,0;0,0;;;;;;;;
228;-0,1892584076135053;-0,0930406859011681;0,18934245620036855;0,09309863535451302;8,404858686325567e-05;5,7949453344918744e-05;0,01220000923640477;0,012200009236404769;0,01220000923640477;0,9980188062981231;-0,20128394988010462;0,9984967449830836;-0,1972311133559991;1,220000923640477e-06
229;0,4253342092540911;0,2062304474626297;-0,425178987370248;-0,20612343488093918;0,000155221883843093;0,00010701258169051875;0,027294787817672635;0,02729478781767264;0,02729478781767264;0,9998625294049388;-0,23008212987638182;0,9994683392955079;-0,23354642907083206;2,729478781767264e-06
230;-0,1651121955918461;-0,08000849813052083;0,1651375219197255;0,08002987794859238;2,532632787941025e-05;2,1379818071556866e-05;0,010751642982655218;0,010751642982655218;0,010751642982655218;0,9852433372781048;-0,3125294343893638;0,985415789744841;-0,30997047419848006;1,0751642982655217e-06
231;0,0;0,0;0,0;0,0;0,0;0,0;;;;;;;;
232;0,20744580917038546;0,10216991533729568;-0,2073424182756621;-0,1020986271600136;0,00010339089472335972;7,128817728208059e-05;0,013363627711952403;0,013363627711952403;0,013363627711952403;0,9990335368673994;-0,1927015943658639;0,9984967449830836;-0,1972311133559991;1,3363627711952402e-06
233;0,3091330182452004;0,14909170468838417;-0,3090929920323394;-0,1490641121501566;4,0026212860977406e-05;2,7592538227566576e-05;0,020137876540000037;0,02013787654000004;0,02013787654000004;0,9839720996311652;-0,3391640744718078;0,9838343736401587;-0,34041054007886035;2,013787654000004e-06
234;-0,3161401341493676;-0,1530276983098135;0,31618183123905397;0,15305644268653343;4,169708968637664e-05;2,8744376719930242e-05;0,02055390266483285;0,020553902664832854;0,020553902664832854;0,9865881279648444;-0,279809306162558;0,9867287307314847;-0,27855247261589683;2,0553902664832855e-06
235;0,3211523689588162;0,15510505483338363;-0,3210659380234121;-0,15504546360021848;8,643093540411373e-05;5,959123316515158e-05;0,020926376563442713;0,020926376563442713;0,020926376563442713;0,9839720996311652;-0,3391640744718078;0,9836858711769922;-0,34174680780043026;2,0926376563442714e-06
236;0,12200682703857957;0,05900475415960229;-0,12199990884670611;-0,05899998429817378;6,918191873456214e-06;4,7698614285066054e-06;0,007943135724568283;0,007943135724568283;0,007943135724568283;0,9850747435183552;-0,31423943295187606;0,9850143799263521;-0,3147814701459015;7,943135724568282e-07
237;0,1840675665146859;0,09004659737339529;-0,18401182074905914;-0,09000816253635577;5,5745765626752375e-05;3,843483703952488e-05;0,011883664270023124;0,011883664270023122;0,011883664270023124;0,9955385979609177;-0,26843794153373807;0,995213261313392;-0,27124282639509584;1,1883664270023124e-06
238;0,24119933583167108;0,11606850280140166;-0,24116765136917975;-0,11604665742644184;3,168446249132706e-05;2,184537495981964e-05;0,01551773142358093;0,015517731423580927;0,01551773142358093;0,995901209313362;-0,26520322133611285;0,9957597405633439;-0,2664760990614204;1,5517731423580932e-06
239;-0,3651404269904361;-0,1770278959664398;0,36530768622521465;0,17714321847136616;0,00016725923477856064;0,00011532250492635177;0,023552108258026318;0,02355210825802632;0,02355210825802632;0,9947457421600638;-0,2754092510437581;0,9952380145103353;-0,27106224271870855;2,3552108258026324e-06
240;1,931886063898276;0,9350532358251715;-1,9304494746505374;-0,9340628353846645;0,0014365892477385955;0,0009904004405070221;0,12414666339521689;0,12414666339521689;0,12414666339521689;0,9981372203907991;-0,20062318846751084;0,9973352086511286;-0,20771921779210004;1,241466633952169e-05
241;1,569578463885931;0,7591263442450867;-1,5675676305748918;-0,7577399420716755;0,0020108333110391285;0,0013864021734112386;0,10093631954920362;0,10093631954920361;0,10093631954920362;0,9972819048167052;-0,2529426167588264;0,995901209313362;-0,26520322133611285;1,0093631954920361e-05
242;-0,08499999522794932;-0,040999999195157275;0,08500886047408768;0,04100611148524447;8,865246138356486e-06;6,11229008719294e-06;0,005576406272402604;0,005576406272402602;0,005576406272402604;0,9770713740137862;-0,42304840619416983;0,9771815387820625;-0,4220444629047912;5,576406272402604e-07
243;0,271092992535635;0,1310641122270829;-0,2710210889043343;-0,13101454031243417;7,19036313007182e-05;4,957191464871613e-05;0,017670437469029254;0,017670437469029257;0,017670437469029257;0,9838343736401587;-0,34041054007886035;0,9835523656440899;-0,34294818580481057;1,7670437469029257e-06
244;0,0;0,0;0,0;0,0;0,0;0,0;;;;;;;;
245;-0,10509992162584857;-0,050999986230987455;0,10511225718007641;0,051008491182192445;1,233555422784638e-05;8,50495120498923e-06;0,0068465123287710355;0,006846512328771035;0,0068465123287710355;0,98511843998603;-0,3136408524350995;0,9852433372781048;-0,3125294343893638;6,846512328771036e-07
246;0,31629327043084554;0,1531332708892007;-0,3161341725397048;-0,1530235825127557;0,0001590978911407137;0,00010968837644501073;0,020360356791226178;0,020360356791226178;0,020360356791226178;0,996487945318738;-0,2599933656324553;0,9959463491539428;-0,2647889836462811;2,0360356791226178e-06
247;-0,17099962701779514;-0,08299993412295442;0,17100791408838112;0,08300564656966902;8,287070585977219e-06;5,712446714600805e-06;0,011041038871601802;0,011041038871601802;0,011041038871601802;0,9939455236616588;-0,23783145642188;0,9939975518015968;-0,2373731759380702;1,1041038871601802e-06
248;-0,9076070393895186;-0,4394185271958047;0,9080439134723131;0,4397197551501085;0,0004368740827944695;0,00030122795430381766;0,05886238002877528;0,05886238002877527;0,05886238002877528;0,9890715053105097;-0,09685609524355447;0,9895859411829319;-0,09227037159050415;5,886238002877528e-06
249;0,1991676570611947;0,09604665831764705;-0,19912980670210195;-0,0960205634635149;3,785035909273371e-05;2,6094854132158174e-05;0,012820556933954272;0,01282055693395427;0,012820556933954272;0,9957597405633439;-0,2664760990614204;0,9955551646291765;-0,2683067567711733;1,2820556933954272e-06
250;1,9335915562491608;0,9361602424414488;-1,931986066631101;-0,935053231454803;0,00160548961805973;0,0011070109866457845;0,12415186993891089;0,12415186993891088;0,12415186993891089;0,9990335368673994;-0,1927015943658639;0,9981372203907991;-0,20062318846751084;1,2415186993891089e-05
251;0,0;0,0;0,0;0,0;0,0;0,0;;;;;;;;
252;0,0;0,0;0,0;0,0;0,0;0,0;;;;;;;;
253;0,056002323308329126;0,027001601843083187;-0,05600000000013542;-0,026999999999950994;2,323308193705187e-06;1,601843132192915e-06;0,003639059049015873;0,0036390590490158734;0,0036390590490158734;0,9863805450795364;-0,25051726705643373;0,9863363053780743;-0,2509171172445472;3,639059049015874e-07
254;-0,10299998626011368;-0,049999997584051124;0,10301527742298341;0,05001053986313844;1,52911628697322e-05;1,054227908731803e-05;0,006706956813775333;0,006706956813775334;0,006706956813775334;0,9855952313661502;-0,2755968848472061;0,9857532775592622;-0,2741928123842471;6,706956813775334e-07
255;0,2360435615002886;0,11403003193958233;-0,2360166166177308;-0,11401145555624521;2,6944882557805583e-05;1,8576383337118307e-05;0,015297661082075307;0,015297661082075307;0,015297661082075307;0,9893593268041874;-0,22390524179976407;0,9892372622685024;-0,22499953369308298;1,5297661082075305e-06
256;0,2440659390398571;0,11804546376927584;-0,2440159641809362;-0,11801100777899388;4,9974858920887044e-05;3,445599028195634e-05;0,015912382795625662;0,01591238279562566;0,015912382795625662;0,9836858711769922;-0,34174680780043026;0,9834682042921445;-0,343703972587555;1,591238279562566e-06
257;0,1940515299446119;0,09403553209066813;-0,19399998915321096;-0,09399999811863434;5,1540791400933594e-05;3,553397203379105e-05;0,01273098426596728;0,01273098426596728;0,01273098426596728;0,9779073088933904;-0,41547223570940445;0,9776266945063398;-0,4179974421444507;1,273098426596728e-06
258;0,30317900355454497;0,14712343768383748;-0,3030460391408357;-0,14703176317698458;0,00013296441370924672;9,167450685290679e-05;0,019466523765352527;0,019466523765352524;0,019466523765352527;0,9994683392955079;-0,23354642907083206;0,998994851683536;-0,23770148379323752;1,946652376535253e-06
259;0,19907691598395225;0,09605303693686043;-0,1990083510723219;-0,09600576547604696;6,856491163034772e-05;4,727146081347222e-05;0,012999832360607083;0,012999832360607089;0,012999832360607089;0,9816769503080733;-0,38399537002400136;0,981311463615718;-0,38730924688412643;1,2999832360607088e-06
260;-0,3771201756142859;-0,183017033887032;0,37716703058363993;0,18305658169113875;4,6854969354026554e-05;3,954780410675429e-05;0,024373725102888582;0,024373725102888582;0,024373725102888582;0,9929370391029653;-0,08150794954357786;0,9930777902381914;-0,07944126344576809;2,4373725102888583e-06
261;0,0;0,0;0,0;0,0;0,0;0,0;;;;;;;;
262;0,16801124606662007;0,08200776002376192;-0,16800327137109905;-0,08200226173847794;7,97469552102359e-06;5,4982852839835505e-06;0,011009741241470332;0,011009741241470328;0,011009741241470332;0,9804034009686026;-0,3954209287872995;0,9803531722455118;-0,3958631917346263;1,1009741241470331e-06
263;2,4693010126943684;1,219883280958282;-2,4651407048988716;-1,2170151497405217;0,004160307795496809;0,0028681312177603058;0,15903509805734511;0,15903509805734511;0,15903509805734511;0,9998625294049388;-0,23008212987638182;0,9980472812985773;-0,2452705417566374;1,5903509805734513e-05
264;0,48640106245770875;0,2352765157089042;-0,48618941267604054;-0,23513060078383194;0,00021164978166821058;0,00014591492507226578;0,031872208661970755;0,031872208661970755;0,031872208661970755;0,9787567774873861;-0,407809274156303;0,978296547303084;-0,4119673766955504;3,1872208661970756e-06
265;2,46504069854403;1,2170151637294684;-2,4594944891325197;-1,2131912382255;0,005546209411510183;0,003823925503968484;0,1590299109991169;0,15902991099911695;0,15902991099911695;0,9980472812985773;-0,2452705417566374;0,9956272979678212;-0,2656096744278038;1,5902991099911695e-05
266;-0,224032564278192;-0,10802246665429674;0,22419197908590452;0,10813237782131055;0,00015941480771253236;0,00010991116701380976;0,014411559921150856;0,014411559921150858;0,014411559921150858;0,9963946430843319;-0,26086877675117276;0,9971611526764393;-0,25401692434892603;1,4411559921150858e-06
267;-0,14400345280990612;-0,07000238606354021;0,1440229107426011;0,07001580165598652;1,945793269497731e-05;1,3415592446303082e-05;0,009419525639301384;0,009419525639301386;0,009419525639301386;0,9814015147297759;-0,3864523470986079;0,9815447262108159;-0,3851791335408209;9,419525639301387e-07
268;-0,19409996573557664;-0,09399999405851307;0,194140155674425;0,09402770202634526;4,01899388483562e-05;2,7707967832191205e-05;0,012623434229336728;0,012623434229336723;0,012623434229336728;0,9863674568427608;-0,28178019757220124;0,9865881279648444;-0,279809306162558;1,2623434229336727e-06
269;0,194028047174321;0,09401935103114167;-0,19399997392276844;-0,0939999954650917;2,8073251552573897e-05;1,9355566049969464e-05;0,01264975310904362;0,01264975310904362;0,01264975310904362;0,9840583439914038;-0,2988201683375275;0,9839045157899516;-0,3001959964177738;1,264975310904362e-06
270;-0,2312238435494458;-0,11201644035369195;0,23127098567188262;0,11204894214932129;4,714212243681071e-05;3,250179562934441e-05;0,015003242170870217;0,01500324217087022;0,01500324217087022;0,9887037651627413;-0,10074768210773509;0,9889215568263536;-0,09880865914009787;1,500324217087022e-06
271;-0,2951413088013914;-0,1430289480895789;0,2952603467205431;0,1431294467819575;0,00011903791915168771;0,00010049869237860332;0,01903249251308936;0,019032492513089364;0,019032492513089364;0,9949025699496903;-0,23198629754705277;0,9953604819107167;-0,2252590142764221;1,9032492513089363e-06
272;0,0;0,0;0,0;0,0;0,0;0,0;;;;;;;;
273;0,22313377063123097;0,10809223291864292;-0,22305160068287547;-0,10803558170747309;8,216994835549829e-05;5,66512111698364e-05;0,0146322017199216;0,014632201719921604;0,014632201719921604;0,978296547303084;-0,4119673766955504;0,9779073088933904;-0,41547223570940445;1,4632201719921604e-06
274;0,0;0,0;0,0;0,0;0,0;0,0;;;;;;;;
275;0,18679689094751628;0,09006680524773807;-0,18676082134300726;-0,09004193353916864;3,6069604509025854e-05;2,4871708569421114e-05;0,012011835388626319;0,012011835388626317;0,012011835388626319;0,996758668756527;-0,02862966641295992;0,996550584575778;-0,030491658729781924;1,201183538862632e-06
276;0,27109014123276776;0,13106577287930377;-0,27102326748024635;-0,131019665668263;6,687375252140138e-05;4,610721104075788e-05;0,0174625849164127;0,017462584916412702;0,017462584916412702;0,9955385979609177;-0,26843794153373807;0,9952731906703772;-0,27079841411971234;1,7462584916412704e-06
277;0,12212981711476388;0,059020565182741604;-0,12211692457062008;-0,05901167684561264;1,2892544143799922e-05;8,888337128962198e-06;0,007866337238473532;0,007866337238473532;0,007866337238473532;0,9955551646291765;-0,2683067567711733;0,9954415817215208;-0,26931771066824317;7,866337238473533e-07
278;0,12201692458711136;0,05901167683812228;-0,12199998352008469;-0,058999997179305465;1,694106702666842e-05;1,1679658816814154e-05;0,007861115480443544;0,007861115480443543;0,007861115480443544;0,9954415817215208;-0,26931771066824317;0,995292224733512;-0,27064467515179336;7,861115480443545e-07
279;-0,09599999220277908;-0,04699999856572069;0,0960107794440929;0,047007435600113015;1,0787241313828244e-05;7,43703439232829e-06;0,0062729090794640865;0,0062729090794640865;0,0062729090794640865;0,9837810509106333;-0,3660543193229449;0,9839003202852844;-0,36501657686209765;6,272909079464087e-07
280;-0,1900088545988051;-0,09200611045048451;0,19005320914441526;0,09203669142310764;4,435454561016461e-05;3,0580972623123204e-05;0,012473205434092792;0,012473205434092796;0,012473205434092796;0,9771815387820625;-0,4220444629047912;0,9774280114460819;-0,41982129307997135;1,2473205434092795e-06
281;0,1816607983964091;0,08804191771769582;-0,18164069963578347;-0,08802806032393658;2,0098760625641976e-05;1,3857393759239556e-05;0,011695387645763075;0,011695387645763075;0,011695387645763075;0,996550584575778;-0,030491658729781924;0,9964314646341733;-0,031543179024524394;1,1695387645763074e-06
282;0,1792404263667896;0,08702787094420368;-0,17922435860938726;-0,08701679414153787;1,6067757402343785e-05;1,1076802665807572e-05;0,011541173478255675;0,011541173478255675;0,011541173478255675;0,996758668756527;-0,02862966641295992;0,9966621593449222;-0,02947699516261583;1,1541173478255675e-06
283;-0,09800004621477942;-0,047000034745605435;0,09801765559363075;0,04701217539627896;1,7609378851327073e-05;1,2140650673522768e-05;0,006416937071385837;0,006416937071385834;0,006416937071385837;0,9778943137954416;-0,4156425477567737;0,9780844070874011;-0,4138864141780391;6,416937071385837e-07
284;0,19014290155031158;0,09109852227019519;-0,19012296677866772;-0,09108477791327521;1,993477164385915e-05;1,3744356919975775e-05;0,01230865762253471;0,012308657622534707;0,01230865762253471;0,9889640558912028;-0,09839290351927102;0,988851873136191;-0,09942074156419332;1,230865762253471e-06
285;0,17403260938671428;0,08502490060447943;-0,17401877145384928;-0,0850132154916274;1,3837932864996239e-05;1,1685112852030666e-05;0,011240071291519054;0,011240071291519054;0,011240071291519054;0,9949057572653363;-0,22920140149934004;0,9948155454803543;-0,23051037427871193;1,1240071291519055e-06
286;-0,24309996712515747;-0,11799999425341169;0,24314044349602126;0,11802789880965192;4,047637086379563e-05;2,7904556240229694e-05;0,015686679843642623;0,015686679843642623;0,015686679843642623;0,9945668742648002;-0,27698404574663466;0,9947457421600638;-0,2754092510437581;1,5686679843642623e-06
287;-0,45304659297878935;-0,22003212447105044;0,4533175479439727;0,22021894765850872;0,0002709549651833676;0,00018682318745827375;0,02949777460137212;0,02949777460137212;0,02949777460137212;0,9857815709555428;-0,2556146898255462;0,9864183693069482;-0,2499668492966202;2,949777460137212e-06
288;0,17203224867315883;0,08202223232153014;-0,17201036496901623;-0,08200714613840238;2,1883704142605653e-05;1,5086183127760444e-05;0,011133367795192858;0,01113336779519286;0,01113336779519286;0,9883303323887109;-0,10421327728662175;0,9881942269223244;-0,10547594496578601;1,113336779519286e-06
289;0,17002002941889355;0,0820138114442662;-0,17001025816856255;-0,08200707265093445;9,771250330997683e-06;6,738793331753645e-06;0,011048963270063768;0,011048963270063774;0,011048963270063774;0,9863805450795364;-0,25051726705643373;0,9863192585506995;-0,251070998733403;1,1048963270063772e-06
290;-0,31626038865393546;-0,1531293627886977;0,31636059795465216;0,15319845374295377;0,00010020930071669154;6,909095425605694e-05;0,02038160390829227;0,020381603908292266;0,02038160390829227;0,9953604819107167;-0,2252590142764221;0,9957012642486456;-0,22224106252416395;2,038160390829227e-06
291;-9,999989713576292e-05;-5,843435280612908e-11;9,99999125779238e-05;6,908084993645164e-11;1,54421608692442e-11;1,0646497130322561e-11;5,860714214895406e-06;5,860714214895406e-06;5,860714214895406e-06;0,985118287862256;-0,3136469524287838;0,98511843998603;-0,3136408524350995;5,860714214895406e-10
292;0,0;0,0;0,0;0,0;0,0;0,0;;;;;;;;
293;0,1490210905126571;0,07201454058947401;-0,14900763416896246;-0,07200526386768451;1,3456343694651096e-05;9,27672178950567e-06;0,009715489622203283;0,009715489622203283;0,009715489622203283;0,9835523656440899;-0,34294818580481057;0,9834563802356345;-0,343812881683976;9,715489622203284e-07
294;-0,1180176544917899;-0,05701217516776914;0,11802356234715176;0,05701624781699734;5,907855361864112e-06;4,072649228199776e-06;0,007736710579861157;0,007736710579861158;0,007736710579861158;0,9780844070874011;-0,4138864141780391;0,9781373250184178;-0,41340673997498895;7,736710579861158e-07
295;-0,19412562505954448;-0,09401767425483068;0,19415217201753068;0,09403597582353178;2,6546957986206543e-05;1,8301568701098447e-05;0,012703916510998118;0,012703916510998118;0,012703916510998118;0,9802585636631468;-0,39672236493802715;0,9804034009686026;-0,3954209287872995;1,2703916510998119e-06
296;-0,1939999855465214;-0,09399999749562203;0,1940256250672231;0,09401767425196997;2,563952070169795e-05;1,767675634793686e-05;0,012698615955305003;0,012698615955305009;0,012698615955305009;0,9801186134361767;-0,3979787371810005;0,9802585636631468;-0,39672236493802715;1,2698615955305008e-06
297;0,15501661661773636;0,07501145555601817;-0,15500000000019243;-0,07499999999987811;1,6616617543929735e-05;1,145555614005811e-05;0,010050821537612567;0,010050821537612565;0,010050821537612567;0,9892372622685024;-0,22499953369308298;0,9891226792564157;-0,22602236204486736;1,0050821537612568e-06
298;0,15402008771699302;0,0740161764018341;-0,15400505830695546;-0,07400348725204497;1,5029410037559199e-05;1,2689149789121834e-05;0,009899537763124475;0,009899537763124475;0,009899537763124475;0,9965984518105998;-0,029857043556883164;0,9964873940044621;-0,03150928422368225;9,899537763124475e-07
299;0,15229718749503138;0,0740670163396873;-0,15221763579173037;-0,07401216810649483;7,95517033010118e-05;5,484823319247545e-05;0,009901581432927346;0,009901581432927348;0,009901581432927348;0,9874772063048617;-0,25884056897255;0,9869201961992445;-0,2637599206232008;9,901581432927348e-07
300;0,1260126081725949;0,06100869155691595;-0,12600000000020994;-0,060999999999875;1,26081723849647e-05;8,691557040946263e-06;0,008176053253263055;0,008176053253263054;0,008176053253263055;0,9886382533825542;-0,23031944041695473;0,9885313738863469;-0,23127257421466935;8,176053253263055e-07
301;0,20218114599645615;0,09805594396439975;-0,20217560700387785;-0,09805212675529384;5,538992578296709e-06;3,8172091059024416e-06;0,012973329557281804;0,012973329557281806;0,012973329557281806;1,000000000026116;6,55784403929043e-20;0,9999704077352896;-0,0002594519963239308;1,2973329557281807e-06
302;0,20207560700225652;0,09805212675472136;-0,20200000000007695;-0,09799999999998228;7,56070021795674e-05;5,212675473907635e-05;0,012968134847352592;0,012968134847352592;0,012968134847352592;0,9999704077352896;-0,0002594519963239308;0,9995662597268201;-0,003804471745979174;1,2968134847352591e-06
303;0,0;0,0;0,0;0,0;0,0;0,0;;;;;;;;
304;0,14921361404417738;0,07201171731784366;-0,14920008626741896;-0,07200029718978068;1,3527776758420762e-05;1,1420128062974988e-05;0,009614610353865594;0,009614610353865596;0,009614610353865596;0,9949057572653363;-0,22920140149934004;0,9948027922604188;-0,2307250002606346;9,614610353865596e-07
305;0,0;0,0;0,0;0,0;0,0;0,0;;;;;;;;
306;-0,3373605524132623;-0,163198446139967;0,33751329150333476;0,16330375706517558;0,00015273909007246234;0,00010531092520857377;0,021730254284143765;0,02173025428414376;0,021730254284143765;0,9957012642486456;-0,22224106252416395;0,9961884251198287;-0,21791844503518315;2,1730254284143767e-06
307;-0,3931274533520496;-0,19008788177923153;0,393171234249567;0,19011806724072092;4,378089751738701e-05;3,0185461489390386e-05;0,025796595096059825;0,025796595096059825;0,025796595096059825;0,9773103883197801;-0,42088621113744284;0,9774280114460819;-0,41982129307997135;2,5796595096059826e-06
308;-0,12199999095456834;-0,058999998451275175;0,12200695901133918;0,05900480269287914;6,968056770834119e-06;4,804241603963144e-06;0,007971710567047803;0,007971710567047806;0,007971710567047806;0,9814841454665302;-0,38572507766352504;0,9815447262108159;-0,3851791335408209;7,971710567047806e-07
309;0,060002980005450506;0,028002196043486274;-0,060000877784409164;-0,028000746785041115;2,102221041341834e-06;1,4492584451582247e-06;0,0038400806535529193;0,0038400806535529184;0,0038400806535529193;0,9955385979609177;-0,26843794153373807;0,9955007421557744;-0,2688050711495993;3,8400806535529197e-07
310;0,1420188917821567;0,06901318453868296;-0,14200563284875947;-0,069004042097243;1,3258933397236605e-05;9,142441439957683e-06;0,009163829118988312;0,009163829118988309;0,009163829118988312;0,9948155454803543;-0,23051037427871193;0,9947152361206274;-0,23139144510119466;9,163829118988312e-07
311;-0,2930076477256791;-0,14200560040136512;0,2931253058730333;0,14208672175056694;0,00011765814735420488;8,112134920182368e-05;0,018912374428758136;0,01891237442875814;0,01891237442875814;0,9939975518015968;-0,2373731759380702;0,9944287815458358;-0,23355882932188524;1,891237442875814e-06
312;0,13901025816913623;0,06700707265119463;-0,13900005776990218;-0,0670000398345401;1,0200399234050472e-05;7,03281665452582e-06;0,009033087298316159;0,009033087298316157;0,009033087298316159;0,9863192585506995;-0,251070998733403;0,9862410114398674;-0,2517787403800431;9,033087298316158e-07
313;0,16011814482852846;0,07801250894310043;-0,1601126891878658;-0,0780087474395145;5,455640662649364e-06;3,761503585927861e-06;0,01040107899364169;0,010401078993641689;0,01040107899364169;0,9886746227744093;-0,2300003357051134;0,9886382533825542;-0,23031944041695473;1,040107899364169e-06
314;0,13211561931261576;0,06401091128422903;-0,13209972363897943;-0,0639999517500119;1,5895673636329155e-05;1,0959534217133693e-05;0,008513735485218527;0,00851373548521853;0,00851373548521853;0,9955483117867233;-0,22330421065901088;0,9954188978569415;-0,22444865445898993;8,51373548521853e-07
315;0,12200763452478618;0,05900526392743613;-0,1219999983907978;-0,05899999972365202;7,636133988381255e-06;5,2642037841124645e-06;0,007956262552593749;0,00795626255259375;0,00795626255259375;0,9834563802356345;-0,343812881683976;0,983389864345722;-0,3444109166820565;7,95626255259375e-07
316;0,13111755740578188;0,06401211255487495;-0,1311023774371828;-0,0640016472287911;1,5179968599066118e-05;1,0465326083841653e-05;0,00853569098748767;0,00853569098748767;0,00853569098748767;0,9869201961992445;-0,2637599206232008;0,9867968731877004;-0,26483787825960636;8,53569098748767e-07
317;0,13100237745756912;0,06400164721695384;-0,13099998265285498;-0,06399999683193662;2,3948047141453266e-06;1,6503850172183698e-06;0,008530433682910368;0,008530433682910366;0,008530433682910368;0,9867968731877004;-0,26483787825960636;0,9867774066879663;-0,2650075033291021;8,530433682910368e-07
318;0,1520332930273312;0,0730229545818596;-0,15201043615616616;-0,07300719503388658;2,2856871165044534e-05;1,5759547973018262e-05;0,009846723673575369;0,009846723673575367;0,009846723673575369;0,9889215568263536;-0,09880865914009787;0,988760743991389;-0,10027299032936392;9,84672367357537e-07
319;0,12912253609410218;0,06301553773648749;-0,1291076478045403;-0,06300527346203941;1,488828956189292e-05;1,0264274448085198e-05;0,008323078436700243;0,00832307843670024;0,008323078436700243;0,9966621593449222;-0,02947699516261583;0,9965381187328898;-0,03055166988852982;8,323078436700243e-07
320;0,12843701004893243;0,062025516412621835;-0,12842570205823645;-0,06201772027118347;1,1307990695985648e-05;7,796141438365378e-06;0,008264220512407817;0,008264220512407819;0,008264220512407819;0,9964314646341733;-0,031543179024524394;0,9963366412667125;-0,03238799613655593;8,264220512407818e-07
321;-0,04010058622329493;-0,019000404218548535;0,04010204172574577;0,019001407805287463;1,455502450835311e-06;1,0035867389276976e-06;0,0025892057145033413;0,0025892057145033413;0,0025892057145033413;0,989472333674886;-0,09388442214977614;0,9895112453398756;-0,09351811548198824;2,589205714503341e-07
322;0,12602310917312137;0,061015933000365966;-0,1259999999999829;-0,06100000000000784;2,3109173138469163e-05;1,5933000358125948e-05;0,008115455412959993;0,008115455412959997;0,008115455412959997;0,9961100725017905;-0,034120015313780346;0,9959127053425224;-0,03586774568452287;8,115455412959996e-07
323;0,1260120283326472;0,06101040380746642;-0,12599968743802029;-0,06099998485544531;1,2340894626927668e-05;1,0418952021105932e-05;0,008131069838978851;0,008131069838978851;0,008131069838978851;0,9941092765508932;-0,2409104301812556;0,9939981690012429;-0,24254749847962115;8,131069838978851e-07
324;0,12601122907380516;0,06100774308075116;-0,12600000000049125;-0,06100000000015416;1,1229073313911986e-05;7,743080596998853e-06;0,008181402326420945;0,008181402326420943;0,008181402326420945;0,9879801967819047;-0,10660987155545552;0,9878850633389399;-0,10745957727966896;8,181402326420945e-07
325;0,05900327409884095;0,029002257306143746;-0,058999999999999865;-0,029000000000042978;3,2740988410856486e-06;2,257306100768297e-06;0,00381643086400164;0,0038164308640016415;0,0038164308640016415;0,9946043228390532;-0,0590289667070992;0,9945448080356786;-0,05953577194893011;3,816430864001642e-07
326;2,3824944894930975;1,1761912586514847;-2,3757265924165454;-1,1715250204482257;0,006767897076552121;0,0046662382032589544;0,15407631420368295;0,15407631420368298;0,15407631420368298;0,9956272979678212;-0,2656096744278038;0,9925793445657127;-0,2913097663122637;1,54076314203683e-05
327;0,038000880115850975;0,018000747726959188;-0,03799999412580583;-0,01799999982718689;8,859900451421709e-07;7,478997722971947e-07;0,002438655402913507;0,0024386554029135073;0,0024386554029135073;0,9955007421557744;-0,2688050711495993;0,9954742056352714;-0,2692092538889123;2,4386554029135074e-07
328;-0,14700410721082835;-0,07100284196362268;0,147032574646487;0,07102246838058432;2,8467435658652285e-05;1,962641696164058e-05;0,009461513511076321;0,009461513511076323;0,009461513511076323;0,9961861341072685;-0,26272559445458216;0,9963946430843319;-0,26086877675117276;9,461513511076323e-07
329;0,12201031984997314;0,05900713948125708;-0,12199995178335794;-0,058999991698691814;1,0368066615196181e-05;7,147782565268546e-06;0,007939243810737429;0,007939243810737429;0,007939243810737429;0,985588057719743;-0,30534110437417616;0,985497550475014;-0,3061531649915526;7,939243810737429e-07
330;0,11500746745846159;0,056005149118963336;-0,1150000000000713;-0,05599999999992767;7,4674583902950564e-06;5,149119035666172e-06;0,007411068504641329;0,007411068504641329;0,007411068504641329;0,9965381187328898;-0,03055166988852982;0,9964682539320233;-0,031160868980431078;7,411068504641329e-07
331;0,12201596578915608;0,059011008055167936;-0,12199999839058925;-0,05899999972376632;1,5967398566824054e-05;1,1008331401614335e-05;0,007956754014470616;0,007956754014470614;0,007956754014470616;0,9834682042921445;-0,343703972587555;0,9833291236673614;-0,3449546622734387;7,956754014470615e-07
332;-0,0579999956944067;-0,027999999270506493;0,058003459163918546;0,02800238721665418;3,4634695118482273e-06;2,387946147687503e-06;0,003789134541104716;0,0037891345411047157;0,003789134541104716;0,9813381715865223;-0,38702587188161125;0,9814015147297759;-0,3864523470986079;3,7891345411047166e-07
333;0,10932540911475963;0,05301751829566847;-0,10931584217381127;-0,05301092271303113;9,566940948363412e-06;6,595582637339281e-06;0,007040753562497597;0,007040753562497597;0,007040753562497597;0,9963366412667125;-0,03238799613655593;0,996242454024166;-0,03321803759221455;7,040753562497598e-07
334;0,1940232743111985;0,09401967052536829;-0,19399997020713264;-0,09399999859539565;2,3304104065868803e-05;1,9671929972639446e-05;0,01250697323709098;0,01250697323709098;0,01250697323709098;0,9952731906703772;-0,27079841411971234;0,9951367814922075;-0,2728025651419283;1,250697323709098e-06
335;-0,02110000002288809;-0,010000000015560773;0,02110058622315614;0,010000404218633687;5,862002680490086e-07;4,0420307291337554e-07;0,0013624817575002108;0,0013624817575002108;0,0013624817575002108;0,9894425513780722;-0,09416465368214735;0,989472333674886;-0,09388442214977614;1,362481757500211e-07
336;-0,18603224867325352;-0,08902223232124393;0,18612296677869972;0,08908477791338318;9,071810544619696e-05;6,254559213925148e-05;0,012047585820217355;0,012047585820217354;0,012047585820217355;0,9883303323887109;-0,10421327728662175;0,988851873136191;-0,09942074156419332;1,2047585820217355e-06
337;0,10310468690735641;0,05000395679145152;-0,10310000000947307;-0,05000000000661932;4,686897883340868e-06;3,956784832198634e-06;0,006676334798874798;0,006676334798874799;0,006676334798874799;0,9909453536936917;-0,09055874532405857;0,9908939540099813;-0,09131627047114446;6,676334798874798e-07
338;0,10100462851064926;0,0490031916306557;-0,10099999999998817;-0,0489999999999095;4,62851066108938e-06;3,1916307462048765e-06;0,006562921597495151;0,006562921597495151;0,006562921597495151;0,9876052585375297;-0,23952381853107538;0,9875563689454468;-0,2399582559935425;6,562921597495151e-07
339;0,1010007106676078;0,04900049020340696;-0,10100000000208452;-0,04899999999981607;7,106655232763659e-07;4,902035908860292e-07;0,006574787440156828;0,006574787440156828;0,006574787440156828;0,9857815709555428;-0,2556146898255462;0,9857740773514505;-0,2556814690085495;6,574787440156828e-07
340;0,0;0,0;0,0;0,0;0,0;0,0;;;;;;;;
341;0,09921576713429281;0,0480108709738323;-0,09920749002109593;-0,048005164392684124;8,277113196883401e-06;5,706581148172407e-06;0,0063876518386181145;0,006387651838618114;0,0063876518386181145;0,996242454024166;-0,03321803759221455;0,9961526442859627;-0,034014157190155186;6,387651838618115e-07
342;-1,2133125348091265;-0,5975056238927321;1,21430010002124;0,5981864848899138;0,000987565212113406;0,0006808609971816759;0,07881054474484077;0,07881054474484075;0,07881054474484077;0,9907830079086305;-0,2626971878510173;0,9916524135771982;-0,2553105619378336;7,881054474484076e-06
343;0,18104605536661159;0,08803176597080192;-0,1810074647661821;-0,08800515904519801;3,859060042948892e-05;2,6606925603911424e-05;0,011634554970981;0,011634554970981002;0,011634554970981002;0,998994851683536;-0,23770148379323752;0,9987648946757977;-0,2397093141499416;1,1634554970981002e-06
344;-1,2193993341633786;-0,6001875419028908;1,223312769722004;0,6028856598045944;0,003913435558625444;0,0026981179017036006;0,07912835479340787;0,07912835479340788;0,07912835479340788;0,9916524135771982;-0,2553105619378336;0,9950837904908562;-0,22621408029674847;7,912835479340789e-06
345;0,0;0,0;0,0;0,0;0,0;0,0;;;;;;;;
346;0,04900328020946107;0,024002263322645916;-0,04899999636691667;-0,023999999330069084;3,2838425444020602e-06;2,2639925768321023e-06;0,0032134948081137854;0,003213494808113786;0,003213494808113786;0,9803531722455118;-0,3958631917346263;0,9802822954665256;-0,396481398971338;3,213494808113786e-07
347;-9,999999994920956e-05;-6,42190000332263e-15;0,0001000000226111993;1,5630590054378666e-11;2,266198972998134e-11;1,5624168154375343e-11;5,8351078486702715e-06;5,8351078486702715e-06;5,8351078486702715e-06;0,9894423271507415;-0,09417360566905887;0,9894425513780722;-0,09416465368214735;5,835107848670272e-10
348;0,0;0,0;0,0;0,0;0,0;0,0;;;;;;;;
349;0,0;0,0;0,0;0,0;0,0;0,0;;;;;;;;
350;-0,7304101583397328;-0,35328278431051197;0,7306070393893674;0,3534185271956227;0,00019688104963466735;0,00013574288511075672;0,04737537345950809;0,04737537345950808;0,04737537345950809;0,9887834799409736;-0,09943099628409796;0,9890715053105097;-0,09685609524355447;4,737537345950809e-06
351;0,08601036496873658;0,04100714613822473;-0,08599999999996064;-0,04099999999990289;1,036496877594717e-05;7,146138321839635e-06;0,005567047048948073;0,005567047048948073;0,005567047048948073;0,9881942269223244;-0,10547594496578601;0,988065302637038;-0,10667260705150788;5,567047048948073e-07
352;0,07510609632445524;0,03600420339845841;-0,07510096047614812;-0,03600066216824526;5,135848307122326e-06;3,541230213149893e-06;0,004863693292750681;0,004863693292750682;0,004863693292750682;0,9887037651627413;-0,10074768210773509;0,9886306185689662;-0,10141718605068523;4,863693292750683e-07
353;-0,35312517523702835;-0,17108669892638928;0,35319346441107446;0,17113378202313248;6,828917404611001e-05;4,7083096743200104e-05;0,022781430394113796;0,022781430394113792;0,022781430394113796;0,9944287815458358;-0,23355882932188524;0,9946365569370174;-0,23171983926577305;2,2781430394113796e-06
354;-0,35329346441679754;-0,17113378183111996;0,35331055232917613;0,1711455580040992;1,708791237858831e-05;1,1776172979233168e-05;0,022786654270458763;0,022786654270458763;0,022786654270458763;0,9946365569370174;-0,23171983926577305;0,9946885297289062;-0,23126026952743195;2,2786654270458765e-06
355;0,08100870914757607;0,03900600438206789;-0,08100000000012379;-0,039000000000031926;8,709147452282129e-06;6,004382035962319e-06;0,005233283495019584;0,005233283495019584;0,005233283495019584;0,9919162886700311;-0,07681551638830295;0,9918009819057599;-0,07785538403507572;5,233283495019585e-07
356;0,08100576482871727;0,0390040672091313;-0,08099982324634465;-0,03899997027037168;5,941582372617771e-06;4,096938759620694e-06;0,0052183552360855106;0,00521835523608551;0,0052183552360855106;0,9947152361206274;-0,23139144510119466;0,9946363432338035;-0,23210124227078052;5,218355236085511e-07
357;0,08100505830629347;0,039003487252088916;-0,08099999999997942;-0,039000000000037185;5,058306314045802e-06;3,4872520517301164e-06;0,005209023428953054;0,005209023428953054;0,005209023428953054;0,9964873940044621;-0,03150928422368225;0,9964201120875841;-0,032113206111074585;5,209023428953054e-07
358;0,07900081109964009;0,0380006860720202;-0,07899999855273226;-0,03799999993896594;8,125469078273939e-07;6,861330542617949e-07;0,0051479953470762625;0,005147995347076263;0,005147995347076263;0,983169182821441;-0,36082033663402024;0,9831576351266518;-0,3609942552668285;5,147995347076263e-07
359;-0,1381002997210872;-0,06700020668859978;0,138117747224801;0,0670122369557729;1,7447503713796664e-05;1,2030267173113174e-05;0,008964513716118639;0,008964513716118639;0,008964513716118639;0,9885688463819947;-0,10194494721500125;0,9887037651627413;-0,10074768210773509;8,964513716118638e-07
360;0,05500248480360147;0,02700171690113101;-0,05499999261850241;-0,026999998623032612;2,4921850990608507e-06;1,7182780983962531e-06;0,003553444829006363;0,003553444829006363;0,003553444829006363;0,9955385979609177;-0,26843794153373807;0,9954899468211279;-0,26885331250519856;3,5534448290063627e-07
361;2,1700475121874514;1,0712305048835562;-2,1596524853211054;-1,0640633790503573;0,010395026866345969;0,007167125833198895;0,14127483611136207;0,14127483611136207;0,14127483611136207;0,9890058539777349;-0,3215753879494667;0,9839003202852844;-0,36501657686209765;1,4127483611136208e-05
362;0,0;0,0;0,0;0,0;0,0;0,0;;;;;;;;
363;-9,999998135183767e-05;-1,0720910205170013e-11;9,999999317597106e-05;1,8873253881179576e-11;1,182413338790024e-11;8,152343676009563e-12;5,805041820017113e-06;5,805041820017113e-06;5,805041820017113e-06;0,9945667566658664;-0,27698871669508485;0,9945668742648002;-0,27698404574663466;5,805041820017112e-10
364;-0,3159999822743099;-0,1529999969368178;0,3161274576720829;0,15308788249831817;0,00012747539777296923;8,788556150038374e-05;0,020749898948912358;0,020749898948912358;0,020749898948912358;0,9768845819000873;-0,42472769822384154;0,9773103883197801;-0,42088621113744284;2,074989894891236e-06
365;0,07100693317695712;0,03400478019320181;-0,07099999999995366;-0,0340000000000284;6,933177003468072e-06;4,780193173403724e-06;0,0045909355775298945;0,004590935577529894;0,0045909355775298945;0,9900903048727242;-0,0883158202377491;0,9899857017083172;-0,08927418386684366;4,590935577529895e-07
366;0,1221341986465064;0,059023587049829046;-0,12211928207921982;-0,059013302576624606;1,4916567286582527e-05;1,0284473204440203e-05;0,007863552440023281;0,007863552440023281;0,007863552440023281;0,9959463491539428;-0,2647889836462811;0,9958148856678165;-0,26595886077896425;7,863552440023281e-07
367;0,12201928209591544;0,059013302569282264;-0,12199998354338118;-0,05899999718344171;1,9298552534255387e-05;1,330538584055213e-05;0,00785833264764681;0,00785833264764681;0,00785833264764681;0,9958148856678165;-0,26595886077896425;0,9956446828546355;-0,26747060700136616;7,858332647646811e-07
368;0,06810711161277197;0,03300490349484463;-0,0681020695676578;-0,033001426879192344;5,042045114173055e-06;3,4766156522883507e-06;0,004386430792461871;0,0043864307924618715;0,0043864307924618715;0,9961526442859627;-0,034014157190155186;0,9960729674001652;-0,034718119735870696;4,386430792461871e-07
369;0,0680041271501088;0,03300284544064902;-0,06800000000017162;-0,03300000000005344;4,12714993718033e-06;2,8454405955821716e-06;0,00437117554385249;0,00437117554385249;0,00437117554385249;0,998393416029945;-0,014172970919059698;0,9983279653440137;-0,014747535930572148;4,37117554385249e-07
370;0,0;0,0;0,0;0,0;0,0;0,0;;;;;;;;
371;-0,1219999931700978;-0,058999998829513574;0,12202036631048649;0,05901404476441553;2,037314038869087e-05;1,4045934901958657e-05;0,008004153872193501;0,0080041538721935;0,008004153872193501;0,9775059029847525;-0,41913772922885106;0,9776823086330979;-0,41754194444262815;8,004153872193501e-07
372;-0,21302355704537454;-0,10301624689988803;0,21305564483320538;0,10303836833669283;3,208778783084232e-05;2,212143680480061e-05;0,013966903688059917;0,013966903688059914;0,013966903688059917;0,9781373250184178;-0,41340673997498895;0,978296547303084;-0,4119673766955504;1,3966903688059918e-06
373;0,085010436155952;0,041007195033903654;-0,08500420807775876;-0,04100290144144621;6,2280781932405604e-06;4,293592457446649e-06;0,005511212305304552;0,005511212305304552;0,005511212305304552;0,988760743991389;-0,10027299032936392;0,9886824367265822;-0,10097798536627384;5,511212305304553e-07
374;0,0;0,0;0,0;0,0;0,0;0,0;;;;;;;;
375;0,06200475941788276;0,030004018020118612;-0,06200000000010416;-0,02999999999991362;4,759417778603392e-06;4,018020204991923e-06;0,003996867911891504;0,003996867911891502;0,003996867911891504;0,9950157703179834;-0,04379645560397773;0,9949286038134616;-0,04508060335066223;3,996867911891503e-07
376;0,12200835679585136;0,059005766423492645;-0,12199999094488348;-0,05899999844963791;8,365850967875788e-06;5,767973854736708e-06;0,007973704202950554;0,007973704202950554;0,007973704202950554;0,981311463615718;-0,38730924688412643;0,9812387485311644;-0,3879646994400375;7,973704202950554e-07
377;0,06000073243789327;0,029000504914422506;-0,060000000000305816;-0,029000000000000515;7,324375874556699e-07;5,049144219913815e-07;0,003852491890725506;0,003852491890725506;0,003852491890725506;0,9987200195384999;-0,032146398350803296;0,9987068438982674;-0,03226320969663921;3,852491890725506e-07
378;-0,24601122907341183;-0,11900774308064466;0,24606575963725635;0,11904534139560638;5,4530563844523705e-05;3,759831496172317e-05;0,015970039392533626;0,015970039392533626;0,015970039392533626;0,9879801967819047;-0,10660987155545552;0,9882168546370664;-0,10449294595242105;1,5970039392533625e-06
379;0,06800264965067418;0,03300182704315607;-0,06800000000009752;-0,033000000000337884;2,649650576655449e-06;1,8270428181893505e-06;0,0044145732214382356;0,0044145732214382356;0,0044145732214382356;0,9885554615764263;-0,10202978426745044;0,9885138535401558;-0,10239884103254192;4,4145732214382356e-07
380;0,05600220085140771;0,027001517480268796;-0,056000000000100046;-0,027000000000090896;2,2008513076640646e-06;1,5174801779004043e-06;0,00359860986831285;0,0035986098683128505;0,0035986098683128505;0,997465325742435;-0,02238578079072855;0,9974229463066068;-0,02276461216635534;3,5986098683128504e-07
381;0,05600055077512302;0,027000379937186667;-0,056000000000909;-0,02699999999960604;5,507742140142824e-07;3,799375806259886e-07;0,0035893742275721185;0,0035893742275721193;0,0035893742275721193;1,000000000026116;6,55784403929043e-20;0,9999893658116563;-9,495730518843776e-05;3,5893742275721196e-07
382;0,05310368958687799;0,026002543911502883;-0,05310133424248783;-0,026000919924609865;2,3553443901647153e-06;1,6239868930179036e-06;0,0034259891498988238;0,0034259891498988238;0,0034259891498988238;0,9964314646341733;-0,031543179024524394;0,9963837810678389;-0,03195282069148874;3,4259891498988234e-07
383;0,0;0,0;0,0;0,0;0,0;0,0;;;;;;;;
384;0,05200025103468961;0,025000173618481995;-0,05199999897188254;-0,024999999829624597;2,520628070712405e-07;1,7378885739868788e-07;0,003390276102376904;0,0033902761023769036;0,003390276102376904;0,98256993443419;-0,36711543065204855;0,9825647834249869;-0,3671625105377417;3,390276102376904e-07
385;-0,07110479101023687;-0,034003308131397396;0,07110754034955566;0,03400520370871157;2,7493393187916215e-06;1,895577314177388e-06;0,004571084298528586;0,004571084298528587;0,004571084298528587;0,9954969411944343;-0,2688188265339734;0,9955385979609177;-0,26843794153373807;4,571084298528587e-07
386;0,0;0,0;0,0;0,0;0,0;0,0;;;;;;;;
387;-0,07099999037823379;-0,033999998449461735;0,07100479102822445;0,03400330812113325;4,800649990657768e-06;3,309671671516967e-06;0,004565852854862569;0,004565852854862569;0,004565852854862569;0,99542411549421;-0,2694822938321294;0,9954969411944343;-0,2688188265339734;4,5658528548625693e-07
388;-0,00010000000008509703;-4,303977436480451e-14;0,00010000001302525121;8,964849377011231e-12;1,2940154183642763e-11;8,921809602646426e-12;5,840264403475405e-06;5,840264403475405e-06;5,840264403475405e-06;0,9885687184596745;-0,10195005903469072;0,9885688463819947;-0,10194494721500125;5,840264403475405e-10
389;0,0;0,0;0,0;0,0;0,0;0,0;;;;;;;;
390;0,05000182251472618;0,024001256404722306;-0,04999999999975319;-0,023999999999752834;1,822514972986411e-06;1,256404969472713e-06;0,0032129331652009296;0,003212933165200929;0,0032129331652009296;0,9966621593449222;-0,02947699516261583;0,9966228648229027;-0,029832376833548294;3,2129331652009295e-07
391;-0,6662244387656334;-0,3221547578438316;0,6670624926321888;0,3227325678968328;0,0008380538665553328;0,0005778100530012265;0,04371209820822685;0,04371209820822685;0,04371209820822685;0,9774280114460819;-0,41982129307997135;0,9787567774873861;-0,407809274156303;4,371209820822685e-06
392;2,2987265892739384;1,1345250460949672;-2,291047517293614;-1,1292304683671972;0,007679071980324359;0,005294577727769978;0,14910750029379688;0,14910750029379688;0,14910750029379688;0,9925793445657127;-0,2913097663122637;0,9890058539777349;-0,3215753879494667;1,4910750029379688e-05
393;-0,0699999905911738;-0,03399999834837044;0,0700041175986286;0,03400284367649146;4,12700745479333e-06;2,845328121017787e-06;0,004510445256223252;0,004510445256223252;0,004510445256223252;0,9961227033275947;-0,2632823830463258;0,9961861341072685;-0,26272559445458216;4,510445256223252e-07
394;0,04500074341061818;0,022000512556821047;-0,04500000000001911;-0,022000000000128937;7,434105990730688e-07;5,125566921101998e-07;0,002911153213243217;0,002911153213243218;0,002911153213243218;0,9934188189783171;-0,05785283598023705;0,9934011089079625;-0,058006063902127813;2,9111532132432176e-07
395;0,04500004142005244;0,022000077845705443;-0,04499990267159525;-0,021999982139652853;1,3874845718880868e-07;9,570605258996112e-08;0,002905113969702041;0,0029051139697020404;0,002905113969702041;0,9954676418125635;-0,22421327022078716;0,9954643291934988;-0,2242419135449126;2,905113969702041e-07
396;0,05200420807791237;0,025002901441480135;-0,052000000000023014;-0,025000000000047262;4,20807788935329e-06;2,9014414328724925e-06;0,003369593091023488;0,003369593091023489;0,003369593091023489;0,9886824367265822;-0,10097798536627384;0,9885959141234121;-0,10176399964813247;3,369593091023489e-07
397;0,04300029970846045;0,021000206680131576;-0,04300000000019438;-0,02100000000093636;2,997082660660677e-07;2,0667919521655254e-07;0,002794817545044092;0,0027948175450440925;0,0027948175450440925;0,9885688463819947;-0,10194494721500125;0,9885614094129236;-0,10200983186547025;2,7948175450440925e-07
398;0,04100080308131707;0,0200005537316589;-0,041000000000004894;-0,020000000000161836;8,030813121798208e-07;5,53731497064669e-07;0,002666469634462861;0,002666469634462861;0,002666469634462861;0,9877520804813334;-0,23821611851855615;0,9877311957456308;-0,23839897010281225;2,666469634462861e-07
399;-0,041000000000133555;-0,020000000000197554;0,0410009953854537;0,020000686212804628;9,953853201474794e-07;6,862126070740493e-07;0,0026423891195570684;0,0026423891195570684;0,0026423891195570684;0,9967325482011075;-0,028856173201209555;0,996758668756527;-0,02862966641295992;2,6423891195570686e-07
400;0,0;0,0;0,0;0,0;0,0;0,0;;;;;;;;
401;0,04000137277662163;0,019000946415261375;-0,040000000000165986;-0,01900000000004617;1,3727764556423216e-06;9,46415215204166e-07;0,0025668657703701576;0,0025668657703701576;0,0025668657703701576;0,9960729674001652;-0,034718119735870696;0,9960359434171208;-0,03506211115863204;2,566865770370158e-07
402;0,00010000000869683683;5,811205687739773e-12;-0,00010000000017053739;6,808349119901947e-14;8,52629944458113e-12;5,8792891789387926e-12;5,840082373493937e-06;5,8400823734939385e-06;5,8400823734939385e-06;0,988599616370526;-0,10169484105618619;0,9885995320795677;-0,10169820964046145;5,840082373493939e-10
403;0,0;0,0;0,0;0,0;0,0;0,0;;;;;;;;
404;0,0;0,0;0,0;0,0;0,0;0,0;;;;;;;;
405;0,03710068175020782;0,018000469965632534;-0,03710024256378723;-0,018000167220479764;4,391864205921525e-07;3,0274515276998426e-07;0,0023918210374962207;0,0023918210374962215;0,0023918210374962215;0,9953965629707866;-0,0997990902609446;0,9953838350330607;-0,09991117422012041;2,3918210374962215e-07
406;0,03400100552875286;0,017000693302417585;-0,033999999999958806;-0,01699999999992105;1,0055287940555213e-06;6,933024965342927e-07;0,002202725928350356;0,0022027259283503554;0,002202725928350356;0,9963837810678389;-0,03195282069148874;0,9963520811190208;-0,03220968378826974;2,202725928350356e-07
407;0,03400008101994027;0,01700005588733959;-0,03400000000300486;-0,017000000003395094;8,101693541040511e-08;5,588394449626555e-08;0,002219918339391226;0,002219918339391226;0,002219918339391226;0,9886382533825542;-0,23031944041695473;0,9886357187785372;-0,2303401685974113;2,219918339391226e-07
408;0,033100960476172905;0,016000662168347814;-0,03310000000845733;-0,01600000000572403;9,604677155758412e-07;6,621626237844624e-07;0,0021470622358589083;0,0021470622358589083;0,0021470622358589083;0,9886306185689662;-0,10141718605068523;0,988599616370526;-0,10169484105618619;2,1470622358589084e-07
409;0,031000196913641104;0,015000135744814536;-0,03100000000018894;-0,015000000000221982;1,9691345216552025e-07;1,35744592554346e-07;0,0019975336980138955;0,001997533698013896;0,001997533698013896;0,9953838350330607;-0,09991117422012041;0,9953770029477965;-0,09997177305673063;1,9975336980138961e-07
410;-0,1570203643574442;-0,07601404441821491;0,1570692401130502;0,0760477426135985;4,887575560599822e-05;3,369819538359686e-05;0,010301910654736506;0,010301910654736504;0,010301910654736506;0,9776823086330979;-0,41754194444262815;0,9780111439862845;-0,41457576959727965;1,0301910654736506e-06
411;0,02910370070365556;0,014002551468030266;-0,02910146553020612;-0,014001010408868744;2,235173449442046e-06;1,5410591615219044e-06;0,001866684086156012;0,001866684086156012;0,001866684086156012;0,9989203552169846;-0,009511029740768876;0,9988373936379568;-0,010255504657520698;1,8666840861560122e-07
412;0,028999989362461086;0,014000048373850235;-0,028999928127797208;-0,013999996680889117;6,123466387772392e-08;5,169296111821875e-08;0,0018695264686394238;0,0018695264686394242;0,0018695264686394242;0,9944828247268529;-0,23542127546150757;0,994480427700464;-0,23545673630878247;1,869526468639424e-07
413;0,023200404702099126;0,01100030638413282;-0,02320011738211836;-0,011000108264581981;2,87319980765699e-07;1,9811955083957888e-07;0,0014901588208594083;0,0014901588208594083;0,0014901588208594083;0,9948027922604188;-0,2307250002606346;0,9947894450689726;-0,23084978915653062;1,4901588208594082e-07
414;0,023100117674270552;0,011000108105883238;-0,023100081424434957;-0,011000083101434594;3,624983559505357e-08;2,5004448643561883e-08;0,0014849167769228312;0,0014849167769228312;0,0014849167769228312;0,9947894450689726;-0,23084978915653062;0,994787754570037;-0,230865443441157;1,4849167769228312e-07
415;0,028000696790999136;0,014000480463635258;-0,02800000000008836;-0,013999999999928141;6,967909107757908e-07;4,804637071167267e-07;0,0018145664776053096;0,0018145664776053093;0,0018145664776053096;0,9960729674001652;-0,034718119735870696;0,9960463011628309;-0,03493431261741772;1,8145664776053095e-07
416;0,026000177466089125;0,013000148994620682;-0,025999944749842796;-0,012999988529934236;2,327162463289234e-07;1,6046468644635714e-07;0,0016822797082408168;0,001682279708240817;0,001682279708240817;0,9976377807281881;-0,20468694272945656;0,9976281743599529;-0,20476469938854075;1,682279708240817e-07
417;0,0;0,0;0,0;0,0;0,0;0,0;;;;;;;;
418;0,024001450976160674;0,012001000374570742;-0,024000000000011096;-0,012000000000027981;1,4509761495778983e-06;1,0003745427606542e-06;0,001551097411914334;0,001551097411914334;0,001551097411914334;0,9988373936379568;-0,010255504657520698;0,9987724346546865;-0,010780464996728177;1,551097411914334e-07
419;0,024000820254336856;0,0120005655259585;-0,0239999999999427;-0,01199999999998973;8,202543941571161e-07;5,655259687695202e-07;0,001550924745883771;0,001550924745883771;0,001550924745883771;0,9989203552169846;-0,009511029740768876;0,9988836290035197;-0,009807808621001963;1,5509247458837709e-07
420;0,024000357504781782;0,012000246437538341;-0,023999999999598547;-0,011999999999768512;3,5750518323496294e-07;2,4643776982968824e-07;0,0015715633245635136;0,0015715633245635134;0,0015715633245635136;0,9857815709555428;-0,2556146898255462;0,9857657749085817;-0,25574395692239854;1,5715633245635136e-07
421;-0,17310131590870959;-0,0840011003703187;0,17314166151369226;0,08402891795772749;4,0345604982672256e-05;2,7817587408787703e-05;0,011168319379611569;0,01116831937961157;0,01116831937961157;0,9946521457266436;-0,23419303187484905;0,9949025699496903;-0,23198629754705277;1,1168319379611573e-06
422;0,02300008173594591;0,01100008292171559;-0,022999949712129184;-0,010999991884397193;1,3202381672627883e-07;9,103731839731066e-08;0,0014796789168454608;0,0014796789168454608;0,0014796789168454608;0,994787754570037;-0,230865443441157;0,9947815747317634;-0,2309219980165869;1,4796789168454608e-07
423;0,023000060557945914;0,011000041741524792;-0,02299999999841795;-0,01099999999918057;6,055952796527042e-08;4,174234422178735e-08;0,0014861324440533488;0,0014861324440533486;0,0014861324440533488;0,9904664582275323;-0,08445388451664088;0,9904636361147376;-0,08447979263435024;1,4861324440533488e-07
424;0,02200061661135823;0,010000425122686268;-0,0219999999999881;-0,010000000000015606;6,166113701300269e-07;4,25122670661901e-07;0,001404668375608831;0,0014046683756088311;0,0014046683756088311;0,9933109900052612;-0,05946924222034613;0,9932806869750288;-0,05978186602975348;1,4046683756088312e-07
425;0,021300536027106194;0,010000369807501006;-0,02130012740403796;-0,010000088075590758;4,086230682327774e-07;2,817319102472321e-07;0,001365029774295316;0,0013650297742953165;0,0013650297742953165;0,9952735075848389;-0,09690526184629157;0,9952527988327826;-0,09710338384214232;1,3650297742953164e-07
426;0,021000411753023616;0,010000308099354097;-0,020999954480781166;-0,009999992844219423;4,5727224244965226e-07;3,152551346745358e-07;0,0013464997237553876;0,0013464997237553874;0,0013464997237553876;0,9973352086511286;-0,20771921779210004;0,9973116947739411;-0,2079360716026031;1,3464997237553876e-07
427;0,021000127363601406;0,01000008803771834;-0,020999999611992188;-0,009999999938810403;1,2775160921837947e-07;8,809890793617936e-08;0,0013492966790026003;0,0013492966790026005;0,0013492966790026005;0,9952527988327826;-0,09710338384214232;0,9952462427663804;-0,09716402175490692;1,3492966790026004e-07
428;0,021000070079462432;0,01000005917150256;-0,021000000000211783;-0,00999999999952828;7,007925064902998e-08;5,9171974280472495e-08;0,0013482875784593732;0,0013482875784593734;0,0013482875784593734;0,9959949310012621;-0,035708867126379995;0,9959911322721622;-0,03576624942007704;1,3482875784593732e-07
429;0,021000071175639914;0,010000049712993682;-0,020999998819461102;-0,009999999816082256;7,235617881240497e-08;4,9896911425567625e-08;0,0013732256665056964;0,0013732256665056966;0,0013732256665056966;0,9779073088933904;-0,41547223570940445;0,9779036603744726;-0,4155065784531424;1,3732256665056967e-07
430;0,021000078398019723;0,010000055549935962;-0,020999997192771156;-0,009999999561638728;8,120524856713995e-08;5,598829723452159e-08;0,0013606854359371643;0,0013606854359371643;0,0013606854359371643;0,9869201961992445;-0,2637599206232008;0,9869160639331739;-0,26379843908216133;1,3606854359371645e-07
431;0,021000050528334313;0,01000003545768858;-0,02099999881983997;-0,00999999981616622;5,170849434396607e-08;3,5641522360199684e-08;0,0013732424526530901;0,00137324245265309;0,0013732424526530901;0,9778943137954416;-0,4156425477567737;0,9778917067583327;-0,4156670532357531;1,3732424526530902e-07
432;0,0;0,0;0,0;0,0;0,0;0,0;;;;;;;;
433;-0,6490657596374354;-0,314045341395789;0,6494101583405332;0,3142827843105851;0,0003443987030977702;0,00023744291479610435;0,042126128749730145;0,04212612874973014;0,042126128749730145;0,9882168546370664;-0,10449294595242105;0,9887834799409736;-0,09943099628409796;4,212612874973015e-06
434;0,01900032871378448;0,00900022662253202;-0,018999999999845956;-0,009000000000028012;3,2871393852371145e-07;2,2662250400914963e-07;0,0012182375967828636;0,0012182375967828636;0,0012182375967828636;0,9963837810678389;-0,03195282069148874;0,9963651044757652;-0,03212747908118911;1,2182375967828635e-07
435;0,019000292943910906;0,00900020197503519;-0,019000000000009502;-0,009000000000033401;2,929439014039137e-07;2,019750017893951e-07;0,0012182927507549883;0,0012182927507549879;0,0012182927507549883;0,9963366412667125;-0,03238799613655593;0,9963199975139966;-0,03254368119544147;1,2182927507549882e-07
436;0,01810036670415067;0,009000271590846346;-0,01810012508631607;-0,009000105024396904;2,416178346009712e-07;1,6656644944226806e-07;0,0011698512217683079;0,0011698512217683079;0,0011698512217683079;0,9976377807281881;-0,20468694272945656;0,9976234433863576;-0,2048047653222677;1,169851221768308e-07
437;0,018000125383256172;0,009000104857343705;-0,017999961753354967;-0,008999992054039516;1,636299012050535e-07;1,1280330418882156e-07;0,0011646720952033253;0,0011646720952033258;0,0011646720952033258;0,9976234433863576;-0,2048047653222677;0,9976136875224556;-0,2048836756147393;1,1646720952033257e-07
438;0,018000015047572135;0,009000010358376706;-0,018000000001346675;-0,008999999998680485;1,504622546000256e-08;1,0359696220665904e-08;0,0011706110317860898;0,0011706110317860898;0,0011706110317860898;0,9925551842740298;-0,08713655792039136;0,9925542920306382;-0,08714378121444122;1,1706110317860898e-07
439;0,017000201527518605;0,008000138952316507;-0,0170000000001657;-0,007999999999829225;2,0152735290615564e-07;1,389524872819764e-07;0,0010889461799929538;0,001088946179992954;0,001088946179992954;0,9961526442859627;-0,034014157190155186;0,9961398395554089;-0,034135884560381816;1,088946179992954e-07
440;0,0;0,0;0,0;0,0;0,0;0,0;;;;;;;;
441;0,015000162917232262;0,007000112316977044;-0,014999999999776721;-0,006999999999960743;1,629174555400903e-07;1,1231701630039226e-07;0,0009576915409126081;0,000957691540912608;0,0009576915409126081;0,9979163131372835;-0,018400679504363523;0,9979045495853788;-0,018514502931716866;9,576915409126082e-08
442;0,014000282960012139;0,007000195082766107;-0,014000000000037276;-0,006999999999955797;2,8295997486250946e-07;1,950828103104013e-07;0,0009123631941362787;0,0009123631941362788;0,0009123631941362788;0,9905219422868052;-0,08393862130959907;0,9905004058952245;-0,0841141155236109;9,123631941362788e-08
443;0,014000180346466148;0,007000124342904032;-0,01399999999998745;-0,007000000000051412;1,8034647869882847e-07;1,2434285262021005e-07;0,00090684803792283;0,0009068480379228299;0,00090684803792283;0,9965381187328898;-0,03055166988852982;0,9965243087316963;-0,03066354117407777;9,068480379228301e-08
444;0,014000176881178323;0,007000121945356443;-0,013999999999975539;-0,007000000000038109;1,768812027836547e-07;1,2194531833365635e-07;0,0009071987129892431;0,000907198712989243;0,0009071987129892431;0,9961526442859627;-0,034014157190155186;0,9961391051108119;-0,03412385163491842;9,071987129892431e-08
445;0,014200361261365566;0,006000269793503032;-0,014200348104244205;-0,006000260717970414;1,3157121361156987e-08;9,075532617953963e-09;0,0008946013180763964;0,0008946013180763964;0,0008946013180763964;0,9949057572653363;-0,22920140149934004;0,9949047471294855;-0,229213439008657;8,946013180763964e-08
446;0,01410034841110406;0,006000260538502233;-0,014100044917224835;-0,006000051297822583;3,0349387922408433e-07;2,0924067964996768e-07;0,0008892587375071867;0,000889258737507187;0,000889258737507187;0,9949047471294855;-0,229213439008657;0,9948812968503131;-0,2294889956842314;8,892587375071871e-08
447;0,0;0,0;0,0;0,0;0,0;0,0;;;;;;;;
448;0,013000057769786208;0,006000039834633409;-0,01299999999997143;-0,006000000000649486;5,776981477738363e-08;3,9833983923008576e-08;0,0008381762338482025;0,0008381762338482024;0,0008381762338482025;0,9862410114398674;-0,2517787403800431;0,9862362485847747;-0,251826595513117;8,381762338482025e-08
449;0,15303201629004623;0,07402207754822665;-0,1529999914450275;-0,0739999985324345;3,202484501874103e-05;2,2079015792153545e-05;0,010035290718623583;0,010035290718623581;0,010035290718623583;0,9780111439862845;-0,41457576959727965;0,977789971977603;-0,4165752660106346;1,0035290718623582e-06
450;0,012000150862455553;0,006000104026882782;-0,011999999999999506;-0,0060000000000410125;1,5086245604666038e-07;1,0402684176916144e-07;0,0007768358662844974;0,0007768358662844975;0,0007768358662844975;0,9971310277085986;-0,025336329305170262;0,9971175416337426;-0,025445555026564443;7,768358662844975e-08
451;0,0;0,0;0,0;0,0;0,0;0,0;;;;;;;;
452;0,0770074785438397;0,037005161604535916;-0,07699998971344871;-0,03699999830697496;7,488830390992018e-06;5,163297560957514e-06;0,004938825293566922;0,004938825293566921;0,004938825293566922;0,9987648946757977;-0,2397093141499416;0,9986598447684322;-0,24065514595916818;4,938825293566921e-07
453;-0,010099998486375055;-0,004999999906270712;0,01010009777058129;0,005000083725932381;9,928420623486756e-08;8,381966166894766e-08;0,0006601088685878992;0,000660108868587899;0,0006601088685878992;0,9856953532677806;-0,2746288417407177;0,9857063880691992;-0,27447088312705986;6,601088685878991e-08
454;0,010000041609029014;0,005000028683784656;-0,009999999999709658;-0,00499999999991344;4,160931935635881e-08;2,868387121574001e-08;0,0006492870328566341;0,0006492870328566342;0,0006492870328566342;0,9941675730396343;-0,05124912627074233;0,9941631230654866;-0,05128524175444673;6,492870328566342e-08
455;0,01000007503901218;0,005000051738876439;-0,009999999999943738;-0,0049999999999551315;7,503906844161246e-08;5,173892130786589e-08;0,0006479370886583742;0,0006479370886583742;0,0006479370886583742;0,996242454024166;-0,03321803759221455;0,9962344117395916;-0,033283213935459965;6,479370886583741e-08
456;0,0;0,0;0,0;0,0;0,0;0,0;;;;;;;;
457;0,009000100411604529;0,004000078755560713;-0,008999984041017256;-0,003999998523629596;1,1637058727233252e-07;8,023193111706545e-08;0,0005714405360099706;0,0005714405360099704;0,0005714405360099706;0,9950837904908562;-0,22621408029674847;0,9950697542052201;-0,2263656489534732;5,714405360099705e-08
458;0,00900005145288002;0,0040000475230368765;-0,008999979813399651;-0,0039999981300162125;7,1639480368757e-08;4,9393020663986154e-08;0,000571553512010386;0,0005715535120103858;0,000571553512010386;0,9948812968503131;-0,2294889956842314;0,9948726575681412;-0,2295823096260368;5,715535120103859e-08
459;0,0;0,0;0,0;0,0;0,0;0,0;;;;;;;;
460;0,34834677968006306;0,1682390959796328;-0,34810125427338545;-0,1680698198259929;0,0002455254066776047;0,00016927615363990234;0,022819323519794335;0,022819323519794335;0,022819323519794335;0,9787567774873861;-0,407809274156303;0,9780111439862845;-0,41457576959727965;2,2819323519794338e-06
461;0,006000045650663076;0,0030000314753636766;-0,005999999999932824;-0,002999999999932311;4,565073025240146e-08;3,1475431365446394e-08;0,0003890976436126628;0,0003890976436126628;0,0003890976436126628;0,9953838350330607;-0,09991117422012041;0,9953756877568527;-0,09997725531764025;3,890976436126628e-08
462;0,005000031732437412;0,0020000267042527054;-0,004999992928545584;-0,0019999999502698304;3,880389182805283e-08;2,6753982875025312e-08;0,0003135321454205691;0,0003135321454205691;0,0003135321454205691;0,9916524135771982;-0,2553105619378336;0,991643949458097;-0,25542152134240276;3,1353214542056906e-08
463;0,005000014554291938;0,0020000100343873983;-0,005000000000076995;-0,002000000000205256;1,4554214943472699e-08;1,0034182142300285e-08;0,00031127552135631106;0,00031127552135631106;0,00031127552135631106;0,9988373936379568;-0,010255504657520698;0,998834196009886;-0,010297118015925687;3,1127552135631106e-08
464;0,005000022946439763;0,00200001582113498;-0,004999999999978997;-0,001999999999816014;2,294646076622664e-08;1,5821318965873743e-08;0,00031199038886174066;0,0003119903888617407;0,0003119903888617407;0,996550584575778;-0,030491658729781924;0,9965455545993478;-0,03055727920209463;3,119903888617407e-08
465;0,004999993765264683;0,002000003605187628;-0,004999988409383442;-0,0019999999134970563;5,3558812402459965e-09;3,6916905717283843e-09;0,00031251203452501336;0,0003125120345250134;0,0003125120345250134;0,9948812968503131;-0,2294889956842314;0,9948801248519219;-0,22950430090819704;3,125120345250134e-08
466;0,00020000004253343913;3,5858906065112396e-11;-0,00019999999825401165;-5,329724878532184e-12;4,4279427482496816e-11;3,052918118658021e-11;1,1602085272208336e-05;1,1602085272208336e-05;1,1602085272208336e-05;0,9952527988327826;-0,09710338384214232;0,9952525784866932;-0,09711212980611422;1,1602085272208335e-09
467;-9,999971159408143e-05;-1,6353747685182419e-10;9,999971897147872e-05;1,68623945033437e-10;7,377397290612119e-12;5,086468181612811e-12;5,8000571208212815e-06;5,8000571208212815e-06;5,8000571208212815e-06;0,9954188244206441;-0,2244515687918617;0,9954188978569415;-0,22444865445898993;5,800057120821281e-10
468;0,00010000000962667812;6,626409158961982e-12;-9,999999994821375e-05;4,6567647647682645e-14;9,678464369462965e-12;6,672976806609665e-12;5,826560172587989e-06;5,826560172587989e-06;5,826560172587989e-06;0,9908939540099813;-0,09131627047114446;0,99089385810667;-0,09132009380485707;5,826560172587989e-10
469;-9,99999965072152e-05;-1,875606943296822e-12;9,999999954132126e-05;3,967521389384311e-12;3,03410606101312e-12;2,0919144460874885e-12;5,881201631927645e-06;5,8812016319276444e-06;5,881201631927645e-06;0,9816875617556219;-0,3765149836034843;0,9816875915410656;-0,3765137850248227;5,881201631927646e-10
470;-9,999997572614713e-05;-1,3801277915892813e-11;9,999998361579015e-05;1,9240568017163165e-11;7,889643026891789e-12;5,439290101270352e-12;5,853297070884543e-06;5,853297070884544e-06;5,853297070884544e-06;0,9863673790218681;-0,2817833140557515;0,9863674568427608;-0,28178019757220124;5,853297070884545e-10
471;-9,999997942282843e-05;-1,0990551428982994e-11;9,999998603669125e-05;1,6574150197228143e-11;6,613862818419074e-12;5,5835987682451485e-12;5,857288326037043e-06;5,857288326037043e-06;5,857288326037043e-06;0,9856952880752256;-0,2746320409071871;0,9856953532677806;-0,2746288417407177;5,857288326037044e-10
472;0,00010000000107389159;3,943309149497391e-12;-9,999999738393917e-05;-1,399210622732183e-12;3,689952423474585e-12;2,5440985267652083e-12;5,801042749043846e-06;5,801042749043846e-06;5,801042749043846e-06;0,9952525784866932;-0,09711212980611422;0,9952525417623461;-0,09711358746715149;5,801042749043845e-10
