;p_from_mw;q_from_mvar;p_to_mw;q_to_mvar;pl_mw;ql_mvar;i_from_ka;i_to_ka;i_ka;vm_from_pu;va_from_degree;vm_to_pu;va_to_degree;loading_percent
0;-3,056325529513242;-1,4905260677938432;3,0591244576442636;1,4938279917049324;0,002798928131021672;0,0033019239110891885;0,1965516430668801;0,19655164306688008;0,1965516430668801;0,9988357603853903;-0,02929994378552533;0,9999999999340553;-3,596637024778141e-18;1,965516430668801e-05
1;-2,9941228032912637;-1,4593845813406636;2,9962247972466796;1,4615255629953057;0,0021019939554158817;0,002140981654642049;0,19269442680069546;0,19269442680069546;0,19269442680069546;0,9979885263382029;-0,04654825654588822;0,9988357603853903;-0,02929994378552533;1,9269442680069547e-05
2;-2,342509748859113;-1,1371156651259933;2,3463399207146827;1,1397564355952527;0,003830171855569553;0,002640770469259479;0,1506027418621321;0,15060274186213216;0,15060274186213216;0,9982369419766117;-0,015442404888696788;0,9999999999340553;-3,596637024778141e-18;1,5060274186213217e-05
3;-2,2798944572530964;-1,1056227172653272;2,2835097488597302;1,1081156651256954;0,0036152916066338747;0,002492947860368133;0,14680047395210424;0,1468004739521043;0,1468004739521043;0,9965297382288746;-0,03046729666736711;0,9982369419766117;-0,015442404888696788;1,468004739521043e-05
4;2,2459854317295065;1,1026555771539046;-2,237124603276247;-1,0936332329636844;0,00886082845325964;0,009022344190220188;0,14445645113315242;0,14445645113315242;0,14445645113315242;0,9999999999340553;-3,596637024778141e-18;0,9952332965146523;-0,09650010652817764;1,4445645113315242e-05
5;-1,9909753601130324;-0,9652996492586805;1,9928713675469327;0,9666067976875754;0,001896007433900282;0,0013071484288948998;0,12832370947290908;0,12832370947290908;0,12832370947290908;0,9955055682187676;-0,039496121206520615;0,9965297382288746;-0,03046729666736711;1,2832370947290908e-05
6;-2,2012348317050625;-1,0688795172782772;2,2157240668104046;1,0836328630701517;0,014489235105342058;0,014753345791874484;0,14308632579813976;0,14308632579813976;0,14308632579813976;0,9873699274903135;-0,2577693818540968;0,9952332965146523;-0,09650010652817764;1,4308632579813978e-05
7;-2,988536398666774;-1,4539001610903648;2,9939228032646823;1,459384581321981;0,005386404597908179;0,005484420231616216;0,19268402627258727;0,19268402627258727;0,19268402627258727;0,995817995431635;-0,09085117361512288;0,9979885263382029;-0,04654825654588822;1,9268402627258728e-05
8;-1,269735173811037;-0,6099084251053692;1,2700035841740005;0,6102250778634511;0,0002684103629635448;0,0003166527580819034;0,08134870926511578;0,08134870926511578;0,08134870926511578;0,9997309717590566;-0,006880962453111888;0,9999999999340553;-3,596637024778141e-18;8,134870926511579e-06
9;-2,9436480732400554;-1,4280719164085258;2,951335717491778;1,435899691521979;0,007687644251722414;0,007827775113453228;0,19028800538961652;0,1902880053896165;0,19028800538961652;0,9926821354573195;-0,1552190556524139;0,995817995431635;-0,09085117361512288;1,9028800538961653e-05
10;-1,2637816416980634;-0,6039484540804678;1,2696350969195571;0,6099085053903344;0,00585345522149372;0,005960051309866543;0,08134350165891234;0,08134350165891234;0,08134350165891234;0,9941563614918234;-0,12296011526058874;0,9997309717590566;-0,006880962453111888;8,134350165891234e-06
11;1,2636812876735106;0,6039487801371737;-1,2586433374906583;-0,5988189349484249;0,005037950182852358;0,005129845188748816;0,08133825146649878;0,0813382514664988;0,0813382514664988;0,9941563614918234;-0,12296011526058874;0,9893612995575461;-0,22391764987958593;8,13382514664988e-06
12;-2,8121778136934203;-1,3615011298944395;2,8176480732401106;1,3670719164087821;0,005470259546690226;0,005570786514342618;0,18214614200384602;0,182146142003846;0,18214614200384602;0,990351698849772;-0,20334094045353693;0,9926821354573195;-0,1552190556524139;1,8214614200384602e-05
13;1,9690669702691308;0,9575249992593684;-1,9635298091878595;-0,9537074742645492;0,005537161081271336;0,0038175249948192436;0,12641306443881764;0,12641306443881764;0,12641306443881764;0,9999999999340553;-3,596637024778141e-18;0,9969633574857056;-0,0265528096528178;1,2641306443881765e-05
14;1,7160153258188882;0,833284286268954;-1,711755794944023;-0,8303475408323564;0,004259530874865192;0,0029367454365976098;0,1107014975123812;0,11070149751238118;0,1107014975123812;0,9949039593579705;-0,044647147035441405;0,9922366469860715;-0,06817126778973329;1,107014975123812e-05
15;1,837529809187641;0,8927074742645641;-1,8340153258186827;-0,8902842862690729;0,003514483368958432;0,0024231879954912383;0,11830616863826741;0,11830616863826741;0,11830616863826741;0,9969633574857056;-0,0265528096528178;0,9949039593579705;-0,044647147035441405;1,1830616863826741e-05
16;1,585755794943918;0,7693475408322641;-1,5821230766231777;-0,7668428489161662;0,0036327183207403024;0,002504691916097923;0,10255597844403562;0,10255597844403565;0,10255597844403565;0,9922366469860715;-0,06817126778973329;0,9897812671221576;-0,08993352341406063;1,0255597844403565e-05
17;0,3456791766817873;0,165751173394296;-0,3451076345972332;-0,16535710931671233;0,0005715420845541219;0,00039406407758366124;0,02213349985070653;0,02213349985070653;0,02213349985070653;0,9999999999340553;-3,596637024778141e-18;0,9982112994748631;-0,016202424874366676;2,213349985070653e-06
18;0,32400756482835813;0,15535705040688333;-0,3235656845487298;-0,15505238224071166;0,0004418802796283261;0,0003046681661716677;0,020782994628554454;0,020782994628554454;0,020782994628554454;0,9982112994748631;-0,016202424874366676;0,9967385184708941;-0,029563792188445515;2,0782994628554453e-06
19;0,2762916144571594;0,13407587746783145;-0,2762162507086682;-0,1340122573540424;7,536374849120842e-05;6,362011378904797e-05;0,017846978399007347;0,017846978399007347;0,017846978399007347;0,9934851244994168;-0,0499270943750391;0,9931759343480898;-0,0544685339885314;1,7846978399007348e-06
20;-0,12600000000012887;-0,0609999999999611;0,1260131541910486;0,061011104985750374;1,3154190919739683e-05;1,110498578927449e-05;0,008131710881518416;0,008131710881518416;0,008131710881518416;0,9939218539831841;-0,055129613880875894;0,9940402726069427;-0,05338489069102689;8,131710881518416e-07
21;0,3254530961578521;0,15912777363581576;-0,3253921429524529;-0,15907631031019304;6,095320539922788e-05;5,146332562272482e-05;0,021048474328213312;0,021048474328213315;0,021048474328213315;0,9936973275850055;-0,04684882878864873;0,9934851244994168;-0,0499270943750391;2,1048474328213317e-06
22;0,45312735967535966;0,2132890658113186;-0,4522555461521363;-0,2126879837582087;0,0008718135232233526;0,0006010820531099081;0,028914623158193837;0,028914623158193837;0,028914623158193837;0,9999999999340553;-3,596637024778141e-18;0,9979138867790402;-0,019782429551726866;2,8914623158193836e-06
23;1,6443611574307946;0,7960045573813348;-1,634846145053754;-0,7894442752499691;0,009515012377040666;0,0065602821313657245;0,10547585619276709;0,1054758561927671;0,1054758561927671;0,9999999999340553;-3,596637024778141e-18;0,99374793058604;-0,05551299742841032;1,054758561927671e-05
24;1,612745528984948;0,7794438505013571;-1,6108455257432985;-0,7781338619462392;0,0019000032416494061;0,0013099885551178803;0,10406695843516187;0,10406695843516184;0,10406695843516187;0,99374793058604;-0,05551299742841032;0,9924826336826118;-0,0668086055146592;1,0406695843516186e-05
25;0,0;0,0;0,0;0,0;0,0;0,0;;;;;;;;
26;-1,5952513263985657;-0,7703453542885882;1,5978455257434527;0,7721338619463768;0,002594199344887027;0,001788507657788596;0,10323418740121279;0,1032341874012128;0,1032341874012128;0,9907411551470865;-0,08238545762639765;0,9924826336826118;-0,0668086055146592;1,032341874012128e-05
27;0,4515799222650427;0,22021519722367489;-0,45145292507570617;-0,22012764555039863;0,0001269971893365085;8,755167327625935e-05;0,02918196590857602;0,029181965908576024;0,029181965908576024;0,9939990854976747;-0,04422182598938374;0,9936973275850055;-0,04684882878864873;2,918196590857602e-06
28;0,4519321419793944;0,22038908499701698;-0,4516799223543407;-0,2202151968291311;0,00025221962505372897;0,0001738881678858828;0,02918718669158781;0,02918718669158781;0,02918718669158781;0,9945982826598179;-0,03900632607804403;0,9939990854976747;-0,04422182598938374;2,918718669158781e-06
29;-0,5626375009847137;-0,27886182107222374;0,5629190334946678;0,27909948559739206;0,0002815325099541077;0,00023766452516832404;0,036360985981670334;0,036360985981670334;0,036360985981670334;0,9970818419936852;-0,028123881208644015;0,9976499637030266;-0,020106339402502615;3,636098598167033e-06
30;-0,6039192124989424;-0,2990992109265603;0,6042924374242308;0,2994143005596593;0,00037322492528835127;0,0003150896330990083;0,039000896348652545;0,03900089634865253;0,039000896348652545;0,9976499637030266;-0,020106339402502615;0,9983521021988203;-0,010190491069758173;3,900089634865255e-06
31;0,32625910153594107;0,1516833037067907;-0,3261213072310454;-0,15158830363318904;0,00013779430489568867;9,500007360166429e-05;0,02081622982675628;0,020816229826756277;0,02081622982675628;0,9979138867790402;-0,019782429551726866;0,99745625032004;-0,024251878245107078;2,081622982675628e-06
32;0,813910352854891;0,3945653712030005;-0,8132766715379778;-0,3941284976322469;0,0006336813169132149;0,0004368735707536153;0,05245747001094487;0,05245747001094486;0,05245747001094487;0,9955055682187676;-0,039496121206520615;0,9946682516292854;-0,04689407370284855;5,2457470010944875e-06
33;1,552123076623007;0,75284284891618;-1,5499247492124941;-0,751327075283672;0,002198327410512846;0,0015157736325079885;0,1006250881579068;0,1006250881579068;0,1006250881579068;0,9897812671221576;-0,08993352341406063;0,9882668789058;-0,10338675935132938;1,006250881579068e-05
34;0,0;0,0;0,0;0,0;0,0;0,0;;;;;;;;
35;-9,999971655312877e-05;-1,7378890138592058e-10;9,999971666534883e-05;1,7386643526321e-10;1,1222006126004186e-13;7,753387728940994e-14;5,8314737900908654e-06;5,8314737900908654e-06;5,8314737900908654e-06;0,990056122159519;-0,07968452839053605;0,9900561232705651;-0,07968448396688255;5,831473790090865e-10
36;-0,009099979949691205;-0,003999998328748653;0,009100007580184841;0,004000017380785489;2,763049363613268e-08;1,905203683618545e-08;0,0005796678005830176;0,0005796678005830177;0,0005796678005830177;0,9900561232705651;-0,07968448396688255;0,9900594062201983;-0,07964803915596072;5,7966780058301776e-08
37;1,4541862504018892;0,7048864437042162;-1,4528432072825388;-0,703960372338415;0,0013430431193504067;0,0009260713658011399;0,09420995835178794;0,09420995835178793;0,09420995835178794;0,990351698849772;-0,20334094045353693;0,9893635251178173;-0,2121252711291475;9,420995835178794e-06
38;0,9102658052710181;0,4425427714563601;-0,9079443491140333;-0,44094220524142114;0,002321456156984758;0,001600566214938981;0,05843594615614269;0,05843594615614271;0,05843594615614271;0,9999999999340553;-3,596637024778141e-18;0,9972459059377811;-0,02409352041902073;5,8435946156142716e-06
39;-0,05210019955961591;-0,025000195929846782;0,05210630120268783;0,025004402690798885;6,101643071923513e-06;4,206760952103067e-06;0,003369884214653421;0,00336988421465342;0,003369884214653421;0,9900594062201983;-0,07964803915596072;0,9901848349506943;-0,07850497921375353;3,369884214653421e-07
40;0,20811794475433798;0,09458256043065924;-0,20808338801414283;-0,09455873471648915;3,455674019514632e-05;2,3825714170089274e-05;0,013232009785618892;0,013232009785618894;0,013232009785618894;0,99745625032004;-0,024251878245107078;0,9972759688041256;-0,02610520213144988;1,3232009785618895e-06
41;0,20798384796491326;0,09455814768609676;-0,20798231543002976;-0,09455708750785542;1,5325348834971386e-06;1,0601782413355298e-06;0,013226749582249078;0,013226749582249078;0,013226749582249078;0,9972759688041256;-0,02610520213144988;0,9972679637963336;-0,026188170189342008;1,3226749582249076e-06
42;0,9078443491145954;0,44094220524200645;-0,9076047781254146;-0,44077699446579915;0,0002395709891808151;0,00016521077620729185;0,05843073842203149;0,058430738422031475;0,05843073842203149;0,9972459059377811;-0,02409352041902073;0,9969616552565559;-0,026588798181618536;5,843073842203149e-06
43;0,9075047781256597;0,4407769944653351;-0,9064458972537669;-0,4398829876943849;0,0010588808718927645;0,0008940067709501953;0,05842552920241106;0,05842552920241105;0,05842552920241106;0,9969616552565559;-0,026588798181618536;0,9956345217443618;-0,04601170176702466;5,8425529202411055e-06
44;0,9063458972548788;0,4398829876947048;-0,9059241611378955;-0,43952698466514656;0,0004217361169832623;0,00035600302955823837;0,05842031229038931;0,05842031229038931;0,05842031229038931;0,9956345217443618;-0,04601170176702466;0,9951059521501632;-0,053757956161830454;5,842031229038931e-06
45;-0,07520631234527525;-0,03600443665018811;0,0752144760073989;0,03601006534383335;8,163662123653048e-06;5,628693645239047e-06;0,004861694121279243;0,004861694121279243;0,004861694121279243;0,9901848349506943;-0,07850497921375353;0,9903011420429885;-0,07743880717399523;4,861694121279243e-07
46;1,4028432072824342;0,6799603723379135;-1,4015908568049658;-0,6790968364614987;0,0012523504774684113;0,000863535876414856;0,09097347339713255;0,09097347339713256;0,09097347339713256;0,9893635251178173;-0,2121252711291475;0,9884093019566376;-0,22061724697567356;9,097347339713257e-06
47;0,17598303665078424;0,07955613068457018;-0,17595287980423868;-0,07953533854960579;3,015684654555928e-05;2,0792134964392472e-05;0,011180913937881244;0,011180913937881247;0,011180913937881247;0,9972679637963336;-0,026188170189342008;0,9970818419936852;-0,028123881208644015;1,1180913937881247e-06
48;1,0193386843243042;0,4950747157081477;-1,0164286712667872;-0,49306835923620734;0,0029100130575170358;0,0020063564719403626;0,06542553853205624;0,06542553853205622;0,06542553853205624;0,9999999999340553;-3,596637024778141e-18;0,9969166829396089;-0,027054027225073038;6,542553853205624e-06
49;0,7999241611373529;0,3885269846646242;-0,7994203055852238;-0,3881015545606156;0,0005038555521290622;0,00042543010400858394;0,05159553656163993;0,05159553656163993;0,05159553656163993;0,9951059521501632;-0,053757956161830454;0,9943908283757359;-0,0642381616815924;5,159553656163993e-06
50;0,993019158620525;0,479809877313211;-0,9922938628551009;-0,4793098101917694;0,0007252957654241277;0,0005000671214416275;0,06429737778242227;0,06429737778242227;0,06429737778242227;0,9903011420429885;-0,07743880717399523;0,9895193903197078;-0,08444304209747128;6,429737778242227e-06
51;1,0163286712661845;0,49306835923609554;-1,0160283563453003;-0,49286125877975256;0,00030031492088422596;0,00020710045634297902;0,06542032794625685;0,06542032794625685;0,06542032794625685;0,9969166829396089;-0,027054027225073038;0,9965984517182274;-0,02985704356248665;6,542032794625686e-06
52;-1,340089249468208;-0,6478920488753437;1,3403350457792582;0,6480614399520566;0,00024579631105026145;0,000169391076712877;0,08642188588241831;0,08642188588241832;0,08642188588241832;0,9944011902853471;-0,040757994258925824;0,9945982826598179;-0,03900632607804403;8,642188588241833e-06
53;0,6103578381860026;0,28562739280016974;-0,6100978933905652;-0,28532077578195697;0,0002599447954374501;0,00030661701821277365;0,03932508089316033;0,03932508089316033;0,03932508089316033;0,9893612995575461;-0,22391764987958593;0,9888248682507829;-0,2381696872810373;3,932508089316032e-06
54;-0,9532784860289079;-0,46023081490106116;0,9562939362194453;0,4623098278085072;0,0030154501905373943;0,002079012907446054;0,06197457980714136;0,061974579807141335;0,06197457980714136;0,9861474193588003;-0,11471562461590681;0,9895193903197078;-0,08444304209747128;6,197457980714137e-06
55;-0,9323043428243913;-0,45842439753301517;0,9328864071786935;0,4589157139935675;0,0005820643543021919;0,0004913164605523379;0,0600807907906373;0,060080790790637315;0,060080790790637315;0,9983521021988203;-0,010190491069758173;0,9990623890436122;-4,6798441527998246e-05;6,008079079063731e-06
56;-0,9329865064639108;-0,4589155963867801;0,9332743937639252;0,4591586434527067;0,0002878873000143889;0,00024304706592659375;0,060085978445910744;0,060085978445910744;0,060085978445910744;0,9990623890436122;-4,6798441527998246e-05;0,999413690724832;0,004967483271630036;6,008597844591074e-06
57;-0,9623745209160924;-0,47315854765519816;0,9633363950286821;0,4739706254761335;0,0009618741125896335;0,0008120778209353419;0,06195141858152031;0,06195141858152031;0,06195141858152031;0,999413690724832;0,004967483271630036;1,00055208475782;0,021210601676944104;6,195141858152031e-06
58;-0,4101883182770481;-0,1990675773961904;0,4102766715382534;0,19912849763196802;8,835326120532061e-05;6,092023577761174e-05;0,026471037899056707;0,02647103789905671;0,02647103789905671;0,9944368718734725;-0,04893329797139221;0,9946682516292854;-0,04689407370284855;2,647103789905671e-06
59;0,8881356173009013;0,4311313258142053;-0,8875947506386449;-0,43049338308373214;0,0005408666622563896;0,0006379427304731844;0,057727911639298884;0,05772791163929889;0,05772791163929889;0,9873699274903135;-0,2577693818540968;0,9866047338506055;-0,27738336573209615;5,772791163929889e-06
60;0,8590650072580266;0,4167342780556833;-0,8584463674379141;-0,41630771555072243;0,0006186398201124543;0,0004265625049608701;0,05537479911711994;0,05537479911711994;0,05537479911711994;0,9955055682187676;-0,039496121206520615;0,9947311337153638;-0,046328995365769454;5,537479911711994e-06
61;-0,0009999966798933575;-1,7810537210046239e-09;0,0009999990227485044;3,758968869802944e-09;2,3428551468654413e-09;1,97791514879832e-09;5,8545983454754376e-05;5,854598345475439e-05;5,854598345475439e-05;0,9861451089505827;-0,11482895067783329;0,9861474193588003;-0,11471562461590681;5,854598345475439e-09
62;-0,8668343530846844;-0,41950662005690736;0,8671246473701522;0,4197067521326949;0,0002902942854677848;0,00020013207578756242;0,055806911650049064;0,055806911650049085;0,055806911650049085;0,9962814074585556;-0,01653380092978558;0,9966419334010409;-0,013340770732129654;5,580691165004908e-06
63;0,0;0,0;0,0;0,0;0,0;0,0;;;;;;;;
64;0,6600082686286833;0,3208450823783784;-0,6594475975505432;-0,3203717111489621;0,0005606710781401736;0,00047337122941626397;0,042514118644749695;0,042514118644749695;0,042514118644749695;0,9965984517182274;-0,02985704356248665;0,995632650298688;-0,04397149010171864;4,25141186447497e-06
65;-0,8093960614922393;-0,39220441126574973;0,8098344716554845;0,3925066393030958;0,00043841016324519533;0,00030222803734608616;0,052152034949126534;0,05215203494912653;0,052152034949126534;0,9956987362194498;-0,02167824676399706;0,9962814074585556;-0,01653380092978558;5,215203494912654e-06
66;0,580006411510394;0,2814870268428104;-0,5796479842086879;-0,2812399179287283;0,00035842730170609904;0,0002471089140820837;0,03769809376831396;0,03769809376831396;0,03769809376831396;0,9873699274903135;-0,2577693818540968;0,9867108470694728;-0,26362250309389407;3,7698093768313963e-06
67;0,2202534519853396;0,10704512226230334;-0,22022510477772814;-0,10702119028086665;2,8347207611467695e-05;2,3931981436686733e-05;0,014218381435392833;0,014218381435392833;0,014218381435392833;0,9943908283757359;-0,0642381616815924;0,9942448236291811;-0,066375399040582;1,4218381435392833e-06
68;0,22012510477732927;0,10702119028070636;-0,22010120855510779;-0,10700101515420998;2,3896222221486685e-05;2,017512649638009e-05;0,014213158797805901;0,014213158797805901;0,014213158797805901;0,9942448236291811;-0,066375399040582;0,9941216927951453;-0,0681771194996433;1,4213158797805902e-06
69;0,6464463258760922;0,3133076868993588;-0,6461946848109663;-0,313134224063585;0,0002516410651258738;0,00017346283577379662;0,04169475931381393;0,04169475931381393;0,04169475931381393;0,9947311337153638;-0,046328995365769454;0,9943128152223575;-0,05002699581884889;4,169475931381393e-06
70;0,2020011935569583;0,09800100482903647;-0,20200000000295473;-0,09799999999938391;1,1935540035756809e-06;1,0048296525538847e-06;0,013039246060581629;0,013039246060581629;0,013039246060581629;0,9941216927951453;-0,0681771194996433;0,9941149959829398;-0,0682748782275494;1,3039246060581628e-06
71;-0,3180000000001288;-0,15400000000001113;0,3181993807127642;0,15413747493234414;0,0001993807126354219;0,0001374749323330149;0,020612037407244554;0,02061203740724456;0,02061203740724456;0,9896812232445953;-0,20930898581977592;0,990351698849772;-0,20334094045353693;2,061203740724456e-06
72;0,5444475975504434;0,2643717111487792;-0,5442263191969732;-0,26418491053475257;0,00022127835347018898;0,00018680061402664982;0,035096834066163686;0,03509683406616368;0,035096834066163686;0,995632650298688;-0,04397149010171864;0,995170985824637;-0,05073211235017103;3,5096834066163687e-06
73;-0,6545665808182656;-0,3172534440580691;0,6549798424047686;0,3175383555114007;0,0004132615865030109;0,0002849114533315933;0,04236277576236516;0,042362775762365155;0,04236277576236516;0,9913494764303143;-0,060150285604385734;0,9920256670436792;-0,05415687699824721;4,236277576236516e-06
74;0,00010000002646098986;1,8216628148559733e-11;-0,0001000000000387877;5,946750936539435e-16;2,64222021540729e-11;1,8217222823653387e-11;5,785140878128457e-06;5,785140878128456e-06;5,785140878128457e-06;0,9979885263382029;-0,04654825654588822;0,9979882626477102;-0,04655869424294884;5,785140878128457e-10
75;0,0;0,0;0,0;0,0;0,0;0,0;;;;;;;;
76;0,0;0,0;0,0;0,0;0,0;0,0;;;;;;;;
77;0,5184128429792404;0,2514369165165264;-0,5182481167650247;-0,25124258733048044;0,00016472621421570466;0,0001943291860459495;0,033716863365316645;0,03371686336531664;0,033716863365316645;0,9866047338506055;-0,27738336573209615;0,9862057426478392;-0,28762644118548264;3,3716863365316646e-06
78;0,5201946848111384;0,25213422406368313;-0,5200785453066847;-0,2520541499990583;0,00011613950445366061;8,007406462484656e-05;0,03356624648542563;0,03356624648542563;0,03356624648542563;0,9943128152223575;-0,05002699581884889;0,9940729824352567;-0,052148636921532404;3,3566246485425634e-06
79;-0,4261534549707277;-0,2071233852792201;0,42622631919708964;0,20718491053478197;7,286422636193501e-05;6,152525556185617e-05;0,027494206420252007;0,027494206420252004;0,027494206420252007;0,9949768939855265;-0,053571329968583756;0,995170985824637;-0,05073211235017103;2,7494206420252005e-06
80;-0,9311374462246881;-0,4507841886283286;0,9315542375344235;0,45107158931836194;0,0004167913097353759;0,000287400690033357;0,06045744165504261;0,060457441655042604;0,06045744165504261;0,9879314564715564;-0,22488345000166635;0,9884093019566376;-0,22061724697567356;6,045744165504261e-06
81;0,4362481167649246;0,21124258733051454;-0,43615695428420004;-0,21114975812716952;9,116248072454924e-05;9,282920334502398e-05;0,02837569399911539;0,028375693999115385;0,02837569399911539;0,9862057426478392;-0,28762644118548264;0,9859564877718503;-0,29280752471984295;2,837569399911539e-06
82;0,0;0,0;0,0;0,0;0,0;0,0;;;;;;;;
83;0,3321117264581321;0,16009497470589393;-0,33206273558492067;-0,16005361550651237;4,8990873211418595e-05;4,135919938155763e-05;0,021585044665763695;0,021585044665763695;0,021585044665763695;0,9861474193588003;-0,11471562461590681;0,9859813424153785;-0,11719988993785811;2,1585044665763696e-06
84;0,3991569542843629;0,19314975812679536;-0,3990806158882874;-0,19307202403667395;7,633839607545934e-05;7,773409012140631e-05;0,02596629221415333;0,025966292214153332;0,025966292214153332;0,9859564877718503;-0,29280752471984295;0,9857284189316722;-0,2975533363203523;2,596629221415333e-06
85;-0,4831611055870197;-0,23404265504607413;0,4834509115742413;0,2342424564380141;0,0002898059872216141;0,00019980139193997992;0,03128646349557408;0,03128646349557408;0,03128646349557408;0,9907074309951794;-0,06585375099881066;0,9913494764303143;-0,060150285604385734;3,128646349557408e-06
86;-0,3460398438779067;-0,1680274702919701;0,34615345497077205;0,1681233852791265;0,00011361109286533999;9,591498715641467e-05;0,022329852394169247;0,02232985239416924;0,022329852394169247;0,9946043227464968;-0,05902896671816985;0,9949768939855265;-0,053571329968583756;2,2329852394169244e-06
87;0,12200594964040334;0,059004237767163834;-0,12199973595445142;-0,0589999542900395;6,213685951925174e-06;4,2834771243338565e-06;0,007934436220377894;0,007934436220377894;0,007934436220377894;0,9861474193588003;-0,11471562461590681;0,9860931454414955;-0,11520221881074268;7,934436220377894e-07
88;-0,20801315419084077;-0,10101110498573942;0,2080431884735312;0,10103645824959612;3,003428269043873e-05;2,5353263856692232e-05;0,01343078859280236;0,013430788592802362;0,013430788592802362;0,9940402726069427;-0,05338489069102689;0,9942040203690788;-0,050985118393215206;1,3430788592802362e-06
89;-0,3702316084609448;-0,1790227478849757;0,37127088082730414;0,1797392854800521;0,0010392723663593118;0,0007165375950763941;0,023823214307333578;0,023823214307333574;0,023823214307333578;0,9966375714256612;-0,17733390839597263;0,999661102555671;-0,15057253786192015;2,382321430733358e-06
90;0,4211607517741323;0,2041318252822138;-0,42108838108200347;-0,20407071675817226;7,23706921288425e-05;6,110852404153655e-05;0,02740093439680764;0,02740093439680764;0,02740093439680764;0,9861474193588003;-0,11471562461590681;0,9859540418863241;-0,11758386412877682;2,740093439680764e-06
91;0,8972968217624653;0,4338941039029095;-0,8963535819063435;-0,4332437541909527;0,0009432398561217692;0,0006503497119568213;0,05808212379786121;0,05808212379786121;0,05808212379786121;0,9907411551470865;-0,08238545762639765;0,9896156483899964;-0,09244929024572923;5,808212379786121e-06
92;0,22703581725874536;0,11002469414803039;-0,2270046223551125;-0,11000318738593931;3,119490363284738e-05;2,150676209107527e-05;0,014736831774678018;0,01473683177467802;0,01473683177467802;0,9884093019566376;-0,22061724697567356;0,988262577672668;-0,22192320825432296;1,4736831774678021e-06
93;0,3210806158874808;0,15507202403695033;-0,3210423951087139;-0,1550397568543281;3,822077876691754e-05;3,226718262222539e-05;0,02088446527276743;0,020884465272767435;0,020884465272767435;0,9857284189316722;-0,2975533363203523;0,9855944795872461;-0,2995515198866312;2,0884465272767435e-06
94;0,31807854530702;0,15405414999912237;-0,3180000000000408;-0,15399999999991112;7,854530697920525e-05;5,414999921124486e-05;0,020526451096322892;0,02052645109632289;0,020526451096322892;0,9940729824352567;-0,052148636921532404;0,9938077604858058;-0,05449956089171951;2,052645109632289e-06
95;0,0;0,0;0,0;0,0;0,0;0,0;;;;;;;;
96;-0,1259998932814571;-0,06099998146941557;0,1260136228797465;0,06100944688577405;1,3729598289380363e-05;9,465416358482581e-06;0,008117684401668872;0,00811768440166887;0,008117684401668872;0,9956385027574722;-0,04089248032880201;0,9957557279144377;-0,03985428872803136;8,117684401668872e-07
97;-0,24699875612601332;-0,1189997904168607;0,24715104911368604;0,11910478871607691;0,0001522929876727197;0,0001049982992162024;0,015890914452484098;0,015890914452484094;0,015890914452484098;0,9961181169765762;-0,18211746311299584;0,9967821754370969;-0,17616723842186313;1,58909144524841e-06
98;-0,24725104898042838;-0,11910478832751559;0,24728153061662145;0,11912580178076784;3,0481636193069317e-05;2,1013453252255454e-05;0,01589613248701524;0,015896132487015244;0,015896132487015244;0,9967821754370969;-0,17616723842186313;0,9969150386762884;-0,17497682118601254;1,5896132487015245e-06
99;-0,25314110944451057;-0,12309755968909261;0,25326785237424665;0,12318493926687013;0,00012674292973607892;8,737957777751881e-05;0,016357245751378792;0,016357245751378795;0,016357245751378795;0,9935355785913957;-0,04839002020903268;0,9940727683655833;-0,043679506017502756;1,6357245751378793e-06
100;0,0;0,0;0,0;0,0;0,0;0,0;;;;;;;;
101;-0,24804797671173634;-0,12003334724122593;0,2481411187407152;0,12009756427410019;9,314202897886537e-05;6,421703287426417e-05;0,016019738762833163;0,016019738762833167;0,016019738762833167;0,9931326009984601;-0,051971641574360856;0,9935355785913957;-0,04839002020903268;1,6019738762833166e-06
102;0,0;0,0;0,0;0,0;0,0;0,0;;;;;;;;
103;0,098104788708399;0,04700330137209268;-0,09810282927799506;-0,04700195061581422;1,9594304039444177e-06;1,350756278460652e-06;0,006301172120313478;0,0063011721203134795;0,0063011721203134795;0,9967385184708941;-0,029563792188445515;0,9967169798166471;-0,029759477626473598;6,301172120313479e-07
104;-0,7286656781848095;-0,35245896580467756;0,7291374462241945;0,3527841886280666;0,0004717680393849788;0,0003252228233890375;0,04733658773256879;0,0473365877325688;0,0473365877325688;0,9872407405568239;-0,231061849576807;0,9879314564715564;-0,22488345000166635;4,73365877325688e-06
105;-0,20701355418420456;-0,10000943531015118;0,2070505766222827;0,10003495920266638;3,702243807815475e-05;2,5523892515200153e-05;0,013330172065515213;0,01333017206551521;0,013330172065515213;0,9957557279144377;-0,03985428872803136;0,9959482006958742;-0,038140620605125145;1,3330172065515213e-06
106;0,06400285348731999;0,031002134301655344;-0,06399967614332681;-0,03099994380573213;3,177343993174264e-06;2,1904959232148247e-06;0,0041284389443340345;0,004128438944334035;0,004128438944334035;0,9945379242530362;-0,19613469539123995;0,9944845802300629;-0,19660706185847582;4,1284389443340355e-07
107;1,3399892487331435;0,6478920500779886;-1,3395797124472946;-0,6476097657671738;0,00040953628584894375;0,00028228431081478433;0,08641665875538021;0,08641665875538024;0,08641665875538024;0,9944011902853471;-0,040757994258925824;0,9940727683655833;-0,043679506017502756;8,641665875538023e-06
108;0,19904239510859795;0,09603975685433207;-0,1990103719765569;-0,0960071504779329;3,2023132041036906e-05;3,2606376399166304e-05;0,012946001447474742;0,01294600144747474;0,012946001447474742;0,9855944795872461;-0,2995515198866312;0,9854026669164708;-0,3035579032402062;1,2946001447474741e-06
109;-0,1480034518925605;-0,07100254103860529;0,14801563606678084;0,07101094204841024;1,2184174220331023e-05;8,401009804953619e-06;0,009504390499288732;0,009504390499288728;0,009504390499288732;0,997161120871348;-0,008959606287394763;0,9972499262166463;-0,008155364433746728;9,504390499288731e-07
110;0,5777955740367435;0,28119413008917277;-0,5768357691612521;-0,2805323767960842;0,0009598048754914101;0,0006617532930885406;0,037574335865782266;0,037574335865782266;0,037574335865782266;0,9873699274903135;-0,2577693818540968;0,9855989154473783;-0,2734031012972103;3,7574335865782265e-06
111;0,0;0,0;0,0;0,0;0,0;0,0;;;;;;;;
112;0,030102829277897945;0,014001950615797386;-0,030101734304385806;-0,014001195706508048;1,0949735121390525e-06;7,549092893386483e-07;0,0019231121199921766;0,001923112119992176;0,0019231121199921766;0,9967169798166471;-0,029759477626473598;0,9966776151947336;-0,03014379902073127;1,9231121199921764e-07
113;0,030001734304353073;0,014001195706648912;-0,030000000000068812;-0,014000000000011245;1,734304284260746e-06;1,195706637667493e-06;0,0019178612946655503;0,0019178612946655505;0,0019178612946655505;0,9966776151947336;-0,03014379902073127;0,9966150820696963;-0,03074970251206358;1,9178612946655505e-07
114;0,627748708373539;0,30344723950060454;-0,6272595343944002;-0,303109987524309;0,000489173979138835;0,0003372519762955273;0,04064755916071625;0,04064755916071625;0,04064755916071625;0,990351698849772;-0,20334094045353693;0,9895176694948778;-0,2108041239854156;4,064755916071625e-06
115;0,1482458404105201;0,07103870065451989;-0,1482371009012839;-0,07103132116850752;8,739509236216358e-06;7,379486012371039e-06;0,009521985870637753;0,009521985870637751;0,009521985870637753;0,9967385184708941;-0,029563792188445515;0,9966713955148854;-0,030567016158514627;9,521985870637753e-07
116;0,14813710090126223;0,07103132116886779;-0,14812479804055786;-0,07102093655455419;1,2302860704360707e-05;1,0384614313602158e-05;0,00951676218820412;0,009516762188204124;0,009516762188204124;0,9966713955148854;-0,030567016158514627;0,9965768564826529;-0,03197769393018573;9,516762188204123e-07
117;0,148024798040413;0,07102093655421834;-0,14800656484425095;-0,07100554228678294;1,8233196162037446e-05;1,539426743540906e-05;0,009511538607745099;0,009511538607745096;0,009511538607745099;0,9965768564826529;-0,03197769393018573;0,9964366510664197;-0,03406912616738074;9,511538607745098e-07
118;-0,12600026361239722;-0,061000318431631964;0,1260482332023126;0,06103339185614269;4,7969589915375366e-05;3,30734245107267e-05;0,00814154292758038;0,00814154292758038;0,00814154292758038;0,992724221579261;-0,05559873585045195;0,9931326009984601;-0,051971641574360856;8,141542927580379e-07
119;0,1280114998141764;0,0620082627157874;-0,12800252969296635;-0,062002078117853285;8,97012121003904e-06;6,184597934118241e-06;0,008256656455070888;0,008256656455070885;0,008256656455070888;0,99461322696712;-0,19546778458681538;0,9945379242530362;-0,19613469539123995;8,256656455070888e-07
120;-1,2204280953300135;-0,5887846830503968;1,2212045968261915;0,5893200866516161;0,0007765014961780281;0,0005354036012192864;0,07847490995983326;0,07847490995983326;0,07847490995983326;0,9969150386762884;-0,17497682118601254;0,9976007354256102;-0,16885770194480515;7,847490995983325e-06
121;0,13502058984427898;0,0650145522552371;-0,13501146295882294;-0,0650082603560866;9,126885456040013e-06;6,291899150495661e-06;0,008698285057684801;0,008698285057684801;0,008698285057684801;0,9946859270493555;-0,19481420618253276;0,99461322696712;-0,19546778458681538;8,6982850576848e-07
122;0,17403656977931614;0,08402521298638656;-0,1739999999999639;-0,08399999999996136;3,656977935223571e-05;2,521298642520209e-05;0,0112183325610626;0,0112183325610626;0,0112183325610626;0,9946043227464968;-0,05902896671816985;0,9943784206062081;-0,06104702600361096;1,12183325610626e-06
123;0,13513844673745296;0,06502686520951596;-0,13512058915563502;-0,0650145526136532;1,7857581817937174e-05;1,2312595862762343e-05;0,008703515051460161;0,008703515051460161;0,008703515051460161;0,9948280853798898;-0,1935334343257589;0,9946859270493555;-0,19481420618253276;8,703515051460161e-07
124;0,0;0,0;0,0;0,0;0,0;0,0;;;;;;;;
125;-0,2710060043309954;-0,13100413890834092;0,2710909545326487;0,13106270769245443;8,495020165327771e-05;5,856878411350519e-05;0,017568804566013944;0,017568804566013937;0,017568804566013944;0,9891825621249282;-0,21380280922384534;0,9895176694948778;-0,2108041239854156;1,7568804566013946e-06
126;-0,6146517986004322;-0,29641182892219053;0,6150556925830499;0,29669028446527285;0,00040389398261775344;0,00027845554308231213;0,03950648010240842;0,03950648010240841;0,03950648010240842;0,9972499262166463;-0,008155364433746728;0,9979583552673091;-0,0018312364107681287;3,950648010240842e-06
127;1,0423657749077677;0,5045648354609498;-1,0411885536101675;-0,5037531808316876;0,0011772212976002283;0,0008116546292621374;0,0668835192229004;0,0668835192229004;0,0668835192229004;0,999661102555671;-0,15057253786192015;0,9984411827291532;-0,16135420281119045;6,688351922290039e-06
128;0,07711505542949221;0,03701038021400776;-0,07710859532537417;-0,03700592618873349;6,4601041180334384e-06;4,454025274269746e-06;0,004954613936818195;0,004954613936818196;0,004954613936818196;0,9967385184708941;-0,029563792188445515;0,9966481947783773;-0,030381281587792228;4,954613936818196e-07
129;0,07700859532517815;0,03700592618864667;-0,07700000000001395;-0,037000000000024555;8,59532516420125e-06;5,926188622114303e-06;0,004949391957216075;0,0049493919572160755;0,0049493919572160755;0,9966481947783773;-0,030381281587792228;0,9965278808558381;-0,031466845823008696;4,949391957216076e-07
130;-0,07099985249102445;-0,03399997594552906;0,07100361162952172;0,034002567638096066;3,7591384972751607e-06;2,59169256700692e-06;0,004558152716725086;0,004558152716725086;0,004558152716725086;0,9971039982020782;-0,009479180696555211;0,997161120871348;-0,008959606287394763;4,558152716725086e-07
131;0,5027356698495051;0,2445322929526263;-0,5026229002393415;-0,2444370903059861;0,00011276961016359888;9,520264664020228e-05;0,03274849913451825;0,03274849913451824;0,03274849913451825;0,9855989154473783;-0,2734031012972103;0,9853467196432565;-0,27712294541796334;3,274849913451825e-06
132;0,5025229002391927;0,2444370903056051;-0,5022504426103475;-0,24420708859342558;0,00027245762884520186;0,00023000171217951726;0,03274322995248404;0,03274322995248404;0,03274322995248404;0,9853467196432565;-0,27712294541796334;0,9847373177455333;-0,286115616985294;3,2743229952484045e-06
133;-0,6022287177561302;-0,2911576962344718;0,6026656781847541;0,2914589658049596;0,0004369604286239559;0,00030126957048781655;0,039149846392632116;0,0391498463926321;0,039149846392632116;0,9864672007896437;-0,2379977890012207;0,9872407405568239;-0,231061849576807;3,914984639263212e-06
134;0,0;0,0;0,0;0,0;0,0;0,0;;;;;;;;
135;0,0;0,0;0,0;0,0;0,0;0,0;;;;;;;;
136;0,07100656484417954;0,03400554228663472;-0,07099999999996541;-0,03399999999993512;6,564844214129728e-06;5,54228669960577e-06;0,004561695543287683;0,004561695543287684;0,004561695543287684;0,9964366510664197;-0,03406912616738074;0,9963314158272987;-0,03564348573759384;4,5616955432876844e-07
137;0,6134226080952977;0,2971876848355623;-0,6132935400439569;-0,2970987124387596;0,00012906805134083044;8,897239680266678e-05;0,03935343340386095;0,03935343340386095;0,03935343340386095;0,9999999999340553;-3,596637024778141e-18;0,999772680301417;-0,0020007473370347462;3,935343340386095e-06
138;0,6131935400439192;0,29709871243866603;-0,6127096859030473;-0,2967651192314334;0,000483854140871931;0,00033359320723264085;0,03934823637358992;0,03934823637358992;0,03934823637358992;0,999772680301417;-0,0020007473370347462;0,9989203551248242;-0,00951102974249162;3,934823637358991e-06
139;-0,04399990682348105;-0,02099998512243455;0,044000435780357734;0,02100034982047265;5,289568766816966e-07;3,6469803809877077e-07;0,0028355035187635404;0,0028355035187635404;0,0028355035187635404;0,9927113030405029;-0,05571777578006851;0,992724221579261;-0,05559873585045195;2,83550351876354e-07
140;-0,6814222437762807;-0,33022392323500804;0,6816751438610584;0,3303982893673309;0,00025290008477774073;0,00017436613232285625;0,04384090861408023;0,04384090861408021;0,04384090861408023;0,9972008827966458;-0,17238399343952523;0,9976007354256102;-0,16885770194480515;4,384090861408023e-06
141;0,8561863112265299;0,4140216346739523;-0,8561037339722912;-0,4139647159976172;8,257725423865825e-05;5,6918676335115936e-05;0,054877774886228615;0,0548777748862286;0,054877774886228615;1,00055208475782;0,021210601676944104;1,000447803667436;0,020289166599700214;5,487777488622861e-06
142;0,8560037333858245;0,41396471698168025;-0,8555415147782612;-0,4136460327433604;0,0004622186075632362;0,00031868423831982184;0,05487257952863202;0,05487257952863202;0,05487257952863202;1,000447803667436;0,020289166599700214;0,9998640052962243;0,015124280422690338;5,487257952863202e-06
143;-0,08299958261603255;-0,03999992973798452;0,08300770614960883;0,0400055306421192;8,123533576279152e-06;5,600904134685225e-06;0,005338035994616629;0,005338035994616628;0,005338035994616629;0,9965158836641043;-0,17842412635596494;0,9966213336563722;-0,17747975933780127;5,338035994616629e-07
144;-0,08310770548238408;-0,04000553099929868;0,0831089577018701;0,04000639436266523;1,2522194860198343e-06;8,633633665489082e-07;0,005343255176219369;0,005343255176219368;0,005343255176219369;0,9966213336563722;-0,17747975933780127;0,9966375714256612;-0,17733390839597263;5,343255176219368e-07
145;-0,5254688364758245;-0,25425564776589427;0,5275048429218638;0,2556594059721922;0,0020360064460392957;0,0014037582062979559;0,03385538438679409;0,03385538438679409;0,03385538438679409;0,9954927826430275;-0,18740312894644157;0,999661102555671;-0,15057253786192015;3,3855384386794093e-06
146;0,0;0,0;0,0;0,0;0,0;0,0;;;;;;;;
147;-0,7049797394876521;-0,34153833358018876;0,7073955592742528;0,34320396035508166;0,002415819786600659;0,0016656267748929032;0,04559056940403982;0,04559056940403982;0,04559056940403982;0,9920256670436792;-0,05415687699824721;0,9956987362194498;-0,02167824676399706;4,5590569404039815e-06
148;0,05200060335744017;0,025000472824354872;-0,051999891480353375;-0,024999981897797837;7,11877086792545e-07;4,90926557034782e-07;0,0033455994912715676;0,0033455994912715676;0,0033455994912715676;0,9956987362194498;-0,02167824676399706;0,9956839936132466;-0,02181130803231518;3,345599491271567e-07
149;0,0;0,0;0,0;0,0;0,0;0,0;;;;;;;;
150;0,2975352457648329;0,1441621894701282;-0,297436758845989;-0,14409428604044652;9,84869188438986e-05;6,790342968168717e-05;0,01934547227721269;0,019345472277212682;0,01934547227721269;0,9867108470694728;-0,26362250309389407;0,9863579719177633;-0,26677150374485603;1,9345472277212686e-06
151;-9,999930744343902e-05;-3,9375905488447856e-10;9,99993124124747e-05;3,9718521203105216e-10;4,969035680970832e-12;3,426157146573593e-12;5,793964854440514e-06;5,793964854440516e-06;5,793964854440516e-06;0,9964614650267553;-0,1788973659696894;0,9964615145417586;-0,1788954029239578;5,793964854440516e-10
152;-0,5496504176262575;-0,2652415928442169;0,5499475805670457;0,2654464764724029;0,00029716294078818706;0,00020488362818599226;0,03558588661188286;0,03558588661188285;0,03558588661188286;0,990162477006786;-0,08758091600086079;0,9907411551470865;-0,08238545762639765;3,5585886611882856e-06
153;0,2081883182766947;0,10106757739616684;-0,20814318847364766;-0,10103645824960399;4,512980304705039e-05;3,111914656285519e-05;0,013436012550064267;0,013436012550064269;0,013436012550064269;0,9944368718734725;-0,04893329797139221;0,9942040203690788;-0,050985118393215206;1,3436012550064268e-06
154;0,23011273844394928;0,11207772845817042;-0,23002419845076313;-0,11201668310035125;8,853999318614303e-05;6,104535781917275e-05;0,014976632521212998;0,014976632521212998;0,014976632521212998;0,9867108470694728;-0,26362250309389407;0,9863009424576379;-0,2672306765067462;1,4976632521213e-06
155;0,0;0,0;0,0;0,0;0,0;0,0;;;;;;;;
156;0,25122109964635314;0,12108415315448297;-0,2511378600924011;-0,12102676497898472;8,323955395206362e-05;5,7388175498246374e-05;0,016178986483175093;0,016178986483175097;0,016178986483175097;0,9951845831889239;-0,1903363830306437;0,9948280853798898;-0,1935334343257589;1,6178986483175096e-06
157;0,8104414684802337;0,39164595568783866;-0,8103378154629807;-0,39157447643747334;0,00010365301725301368;7,147925036532499e-05;0,051975069015272025;0,05197506901527203;0,05197506901527203;0,9998640052962243;0,015124280422690338;0,9997257880911536;0,013898254064141562;5,197506901527203e-06
158;0,5595051649453113;0,270762002237452;-0,5592320385068443;-0,27057367122005704;0,00027312643846699736;0,0001883310173949604;0,03592555745453636;0,03592555745453636;0,03592555745453636;0,9989203551248242;-0,00951102974249162;0,9983934159377355;-0,014172970921659167;3,5925557454536357e-06
159;0,20204544232483704;0,09803133095995335;-0,20199999999998136;-0,09799999999999813;4,5442324855676786e-05;3,1330959955222504e-05;0,013140755420288768;0,013140755420288763;0,013140755420288768;0,9866753998319088;-0,11748370380095183;0,9864356827601509;-0,11961496223314314;1,3140755420288769e-06
160;-0,40905040595514974;-0,19803492907709552;0,40923306005947613;0,19816086296024255;0,00018265410432638518;0,00012593388314702247;0,026345398911381494;0,0263453989113815;0,0263453989113815;0,9959482006958742;-0,038140620605125145;0,9964287410250476;-0,03388684871648633;2,63453989113815e-06
161;0,27043675884561774;0,13109428604036882;-0,27035192397717644;-0,131035798442297;8,483486844129695e-05;5,8487598071810254e-05;0,017591423787063243;0,017591423787063246;0,017591423787063246;0,9863579719177633;-0,26677150374485603;0,9860236985560414;-0,26975132246758077;1,7591423787063247e-06
162;-1,0070692638854144;-0,4872202697288091;1,0099289187506832;0,4891918642725859;0,002859654865268846;0,001971594543776767;0,06475275565509733;0,06475275565509735;0,06475275565509735;0,9974911539788116;-0,005819117234077508;1,00055208475782;0,021210601676944104;6,475275565509734e-06
163;0,0;0,0;0,0;0,0;0,0;0,0;;;;;;;;
164;-0,14500000000093569;-0,07000000000071674;0,14500600433217078;0,07000413890865549;6,004331235098803e-06;4,138907938752712e-06;0,009398136340942711;0,009398136340942711;0,009398136340942711;0,9891382902329473;-0,21420024505233473;0,9891825621249282;-0,21380280922384534;9,398136340942712e-07
165;0,0;0,0;0,0;0,0;0,0;0,0;;;;;;;;
166;-0,7912535060725966;-0,38182685405297523;0,7923378507648411;0,3825744856673436;0,0010843446922444988;0,0007476316143683603;0,05081296588773853;0,05081296588773853;0,05081296588773853;0,9982469542457636;0,0007394789832818986;0,9997257880911536;0,013898254064141562;5,081296588773853e-06
167;2,151467579823956;1,053237261346979;-2,150628097563836;-1,0526584664644887;0,0008394822601203167;0,0005787948824902411;0,13834754211910102;0,138347542119101;0,13834754211910102;0,999661102555671;-0,15057253786192015;0,9992402510334651;-0,15417952446090608;1,3834754211910104e-05
168;-0,2021059573011539;-0,09800502902335363;0,20212012233836377;0,09801698890882492;1,4165037209856735e-05;1,1959885471285459e-05;0,013044178667729764;0,013044178667729759;0,013044178667729764;0,9941707524986543;-0,06746779523605223;0,9942502631730314;-0,06629939272212873;1,3044178667729764e-06
169;-0,20200000000025273;-0,09800000000010395;0,20200595730163518;0,09800502902336004;5,957301382447655e-06;5,029023256095111e-06;0,013038953518588754;0,013038953518588756;0,013038953518588756;0,9941372999400365;-0,06795886105877089;0,9941707524986543;-0,06746779523605223;1,3038953518588756e-06
170;0,5452108687896122;0,26414536183402837;-0,5450026461593273;-0,2640018246356858;0,000208222630284971;0,0001435371983425915;0,03534453059304066;0,03534453059304066;0,03534453059304066;0,9896156483899964;-0,09244929024572923;0,989207323333703;-0,09608138133171627;3,5344530593040652e-06
171;0,0;0,0;0,0;0,0;0,0;0,0;;;;;;;;
172;0,0;0,0;0,0;0,0;0,0;0,0;;;;;;;;
173;0,3482504426104503;0,16920708859341915;-0,34811045920462164;-0,16908890271406413;0,00013998340582865865;0,00011818587935502611;0,022700395469205072;0,022700395469205072;0,022700395469205072;0,9847373177455333;-0,286115616985294;0,9842857323352397;-0,29279656448241576;2,270039546920507e-06
174;1,2501205690698225;0,6144598833843864;-1,245838241854305;-0,6115074307509383;0,004282327215517467;0,0029524526334481216;0,08135880590775822;0,08135880590775821;0,08135880590775822;0,9884989909230365;-0,24615709142866396;0,9848476794293862;-0,2775614805097697;8,135880590775822e-06
175;0,3060853264922871;0,1480679152987988;-0,3060297386859389;-0,1480209855846675;5,5587806348178503e-05;4,692971413131075e-05;0,019910620126225177;0,019910620126225177;0,019910620126225177;0,9859540418863241;-0,11758386412877682;0,9857496809282903;-0,12062427921439293;1,9910620126225177e-06
176;-0,7390558941318774;-0,35669055405734135;0,739253612095786;0,3568268739667941;0,00019771796390855023;0,0001363199094527312;0,047475959777801016;0,047475959777801016;0,047475959777801016;0,9979583552673091;-0,0018312364107681287;0,9982469542457636;0,0007394789832818986;4,7475959777801015e-06
177;0,4911279113564463;0,23757082577894947;-0,49091073577949096;-0,23742107526080977;0,00021717557695533074;0,00014975051813970186;0,0315491796310523;0,031549179631052304;0,031549179631052304;0,9983934159377355;-0,014172970921659167;0,9979163130450301;-0,018400679507757128;3,1549179631052304e-06
178;0,3282990775348945;0,15813811972697403;-0,32822071029719646;-0,15808408814311653;7,836723769805154e-05;5,4031583857500065e-05;0,02113503445375938;0,02113503445375938;0,02113503445375938;0,9954415041493144;-0,18802921969005842;0,9951845831889239;-0,1903363830306437;2,113503445375938e-06
179;0,14402419845091557;0,07001668310030067;-0,14400010826581186;-0,07000007463387985;2,4090185103714523e-05;1,6608466420819923e-05;0,009374192429646263;0,009374192429646265;0,009374192429646265;0,9863009424576379;-0,2672306765067462;0,9861227823775164;-0,2688067298580116;9,374192429646265e-07
180;0,47581057286295275;0,23042096294363917;-0,4756115583394582;-0,23028374929177559;0,00019901452349457838;0,00013721365186358803;0,030586375469811664;0,03058637546981166;0,030586375469811664;0,9979163130450301;-0,018400679507757128;0,9974653256501398;-0,02238578079488352;3,0586375469811664e-06
181;0,3443798645321523;0,16619385194905106;-0,3442989983825947;-0,16613810253352532;8,08661495576013e-05;5,5749415525746526e-05;0,022172447335872914;0,022172447335872914;0,022172447335872914;0,9956942363408459;-0,18577176723346456;0,9954415041493144;-0,18802921969005842;2,2172447335872912e-06
182;0,65590397891379;0,318623281524764;-0,6553169727195348;-0,318218551043583;0,000587006194255224;0,00040473048118100374;0,04260014241004028;0,04260014241004028;0,04260014241004028;0,9882668789058;-0,10338675935132938;0,9873116211682251;-0,11184608479873306;4,260014241004028e-06
183;-0,11409942617974222;-0,05499990324623078;0,11410592323694657;0,05500438219240597;6,497057204346568e-06;4,478946175189014e-06;0,007338895122286996;0,007338895122286996;0,007338895122286996;0,9964615145417586;-0,1788954029239578;0,9965228569991658;-0,17834650983559702;7,338895122286996e-07
184;0,0;0,0;0,0;0,0;0,0;0,0;;;;;;;;
185;-0,8672246478084604;-0,41970675127587787;0,8675320976577152;0,41991869542727905;0,0003074498492547928;0,00021194415140118883;0,05581212598385793;0,055812125983857916;0,05581212598385793;0,9966419334010409;-0,013340770732129654;0,9970237236063821;-0,00996169404605491;5,581212598385793e-06
186;0,0;0,0;0,0;0,0;0,0;0,0;;;;;;;;
187;0,0;0,0;0,0;0,0;0,0;0,0;;;;;;;;
188;0,19906178576925151;0,09605255148407106;-0,1990221530368822;-0,09601909456355438;3,963273236931575e-05;3,3456920516677924e-05;0,012942270111756107;0,012942270111756105;0,012942270111756107;0,9859813424153785;-0,11719988993785811;0,9857572507908613;-0,12054699481607277;1,2942270111756108e-06
189;0,49522871775554334;0,23915769623421546;-0,4951310323609118;-0,23909034521602704;9,768539463150816e-05;6,735101818841627e-05;0,03218711115366911;0,032187111153669096;0,03218711115366911;0,9864672007896437;-0,2379977890012207;0,9862568792225033;-0,23989106833071025;3,218711115366911e-06
190;-0,0949995190562742;-0,04599991674219326;0,09500754852030398;0,046005452982721164;8,029464029779554e-06;5,53624052790358e-06;0,006128148371933677;0,006128148371933677;0,006128148371933677;0,9944209327411774;-0,1968818795347741;0,9945117500309274;-0,19607666013238717;6,128148371933677e-07
191;0,0560011394924097;0,027001072390617182;-0,055999862043096246;-0,026999993735158934;1,2774493134554143e-06;1,0786554582482843e-06;0,0036404565207222824;0,003640456520722282;0,0036404565207222824;0,9859813424153785;-0,11719988993785811;0,9859556639018808;-0,11758402907467705;3,6404565207222823e-07
192;0,028000560837269862;0,01400052445538614;-0,027999933836456093;-0,01399999504766147;6,270008137687633e-07;5,294077246708467e-07;0,001820091247334764;0,001820091247334764;0,001820091247334764;0,9930462188709972;-0,05595347315365644;0,9930209193290722;-0,05630690875687142;1,820091247334764e-07
193;0,028100940029804615;0,014000845068916874;-0,028100560516393848;-0,014000524626463642;3,795134107670295e-07;3,204424532318728e-07;0,0018252932072716492;0,0018252932072716488;0,0018252932072716492;0,993061483374955;-0,05573890705584997;0,9930462188709972;-0,05595347315365644;1,8252932072716492e-07
194;0,2761104592046526;0,1340889027140324;-0,2760280794030587;-0,13401935980750448;8,237980159392366e-05;6,954290652791406e-05;0,018004555446270273;0,018004555446270276;0,018004555446270276;0,9842857323352397;-0,29279656448241576;0,9839506908906236;-0,2977577143227622;1,8004555446270276e-06
195;0,41950935748792384;0,20328223181163624;-0,419379224282726;-0,20319250586216453;0,00013013320519783544;8,972594947170842e-05;0,02698256217876418;0,02698256217876417;0,02698256217876418;0,9974653256501398;-0,02238578079488352;0,9971310276162728;-0,025336329309878235;2,6982562178764177e-06
196;-0,48730458135092436;-0,23614231013008288;0,48742321394391114;0,2362240931561359;0,0001186325929867782;8,178302605302279e-05;0,03135987678116065;0,03135987678116065;0,03135987678116065;0,9969386754645095;-0,17469669250482064;0,9972008827966458;-0,17238399343952523;3,1359876781160656e-06
197;-0,1651056684916039;-0,08000433476255739;0,16512326045707307;0,08001646271100607;1,759196546916031e-05;1,212794844868137e-05;0,010629500964120974;0,01062950096412097;0,010629500964120974;0,9965228569991658;-0,17834650983559702;0,9966375714256612;-0,17733390839597263;1,0629500964120975e-06
198;-0,8124527998520067;-0,3933121966006806;0,8130207702987903;0,39370379375926773;0,0005679704467835833;0,0003915971585871092;0,05277298523763105;0,05277298523763105;0,05277298523763105;0,987520912494789;-0,11004567029086265;0,9882668789058;-0,10338675935132938;5,277298523763105e-06
199;0,0;0,0;0,0;0,0;0,0;0,0;;;;;;;;
200;0,4072790734203301;0,197192401835758;-0,40713831269872985;-0,19709536240339792;0,00014076072160024156;9,703943236008539e-05;0,02620057698942007;0,02620057698942008;0,02620057698942008;0,9971310276162728;-0,025336329309878235;0,9967586686641667;-0,028629666418284853;2,620057698942008e-06
201;-0,5307379744998288;-0,24712180458209537;0,5310073478683291;0,24730751639372955;0,000269373368500303;0,0001857118116341816;0,03420182009146624;0,034201820091466245;0,034201820091466245;0,988280310622987;-0,2435153662978868;0,9888248682507829;-0,2381696872810373;3,4201820091466245e-06
202;0,0;0,0;0,0;0,0;0,0;0,0;;;;;;;;
203;-0,5802336549870775;-0,2811613466569545;0,5805856628759061;0,2814040298642402;0,00035200788882860934;0,0002426832072856544;0,037358983172474255;0,037358983172474255;0,037358983172474255;0,9964287410250476;-0,03388684871648633;0,9970818419936852;-0,028123881208644015;3,7358983172474253e-06
204;0,06910391674469002;0,03400343542339327;-0,0691008423098988;-0,034000839715146225;3,0744347912226022e-06;2,595708247045414e-06;0,004477407197982189;0,004477407197982188;0,004477407197982189;0,9931118319106086;-0,055016032782035026;0,993061483374955;-0,05573890705584997;4,477407197982189e-07
205;0,06920807816797336;0,03400627429634769;-0,06920393620727311;-0,034003418145889565;4,141960700254632e-06;2,856150458127593e-06;0,0044826247566500015;0,0044826247566500015;0,0044826247566500015;0,9931759343480898;-0,0544685339885314;0,9931118319106086;-0,055016032782035026;4,4826247566500016e-07
206;0,10335192397748239;0,050035798442475285;-0,1033395313552087;-0,050027254612280025;1,2392622273690868e-05;8,543830195259505e-06;0,006723499889830499;0,006723499889830498;0,006723499889830499;0,9860236985560414;-0,26975132246758077;0,9858959477241136;-0,2708940944837368;6,723499889830499e-07
207;0,10323953135483455;0,050027254612035124;-0,10322418874794531;-0,05001667686558567;1,5342606889234833e-05;1,0577746449455527e-05;0,006718229439304043;0,006718229439304043;0,006718229439304043;0,9858959477241136;-0,2708940944837368;0,9857376534242309;-0,2723069727122016;6,718229439304044e-07
208;0,10312418874802495;0,05001667686572742;-0,10311529450202712;-0,050010544581209085;8,89424599782862e-06;6,132284518338416e-06;0,006712959050355492;0,006712959050355492;0,006712959050355492;0,9857376534242309;-0,2723069727122016;0,985645810661533;-0,2731249725107997;6,712959050355491e-07
209;-0,4433041413275089;-0,2140718020177082;0,44354837858643487;0,2142401868905152;0,00024423725892597226;0,000168384872806987;0,02872160841188429;0,028721608411884293;0,028721608411884293;0,9895731770026195;-0,0928644986008533;0,990162477006786;-0,08758091600086079;2,872160841188429e-06
210;0,0;0,0;0,0;0,0;0,0;0,0;;;;;;;;
211;0,0;0,0;0,0;0,0;0,0;0,0;;;;;;;;
212;0,0;0,0;0,0;0,0;0,0;0,0;;;;;;;;
213;0,18403009334311912;0,0890209527979457;-0,1840065115900502;-0,08900469545222245;2,3581753068935285e-05;1,625734572324733e-05;0,011973422111732974;0,011973422111732974;0,011973422111732974;0,9857496809282903;-0,12062427921439293;0,9856131823817611;-0,12184814637106613;1,1973422111732975e-06
214;0,12202234291633748;0,0590191028885751;-0,1219996993427239;-0,05899998555617638;2,264357361358993e-05;1,911733239871871e-05;0,007938820146844923;0,007938820146844923;0,007938820146844923;0,9857572507908613;-0,12054699481607277;0,9855484704410133;-0,12365476076155077;7,938820146844922e-07
215;0,016000108266097546;0,008000074634322004;-0,016000000000565617;-0,008000000000210629;1,0826553192844202e-07;7,463411137546838e-08;0,001047337203168829;0,0010473372031688292;0,0010473372031688292;0,9861227823775164;-0,2688067298580116;0,9861156043139302;-0,26886546145880946;1,0473372031688292e-07
216;0,4635160342751288;0,22428804006727138;-0,4633792671436732;-0,2241937437139832;0,00013676713145555075;9,429635328817021e-05;0,029848501522869872;0,02984850152286987;0,029848501522869872;0,9960118116676299;-0,18295469343786896;0,9956942363408459;-0,18577176723346456;2,984850152286987e-06
217;0,0;0,0;0,0;0,0;0,0;0,0;;;;;;;;
218;-0,47857616118362295;-0,22207744055263798;0,47863867820877704;0,22212054394617786;6,251702515408519e-05;4,3103393539883905e-05;0,030826144428588505;0,030826144428588505;0,030826144428588505;0,9881401178049259;-0,2449034727750789;0,988280310622987;-0,2435153662978868;3,0826144428588508e-06
219;-0,4781856627154626;-0,22187497949667373;0,47847730903143487;0,2220760598567969;0,00029164631597228263;0,00020108036012317365;0,03082087142623149;0,030820871426231484;0,03082087142623149;0,9874859956864599;-0,25138250102455895;0,9881401178049259;-0,2449034727750789;3,082087142623149e-06
220;-0,47790360450165215;-0,2218161078918787;0,4779868748306547;0,22187351999285995;8,327032900257159e-05;5,741210098125782e-05;0,03081029302743888;0,030810293027438884;0,030810293027438884;0,9872991651327073;-0,25323289860972975;0,9874859956864599;-0,25138250102455895;3,0810293027438885e-06
221;-0,47703636949429934;-0,22128190899158212;0,4778063580716003;0,2218127903089005;0,000769988577300984;0,0005308813173183768;0,030805053216278258;0,03080505321627826;0,03080505321627826;0,985571304042096;-0,2703721788216002;0,9872991651327073;-0,25323289860972975;3,080505321627826e-06
222;-0,47687662639813233;-0,22123565661250266;0,47693903661912684;0,22127868636815418;6,241022099451321e-05;4,302975565151357e-05;0,03079980146192913;0,03079980146192913;0,03079980146192913;0,9854312332211108;-0,2717636578505867;0,985571304042096;-0,2703721788216002;3,079980146192913e-06
223;-0,47651769129176985;-0,22105517859877555;0,47677765877439043;0,22123440765770636;0,0002599674826205822;0,00017922905893080765;0,0307945108599653;0,0307945108599653;0,0307945108599653;0,9848476794293862;-0,2775614805097697;0,9854312332211108;-0,2717636578505867;3,0794510859965303e-06
224;-1,2511182437984254;-0,6144626787638199;1,2518449798511126;0,6149637389150573;0,0007267360526872491;0,0005010601512374091;0,08141117723182241;0,08141117723182241;0,08141117723182241;0,9884989909230365;-0,24615709142866396;0,9891182454951281;-0,2408423170710018;8,141117723182242e-06
225;0,538091829039972;0,2606851710961064;-0,5376337840998432;-0,26036937680454564;0,00045804494012879893;0,0003157942915607559;0,0345467516306016;0,0345467516306016;0,0345467516306016;0,9992402510334651;-0,15417952446090608;0,9983212576106372;-0,16228385156641664;3,4546751630601596e-06
226;0,0;0,0;0,0;0,0;0,0;0,0;;;;;;;;
227;0,0;0,0;0,0;0,0;0,0;0,0;;;;;;;;
228;0,0;0,0;0,0;0,0;0,0;0,0;;;;;;;;
229;0,52160442459332;0,25341805065505957;-0,5213701400354361;-0,2532565309339439;0,00023428455788387925;0,00016151972111566604;0,03353320622560835;0,03353320622560836;0,03353320622560836;0,9984411827291532;-0,16135420281119045;0,9979568396202266;-0,16559476172700663;3,3533206225608364e-06
230;-0,0599998523058591;-0,028999992983175894;0,060003189043720866;0,029002809769279922;3,3367378617643606e-06;2,8167861040283293e-06;0,0039025616004528772;0,0039025616004528772;0,0039025616004528772;0,9858914624658157;-0,11851583443125922;0,9859540418863241;-0,11758386412877682;3,902561600452878e-07
231;0,22513360707246025;0,10902879582749346;-0,22510411076631964;-0,10900389372564692;2,9496306140602835e-05;2,4902101846538405e-05;0,014503700888764987;0,014503700888764983;0,014503700888764987;0,9957538897238435;-0,02456857757153365;0,9956050080687365;-0,02675768318595529;1,4503700888764985e-06
232;0,018000749507703587;0,009000534512403673;-0,017999963194458755;-0,00899999234823973;7,863132448319987e-07;5,42164163942066e-07;0,0011654161098101855;0,0011654161098101855;0,0011654161098101855;0,9970237236063821;-0,00996169404605491;0,9969768702219336;-0,010341120202030278;1,1654161098101855e-07
233;0,30913141184409676;0,14909068021468197;-0,3090918209377106;-0,14906338776006686;3,959090638616658e-05;2,7292454615107653e-05;0,020028072088747004;0,020028072088747004;0,020028072088747004;0,9893612995575461;-0,22391764987958593;0,989224324547266;-0,2251505696263101;2,0028072088747004e-06
234;-0,31614020006907756;-0,15302771495213965;0,3161819076592412;0,1530564665674865;4,1707590163642116e-05;2,8751615346850334e-05;0,020556490521720407;0,02055649052172041;0,02055649052172041;0,9864641133820394;-0,27864051582019694;0,9866047338506055;-0,27738336573209615;2,055649052172041e-06
235;0,32115054578847463;0,155103883811148;-0,3210650549244046;-0,15504494072566063;8,549086407000361e-05;5,8943085487372926e-05;0,02081226191662639;0,02081226191662639;0,02081226191662639;0,9893612995575461;-0,22391764987958593;0,9890766319712936;-0,22647231137400467;2,081226191662639e-06
236;0,12200664596936339;0,05900471885190299;-0,12199973535241052;-0,05899995421312839;6,910616952876536e-06;4,7646387746000385e-06;0,00793878595349388;0,00793878595349388;0,00793878595349388;0,9856131823817611;-0,12184814637106613;0,9855528518424148;-0,12238958953227844;7,93878595349388e-07
237;0,5129459540843445;0,24858457599975883;-0,5125157903611786;-0,24828799252988795;0,00043016372316595497;0,00029658346987088136;0,033011200838078826;0,033011200838078826;0,033011200838078826;0,9969150386762884;-0,17497682118601254;0,9960118116676299;-0,18295469343786896;3,3011200838078824e-06
238;0,4406283599464901;0,21236542122072544;-0,44052291847645;-0,2122927228610808;0,00010544147004010185;7,269835964462956e-05;0,028308104166732795;0,028308104166732795;0,028308104166732795;0,9976007354256102;-0,16885770194480515;0,9973426380879501;-0,17116707126116273;2,8308104166732795e-06
239;-0,3651385051458144;-0,17702748859732964;0,3653051920877459;0,17714241651570445;0,00016668694193150424;0,00011492791837480754;0,02351178088079943;0,023511780880799433;0,023511780880799433;0,9964472459355779;-0,17902882198078696;0,9969386754645095;-0,17469669250482064;2,3511780880799436e-06
240;0,0;0,0;0,0;0,0;0,0;0,0;;;;;;;;
241;2,3480862663801902;1,135171311401363;-2,343608114891075;-1,1320837760381424;0,004478151489115234;0,003087535363220706;0,1506290787505128;0,15062907875051282;0,15062907875051282;0,999661102555671;-0,15057253786192015;0,9976007354256102;-0,16885770194480515;1,5062907875051281e-05
242;-0,08499981467690829;-0,04099996864637752;0,08500857020009862;0,041006005286169496;8,755523190337455e-06;6,036639791977272e-06;0,0055417899322424986;0,0055417899322424986;0,0055417899322424986;0,9831727384195423;-0,29261229837472125;0,9832822193315871;-0,2916207808531444;5,541789932242499e-07
243;0,2710918411422246;0,13106339086961588;-0,27102071957170726;-0,13101435812454312;7,11215705173629e-05;4,90327450727579e-05;0,01757407836817009;0,017574078368170088;0,01757407836817009;0,989224324547266;-0,2251505696263101;0,9889438543869025;-0,227660626051047;1,7574078368170092e-06
244;-0,10199977755027859;-0,04899996327227311;0,10200993980764093;0,04900696935173658;1,016225736234777e-05;7,006079463474368e-06;0,006643041786644466;0,006643041786644466;0,006643041786644466;0,9834705265713134;-0,2900505837414397;0,9835765042752114;-0,28908120540796806;6,643041786644466e-07
245;0,0;0,0;0,0;0,0;0,0;0,0;;;;;;;;
246;0,4606341615138608;0,22336944249092203;-0,460297756937683;-0,22313751187559427;0,0003364045761777845;0,00023193061532775228;0,029606298953883375;0,02960629895388337;0,029606298953883375;0,9983212576106372;-0,16228385156641664;0,9975336415681718;-0,1692180136024045;2,9606298953883373e-06
247;-0,26600668416557705;-0,1290053009114971;0,26602670863693767;0,12901910418787194;2,0024471360624574e-05;1,3803276374846352e-05;0,017162871453385412;0,017162871453385412;0,017162871453385412;0,9945117500309274;-0,19607666013238717;0,9945926216941606;-0,19536315830572812;1,7162871453385411e-06
248;-0,6612200138759348;-0,3201516889252985;0,661452799851851;0,3203121966003413;0,00023278597591624983;0,00016050767504283137;0,04296730197383221;0,042967301973832195;0,04296730197383221;0,9871453929370817;-0,11339949774027792;0,987520912494789;-0,11004567029086265;4,296730197383221e-06
249;0,39852312933760764;0,19229275680089586;-0,398372033449439;-0,19218858803588953;0,00015109588816863972;0,00010416876500632388;0,025615227214394732;0,02561522721439473;0,025615227214394732;0,9973426380879501;-0,17116707126116273;0,9969338862199382;-0,1748144259497065;2,561522721439473e-06
250;-1,0065325963112255;-0,486919187816523;1,0069692605120222;0,48722027482594327;0,0004366642007966881;0,00030108700942027555;0,06474754536895146;0,06474754536895144;0,06474754536895146;0,9970237236063821;-0,00996169404605491;0,9974911539788116;-0,005819117234077508;6,474754536895146e-06
251;0,11300749880249729;0,054005171256002536;-0,11299999999988106;-0,053999999999645165;7,4988026162320365e-06;5,17125635737109e-06;0,007309795462692542;0,007309795462692543;0,007309795462692543;0,9892535154838755;-0,2131890123109221;0,9891824650290861;-0,21384435672840904;7,309795462692543e-07
252;0,0;0,0;0,0;0,0;0,0;0,0;;;;;;;;
253;0,3021109979180444;0,14607653030703244;-0,30204329584804906;-0,1460298519988551;6,770206999534567e-05;4,66783081773392e-05;0,019644304818023636;0,019644304818023633;0,019644304818023636;0,9862568792225033;-0,23989106833071025;0,9860180247284382;-0,24203483377962642;1,9644304818023635e-06
254;-0,10299999999993045;-0,049999999999860364;0,10301529450208757;0,050010544581172794;1,529450215712047e-05;1,0544581312429968e-05;0,006707689107113793;0,006707689107113793;0,006707689107113793;0,9854877472130252;-0,27452935168881026;0,985645810661533;-0,2731249725107997;6,707689107113792e-07
255;0,2360434742059491;0,11402997175770876;-0,23601658331753533;-0,1140114325990994;2,689088841376086e-05;1,853915860935973e-05;0,01528232610481777;0,01528232610481777;0,01528232610481777;0,990351698849772;-0,20334094045353693;0,9902297566771862;-0,20443304012705454;1,5282326104817768e-06
256;0,24406509571553384;0,11804494752420108;-0,24401566448646683;-0,11801086634848318;4,9431229067004034e-05;3,408117571790381e-05;0,015825598156458395;0,015825598156458395;0,015825598156458395;0,9890766319712936;-0,22647231137400467;0,9888601522269811;-0,2284081928717055;1,5825598156458395e-06
257;0,19405049212283865;0,09403502821634299;-0,19399957858128022;-0,0939999266916535;5,091354155842276e-05;3,51015246894959e-05;0,012653279282413438;0,01265327928241344;0,01265327928241344;0,9839074660295394;-0,2860060824166373;0,9836285643924112;-0,2885005618678078;1,265327928241344e-06
258;0,3993707479050676;0,19425663745213673;-0,39913911907184024;-0,1940969371348363;0,00023162883322735972;0,00015970031730042078;0,025693129307327027;0,025693129307327034;0,025693129307327034;0,9979568396202266;-0,16559476172700663;0,9973318145340735;-0,1710549620027918;2,569312930732703e-06
259;0,0;0,0;0,0;0,0;0,0;0,0;;;;;;;;
260;-0,3771201223380708;-0,18301698890909684;0,3771668536002872;0,1830564322985446;4,67312622163818e-05;3,944338944775194e-05;0,024341527914021544;0,024341527914021544;0,024341527914021544;0,9942502631730314;-0,06629939272212873;0,9943908283757359;-0,0642381616815924;2,4341527914021546e-06
261;0,0;0,0;0,0;0,0;0,0;0,0;;;;;;;;
262;0,16801066978215431;0,08200753667974041;-0,16800286015992624;-0,08200215220695938;7,809622228072133e-06;5,384472781033711e-06;0,010895196566558412;0,01089519656655841;0,010895196566558412;0,9907074309951794;-0,06585375099881066;0,9906577248459694;-0,06628685943090479;1,0895196566558411e-06
263;0,3975847332815997;0,19133524013026673;-0,3974776551351724;-0,19126142006944327;0,0001070781464272974;7,38200608234596e-05;0,025514124597924875;0,02551412459792487;0,025514124597924875;0,9984411827291532;-0,16135420281119045;0,9981504100707796;-0,1639630504335218;2,5514124597924877e-06
264;0,5886092140314201;0,28442066614655326;-0,5883032123274362;-0,28420970341672247;0,0003060017039838714;0,00021096272983078812;0,03832350041251448;0,038323500412514484;0,038323500412514484;0,9848476794293862;-0,2775614805097697;0,9842943288348226;-0,2825438420343978;3,832350041251449e-06
265;0,3973776550534447;0,19126142075215358;-0,39723495553026666;-0,1911630342136013;0,0001426995231780248;9,83865385522642e-05;0,02550891256119334;0,025508912561193343;0,025508912561193343;0,9981504100707796;-0,1639630504335218;0,9977628161947237;-0,16744171287849657;2,5508912561193343e-06
266;-1,6041694429430424;-0,7862689204143544;1,612438732238848;0,7919703182325296;0,008269289295805615;0,005701397818175247;0,10379603285511822;0,10379603285511822;0,10379603285511822;0,9937139292835974;-0,2013847712899791;0,9992402510334651;-0,15417952446090608;1,0379603285511821e-05
267;0,0;0,0;0,0;0,0;0,0;0,0;;;;;;;;
268;-0,1941000000080504;-0,09400000000556868;0,19414020006958407;0,09402771495223806;4,020006153368505e-05;2,7714946669379903e-05;0,0126250238685749;0,0126250238685749;0,0126250238685749;0,9862434144727246;-0,28061190379359935;0,9864641133820394;-0,27864051582019694;1,2625023868574902e-06
269;0,19402807940333505;0,09401935980758482;-0,19399999999996012;-0,09400000000005954;2,8079403374930978e-05;1,9359807525279327e-05;0,012651139032775862;0,01265113903277586;0,012651139032775862;0,9839506908906236;-0,2977577143227622;0,9837968458362866;-0,2991338439880085;1,2651139032775861e-06
270;-0,2312238121375989;-0,11201641869485267;0,23127089215447538;0,11204887767225227;4,708001687647734e-05;3,2458977399604794e-05;0,014993356194151455;0,014993356194151453;0,014993356194151455;0,9893555288483761;-0,09480096820824438;0,9895731770026195;-0,0928644986008533;1,4993356194151454e-06
271;-0,34713331897375316;-0,16802878155502066;0,34729763597931124;0,16816750746951767;0,00016431700555807893;0,0001387259144970121;0,022361156457400336;0,022361156457400333;0,022361156457400336;0,9957538897238435;-0,02456857757153365;0,996291826171584;-0,01665796641800883;2,2361156457400336e-06
272;0,2460432958480841;0,1190298519989604;-0,24601127698989267;-0,11900777612193045;3,2018858191429356e-05;2,2075877029958946e-05;0,016004073703316305;0,01600407370331631;0,01600407370331631;0,9860180247284382;-0,24203483377962642;0,9858793626698503;-0,24327780102374225;1,6004073703316308e-06
273;0,22313167074041362;0,1080910283974639;-0,2230505007247874;-0,10803506657945228;8,117001562621406e-05;5,596181801162392e-05;0,014542898983792202;0,014542898983792197;0,014542898983792202;0,9842943288348226;-0,2825438420343978;0,9839074660295394;-0,2860060824166373;1,4542898983792202e-06
274;0,0;0,0;0,0;0,0;0,0;0,0;;;;;;;;
275;0,18679689094668653;0,09006680524742305;-0,18676082134217117;-0,09004193353884928;3,6069604515354126e-05;2,487170857377874e-05;0,012011835389688127;0,012011835389688127;0,012011835389688127;0,9967586686641667;-0,028629666418284853;0,9965505844833995;-0,030491658735436047;1,2011835389688128e-06
276;0,2710885673120858;0,13106536318017917;-0,2710218788039323;-0,13101938368892146;6,668850815350069e-05;4,597949125770273e-05;0,01743838193189576;0,01743838193189576;0,01743838193189576;0,9969150386762884;-0,17497682118601254;0,9966499991925013;-0,17733074985321012;1,7438381931895762e-06
277;0,32137241981568127;0,15518865293532835;-0,3212834207654108;-0,15512729549073578;8,899905027048849e-05;6,135744459256909e-05;0,02066788011376301;0,02066788011376301;0,02066788011376301;0,9969338862199382;-0,1748144259497065;0,9966354748533681;-0,17747251751696957;2,066788011376301e-06
278;0,3211834208971025;0,1551272959040511;-0,32106637801246435;-0,15504660317334196;0,00011704288463815216;8,069273070915317e-05;0,020662663553565788;0,020662663553565795;0,020662663553565795;0,9966354748533681;-0,17747251751696957;0,9962429283631257;-0,180968938001527;2,0662663553565797e-06
279;0,0;0,0;0,0;0,0;0,0;0,0;;;;;;;;
280;-0,1900083420232383;-0,09200596498634933;0,190052147671419;0,09203616751259157;4,380564818071142e-05;3,0202526242237293e-05;0,0123957858126452;0,012395785812645199;0,0123957858126452;0,9832822193315871;-0,2916207808531444;0,9835271621781584;-0,2894251171944559;1,2395785812645202e-06
281;0,1816607983958685;0,08804191771747392;-0,18164069963523927;-0,0880280603237122;2,0098760629222445e-05;1,385739376172368e-05;0,011695387646813426;0,011695387646813427;0,011695387646813427;0,9965505844833995;-0,030491658735436047;0,9964314645417841;-0,03154317903036721;1,1695387646813427e-06
282;0,17924042636683635;0,08702787094319704;-0,17922435860943112;-0,08701679414052925;1,6067757405230365e-05;1,1076802667792096e-05;0,011541173479302055;0,011541173479302053;0,011541173479302055;0,9967586686641667;-0,028629666418284853;0,9966621592525534;-0,02947699516812053;1,1541173479302055e-06
283;-0,20000977722927724;-0,09600696953205992;0,20008230487187942;0,09605697315685784;7,252764260218258e-05;5,000362479791465e-05;0,013022895109589393;0,013022895109589391;0,013022895109589393;0,9835765042752114;-0,28908120540796806;0,9839623120161437;-0,2855461577814309;1,3022895109589392e-06
284;0,1901427131167566;0,09109839235677554;-0,1901228046304616;-0,09108466612272262;1,9908486294989425e-05;1,3726234052921504e-05;0,012300540045695451;0,012300540045695453;0,012300540045695453;0,9896156483899964;-0,09244929024572923;0,9895035396224637;-0,09347577506415444;1,2300540045695453e-06
285;0,17403226394138413;0,08502462132986421;-0,17401858180978497;-0,08501306777968062;1,3682131599163094e-05;1,155355018359061e-05;0,01117661620265518;0,011176616202655183;0,011176616202655183;1,00055208475782;0,021210601676944104;1,0004623822662617;0,019916362414800003;1,1176616202655184e-06
286;-0,2430987797386916;-0,11799978550672849;0,24313911759937082;0,11802759457354725;4,0337860679223736e-05;2,7809066818762496e-05;0,015659816925073643;0,015659816925073643;0,015659816925073643;0,9962686843135324;-0,180598222866836;0,9964472459355779;-0,17902882198078696;1,5659816925073643e-06
287;-0,4530465085566758;-0,2200320662640512;0,4533169727193446;0,22021855104364854;0,00027046416266884865;0,00018648477959734566;0,029471046646811213;0,029471046646811206;0,029471046646811213;0,9866753998319088;-0,11748370380095183;0,9873116211682251;-0,11184608479873306;2,9471046646811213e-06
288;0,1720322061463714;0,08202220300351751;-0,17201035129913428;-0,08200713671375691;2,1854847237129382e-05;1,5066289760598539e-05;0,01112602487641244;0,011126024876412439;0,01112602487641244;0,9889823428500218;-0,09826199700784663;0,988846327151463;-0,0995230001186309;1,1126024876412441e-06
289;0,1700200344442049;0,08201381490781938;-0,17001026074267922;-0,08200707442400859;9,773701525689349e-06;6,740483810788178e-06;0,011050349042617707;0,011050349042617705;0,011050349042617707;0,9862568792225033;-0,23989106833071025;0,9861955850070098;-0,24044493888887014;1,1050349042617707e-06
290;-0,3682976908784411;-0,17816741424992236;0,3684332904063473;0,17826090557969623;0,000135599527906205;9,349132977387598e-05;0,0237090105736734;0,023709010573673403;0,023709010573673403;0,996291826171584;-0,01665796641800883;0,9966882221331174;-0,01314288519218598;2,3709010573673404e-06
291;0,10502089607791754;0,05101452379637371;-0,10499977169918333;-0,050999959731174056;2,1124378734208027e-05;1,4564065199652865e-05;0,006854700453765276;0,006854700453765275;0,006854700453765276;0,9833963984322511;-0,29058563408427673;0,9831827592632059;-0,2924853369721995;6,854700453765277e-07
292;0,10513224793731653;0,051022350829798925;-0,10512089581013777;-0,051014523918584014;1,1352127178759774e-05;7,826911214911525e-06;0,006859981832265849;0,006859981832265849;0,006859981832265849;0,9835111134327719;-0,28956325630613183;0,9833963984322511;-0,29058563408427673;6,85998183226585e-07
293;0,149020784115609;0,07201436924443538;-0,14900747414995674;-0,0720051934347812;1,3309965652269495e-05;9,175809654177192e-06;0,009662502605195161;0,009662502605195161;0,009662502605195161;0,9889438543869025;-0,227660626051047;0,9888483924710407;-0,2285159173760141;9,662502605195162e-07
294;-0,22008226214655482;-0,10605696410218722;0,2201025435937543;0,1060709453551503;2,028144719948277e-05;1,3981252963077284e-05;0,014334775450956815;0,014334775450956813;0,014334775450956815;0,9839623120161437;-0,2855461577814309;0,9840603451410427;-0,28465726831019467;1,4334775450956814e-06
295;-0,194124696113465;-0,09401723861014373;0,19415069332401963;0,09403516118098025;2,5997210554629113e-05;1,792257083652049e-05;0,01257168890300561;0,012571688903005609;0,01257168890300561;0,9905641012200667;-0,06712824583835147;0,9907074309951794;-0,06585375099881066;1,257168890300561e-06
296;-0,19399958777489026;-0,09399992784034239;0,19402469633975655;0,09401723853770493;2,510856486628854e-05;1,731069736253532e-05;0,012566443502585482;0,012566443502585485;0,012566443502585485;0,9904256076469062;-0,06835860224324564;0,9905641012200667;-0,06712824583835147;1,2566443502585487e-06
297;0,1550165833172734;0,0750114325987418;-0,15499999999997505;-0,07499999999991128;1,658331729834095e-05;1,1432598830518614e-05;0,010040745399144459;0,010040745399144459;0,010040745399144459;0,9902297566771862;-0,20443304012705454;0,9901152885370492;-0,20545381893429068;1,0040745399144459e-06
298;0,15402008771618236;0,07401617640167885;-0,15400505830614217;-0,07400348725188745;1,5029410040195978e-05;1,2689149791397791e-05;0,009899537763995814;0,009899537763995814;0,009899537763995814;0,9965984517182274;-0,02985704356248665;0,9964873939120797;-0,031509284229576946;9,899537763995815e-07
299;0,15229722885725613;0,07406703453259572;-0,1522176598238283;-0,07401217435086163;7,956903342784538e-05;5,486018173408991e-05;0,009902659890776556;0,009902659890776556;0,009902659890776556;0,9873699274903135;-0,2577693818540968;0,9868128567180738;-0,26268980479499715;9,902659890776556e-07
300;0,23905269450507152;0,11503632731990313;-0,2390074988032131;-0,11500517125630294;4,519570185843036e-05;3,115606360018508e-05;0,015479830822212179;0,015479830822212175;0,015479830822212179;0,9894557970552409;-0,21135790196508827;0,9892535154838755;-0,2131890123109221;1,5479830822212178e-06
301;0,20218114599489623;0,0980559439646097;-0,202175607002317;-0,09805212675550314;5,538992579240398e-06;3,817209106568575e-06;0,012973329558400396;0,012973329558400396;0,012973329558400396;0,9999999999340553;-3,596637024778141e-18;0,9999704076432263;-0,00025945199636319714;1,2973329558400397e-06
302;0,20207560700212596;0,09805212675470859;-0,20199999999993246;-0,09799999999995997;7,56070021935007e-05;5,212675474862427e-05;0,01296813484853941;0,012968134848539408;0,01296813484853941;0,9999704076432263;-0,00025945199636319714;0,9995662596347197;-0,003804471746668477;1,2968134848539412e-06
303;0,0;0,0;0,0;0,0;0,0;0,0;;;;;;;;
304;1,9655551134086027;0,954766955692029;-1,9632284445722947;-0,952802785485404;0,0023266688363079435;0,001964170206624982;0,12609148545955848;0,1260914854595585;0,1260914854595585;1,00055208475782;0,021210601676944104;0,9992009189718651;0,001514298443363306;1,2609148545955849e-05
305;0,0;0,0;0,0;0,0;0,0;0,0;;;;;;;;
306;-0,38943324696447607;-0,18826089816795843;0,38963632148502014;0,18840091449013655;0,0002030745205440776;0,00014001632217811033;0,025056328093283696;0,0250563280932837;0,0250563280932837;0,9966882221331174;-0,01314288519218598;0,9972499262166463;-0,008155364433746728;2,5056328093283702e-06
307;-0,39312504089749395;-0,19008665009372724;0,39316827981629476;0,19011646187905645;4,323891880081421e-05;2,981178532920903e-05;0,025636425413120292;0,02563642541312029;0,025636425413120292;0,9834102693720758;-0,29047686127059347;0,9835271621781584;-0,2894251171944559;2,563642541312029e-06
308;1,2526711378960451;0,6154656719895013;-1,251944308561586;-0,6149645475236087;0,0007268293344591115;0,0005011244658925662;0,08141640191769943;0,08141640191769944;0,08141640191769944;0,9897375454797893;-0,2355327459298957;0,9891182454951281;-0,2408423170710018;8,141640191769944e-06
309;0,06000267505166009;0,02800214940571027;-0,06000057865043209;-0,028000704159409147;2,0964012280022537e-06;1,445246301124553e-06;0,003834761507486837;0,0038347615074868376;0,0038347615074868376;0,9969150386762884;-0,17497682118601254;0,9968772352992912;-0,17534293318947552;3,8347615074868374e-07
310;0,14201869466658362;0,06901303878645562;-0,14200558502366975;-0,06900399928538505;1,3109642913872177e-05;9,039501070576272e-06;0,009112092479863543;0,009112092479863543;0,009112092479863543;1,0004623822662617;0,019916362414800003;1,0003626392305776;0,019045210143908864;9,112092479863544e-07
311;-0,3880260915513617;-0,18801899742021225;0,38823217044510516;0,18816108191056347;0,00020607889374346655;0,00014208449035121862;0,02502947912325947;0,025029479123259465;0,02502947912325947;0,9945926216941606;-0,19536315830572812;0,9951633245114677;-0,19031626313426236;2,502947912325947e-06
312;0,13901026074283102;0,06700707442470301;-0,13900005778467256;-0,06700003984376006;1,0202958158456177e-05;7,034580942949509e-06;0,00903422027056613;0,00903422027056613;0,00903422027056613;0,9861955850070098;-0,24044493888887014;0,9861173280820384;-0,2411528580689825;9,034220270566129e-07
313;0,2731685798609307;0,13204727983128428;-0,2731527753867159;-0,13203638311170374;1,58044742147867e-05;1,0896719580544278e-05;0,017702945895318425;0,017702945895318425;0,017702945895318425;0,9895176694948778;-0,2108041239854156;0,9894557970552409;-0,21135790196508827;1,7702945895318422e-06
314;0,1321157508324994;0,06401100365959701;-0,13209972018762314;-0,06399995106723365;1,603064487626371e-05;1,10525923633642e-05;0,008549804432997504;0,008549804432997502;0,008549804432997504;0,9913494764303143;-0,060150285604385734;0,9912195142288921;-0,06130444566133511;8,549804432997503e-07
315;0,12200748846292625;0,05900519583797155;-0,12199993539677892;-0,058999988899558105;7,553066147331089e-06;5,206938413444828e-06;0,007912869077335578;0,00791286907733558;0,00791286907733558;0,9888483924710407;-0,2285159173760141;0,9887822393582006;-0,22910744699787708;7,912869077335579e-07
316;0,13111757860141166;0,06401211835065997;-0,13110239532577103;-0,06400165074464598;1,5183275640623384e-05;1,0467606013989106e-05;0,008536620711006263;0,008536620711006263;0,008536620711006263;0,9868128567180738;-0,26268980479499715;0,9866895202745141;-0,2637679973411172;8,536620711006262e-07
317;0,13100239532633393;0,06400165074591989;-0,1309999999998982;-0,06400000000135708;2,395326435727929e-06;1,6507445628061168e-06;0,008531362833640366;0,008531362833640366;0,008531362833640366;0,9866895202745141;-0,2637679973411172;0,9866700516545472;-0,2639376593808628;8,531362833640365e-07
318;0,15203324917313107;0,07302292434546222;-0,1520104224081627;-0,07300718555536313;2,2826764968369995e-05;1,5738790099084632e-05;0,009840236672825365;0,009840236672825369;0,009840236672825369;0,9895731770026195;-0,0928644986008533;0,9894124701116239;-0,09432690162837656;9,840236672825367e-07
319;0,1291225360947143;0,06301553773620529;-0,12910764780514958;-0,06300527346175525;1,4888289564723989e-05;1,0264274450041966e-05;0,008323078437496306;0,008323078437496304;0,008323078437496306;0,9966621592525534;-0,02947699516812053;0,9965381186405092;-0,0305516698942677;8,323078437496305e-07
320;0,1284370100483609;0,06202551641180755;-0,1284257020576629;-0,062017720270367824;1,130799069798405e-05;7,796141439725401e-06;0,008264220513123737;0,008264220513123739;0,008264220513123739;0,9964314645417841;-0,03154317903036721;0,9963366411743151;-0,03238799614256545;8,26422051312374e-07
321;-0,04010058545184308;-0,019000403687058347;0,040102039040139356;0,019001405953964302;1,4535882962782298e-06;1,0022669059556177e-06;0,002587502601448276;0,0025875026014482755;0,002587502601448276;0,9901235909369387;-0,08794674096704273;0,990162477006786;-0,08758091600086079;2,587502601448276e-07
322;0,12602308970566115;0,06101591957824732;-0,12599999999993267;-0,06100000000001592;2,308970572847957e-05;1,5919578231396447e-05;0,008112036420349142;0,008112036420349144;0,008112036420349144;0,9965297382288746;-0,03046729666736711;0,996332454219595;-0,03221355502316844;8,112036420349144e-07
323;0,12601204161120755;0,06101032115799408;-0,12599980539127972;-0,06099999057887468;1,2236219927824754e-05;1,0330579119401107e-05;0,008096512791443074;0,008096512791443076;0,008096512791443076;0,9983521021988203;-0,010190491069758173;0,9982414668690354;-0,011813676233409396;8,096512791443077e-07
324;0,12601127699024298;0,06100777612215716;-0,12600000000006611;-0,0610000000001754;1,1276990176861679e-05;7,776121981759032e-06;0,008198839642795011;0,008198839642795013;0,008198839642795013;0,9858793626698503;-0,24327780102374225;0,9857840264650998;-0,24413113227379882;8,198839642795012e-07
325;0,05900327409848206;0,02900225730598998;-0,0589999999996404;-0,028999999999888816;3,274098841654638e-06;2,257306101163814e-06;0,0038164308643341585;0,003816430864334158;0,0038164308643341585;0,9946043227464968;-0,05902896671816985;0,994544807943117;-0,05953577196008774;3,8164308643341585e-07
326;0,3202353405494467;0,15416309898257488;-0,32011476266035266;-0,15407996456930076;0,00012057788909403122;8,313441327412185e-05;0,020565669220303267;0,020565669220303267;0,020565669220303267;0,9977628161947237;-0,16744171287849657;0,9973565820821091;-0,17108728088268943;2,0565669220303267e-06
327;0,038000665349409296;0,018000739193239305;-0,03799978181274418;-0,017999993364463597;8,835366651152587e-07;7,458287757076965e-07;0,0024352766425829752;0,0024352766425829752;0,0024352766425829752;0,9968772352992912;-0,17534293318947552;0,996850735531057;-0,17574599552805767;2,435276642582975e-07
328;-1,5240668364453334;-0,747123464825732;1,5271730401840071;0,7492649871768856;0,003106203738673763;0,002141522351153613;0,09883287046897712;0,09883287046897712;0,09883287046897712;0,9915339118266685;-0,22009977393680608;0,9937139292835974;-0,2013847712899791;9,883287046897712e-06
329;0,12201037197614095;0,05900715047771206;-0,12200000000000752;-0,058999999999910784;1,0371976133433103e-05;7,150477801275146e-06;0,007940740507010328;0,00794074050701033;0,00794074050701033;0,9854026669164708;-0,3035579032402062;0,985312142610786;-0,3043702702788297;7,940740507010329e-07
330;0,11500746745842991;0,05600514911906501;-0,11500000000003822;-0,05600000000002839;7,467458391682835e-06;5,149119036623739e-06;0,007411068505329274;0,007411068505329274;0,007411068505329274;0,9965381186405092;-0,0305516698942677;0,9964682538396363;-0,03116086898628256;7,411068505329274e-07
331;0,1220157290606509;0,059010877461344445;-0,12199993538081366;-0,05899998889606114;1,5793679837242114e-05;1,0888565283306839e-05;0,007913352538409342;0,00791335253840934;0,007913352538409342;0,9888601522269811;-0,2284081928717055;0,9887218302410096;-0,22964527698641177;7,913352538409342e-07
332;0,08600699227047008;0,042005036219182536;-0,08599957580922368;-0,04199992281772125;7,416461246398387e-06;5,113401461288858e-06;0,005544759420414566;0,005544759420414566;0,005544759420414566;0,9966506161153187;-0,17698121776248044;0,9965578597213317;-0,1777834132949475;5,544759420414566e-07
333;0,1093254091141864;0,05301751829524802;-0,10931584217323638;-0,05301092271260952;9,566940950014868e-06;6,5955826384980765e-06;0,007040753563110017;0,007040753563110017;0,007040753563110017;0,9963366411743151;-0,03238799614256545;0,9962424539317605;-0,03321803759838311;7,040753563110017e-07
334;0,19402213294699922;0,09401956417068841;-0,19399889341615686;-0,09399994674956656;2,323953084235053e-05;1,961742112184528e-05;0,012489633462792638;0,012489633462792638;0,012489633462792638;0,9966499991925013;-0,17733074985321012;0,9965137790666734;-0,17932934217317334;1,2489633462792636e-06
335;-0,021100000022520753;-0,01000000001568131;0,02110058545184549;0,010000403687165156;5,854293247363473e-07;4,036714838454719e-07;0,0013615855264343152;0,0013615855264343154;0,0013615855264343154;0,9900938282307292;-0,08822660396300995;0,9901235909369387;-0,08794674096704273;1,3615855264343154e-07
336;-0,18603220614671004;-0,0890222030036887;0,18612280463056627;0,08908466612273022;9,059848385623015e-05;6,246311904152535e-05;0,012039640180504862;0,012039640180504862;0,012039640180504862;0,9889823428500218;-0,09826199700784663;0,9895035396224637;-0,09347577506415444;1,203964018050486e-06
337;0,1031043993691924;0,05000390761043003;-0,10309975626281336;-0,04999998779537279;4,643106379043083e-06;3,919815057241982e-06;0,006645071809524189;0,00664507180952419;0,00664507180952419;0,9956050080687365;-0,02675768318595529;0,9955538490620932;-0,02750812986620036;6,645071809524189e-07
338;0,1010046223549411;0,04900318738614727;-0,10099999999992658;-0,04900000000008198;4,622355014527457e-06;3,1873860652925634e-06;0,00655855599591516;0,006558555995915161;0,006558555995915161;0,988262577672668;-0,22192320825432296;0,9882137206015782;-0,2223570679691137;6,558555995915161e-07
339;0,10100070938000892;0,04900048931584665;-0,10100000000150525;-0,04900000000001745;7,093785036743627e-07;4,893158291954802e-07;0,006568831252212749;0,006568831252212748;0,006568831252212749;0,9866753998319088;-0,11748370380095183;0,986667913016374;-0,11755036204736757;6,568831252212749e-07
340;0,0;0,0;0,0;0,0;0,0;0,0;;;;;;;;
341;0,09921576713394609;0,04801087097343355;-0,09920749002074773;-0,048005164392284375;8,277113198354447e-06;5,706581149178547e-06;0,006387651839182442;0,006387651839182441;0,006387651839182442;0,9962424539317605;-0,03321803759838311;0,9961526441935493;-0,034014157196471995;6,387651839182442e-07
342;-1,0683336360659623;-0,5158199403386113;1,069094244272565;0,51634432946822;0,0007606082066027309;0,0005243891296086156;0,06916429290172073;0,06916429290172073;0,06916429290172073;0,9903011420429885;-0,07743880717399523;0,9910632379078614;-0,07060940848808091;6,916429290172073e-06
343;0,27713972895835115;0,13509704325819272;-0,2770489116945589;-0,135034427798615;9,08172637922311e-05;6,261545957772507e-05;0,017848150300744787;0,017848150300744787;0,017848150300744787;0,9973318145340735;-0,1710549620027918;0,9969789930970354;-0,17412046891705332;1,7848150300744785e-06
344;-1,0741942756924643;-0,5183443502874139;1,0772117588611072;0,5204247538697498;0,0030174831686429204;0,0020804035823359657;0,06948250556531431;0,06948250556531432;0,06948250556531432;0,9910632379078614;-0,07060940848808091;0,9940727683655833;-0,043679506017502756;6,948250556531432e-06
345;0,09601171336557168;0,04700831774667751;-0,0959995203294468;-0,04699991145346989;1,2193036124888423e-05;8,406293207620374e-06;0,006192162860902873;0,006192162860902873;0,006192162860902873;0,9967418838969992;-0,17620205387803112;0,9966053130467063;-0,17737504266983953;6,192162860902873e-07
346;0,04900311223431433;0,02400219783546409;-0,048999896372924547;-0,02399998071140403;3,215861389786745e-06;2,2171240600596387e-06;0,0031800584375141234;0,003180058437514124;0,003180058437514124;0,9906577248459694;-0,06628685943090479;0,9905875855348615;-0,06689226868728457;3,180058437514124e-07
347;-9,999999994183122e-05;-4,826624740184671e-14;0,00010000002257401692;1,56518862273384e-11;2,2632185703438598e-11;1,5603619979936552e-11;5,831269553033068e-06;5,8312695530330685e-06;5,8312695530330685e-06;0,9900936041508938;-0,0882355441766853;0,9900938282307292;-0,08822660396300995;5,831269553033069e-10
348;0,0;0,0;0,0;0,0;0,0;0,0;;;;;;;;
349;0,0;0,0;0,0;0,0;0,0;0,0;;;;;;;;
350;-0,48413320630511664;-0,23409183801488304;0,4842200138760949;0,23415168892565336;8,680757097828673e-05;5,9850910770320453e-05;0,03145788283349814;0,03145788283349814;0,03145788283349814;0,9869541440311669;-0,11511394773276551;0,9871453929370817;-0,11339949774027792;3,145788283349814e-06
351;0,0860103512994349;0,04100713671382049;-0,08600000000018646;-0,04099999999996837;1,0351299248451129e-05;7,136713852121113e-06;0,005563374871484148;0,005563374871484148;0,005563374871484148;0,988846327151463;-0,0995230001186309;0,9887174879084678;-0,10071808422815974;5,563374871484148e-07
352;0,07510608829358649;0,03600419786109775;-0,07510095921098447;-0,036000661295921006;5,129082602015056e-06;3,536565176744111e-06;0,004860488646012663;0,004860488646012664;0,004860488646012664;0,9893555288483761;-0,09480096820824438;0,9892824304504004;-0,09546959027031836;4,860488646012664e-07
353;-0,4482318682159158;-0,2171610288142699;0,4483417322167039;0,217236776360641;0,00010986400078810687;7,574754637110215e-05;0,02889566968098534;0,028895669680985343;0,028895669680985343;0,9951633245114677;-0,19031626313426236;0,9954268639785403;-0,1879854487835083;2,8895669680985344e-06
354;-0,4484417324990721;-0,2172367755781061;0,44846922095196945;0,217255719306812;2,748845289735069e-05;1,894372870589467e-05;0,02890088937710115;0,028900889377101155;0,028900889377101155;0,9954268639785403;-0,1879854487835083;0,9954927826430275;-0,18740312894644157;2,8900889377101157e-06
355;0,08100851631812139;0,039005960353387;-0,08099982928555825;-0,03899997121810666;8,687032563139963e-06;5,989135280340396e-06;0,005226634908114183;0,005226634908114183;0,005226634908114183;0,9931759343480898;-0,0544685339885314;0,9930607740652476;-0,05550575979728673;5,226634908114183e-07
356;0,08100570884807518;0,03900402287366951;-0,0809998341701431;-0,038999972067973177;5,8746779320745235e-06;4,050805696334536e-06;0,005188891742584695;0,005188891742584696;0,005188891742584696;1,0003626392305776;0,019045210143908864;1,000284191784248;0,018343404856273622;5,188891742584696e-07
357;0,08100505830640121;0,039003487252177706;-0,08100000000008623;-0,03900000000012533;5,058306314989491e-06;3,4872520523754336e-06;0,005209023429443828;0,005209023429443827;0,005209023429443828;0,9964873939120797;-0,031509284229576946;0,9964201119951956;-0,03211320611707598;5,209023429443827e-07
358;0,0790007449580502;0,03800067585611889;-0,07899994168062535;-0,03799999755042647;8,032774248545316e-07;6,783056924197783e-07;0,005118547120046144;0,005118547120046145;0,005118547120046145;0,9888248682507829;-0,2381696872810373;0,9888133866118968;-0,23834162181607652;5,118547120046145e-07
359;-0,1381002993271305;-0,06700020641644541;0,13811772384404983;0,06701222083394269;1,742451691932878e-05;1,2014417497277496e-05;0,008958606471325835;0,008958606471325835;0,008958606471325835;0,989220698973835;-0,09599665616111262;0,9893555288483761;-0,09480096820824438;8,958606471325835e-07
360;0,05500221102673255;0,027001662147050857;-0,05499972574069713;-0,02699994862562561;2,4852860354210304e-06;1,7135214252471387e-06;0,0035485229570467124;0,003548522957046713;0,003548522957046713;0,9969150386762884;-0,17497682118601254;0,9968664549146489;-0,17539104080496043;3,548522957046713e-07
361;0,12203148251500359;0,05902202324504216;-0,12199938780524014;-0,05899989469968941;3,2094709763452745e-05;2,212854535275227e-05;0,00784998325655397;0,00784998325655397;0,00784998325655397;0,9969827590166;-0,17444030839330465;0,9966993967825049;-0,1769544668050935;7,84998325655397e-07
362;0,0;0,0;0,0;0,0;0,0;0,0;;;;;;;;
363;-9,999930688704642e-05;-3,937168400411673e-10;9,999931867065974e-05;4,01841246491582e-10;1,1783613323925086e-11;8,124406450414724e-12;5,795086653108254e-06;5,795086653108253e-06;5,795086653108254e-06;0,9962685669159611;-0,180602877813976;0,9962686843135324;-0,180598222866836;5,795086653108254e-10
364;-0,31599931162421374;-0,1529998806933375;0,31612520869459254;0,15308667810613089;0,00012589707037879982;8,679741279338238e-05;0,020621042164261635;0,02062104216426163;0,020621042164261635;0,9829871072006738;-0,29427079962064207;0,9834102693720758;-0,29047686127059347;2,0621042164261636e-06
365;0,07100692406879335;0,0340047739133855;-0,07099999999998137;-0,03400000000000488;6,924068811975381e-06;4,77391338062072e-06;0,004587919004993871;0,004587919004993871;0,004587919004993871;0,9907411551470865;-0,08238545762639765;0,9906366207146107;-0,08334256237540288;4,5879190049938707e-07
366;0,26629871190410176;0,12913767956531438;-0,2662279308309369;-0,12908887838764666;7,07810731648828e-05;4,8801177667728846e-05;0,017129430058964737;0,01712943005896474;0,01712943005896474;0,9975336415681718;-0,1692180136024045;0,9972472113689292;-0,17174051050782005;1,7129430058964742e-06
367;0,2661279311131887;0,12908887858663898;-0,2660362910114735;-0,12902569732422964;9,164010171519577e-05;6,318126240933974e-05;0,01712422091198314;0,017124220911983137;0,01712422091198314;0,9972472113689292;-0,17174051050782005;0,9968762547199626;-0,175006120247904;1,7124220911983142e-06
368;0,06810711161220988;0,03300490349451459;-0,06810206956709484;-0,03300142687886172;5,042045115033478e-06;3,4766156528712178e-06;0,004386430792831142;0,004386430792831143;0,004386430792831143;0,9961526441935493;-0,034014157196471995;0,9960729673077451;-0,03471811974231487;4,3864307928311427e-07
369;0,06800412715021494;0,03300284544061124;-0,06800000000027698;-0,03300000000001512;4,127149937957486e-06;2,8454405961164664e-06;0,00437117554426077;0,004371175544260771;0,004371175544260771;0,9983934159377355;-0,014172970921659167;0,998327965251798;-0,014747535933287452;4,3711755442607706e-07
370;0,0;0,0;0,0;0,0;0,0;0,0;;;;;;;;
371;-0,12199973450859411;-0,058999954358937796;0,12201986490827235;0,059013832940149946;2,013039967824204e-05;1,3878581212149743e-05;0,007956327270939942;0,007956327270939938;0,007956327270939942;0,9833799980823145;-0,2907480259571687;0,9835553496776442;-0,2891712536817213;7,956327270939941e-07
372;-0,31510233760056205;-0,15207090955669936;0,31517164978379836;0,15211869362612002;6,931218323630306e-05;4,7784069420658826e-05;0,020527451706206117;0,02052745170620612;0,02052745170620612;0,9840603451410427;-0,28465726831019467;0,9842943288348226;-0,2825438420343978;2,052745170620612e-06
373;0,08501042240813429;0,04100718555560217;-0,08500420253428534;-0,041002897619160865;6,2198738489532834e-06;4,287936441305096e-06;0,005507581106204496;0,005507581106204497;0,005507581106204497;0,9894124701116239;-0,09432690162837656;0,9893342144417352;-0,09503096813710377;5,507581106204497e-07
374;0,19906699088536972;0,09604670930535017;-0,19900222483815716;-0,0960020552864786;6,476604721256107e-05;4,465401887157605e-05;0,012809085591501497;0,012809085591501497;0,012809085591501497;0,9962429283631257;-0,180968938001527;0,9958925475171754;-0,1840998212730451;1,2809085591501496e-06
375;0,06200470251527997;0,03000399678067654;-0,06199996636709671;-0,02999999840524925;4,736148183262512e-06;3,9983754272880645e-06;0,003987085259690613;0,003987085259690613;0,003987085259690613;0,99745625032004;-0,024251878245107078;0,9973692971594239;-0,025529747740738;3,9870852596906133e-07
376;-0,07699961130427177;-0,03699993573558669;0,07700283892914968;0,03700216107476379;3,227624877907842e-06;2,2253391770976627e-06;0,004952752046489285;0,004952752046489285;0,004952752046489285;0,9958473991990446;-0,18450748996272825;0,9958925475171754;-0,1840998212730451;4,952752046489286e-07
377;0,06000073226767998;0,029000504796614295;-0,05999999999983071;-0,028999999999203312;7,322678492738266e-07;5,047974109828601e-07;0,003852045468501152;0,003852045468501151;0,003852045468501152;0,9988357603853903;-0,02929994378552533;0,998822586271936;-0,029416728061367102;3,8520454685011515e-07
378;0,0;0,0;0,0;0,0;0,0;0,0;;;;;;;;
379;0,06800264615899577;0,033001824635718525;-0,06799999999966293;-0,03300000000025621;2,6461593328475086e-06;1,8246354623122074e-06;0,004411663888441899;0,004411663888441898;0,004411663888441899;0,989207323333703;-0,09608138133171627;0,9891657427183734;-0,09644995183911635;4,4116638884418983e-07
380;0,05600220085118983;0,027001517479890578;-0,05599999999988176;-0,026999999999712417;2,2008513080665204e-06;1,5174801781606129e-06;0,003598609868624961;0,0035986098686249606;0,003598609868624961;0,9974653256501398;-0,02238578079488352;0,9974229462143078;-0,022764612170583932;3,598609868624961e-07
381;0,05600055077423082;0,027000379938253705;-0,05600000000001672;-0,027000000000673013;5,50774214104488e-07;3,799375806919081e-07;0,003589374227882915;0,003589374227882915;0,003589374227882915;0,9999999999340553;-3,596637024778141e-18;0,9999893657195947;-9,495730519520385e-05;3,589374227882915e-07
382;0,05310368958744543;0,026002543911827016;-0,05310133424305479;-0,026000919924933665;2,35534439063656e-06;1,6239868933509705e-06;0,0034259891502542695;0,0034259891502542695;0,0034259891502542695;0,9964314645417841;-0,03154317903036721;0,9963837809754449;-0,031952820697409644;3,425989150254269e-07
383;0,14403689394654787;0,07002580143306833;-0,14400670511635782;-0,07000498724645302;3,018883019004215e-05;2,0814186615314423e-05;0,009275638939818314;0,009275638939818316;0,009275638939818316;0,9968762547199626;-0,175006120247904;0,9966506161153187;-0,17698121776248044;9,275638939818316e-07
384;0,052000208062990175;0,025000164975668527;-0,051999958905019496;-0,024999993189598446;2,491579706789815e-07;1,7178607008075386e-07;0,0033706842882803238;0,0033706842882803238;0,0033706842882803238;0,988280310622987;-0,2435153662978868;0,9882751893804129;-0,2435619035986338;3,3706842882803236e-07
385;-0,07110442919782303;-0,034003242993128895;0,07110717092505828;0,03400513332216661;2,7417272352447952e-06;1,8903290377181303e-06;0,004564751942025178;0,00456475194202518;0,00456475194202518;0,9968734396091282;-0,17535665043164403;0,9969150386762884;-0,17497682118601254;4,56475194202518e-07
386;0,0;0,0;0,0;0,0;0,0;0,0;;;;;;;;
387;-0,07099964252402347;-0,03399994210671769;0,07100442988248681;0,03400324261492353;4,7873584633484345e-06;3,300508205843211e-06;0,004559527750730425;0,004559527750730424;0,004559527750730425;0,996800714780442;-0,17601827848840385;0,9968734396091282;-0,17535665043164403;4,5595277507304247e-07
388;-0,00010000000009946905;7,308766577436972e-15;0,00010000001302257484;8,902746550471441e-12;1,2923105795659313e-11;8,910055317048878e-12;5,836415927956336e-06;5,836415927956335e-06;5,836415927956336e-06;0,9892205711358102;-0,09600176124609729;0,989220698973835;-0,09599665616111262;5,836415927956336e-10
389;0,0;0,0;0,0;0,0;0,0;0,0;;;;;;;;
390;0,050001822515229964;0,02400125640505759;-0,050000000000256624;-0,02400000000008786;1,8225149733402946e-06;1,2564049697294521e-06;0,0032129331655334123;0,0032129331655334128;0,0032129331655334128;0,9966621592525534;-0,02947699516812053;0,99662286473053;-0,02983237683912015;3,2129331655334127e-07
391;-0,6662202477563485;-0,3221525974774476;0,6670479292542283;0,32272325612988456;0,0008276814978798175;0,0005706586524369395;0,04344074951443652;0,04344074951443652;0,04344074951443652;0,9835271621781584;-0,2894251171944559;0,9848476794293862;-0,2775614805097697;4,344074951443652e-06
392;0,2431151484481867;0,11708002923538684;-0,2430308742215955;-0,11702192371895483;8,427422659121331e-05;5,8105516432011006e-05;0,015620412847375285;0,015620412847375288;0,015620412847375288;0,9973565820821091;-0,17108728088268943;0,9969827590166;-0,17444030839330465;1,5620412847375286e-06
393;-1,4452816046192403;-0,7088894992174386;1,447068693085839;0,710121591265839;0,0017870884665986964;0,0012320920484003572;0,09385876067544183;0,09385876067544185;0,09385876067544185;0,9902131831381585;-0,23144649020126223;0,9915339118266685;-0,22009977393680608;9,385876067544186e-06
394;0,045000701066596;0,022000502513562323;-0,044999962141721354;-0,021999993049626864;7,389248746422772e-07;5,09463935458726e-07;0,0029023570044821516;0,002902357004482151;0,0029023570044821516;0,9964287410250476;-0,03388684871648633;0,9964110844661122;-0,034039151982830786;2,9023570044821516e-07
395;0,045000045757204725;0,022000078002002408;-0,04499990822618654;-0,021999983135716137;1,375310181850331e-07;9,486628627097815e-08;0,002892340524532601;0,002892340524532601;0,002892340524532601;0,9998640052962243;0,015124280422690338;0,9998607072423732;0,015095888423906792;2,892340524532601e-07
396;0,05200420253412268;0,025002897619094938;-0,05199999999997624;-0,025000000000035574;4,202534146444115e-06;2,8976190593645035e-06;0,00336737280010354;0,0033673728001035394;0,00336737280010354;0,9893342144417352;-0,09503096813710377;0,9892477488501265;-0,09581594701030158;3,36737280010354e-07
397;0,04300029931250166;0,021000206406480974;-0,04299999999910032;-0,020999999999584976;2,993134013418164e-07;2,0640689599865647e-07;0,0027929758563921218;0,0027929758563921213;0,0027929758563921218;0,989220698973835;-0,09599665616111262;0,9892132669054715;-0,09606145532689582;2,792975856392122e-07
398;0,04100080201436366;0,02000055299575997;-0,041000000000724714;-0,02000000000043283;8,020136389452759e-07;5,529953271375676e-07;0,0026646965480546184;0,002664696548054618;0,0026646965480546184;0,9884093019566376;-0,22061724697567356;0,9883884311083835;-0,22079985546918993;2,6646965480546183e-07
399;-0,04099999999970093;-0,01999999999975516;0,041000995385021236;0,02000068621236234;9,95385320307074e-07;6,862126071781327e-07;0,002642389119768168;0,002642389119768168;0,002642389119768168;0,9967325481087452;-0,028856173206576113;0,9967586686641667;-0,028629666418284853;2,642389119768168e-07
400;0,0;0,0;0,0;0,0;0,0;0,0;;;;;;;;
401;0,040001372776452035;0,01900094641517265;-0,03999999999999615;-0,018999999999957273;1,372776455885183e-06;9,464152153776384e-07;0,0025668657705972377;0,0025668657705972377;0,0025668657705972377;0,9960729673077451;-0,03471811974231487;0,9960359433246971;-0,03506211116513968;2,566865770597238e-07
402;0,00010000000856027577;5,91217764931051e-12;-0,00010000000004520884;-4,063382775682555e-14;8,515066933891327e-12;5,8715438215536845e-12;5,836234249471293e-06;5,836234249471292e-06;5,836234249471293e-06;0,9892514486797792;-0,09574687950589786;0,9892513644443618;-0,09575024365240989;5,836234249471293e-10
403;0,0;0,0;0,0;0,0;0,0;0,0;;;;;;;;
404;0,0;0,0;0,0;0,0;0,0;0,0;;;;;;;;
405;0,03710068117400167;0,018000469567435444;-0,03710024235924655;-0,0180001670784835;4,3881475512291823e-07;3,024889519455398e-07;0,002390808773210705;0,0023908087732107046;0,002390808773210705;0,995817995431635;-0,09085117361512288;0,9958052728806185;-0,09096316272478969;2,390808773210705e-07
406;0,03400100552896544;0,017000693302340174;-0,03400000000017119;-0,016999999999843505;1,0055287942498103e-06;6,933024966696011e-07;0,002202725928563624;0,002202725928563624;0,002202725928563624;0,9963837809754449;-0,031952820697409644;0,9963520810266239;-0,03220968379424463;2,2027259285636239e-07
407;0,0340000808842347;0,017000055790912297;-0,03400000000112613;-0,01699999999927901;8,088310857190528e-08;5,5791633288976294e-08;0,0022180841092061085;0,0022180841092061085;0,0022180841092061085;0,9894557970552409;-0,21135790196508827;0,9894532645454663;-0,21137859590605235;2,2180841092061086e-07
408;0,03310095921075685;0,016000661296316117;-0,03310000000835684;-0,016000000006022193;9,59202400008241e-07;6,612902939233389e-07;0,0021456475050188276;0,0021456475050188276;0,0021456475050188276;0,9892824304504004;-0,09546959027031836;0,9892514486797792;-0,09574687950589786;2,1456475050188278e-07
409;0,031000196746691206;0,015000135629553105;-0,03099999999987877;-0,014999999999835596;1,9674681243572745e-07;1,356297175091059e-07;0,001996688303939328;0,0019966883039393276;0,001996688303939328;0,9958052728806185;-0,09096316272478969;0,9957984436868226;-0,09102371027945799;1,9966883039393282e-07
410;-0,15701978898444624;-0,07601381944594043;0,15706808244440912;0,07604711616799419;4,829345996287815e-05;3,3296722053752226e-05;0,01024035936170307;0,010240359361703075;0,010240359361703075;0,9835553496776442;-0,2891712536817213;0,9838822203217197;-0,28624040040660476;1,0240359361703074e-06
411;0,029103700703322237;0,014002551468156677;-0,029101465529872424;-0,014001010408994891;2,235173449813277e-06;1,5410591617855823e-06;0,0018666840863140399;0,0018666840863140394;0,0018666840863140399;0,9989203551248242;-0,00951102974249162;0,9988373935457893;-0,010255504659337021;1,86668408631404e-07
412;0,02900000533858235;0,014000048625054815;-0,028999944706607432;-0,013999997440870498;6,063197491648631e-08;5,1184184316280246e-08;0,00186030351359599;0,001860303513595991;0,001860303513595991;0,999413690724832;0,004967483271630036;0,9994113055238452;0,00493237142818202;1,860303513595991e-07
413;1,8372292490436377;0,8918023549353054;-1,835427538044211;-0,8905599972927611;0,001801710999426609;0,0012423576425442118;0,118002771755351;0,118002771755351;0,118002771755351;0,9992009189718651;0,001514298443363306;0,9981424673053424;-0,007778404025767828;1,18002771755351e-05
414;1,83532753537011;0,8905600011200224;-1,8350986342468587;-0,8904021094693132;0,00022890112325124612;0,00015789165070922984;0,11799756772277578;0,11799756772277571;0,11799756772277578;0,9981424673053424;-0,007778404025767828;0,9980079785835989;-0,008961683213952984;1,1799756772277578e-05
415;0,028000696791057555;0,014000480463658508;-0,02800000000014664;-0,013999999999951296;6,967909109145687e-07;4,804637072121365e-07;0,0018145664777773046;0,0018145664777773044;0,0018145664777773046;0,9960729673077451;-0,03471811974231487;0,9960463010704081;-0,03493431262390311;1,8145664777773046e-07
416;0,02600018074132323;0,013000150600958849;-0,02599994607549657;-0,012999988791979503;2,3466582665943037e-07;1,6180897934557625e-07;0,0016893116604507843;0,0016893116604507843;0,0016893116604507843;0,9934851244994168;-0,0499270943750391;0,99347547797644;-0,05000550243755439;1,6893116604507842e-07
417;-1,3746701838295372;-0,6744663041433833;1,3752826797483308;0,6748885170393394;0,000612495918793643;0,00042221289595612;0,08932146331478605;0,08932146331478608;0,08932146331478608;0,9897375454797893;-0,2355327459298957;0,9902131831381585;-0,23144649020126223;8,932146331478608e-06
418;0,024001450976164386;0,01200100037452677;-0,02400000000001454;-0,011999999999983824;1,4509761498450457e-06;1,0003745429462696e-06;0,0015510974120565158;0,001551097412056516;0,001551097412056516;0,9988373935457893;-0,010255504659337021;0,998772434562513;-0,010780464998646136;1,5510974120565158e-07
419;0,024000820254341127;0,012000565525914901;-0,02399999999994682;-0,01199999999994603;8,202543943063023e-07;5,655259688718689e-07;0,0015509247460259532;0,0015509247460259532;0,0015509247460259532;0,9989203551248242;-0,00951102974249162;0,998883628911356;-0,009807808622781551;1,550924746025953e-07
420;0,024000356857866084;0,01200024599178793;-0,024000000000137783;-0,012000000000325892;3,5685772830154616e-07;2,4599146203688194e-07;0,0015701396004120904;0,0015701396004120906;0,0015701396004120906;0,9866753998319088;-0,11748370380095183;0,986659618095043;-0,11761273679410633;1,5701396004120907e-07
421;0,0;0,0;0,0;0,0;0,0;0,0;;;;;;;;
422;0,02300008352724266;0,011000082749490518;-0,02299995235402524;-0,010999992298704775;1,3117321742001087e-07;9,045078574326793e-08;0,00147490459772815;0,0014749045977281502;0,0014749045977281502;0,9980079785835989;-0,008961683213952984;0,99800181868517;-0,00901787342839627;1,47490459772815e-07
423;0,023000011430964848;0,011000033804947408;-0,022999950837210868;-0,010999992039011955;6,059375397965416e-08;4,17659354531863e-08;0,0014865523384079355;0,0014865523384079357;0,0014865523384079357;0,9901848349506943;-0,07850497921375353;0,9901820120402887;-0,07853090193242916;1,4865523384079357e-07
424;0,022000616069195178;0,010000424749006443;-0,021999999999974044;-0,01000000000012037;6,160692211341912e-07;4,2474888607355044e-07;0,0014040507199431947;0,001404050719943195;0,001404050719943195;0,99374793058604;-0,05551299742841032;0,9937176408805588;-0,055825346375028236;1,404050719943195e-07
425;0,021300536465525592;0,010000369893734274;-0,021300127809421893;-0,01000008813904718;4,0865610369950067e-07;2,817546870936133e-07;0,0013650849516459028;0,0013650849516459026;0,0013650849516459028;0,9952332965146523;-0,09650010652817764;0,9952125869255213;-0,09669824454353351;1,3650849516459027e-07
426;0,021000413125941697;0,010000308000296618;-0,02099995642453516;-0,00999999313871076;4,567014065363917e-07;3,1486158585773694e-07;0,0013456590096760288;0,0013456590096760288;0,0013456590096760288;0,9979583552673091;-0,0018312364107681287;0,9979348560715832;-0,0020478195336794793;1,3456590096760287e-07
427;0,021000127761966626;0,010000088105853181;-0,021000000000029228;-0,00999999999982282;1,277619373976635e-07;8,810603036035758e-08;0,0013493512203642591;0,0013493512203642585;0,0013493512203642591;0,9952125869255213;-0,09669824454353351;0,9952060305941145;-0,09675888735941565;1,3493512203642591e-07
428;0,021000069768738968;0,010000058910171866;-0,02100000000034472;-0,010000000000671663;6,976839424938097e-08;5,8909500203277454e-08;0,001345293898897126;0,0013452938988971262;0,0013452938988971262;0,9982112994748631;-0,016202424874366676;0,9982075091802993;-0,01625955263358253;1,3452938988971264e-07
429;0,02100002559942641;0,01000004213131783;-0,020999954123328186;-0,00999999284131108;7,147609822413803e-08;4,929000674974704e-08;0,0013648487266033679;0,0013648487266033679;0,0013648487266033679;0,9839074660295394;-0,2860060824166373;0,9839038397669653;-0,2860400073911877;1,3648487266033678e-07
430;0,021000081222285822;0,01000005600039119;-0,020999999999351118;-0,009999999999899954;8,122293470441688e-08;5,6000491237273575e-08;0,001360833603513832;0,0013608336035138323;0,0013608336035138323;0,9868128567180738;-0,26268980479499715;0,9868087240020562;-0,2627283316469253;1,3608336035138322e-07
431;0,021000005187590716;0,010000028048228037;-0,02099995407501174;-0,009999992817456975;5,1112578974832346e-08;3,52307710626415e-08;0,0013653065447313366;0,0013653065447313366;0,0013653065447313366;0,9835765042752114;-0,28908120540796806;0,9835739123038257;-0,2891054284352411;1,3653065447313366e-07
432;0,0;0,0;0,0;0,0;0,0;0,0;;;;;;;;
433;-0,4029999999998311;-0,19499999999993026;0,4031332063048002;0,19509183801510452;0,00013320630496910235;9,183801517426149e-05;0,026198907879862312;0,02619890787986231;0,026198907879862312;0,9866017503984978;-0,11826741111751286;0,9869541440311669;-0,11511394773276551;2,619890787986231e-06
434;0,019000328713793944;0,00900022662257945;-0,018999999999855362;-0,0090000000000754;3,2871393858269204e-07;2,2662250404904827e-07;0,0012182375968975022;0,001218237596897502;0,0012182375968975022;0,9963837809754449;-0,031952820697409644;0,9963651043833696;-0,0321274790871425;1,2182375968975022e-07
435;0,0190002929440971;0,009000201974993875;-0,019000000000195638;-0,008999999999992047;2,929439014628943e-07;2,01975001827559e-07;0,0012182927508766952;0,001218292750876695;0,0012182927508766952;0,9963366411743151;-0,03238799614256545;0,9963199974215975;-0,03254368120148642;1,2182927508766951e-07
436;0,018100371023718448;0,009000274108334337;-0,018100127381671355;-0,00900010614643373;2,4364204709304005e-07;1,6796190060661131e-07;0,0011747413583836344;0,0011747413583836346;0,0011747413583836346;0,9934851244994168;-0,0499270943750391;0,9934707272255386;-0,0500459040268285;1,1747413583836346e-07
437;0,018000127671680126;0,009000105983580468;-0,017999962670929296;-0,008999992235238936;1,6500075082984123e-07;1,1374834153234092e-07;0,0011695405827714743;0,001169540582771474;0,0011695405827714743;0,9934707272255386;-0,0500459040268285;0,9934609305808094;-0,05012547540651177;1,1695405827714742e-07
438;0,018000015002878768;0,009000010327197864;-0,01800000000403485;-0,009000000000125002;1,499884391686912e-08;1,0327072861790465e-08;0,0011687664132826565;0,0011687664132826567;0,0011687664132826567;0,9941216927951453;-0,0681771194996433;0,9941208019577277;-0,06818432004708815;1,1687664132826568e-07
439;0,01700020152718167;0,008000138952633434;-0,01699999999982873;-0,00800000000014613;2,015273529408501e-07;1,389524873045278e-07;0,0010889461800841277;0,0010889461800841277;0,0010889461800841277;0,9961526441935493;-0,034014157196471995;0,9961398394629943;-0,03413588456670484;1,0889461800841276e-07
440;1,811998545639125;0,8794020347413785;-1,806267164836131;-0,875450509972288;0,005731380802993957;0,003951524769090442;0,11651748227558903;0,11651748227558902;0,11651748227558903;0,9980079785835989;-0,008961683213952984;0,9945982826598179;-0,03900632607804403;1,1651748227558903e-05
441;0,01500016291726435;0,007000112317126263;-0,014999999999808781;-0,00700000000010994;1,629174555695806e-07;1,1231701632294366e-07;0,0009576915410064759;0,0009576915410064757;0,0009576915410064759;0,9979163130450301;-0,018400679507757128;0,9979045494931243;-0,018514502935130434;9,57691541006476e-08
442;0,014000253782262103;0,007000189141381558;-0,013999970558879504;-0,006999993876968461;2,832233825991043e-07;1,9526441309702935e-07;0,0009127877552722549;0,0009127877552722545;0,0009127877552722549;0,9900594062201983;-0,07964803915596072;0,9900378598053292;-0,07982369644779322;9,127877552722549e-08
443;0,014000180346585508;0,0070001243428725254;-0,01400000000010677;-0,007000000000019883;1,803464787369924e-07;1,2434285264276146e-07;0,0009068480380122649;0,000906848038012265;0,000906848038012265;0,9965381186405092;-0,0305516698942677;0,9965243086393143;-0,03066354117984062;9,06848038012265e-08
444;0,014000176881296279;0,007000121945323989;-0,014000000000093462;-0,007000000000005633;1,7688120281661446e-07;1,2194531835620775e-07;0,0009071987130786777;0,0009071987130786777;0,0009071987130786777;0,9961526441935493;-0,034014157196471995;0,9961391050183973;-0,034123851641255684;9,071987130786777e-08
445;0,014200358835885211;0,0060002668294253225;-0,014200345826847417;-0,006000257856037942;1,3009037794914358e-08;8,973387380373232e-09;0,0008895526977250009;0,0008895526977250008;0,0008895526977250009;1,00055208475782;0,021210601676944104;1,0005510803226247;0,02119869964080963;8,895526977250008e-08
446;0,014100346112373732;0,006000257689029373;-0,014100046034323466;-0,006000050803357258;3,000780502658562e-07;2,0688567211463171e-07;0,0008842402654240014;0,0008842402654240015;0,0008842402654240015;1,0005510803226247;0,02119869964080963;1,000527762383937;0,020926244225265598;8,842402654240015e-08
447;0,0;0,0;0,0;0,0;0,0;0,0;;;;;;;;
448;0,013000057784360227;0,0060000398435813675;-0,013000000000052891;-0,005999999999604402;5,778430733557882e-08;3,984397696586012e-08;0,0008382813627497824;0,0008382813627497825;0,0008382813627497825;0,9861173280820384;-0,2411528580689825;0,9861125646295607;-0,2412007252072992;8,382813627497825e-08
449;0,2582220620180971;0,12508444368506103;-0,2581319152693573;-0,12502229345489208;9,014674873980555e-05;6,215023016895027e-05;0,016836874470907738;0,01683687447090774;0,01683687447090774;0,9838822203217197;-0,28624040040660476;0,9835111134327719;-0,28956325630613183;1,6836874470907742e-06
450;0,01200015086223076;0,006000104026768661;-0,011999999999774687;-0,005999999999926877;1,5086245607268123e-07;1,0402684178390659e-07;0,0007768358663418291;0,0007768358663418289;0,0007768358663418291;0,9971310276162728;-0,025336329309878235;0,9971175415414157;-0,02544555503128468;7,768358663418291e-08
451;0,0;0,0;0,0;0,0;0,0;0,0;;;;;;;;
452;0,17304942994584754;0,08403452482304165;-0,1730113261785323;-0,08400825355255342;3,810376731525067e-05;2,627127048822342e-05;0,011140395893945852;0,011140395893945854;0,011140395893945854;0,9969789930970354;-0,17412046891705332;0,9967418838969992;-0,17620205387803112;1,1140395893945854e-06
453;-0,010100000006958303;-0,005000000005504857;0,010100099312843483;0,0050000838434687495;9,930588517996497e-08;8,383796389239973e-08;0,0006601809328320087;0,0006601809328320088;0,0006601809328320088;0,9855878794414282;-0,2735610944147437;0,9855989154473783;-0,2734031012972103;6,601809328320088e-08
454;0,010000041562248619;0,005000028651305064;-0,010000000000063488;-0,0049999999999263784;4,1562185131016616e-08;2,865137868537232e-08;0,0006489191787894137;0,0006489191787894136;0,0006489191787894137;0,9947311337153638;-0,046328995365769454;0,9947266862623525;-0,04636506993874337;6,489191787894137e-08
455;0,01000007503879335;0,005000051738942082;-0,009999999999724896;-0,005000000000020763;7,503906845375552e-08;5,1738921319141595e-08;0,0006479370887088314;0,0006479370887088313;0,0006479370887088314;0,9962424539317605;-0,03321803759838311;0,9962344116471852;-0,03328321394163759;6,479370887088315e-08
456;0,0;0,0;0,0;0,0;0,0;0,0;;;;;;;;
457;0,009000097168437235;0,004000078588709131;-0,008999980561091862;-0,003999998193544674;1,1660734537330408e-07;8,039516445710465e-08;0,0005720215437845773;0,0005720215437845773;0,0005720215437845773;0,9940727683655833;-0,043679506017502756;0,9940587178083572;-0,04383138299878248;5,720215437845773e-08
458;0,0090000518941642;0,004000047077882796;-0,008999981060991959;-0,003999998240784561;7,083317224085284e-08;4,883709823523541e-08;0,0005683279699674046;0,0005683279699674046;0,0005683279699674046;1,000527762383937;0,020926244225265598;1,0005191718573299;0,02083398052122441;5,6832796996740453e-08
459;0,0;0,0;0,0;0,0;0,0;0,0;;;;;;;;
460;0,4537016332701905;0,2194153020153914;-0,453290061914293;-0,21913154638693155;0,0004115713558974776;0,0002837556284598364;0,029544532130310525;0,029544532130310535;0,029544532130310535;0,9848476794293862;-0,2775614805097697;0,9838822203217197;-0,28624040040660476;2,9544532130310533e-06
461;0,006000045612052289;0,0030000314487604153;-0,005999999999954465;-0,002999999999965478;4,56120978235483e-08;3,144879493714031e-08;0,00038893296969636003;0,0003889329696963601;0,0003889329696963601;0,9958052728806185;-0,09096316272478969;0,9957971290525015;-0,09102918790091256;3,889329696963601e-08
462;0,005000027550510551;0,002000026699304217;-0,004999988700524126;-0,0019999999135406625;3,884998642494225e-08;2,678576355467574e-08;0,0003137183103633208;0,00031371831036332087;0,00031371831036332087;0,9910632379078614;-0,07060940848808091;0,9910547687624979;-0,07072049964023314;3,137183103633209e-08
463;0,005000014553830626;0,0020000100342026893;-0,004999999999615682;-0,0020000000000205465;1,455421494434006e-08;1,0034182142733966e-08;0,00031127552135631095;0,000311275521356311;0,000311275521356311;0,9988373935457893;-0,010255504659337021;0,9988341959177183;-0,010297118017745518;3,11275521356311e-08
464;0,005000022946507772;0,0020000158213913633;-0,005000000000047001;-0,0020000000000723935;2,294646077143081e-08;1,582131896977687e-08;0,00031199038889983643;0,0003119903888998364;0,00031199038889983643;0,9965505844833995;-0,030491658735436047;0,9965455545069687;-0,030557279207753175;3,1199038889983645e-08
465;0,004999994422949589;0,002000003566767514;-0,00499998912734829;-0,0019999999166265743;5,295601299484809e-09;3,6501409399376794e-09;0,0003107484112990046;0,0003107484112990045;0,0003107484112990046;1,000527762383937;0,020926244225265598;1,0005265969995882;0,020911111258568697;3,1074841129900454e-08
466;0,00020000004803737457;3,3032891805660924e-11;-0,0002000000037543663;-2,50124181053053e-12;4,4283008277011884e-11;3,0531649995130394e-11;1,1602554377757213e-05;1,160255437775721e-05;1,1602554377757213e-05;0,9952125869255213;-0,09669824454353351;0,9952123665705248;-0,09670699121470547;1,1602554377757213e-09
467;-9,999970792856928e-05;-1,6527102842674055e-10;9,999971536860836e-05;1,7040068601964962e-10;7,440039076901488e-12;5,129657592909067e-12;5,8246293336900274e-06;5,824629333690025e-06;5,8246293336900274e-06;0,9912194404814774;-0,06130738473995962;0,9912195142288921;-0,06130444566133511;5,824629333690027e-10
468;9,999972279493953e-05;1,6919677178467493e-10;-9,999971320692218e-05;-1,6258615519202697e-10;9,588017351098467e-12;6,610616592647958e-12;5,799271122202049e-06;5,799271122202047e-06;5,799271122202049e-06;0,9955538490620932;-0,02750812986620036;0,9955537536078439;-0,027511917472075417;5,799271122202049e-10
469;-9,999985670157287e-05;-8,181931433785638e-11;9,999985970014333e-05;8,388672816221883e-11;2,9985704538956423e-12;2,0674138243624584e-12;5,846659716595565e-06;5,846659716595566e-06;5,846659716595566e-06;0,9874859660759382;-0,25138368556568164;0,9874859956864599;-0,25138250102455895;5,846659716595566e-10
470;-9,999999992413053e-05;1,7754914860567893e-14;0,0001000000078157621;5,422906143232039e-12;7,891631562096345e-12;5,4406610580926066e-12;5,854034671781499e-06;5,854034671781499e-06;5,854034671781499e-06;0,9862433366420326;-0,28061502106252045;0,9862434144727246;-0,28061190379359935;5,854034671781499e-10
471;-0,00010000000017388358;1,0724956146716335e-14;0,00010000000678919161;5,574093925835824e-12;6,6153080328099426e-12;5,584818881982541e-12;5,857928252062618e-06;5,857928252062618e-06;5,857928252062618e-06;0,9855878142417569;-0,2735642942800397;0,9855878794414282;-0,2735610944147437;5,857928252062618e-10
472;0,00010000000400046781;2,351946362003726e-12;-0,00010000000031021696;1,9235790004810148e-13;3,690250850122562e-12;2,5443042620518277e-12;5,801277312056233e-06;5,801277312056232e-06;5,801277312056233e-06;0,9952123665705248;-0,09670699121470547;0,9952123298446933;-0,09670844899361136;5,801277312056234e-10
