;p_from_mw;q_from_mvar;p_to_mw;q_to_mvar;pl_mw;ql_mvar;i_from_ka;i_to_ka;i_ka;vm_from_pu;va_from_degree;vm_to_pu;va_to_degree;loading_percent
0;-3,8612265834278907;-1,8895690572486203;3,8657025711652295;1,8948494253909303;0,004475987737338816;0,005280368142309921;0,24855657111690427;0,24855657111690427;0,24855657111690427;0,9985267977292656;-0,03693757596754565;1,0;0,0;2,4855657111690424e-05
1;-3,797736202260239;-1,857116032628281;3,801125850707512;1,8605685521384343;0,003389648447273075;0,0034525195101533512;0,2446981870444708;0,24469818704447083;0,24469818704447083;0,9974504105652944;-0,058768324415158675;0,9985267977292656;-0,03693757596754565;2,4469818704447083e-05
2;-5,939871569329898;-2,921064280861143;5,964758219082114;2,9382227615305965;0,024886649752215995;0,017158480669453358;0,3838901475182891;0,3838901475182891;0,3838901475182891;0,9955023327903108;-0,03804345208656109;1,0;0,0;3,838901475182891e-05
3;-5,856637157631474;-2,875353284452219;5,8808715693653815;2,8920642808123653;0,02423441173390728;0,01671099636014617;0,3800773875682279;0,3800773875682279;0,3800773875682279;0,9910788886348288;-0,07581521019112654;0,9955023327903108;-0,03804345208656109;3,800773875682279e-05
4;2,245789573461593;1,1026573527078085;-2,2369299846672392;-1,0936362707730742;0,00885958879435389;0,009021081934734276;0,1444463458145088;0,1444463458145088;0,1444463458145088;1,0;0,0;0,9952335707597808;-0,09648368483676377;1,444463458145088e-05
5;-5,554567120436538;-2,725963674508327;5,569613813211512;2,736337189120776;0,015046692774974169;0,010373514612449064;0,3614992613467866;0,36149926134678656;0,3614992613467866;0,9881915695080572;-0,10059174912967488;0,9910788886348288;-0,07581521019112654;3,614992613467866e-05
6;-2,2010422593478447;-1,0688846386374964;2,21552944820285;1,083635900879855;0,014487188855005328;0,014751262242358676;0,14307622171816925;0,14307622171816925;0,14307622171816925;0,987370656528353;-0,2577251219087792;0,9952335707597808;-0,09648368483676377;1,4307622171816925e-05
7;-3,788949586880089;-1,8482713481498472;3,79763620226164;1,8571160326284983;0,008686615381551022;0,008844684478651166;0,2446929872155966;0,24469298721559665;0,24469298721559665;0,9946928751644651;-0,11489169482477543;0,9974504105652944;-0,058768324415158675;2,4469298721559667e-05
8;-2,9957505559208637;-1,4827021140513172;2,9972630769989337;1,4844864861811402;0,0015125210780699838;0,0017843721298229642;0,1931086574996535;0,1931086574996535;0,1931086574996535;0,9993580329266843;-0,01590181692266811;1,0;0,0;1,931086574996535e-05
9;-3,7392849250681963;-1,817579704229789;3,751748904163778;1,8302708775182963;0,012463979095581834;0,01269117328850733;0,2422942628287691;0,2422942628287691;0,2422942628287691;0,990698677768773;-0,19676928072042707;0,9946928751644651;-0,11489169482477543;2,422942628287691e-05
10;-2,962663255741923;-1,4491140888253424;2,995650555920866;1,4827021140516305;0,03298730017894336;0,03358802522628812;0,19310347977433814;0,19310347977433817;0,19310347977433817;0,9860749586406313;-0,2846505994812263;0,9993580329266843;-0,01590181692266811;1,9310347977433818e-05
11;2,9625632557813315;1,4491140887929803;-2,934169637053142;-1,420202554709192;0,028393618728189463;0,028911534083788215;0,19309822021257964;0,19309822021257972;0,19309822021257972;0,9860749586406313;-0,2846505994812263;0,9746589717226457;-0,5218471793454125;1,9309822021257972e-05
12;-3,604246250237868;-1,7473749256579638;3,6132849250686507;1,7565797042292688;0,00903867483078269;0,009204778571304972;0,23413610645071856;0,23413610645071856;0,23413610645071856;0,9877023598192416;-0,25865709092477585;0,990698677768773;-0,19676928072042707;2,3413610645071856e-05
13;3,8872803497623636;1,9086431639047987;-3,8656196330946555;-1,8937094594177892;0,02166071666770808;0,01493370448700948;0,2500257803025462;0,2500257803025462;0,2500257803025462;1,0;0,0;0,9939907379477176;-0,05135678430624435;2,500257803025462e-05
14;3,6069270044390476;1,7655790936692655;-3,587854102639846;-1,7524292283514666;0,019072901799201514;0,013149865317798826;0,23425075371116671;0,23425075371116671;0,23425075371116671;0,9897779016356395;-0,08770609574507765;0,9841312087968543;-0,13685765497597038;2,3425075371116673e-05
15;3,7396196331134073;1,8327094593927513;-3,72492700437773;-1,8225790937495503;0,014692628735677449;0,010130365643201023;0,24189472398081424;0,24189472398081424;0,24189472398081424;0,9939907379477176;-0,05135678430624435;0,9897779016356395;-0,08770609574507765;2,4189472398081422e-05
16;3,461854102793914;1,6914292281599117;-3,4442069996317213;-1,6792618777819486;0,017647103162192757;0,012167350377963126;0,22603819600550973;0,2260381960055097;0,22603819600550973;0,9841312087968543;-0,13685765497597038;0,9787173409012626;-0,1844864856908128;2,2603819600550975e-05
17;2,8335071309693944;1,3914170744001098;-2,794755004164178;-1,3646984450697524;0,038752126805216225;0,026718629330357402;0,18225260982298322;0,18225260982298322;0,18225260982298322;1,0;0,0;0,9852523934709949;-0,12714675180040697;1,8225260982298322e-05
18;2,7736549328584372;1,354698384209263;-2,740182236089294;-1,3316195875042953;0,03347269676914344;0,023078796704967708;0,1808844221805827;0,1808844221805827;0,1808844221805827;0,9852523934709949;-0,12714675180040697;0,9724214476734883;-0,24087719115616135;1,808844221805827e-05
19;-3,010527504103982;-1,470868682249762;3,0200587171624202;1,4789146840936926;0,009531213058438404;0,008046001843930561;0,20070469926948645;0,20070469926948645;0,20070469926948645;0,9638478454437625;-0,3685302973199862;0,9673277408844467;-0,3166436746559356;2,0070469926948645e-05
20;-3,360481916954964;-1,6461791402917034;3,370353177846024;1,654512622190083;0,00987126089105983;0,008333481898379569;0,22275946889764794;0,22275946889764792;0,22275946889764794;0,9698616362812944;-0,27905712325395715;0,9731097253291787;-0,23112052152184562;2,2275946889764794e-05
21;-2,956065519356809;-1,4413416164272925;2,961426821159068;1,4458682105350877;0,005361301802259355;0,004526594107795212;0,19740469393340196;0,197404693933402;0,197404693933402;0,9618580870035988;-0,39841712756855513;0,9638478454437625;-0,3685302973199862;1,97404693933402e-05
22;1,221155064300035;0,5939166036427537;-1,2147456554736342;-0,589497561595379;0,006409408826400842;0,004419042047374644;0,07839975814478355;0,07839975814478355;0,07839975814478355;1,0;0,0;0,9943324397006996;-0,049676436078678964;7,839975814478355e-06
23;1,923018123442489;0,9318358739013206;-1,9100000108802837;-0,9228603216012503;0,013018112562205308;0,0089755523000703;0,12337364384905056;0,12337364384905054;0,12337364384905056;1,0;0,0;0,992686686603069;-0,06483529896569372;1,2337364384905056e-05
24;1,8878993934932329;0,9128598959436564;-1,885289717584371;-0,9110606118696939;0,0026096759088618526;0,0017992840739624594;0,12196324725196286;0,12196324725196286;0,12196324725196286;0,992686686603069;-0,06483529896569372;0,9912037590818908;-0,07807452645259923;1,2196324725196285e-05
25;-3,2270678743437373;-1,578920998004018;3,234481917332894;1,5851791399652835;0,0074140429891564885;0,0062581419612655065;0,21442612054753565;0,21442612054753565;0,21442612054753565;0,9673277408844467;-0,3166436746559356;0,9698616362812944;-0,27905712325395715;2,1442612054753565e-05
26;-1,8687181784127957;-0,9025983010330633;1,8722897175851216;0,9050606118698875;0,0035715391723258882;0,002462310836824244;0,12112940386289935;0,12112940386289933;0,12112940386289935;0,9891603680978026;-0,09636509406212942;0,9912037590818908;-0,07807452645259923;1,2112940386289933e-05
27;-2,8247383377828315;-1,3766690633149619;2,83006552015241;1,3803416149103234;0,005327182369578409;0,003672551595361506;0,18900194494938247;0,18900194494938247;0,18900194494938247;0,9599037185973471;-0,41602215155520683;0,9618580870035988;-0,39841712756855513;1,8900194494938247e-05
28;-2,8140628097138234;-1,3693779587850723;2,8246383387678886;1,3766690622083024;0,010575529054065225;0,007291103423230139;0,18899653825356288;0,18899653825356288;0,18899653825356288;0,9560240082866616;-0,4511884609059563;0,9599037185973471;-0,41602215155520683;1,889965382535629e-05
29;0,7773759732497907;0,3772424569230058;-0,7768362128607412;-0,376786801209962;0,0005397603890494596;0,00045565571304378993;0,0503468009096553;0,0503468009096553;0,0503468009096553;0,9908749203720869;-0,08019129116018581;0,9900899523180786;-0,09175708526272512;5,03468009096553e-06
30;0,735836212860854;0,35678680120971046;-0,735278236454264;-0,3563157378660861;0,000557976406589944;0,000471063343624345;0,0476866908660709;0,047686690866070906;0,047686690866070906;0,9900899523180786;-0,09175708526272512;0,989233284857464;-0,10440921321412595;4,768669086607091e-06
31;1,0887456554736348;0,528497561595441;-1,0871753489182254;-0,5274149389249756;0,001570306555409351;0,0010826226704654385;0,07027140904351377;0,07027140904351378;0,07027140904351378;0,9943324397006996;-0,049676436078678964;0,9927833920453694;-0,063342119763008;7,027140904351378e-06
32;0,6644535111041461;0,32231266216433624;-0,664024809600595;-0,3220171060990948;0,000428701503551121;0,0002955560652414535;0,04314687961156821;0,04314687961156822;0,04314687961156822;0,9881915695080572;-0,10059174912967488;0,9875028398817186;-0,10671103673976585;4,314687961156822e-06
33;3,345000524658557;1,631257070376487;-3,334536598603613;-1,6240420654000913;0,01046392605494395;0,007215004976395711;0,2195368443519745;0,2195368443519745;0,2195368443519745;0,9787173409012626;-0,1844864856908128;0,9754123528518495;-0,21381185468562905;2,195368443519745e-05
34;2,8443500845554612;1,3869134685093845;-2,843427036208558;-1,386276701975888;0,0009230483469031547;0,0006367665334965356;0,18730604785896662;0,18730604785896662;0,18730604785896662;0,9754123528518495;-0,21381185468562905;0,9750705933608989;-0,21685110851754325;1,873060478589666e-05
35;2,843327036237242;1,3862767019728757;-2,8432112670832583;-1,3861967160119415;0,00011576915398370247;7,998596093417021e-05;0,1873007256082318;0,18730072560823183;0,18730072560823183;0,9750705933608989;-0,21685110851754325;0,9750277120768734;-0,2172344124171734;1,8730072560823183e-05
36;2,8342112671048825;1,3821967159589184;-2,831344435254285;-1,3802199512023956;0,002866831850597329;0,001976764756522753;0,18671790474611333;0,18671790474611333;0,18671790474611333;0,9750277120768734;-0,2172344124171734;0,9739630453717185;-0,22669515760066108;1,8671790474611333e-05
37;2,4624413100284084;1,1948888778247033;-2,4585679797813107;-1,1922180922181602;0,003873330247097684;0,0026707856065431024;0,1599904637799061;0,1599904637799061;0,1599904637799061;0,9877023598192416;-0,25865709092477585;0,9860241166941798;-0,2735846782982113;1,599904637799061e-05
38;1,1165396049066771;0,543121263032873;-1,1130460913399185;-0,5407126025162569;0,0034935135667586437;0,0024086605166161457;0,07168545635119168;0,07168545635119167;0,07168545635119168;1,0;0,0;0,9966213693385275;-0,029533450032944133;7,168545635119169e-06
39;2,7883441429057645;1,3592197490755045;-2,770176801031041;-1,346694325431223;0,018167341874723686;0,012525423644281553;0,1838811766592235;0,18388117665922354;0,18388117665922354;0,9739630453717185;-0,22669515760066108;0,9671129406847787;-0,28805136524180375;1,8388117665922356e-05
40;0,9691705680680317;0,47041090281125075;-0,968395882944411;-0,4698767833826531;0,0007746851236206664;0,0005341194285976569;0,06265013880824141;0,06265013880824141;0,06265013880824141;0,9927833920453694;-0,063342119763008;0,9919262190599313;-0,07091348719065022;6,2650138808241416e-06
41;0,9682958829403185;0,46987678338258604;-0,9682615053384334;-0,4698530016168984;3,4377601885182685e-05;2,3781765687624912e-05;0,06264490224145583;0,06264490224145583;0,06264490224145583;0,9919262190599313;-0,07091348719065022;0,9918881459323606;-0,07125352877885145;6,264490224145582e-06
42;1,1129460913399567;0,5407126025163289;-1,112585553837078;-0,5404639719083153;0,0003605375028787883;0,00024863060801361136;0,07168024564334066;0,07168024564334065;0,07168024564334066;0,9966213693385275;-0,029533450032944133;0,9962726575536136;-0,03259444766106532;7,168024564334067e-06
43;1,1124855538372644;0,5404639719081571;-1,1108919601620457;-0,5391185103235674;0,0015935936752187185;0,0013454615845897022;0,07167503306581599;0,07167503306581598;0,07167503306581599;0,9962726575536136;-0,03259444766106532;0,9946445396886651;-0,05643702558872113;7,167503306581599e-06
44;1,1107919601623608;0,5391185103238606;-1,1101572352198188;-0,5385827155617295;0,0006347249425420198;0,0005357947621310588;0,07166981099047916;0,07166981099047914;0,07166981099047916;0,9946445396886651;-0,05643702558872113;0,9939960938769619;-0,06595042964423994;7,166981099047916e-06
45;2,7470767381414474;1,3356942809445957;-2,7355915136121767;-1,3277754316165882;0,011485224529270699;0,007918849328007571;0,18235381989279437;0,18235381989279434;0,18235381989279437;0,9671129406847787;-0,28805136524180375;0,9627465823485873;-0,3276098408005935;1,823538198927944e-05
46;2,408567979781872;1,1682180922180625;-2,4048502933174665;-1,1656546279985527;0,003717686464405734;0,0025634642195098145;0,15674302131749265;0,15674302131749268;0,15674302131749268;0,9860241166941798;-0,2735846782982113;0,984379982320595;-0,2882507099108913;1,567430213174927e-05
47;0,9362615053366858;0,45485300161779907;-0,9353759732498141;-0,454242456923157;0,0008855320868716987;0,0006105446946420567;0,06058798269821753;0,06058798269821753;0,06058798269821753;0,9918881459323606;-0,07125352877885145;0,9908749203720869;-0,08019129116018581;6,058798269821753e-06
48;1,1368023826594822;0,5520882338213369;-1,1331831465910975;-0,5495928918535314;0,003619236068384657;0,002495341967805431;0,0729639425822609;0,07296394258226088;0,0729639425822609;1,0;0,0;0,9965614477800206;-0,03018711632984356;7,2963942582260895e-06
49;1,004157235219578;0,487582715561729;-1,0033615649254615;-0,4869108918722761;0,000795670294116535;0,0006718236894528995;0,064837413417473;0,064837413417473;0,064837413417473;0,9939960938769619;-0,06595042964423994;0,9930974666602299;-0,07914340924797833;6,4837413417473e-06
50;2,7303914557760947;1,325775390869799;-2,7245788460375984;-1,3217677912689747;0,005812609738496288;0,0040075996008241965;0,18202090664686407;0,18202090664686407;0,18202090664686407;0,9627465823485873;-0,3276098408005935;0,9605328863606629;-0,34778219807402566;1,8202090664686407e-05
51;1,133083146591302;0,5495928918531915;-1,1327096333462245;-0,5493353130313405;0,00037351324507750583;0,0002575788218509567;0,07295872993010824;0,07295872993010824;0,07295872993010824;0,9965614477800206;-0,03018711632984356;0,9962065514494148;-0,033316082791185996;7,295872993010824e-06
52;-2,775816899869474;-1,3505882507168825;2,7769616595928173;1,351377164436889;0,0011447597233433804;0,0007889137200065566;0,18650618101248365;0,1865061810124836;0,18650618101248365;0,9555985014780716;-0,4550575507858116;0,9560240082866616;-0,4511884609059563;1,8650618101248362e-05
53;1,8222203003991515;0,8826169973064877;-1,8198023571700825;-0,8797649204189419;0,002417943229068964;0,0028520768875457403;0,11993670443526268;0,11993670443526266;0,11993670443526268;0,9746589717226457;-0,5218471793454125;0,973013220698971;-0,5647288801324322;1,1993670443526268e-05
54;-2,6632466263580303;-1,2873023999692785;2,688578847235921;1,3047677901603287;0,025332220877890776;0,0174653901910502;0,17962804546897704;0,17962804546897698;0,17962804546897704;0,9507580271929865;-0,43790271631324784;0,9605328863606629;-0,34778219807402566;1,7962804546897703e-05
55;0,4072657735221133;0,1973052158832932;-0,40715328716188637;-0,19721026693141408;0,0001124863602269266;9,494895187911467e-05;0,026411925921164803;0,026411925921164803;0,026411925921164803;0,989233284857464;-0,10440921321412595;0,9889215084880183;-0,10901999279446817;2,64119259211648e-06
56;0,4070532871628679;0,19721026693141974;-0,4069976834789658;-0,19716332386645508;5,5603683902116785e-05;4,694306496466627e-05;0,026406671766730276;0,02640667176673027;0,026406671766730276;0,9889215084880183;-0,10901999279446817;0,9887673527015576;-0,11130079252646648;2,6406671766730277e-06
57;0,37789762153246215;0,18316327157380277;-0,37774692787015646;-0,18303604600518394;0,0001506936623056898;0,00012722556861882728;0,02452108207698446;0,024521082076984457;0,02452108207698446;0,9887673527015576;-0,11130079252646648;0,9883174246835814;-0,11795645699698827;2,452108207698446e-06
58;-0,2020000000010911;-0,09799999999185939;0,20202173116995095;0,09801498379565567;2,1731168859839833e-05;1,498380379627573e-05;0,013128080190577752;0,013128080190577755;0,013128080190577755;0,9873880915316664;-0,1077305687821694;0,9875028398817186;-0,10671103673976585;1,3128080190577756e-06
59;0,8881356157662569;0,43113132413757665;-0,8875947499050267;-0,4304933823519003;0,0005408658612301442;0,0006379417856763325;0,05772786889159967;0,05772786889159966;0,05772786889159967;0,987370656528353;-0,2577251219087792;0,9866054634554747;-0,27733907679555503;5,772786889159967e-06
60;4,572113609449991;2,2496510121966096;-4,554232235816719;-2,237321505945682;0,017881373633271913;0,012329506250927658;0,2977101676247749;0,2977101676247749;0,2977101676247749;0,9881915695080572;-0,10059174912967488;0,9840246446655657;-0,1363689556151806;2,9771016762477494e-05
61;-0,0012000000369839369;-2,6338346051536917e-11;0,0012000036665534332;3,0905399463624955e-09;3,629569496300597e-09;3,0642016003109586e-09;7,287053278539711e-05;7,287053278539715e-05;7,287053278539715e-05;0,9507551514966754;-0,4380490207118123;0,9507580271929865;-0,43790271631324784;7,2870532785397145e-09
62;-2,3589750373019127;-1,1458729388669486;2,361346361871769;1,1475077561275322;0,002371324569856448;0,0016348172605835654;0,15950130716386515;0,15950130716386515;0,15950130716386515;0,9492913403713376;-0,5128210998314852;0,9503219953824082;-0,5033407561024251;1,5950130716386515e-05
63;3,663898640534714;1,7990309354513327;-3,654497539628312;-1,792550072291587;0,009401100906401894;0,00648086315974572;0,2415017651892072;0,2415017651892072;0,2415017651892072;0,9758099371307402;-0,20755895809002367;0,9731097253291787;-0,23112052152184562;2,4150176518920724e-05
64;0,7766895298160413;0,3773191238958233;-0,7759126798112784;-0,3766632340948969;0,0007768500047629079;0,0006558898009264014;0,050043501539175944;0,050043501539175944;0,050043501539175944;0,9962065514494148;-0,033316082791185996;0,9950697844208991;-0,04995650594589896;5,004350153917594e-06
65;-2,298069119883973;-1,116180304785769;2,3019750379562276;1,118872938424263;0,0039059180722547104;0,0026926336384940353;0,15566555240422886;0,15566555240422886;0,15566555240422886;0,9475518885299729;-0,5288397350115854;0,9492913403713376;-0,5128210998314852;1,5566555240422883e-05
66;0,5798138432011927;0,28149215175252396;-0,5794556065406632;-0,2812451742713263;0,0003582366605294762;0,0002469774811976744;0,037688066958408276;0,03768806695840828;0,03768806695840828;0,987370656528353;-0,2577251219087792;0,9867117375366878;-0,26357141620971747;3,7688066958408285e-06
67;0,8013615649254457;0,38891089187245936;-0,8009855416797926;-0,3885934362183413;0,00037602324565311207;0,00031745565411805954;0,05178480741573041;0,05178480741573042;0,05178480741573042;0,9930974666602299;-0,07914340924797833;0,9925657852462346;-0,08695790582524582;5,178480741573042e-06
68;0,8008855416797914;0,38859343621799963;-0,800568391487109;-0,38832567233480425;0,00031715019268241385;0,00026776388319538214;0,05177957409573685;0,05177957409573685;0,05177957409573685;0,9925657852462346;-0,08695790582524582;0,9921173057579379;-0,09355547988337803;5,1779574095736855e-06
69;4,342232193534224;2,134321476438126;-4,330566985040281;-2,1262803399716272;0,011665208493943702;0,008041136466498955;0,2838814184062909;0,283881418406291;0,283881418406291;0,9840246446655657;-0,1363689556151806;0,9811741942903883;-0,16096172276754303;2,83881418406291e-05
70;0,782468376421327;0,3793256619701434;-0,7824504003521908;-0,3793105282709132;1,79760691362274e-05;1,5133699230174269e-05;0,05060329642572724;0,05060329642572724;0,05060329642572724;0,9921173057579379;-0,09355547988337803;0,9920913184541357;-0,093936089605315;5,060329642572724e-06
71;-0,520051514355562;-0,2520355139197269;0,5205882376282956;0,2524055898143575;0,0005367232727336857;0,0003700758946306171;0,03381851734156414;0,033818517341564124;0,03381851734156414;0,9866022443994247;-0,26845667703914255;0,9877023598192416;-0,25865709092477585;3,3818517341564137e-06
72;0,660912679811341;0,3206632340945938;-0,6605863391526676;-0,3203877411036796;0,00032634065867342965;0,00027549299091417234;0,04262202403878853;0,04262202403878853;0,04262202403878853;0,9950697844208991;-0,04995650594589896;0,9945091809465291;-0,058182488623495;4,2622024038788526e-06
73;-1,6784278052652868;-0,81263839902696;1,6814735120110547;0,8147381749647667;0,0030457067457678733;0,002099775937806747;0,11500479077422908;0,11500479077422911;0,11500479077422911;0,9361750795415048;-0,6347686042530756;0,9380106862337128;-0,617514617630374;1,1500479077422911e-05
74;0,0;0,0;0,0;0,0;0,0;0,0;;;;;;;;
75;-9,999999998295033e-05;-9,432342589584984e-15;0,00010000003171667055;2,188825282608911e-11;3,1733720225147685e-11;2,1878820483499524e-11;5,8453890138683365e-06;5,845389013868336e-06;5,8453890138683365e-06;0,9877020463846137;-0,2586696265615426;0,9877023598192416;-0,25865709092477585;5,845389013868336e-10
76;1,6881985286209433;0,8167621522806852;-1,6862976058877712;-0,8154515297669798;0,0019009227331721057;0,001310622513705395;0,1112791747822877;0,11127917478228773;0,11127917478228773;0,973013220698971;-0,5647288801324322;0,9718292818164773;-0,5754935751915125;1,1127917478228773e-05
77;0,51841284236727;0,2514369158681396;-0,5182481163971642;-0,25124258697007273;0,0001647259701058612;0,00019432889806686449;0,033716838382570134;0,03371683838257013;0,033716838382570134;0,9866054634554747;-0,27733907679555503;0,9862064725484169;-0,2875821370909912;3,371683838257013e-06
78;4,204566985222114;2,0652803397562804;-4,196734995802547;-2,05988046113726;0,007831989419567087;0,00539987861902036;0,2756441888647992;0,27564418886479913;0,2756441888647992;0,9811741942903883;-0,16096172276754303;0,9792031768672838;-0,17804316858141023;2,756441888647992e-05
79;-0,5424681646893852;-0,26328795669055755;0,5425863391527024;0,26338774110356084;0,00011817446331718884;9,978441300328988e-05;0,035014330698444764;0,035014330698444764;0,035014330698444764;0,9942620358125115;-0,061808499099527216;0,9945091809465291;-0,058182488623495;3,5014330698444762e-06
80;-0,931146820793915;-0,4507906517284999;0,9315670436377708;0,45108041865134796;0,0004202228438557887;0,00028976692284804484;0,060705811160772796;0,060705811160772796;0,060705811160772796;0,9839001736182781;-0,2925519268662611;0,984379982320595;-0,2882507099108913;6,07058111607728e-06
81;0,43624811639667727;0,21124258696998027;-0,436156954051077;-0,21114975790422985;9,11623456002486e-05;9,28290657504216e-05;0,02837567296939877;0,028375672969398778;0,028375672969398778;0,9862064725484169;-0,2875821370909912;0,9859572178571793;-0,2927632129539548;2,8375672969398776e-06
82;0,580450400356873;0,2813105282714345;-0,5803345333183076;-0,28123063454546277;0,00011586703856536484;7,989372597172473e-05;0,03753745360013436;0,037537453600134364;0,037537453600134364;0,9920913184541357;-0,093936089605315;0,9918773577020358;-0,09583411824565018;3,753745360013437e-06
83;0,9995046100137349;0,4832156796161449;-0,9990267096453292;-0,4828122253536308;0,0004779003684056704;0,00040345426251414684;0,06741616504675216;0,06741616504675214;0,06741616504675216;0,9507580271929865;-0,43790271631324784;0,9502391769377216;-0,4459180159889852;6,741616504675215e-06
84;0,39915695405112894;0,19314975790493846;-0,39908061576821363;-0,19307202393004613;7,633828291531142e-05;7,773397489233003e-05;0,025966272968582473;0,025966272968582477;0,025966272968582477;0,9859572178571793;-0,2927632129539548;0,985729149186053;-0,2975090175241066;2,5966272968582474e-06
85;-1,504151996397442;-0,7274488956260039;1,5073098297198808;0,7296260055587095;0,0031578333224389077;0,00217710993270559;0,10327552223814006;0,10327552223814006;0,10327552223814006;0,9340558731230062;-0,6547862053994545;0,9361750795415048;-0,6347686042530756;1,0327552223814005e-05
86;-0,46226519597175336;-0,22411660245470794;0,4624681646897481;0,2242879566903607;0,0002029687179947448;0,00017135423565275976;0,02984626824024169;0,029846268240241686;0,02984626824024169;0,9937641288893929;-0,06912588768412778;0,9942620358125115;-0,061808499099527216;2,9846268240241693e-06
87;0,7104627559793572;0,34331901717330215;-0,7102361441154134;-0,3431627996330516;0,00022661186394379307;0,00015621754025058054;0,047916241505764956;0,047916241505764956;0,047916241505764956;0,9507580271929865;-0,43790271631324784;0,9504302826918538;-0,44095769471070695;4,791624150576496e-06
88;0,20214436187473553;0,09803745035819872;-0,20211477940916442;-0,09801247849311749;2,9582465571109662e-05;2,4971865081227507e-05;0,01332938355261074;0,01332938355261074;0,01332938355261074;0,9731097253291787;-0,23112052152184562;0,97294723614138;-0,23355895145584843;1,332938355261074e-06
89;1,6574522242627887;0,8050309351160885;-1,6350442541857109;-0,7895815173221578;0,022407970077077843;0,01544941779393072;0,11062083328236016;0,11062083328236018;0,11062083328236018;0,9616932744566276;-0,337549492184259;0,9476529522116561;-0,4671474119895806;1,1062083328236018e-05
90;0,8750792580846204;0,4237676995720427;-0,8747432420274446;-0,42348397359534856;0,0003360160571758142;0,0002837259766941269;0,05904240311379686;0,059042403113796854;0,05904240311379686;0,9507580271929865;-0,43790271631324784;0,9503413854629732;-0,44432335884798296;5,9042403113796854e-06
91;1,0901461791962122;0,5272728758695953;-1,0887493431725066;-0,5263097784137658;0,00139683602370555;0,0009630974558294536;0,07068123509570887;0,07068123509570887;0,07068123509570887;0,9891603680978026;-0,09636509406212942;0,9877907020087253;-0,10862719807282811;7,068123509570886e-06
92;1,085262583534924;0,5265599602730577;-1,0845436155099495;-0,5260642807721301;0,00071896802497462;0,0004956795009276593;0,07074847612459663;0,07074847612459663;0,07074847612459663;0,984379982320595;-0,2882507099108913;0,983675543623721;-0,294530412415358;7,074847612459663e-06
93;0,32108061576862085;0,1550720239302581;-0,3210423950465167;-0,15503975679547247;3,8220722104131966e-05;3,226713478562959e-05;0,020884449792013267;0,020884449792013267;0,020884449792013267;0,985729149186053;-0,2975090175241066;0,985595209940914;-0,2995071981294712;2,088444979201327e-06
94;3,994734996059766;1,961880460850942;-3,981898640171156;-1,9530309358063958;0,012836355888610207;0,00884952504454617;0,2624065207044159;0,26240652070441584;0,2624065207044159;0,9792031768672838;-0,17804316858141023;0,9758099371307402;-0,20755895809002367;2,624065207044159e-05
95;-0,20199999999984936;-0,09799999999967893;0,20205151435546234;0,09803551391975249;5,151435561298601e-05;3,551392007355991e-05;0,013142156333486204;0,013142156333486206;0,013142156333486206;0,986330531767708;-0,27087183334292697;0,9866022443994247;-0,26845667703914255;1,3142156333486207e-06
96;0,4543345333192915;0,2202306345455665;-0,4541545788682439;-0,22010657091538416;0,00017995445104762586;0,00012406363018233058;0,029388982085931607;0,029388982085931607;0,029388982085931607;0,9918773577020358;-0,09583411824565018;0,9914529305920596;-0,09959704319591049;2,9388982085931604e-06
97;1,4392976059098996;0,6964515297621334;-1,4338557443427626;-0,6926996419185023;0,005441861567136996;0,0037518878436311187;0,09499104845843319;0,0949910484584332;0,0949910484584332;0,9718292818164773;-0,5754935751915125;0,9678589201386572;-0,6117249039110433;9,499104845843321e-06
98;1,4337557443710565;0,6926996418922636;-1,4326673868701438;-0,6919493491808661;0,001088357500912629;0,0007502927113974822;0,09498567721943806;0,09498567721943807;0,09498567721943807;0,9678589201386572;-0,6117249039110433;0,9670648767536592;-0,6190034761154414;9,498567721943807e-06
99;-0,25315332884599717;-0,12310571279796462;0,25329052870353236;0,12320030162944842;0,00013719985753518626;9,458883148380504e-05;0,01701865121572667;0,017018651215726665;0,01701865121572667;0,954972619155643;-0,4607714762957853;0,9555315310942728;-0,4556730485885407;1,7018651215726669e-06
100;-0,4635461469197977;-0,22430759108037077;0,4636584551169097;0,22438501418964565;0,0001123081971119988;7,742310927488782e-05;0,03051251907078519;0,03051251907078519;0,03051251907078519;0,974403871399732;-0,5241578605643459;0,9746589717226457;-0,5218471793454125;3,0512519070785187e-06
101;-0,24805250193263587;-0,1200361973995004;0,24815332885583805;0,12010571280423088;0,00010082692320217967;6,951540473047746e-05;0,01666751443280078;0,016667514432800776;0,01666751443280078;0,9545533464168465;-0,46464834870365285;0,954972619155643;-0,4607714762957853;1,666751443280078e-06
102;-2,500455901296265;-1,214514334253436;2,5133092225221585;1,2233761268201104;0,012853321225893666;0,00886179256667452;0,16888192651491707;0,16888192651491707;0,16888192651491707;0,9503219953824082;-0,5033407561024251;0,9555985014780716;-0,4550575507858116;1,6888192651491705e-05
103;2,031431061607534;0,9896673427567313;-2,0305427798981506;-0,9890549953655816;0,0008882817093835982;0,0006123473911496813;0,1341626973844798;0,1341626973844798;0,1341626973844798;0,9724214476734883;-0,24087719115616135;0,971962391291624;-0,2449729466746307;1,3416269738447981e-05
104;-0,7286711657167692;-0,35246274929782123;0,7291468207937385;0,35279065172905205;0,00047565507696933906;0,00032790243123081986;0,047531197824634226;0,047531197824634226;0,047531197824634226;0,9832066178518774;-0,2987810948552465;0,9839001736182781;-0,2925519268662611;4,753119782463422e-06
105;0,37315457886842907;0,18110657091551224;-0,3730330253868974;-0,18102276989757507;0,00012155348153164436;8,380101793717398e-05;0,024153882473607547;0,024153882473607544;0,024153882473607547;0,9914529305920596;-0,09959704319591049;0,9911040806898369;-0,10268085297409907;2,4153882473607547e-06
106;-0,3994172120513431;-0,19321870196650243;0,3995461469199663;0,19330759108416926;0,00012893486862319836;8,888911766682939e-05;0,026298982084079082;0,026298982084079086;0,026298982084079086;0,9740640845979168;-0,52723922295364;0,974403871399732;-0,5241578605643459;2,6298982084079085e-06
107;0,26240767853294095;0,12721212263587234;-0,2623906549030542;-0,1272003886240248;1,7023629886758762e-05;1,1734011847536197e-05;0,017618842012213674;0,017618842012213674;0,017618842012213674;0,9555985014780716;-0,4550575507858116;0,9555315310942728;-0,4556730485885407;1,7618842012213672e-06
108;0,19904239504551394;0,0960397567947874;-0,19901037196095692;-0,09600715046673713;3,202308455702019e-05;3,260632805027197e-05;0,012945991849280901;0,012945991849280903;0,012945991849280903;0,985595209940914;-0,2995071981294712;0,9854033974123535;-0,3035135755440263;1,2945991849280903e-06
109;0,27408625947903476;0,13205947167347615;-0,27403940109810176;-0,13202716273644496;4,685838093299033e-05;3,230893703118354e-05;0,018638882076636575;0,018638882076636578;0,018638882076636578;0,9424062982857995;-0,5168223218665372;0,9422320982088652;-0,5184736918792398;1,8638882076636577e-06
110;0,5777955716669234;0,2811941283142224;-0,5768357682174862;-0,28053237600435044;0,0009598034494372465;0,0006617523098719769;0,03757430795226307;0,03757430795226307;0,03757430795226307;0,987370656528353;-0,2577251219087792;0,985599645801261;-0,27335881824238634;3,757430795226307e-06
111;0,0;0,0;0,0;0,0;0,0;0,0;;;;;;;;
112;1,96254277999805;0,9560549952705676;-1,9575643407675853;-0,9526227021786554;0,004978439230464593;0,0034322930919121752;0,1296729536807274;0,1296729536807274;0,1296729536807274;0,971962391291624;-0,2449729466746307;0,9693005065832285;-0,26879947740904186;1,296729536807274e-05
113;1,957464341055474;0,9526227018461465;-1,94953652000007;-0,9471569088222643;0,007927821055403905;0,005465793023882171;0,1296675978624096;0,12966759786240958;0,1296675978624096;0,9693005065832285;-0,26879947740904186;0,9650617791742984;-0,3070118574141304;1,296675978624096e-05
114;0,2090729947068277;0,10105032516525529;-0,20901844499282415;-0,10101271687119515;5,454971400353781e-05;3,7608294060145764e-05;0,01357372471529206;0,013573724715292066;0,013573724715292066;0,9877023598192416;-0,25865709092477585;0,9874238469152228;-0,2611554485778144;1,3573724715292066e-06
115;0,5173244497359143;0,2498648710323653;-0,5172123019592547;-0,2497701754462845;0,00011214777665957687;9,469558608080075e-05;0,03410981342550157;0,03410981342550157;0,03410981342550157;0,9724214476734883;-0,24087719115616135;0,9721808084142441;-0,24451775069069778;3,410981342550157e-06
116;0,5171123019621473;0,2497701754437821;-0,5169543044771773;-0,24963681272568222;0,0001579974849700294;0,0001333627180998831;0,03410446573564226;0,03410446573564227;0,03410446573564227;0,9721808084142441;-0,24451775069069778;0,9718417698055065;-0,24964476824808074;3,410446573564227e-06
117;0,5168543044816086;0,24963681272132096;-0,5166199639026668;-0,24943895922865084;0,00023434057894178295;0,00019785349267012475;0,034099116144710326;0,03409911614471033;0,03409911614471033;0,9718417698055065;-0,24964476824808074;0,9713387986420331;-0,25725924361899866;3,4099116144710335e-06
118;-0,12600057269020037;-0,061000394370630415;0,1260525018727023;0,061036197801520954;5,1929182501936344e-05;3,5803430890539445e-05;0,008470898092835901;0,008470898092835903;0,008470898092835903;0,9541284464178454;-0,46857470723866285;0,9545533464168465;-0,46464834870365285;8,470898092835903e-07
119;-0,3353530402249765;-0,16217445764692462;0,3354172120509449;0,1622187019701641;6,417182596840654e-05;4,424432323948957e-05;0,022083975542101605;0,022083975542101605;0,022083975542101605;0,9738626928779341;-0,5290681997342452;0,9740640845979168;-0,52723922295364;2,2083975542101604e-06
120;0,9233946635201192;0,44682368605377354;-0,9229217393612344;-0,44649760130182303;0,0004729241588847799;0,0003260847519505061;0,061242854913971585;0,06124285491397157;0,061242854913971585;0,9670648767536592;-0,6190034761154414;0,9665296604643664;-0,6238951052290922;6,124285491397158e-06
121;-0,32829658722206034;-0,15913554003362523;0,3283530402251249;0,1591744576472773;5,645300306456047e-05;3,8917613652073024e-05;0,02163295569614153;0,021632955696141522;0,02163295569614153;0,9736818115960203;-0,5307005729588434;0,9738626928779341;-0,5290681997342452;2,163295569614153e-06
122;0,3492651959719998;0,1691166024549173;-0,34911750152516097;-0,16901477471219692;0,00014769444683881972;0,00010182774272038397;0,02254494725437464;0,02254494725437464;0,02254494725437464;0,9937641288893929;-0,06912588768412778;0,9933100655147042;-0,073156027746611;2,2544947254374637e-06
123;-0,32808631890615453;-0,15905951130653936;0,32819658722265854;0,15913554003380065;0,00011026831650401414;7,602872726128473e-05;0,021627620104950365;0,021627620104950365;0,021627620104950365;0,9733283952738949;-0,5338907772246735;0,9736818115960203;-0,5307005729588434;2,1627620104950365e-06
124;1,9195365202387793;0,933156908571341;-1,9184638774101284;-0,9324173572913959;0,0010726428286509382;0,0007395512799451831;0,12768727643415306;0,1276872764341531;0,1276872764341531;0,9650617791742984;-0,3070118574141304;0,9644793877045064;-0,31228064688326546;1,2768727643415308e-05
125;-0,12599999999996886;-0,060999999999809165;0,12601844499258763;0,06101271687121896;1,8444992618771305e-05;1,2716871409794439e-05;0,008186518500780712;0,008186518500780712;0,008186518500780712;0,9872676834030374;-0,26255036349371746;0,9874238469152228;-0,2611554485778144;8,186518500780713e-07
126;0,1760387439563336;0,08502671018365424;-0,1760016096737242;-0,08500110879498299;3,7134282609402325e-05;2,560138867124806e-05;0,01197904413120865;0,01197904413120865;0,01197904413120865;0,9422320982088652;-0,5184736918792398;0,9420172723162208;-0,5204971339870984;1,1979044131208648e-06
127;0,6248330618435151;0,30250541206759307;-0,6243623227877982;-0,3021808532658404;0,00047073905571681784;0,0003245588017526946;0,042294137907881085;0,04229413790788108;0,042294137907881085;0,9476529522116561;-0,4671474119895806;0,9468815181377209;-0,4743334507662627;4,229413790788108e-06
128;0,19132672515770488;0,09208737323601572;-0,19128490060815947;-0,09205853661088455;4,182454954540504e-05;2,8836625131173355e-05;0,01260682421613039;0,012606824216130392;0,012606824216130392;0,9724214476734883;-0,24087719115616135;0,9721915827299706;-0,24299448660715023;1,2606824216130392e-06
129;0,19118490060887006;0,092058536609745;-0,19112918187218741;-0,09202012040825651;5,571873668264171e-05;3,841620148849201e-05;0,012601473293571504;0,012601473293571506;0,012601473293571506;0,9721915827299706;-0,24299448660715023;0,9718852185063399;-0,24581421483668914;1,2601473293571507e-06
130;0,3511893709531328;0,16913056022800402;-0,35108625952779066;-0,16905947130302104;0,00010311142534213946;7,108892498297603e-05;0,023872511078157816;0,023872511078157806;0,023872511078157816;0,9427055706298744;-0,513983244954761;0,9424062982857995;-0,5168223218665372;2,3872511078157814e-06
131;0,502735668904675;0,24453229216071212;-0,5026228994621241;-0,2444370896555743;0,00011276944255089738;9,520250513780915e-05;0,03274847479700253;0,032748474797002526;0,03274847479700253;0,985599645801261;-0,27335881824238634;0,9853474501845931;-0,277078656848614;3,274847479700253e-06
132;0,5025228994623443;0,24443708965549887;-0,5022504422384604;-0,24420708828517712;0,00027245722388391513;0,00023000137032175294;0,03274320561890108;0,03274320561890108;0,03274320561890108;0,9853474501845931;-0,277078656848614;0,9847380487398053;-0,28607131507298716;3,274320561890108e-06
133;-0,6022306035412095;-0,2911589964437208;0,6026711657165502;0,29146274929785454;0,0004405621753407196;0,0003037528541337542;0,039310866064609894;0,039310866064609894;0,039310866064609894;0,9824298964651841;-0,3057741128751812;0,9832066178518774;-0,2987810948552465;3,9310866064609895e-06
134;0,8575389499411461;0,4160610635871548;-0,8565266461038871;-0,4153630978362568;0,001012303837259032;0,0006979657508979775;0,05594292249310625;0,05594292249310625;0,05594292249310625;0,983675543623721;-0,294530412415358;0,982421187106714;-0,3057299233914187;5,594292249310625e-06
135;-0,00020000000725214676;-5,131345887046627e-12;0,00020000003798444448;2,6318709674026536e-11;3,073229772878813e-11;2,118736378697991e-11;1,2145090729877489e-05;1,214509072987749e-05;1,214509072987749e-05;0,9507550054022434;-0,43805509044305363;0,9507551514966754;-0,4380490207118123;1,214509072987749e-09
136;0,4396199639004873;0,21243895925713124;-0,4393542537698934;-0,21221463683991815;0,00026571013059389914;0,00022432241721309643;0,02902138538286535;0,029021385382865347;0,02902138538286535;0,9713387986420331;-0,25725924361899866;0,970668699916419;-0,26740118418972164;2,902138538286535e-06
137;0,6134226080957887;0,2971876848359898;-0,6132935400444647;-0,29709871243919866;0,00012906805132406607;8,897239679112046e-05;0,039353433401302075;0,039353433401302075;0,039353433401302075;1,0;0,0;0,9997726803673765;-0,002000747336772538;3,935343340130207e-06
138;0,6131935400447616;0,297098712439098;-0,612709685903952;-0,2967651192319084;0,0004838541408095365;0,0003335932071896197;0,039348236371048576;0,039348236371048576;0,039348236371048576;0,9997726803673765;-0,002000747336772538;0,9989203551908389;-0,009511029741249555;3,934823637104858e-06
139;-0,04400000002451388;-0,020999999850340127;0,04400057264431348;0,021000394652500178;5,726197995978288e-07;3,9480216005097213e-07;0,0029502120811626086;0,002950212081162608;0,0029502120811626086;0,9541150052684929;-0,46870357342626734;0,9541284464178454;-0,46857470723866285;2,950212081162609e-07
140;-0,6813468410555388;-0,3302391246810306;0,6816162330148096;0,33042486140807925;0,00026939195927078163;0,00018573672704863542;0,04524779012900661;0,04524779012900659;0,04524779012900661;0,9661169722987392;-0,6276500507701296;0,9665296604643664;-0,6238951052290922;4,524779012900661e-06
141;0,0632032471141179;0,03100223873739355;-0,06320278338312696;-0,031001919097870263;4,6373099094054737e-07;3,1963952328711853e-07;0,0041124377307974035;0,0041124377307974035;0,0041124377307974035;0,9883174246835814;-0,11795645699698827;0,9883096033936205;-0,11802380902658369;4,1124377307974037e-07
142;0,06310278338398642;0,031001919097754932;-0,0631001938176061;-0,031000133678526928;2,589566380314934e-06;1,7854192280036818e-06;0,004107193728693445;0,004107193728693444;0,004107193728693445;0,9883096033936205;-0,11802380902658369;0,9882658649232007;-0,11839918508797154;4,107193728693445e-07
143;1,835463877562221;0,8924173571919477;-1,831208629250226;-0,8894835060985886;0,004255248311994864;0,0029338510933590856;0,12217193770848696;0,12217193770848697;0,12217193770848697;0,9644793877045064;-0,31228064688326546;0,962064732218164;-0,33417239755422;1,2217193770848696e-05
144;1,8311086294180419;0,8894835059122895;-1,8304540336803887;-0,8890321840904327;0,0006545957376531408;0,00045132182185680936;0,12216653969555002;0,12216653969555002;0,12216653969555002;0,962064732218164;-0,33417239755422;0,9616932744566276;-0,337549492184259;1,2216653969555004e-05
145;-0,49960896195933097;-0,24035090697621891;0,5016535782930112;0,2417606014114786;0,0020446163336801937;0,0014096944352596785;0,03392689288836522;0,03392689288836522;0,03392689288836522;0,9434772759248298;-0,5066520532677135;0,9476529522116561;-0,4671474119895806;3,392689288836522e-06
146;0,42250896211767325;0,20335090713586987;-0,4221893709688692;-0,20313055991904624;0,0003195911488040326;0,00022034721682362424;0,02869368905250665;0,028693689052506646;0,02869368905250665;0,9434772759248298;-0,5066520532677135;0,9427055706298744;-0,513983244954761;2,8693689052506648e-06
147;-1,7314735087302102;-0,8387381778035294;1,7477722229377388;0,8499755949862853;0,016298714207528597;0,011237417182755838;0,11841846348102186;0,11841846348102188;0,11841846348102188;0,9380106862337128;-0,617514617630374;0,9475518885299729;-0,5288397350115854;1,1841846348102188e-05
148;0,5002968997116486;0,24220470732115368;-0,5002239485408554;-0,24215439854205012;7,295117079320068e-05;5,0308779103558354e-05;0,03386784592077376;0,033867845920773756;0,03386784592077376;0,9475518885299729;-0,5288397350115854;0,9474025848263299;-0,5302308468289573;3,3867845920773764e-06
149;0,11412918186674255;0,05502012044356178;-0,11410837335507079;-0,05500577337924188;2,080851167175768e-05;1,4347064319901459e-05;0,007526589346068658;0,0075265893460686574;0,007526589346068658;0,9718852185063399;-0,24581421483668914;0,9716936451520806;-0,24757252284714534;7,526589346068658e-07
150;0,19417433434574125;0,09405124981765652;-0,19413239407021138;-0,09402233340333774;4,194027552986701e-05;2,891641431877756e-05;0,012624253326007688;0,012624253326007685;0,012624253326007688;0,9867117375366878;-0,26357141620971747;0,9864814663374935;-0,2656277929216122;1,2624253326007687e-06
151;0,11400837335511733;0,055005773378871144;-0,11400000000972868;-0,05499999994534617;8,373345388654196e-06;5,773433524973448e-06;0,007521237502571971;0,007521237502571971;0,007521237502571971;0,9716936451520806;-0,24757252284714534;0,9716164967380053;-0,2482792759414665;7,52123750257197e-07
152;-0,3571472070620712;-0,17210149140833966;0,35727295273833337;0,17218818872770572;0,00012574567626216782;8,669731936605807e-05;0,023148720820856776;0,023148720820856776;0,023148720820856776;0,9887839698042677;-0,09976228818918186;0,9891603680978026;-0,09636509406212942;2,3148720820856776e-06
153;0,0;0,0;0,0;0,0;0,0;0,0;;;;;;;;
154;0,3332812721946396;0,16219392445333294;-0,33309560158648743;-0,16206591079189833;0,0001856706081521664;0,00012801366143461168;0,021687825565462282;0,021687825565462275;0,021687825565462282;0,9867117375366878;-0,26357141620971747;0,9861181804325555;-0,2688085148403997;2,168782556546228e-06
155;0,0;0,0;0,0;0,0;0,0;0,0;;;;;;;;
156;-0,21202410657429127;-0,10301662001994216;0,21208631890513135;0,10305951131369491;6,221233084008349e-05;4,2891293752747583e-05;0,013987003271021823;0,013987003271021821;0,013987003271021823;0,9730200447877059;-0,5366585392864353;0,9733283952738949;-0,5338907772246735;1,3987003271021823e-06
157;0,018000053035694442;0,009000036573093768;-0,01799999999847699;-0,008999999998562262;5,303721745120171e-08;3,6574531505836894e-08;0,0011756944443460451;0,0011756944443460455;0,0011756944443460455;0,9882658649232007;-0,11839918508797154;0,9882627321529396;-0,11842479220387975;1,1756944443460457e-07
158;0,5595051649452063;0,27076200223757335;-0,5592320385067754;-0,27057367122020337;0,0002731264384309151;0,00018833101736998037;0,035925557452159765;0,035925557452159765;0,035925557452159765;0,9989203551908389;-0,009511029741249555;0,9983934160037851;-0,014172970919785602;3,592555745215977e-06
159;0,6055255706126973;0,29336235614736833;-0,6051141032024251;-0,29307866315861697;0,0004114674102722038;0,0002836929887513606;0,03954192269636205;0,03954192269636204;0,03954192269636205;0,982421187106714;-0,3057299233914187;0,9816999216796436;-0,3121985464480857;3,954192269636205e-06
160;0,1710330253864606;0,08302276989748306;-0,17100074719169012;-0,08300051516401612;3,227819477047422e-05;2,225473346693929e-05;0,011075024102837928;0,011075024102837927;0,011075024102837928;0,9911040806898369;-0,10268085297409907;0,9909020415015481;-0,10446685264219914;1,107502410283793e-06
161;0,16713239407053748;0,08102233340379573;-0,1671000000096717;-0,08100000000661314;3,239406086577579e-05;2,2333397182591752e-05;0,010870424217076406;0,010870424217076404;0,010870424217076406;0,9864814663374935;-0,2656277929216122;0,986274904778385;-0,2674683869199436;1,0870424217076405e-06
162;-9,999999996268963e-05;5,724203214226941e-14;0,00010000002323733932;1,59895099218593e-11;2,327464969072244e-11;1,604675195400157e-11;5,841750726345011e-06;5,841750726345011e-06;5,841750726345011e-06;0,9883171946562038;-0,11796565110647797;0,9883174246835814;-0,11795645699698827;5,841750726345011e-10
163;0,36835425376810416;0,17821463686695696;-0,3681180490313624;-0,17801523748796047;0,0002362047367417408;0,00019939937899648985;0,024339118485281554;0,02433911848528155;0,024339118485281554;0,970668699916419;-0,26740118418972164;0,9699583443327625;-0,2781377902502468;2,4339118485281554e-06
164;0,0;0,0;0,0;0,0;0,0;0,0;;;;;;;;
165;0,0;0,0;0,0;0,0;0,0;0,0;;;;;;;;
166;0,0;0,0;0,0;0,0;0,0;0,0;;;;;;;;
167;0,49555761567907247;0,23931550222879136;-0,4955083124629658;-0,23928150931371903;4,930321610668864e-05;3,399291507233393e-05;0,033527665209471105;0,03352766520947111;0,03352766520947111;0,9476529522116561;-0,4671474119895806;0,94755104422823;-0,4681022430973565;3,352766520947111e-06
168;-0,00010000000061506263;1,10648172986032e-13;0,00010000000342820941;2,2645600714530982e-12;2,813146783120328e-12;2,3752082444391302e-12;5,813050221610381e-06;5,813050221610381e-06;5,813050221610381e-06;0,9931967740350073;-0,07481992166588823;0,9931968019750905;-0,07481856077185439;5,813050221610382e-10
169;0,0;0,0;0,0;0,0;0,0;0,0;;;;;;;;
170;0,5452116493268407;0,264145899895044;-0,5450026559554267;-0,26400183139027156;0,00020899337141400132;0,00014406850477244326;0,035409884491356694;0,035409884491356694;0,035409884491356694;0,9877907020087253;-0,10862719807282811;0,9873816219303423;-0,11227272772288992;3,5409884491356693e-06
171;0,4482239485107151;0,21715439882076554;-0,44813808074567646;-0,21709520063836688;8,586776503866078e-05;5,9198182398662036e-05;0,030351756238055055;0,030351756238055055;0,030351756238055055;0,9474025848263299;-0,5302308468289573;0,947206493743005;-0,5320530331180464;3,035175623805506e-06
172;-0,17510000000337467;-0,08500000000201387;0,1751175015250358;0,08501477471209297;1,7501521661134056e-05;1,4774710079101805e-05;0,011314562435247734;0,011314562435247734;0,011314562435247734;0,9931968019750905;-0,07481856077185439;0,9933100655147042;-0,073156027746611;1,1314562435247734e-06
173;0,34825044223833085;0,1692070882851253;-0,3481104590406676;-0,1690889025815211;0,0001399831976632293;0,00011818570360419556;0,022700378590643416;0,02270037859064342;0,02270037859064342;0,9847380487398053;-0,28607131507298716;0,9842864636653059;-0,2927522526464012;2,270037859064342e-06
174;0,013200522926316263;0,006000360336881766;-0,013200000066241262;-0,0059999998507424155;5,228600750001311e-07;3,604861393505937e-07;0,0008989952184597143;0,0008989952184597142;0,0008989952184597143;0,9312330678721757;-0,6816487386076577;0,9311929186990545;-0,6820905534908018;8,989952184597142e-08
175;0,5013881482244166;0,24229244407966877;-0,5012276666514165;-0,2421569583528697;0,00016048157300008192;0,00013548572679905613;0,03383043677567705;0,03383043677567705;0,03383043677567705;0,9503413854629732;-0,44432335884798296;0,9499941908020336;-0,4496923639355613;3,383043677567705e-06
176;0,052001097010462065;0,025000756056099093;-0,05200000004425997;-0,024999999734668373;1,0969662020965387e-06;7,563214307199084e-07;0,003536285432677789;0,003536285432677789;0,003536285432677789;0,9420172723162208;-0,5204971339870984;0,9419957809188674;-0,5207020199788823;3,536285432677789e-07
177;0,49112791135703115;0,2375708257798211;-0,4909107357801039;-0,23742107526170061;0,0002171755769272421;0,000149750518120495;0,03154917962901754;0,03154917962901754;0,03154917962901754;0,9983934160037851;-0,014172970919785602;0,9979163131111104;-0,018400679505308982;3,154917962901754e-06
178;-0,13501015335652622;-0,06600699975017585;0,13502410657261177;0,06601662002501459;1,3953216085549336e-05;9,620274838736953e-06;0,008918110530036622;0,008918110530036624;0,008918110530036624;0,9729115373968843;-0,5376169486655239;0,9730200447877059;-0,5366585392864353;8,918110530036623e-07
179;0,24709560158653052;0,12006591079195748;-0,24702467983997162;-0,12001701530023925;7,09217465588996e-05;4,889549171822882e-05;0,01608434970358673;0,01608434970358673;0,01608434970358673;0,9861181804325555;-0,2688085148403997;0,9858125006424945;-0,2715169763191021;1,6084349703586729e-06
180;0,4758105728626937;0,23042096294410483;-0,47561155833922547;-0,23028374929225934;0,00019901452346821058;0,0001372136518454914;0,030586375467784543;0,030586375467784543;0,030586375467784543;0,9979163131111104;-0,018400679505308982;0,9974653257162497;-0,022385780791887067;3,0586375467784545e-06
181;-0,11900000000177267;-0,05799999999178723;0,11901015335669902;0,05800699975133888;1,0153354926351055e-05;6,999759551644391e-06;0,007856607073408751;0,00785660707340875;0,007856607073408751;0,9728219302559846;-0,5384148535196446;0,9729115373968843;-0,5376169486655239;7,856607073408751e-07
182;0,0;0,0;0,0;0,0;0,0;0,0;;;;;;;;
183;0,0;0,0;0,0;0,0;0,0;0,0;;;;;;;;
184;-0,4029999999999992;-0,19499999999920925;0,4031141032021534;0,19507866315881953;0,00011410320215421432;7,866315961027603e-05;0,026337780016073314;0,02633778001607331;0,026337780016073314;0,9813996607541491;-0,31489940644583214;0,9816999216796436;-0,3121985464480857;2,6337780016073313e-06
185;0,1390095409041683;0,06700657653077986;-0,1390008657304147;-0,06700059619823481;8,675173753608378e-06;5,980332545049705e-06;0,009375199425708549;0,009375199425708552;0,009375199425708552;0,9503219953824082;-0,5033407561024251;0,9502578790291845;-0,5039423722610942;9,375199425708551e-07
186;-0,06920221017156612;-0,03400186614325751;0,0692064751838754;0,03400480714577845;4,26501230928189e-06;2,9410025209411494e-06;0,004548723545541073;0,004548723545541073;0,004548723545541073;0,9786522933153153;-0,1850502963252596;0,9787173409012626;-0,1844864856908128;4,548723545541073e-07
187;-1,0180995104110027;-0,49141331530847515;1,0209544253783174;0,4933816326894091;0,0028549149673147145;0,0019683173809339483;0,07008881722803129;0,07008881722803129;0,07008881722803129;0,9312330678721757;-0,6816487386076577;0,9340558731230062;-0,6547862053994545;7,008881722803129e-06
188;0,5156869147569481;0,24956673060342233;-0,5154002287804405;-0,24932471776817605;0,00028668597650760574;0,0002420128352462747;0,03480860967247203;0,034808609672472034;0,034808609672472034;0,9502391769377216;-0,4459180159889852;0,9496363056617225;-0,4552205833862667;3,480860967247203e-06
189;0,49523060354174164;0,23915899644407201;-0,495132112808657;-0,23909109017025898;9,849073308465517e-05;6,790627381303427e-05;0,03231951739478202;0,032319517394782026;0,032319517394782026;0,9824298964651841;-0,3057741128751812;0,9822187096940651;-0,3076829884286659;3,2319517394782027e-06
190;0,35313808067679625;0,17109520116455484;-0,3530157650505258;-0,1710108656815336;0,00012231562627046388;8,433548302125282e-05;0,023918115837954484;0,023918115837954484;0,023918115837954484;0,947206493743005;-0,5320530331180464;0,9468520238251695;-0,5353489970609876;2,3918115837954485e-06
191;0,40633979489341354;0,1962454948917787;-0,406267338866541;-0,19618431431259872;7,245602687255825e-05;6,118057917997577e-05;0,027417084324168575;0,027417084324168575;0,027417084324168575;0,9502391769377216;-0,4459180159889852;0,9500457549549727;-0,44891277020526626;2,7417084324168576e-06
192;-0,04120082836690559;-0,020000699424093233;0,04120221017076425;0,020001866149272365;1,3818038586618786e-06;1,166725179132383e-06;0,0027019811163545952;0,002701981116354595;0,0027019811163545952;0,9786148444447549;-0,1856084177329838;0,9786522933153153;-0,1850502963252596;2,701981116354595e-07
193;-0,0411000000068406;-0,01999999999808171;0,041100828366736196;0,020000699424424954;8,283598955938221e-07;6,994263432452685e-07;0,002696674984214308;0,0026966749842143077;0,002696674984214308;0,9785923451002789;-0,18594242060257654;0,9786148444447549;-0,1856084177329838;2,696674984214308e-07
194;0,2761104590408978;0,13408890258144016;-0,2760280793618313;-0,1340193597783467;8,237967906649102e-05;6,954280309345862e-05;0,018004542056752153;0,018004542056752157;0,018004542056752157;0,9842864636653059;-0,2927522526464012;0,9839514224698592;-0,2977133951116355;1,8004542056752159e-06
195;0,4195093574879367;0,2032822318121332;-0,419379224282756;-0,2031925058626732;0,000130133205180738;8,972594945999557e-05;0,026982562176989043;0,02698256217698904;0,026982562176989043;0,9974653257162497;-0,022385780791887067;0,9971310276824045;-0,02533632930647829;2,698256217698904e-06
196;-0,4872204808790499;-0,23615201443764788;0,4873468410507755;0,23623912470773584;0,00012636017172562575;8,711027008795336e-05;0,03236513626279198;0,032365136262791964;0,03236513626279198;0,965846356218091;-0,6301123329866608;0,9661169722987392;-0,6276500507701296;3,236513626279198e-06
197;-0,0510000000128771;-0,024999999931228322;0,051001810484926254;0,025001248075542763;1,8104720491546322e-06;1,2481443144411741e-06;0,0034099782263157597;0,0034099782263157597;0,0034099782263157597;0,9616564483998041;-0,3378761607963971;0,9616932744566276;-0,337549492184259;3,4099782263157597e-07
198;-0,4090388343719687;-0,1980267763557798;0,4091865141612663;0,19812859676949518;0,0001476797892975834;0,00010182041371536998;0,02690972902535306;0,02690972902535306;0,02690972902535306;0,9750319740811908;-0,2172516741727756;0,9754123528518495;-0,21381185468562905;2,690972902535306e-06
199;-0,2730134637863611;-0,1320092816324865;0,27308420737896577;0,13205805345702085;7,074359260467178e-05;4,877182453433271e-05;0,0184266676622699;0,018426667662269896;0,0184266676622699;0,9501642079056923;-0,44343452194361105;0,9504302826918538;-0,44095769471070695;1,8426667662269899e-06
200;0,4072790734202239;0,1971924018357367;-0,4071383126986423;-0,19709536240338954;0,0001407607215815898;9,703943234715129e-05;0,02620057698767633;0,02620057698767633;0,02620057698767633;0,9971310276824045;-0,02533632930647829;0,9967586687303231;-0,028629666414441427;2,620057698767633e-06
201;-0,052500257208587815;-0,025000177331516757;0,05250299896260028;0,025002067555882836;2,741754012464126e-06;1,8902243660787188e-06;0,003450532588647598;0,0034505325886475978;0,003450532588647598;0,9729582036077155;-0,5652489414099826;0,973013220698971;-0,5647288801324322;3,450532588647598e-07
202;0,14501985755172203;0,07001369154074182;-0,1450000000004035;-0,06999999999996749;1,985755131853062e-05;1,3691540774324329e-05;0,00944496312724336;0,009444963127243359;0,00944496312724336;0,984379982320595;-0,2882507099108913;0,9842342830112143;-0,28956604136852593;9,44496312724336e-07
203;0,0;0,0;0,0;0,0;0,0;0,0;;;;;;;;
204;-0,00010000000002989355;1,52582144908445e-13;0,0001000000053680004;4,354317142388461e-12;5,3381068554174405e-12;4,506899287296906e-12;5,899803969165818e-06;5,899803969165817e-06;5,899803969165818e-06;0,9785922928619757;-0,18594500286552113;0,9785923451002789;-0,18594242060257654;5,899803969165818e-10
205;0,0;0,0;0,0;0,0;0,0;0,0;;;;;;;;
206;0,00010000000931961118;6,432139550093122e-12;-9,999999992550924e-05;4,4424500038488636e-14;9,394101937857703e-12;6,476564050131611e-12;5,853847849106099e-06;5,8538478491061e-06;5,8538478491061e-06;0,986274904778385;-0,2674683869199436;0,9862748121267215;-0,2674720977174584;5,8538478491061e-10
207;0,0;0,0;0,0;0,0;0,0;0,0;;;;;;;;
208;-9,99999998239743e-05;2,0904286750741995e-13;0,00010000000710215287;4,809017319786631e-12;7,278178575228708e-12;5,018060187294051e-12;6,072545576025246e-06;6,072545576025245e-06;6,072545576025246e-06;0,9507549362046002;-0,43805796557955895;0,9507550054022434;-0,43805509044305363;6,072545576025246e-10
209;-0,2720547691588439;-0,13103776177478818;0,27214687987647485;0,1311012658099246;9,211071763093326e-05;6,350403513641356e-05;0,017638346953360393;0,017638346953360393;0,017638346953360393;0,9884221299323915;-0,10303264694769705;0,9887839698042677;-0,09976228818918186;1,7638346953360395e-06
210;-0,4160840832444367;-0,20105796442321175;0,4162913319646355;0,2012008469713588;0,00020724872019883822;0,0001428825481470386;0,02866584693836754;0,02866584693836755;0,02866584693836755;0,9307320234524941;-0,6864171421657347;0,9312330678721757;-0,6816487386076577;2,8665846938367547e-06
211;0,3151519367005721;0,1521047464718978;-0,3150776074246833;-0,15205350360068498;7,43292758887959e-05;5,1242871212831e-05;0,021257402738533764;0,021257402738533767;0,021257402738533767;0,9504302826918538;-0,44095769471070695;0,950187979075796;-0,4432244591881534;2,1257402738533765e-06
212;0,35026733882047817;0,16918431432841083;-0,3501264030650899;-0,16908714962777685;0,00014093575538826064;9,71647006339782e-05;0,023639018618669513;0,023639018618669513;0,023639018618669513;0,9500457549549727;-0,44891277020526626;0,949632588609222;-0,4527728414362183;2,363901861866951e-06
213;0,3792276665670793;0,18315695851405114;-0,37911991285055535;-0,1830826727127634;0,0001077537165239395;7,428580128773787e-05;0,02559448403008384;0,025594484030083842;0,025594484030083842;0,9499941908020336;-0,4496923639355613;0,9497024386612957;-0,45241823422270205;2,5594484030083843e-06
214;0,43840022877244;0,21232471792580884;-0,4380851261771141;-0,21205868566617794;0,00031510259532591123;0,0002660322596308995;0,029614845350713764;0,02961484535071376;0,029614845350713764;0,9496363056617225;-0,4552205833862667;0,9488573866026365;-0,46723755153838226;2,9614845350713763e-06
215;0,11902467984019748;0,058017015300443425;-0,11901874430703789;-0,058012923571201504;5,935533159584505e-06;4,091729241921527e-06;0,0077548123174483756;0,007754812317448375;0,0077548123174483756;0,9858125006424945;-0,2715169763191021;0,9857594303613473;-0,2719831846815092;7,754812317448376e-07
216;0,0;0,0;0,0;0,0;0,0;0,0;;;;;;;;
217;-0,27311620362468503;-0,1320111739746482;0,27329210025647277;0,13213244724806095;0,00017589663178774195;0,00012127327341274197;0,017717995004583487;0,01771799500458349;0,01771799500458349;0,9884723411836941;-0,10252588563489726;0,9891603680978026;-0,09636509406212942;1,771799500458349e-06
218;-0,0004000001028711356;-7,115608348799886e-11;0,0004000001399366942;9,671154387799063e-11;3,706555857596952e-11;2,5555460389991777e-11;2,3735879672119736e-05;2,3735879672119746e-05;2,3735879672119746e-05;0,9729581134496358;-0,5652526019578169;0,9729582036077155;-0,5652489414099826;2,3735879672119746e-09
219;-0,00030000000547157624;-3,840735042016149e-12;0,0003000001027686842;7,092383006082869e-11;9,729710797896224e-11;6,708309501881254e-11;1,7801911274095755e-05;1,7801911274095752e-05;1,7801911274095755e-05;0,972957797896348;-0,5652654138805944;0,9729581134496358;-0,5652526019578169;1,7801911274095754e-09
220;-0,00010000000032843272;5,3899631450316236e-14;0,0001000000034172299;2,0757224907380363e-12;3,0887971759312183e-12;2,1296221221883525e-12;5,933970519248757e-06;5,933970519248757e-06;5,933970519248757e-06;0,9729577678436557;-0,5652666340641492;0,972957797896348;-0,5652654138805944;5,933970519248757e-10
221;0,0;0,0;0,0;0,0;0,0;0,0;;;;;;;;
222;0,00010000000256851936;1,948938804174986e-12;-0,00010000000003945718;-2,0523519267633117e-13;2,5290621783217657e-12;1,7437036114986546e-12;6,200115938508255e-06;6,2001159385082555e-06;6,2001159385082555e-06;0,931192722434622;-0,682098879060001;0,9311926988841794;-0,682099878128549;6,200115938508256e-10
223;0,000200000042821707;3,110711122630483e-11;-0,00020000000066836598;-2,0453856478607033e-12;4,215334101199085e-11;2,9061725578444128e-11;1,2400231599953625e-05;1,2400231599953625e-05;1,2400231599953625e-05;0,9311929186990545;-0,6820905534908018;0,931192722434622;-0,682098879060001;1,2400231599953625e-09
224;0,3884220946948293;0,18815312057718203;-0,3883435853670298;-0,18809899102696184;7,850932779951414e-05;5,412955022018884e-05;0,026758164016553163;0,026758164016553166;0,026758164016553166;0,9312330678721757;-0,6816487386076577;0,9310297005522635;-0,6835726220264775;2,6758164016553167e-06
225;0,27119562793290386;0,13113487249918368;-0,27106633275434766;-0,13104573129111163;0,0001292951785561991;8,914120807204662e-05;0,018354575209226027;0,01835457520922602;0,018354575209226027;0,94755104422823;-0,4681022430973565;0,9470628397309013;-0,472663078260136;1,8354575209226026e-06
226;0,10301874430680626;0,05001292357115783;-0,10300000000005247;-0,049999999999880265;1,874430675379013e-05;1,2923571277564938e-05;0,0067071585877530055;0,006707158587753005;0,0067071585877530055;0,9857594303613473;-0,2719831846815092;0,9855656968141437;-0,27370452790635286;6,707158587753006e-07
227;0,20201477940913293;0,09801247849223821;-0,20200000002325574;-0,09799999989724352;1,477938587718386e-05;1,247859499468873e-05;0,013324044456814527;0,013324044456814527;0,013324044456814527;0,97294723614138;-0,23355895145584843;0,9728660156928965;-0,2347776653089108;1,332404445681453e-06
228;0,0;0,0;0,0;0,0;0,0;0,0;;;;;;;;
229;0,34821288056258587;0,1691467667374443;-0,3480967958779759;-0,1690667360002358;0,0001160846846099961;8,00307372084974e-05;0,023604277433867348;0,02360427743386735;0,02360427743386735;0,9468815181377209;-0,4743334507662627;0,9465405885092283;-0,4774820016771096;2,360427743386735e-06
230;-0,3182539158052912;-0,1541061178205149;0,31835509380382526;0,15419152961853796;0,00010117799853404108;8,541179802307175e-05;0,021489769851934275;0,021489769851934286;0,021489769851934286;0,9499967199229269;-0,4496326668599432;0,9503413854629732;-0,44432335884798296;2,1489769851934284e-06
231;-0,14300063007483066;-0,06900053186233408;0,14301315706143553;0,06901110770511179;1,2526986604866064e-05;1,0575842777707511e-05;0,009451882739761074;0,009451882739761074;0,009451882739761074;0,969861354784112;-0,27961032617186354;0,9699583443327625;-0,2781377902502468;9,451882739761073e-07
232;0,01800086563960644;0,009000596761395975;-0,018000000015581642;-0,008999999912330064;8,656240247963132e-07;5,96849065911606e-07;0,001222778720688123;0,0012227787206881228;0,001222778720688123;0,9502578790291845;-0,5039423722610942;0,9502087194888126;-0,5043600675911815;1,2227787206881229e-07
233;0,3091355792527346;0,14909346810145288;-0,309094783732469;-0,1490653452321635;4,0795520265590746e-05;2,8122869289382013e-05;0,020330481371619805;0,020330481371619802;0,020330481371619805;0,9746589717226457;-0,5218471793454125;0,9745199284525478;-0,5231175828423247;2,0330481371619805e-06
234;-0,31614020000986814;-0,15302771491082084;0,3161819075383109;0,15305646648361965;4,170752844273595e-05;2,8751572798801917e-05;0,020556475311476603;0,0205564753114766;0,020556475311476603;0,9864648430909579;-0,27859622502404474;0,9866054634554747;-0,27733907679555503;2,0556475311476603e-06
235;0,32115530233270706;0,15510707506442153;-0,32106721002545574;-0,15504633837104992;8,809230725131956e-05;6,07366933716158e-05;0,021126542218114108;0,021126542218114108;0,021126542218114108;0,9746589717226457;-0,5218471793454125;0,974370005377952;-0,5244795207092124;2,112654221811411e-06
236;0,3171199128299205;0,15308267287162983;-0,31706966333949665;-0,1530480275321311;5,024949042387039e-05;3,4645339498734495e-05;0,021407281155990367;0,021407281155990363;0,021407281155990367;0,9497024386612957;-0,45241823422270205;0,949539773138872;-0,4539407228752496;2,1407281155990367e-06
237;0,049004189264307045;0,02400288834973449;-0,049000000001461236;-0,023999999993408516;4,189262845809283e-06;2,888356325975172e-06;0,003257716118337688;0,003257716118337688;0,003257716118337688;0,9670648767536592;-0,6190034761154414;0,9669756841400042;-0,6197922481055551;3,2577161183376884e-07
238;0,2412055063497727;0,11607273989020575;-0,24117186507101154;-0,11604954535601197;3,364127876115397e-05;2,3194534193776706e-05;0,01598973649599153;0,015989736495991527;0,01598973649599153;0,9665296604643664;-0,6238951052290922;0,9663838885573369;-0,6252465328542064;1,5989736495991529e-06
239;-0,36504295230702294;-0,17702961141110987;0,36522048087705017;0,1771520144546169;0,00017752857002723;0,00012240304350702447;0,02426436127385376;0,024264361273853764;0,024264361273853764;0,9653391881490907;-0,6347238180589722;0,965846356218091;-0,6301123329866608;2,4264361273853763e-06
240;0,0;0,0;0,0;0,0;0,0;0,0;;;;;;;;
241;0,0;0,0;0,0;0,0;0,0;0,0;;;;;;;;
242;0,2651264030375115;0,12808714984478173;-0,26503504216695445;-0,1280241595865591;9,136087055705566e-05;6,299025822262272e-05;0,017901487624525002;0,017901487624525002;0,017901487624525002;0,949632588609222;-0,4527728414362183;0,9492789035880522;-0,4560772190848011;1,7901487624525001e-06
243;0,2710947837323763;0,13106534523426225;-0,27102149797870845;-0,13101482045463617;7,328575366782886e-05;5,052477962608215e-05;0,017839458549614124;0,01783945854961412;0,017839458549614124;0,9745199284525478;-0,5231175828423247;0,9742352229670382;-0,5257039842824114;1,7839458549614125e-06
244;0,21307760738502368;0,10305350385967224;-0,21302997797298642;-0,10302066711546938;4,76294120372589e-05;3,2836744202860424e-05;0,014381675978433033;0,014381675978433034;0,014381675978433034;0,950187979075796;-0,4432244591881534;0,9499584522211194;-0,4453608530176088;1,4381675978433034e-06
245;-0,25817387702539457;-0,125050933850279;0,25825391576102646;0,12510611787594036;8,003873563189323e-05;5,518402566137559e-05;0,01743974662210149;0,017439746622101494;0,017439746622101494;0,9496786100674289;-0,4525825114245478;0,9499967199229269;-0,4496326668599432;1,7439746622101492e-06
246;0,1940663327200529;0,09404573156727182;-0,1940000001262317;-0,09399999925448334;6,633259382118895e-05;4,573231278848233e-05;0,013146697274919256;0,013146697274919262;0,013146697274919262;0,9470628397309013;-0,472663078260136;0,9467131100840231;-0,4759128201216304;1,314669727491926e-06
247;0,18201576489896654;0,08801086667272943;-0,18200543347062337;-0,08800374500853178;1,0331428343168803e-05;7,121664197654032e-06;0,012327914219674711;0,012327914219674708;0,012327914219674711;0,9468520238251695;-0,5353489970609876;0,9467939450249587;-0,5358914598561955;1,232791421967471e-06
248;-0,25800248669164644;-0,12500171440520877;0,2580388343650881;0,12502677639845974;3,634767344168344e-05;2,5061993250974357e-05;0,01697844790457964;0,01697844790457964;0,01697844790457964;0,9748835828224769;-0,21859168425048636;0,9750319740811908;-0,2172516741727756;1,697844790457964e-06
249;0,19917186507029017;0,09604954536160924;-0,19913167677504978;-0,09602183868385886;4,018829524038425e-05;2,7706677750385933e-05;0,01321057380307288;0,01321057380307288;0,01321057380307288;0,9663838885573369;-0,6252465328542064;0,9661730890932752;-0,6271902030363526;1,321057380307288e-06
250;0,0;0,0;0,0;0,0;0,0;0,0;;;;;;;;
251;-0,1601010154833545;-0,07800070006614662;0,1601162036247063;0,07801117397465475;1,5188141351790696e-05;1,0473908508126795e-05;0,010403071396625588;0,010403071396625586;0,010403071396625588;0,9883711055264155;-0,10341495012352964;0,9884723411836941;-0,10252588563489726;1,0403071396625589e-06
252;0,31608512610020545;0,15305868585390772;-0,31600000015878094;-0,15299999909287415;8,512594142451313e-05;5,868676103357173e-05;0,021369025244796315;0,021369025244796322;0,021369025244796322;0,9488573866026365;-0,46723755153838226;0,9485812811100041;-0,46980294715162446;2,136902524479632e-06
253;0,3021119132474151;0,14607716140349664;-0,30204365290264884;-0,1460300981835757;6,826034476625775e-05;4,7063219920928656e-05;0,019725132509593936;0,01972513250959394;0,01972513250959394;0,9822187096940651;-0,3076829884286659;0,9819788724055748;-0,30984442163949816;1,9725132509593937e-06
254;0,0;0,0;0,0;0,0;0,0;0,0;;;;;;;;
255;0,23604370784361253;0,11403013283064178;-0,23601667244365684;-0,11401149404265776;2,7035399955688266e-05;1,8638787984026628e-05;0,015323334667647329;0,015323334667647334;0,015323334667647334;0,9877023598192416;-0,25865709092477585;0,9875800904251126;-0,259755057915501;1,5323334667647335e-06
256;0,24406721002443707;0,11804633837536947;-0,24401627441380203;-0,11801121997898086;5,093561063504448e-05;3,5118396388617024e-05;0,01606461004746852;0,016064610047468512;0,01606461004746852;0,974370005377952;-0,5244795207092124;0,9741502561449896;-0,5264742975155594;1,6064610047468518e-06
257;-0,07900443734239394;-0,0380030590606109;0,0790134636986611;0,038009282137176956;9,026356267149982e-06;6,223076566058694e-06;0,005327735741914481;0,005327735741914481;0,005327735741914481;0,9500468268411831;-0,4445423032300273;0,9501642079056923;-0,44343452194361105;5,327735741914482e-07
258;0,22609679581130826;0,1100667364618997;-0,2260142466614419;-0,11000982158976201;8,254914986635664e-05;5,6914872137686645e-05;0,015338291789300728;0,015338291789300728;0,015338291789300728;0,9465405885092283;-0,4774820016771096;0,9461674412511284;-0,4809104878305305;1,5338291789300729e-06
259;0,19918556162315232;0,0960589867150723;-0,19910929808832678;-0,0960064075078323;7,626353482553805e-05;5,257920723999998e-05;0,013710246309007822;0,01371024630900782;0,013710246309007822;0,9312330678721757;-0,6816487386076577;0,9308476196224477;-0,6853376746759222;1,3710246309007821e-06
260;0,0;0,0;0,0;0,0;0,0;0,0;;;;;;;;
261;0,0;0,0;0,0;0,0;0,0;0,0;;;;;;;;
262;0,11900440563786309;0,058003035866189594;-0,11900000023471319;-0,05799999848836806;4,4054031499013435e-06;3,0373778215353475e-06;0,00818300630488018;0,00818300630488018;0,00818300630488018;0,9340558731230062;-0,6547862053994545;0,934018543761621;-0,6551325313407438;8,183006304880181e-07
263;0,15414944219077023;0,07403408695248694;-0,1541315587811342;-0,07402175806530396;1,7883409636043623e-05;1,232888718297187e-05;0,010426904887296865;0,010426904887296865;0,010426904887296865;0,9468815181377209;-0,4743334507662627;0,9467627019525777;-0,47546314262571354;1,0426904887296865e-06
264;0,0;0,0;0,0;0,0;0,0;0,0;;;;;;;;
265;0,15403155878448338;0,07402175806233749;-0,15400774154405478;-0,07400533687331423;2,3817240428603004e-05;1,6421189023257954e-05;0,010421408134625729;0,010421408134625727;0,010421408134625729;0,9467627019525777;-0,47546314262571354;0,9466043690075372;-0,47696693279716457;1,042140813462573e-06
266;-0,22403610483820374;-0,10802489099179041;0,22421268455842497;0,10814663679068437;0,00017657972022122603;0,00012174579889395742;0,015167607237909213;0,015167607237909215;0,015167607237909215;0,9467443215120595;-0,47569098124397824;0,94755104422823;-0,4681022430973565;1,5167607237909216e-06
267;-0,26616201080867613;-0,12904275001806098;0,2662358403305851;0,12909365299896683;7,382952190898573e-05;5,0902980905848105e-05;0,018348294924209085;0,018348294924209085;0,018348294924209085;0,9307507828275698;-0,6862051730950651;0,9310297005522635;-0,6835726220264775;1,8348294924209085e-06
268;-0,19410000000777475;-0,09400000000531374;0,19414020000980803;0,09402771491096198;4,0200002033280446e-05;2,7714905648248966e-05;0,012625014525375905;0,012625014525375906;0,012625014525375906;0,9862441443449732;-0,28056761008023917;0,9864648430909579;-0,27859622502404474;1,2625014525375906e-06
269;0,19402807936174687;0,09401935977848162;-0,19400000000013967;-0,09399999999975385;2,8079361607202813e-05;1,935977872777328e-05;0,012651129623567335;0,012651129623567335;0,012651129623567335;0,9839514224698592;-0,2977133951116355;0,9837975775299439;-0,29908952273023787;1,2651129623567336e-06
270;-0,14503179570785837;-0,07002192269233999;0,14505033432522185;0,07003470400810714;1,8538617363478282e-05;1,2781315767151913e-05;0,009408474756175511;0,009408474756175511;0,009408474756175511;0,9882855818793869;-0,10425977677237067;0,9884221299323915;-0,10303264694769705;9,408474756175511e-07
271;0,021000630060283954;0,010000531921347113;-0,021000000002364103;-0,009999999990030444;6,300579198509348e-07;5,319313166694123e-07;0,00138466030402159;0,00138466030402159;0,00138466030402159;0,969861354784112;-0,27961032617186354;0,9698280999855545;-0,28012607412874346;1,38466030402159e-07
272;0,2460436529023553;0,1190300981835562;-0,24601136999623716;-0,1190078402547639;3,2282906118147325e-05;2,2257928792304704e-05;0,01606992811240722;0,01606992811240722;0,01606992811240722;0,9819788724055748;-0,30984442163949816;0,9818396397697379;-0,3110976367067712;1,606992811240722e-06
273;-0,050000000023139854;-0,023999999868738783;0,050004360667261515;0,024003006269204107;4,360644121660651e-06;3,0064004653239385e-06;0,0033707651493574643;0,0033707651493574643;0,0033707651493574643;0,9499572090157304;-0,4453928038955405;0,9500468268411831;-0,4445423032300273;3,370765149357464e-07
274;0,1950696632864313;0,09404802785818202;-0,19501072617060355;-0,09400739448523647;5,893711582774519e-05;4,06333729455477e-05;0,013167389803259365;0,013167389803259369;0,013167389803259369;0,949539773138872;-0,4539407228752496;0,9492296201591014;-0,45685357155251605;1,3167389803259368e-06
275;0,18679689094661026;0,09006680524692513;-0,18676082134209976;-0,0900419335383547;3,60696045104969e-05;2,4871708570434192e-05;0,012011835388874376;0,012011835388874372;0,012011835388874376;0,9967586687303231;-0,028629666414441427;0,9965505845495701;-0,030491658731370625;1,2011835388874375e-06
276;0,3311511095112587;0,15911076135231117;-0,3310456060114874;-0,15903802022524588;0,0001055034997712867;7,274112706529001e-05;0,02193381203120596;0,02193381203120596;0,02193381203120596;0,9670648767536592;-0,6190034761154414;0,9667316396320169;-0,6221039453262587;2,1933812031205956e-06
277;0,12213167677329316;0,05902183869495085;-0,12211798771153404;-0,059012401225159244;1,3689061759122878e-05;9,437469791602482e-06;0,008105691843673534;0,008105691843673534;0,008105691843673534;0,9661730890932752;-0,6271902030363526;0,9660560500830082;-0,628263587598611;8,105691843673535e-07
278;0,12201798771172462;0,05901240122487217;-0,12200000000400256;-0,05899999998185962;1,79877077220586e-05;1,2401243012549745e-05;0,008100311252943434;0,008100311252943434;0,008100311252943434;0,9660560500830082;-0,628263587598611;0,9659021484871274;-0,629672520723911;8,100311252943433e-07
279;-0,1730089371626315;-0,08400615870723592;0,17304797516500775;0,08403307262876912;3,90380023762571e-05;2,691392153320038e-05;0,011933218393793996;0,011933218393793995;0,011933218393793996;0,93050524338004;-0,6885494518093871;0,9307320234524941;-0,6864171421657347;1,1933218393793996e-06
280;0,1600350421216952;0,07702415987145651;-0,16000177701259227;-0,07700122469363452;3,326510910292568e-05;2,2935177821994945e-05;0,010801982866687248;0,010801982866687248;0,010801982866687248;0,9492789035880522;-0,4560772190848011;0,949065534289463;-0,45809061150160724;1,0801982866687247e-06
281;0,18166079839523902;0,08804191771680384;-0,18164069963461268;-0,08802806032304406;2,0098760626335865e-05;1,385739375978079e-05;0,011695387645987107;0,01169538764598711;0,01169538764598711;0,9965505845495701;-0,030491658731370625;0,9964314646079633;-0,031543179026173485;1,169538764598711e-06
282;0,179240426367067;0,08702787094426712;-0,17922435860966376;-0,08701679414160067;1,6067757403231964e-05;1,107680266644595e-05;0,011541173478575138;0,01154117347857514;0,01154117347857514;0,9967586687303231;-0,028629666414441427;0,9966621593187156;-0,029476995164151032;1,154117347857514e-06
283;0,11502992313720688;0,056020629601209224;-0,11500406413104895;-0,05600280130850352;2,585900615792447e-05;1,7828292705704407e-05;0,00777609712910228;0,007776097129102279;0,00777609712910228;0,9499584522211194;-0,4453608530176088;0,9497278825377277;-0,4474688910167692;7,776097129102279e-07
284;0,3825376938458936;0,18416387851886679;-0,3824566691410575;-0,1841080147004847;8,10247048360635e-05;5,586381838207366e-05;0,02481497190188335;0,02481497190188335;0,02481497190188335;0,9877907020087253;-0,10862719807282811;0,9875644682889188;-0,11067732805344437;2,4814971901883353e-06
285;0,17403348073806707;0,08502525815942977;-0,1740194575610132;-0,08501341662153408;1,4023177053873459e-05;1,1841537895684873e-05;0,011315054884122818;0,011315054884122818;0,011315054884122818;0,9883174246835814;-0,11795645699698827;0,988226611097869;-0,1192829494334983;1,1315054884122817e-06
286;-0,24300000000848757;-0,11799999996114305;0,24304295230444406;0,1180296114290831;4,29522959564943e-05;2,9611467940046654e-05;0,016159333399275246;0,01615933339927525;0,01615933339927525;0,9651549262333414;-0,6363937127121774;0,9653391881490907;-0,6347238180589722;1,615933339927525e-06
287;0,0;0,0;0,0;0,0;0,0;0,0;;;;;;;;
288;0,17203233294825945;0,08202229042078857;-0,17201039205791427;-0,08200716481464917;2,1940890345184538e-05;1,51256061393934e-05;0,011147905088012684;0,011147905088012682;0,011147905088012684;0,9870420354625213;-0,11549081782431057;0,9869057522764482;-0,11675678420244096;1,1147905088012684e-06
289;0,17002019956231884;0,08201392876695554;-0,17001034531018477;-0,08200713273100102;9,85425213406721e-06;6,796035954520496e-06;0,01109579169681772;0,011095791696817719;0,01109579169681772;0,9822187096940651;-0,3076829884286659;0,9821571634155027;-0,3082414228613644;1,109579169681772e-06
290;0,0;0,0;0,0;0,0;0,0;0,0;;;;;;;;
291;-0,15312578002029154;-0,07401777399184566;0,153173876981029;0,07405093412786189;4,809696073745928e-05;3,316013601623036e-05;0,010343209599760884;0,010343209599760886;0,010343209599760886;0,9493563383495115;-0,45558757783409987;0,9496786100674289;-0,4525825114245478;1,0343209599760887e-06
292;-0,15300000007487738;-0,07399999957661696;0,15302578002490597;0,07401777398812781;2,577995002858713e-05;1,777441151085135e-05;0,010337734571830662;0,010337734571830662;0,010337734571830662;0,9491835021643337;-0,45719749479016164;0,9493563383495115;-0,45558757783409987;1,0337734571830662e-06
293;0,149021497977642;0,07201482046184407;-0,1490077829415229;-0,07200536539906499;1,3715036119105184e-05;9,455062779079038e-06;0,00980843310538047;0,009808433105380474;0,009808433105380474;0,9742352229670382;-0,5257039842824114;0,9741383193070962;-0,5265853000472408;9,808433105380474e-07
294;0,09500406412251729;0,04600280136275296;-0,09500000004631937;-0,04599999974426759;4,0640761979210405e-06;2,8016184853707493e-06;0,006416856756811862;0,00641685675681186;0,006416856756811862;0,9497278825377277;-0,4474688910167692;0,9496839860170295;-0,4478762129996632;6,416856756811862e-07
295;-0,24314723791083423;-0,11803256398185069;0,24319316653357803;0,11806422734022595;4,5928622743801606e-05;3,166335837526124e-05;0,016709827282900633;0,016709827282900633;0,016709827282900633;0,933865337768088;-0,6565723354553787;0,9340558731230062;-0,6547862053994545;1,6709827282900633e-06
296;-0,24300287176422794;-0,11800197642173726;0,2430472379310843;0,11803256396394353;4,4366166856352196e-05;3,0587542206264584e-05;0,016704265801040636;0,01670426580104064;0,01670426580104064;0,9336812172821671;-0,6582974005548159;0,933865337768088;-0,6565723354553787;1,670426580104064e-06
297;0,1550166724431506;0,07501149404228978;-0,15500000000005543;-0,07499999999981306;1,6672443095167022e-05;1,149404247671737e-05;0,010067690860650881;0,010067690860650881;0,010067690860650881;0,9875800904251126;-0,259755057915501;0,9874653150960926;-0,2607813221843985;1,006769086065088e-06
298;0,15402010352926676;0,07401618913549995;-0,15400506228850366;-0,07400348999717182;1,5041240763097319e-05;1,2699138328131632e-05;0,009903433314399732;0,00990343331439973;0,009903433314399732;0,9962065514494148;-0,033316082791185996;0,9960954499406448;-0,03496962383567635;9,903433314399733e-07
299;0,15229722871390636;0,07406703443311197;-0,15221765979814217;-0,07401217433250301;7,956891576418879e-05;5,486010060895552e-05;0,009902652568935941;0,009902652568935945;0,009902652568935945;0,987370656528353;-0,2577251219087792;0,9868135861680088;-0,262645537579565;9,902652568935944e-07
300;-0,034100081066397614;-0,01700005591695569;0,034101015483975705;0,017000700066118004;9,344175780912067e-07;6,441491623154771e-07;0,002225810271982002;0,0022258102719820015;0,002225810271982002;0,9883419591833915;-0,1036549047247538;0,9883711055264155;-0,10341495012352964;2,225810271982002e-07
301;0,2021811459944729;0,09805594396402739;-0,20217560700189444;-0,09805212675492135;5,538992578463242e-06;3,8172091060412194e-06;0,012973329557508208;0,012973329557508208;0,012973329557508208;1,0;0,0;0,9999704077091732;-0,00025945199633370104;1,2973329557508209e-06
302;0,2020756070021373;0,09805212675466503;-0,2019999999999538;-0,0979999999999233;7,560700218350869e-05;5,212675474172701e-05;0,012968134847683669;0,012968134847683667;0,012968134847683669;0,9999704077091732;-0,00025945199633370104;0,9995662597006932;-0,003804471746170219;1,296813484768367e-06
303;-0,17110114758112938;-0,08300079135134106;0,17113178854526231;0,08302191729452961;3,06409641329386e-05;2,1125943188551877e-05;0,011119891819605087;0,011119891819605085;0,011119891819605087;0,9873734575574534;-0,11237449589092678;0,9875644682889188;-0,11067732805344437;1,1119891819605086e-06
304;0,1261098010826063;0,061008274058307374;-0,1261000000043315;-0,06100000000329802;9,801078274807029e-06;8,274055009353798e-06;0,008183807465039114;0,008183807465039114;0,008183807465039114;0,9883174246835814;-0,11795645699698827;0,9882297612321529;-0,11925715551958002;8,183807465039114e-07
305;0,0;0,0;0,0;0,0;0,0;0,0;;;;;;;;
306;-0,021000000017246213;-0,00999999989522611;0,021000657085112347;0,010000452932001925;6,570678661339813e-07;4,530367758159848e-07;0,0014252623837751575;0,0014252623837751575;0,0014252623837751575;0,9422001769528392;-0,518785376048888;0,9422320982088652;-0,5184736918792398;1,4252623837751576e-07
307;-0,07700000003775993;-0,03699999978561458;0,07700177697367436;0,03700122492337226;1,7769359144242935e-06;1,2251377576807942e-06;0,005197038563015372;0,005197038563015374;0,005197038563015374;0,9490418467071247;-0,45831505476723616;0,949065534289463;-0,45809061150160724;5,197038563015375e-07
308;-0,12200000026726333;-0,058999998204146704;0,12200774507830404;0,05900533799178626;7,744811040710786e-06;5,33978763955778e-06;0,008404291263071212;0,008404291263071212;0,008404291263071212;0,9309658324207137;-0,6841794204099815;0,9310297005522635;-0,6835726220264775;8,404291263071213e-07
309;0,0;0,0;0,0;0,0;0,0;0,0;;;;;;;;
310;0,14201945756140053;0,06901341662134894;-0,14200602112862218;-0,06900415178863896;1,3436432778346497e-05;9,264832709979243e-06;0,009224963988824112;0,009224963988824114;0,009224963988824114;0,988226611097869;-0,1192829494334983;0,9881256325472829;-0,12017581446980774;9,224963988824113e-07
311;0,06000543335432515;0,029003745723371093;-0,06000000005704855;-0,028999999646999806;5,433297276598303e-06;3,746076371286683e-06;0,00406412248635654;0,00406412248635654;0,00406412248635654;0,9467939450249587;-0,5358914598561955;0,9467012926719223;-0,5367583457429688;4,06412248635654e-07
312;0,1390103453098222;0,06700713273107296;-0,13900005826084003;-0,06700004017246343;1,0287048982177138e-05;7,092558609533839e-06;0,009071373031296688;0,00907137303129669;0,00907137303129669;0,9821571634155027;-0,3082414228613644;0,9820785846623699;-0,3089551761034505;9,07137303129669e-07
313;0,0;0,0;0,0;0,0;0,0;0,0;;;;;;;;
314;0,13211797676644832;0,0640123927237493;-0,1321000002374621;-0,06399999850950984;1,797652898621882e-05;1,2394214239458412e-05;0,009053856437929268;0,009053856437929268;0,009053856437929268;0,9361750795415048;-0,6347686042530756;0,9360374554301615;-0,6360628438937707;9,053856437929269e-07
315;0,12200778294026647;0,05900536540059582;-0,12200000000121818;-0,058999999992229296;7,782939048295301e-06;5,365408366521385e-06;0,008032378236025742;0,00803237823602574;0,008032378236025742;0,9741383193070962;-0,5265853000472408;0,9740711670743808;-0,5271948315120005;8,032378236025742e-07
316;0,13111757857550183;0,06401211833274381;-0,13110239532231455;-0,06400165074220948;1,5183253187278645e-05;1,0467590534329885e-05;0,008536614398937225;0,008536614398937225;0,008536614398937225;0,9868135861680088;-0,262645537579565;0,9866902498156456;-0,26372372853150905;8,536614398937225e-07
317;0,13100239532175995;0,06400165074199518;-0,13099999999886652;-0,06399999999987355;2,395322893422591e-06;1,6507421216338525e-06;0,008531356525361918;0,008531356525361916;0,008531356525361918;0,9866902498156456;-0,26372372853150905;0,9866707812100742;-0,26389339032036224;8,531356525361918e-07
318;0,06700443483352223;0,03200305776627706;-0,06699999999996828;-0,03199999999989945;4,434833553945694e-06;3,0577663776079622e-06;0,004337325572202986;0,004337325572202986;0,004337325572202986;0,9884221299323915;-0,10303264694769705;0,9883513188125442;-0,10368688891722214;4,3373255722029857e-07
319;0,12912253609479565;0,06301553773642189;-0,1291076478052329;-0,0630052734619732;1,4888289562753343e-05;1,026427444869582e-05;0,008323078436953525;0,008323078436953528;0,008323078436953528;0,9966621593187156;-0,029476995164151032;0,9965381187066796;-0,03055166989014559;8,323078436953528e-07
320;0,12843701004832414;0,06202551641101343;-0,12842570205762774;-0,062017720269574785;1,1307990696401982e-05;7,796141438642934e-06;0,008264220512552933;0,008264220512552933;0,008264220512552933;0,9964314646079633;-0,031543179026173485;0,9963366412405009;-0,032387996138282575;8,264220512552934e-07
321;-0,01900000000009553;-0,009000000000077482;0,01900032718572019;0,009000225598566782;3,2718562465935963e-07;2,255984892993168e-07;0,0012276008864944852;0,0012276008864944854;0,0012276008864944854;0,9887655212397574;-0,0999362075369951;0,9887839698042677;-0,09976228818918186;1,2276008864944853e-07
322;0,1260233444891935;0,061016095240852476;-0,12600000000019543;-0,06099999999809594;2,3344488998072732e-05;1,6095242756537786e-05;0,0081566697490133;0,0081566697490133;0,0081566697490133;0,9910788886348288;-0,07581521019112654;0,9908805191418046;-0,07758073377143102;8,156669749013299e-07
323;0,1260124629314696;0,06101052198302664;-0,12600000000014638;-0,06100000000002424;1,2462931323203863e-05;1,0521983002394208e-05;0,008171174217446394;0,008171174217446394;0,008171174217446394;0,989233284857464;-0,10440921321412595;0,9891216293197995;-0,10606247059608974;8,171174217446394e-07
324;0,12601136999655274;0,06100784025532843;-0,12600000000027675;-0,0610000000003856;1,1369996275989447e-05;7,840254942832747e-06;0,00823257986422005;0,00823257986422005;0,00823257986422005;0,9818396397697379;-0,3110976367067712;0,9817439112323866;-0,31195800505374877;8,232579864220049e-07
325;0,0;0,0;0,0;0,0;0,0;0,0;;;;;;;;
326;0,0770077414954122;0,03700533716825957;-0,07700000005058831;-0,036999999701513686;7,741444823891608e-06;5,337466745886088e-06;0,005210987355968033;0,005210987355968033;0,005210987355968033;0,9466043690075372;-0,47696693279716457;0,9465014472100132;-0,47794466620966075;5,210987355968034e-07
327;-0,022000000000565373;-0,009999999997442012;0,022000310481603308;0,010000262086952894;3,104810379350731e-07;2,6208951088221855e-07;0,0014436222126617754;0,0014436222126617754;0,0014436222126617754;0,9664785958738779;-0,625718471141749;0,966494237409822;-0,6254573911695522;1,4436222126617752e-07
328;-0,14700457159135685;-0,07100315120483364;0,14703610480347873;0,07102489127220976;3,1533212121875875e-05;2,1740067376124772e-05;0,009957963868602869;0,00995796386860287;0,00995796386860287;0,9465248718892225;-0,4777477078279826;0,9467443215120595;-0,47569098124397824;9,95796386860287e-07
329;0,12201037196087978;0,05900715046712309;-0,12200000000012698;-0,058999999999925286;1,0371960752805776e-05;7,1504671978056544e-06;0,007940734619332607;0,00794073461933261;0,00794073461933261;0,9854033974123535;-0,3035135755440263;0,9853128731737884;-0,30432594137809793;7,940734619332608e-07
330;0,11500746745880262;0,05600514911915637;-0,11500000000041188;-0,05600000000012041;7,467458390739146e-06;5,1491190359576056e-06;0,00741106850485891;0,007411068504858909;0,00741106850485891;0,9965381187066796;-0,03055166989014559;0,9964682539058112;-0,031160868982077546;7,41106850485891e-07
331;0,12201627441293508;0,05901121998630547;-0,12200000000165788;-0,05899999999251903;1,6274411277203416e-05;1,121999378644184e-05;0,008032883943186079;0,008032883943186082;0,008032883943186082;0,9741502561449896;-0,5264742975155594;0,9740098447974479;-0,527749031349578;8,032883943186082e-07
332;-0,18012485020223415;-0,0870171304113903;0,18016201063844867;0,08704275128670098;3,7160436214517256e-05;2,5620875310689017e-05;0,012411513479475639;0,01241151347947564;0,01241151347947564;0,9305432898425084;-0,6881825494752518;0,9307507828275698;-0,6862051730950651;1,241151347947564e-06
333;0,10932540911393132;0,05301751829477186;-0,10931584217298264;-0,0530109227121343;9,5669409486826e-06;6,595582637561326e-06;0,007040753562616966;0,007040753562616966;0,007040753562616966;0,9963366412405009;-0,032387996138282575;0,9962424539979527;-0,033218037594002985;7,040753562616966e-07
334;0,25404560601125487;0,12203802023882264;-0,25400339820320134;-0,1220023909332728;4,2207808053529305e-05;3,562930554984467e-05;0,016831871791273004;0,016831871791273;0,016831871791273004;0,9667316396320169;-0,6221039453262587;0,9665482213473633;-0,6249179746464767;1,6831871791273004e-06
335;0,0;0,0;0,0;0,0;0,0;0,0;;;;;;;;
336;-0,18613233295926698;-0,08902229042830039;0,18622336770672962;0,0890850543292581;9,103474746263718e-05;6,276390095771855e-05;0,012068592921723385;0,012068592921723383;0,012068592921723385;0,9870420354625213;-0,11549081782431057;0,9875644682889188;-0,11067732805344437;1,2068592921723384e-06
337;0,103104891958447;0,05000412983916878;-0,10310000002312361;-0,04999999995710832;4,891935323395047e-06;4,129882060457946e-06;0,006820806273854077;0,006820806273854077;0,006820806273854077;0,9699583443327625;-0,2781377902502468;0,9699058323899842;-0,27892845301173047;6,820806273854077e-07
338;0,10100466556968951;0,04900321718469703;-0,10100000000030948;-0,048999999999781156;4,6655693800301545e-06;3,217184915874083e-06;0,0065891426213419415;0,006589142621341943;0,006589142621341943;0,983675543623721;-0,294530412415358;0,9836264587014583;-0,29496832807927237;6,589142621341943e-07
339;0,1010007155346862;0,04900049356390054;-0,10099999999909322;-0,04900000000102801;7,155355929849838e-07;4,935628725305508e-07;0,006597276925643907;0,006597276925643906;0,006597276925643907;0,982421187106714;-0,3057299233914187;0,9824136678702599;-0,3057971601972741;6,597276925643906e-07
340;0,0;0,0;0,0;0,0;0,0;0,0;;;;;;;;
341;0,09921576713387861;0,04801087097339288;-0,09920749002068138;-0,04800516439224447;8,277113197230346e-06;5,7065811484083295e-06;0,006387651838753487;0,006387651838753487;0,006387651838753487;0,9962424539979527;-0,033218037594002985;0,9961526442597478;-0,034014157191985105;6,387651838753487e-07
342;0,005100058330462921;0,0020000402117327314;-0,005100041170006619;-0,002000028380731349;1,7160456302484084e-08;1,1831001382571482e-08;0,0003285230557017816;0,00032852305570178156;0,0003285230557017816;0,9627465823485873;-0,3276098408005935;0,9627430156309037;-0,3276595123573925;3,285230557017816e-08
343;0,10401424658483942;0,05100982206885152;-0,10400000007479786;-0,05099999957766007;1,4246510041560079e-05;9,822491191448235e-06;0,007069085790146812;0,007069085790146813;0,007069085790146813;0,9461674412511284;-0,4809104878305305;0,9460276497597542;-0,48216992524479424;7,069085790146813e-07
344;0,0;0,0;0,0;0,0;0,0;0,0;;;;;;;;
345;-0,07700000016752097;-0,03699999884204667;0,07700893694813203;0,03700616016211325;8,936780611062956e-06;6,161320066581932e-06;0,005301234165988534;0,005301234165988533;0,005301234165988534;0,9303884537027556;-0,6896779598722913;0,93050524338004;-0,6885494518093871;5,301234165988534e-07
346;0,0;0,0;0,0;0,0;0,0;0,0;;;;;;;;
347;0,02100123087253796;0,010000848617450453;-0,021000000000057154;-0,01000000000005811;1,230872480807721e-06;8,486173923433205e-07;0,0013598982013008887;0,001359898201300889;0,001359898201300889;0,9875501685002591;-0,11081213157050539;0,9874874976808724;-0,11139588031289036;1,359898201300889e-07
348;0,02110151288905534;0,01000104307701313;-0,02110123087195072;-0,010000848617161849;2,8201710462055773e-07;1,9445985128055399e-07;0,0013651788722594134;0,0013651788722594134;0,0013651788722594134;0,9875644682889188;-0,11067732805344437;0,9875501685002591;-0,11081213157050539;1,3651788722594135e-07
349;0,06000339819649732;0,028002390956696734;-0,06000031048269753;-0,02800026208151877;3,0877137997889492e-06;2,128875177965367e-06;0,0039552865169648985;0,0039552865169648985;0,0039552865169648985;0,9665482213473633;-0,6249179746464767;0,966494237409822;-0,6254573911695522;3,9552865169648986e-07
350;-0,08100000000443366;-0,038999999976234406;0,08100248668232612;0,03900171445729843;2,486677892460376e-06;1,7144810640218333e-06;0,005324274710327335;0,005324274710327335;0,005324274710327335;0,9748512221790833;-0,21888866338908627;0,9748835828224769;-0,21859168425048636;5,324274710327335e-07
351;0,08601039205795738;0,04100716481498269;-0,08600000000004061;-0,04100000000002501;1,0392057916766562e-05;7,1648149576816755e-06;0,005574317119844073;0,005574317119844073;0,005574317119844073;0,9869057522764482;-0,11675678420244096;0,9867766596268879;-0,11795657338947711;5,574317119844073e-07
352;0,0;0,0;0,0;0,0;0,0;0,0;;;;;;;;
353;0,0;0,0;0,0;0,0;0,0;0,0;;;;;;;;
354;-0,00010000000119698886;-4,0778669878450367e-13;0,00010000000242936635;1,2570823925958028e-12;1,2323774948664115e-12;8,492956938112992e-13;6,119387270346706e-06;6,119387270346707e-06;6,119387270346707e-06;0,9434772642976285;-0,5066525398782868;0,9434772759248298;-0,5066520532677135;6,119387270346707e-10
355;0,08100915765581368;0,039006313499412276;-0,0810000000150739;-0,03899999991087207;9,15764073977643e-06;6,31358854020353e-06;0,0053663406888906605;0,005366340688890659;0,0053663406888906605;0,9673277408844467;-0,3166436746559356;0,9672095024159121;-0,3177370856280154;5,36634068889066e-07
356;0,08100602112893932;0,039004151788759274;-0,08100000000013789;-0,038999999999822246;6,021128801422804e-06;4,151788937027667e-06;0,00525317099446248;0,005253170994462478;0,00525317099446248;0,9881256325472829;-0,12017581446980774;0,9880462133097211;-0,12089511488111401;5,253170994462479e-07
357;0,08100506228821686;0,03900348999710449;-0,08099999999989246;-0,03899999999981101;5,062288324392261e-06;3,489997293479319e-06;0,005211073354692165;0,0052110733546921655;0,0052110733546921655;0,9960954499406448;-0,03496962383567635;0,9960281415460283;-0,035574021111579236;5,211073354692166e-07
358;0,07900082960030305;0,038000700528580185;-0,07900000000229379;-0,0379999999971888;8,295980092609678e-07;7,00531391381598e-07;0,005201729632497004;0,005201729632497004;0,005201729632497004;0,973013220698971;-0,5647288801324322;0,9730015524703667;-0,5649064483639752;5,201729632497004e-07
359;0,0;0,0;0,0;0,0;0,0;0,0;;;;;;;;
360;0,1260174245790521;0,06101201341539198;-0,12600363445924004;-0,06100250558996751;1,3790119812062684e-05;9,507825424470706e-06;0,008358790667683108;0,008358790667683108;0,008358790667683108;0,9670648767536592;-0,6190034761154414;0,9669505289362057;-0,620046431433774;8,358790667683108e-07
361;-0,12100000025473977;-0,05799999819392271;0,12103610788006229;0,05802489354989934;3,610762532252343e-05;2,489535597663406e-05;0,008326288747850161;0,008326288747850161;0,008326288747850161;0,9304316303722825;-0,6893377776421629;0,9307320234524941;-0,6864171421657347;8,326288747850161e-07
362;0,00010000000939903197;6,859840032007574e-12;-9,999999927527944e-05;1,201480118195354e-13;1,0123752530732943e-11;6,979988043827109e-12;6,202414995583671e-06;6,202414995583672e-06;6,202414995583672e-06;0,9308476196224477;-0,6853376746759222;0,9308475253857449;-0,6853416739141128;6,202414995583672e-10
363;0,0;0,0;0,0;0,0;0,0;0,0;;;;;;;;
364;0,0;0,0;0,0;0,0;0,0;0,0;;;;;;;;
365;0,07100694622194911;0,03400478918726881;-0,07099999999991674;-0,03399999999998521;6,9462220323723844e-06;4,789187283603391e-06;0,00459525255536733;0,00459525255536733;0,00459525255536733;0,9891603680978026;-0,09636509406212942;0,9890556665720198;-0,09732526069695957;4,5952525553673294e-07
366;0,0;0,0;0,0;0,0;0,0;0,0;;;;;;;;
367;-9,999999932775018e-05;1,7554046112411444e-14;0,00010000001136315318;8,280253803435986e-12;1,203540300189973e-11;8,297807849548397e-12;6,205808348023665e-06;6,2058083480236646e-06;6,205808348023665e-06;0,9303385359817883;-0,6901367202787433;0,9303386479517844;-0,6901319659855925;6,205808348023665e-10
368;0,06810711161227284;0,03300490349462431;-0,06810206956715846;-0,03300142687897189;5,042045114381222e-06;3,4766156524201897e-06;0,004386430792545704;0,004386430792545704;0,004386430792545704;0,9961526442597478;-0,034014157191985105;0,9960729673739486;-0,034718119737731264;4,3864307925457037e-07
369;0,0680041271496896;0,03300284544046056;-0,06799999999975222;-0,03299999999986484;4,127149937388497e-06;2,8454405957209494e-06;0,004371175543940456;0,004371175543940456;0,004371175543940456;0,9983934160037851;-0,014172970919785602;0,9983279653178521;-0,014747535931331874;4,3711755439404556e-07
370;-0,05900000000032748;-0,02899999999776544;0,05900307842956689;0,029002122318744324;3,0784292394114843e-06;2,122320978882597e-06;0,003843862422996019;0,0038438624229960197;0,0038438624229960197;0,9874472817423342;-0,10718749141586832;0,9875028398817186;-0,10671103673976585;3,84386242299602e-07
371;0,07301072611359895;0,035007394819479024;-0,0730030133894403;-0,035002077405502485;7,71272415864277e-06;5,317413976538288e-06;0,0049248197485269665;0,004924819748526967;0,004924819748526967;0,9492296201591014;-0,45685357155251605;0,949121137843435;-0,45788690458013104;4,924819748526967e-07
372;0,0;0,0;0,0;0,0;0,0;0,0;;;;;;;;
373;0,0;0,0;0,0;0,0;0,0;0,0;;;;;;;;
374;0,0;0,0;0,0;0,0;0,0;0,0;;;;;;;;
375;0,062004780849581054;0,030004036113527296;-0,061999999999859126;-0,029999999999936654;4,780849721927605e-06;4,036113590642765e-06;0,004005856871601597;0,004005856871601596;0,004005856871601597;0,9927833920453694;-0,063342119763008;0,9926960295021686;-0,06463204959505668;4,005856871601597e-07
376;0,12200929793443294;0,05900640861525405;-0,12200000026920076;-0,05899999818669451;9,29766523218023e-06;6,410428559540382e-06;0,008406050824912243;0,008406050824912246;0,008406050824912246;0,9308476196224477;-0,6853376746759222;0,930770961805947;-0,6860661276504196;8,406050824912245e-07
377;0,06000073271940671;0,029000505109864655;-0,059999999998320945;-0,02900000000000978;7,327210857638322e-07;5,051098548765343e-07;0,0038532373939997346;0,003853237393999734;0,0038532373939997346;0,9985267977292656;-0,03693757596754565;0,9985136195393881;-0,03705443252594912;3,853237393999735e-07
378;0,0;0,0;0,0;0,0;0,0;0,0;;;;;;;;
379;0,0680026559547451;0,0330018313902041;-0,06799999999986574;-0,03300000000031044;2,6559548793603227e-06;1,8313898936597739e-06;0,004419821889200944;0,004419821889200945;0,004419821889200945;0,9873816219303423;-0,11227272772288992;0,9873399644245163;-0,1126426625461837;4,419821889200945e-07
380;0,05600220085156859;0,027001517480529164;-0,056000000000260786;-0,02700000000035117;2,2008513078028424e-06;1,5174801779940794e-06;0,0035986098684222534;0,003598609868422254;0,003598609868422254;0,9974653257162497;-0,022385780791887067;0,9974229462804202;-0,02276461216753421;3,5986098684222537e-07
381;0,05600055077502475;0,027000379937362595;-0,05600000000081071;-0,026999999999781962;5,50774214042038e-07;3,799375806329275e-07;0,0035893742276651595;0,0035893742276651595;0,0035893742276651595;1,0;0,0;0,9999893657855402;-9,49573051874337e-05;3,5893742276651593e-07
382;0,05310368958706122;0,026002543911644888;-0,05310133424267091;-0,02600091992475176;2,355344390310432e-06;1,6239868931289259e-06;0,0034259891500020945;0,003425989150002093;0,0034259891500020945;0,9964314646079633;-0,031543179026173485;0,9963837810416273;-0,031952820693164935;3,425989150002095e-07
383;-0,12210000028162292;-0,05899999815951825;0,12212485008898441;0,059017131268834525;2,484980736149056e-05;1,713310931627382e-05;0,008415544213487534;0,008415544213487534;0,008415544213487534;0,9303386479517844;-0,6901319659855925;0,9305432898425084;-0,6881825494752518;8,415544213487533e-07
384;0,05200025706954543;0,025000177236932278;-0,05200000000188352;-0,024999999997395196;2,5706766191430086e-07;1,7723953708165263e-07;0,0034237686262484023;0,0034237686262484023;0,0034237686262484023;0,9729582036077155;-0,5652489414099826;0,9729530017117108;-0,5652969560901574;3,423768626248402e-07
385;-9,999999992915012e-05;-6,012097981592359e-15;0,00010000000461898386;3,2394952821839863e-12;4,6898337399984766e-12;3,233483184202394e-12;5,970129923397172e-06;5,970129923397172e-06;5,970129923397172e-06;0,9670648313999258;-0,6190053287647515;0,9670648767536592;-0,6190034761154414;5,970129923397172e-10
386;0,0;0,0;0,0;0,0;0,0;0,0;;;;;;;;
387;0,0;0,0;0,0;0,0;0,0;0,0;;;;;;;;
388;-0,00010000000028718983;-1,1126278874817764e-13;0,00010000001325869565;9,054688332530951e-12;1,2971505813919038e-11;8,943425543782773e-12;5,847335081975792e-06;5,84733508197579e-06;5,847335081975792e-06;0,9873733294802607;-0,11237962009561961;0,9873734575574534;-0,11237449589092678;5,847335081975792e-10
389;0,0;0,0;0,0;0,0;0,0;0,0;;;;;;;;
390;0,050001822514963316;0,024001256404800785;-0,04999999999999023;-0,023999999999831243;1,8225149730835555e-06;1,256404969542102e-06;0,003212933165299763;0,003212933165299763;0,003212933165299763;0,9966621593187156;-0,029476995164151032;0,9966228647966952;-0,029832376835102634;3,212933165299763e-07
391;0,0;0,0;0,0;0,0;0,0;0,0;;;;;;;;
392;0,0;0,0;0,0;0,0;0,0;0,0;;;;;;;;
393;-0,07000000004816088;-0,033999999724950374;0,07000457154302024;0,034003151500909296;4,571494859356706e-06;3,151775958921965e-06;0,004747127620108535;0,004747127620108534;0,004747127620108535;0,9464581126201506;-0,4783644595735526;0,9465248718892225;-0,4777477078279826;4,747127620108535e-07
394;0,04500074719221058;0,02200051516414012;-0,045000000000325;-0,022000000000377697;7,471918855792015e-07;5,151637624233041e-07;0,002918547473010789;0,0029185474730107895;0,0029185474730107895;0,9909020415015481;-0,10446685264219914;0,990884286448019;-0,10462085992921002;2,9185474730107894e-07
395;0,04500014077983736;0,022000097102442533;-0,04500000000126308;-0,02199999999605371;1,407785742840728e-07;9,71063888223489e-08;0,0029262900775854908;0,0029262900775854908;0,0029262900775854908;0,9882658649232007;-0,11839918508797154;0,9882625281578862;-0,11842824755725469;2,9262900775854907e-07
396;0,09401522116084061;0,04501049477523775;-0,09400147481518731;-0,04500101676226422;1,3746345653306569e-05;9,478012973525296e-06;0,006090167034921854;0,006090167034921855;0,006090167034921855;0,9881461103544413;-0,10553016095480497;0,9879897710891925;-0,10696661922636885;6,090167034921855e-07
397;0,04300030043469037;0,021000207179380333;-0,043000000000275165;-0,020999999999431775;3,0043441520688496e-07;2,0717994855812272e-07;0,0027982012130568544;0,0027982012130568544;0,0027982012130568544;0,9873734575574534;-0,11237449589092678;0,9873660115844891;-0,11243953774619996;2,7982012130568544e-07
398;0,041000808593204964;0,020000557531719625;-0,04100000000015348;-0,019999999999830747;8,085930514808992e-07;5,575318888784153e-07;0,0026756042976158662;0,0026756042976158662;0,0026756042976158662;0,984379982320595;-0,2882507099108913;0,9843590260389365;-0,28843481642263014;2,6756042976158666e-07
399;-0,04099999999994154;-0,019999999999833127;0,041000995385261724;0,020000686212440222;9,953853201821738e-07;6,86212607094866e-07;0,0026423891196072865;0,002642389119607286;0,0026423891196072865;0,9967325481749033;-0,028856173202704637;0,9967586687303231;-0,028629666414441427;2,6423891196072865e-07
400;0,03300084713366607;0,016000584163675207;-0,0330000000001829;-0,016000000000292836;8,471334831741673e-07;5,84163382371522e-07;0,0021445249875472086;0,002144524987547208;0,0021445249875472086;0,9873734575574534;-0,11237449589092678;0,987346074647327;-0,11261829463682466;2,1445249875472086e-07
401;0,040001372776645554;0,019000946415350297;-0,040000000000189835;-0,01900000000013504;1,3727764557186495e-06;9,464152152562078e-07;0,002566865770441182;0,0025668657704411815;0,002566865770441182;0,9960729673739486;-0,034718119737731264;0,9960359433909031;-0,03506211116050653;2,566865770441182e-07
402;0,0;0,0;0,0;0,0;0,0;0,0;;;;;;;;
403;-0,00010000000008527557;-1,5394073768672115e-14;0,00010000001088946432;7,465213768855458e-12;1,0804188747544179e-11;7,449819695086786e-12;5,849298320809979e-06;5,8492983208099785e-06;5,849298320809979e-06;0,9870419288206457;-0,1154950862561114;0,9870420354625213;-0,11549081782431057;5,84929832080998e-10
404;-0,04900000009994052;-0,023999999362187788;0,04900287139315073;0,02400197890488391;2,871293210207626e-06;1,9795426961233265e-06;0,0033740974443689743;0,0033740974443689743;0,0033740974443689743;0,9336221947580517;-0,6588379243928724;0,9336812172821671;-0,6582974005548159;3,3740974443689745e-07
405;0,037100682715244526;0,018000470629734224;-0,03710024290718133;-0,018000167456063466;4,398080631975998e-07;3,031736707584387e-07;0,0023935131800718115;0,002393513180071812;0,002393513180071812;0,9946928751644651;-0,11489169482477543;0,9946801382220944;-0,11500393742794893;2,393513180071812e-07
406;0,03400100552897775;0,017000693302418296;-0,03400000000018363;-0,016999999999921717;1,0055287941179714e-06;6,933024965793955e-07;0,002202725928419976;0,0022027259284199763;0,0022027259284199763;0,9963837810416273;-0,031952820693164935;0,9963520810928083;-0,03220968378996559;2,2027259284199763e-07
407;0,03400008106310853;0,01700005591840337;-0,03399999999758961;-0,017000000000946893;8,106551891567948e-08;5,5917456477649896e-08;0,0022205838498977138;0,0022205838498977133;0,0022205838498977138;0,9883419591833915;-0,1036549047247538;0,988339423819524;-0,10367564533527195;2,220583849897714e-07
408;0,0;0,0;0,0;0,0;0,0;0,0;;;;;;;;
409;0,031000197192243867;0,015000135936795833;-0,03100000000007238;-0,015000000000064847;1,9719217148744805e-07;1,3593673098624692e-07;0,0019989468934181673;0,0019989468934181677;0,0019989468934181677;0,9946801382220944;-0,11500393742794893;0,9946733013033332;-0,11506462203803361;1,9989468934181675e-07
410;0,038003013372427466;0,018002077502963797;-0,03800000001765642;-0,017999999895843947;3,0133547710489705e-06;2,0776071198505552e-06;0,0025579742570737084;0,0025579742570737084;0,0025579742570737084;0,949121137843435;-0,45788690458013104;0,9490395974229118;-0,4586875729885462;2,5579742570737085e-07
411;0,029103700703797187;0,014002551468160212;-0,029101465530347603;-0,014001010408998588;2,2351734495842934e-06;1,541059161624253e-06;0,0018666840862155032;0,001866684086215503;0,0018666840862155032;0,9989203551908389;-0,009511029741249555;0,9988373936118083;-0,010255504658038277;1,8666840862155033e-07
412;0,029000061944020578;0,014000052289471349;-0,028999999999130787;-0,013999999996953089;6,194488979052726e-08;5,229251825999981e-08;0,0018803369977737985;0,0018803369977737983;0,0018803369977737985;0,9887673527015576;-0,11130079252646648;0,9887649418149144;-0,1113366647117539;1,8803369977737986e-07
413;0,00010000000440808518;3,1344670946112576e-12;-9,999999999173361e-05;-8,920171576646096e-14;4,416351561797177e-12;3,0452653788447966e-12;5,8422678337460815e-06;5,8422678337460815e-06;5,8422678337460815e-06;0,9882297612321529;-0,11925715551958002;0,9882297175884538;-0,11925890032803792;5,842267833746082e-10
414;0,0;0,0;0,0;0,0;0,0;0,0;;;;;;;;
415;0,028000696790963547;0,014000480463690084;-0,02800000000005273;-0,013999999999982938;6,967909108174242e-07;4,80463707146217e-07;0,0018145664776526447;0,0018145664776526447;0,0018145664776526447;0,9960729673739486;-0,034718119737731264;0,9960463011366135;-0,034934312619292245;1,814566477652645e-07
416;0,026000249328301597;0,013000171871118767;-0,026000000007943006;-0,012999999957409272;2,4932035859112633e-07;1,719137094954165e-07;0,001741260411841194;0,001741260411841194;0,001741260411841194;0,9638478454437625;-0,3685302973199862;0,9638379022770189;-0,3686136019337144;1,7412604118411942e-07
417;0,0;0,0;0,0;0,0;0,0;0,0;;;;;;;;
418;0,024001450976109152;0,012001000374550784;-0,0239999999999595;-0,012000000000007973;1,4509761496507567e-06;1,0003745428109612e-06;0,0015510974119517602;0,0015510974119517598;0,0015510974119517602;0,9988373936118083;-0,010255504658038277;0,9987724346285366;-0,010780464997269666;1,55109741195176e-07
419;0,024000820254450522;0,01200056552593508;-0,02400000000005632;-0,011999999999966279;8,202543942022189e-07;5,655259688007452e-07;0,0015509247459296355;0,0015509247459296357;0,0015509247459296357;0,9989203551908389;-0,009511029741249555;0,9988836289773729;-0,009807808621503456;1,5509247459296358e-07
420;0,024000359955074435;0,012000248126646662;-0,023999999999927545;-0,012000000000052139;3,5995514689052266e-07;2,4812659452262686e-07;0,0015769390495863427;0,0015769390495863427;0,0015769390495863427;0,982421187106714;-0,3057299233914187;0,9824053370274207;-0,305860076334391;1,5769390495863428e-07
421;0,0;0,0;0,0;0,0;0,0;0,0;;;;;;;;
422;0,023000142973675905;0,011000098508785038;-0,023000000012307616;-0,01099999992945347;1,4296136828864658e-07;9,857933156755261e-08;0,0015397516991635875;0,0015397516991635877;0,0015397516991635877;0,9559788411331643;-0,45162306161037064;0,9559724104031059;-0,45168430153559214;1,539751699163588e-07
423;0,02300006352185017;0,011000043764585426;-0,02300000000224952;-0,010999999981928521;6,351960064876483e-08;4,3782656904481354e-08;0,001522019281476205;0,0015220192814762049;0,001522019281476205;0,9671129406847787;-0,28805136524180375;0,967110050424148;-0,2880785397116843;1,522019281476205e-07
424;0,022000617387220322;0,010000425657578716;-0,02199999999998172;-0,009999999999985586;6,173872386001922e-07;4,2565759312933327e-07;0,0014055518293874952;0,001405551829387495;0,0014055518293874952;0,992686686603069;-0,06483529896569372;0,9926563645139945;-0,06514831613071692;1,4055518293874952e-07
425;0,021300536464899086;0,010000369893457442;-0,021300127809020627;-0,010000088138925648;4,086558784595351e-07;2,817545317942288e-07;0,0013650845754453365;0,0013650845754453363;0,0013650845754453365;0,9952335707597808;-0,09648368483676377;0,9952128611763571;-0,09668182274290649;1,3650845754453364e-07
426;0,02100051257623343;0,010000353265163492;-0,021000000017622155;-0,009999999894197514;5,125586112764147e-07;3,533709659782336e-07;0,0014255767904684726;0,0014255767904684726;0,0014255767904684726;0,9420172723162208;-0,5204971339870984;0,9419923775203621;-0,5207402061510659;1,4255767904684727e-07
427;0,02100012776193742;0,010000088105556736;-0,02100000000007044;-0,009999999999574936;1,2776186697829872e-07;8,810598180024332e-08;0,001349350848514582;0,001349350848514582;0,001349350848514582;0,9952128611763571;-0,09668182274290649;0,995206304846757;-0,09674246552536743;1,349350848514582e-07
428;0,021000071616211015;0,01000006046822721;-0,021000000000421997;-0,009999999998864499;7,161578901779264e-08;6,046936271153491e-08;0,0013629885244326027;0,0013629885244326031;0,0013629885244326031;0,9852523934709949;-0,12714675180040697;0,9852485533227444;-0,12720539223760108;1,3629885244326032e-07
429;0,021000076672339794;0,01000005281098213;-0,02100000001015023;-0,009999999944640308;7,666218956522974e-08;5,286634182158356e-08;0,0014134964104080823;0,0014134964104080823;0,0014134964104080823;0,9500468268411831;-0,4445423032300273;0,9500430713270532;-0,44457868974932047;1,4134964104080825e-07
430;0,021000081222456824;0,010000056000572022;-0,02099999999964219;-0,010000000000163576;8,122281463379677e-08;5,600040844586096e-08;0,0013608325976028931;0,001360832597602893;0,0013608325976028931;0,9868135861680088;-0,262645537579565;0,986809453455046;-0,2626840643745366;1,360832597602893e-07
431;0,021000054804594506;0,010000037714849733;-0,021000000010129413;-0,009999999946235938;5,47944650937382e-08;3,7768613795480244e-08;0,0014136263135583796;0,0014136263135583796;0,0014136263135583796;0,9499584522211194;-0,4453608530176088;0,9499557685171255;-0,44538682098461785;1,4136263135583796e-07
432;0,0710036344573697;0,034002505596859724;-0,07100000000200861;-0,03399999999020919;3,634455361084532e-06;2,5056066505352304e-06;0,004700563449418743;0,004700563449418744;0,004700563449418744;0,9669505289362057;-0,620046431433774;0,9668969747962406;-0,6205486925157667;4,700563449418744e-07
433;0,0;0,0;0,0;0,0;0,0;0,0;;;;;;;;
434;0,01900032871416993;0,009000226622393321;-0,01900000000023138;-0,008999999999889301;3,287139385479976e-07;2,2662250401955797e-07;0,0012182375968316555;0,0012182375968316555;0,0012182375968316555;0,9963837810416273;-0,031952820693164935;0,9963651044495533;-0,03212747908288206;1,2182375968316555e-07
435;0,01900029294387162;0,009000201975055978;-0,018999999999970207;-0,009000000000054178;2,9294390141432203e-07;2,0197500179980343e-07;0,0012182927507854975;0,0012182927507854977;0,0012182927507854977;0,9963366412405009;-0,032387996138282575;0,9963199974877844;-0,032543681197180575;1,2182927507854978e-07
436;0,01810043416805664;0,009000299274170585;-0,01810017531045295;-0,009000120822972937;2,5885760368896116e-07;1,7845119764867134e-07;0,0012108674428906797;0,0012108674428906799;0,0012108674428906799;0,9638478454437625;-0,3685302973199862;0,9638330054202706;-0,368656526623266;1,2108674428906797e-07
437;0,01800017531095915;0,009000120822598733;-0,018000000005836174;-0,008999999970621396;1,753051229770597e-07;1,2085197733692488e-07;0,0012055067319487946;0,0012055067319487942;0,0012055067319487946;0,9638330054202706;-0,368656526623266;0,96382290750609;-0,36874106735667433;1,2055067319487945e-07
438;0,018000015062618013;0,009000010367605827;-0,01800000000310806;-0,008999999998762912;1,505950995156491e-08;1,0368842914484921e-08;0,0011711276908886023;0,0011711276908886025;0,0011711276908886025;0,9921173057579379;-0,09355547988337803;0,992116413120747;-0,09356270955495066;1,1711276908886024e-07
439;0,01700020152719187;0,008000138952204451;-0,016999999999838956;-0,007999999999717167;2,0152735291309454e-07;1,3895248728371112e-07;0,0010889461800017112;0,001088946180001711;0,0010889461800017112;0,9961526442597478;-0,034014157191985105;0,9961398395291937;-0,03413588456221527;1,0889461800017113e-07
440;-0,02310014297341374;-0,011000098508855092;0,023101150943681405;0,01100079345822525;1,0079702676656088e-06;6,949493701578768e-07;0,0015452022089492059;0,001545202208949206;0,001545202208949206;0,9559788411331643;-0,45162306161037064;0,9560240082866616;-0,4511884609059563;1,545202208949206e-07
441;0,0150001629174275;0,0070001123168603714;-0,01499999999997195;-0,006999999999844065;1,629174555487639e-07;1,1231701630646379e-07;0,0009576915409451073;0,0009576915409451073;0,0009576915409451073;0,9979163131111104;-0,018400679505308982;0,9979045495592055;-0,018514502932675383;9,576915409451072e-08
442;0,014000292664882797;0,007000201767944726;-0,014000000001155715;-0,006999999995017716;2,926637270826704e-07;2,0177292701061e-07;0,0009278754889002819;0,0009278754889002818;0,0009278754889002819;0,9739630453717185;-0,22669515760066108;0,9739411428112662;-0,22687667003046785;9,278754889002818e-08
443;0,014000180346671661;0,007000124342701517;-0,01400000000019295;-0,006999999999848891;1,8034647871097154e-07;1,2434285262628159e-07;0,0009068480379520838;0,0009068480379520838;0,0009068480379520838;0,9965381187066796;-0,03055166989014559;0,9965243087054857;-0,03066354117570863;9,068480379520838e-08
444;0,014000176881319866;0,007000121945390898;-0,014000000000117072;-0,007000000000072557;1,7688120279406305e-07;1,219453183414626e-07;0,0009071987130213476;0,0009071987130213476;0,0009071987130213476;0,9961526442597478;-0,034014157191985105;0,9961391050845967;-0,03412385163675219;9,071987130213476e-08
445;0,014200398911843087;0,006000275033307771;-0,014200385578657231;-0,006000265836329203;1,3333185855737839e-08;9,19697856760493e-09;0,0009005670644543069;0,0009005670644543069;0,0009005670644543069;0,9883174246835814;-0,11795645699698827;0,9883164078116642;-0,11796865559719857;9,00567064454307e-08
446;0,014100385581219389;0,006000265836002511;-0,014100078026080355;-0,006000053795329778;3,0755513903343856e-07;2,1204067273371263e-07;0,0008951888553113988;0,0008951888553113988;0,0008951888553113988;0,9883164078116642;-0,11796865559719857;0,9882928011549736;-0,11824789997721188;8,951888553113989e-08
447;0,1270317957079215;0,061021922692300896;-0,1270152211609666;-0,0610104947750041;1,657454695488947e-05;1,1427917296795431e-05;0,00823293637658044;0,00823293637658044;0,00823293637658044;0,9882855818793869;-0,10425977677237067;0,9881461103544413;-0,10553016095480497;8,23293637658044e-07
448;0,013000058260556979;0,006000040172708257;-0,012999999999998261;-0,006000000000341973;5,8260558717659894e-08;4,01723662842024e-08;0,0008417287816389234;0,0008417287816389234;0,0008417287816389234;0,9820785846623699;-0,3089551761034505;0,9820738016202661;-0,3090034377550982;8,417287816389234e-08
449;0,0;0,0;0,0;0,0;0,0;0,0;;;;;;;;
450;0,012000150862487633;0,00600010402676016;-0,01200000000003158;-0,0059999999999183875;1,5086245605359927e-07;1,0402684177263088e-07;0,0007768358663033906;0,0007768358663033907;0,0007768358663033907;0,9971310276824045;-0,02533632930647829;0,9971175416075482;-0,02544555502787967;7,768358663033908e-08
451;0,0;0,0;0,0;0,0;0,0;0,0;;;;;;;;
452;0,0;0,0;0,0;0,0;0,0;0,0;;;;;;;;
453;-0,010100000006792202;-0,005000000005515529;0,0101000993125302;0,005000083843355166;9,930573799735165e-08;8,383783963675923e-08;0,0006601804436020978;0,0006601804436020978;0,0006601804436020978;0,9855886098034892;-0,2735168111257626;0,985599645801261;-0,27335881824238634;6,601804436020978e-08
454;0,010000042471495683;0,005000029277128467;-0,009999999999963505;-0,004999999998880752;4,247153217833144e-08;2,9278247715147643e-08;0,0006559796820314711;0,0006559796820314712;0,0006559796820314712;0,9840246446655657;-0,1363689556151806;0,9840201488224617;-0,13640581946709368;6,559796820314713e-08
455;0,010000075039152786;0,005000051738892985;-0,010000000000084339;-0,004999999999971672;7,503906844681663e-08;5,173892131307006e-08;0,0006479370886831398;0,0006479370886831398;0,0006479370886831398;0,9962424539979527;-0,033218037594002985;0,996234411713378;-0,03328321393725468;6,479370886831398e-08
456;0,0;0,0;0,0;0,0;0,0;0,0;;;;;;;;
457;0,009000126207964126;0,00400008698545937;-0,009000000003459071;-0,00399999997351422;1,2620450505484992e-07;8,701194514990768e-08;0,0005950957661519973;0,0005950957661519972;0,0005950957661519973;0,9555315310942728;-0,4556730485885407;0,9555169137666896;-0,45583742559218476;5,950957661519974e-08
458;0,00900007259809716;0,004000050053752353;-0,008999999999957677;-0,003999999999768362;7,25981394826547e-08;5,005398399145905e-08;0,0005753649864932632;0,0005753649864932634;0,0005753649864932634;0,9882928011549736;-0,11824789997721188;0,9882841042617493;-0,11834246275645088;5,753649864932634e-08
459;0,04200147481558881;0,020001016762369598;-0,0420000000003224;-0,020000000000070777;1,4748152664112446e-06;1,0167622988208058e-06;0,0027185170717181845;0,0027185170717181845;0,0027185170717181845;0,9879897710891925;-0,10696661922636885;0,9879522081201805;-0,10731630376374424;2,7185170717181845e-07
460;0,0;0,0;0,0;0,0;0,0;0,0;;;;;;;;
461;0,006000045715351486;0,0030000315200008443;-0,0060000000000051575;-0,0030000000000177515;4,571534632877988e-08;3,151998309277107e-08;0,0003893729193052857;0,0003893729193052857;0,0003893729193052857;0,9946801382220944;-0,11500393742794893;0,9946719851819157;-0,11507011205882337;3,893729193052857e-08
462;0,005000041169896967;0,002000028380490829;-0,005000000000453884;-0,0019999999955396456;4,116944308293208e-08;2,8384951183350188e-08;0,00032294750056389304;0,0003229475005638932;0,0003229475005638932;0,9627430156309037;-0,3276595123573925;0,9627342973355483;-0,3277772360798658;3,229475005638932e-08
463;0,005000014554104255;0,00200001003417177;-0,004999999999889313;-0,001999999999989628;1,4554214942605337e-08;1,0034182141866604e-08;0,0003112755213497583;0,00031127552134975836;0,00031127552134975836;0,9988373936118083;-0,010255504658038277;0,9988341959837377;-0,010297118016451676;3,1127552134975834e-08
464;0,005000022945883515;0,0020000158211674404;-0,004999999999422751;-0,001999999999848476;2,2946460764491916e-08;1,58213189645727e-08;0,0003119903888407228;0,00031199038884072286;0,00031199038884072286;0,9965505845495701;-0,030491658731370625;0,9965455545731399;-0,030557279203675625;3,119903888407229e-08
465;0,0050000054278487175;0,0020000037409783782;-0,005000000000297099;-0,001999999999887001;5,4275516182117345e-09;3,74109137722331e-09;0,00031459604473274555;0,00031459604473274555;0,00031459604473274555;0,9882928011549736;-0,11824789997721188;0,9882916213412317;-0,11826341003221326;3,1459604473274555e-08
466;0,0002000000478126606;3,3004505263595887e-11;-0,00020000000352967689;-2,4728721669233376e-12;4,428298371983268e-11;3,053163309667255e-11;1,1602551167404707e-05;1,1602551167404707e-05;1,1602551167404707e-05;0,9952128611763571;-0,09668182274290649;0,9952126408214217;-0,09669056940924904;1,1602551167404707e-09
467;-9,9999999301703e-05;-6,851852522961669e-14;0,00010000000764487101;5,82085325095231e-12;8,343168021143939e-12;5,752334725722693e-12;6,168025755571773e-06;6,168025755571772e-06;6,168025755571773e-06;0,9360373773349882;-0,6360661397385367;0,9360374554301615;-0,6360628438937707;6,168025755571773e-10
468;0,00010000001016788507;6,9282369463876124e-12;-0,00010000000006601739;3,666224659353256e-14;1,0101867679488362e-11;6,964899192981145e-12;5,952643118675416e-06;5,952643118675416e-06;5,952643118675416e-06;0,9699058323899842;-0,27892845301173047;0,9699057344113879;-0,27893244360461183;5,952643118675416e-10
469;-0,00010000000032843272;5,3899631450316236e-14;0,0001000000034172299;2,0757224907380363e-12;3,0887971759312183e-12;2,1296221221883525e-12;5,933970519248757e-06;5,933970519248757e-06;5,933970519248757e-06;0,9729577678436557;-0,5652666340641492;0,972957797896348;-0,5652654138805944;5,933970519248757e-10
470;-9,99999999831725e-05;3,660091886705251e-14;0,00010000000787479238;5,404052091482804e-12;7,891619879817936e-12;5,440653010349857e-12;5,85403034294532e-06;5,854030342945319e-06;5,85403034294532e-06;0,9862440665143389;-0,28057072734454824;0,9862441443449732;-0,28056761008023917;5,854030342945319e-10
471;-0,00010000000006811674;5,644587040564043e-14;0,00010000000668341498;5,528364716335094e-12;6,615298234332809e-12;5,584810586740734e-12;5,857923904898369e-06;5,857923904898369e-06;5,857923904898369e-06;0,9855885446038662;-0,27352001098631096;0,9855886098034892;-0,2735168111257626;5,857923904898369e-10
472;0,00010000000363397954;2,590994645509758e-12;-9,999999994373077e-05;-4,669178775087594e-14;3,690248776585907e-12;2,5443028577588823e-12;5,801275692136379e-06;5,801275692136379e-06;5,801275692136379e-06;0,9952126408214217;-0,09669056940924904;0,9952126040956002;-0,0966920271873506;5,801275692136379e-10
