;p_from_mw;q_from_mvar;p_to_mw;q_to_mvar;pl_mw;ql_mvar;i_from_ka;i_to_ka;i_ka;vm_from_pu;va_from_degree;vm_to_pu;va_to_degree;loading_percent
0;-3,860484594521612;-1,889052674645869;3,864958718974094;1,8943308446521314;0,004474124452482187;0,005278170006262517;0,24850483059271586;0,2485048305927159;0,2485048305927159;0,9985271250572729;-0,03693258977603618;1,0;0,0;2,485048305927159e-05
1;-3,796995646645382;-1,8566011099009798;3,800383861802877;1,8600521695367545;0,0033882151574951003;0,0034510596357746337;0,24464644709288852;0,2446464470928885;0,24464644709288852;0,997450977843819;-0,05876072022484766;0,9985271250572729;-0,03693258977603618;2,4464644709288852e-05
2;-5,4062107666604495;-2,6544504420070147;5,426797025280166;2,6686439523468835;0,020586258619716524;0,014193510339868709;0,34915033294168696;0,34915033294168696;0,34915033294168696;0,9959097383696316;-0,03474649740320954;1,0;0,0;3,491503329416869e-05
3;-5,327203857246067;-2,611654547358903;5,347210766674901;2,6254504419865103;0,020006909428833985;0,013795894627607552;0,345339132979454;0,3453391329794542;0,3453391329794542;0,9918909449318909;-0,06918384053291064;0,9959097383696316;-0,03474649740320954;3,453391329794542e-05
4;2,2458914757663706;1,102659234358157;-2,237031233252137;-1,0936374867874965;0,008860242514233452;0,009021747570660432;0,1444516748262819;0,14445167482628188;0,1444516748262819;1,0;0,0;0,9952334240584668;-0,0964920005952566;1,4445167482628189e-05
5;-5,027885595378354;-2,4641620707720207;5,040180551010303;2,472638478432816;0,01229495563194849;0,008476407660795271;0,32677616404150317;0,32677616404150317;0,32677616404150317;0,9892811761201037;-0,091642594460946;0,9918909449318909;-0,06918384053291064;3,2677616404150316e-05
6;-2,2011424288601233;-1,0688847559101273;2,2156306967871413;1,0836371168938905;0,014488267927017962;0,014752360983763202;0,14308155010427767;0,14308155010427767;0,14308155010427767;0,9873702664255508;-0,25774753804890865;0,9952334240584668;-0,0964920005952566;1,4308155010427767e-05
7;-3,7882127044240628;-1,847760165421781;3,796895646645715;1,8566011099005684;0,008682942221652112;0,00884094447878736;0,24464124718433042;0,24464124718433047;0,24464124718433047;0,9946940571407094;-0,11487731437940497;0,997450977843819;-0,05876072022484766;2,446412471843305e-05
8;-3,1249886101018536;-1,5484437737936378;3,1266352847519556;1,5503864114170938;0,0016466746501020424;0,0019426376234559228;0,20149066337808902;0,20149066337808902;0,20149066337808902;0,9993300340902772;-0,01657451718436304;1,0;0,0;2,0149066337808903e-05
9;-3,7385533649462914;-1,8170739408524015;3,751012021708815;1,8297596947920294;0,012458656762523557;0,012685753939627897;0,24224252539999125;0,24224252539999125;0,24224252539999125;0,9907007588414696;-0,19674479139108303;0,9946940571407094;-0,11487731437940497;2,4224252539999123e-05
10;-3,088975409619575;-1,5118765652843107;3,124888610102645;1,5484437737929984;0,03591320048307001;0,036567208508687665;0,2014854866779937;0,20148548667799368;0,2014854866779937;0,9854686514524132;-0,29679352895710637;0,9993300340902772;-0,01657451718436304;2,014854866779937e-05
11;3,088875409675263;1,511876565238371;-3,0579632707276683;-1,4804005717293478;0,030912138947594592;0,03147599350902319;0,2014802245392137;0,2014802245392137;0,2014802245392137;0,9854686514524132;-0,29679352895710637;0,9735564199802518;-0,5443874802353663;2,0148022453921366e-05
12;-3,6035186829657015;-1,7468732285067572;3,6125533649468173;1,756073940851791;0,009034681981115789;0,009200712345033724;0,23408438573058682;0,2340843857305868;0,23408438573058682;0,9877051386121473;-0,2586245984723259;0,9907007588414696;-0,19674479139108303;2,3408438573058682e-05
13;3,72820228029002;1,8292106903507488;-3,708283723178737;-1,8154780955215584;0,019918557111282986;0,013732594829190425;0,23976032471653277;0,23976032471653275;0,23976032471653277;1,0;0,0;0,9942376944100458;-0,04933112326700638;2,3976032471653278e-05
14;3,4508114425765504;1,6881891430299314;-3,4333727342164315;-1,6761659769345898;0,01743870836011885;0,012023166095341598;0,2239905870162045;0,2239905870162045;0,2239905870162045;0,9902037509364935;-0,08418226839252504;0,9848045520364135;-0,13122024080583683;2,239905870162045e-05
15;3,582283723192531;1,7544780955029198;-3,5688114425309405;-1,7451891430897728;0,013472280661590563;0,009288952413146978;0,2316312786083753;0,2316312786083753;0,2316312786083753;0,9942376944100458;-0,04933112326700638;0,9902037509364935;-0,08418226839252504;2,316312786083753e-05
16;3,3073727343305612;1,6151659767927313;-3,2912904852037146;-1,604077564253088;0,016082249126846637;0,011088412539643322;0,21578363909635412;0,21578363909635412;0,21578363909635412;0,9848045520364135;-0,13122024080583683;0,9796364270606258;-0,17670359578808054;2,157836390963541e-05
17;2,437766668269461;1,1927901042599132;-2,4091231520242866;-1,1730411109435037;0,02864351624517436;0,019748993316409447;0,15668923130138804;0,156689231301388;0,15668923130138804;1,0;0,0;0,987323364931943;-0,11012875517164845;1,5668923130138804e-05
18;2,388023080775243;1,1630410506437951;-2,36334195740517;-1,146023878928093;0,024681123370073;0,017017171715702162;0,15532389645530228;0,15532389645530228;0,15532389645530228;0,987323364931943;-0,11012875517164845;0,9763071870888927;-0,20812311604239797;1,5532389645530227e-05
19;-2,6929745729239767;-1,3147306352876615;2,700541804083947;1,321118694760602;0,007567231159970156;0,0063880594729404105;0,17883476675591534;0,17883476675591536;0,17883476675591536;0,9674773144270545;-0,3322902834648169;0,970577749993002;-0,2861580359278111;1,7883476675591537e-05
20;-3,1090236441607777;-1,5214190765340003;3,1174167070840078;1,5285046392310668;0,008393062923230055;0,007085562697066505;0,20540456826053044;0,20540456826053044;0,20540456826053044;0,9729066438015895;-0,25166809303942234;0,9759013461648001;-0,20752055483415222;2,0540456826053046e-05
21;-2,639634118743511;-1,2861504873180825;2,6438738947850187;1,2897301673949941;0,0042397760415076036;0,0035796800769116732;0,17554715910499505;0,17554715910499505;0,17554715910499505;0,9657080077158297;-0,3587971679732803;0,9674773144270545;-0,3322902834648169;1,7554715910499504e-05
22;1,8573161029008247;0,9048108019599965;-1,842479899141003;-0,8945818073656719;0,014836203759821753;0,01022899459432458;0,1192798626960729;0,1192798626960729;0,1192798626960729;1,0;0,0;0,9913766361420132;-0,075480706952708;1,192798626960729e-05
23;1,9229711461789236;0,9318034769605674;-1,9099537208269193;-0,9228283984688981;0,013017425352004341;0,008975078491669342;0,123370387434377;0,123370387434377;0,123370387434377;1,0;0,0;0,9926868842098746;-0,06483528732511634;1,23370387434377e-05
24;1,8878531034402757;0,9128279728113212;-1,8852435668802876;-0,9110287848137368;0,0026095365599880793;0,0017991879975843839;0,12195999097251599;0,12195999097251599;0,12195999097251599;0,9926868842098746;-0,06483528732511634;0,9912039972199622;-0,07807450925778901;1,2195999097251599e-05
25;-2,9767595107165867;-1,4551315649100127;2,9830236443295775;1,4604190763894815;0,006264133612990719;0,0052875114794688205;0,1970972862208045;0,19709728622080447;0,1970972862208045;0,970577749993002;-0,2861580359278111;0,9729066438015895;-0,25166809303942234;1,970972862208045e-05
26;-1,8686722197225858;-0,9025666063567144;1,8722435668808284;0,905028784814098;0,003571347158242588;0,0024621784573836125;0,12112614772277103;0,12112614772277103;0,12112614772277103;0,9891606624678116;-0,09636506748380082;0,9912039972199622;-0,07807450925778901;1,2112614772277102e-05
27;-2,5094661665456806;-1,222277106463788;2,5136341190553644;1,2251504867194087;0,0041679525096838255;0,0028733802556206722;0,16717790248962056;0,16717790248962056;0,16717790248962056;0,9639793771540555;-0,37433171501384394;0,9657080077158297;-0,3587971679732803;1,6717790248962055e-05
28;-2,5010920020527445;-1,216572635656319;2,509366166949098;1,2222771060134765;0,008274164896353575;0,005704470357157598;0,16717251801575428;0,16717251801575428;0,16717251801575428;0,9605477734330037;-0,40533921932082867;0,9639793771540555;-0,37433171501384394;1,6717251801575426e-05
29;1,3997603628160085;0,6786380909600691;-1,3979927231616083;-0,6771458823366309;0,0017676396544001882;0,0014922086234382403;0,091110460775595;0,091110460775595;0,091110460775595;0,9857525992847984;-0,12535014553602;0,9843322386773228;-0,14643296898447952;9,111046077559499e-06
30;1,3569927231624166;0,6571458823365244;-1,3550737548519827;-0,6555258216709727;0,0019189683104339217;0,001620060665551648;0,08843479430404809;0,08843479430404808;0,08843479430404809;0,9843322386773228;-0,14643296898447952;0,9827437901688949;-0,17009670687308504;8,84347943040481e-06
31;1,7164798991416095;0,8335818073650388;-1,712552830498108;-0,8308743528700664;0,003927068643501563;0,00270745449497245;0,1111272804663218;0,11112728046632177;0,1111272804663218;0,9913766361420132;-0,075480706952708;0,9889269312911525;-0,09715113262997949;1,111272804663218e-05
32;0,6053765730234284;0,2932596194183289;-0,605021680555584;-0,2930149488946404;0,0003548924678443699;0,00024467052368848385;0,039257286787791675;0,039257286787791675;0,039257286787791675;0,9892811761201037;-0,091642594460946;0,9886545843845449;-0,09722299313110093;3,925728678779167e-06
33;3,261290485361678;1,5900775640580551;-3,2513632447767047;-1,5832326102762377;0,009927240584973518;0,006844953781817376;0,21383281824930536;0,21383281824930536;0,21383281824930536;0,9796364270606258;-0,17670359578808054;0,9764173492634258;-0,205254319018956;2,1383281824930538e-05
34;2,7611771148416073;1,3461042782399228;-2,760309112375162;-1,3455054852043475;0,0008680024664453612;0,0005987930355753068;0,18163521636051963;0,18163521636051966;0,18163521636051966;0,9764173492634258;-0,205254319018956;0,9760859404836233;-0,20819993611083673;1,8163521636051965e-05
35;2,7602091123789987;1,3455054851896626;-2,7601002472917555;-1,345430269311204;0,00010886508724317068;7,521587845871203e-05;0,18162989945677122;0,18162989945677116;0,18162989945677122;0,9760859404836233;-0,20819993611083673;0,976044357954652;-0,20857142399512885;1,8162989945677122e-05
36;2,751100247312119;1,3414302692760065;-2,748404890666984;-1,3395717417096782;0,002695356645134872;0,0018585275663283163;0,18104768420612308;0,1810476842061231;0,1810476842061231;0,976044357954652;-0,20857142399512885;0,9750120332368788;-0,2177391768782832;1,810476842061231e-05
37;2,316538774578675;1,1242665516337031;-2,3131106593558104;-1,1219027560855024;0,0034281152228645695;0,0023637955482007644;0,1505149154593684;0,15051491545936846;0,15051491545936846;0,9877051386121473;-0,2586245984723259;0,9861262738519544;-0,27266098515805975;1,5051491545936846e-05
38;1,1165396049066771;0,543121263032873;-1,1130460913399185;-0,5407126025162569;0,0034935135667586437;0,0024086605166161457;0,07168545635119168;0,07168545635119167;0,07168545635119168;1,0;0,0;0,9966213693385275;-0,029533450032944133;7,168545635119169e-06
39;2,7054045988734003;1,318571540100907;-2,688339825822793;-1,3068062794851107;0,017064773050607496;0,011765260615796302;0,17821400825663117;0,1782140082566312;0,1782140082566312;0,9750120332368788;-0,2177391768782832;0,9683730955372815;-0,27715260849119744;1,782140082566312e-05
40;1,594548012281912;0,7738702852102406;-1,592434704188224;-0,7724132301087101;0,0021133080936879267;0,0014570551015304911;0,10347628721571002;0,10347628721571;0,10347628721571002;0,9889269312911525;-0,09715113262997949;0,9875111975573854;-0,10971577503340973;1,0347628721571002e-05
41;1,5923347041856182;0,7724132301079158;-1,59224091740579;-0,7723483502122814;9,37867798280756e-05;6,487989563441765e-05;0,10347102688680798;0,10347102688680798;0,10347102688680798;0,9875111975573854;-0,10971577503340973;0,9874483133355123;-0,1102804792269247;1,0347102688680797e-05
42;1,1129460913399567;0,5407126025163289;-1,112585553837078;-0,5404639719083153;0,0003605375028787883;0,00024863060801361136;0,07168024564334066;0,07168024564334065;0,07168024564334066;0,9966213693385275;-0,029533450032944133;0,9962726575536136;-0,03259444766106532;7,168024564334067e-06
43;1,1124855538372644;0,5404639719081571;-1,1108919601620457;-0,5391185103235674;0,0015935936752187185;0,0013454615845897022;0,07167503306581599;0,07167503306581598;0,07167503306581599;0,9962726575536136;-0,03259444766106532;0,9946445396886651;-0,05643702558872113;7,167503306581599e-06
44;1,1107919601623608;0,5391185103238606;-1,1101572352198188;-0,5385827155617295;0,0006347249425420198;0,0005357947621310588;0,07166981099047916;0,07166981099047914;0,07166981099047916;0,9946445396886651;-0,05643702558872113;0,9939960938769619;-0,06595042964423994;7,166981099047916e-06
45;2,6652397629506632;1,2958062352788842;-2,6544570756998116;-1,2883717723763166;0,01078268725085163;0,007434462902567551;0,1766886386904309;0,17668863869043092;0,17668863869043092;0,9683730955372815;-0,27715260849119744;0,9641423985530573;-0,3154340286724586;1,766886386904309e-05
46;2,2631106593563275;1,097902756084711;-2,259828860249203;-1,095639850197602;0,003281799107124339;0,00226290588710909;0,14726781048052767;0,14726781048052764;0,14726781048052767;0,9861262738519544;-0,27266098515805975;0,9845815066153669;-0,28643006130018106;1,472678104805277e-05
47;1,5602409174056762;0,7573483502125212;-1,557760362815371;-0,7556380909601084;0,002480554590305273;0,0017102592524128601;0,10140485214266952;0,10140485214266952;0,10140485214266952;0,9874483133355123;-0,1102804792269247;0,9857525992847984;-0,12535014553602;1,0140485214266953e-05
48;1,4015615284424143;0,6819049892266094;-1,3960563350516142;-0,6781093428942382;0,005505193390800134;0,003795646332371172;0,08998831650723664;0,08998831650723664;0,08998831650723664;1,0;0,0;0,9957587216625474;-0,037086422267292946;8,998831650723664e-06
49;1,004157235219578;0,487582715561729;-1,0033615649254615;-0,4869108918722761;0,000795670294116535;0,0006718236894528995;0,064837413417473;0,064837413417473;0,064837413417473;0,9939960938769619;-0,06595042964423994;0,9930974666602299;-0,07914340924797833;6,4837413417473e-06
50;2,6492570179152177;1,2863717318711503;-2,643800568676494;-1,2826096929979405;0,005456449238723682;0,0037620388732098053;0,1763562072869191;0,17635620728691906;0,1763562072869191;0,9641423985530573;-0,3154340286724586;0,9619975942280189;-0,3349491465051324;1,7635620728691906e-05
51;1,3959563350511321;0,6781093428937515;-1,395388171473753;-0,6777175310723268;0,0005681635773790994;0,0003918118214246702;0,08998310114644727;0,08998310114644727;0,08998310114644727;0,9957587216625474;-0,037086422267292946;0,9953209740642379;-0,04093416034118587;8,998310114644728e-06
52;-2,4629982604130296;-1,197956710699967;2,463890855199834;1,1985718443907816;0,0008925947868045903;0,0006151336908146732;0,16468848403320124;0,16468848403320124;0,16468848403320124;0,9601720511201904;-0,40874275787775516;0,9605477734330037;-0,40533921932082867;1,6468848403320124e-05
53;1,8968226965699313;0,918683169059991;-1,8941968543517687;-0,9155858656118666;0,002625842218162644;0,003097303448124422;0,12498657714029203;0,12498657714029204;0,12498657714029204;0,9735564199802518;-0,5443874802353663;0,9718414100177912;-0,5891315337003216;1,2498657714029203e-05
54;-2,584039900044198;-1,2492278136406594;2,607800569592457;1,2656096921526663;0,02376066954825884;0,016381878512006898;0,17396698968266028;0,1739669896826603;0,1739669896826603;0,952530736238865;-0,42205933282689423;0,9619975942280189;-0,3349491465051324;1,739669896826603e-05
55;1,0270611267428402;0,49651516023479564;-1,026336853232281;-0,49590380601760337;0,000724273510559259;0,0006113542171922726;0,06701953946526445;0,06701953946526447;0,06701953946526447;0,9827437901688949;-0,17009670687308504;0,9819528477560925;-0,18191798827285266;6,701953946526447e-06
56;1,0262368532338295;0,49590380601840467;-1,025878748142313;-0,49560147801789184;0,00035810509151645853;0,0003023280005128304;0,06701424548950365;0,06701424548950365;0,06701424548950365;0,9819528477560925;-0,18191798827285266;0,9815617398328628;-0,18777190015159445;6,701424548950365e-06
57;0,9967786852853627;0,4816014249540864;-0,9957160719430626;-0,4807042964045003;0,0010626133423001782;0,0008971285495861236;0,06511480877773886;0,06511480877773887;0,06511480877773887;0,9815617398328628;-0,18777190015159445;0,9803673825450607;-0,20567577190729266;6,511480877773887e-06
58;-0,2020000000002768;-0,0979999999962434;0,20202168055494452;0,09801494890117488;2,168055466772456e-05;1,4948904931477713e-05;0,01311278293409189;0,01311278293409189;0,01311278293409189;0,9885399697432823;-0,09824015085063936;0,9886545843845449;-0,09722299313110093;1,3112782934091889e-06
59;0,8881356165878572;0,431131325033913;-0,8875947502980039;-0,4304933827426832;0,0005408662898532812;0,0006379422912298205;0,057727891765567405;0,05772789176556741;0,05772789176556741;0,9873702664255508;-0,25774753804890865;0,9866050730493663;-0,277361508448696;5,772789176556741e-06
60;4,104509022404747;2,0169024512923506;-4,090137314607303;-2,00699291834711;0,014371707797443456;0,009909532945240773;0,26689928946782876;0,26689928946782876;0,26689928946782876;0,9892811761201037;-0,091642594460946;0,9855457703633217;-0,12378136201313714;2,6689928946782874e-05
61;-0,0011000000069740995;-5,3960451134904856e-12;0,001100003045477665;2,57060040265729e-09;3,038503565509082e-09;2,5652043575437994e-09;6,667365474476534e-05;6,667365474476534e-05;6,667365474476534e-05;0,9525281050907867;-0,422192946440989;0,952530736238865;-0,42205933282689423;6,667365474476534e-09
62;-2,1886174386124235;-1,06262761736412;2,190635532813723;1,0640189137204719;0,002018094201299281;0,0013912963563518232;0,14714295152925091;0,14714295152925091;0,14714295152925091;0,954623865845266;-0,45932607594850905;0,9555746369732409;-0,45061794194135024;1,4714295152925092e-05
63;3,206679955650372;1,573442787817131;-3,1995167070433927;-1,568504639140368;0,007163248606979256;0,00493814867676301;0,2108074545841298;0,2108074545841298;0,2108074545841298;0,9782582809463354;-0,1869746529763348;0,9759013461648001;-0,20752055483415222;2,108074545841298e-05
64;1,0393680321440029;0,505701313106726;-1,0379735688183018;-0,5045239760822219;0,0013944633257010342;0,001177337024504066;0,0670475096838621;0,0670475096838621;0,0670475096838621;0,9953209740642379;-0,04093416034118587;0,9937977377310367;-0,06320453287152052;6,7047509683862095e-06
65;-2,1283060978409702;-1,0333448687541495;2,1316174388983598;1,035627617177111;0,0033113410573895052;0,0022827484229615003;0,14332861667951777;0,14332861667951774;0,14332861667951777;0,953022308719099;-0,4740067220702198;0,954623865845266;-0,45932607594850905;1,4332861667951776e-05
66;0,5799140105452686;0,2814922671259377;-0,5795556733697643;-0,2812452203471555;0,00035833717550426414;0,0002470467787822339;0,03769335389553441;0,03769335389553441;0,03769335389553441;0,9873702664255508;-0,25774753804890865;0,9867112618239725;-0,26359724611618623;3,7693353895534407e-06
67;0,8013615649254457;0,38891089187245936;-0,8009855416797926;-0,3885934362183413;0,00037602324565311207;0,00031745565411805954;0,05178480741573041;0,05178480741573042;0,05178480741573042;0,9930974666602299;-0,07914340924797833;0,9925657852462346;-0,08695790582524582;5,178480741573042e-06
68;0,8008855416797914;0,38859343621799963;-0,800568391487109;-0,38832567233480425;0,00031715019268241385;0,00026776388319538214;0,05177957409573685;0,05177957409573685;0,05177957409573685;0,9925657852462346;-0,08695790582524582;0,9921173057579379;-0,09355547988337803;5,1779574095736855e-06
69;3,8781372723450955;1,9039928890653814;-3,8688652404414676;-1,8976014324619688;0,009272031903627909;0,006391456603412671;0,2530918570558189;0,2530918570558189;0,2530918570558189;0,9855457703633217;-0,12378136201313714;0,9830046421544884;-0,14573410294448413;2,530918570558189e-05
70;0,782468376421327;0,3793256619701434;-0,7824504003521908;-0,3793105282709132;1,79760691362274e-05;1,5133699230174269e-05;0,05060329642572724;0,05060329642572724;0,05060329642572724;0,9921173057579379;-0,09355547988337803;0,9920913184541357;-0,093936089605315;5,060329642572724e-06
71;-0,5200515140648782;-0,2520355137194303;0,5205882343102083;0,2524055875266367;0,0005367202453301356;0,0003700738072064391;0,03381842196425636;0,03381842196425636;0,03381842196425636;0,9866050262950486;-0,2684241293852087;0,9877051386121473;-0,2586245984723259;3,3818421964256355e-06
72;0,9229735688180111;0,44852397608205047;-0,9223351048214129;-0,44798499219714677;0,0006384639965981709;0,0005389838849036988;0,05961652844850133;0,05961652844850133;0,05961652844850133;0,9937977377310367;-0,06320453287152052;0,9930134880262634;-0,0746994572868146;5,961652844850133e-06
73;-1,5124416377478553;-0,7324069542779793;1,5148801831408223;0,734088140080426;0,002438545392966951;0,0016811858024466941;0,10290519779498418;0,1029051977949842;0,1029051977949842;0,9428154505853624;-0,5684599014022012;0,9444579478706971;-0,5531337123956643;1,029051977949842e-05
74;0,0;0,0;0,0;0,0;0,0;0,0;;;;;;;;
75;-9,999999994766448e-05;7,983484368856149e-15;0,00010000003168120613;2,1870713882680027e-11;3,173354164349735e-11;2,1878697367048883e-11;5,845372566476874e-06;5,845372566476875e-06;5,845372566476875e-06;0,9877048251784014;-0,2586371340385597;0,9877051386121473;-0,2586245984723259;5,845372566476875e-10
76;1,7624930078907313;0,8525830847894392;-1,760416205834757;-0,8511511993773859;0,0020768020559742695;0,001431885412053302;0,11631325691614945;0,11631325691614947;0,11631325691614947;0,9718414100177912;-0,5891315337003216;0,9706039234029765;-0,6004015499936413;1,1631325691614946e-05
77;0,5184128426946814;0,25143691621534064;-0,5182481165939541;-0,2512425871631785;0,0001647261007272638;0,00019432905216215657;0,03371685175065022;0,033716851750650215;0,03371685175065022;0,9866050730493663;-0,277361508448696;0,986206081984077;-0,2876045768550203;3,371685175065022e-06
78;3,7428652405168004;1,836601432373545;-3,7366844306108757;-1,8323399834017362;0,006180809905924622;0,00426144897180869;0,24486994770201143;0,24486994770201143;0,24486994770201143;0,9830046421544884;-0,14573410294448413;0,9812537801246307;-0,1609184120890778;2,4486994770201145e-05
79;-0,8040744924761563;-0,39076493577269905;0,8043351048213395;0,3909849921973746;0,00026061234518326426;0,00022005642467554098;0,051997384875159494;0,05199738487515949;0,051997384875159494;0,9926464207576714;-0,08008152741631602;0,9930134880262634;-0,0746994572868146;5,199738487515949e-06
80;-0,9311463491770592;-0,4507903265821634;0,9315663993881981;0,45107997446519277;0,0004200502111388893;0,00028964788302937583;0,06069334053264962;0,0606933405326496;0,06069334053264962;0,9841017964861926;-0,29072951682709663;0,9845815066153669;-0,28643006130018106;6,0693340532649615e-06
81;0,4362481165934079;0,2112425871629997;-0,4361569541755038;-0,2111497580236235;9,11624179040782e-05;9,282913937619375e-05;0,02837568422222489;0,028375684222224896;0,028375684222224896;0,986206081984077;-0,2876045768550203;0,9859568271939803;-0,2927856568228823;2,83756842222249e-06
82;0,580450400356873;0,2813105282714345;-0,5803345333183076;-0,28123063454546277;0,00011586703856536484;7,989372597172473e-05;0,03753745360013436;0,037537453600134364;0,037537453600134364;0,9920913184541357;-0,093936089605315;0,9918773577020358;-0,09583411824565018;3,753745360013437e-06
83;0,9994989937268473;0,4832111423545797;-0,9990228765288677;-0,48280919348473056;0,0004761171979795753;0,0004019488698491225;0,06729027389108674;0,06729027389108673;0,06729027389108674;0,952530736238865;-0,42205933282689423;0,9520128550323544;-0,43004480572397513;6,729027389108675e-06
84;0,3991569541760182;0,19314975802359793;-0,3990806158325517;-0,1930720239870474;7,63383434664866e-05;7,773403655053635e-05;0,025966283266743176;0,025966283266743176;0,025966283266743176;0,9859568271939803;-0,2927856568228823;0,9857287584323958;-0,2975314651549303;2,5966283266743177e-06
85;-1,3388582062106529;-0,6476947977328559;1,3413239139979352;0,6493947344827463;0,0024657077872822786;0,0016999367498904405;0,09125855788406244;0,09125855788406242;0,09125855788406244;0,9409428050685793;-0,5860108615871251;0,9428154505853624;-0,5684599014022012;9,125855788406243e-06
86;-0,7235750003327077;-0,3513432447097788;0,7240744924764332;0,3517649357730531;0,0004994921437254662;0,00042169106327433203;0,04682090613576466;0,04682090613576465;0,04682090613576466;0,9918652095360045;-0,09155213623991357;0,9926464207576714;-0,08008152741631602;4,682090613576466e-06
87;0,6313652978723223;0,30525183092076624;-0,6311869667472924;-0,30512889627287326;0,0001783311250299624;0,00012293464789298048;0,04250646592806119;0,0425064659280612;0,0425064659280612;0,952530736238865;-0,42205933282689423;0,9522399852115887;-0,42476076328624673;4,2506465928061204e-06
88;0,00010000000584825312;4,661786948896928e-12;-0,00010000000002076764;2,5745077693783893e-13;5,827485480389312e-12;4,919237725834767e-12;5,91607241063314e-06;5,916072410633141e-06;5,916072410633141e-06;0,9759013461648001;-0,20752055483415222;0,9759012892942931;-0,2075233733495971;5,916072410633141e-10
89;1,2676457489995827;0,6149597709536194;-1,25471741609637;-0,6060461917354342;0,012928332903212603;0,008913579218185252;0,08402469234062081;0,0840246923406208;0,08402469234062081;0,9681079237033884;-0,2820214242699994;0,9574435847194737;-0,37975577961084234;8,402469234062081e-06
90;0,8750756064657452;0,42376483741131654;-0,8747408430535288;-0,42348216914572584;0,00033476341221638783;0,000282668265590702;0,05893224732726501;0,05893224732726502;0,05893224732726502;0,952530736238865;-0,42205933282689423;0,952114871925465;-0,42845608437046623;5,893224732726502e-06
91;0,9376618770390207;0,45300790998278306;-0,93662892027154;-0,45229570180812295;0,0010329567674807194;0,0007122081746601117;0,06078165051749164;0,060781650517491646;0,060781650517491646;0,9891606624678116;-0,09636506748380082;0,9879829092903023;-0,10693796387808571;6,078165051749165e-06
92;1,085261652599346;0,5265593184275393;-1,08454298019309;-0,5260638427355905;0,0007186724062560046;0,0004954756919488545;0,07073392977244813;0,07073392977244813;0,07073392977244813;0,9845815066153669;-0,28643006130018106;0,9838772127685977;-0,29270719156334796;7,073392977244813e-06
93;0,32108061583212194;0,15507202398660555;-0,321042395079698;-0,15503975682622306;3,822075242393419e-05;3,226716038248756e-05;0,020884458075621986;0,020884458075621986;0,020884458075621986;0,9857287584323958;-0,2975314651549303;0,985594819134129;-0,29952964734465437;2,0884458075621987e-06
94;3,534684430715741;1,73433998328761;-3,52467995550561;-1,727442787954459;0,010004475210130703;0,00689719533315114;0,23165992126136892;0,23165992126136897;0,23165992126136897;0,9812537801246307;-0,1609184120890778;0,9782582809463354;-0,1869746529763348;2,31659921261369e-05
95;-0,20200000000005935;-0,09799999999995043;0,20205151406500632;0,09803551371963928;5,1514064946966975e-05;3,5513719688851086e-05;0,013142119256604353;0,013142119256604355;0,013142119256604355;0,9863333144298974;-0,27083927206538566;0,9866050262950486;-0,2684241293852087;1,3142119256604354e-06
96;0,4543345333192915;0,2202306345455665;-0,4541545788682439;-0,22010657091538416;0,00017995445104762586;0,00012406363018233058;0,029388982085931607;0,029388982085931607;0,029388982085931607;0,9918773577020358;-0,09583411824565018;0,9914529305920596;-0,09959704319591049;2,9388982085931604e-06
97;1,5134162058670908;0,7321511993692923;-1,5073847551839754;-0,7279928197011842;0,006031450683115391;0,004158379668108059;0,10000456540935211;0,10000456540935208;0,10000456540935211;0,9706039234029765;-0,6004015499936413;0,9664240789336837;-0,6386236587783378;1,0000456540935211e-05
98;1,5072847552248685;0,7279928196631736;-1,5060784748663818;-0,7271612332036549;0,0012062803584866888;0,0008315864595187517;0,09999918587443815;0,09999918587443815;0,09999918587443815;0,9664240789336837;-0,6386236587783378;0,9655881411267148;-0,6463042992983895;9,999918587443815e-06
99;-0,2531518675271669;-0,1231047057785574;0,25328776007107673;0,12319839331706295;0,0001358925439098324;9,368753850555467e-05;0,01693737573755773;0,016937375737557735;0,016937375737557735;0,9595491579134527;-0,41440234388150027;0,9601054005566626;-0,40935240568530473;1,6937375737557736e-06
100;-0,5127112502867732;-0,24842141992616257;0,5128490327012165;0,24851640447051396;0,0001377824144432882;9,49845443513897e-05;0,033796305833853894;0,033796305833853894;0,033796305833853894;0,9732738432373759;-0,5469412487657813;0,9735564199802518;-0,5443874802353663;3,3796305833853897e-06
101;-0,24805200136790334;-0,12003585277353938;0,2481518675323818;0,12010470578047563;9,986616447846264e-05;6,885300693625085e-05;0,016587913719753856;0,016587913719753853;0,016587913719753856;0,9591318875795606;-0,41824230714580923;0,9595491579134527;-0,41440234388150027;1,6587913719753858e-06
102;-2,190735532216091;-1,0640189143597238;2,200493514378645;1,070746608492168;0,009757982162553969;0,0067276941324441175;0,14714838629496;0,14714838629496;0,14714838629496;0,9555746369732409;-0,45061794194135024;0,9601720511201904;-0,40874275787775516;1,4714838629496e-05
103;1,5824068011177814;0,7689304683913419;-1,5818726171919872;-0,7685622224510074;0,0005341839257941849;0,00036824594033457725;0,10404035591756305;0,10404035591756304;0,10404035591756305;0,9763071870888927;-0,20812311604239797;0,9759512528430776;-0,211307475757647;1,0404035591756305e-05
104;-0,7286708896493239;-0,35246255895695244;0,7291463491771094;0,35279032658240517;0,0004754595277854934;0,000327767625452724;0,04752142641370157;0,04752142641370157;0,04752142641370157;0,983408383309355;-0,296956130810964;0,9841017964861926;-0,29072951682709663;4,752142641370157e-06
105;0,37315457886842907;0,18110657091551224;-0,3730330253868974;-0,18102276989757507;0,00012155348153164436;8,380101793717398e-05;0,024153882473607547;0,024153882473607544;0,024153882473607547;0,9914529305920596;-0,09959704319591049;0,9911040806898369;-0,10268085297409907;2,4153882473607547e-06
106;-0,4485481606062942;-0,2173089841095804;0,4487112502867019;0,21742141993044714;0,0001630896804076798;0,00011243582086672976;0,029577876348242688;0,029577876348242688;0,029577876348242688;0,9728916581136013;-0,5503976826124928;0,9732738432373759;-0,5469412487657813;2,957787634824269e-06
107;0,26240474650649714;0,1272101017073243;-0,2623878850733909;-0,1271984794941329;1,686143310625221e-05;1,162221319139789e-05;0,017534707224382436;0,017534707224382436;0,017534707224382436;0,9601720511201904;-0,40874275787775516;0,9601054005566626;-0,40935240568530473;1,7534707224382435e-06
108;0,19904239507904772;0,09603975682666353;-0,19901037196908242;-0,09600715047274216;3,202310996530677e-05;3,26063539213689e-05;0,012945996985189515;0,012945996985189515;0,012945996985189515;0,985594819134129;-0,29952964734465437;0,9854030065294707;-0,3035360279371319;1,2945996985189515e-06
109;-0,2251268992523199;-0,10801854564076627;0,22515619143578985;0,10803874265339009;2,9292183469947775e-05;2,0197012623818233e-05;0,014736762831467997;0,014736762831467999;0,014736762831467999;0,9782637245716792;-0,22491670381672474;0,9784014206090457;-0,22364618544021395;1,4736762831468e-06
110;0,577795572935371;0,2811941292634086;-0,5768357687228628;-0,2805323764274249;0,0009598042125081863;0,0006617528359836866;0,03757432288857823;0,037574322888578225;0,03757432288857823;0,9873702664255508;-0,25774753804890865;0,9855992549943612;-0,2733812467483406;3,7574322888578233e-06
111;0,0;0,0;0,0;0,0;0,0;0,0;;;;;;;;
112;1,5138726172097516;0,7355622224378024;-1,5109373859166504;-0,7335385813679611;0,002935231293101248;0,00202364106984132;0,09956895808667984;0,09956895808667983;0,09956895808667984;0,9759512528430776;-0,211307475757647;0,973907637687978;-0,2296395292399382;9,956895808667985e-06
113;1,510837385966266;0,7335385813122918;-1,5061633471969127;-0,7303160907539971;0,00467403876935335;0,0032224905582947105;0,0995636251937162;0,0995636251937162;0,0995636251937162;0,973907637687978;-0,2296395292399382;0,9706534055841013;-0,258989121914009;9,95636251937162e-06
114;0,35424796644960377;0,17117095666418417;-0,35409137625641235;-0,17106299844405298;0,0001565901931914193;0,00010795822013118239;0,02299773567601115;0,022997735676011155;0,022997735676011155;0,9877051386121473;-0,2586245984723259;0,9872332676528222;-0,262861233356293;2,2997735676011155e-06
115;0,5384174150067433;0,2599432839912192;-0,538296919778311;-0,2598415399654685;0,00012049522843238236;0,00010174402575069408;0,03535647294028421;0,03535647294028421;0,03535647294028421;0,9763071870888927;-0,20812311604239797;0,9760577634663433;-0,21188415515269704;3,5356472940284217e-06
116;0,5381969197800061;0,2598415399647689;-0,5380271600528074;-0,2596982489582862;0,0001697597271986817;0,0001432910064826931;0,03535114605879507;0,03535114605879507;0,03535114605879507;0,9760577634663433;-0,21188415515269704;0,975706346834049;-0,21718104459645118;3,5351146058795075e-06
117;0,5379271600545564;0,2596982489567756;-0,5376753707324724;-0,25948566350949054;0,0002517893220840284;0,00021258544728508522;0,03534581720806585;0,03534581720806586;0,03534581720806586;0,975706346834049;-0,21718104459645118;0,9751850103220988;-0,22504816747192072;3,5345817208065856e-06
118;-0,12600056719531907;-0,06100039083999178;0,12605200133842842;0,061035852957812727;5,14341431093468e-05;3,5462117820947436e-05;0,008430424991553732;0,008430424991553732;0,008430424991553732;0,9587090177317475;-0,4221312526424636;0,9591318875795606;-0,41824230714580923;8,430424991553732e-07
119;-0,38446355236338015;-0,18625064956756507;0,3845481606058207;0,18630898411502075;8,460824244055365e-05;5,8334547455685115e-05;0,02535778969881221;0,025357789698812205;0,02535778969881221;0,9726603867005682;-0,5524909489291147;0,9728916581136013;-0,5503976826124928;2,535778969881221e-06
120;1,0458619308655943;0,5060769030125801;-1,0452533891781555;-0,5056573089582861;0,0006085416874388461;0,00041959405429403684;0,06947120706895057;0,06947120706895056;0,06947120706895057;0,9655881411267148;-0,6463042992983895;0,964981016362965;-0,6518622706465145;6,947120706895057e-06
121;-0,37738872315276806;-0,183199063750257;0,3774635523632929;0,18325064956760964;7,482921052481828e-05;5,1585817352650665e-05;0,024906225606966117;0,024906225606966117;0,024906225606966117;0,9724521180479696;-0,554365611490904;0,9726603867005682;-0,5524909489291147;2,4906225606966114e-06
122;0,5515717081235353;0,26734097491791553;-0,551201809011883;-0,26708594846038775;0,0003698991116523054;0,00025502645752778497;0,035678680491690797;0,035678680491690797;0,035678680491690797;0,9918652095360045;-0,09155213623991357;0,9911465871200752;-0,09792775131306752;3,5678680491690794e-06
123;-0,3771425516092843;-0,18309828016272317;0,3772887231535054;0,1831990637497161;0,00014617154422114087;0,00010078358699291967;0,024900884733176275;0,02490088473317627;0,024900884733176275;0,9720451789394057;-0,5580301224720905;0,9724521180479696;-0,554365611490904;2,4900884733176277e-06
124;1,476163347235866;0,7163160907142132;-1,475536715684744;-0,7158840492617299;0,000626631551121859;0,0004320414524833227;0,09759468929845891;0,0975946892984589;0,09759468929845891;0,9706534055841013;-0,258989121914009;0,9702083164388208;-0,26301115858898466;9,759468929845891e-06
125;-0,2710060321730538;-0,13100415809915855;0,2710913762564284;0,13106299844441083;8,534408337457222e-05;5,884034525227566e-05;0,01760948738962309;0,01760948738962309;0,01760948738962309;0,9868973842915291;-0,265873816956752;0,9872332676528222;-0,262861233356293;1,7609487389623092e-06
126;-0,30215619143571426;-0,14503874265300817;0,30225741668413364;0,14510853010401095;0,00010122524841937874;6,97874510027785e-05;0,0197778496625025;0,019777849662502497;0,0197778496625025;0,9784014206090457;-0,22364618544021395;0,9787559744958247;-0,2203804610947801;1,97778496625025e-06
127;0,7461691309183147;0,3607371204489535;-0,7455118280522377;-0,36028393215278;0,0006573028660770142;0,0004531882961735234;0,04997730394134872;0,049977303941348736;0,049977303941348736;0,9574435847194737;-0,37975577961084234;0,9565320913856752;-0,3881919063371937;4,9977303941348734e-06
128;0,2424177413656706;0,11715012644591143;-0,24235102892552868;-0,11710413045434978;6,671244014191946e-05;4,5995991561645355e-05;0,01592184802393852;0,015921848023938524;0,015921848023938524;0,9763071870888927;-0,20812311604239797;0,9760168069360042;-0,2107597511040225;1,5921848023938524e-06
129;0,24225102892615585;0,1171041304538605;-0,24216213850474097;-0,11704284348752245;8,889042141488335e-05;6,128696633805886e-05;0,015916522055621753;0,015916522055621753;0,015916522055621753;0,9760168069360042;-0,2107597511040225;0,9756297564451076;-0,21427285341292288;1,591652205562175e-06
130;-0,14810989320951862;-0,07100682103104682;0,14812689925222552;0,07101854564148878;1,700604270690742e-05;1,1724610441965488e-05;0,009694967132580994;0,009694967132580994;0,009694967132580994;0,9781422188290708;-0,22604000115706627;0,9782637245716792;-0,22491670381672474;9,694967132580992e-07
131;0,5027356694107068;0,24453229258384324;-0,5026228998784675;-0,24443709000298863;0,00011276953223926522;9,520258085460309e-05;0,03274848781982912;0,032748487819829114;0,03274848781982912;0,9855992549943612;-0,2733812467483406;0,9853470592773881;-0,2771010883053614;3,2748487819829125e-06
132;0,5025228998780683;0,24443709000327454;-0,5022504424374928;-0,2442070884500274;0,0002724574405754687;0,00023000155324715;0,032743218639614505;0,0327432186396145;0,032743218639614505;0,9853470592773881;-0,2771010883053614;0,9847376575902383;-0,2860937536694554;3,2743218639614505e-06
133;-0,6022305086713586;-0,29115893103230683;0,6026708896493508;0,2914625589569417;0,0004403809779921497;0,00030362792463484167;0,03930278121568806;0,03930278121568806;0,03930278121568806;0,9826318216728248;-0,3039462773463236;0,983408383309355;-0,296956130810964;3,9302781215688055e-06
134;0,857538316537068;0,41606062686977346;-0,8565264292637571;-0,4153629483324156;0,0010118872733109185;0,0006976785373578598;0,05593141102704455;0,05593141102704455;0,05593141102704455;0,9838772127685977;-0,29270719156334796;0,9826231143783343;-0,3039021059242398;5,5931411027044545e-06
135;-0,0001000000000665218;-5,405469036043179e-14;0,00010000000772101989;5,331194631404669e-12;7,654498088431778e-12;5,277139941044237e-12;6,061241769994048e-06;6,061241769994049e-06;6,061241769994049e-06;0,9525280321795455;-0,42219597001921844;0,9525281050907867;-0,422192946440989;6,061241769994049e-10
136;0,46067537073213205;0,22248566351598462;-0,4603859589402209;-0,22224133127096862;0,00028941179191116495;0,0002443322450159935;0,030288111474443317;0,030288111474443324;0,030288111474443324;0,9751850103220988;-0,22504816747192072;0,9744857041725429;-0,2356005850774142;3,0288111474443323e-06
137;0,6134226080957887;0,2971876848368993;-0,6132935400444646;-0,2970987124401081;0,0001290680513241771;8,897239679117597e-05;0,039353433401324966;0,03935343340132497;0,03935343340132497;1,0;0,0;0,9997726803673762;-0,0020007473367535215;3,9353433401324975e-06
138;0,613193540044534;0,2970987124405757;-0,6127096859037239;-0,2967651192333856;0,0004838541408100916;0,0003335932071900638;0,03934823637107398;0,03934823637107398;0,03934823637107398;0,9997726803673762;-0,0020007473367535215;0,9989203551908377;-0,00951102974113792;3,934823637107398e-06
139;-0,04400000001254022;-0,020999999931222278;0,044000567173472616;0,021000390969676354;5,67160932392341e-07;3,9103845407562066e-07;0,002936116006940808;0,0029361160069408085;0,0029361160069408085;0,9586956408040481;-0,4222588903458963;0,9587090177317475;-0,4221312526424636;2,9361160069408085e-07
140;-0,6814481082112601;-0,33023999826217815;0,6817184316267696;0,33042637719708484;0,0002703234155094769;0,00018637893490669466;0,04532594756140972;0,045325947561409737;0,045325947561409737;0,9645676189799184;-0,6556311448741756;0,964981016362965;-0,6518622706465145;4,532594756140974e-06
141;0,5422058254013885;0,26162453648291334;-0,5421713588297981;-0,26160077943684995;3,446657159045241e-05;2,3757046063388465e-05;0,03545400632088631;0,03545400632088631;0,03545400632088631;0,9803673825450607;-0,20567577190729266;0,980300020141136;-0,20628664310527525;3,5454006320886307e-06
142;0,5420713588296943;0,2616007794370656;-0,5418784565551947;-0,2614677797840592;0,00019290227449952901;0,00013299965300639371;0,03544870206568299;0,03544870206568299;0,03544870206568299;0,980300020141136;-0,20628664310527525;0,9799229223671044;-0,20970915358078346;3,5448702065682992e-06
143;1,3925367157083448;0,6758840492522722;-1,3901178401596503;-0,6742163156318317;0,0024188755486944657;0,0016677336204404813;0,09211190628032233;0,09211190628032234;0,09211190628032234;0,9702083164388208;-0,26301115858898466;0,9683879568145908;-0,2794824913162198;9,211190628032233e-06
144;1,3900178401884626;0,674216315602413;-1,389645748831222;-0,6739597710825099;0,0003720913572407003;0,00025654451990309024;0,09210654198357801;0,092106541983578;0,09210654198357801;0,9683879568145908;-0,2794824913162198;0,9681079237033884;-0,2820214242699994;9,210654198357802e-06
145;0,0;0,0;0,0;0,0;0,0;0,0;;;;;;;;
146;-0,07710000000087038;-0,0370000000005127;0,07710989320983556;0,03700682103128621;9,893208965189304e-06;6,821030773512815e-06;0,005048444746262696;0,005048444746262697;0,005048444746262697;0,9780064655154332;-0,22729216892363768;0,9781422188290708;-0,22604000115706627;5,048444746262697e-07
147;-1,5648801817692861;-0,7580881412371806;1,5780126030819837;0,7671425055895741;0,01313242131269754;0,009054364352393485;0,10629556702714942;0,10629556702714942;0,10629556702714942;0,9444579478706971;-0,5531337123956643;0,953022308719099;-0,4740067220702198;1,062955670271494e-05
148;0,5002934959277654;0,24220236213922136;-0,5002213809039577;-0,24215262998601061;7,211502380766177e-05;4,973215321074642e-05;0,033673194415333216;0,03367319441533322;0,03367319441533322;0,953022308719099;-0,4740067220702198;0,9528738631437765;-0,4753819070372176;3,3673194415333225e-06
149;0,1651621385033939;0,08004284349594752;-0,16511880789271813;-0,08001296788215094;4,3330610675768044e-05;2,9875613796581657e-05;0,01086113262934244;0,01086113262934244;0,01086113262934244;0,9756297564451076;-0,21427285341292288;0,9753532214302708;-0,21676711839642138;1,086113262934244e-06
150;0,1942744009035785;0,09405129570598955;-0,1942324255578165;-0,09402235511192109;4,1975345762002014e-05;2,8940594068466163e-05;0,012629530389344439;0,012629530389344439;0,012629530389344439;0,9867112618239725;-0,26359724611618623;0,9864809015272772;-0,2656571850432562;1,262953038934444e-06
151;0,16501880789369433;0,08001296788203317;-0,16500136395513892;-0,08000094026165103;1,7443938555405936e-05;1,202762038214622e-05;0,010855806014412217;0,010855806014412219;0,010855806014412219;0,9753532214302708;-0,21676711839642138;0,9752418355823679;-0,21777069251645856;1,0855806014412219e-06
152;-0,5094550535306354;-0,24624478942601466;0,5097112963231143;0,24642146001919274;0,00025624279247893345;0,00017667059317807987;0,03304504107971147;0,033045041079711464;0,03304504107971147;0,9886232494467135;-0,10117745765815966;0,9891606624678116;-0,09636506748380082;3,304504107971147e-06
153;0,0;0,0;0,0;0,0;0,0;0,0;;;;;;;;
154;0,3332812724661212;0,16219392464108795;-0,33309560167861124;-0,16206591085599226;0,0001856707875099728;0,00012801378509569306;0,0216878360406762;0,0216878360406762;0,0216878360406762;0,9867112618239725;-0,26359724611618623;0,986117704433144;-0,26883434979967574;2,16878360406762e-06
155;0,0;0,0;0,0;0,0;0,0;0,0;;;;;;;;
156;-0,26104792462583093;-0,12703304111759237;0,2611425516075639;0,12709828017254565;9,462698173295925e-05;6,523905495328663e-05;0,01725019202636643;0,01725019202636643;0,01725019202636643;0,9716648541678016;-0,5614344243278296;0,9720451789394057;-0,5580301224720905;1,7250192026366433e-06
157;0,4967783133711665;0,23946768101771804;-0,4967378044275636;-0,23943974599953358;4,0508943602912684e-05;2,7935018184460647e-05;0,03249223302993399;0,03249223302993399;0,03249223302993399;0,9799229223671044;-0,20970915358078346;0,9798365289342692;-0,21049611555935363;3,2492233029933987e-06
158;0,5595051649452054;0,2707620022390505;-0,5592320385067738;-0,2705736712216801;0,00027312643843158124;0,00018833101737042446;0,03592555745219696;0,03592555745219695;0,03592555745219696;0,9989203551908377;-0,00951102974113792;0,9983934160037831;-0,014172970919612962;3,5925557452196958e-06
159;0,6055253542116368;0,2933622069490012;-0,6051140562132262;-0,29307863076405055;0,0004112979984105536;0,0002835761849506735;0,0395337816379986;0,039533781637998595;0,0395337816379986;0,9826231143783343;-0,3039021059242398;0,9819019974524462;-0,31036806871910794;3,953378163799861e-06
160;0,1710330253864606;0,08302276989748306;-0,17100074719169012;-0,08300051516401612;3,227819477047422e-05;2,225473346693929e-05;0,011075024102837928;0,011075024102837927;0,011075024102837928;0,9911040806898369;-0,10268085297409907;0,9909020415015481;-0,10446685264219914;1,107502410283793e-06
161;0,1672324255579264;0,0810223551119297;-0,16720000004932745;-0,08100000003377547;3,242550859894333e-05;2,2355078154234764e-05;0,010875699370377762;0,010875699370377764;0,010875699370377764;0,9864809015272772;-0,2656571850432562;0,9862742471766197;-0,2675014913474117;1,0875699370377763e-06
162;-0,1391094241439166;-0,0670064980873701;0,13916586701559608;0,06704541273374574;5,644287167946849e-05;3,8914646375648454e-05;0,009097163403069122;0,009097163403069122;0,009097163403069122;0,9799374779782178;-0,20959454945092257;0,9803673825450607;-0,20567577190729266;9,09716340306912e-07
163;0,38938595894037953;0,18824133127717674;-0,3891241533739595;-0,18802032018280967;0,00026180556642002584;0,0002210110943670629;0,025624180311925086;0,025624180311925086;0,025624180311925086;0,9744857041725429;-0,2356005850774142;0,9737379032745115;-0,24687381136985978;2,5624180311925087e-06
164;-0,1449999999996634;-0,06999999999924701;0,14500603217185903;0,07000415809852749;6,032172195635788e-06;4,158099280476835e-06;0,009419899841723438;0,009419899841723438;0,009419899841723438;0,9868530098779034;-0,2662730955379766;0,9868973842915291;-0,265873816956752;9,419899841723439e-07
165;0,0;0,0;0,0;0,0;0,0;0,0;;;;;;;;
166;-0,47832619161193446;-0,23015594809166054;0,4787378044280096;0,23043974599870803;0,00041161281607515754;0,00028379790704749497;0,031306557166909575;0,03130655716690957;0,031306557166909575;0,9789255653940011;-0,21882807685256855;0,9798365289342692;-0,21049611555935363;3,130655716690957e-06
167;0,4955482854153608;0,23930907105711083;-0,4954999873397422;-0,23927577115271717;4,8298075618569136e-05;3,329990439365771e-05;0,033184142517237177;0,03318414251723719;0,03318414251723719;0,9574435847194737;-0,37975577961084234;0,9573427209264738;-0,38069118066206437;3,318414251723719e-06
168;-0,20210599763785084;-0,09800506307381379;0,20212025858331192;0,09801710393695445;1,4260945461086472e-05;1,2040863140660996e-05;0,013088263757320773;0,013088263757320771;0,013088263757320773;0,9908223210896492;-0,10270221253579873;0,9909021004868805;-0,1015259002062674;1,3088263757320774e-06
169;-0,20200000000040824;-0,0980000000006316;0,2020059976373271;0,09800506307426345;5,997636918858573e-06;5,063073631850212e-06;0,013083020950171938;0,01308302095017194;0,01308302095017194;0,990788755471991;-0,10319660314117751;0,9908223210896492;-0,10270221253579873;1,308302095017194e-06
170;0,4771599979355491;0,23111029375329034;-0,47699999999984644;-0,23099999999991716;0,0001599979357026493;0,0001102937533731807;0,03098242762196052;0,030982427621960518;0,03098242762196052;0,9879829092903023;-0,10693796387808571;0,9876249842487629;-0,11012920709637022;3,0982427621960523e-06
171;0,4482213808885799;0,217152630111492;-0,448136497426228;-0,21709411051820018;8,488346235185906e-05;5,8519593291811445e-05;0,03017729365202837;0,03017729365202837;0,03017729365202837;0,9528738631437765;-0,4753819070372176;0,9526788992194113;-0,4771832235861154;3,017729365202837e-06
172;-0,3771202585841487;-0,18301710393670761;0,3772018090118777;0,183085948460621;8,155042772900467e-05;6,884452391339724e-05;0,024423785658571104;0,024423785658571093;0,024423785658571104;0,9909021004868805;-0,1015259002062674;0,9911465871200752;-0,09792775131306752;2,4423785658571103e-06
173;0,34825044243749437;0,16920708844995105;-0,3481104591284435;-0,16908890265230403;0,00013998330905085066;0,00011818579764702464;0,022700387622231186;0,022700387622231186;0,022700387622231186;0,9847376575902383;-0,2860937536694554;0,9842860723360581;-0,2927746965529726;2,2700387622231187e-06
174;0,09213317241142505;0,04402286986005937;-0,09210764928608381;-0,04400527292856974;2,5523125341236907e-05;1,7596931489630152e-05;0,0062810401281925355;0,006281040128192536;0,006281040128192536;0,9385940516084419;-0,6081685566237756;0,9383126334756778;-0,6109041120987253;6,281040128192536e-07
175;0,5013867006473136;0,24229135373726557;-0,5012268173903829;-0,24215637313567184;0,00015988325693072625;0,00013498060159372605;0,033767313655052714;0,03376731365505271;0,033767313655052714;0,952114871925465;-0,42845608437046623;0,9517683251244966;-0,4338050954202079;3,3767313655052716e-06
176;-0,4262578914847743;-0,20510885744302798;0,42632619161238594;0,20515594809188742;6,83001276116646e-05;4,7090648859438033e-05;0,027903677640252835;0,027903677640252846;0,027903677640252846;0,9787559744958247;-0,2203804610947801;0,9789255653940011;-0,21882807685256855;2,7903677640252843e-06
177;0,4911279113568028;0,23757082578118424;-0,49091073577987526;-0,23742107526306355;0,00021717557692751965;0,0001497505181206893;0,03154917962904004;0,03154917962904004;0,03154917962904004;0,9983934160037831;-0,014172970919612962;0,997916313111108;-0,01840067950507287;3,1549179629040038e-06
178;-0,1840219222786195;-0,09001511337838221;0,18404792462489913;0,09003304112465436;2,6002346279641042e-05;1,7927746272156098e-05;0,012174242814093093;0,012174242814093093;0,012174242814093093;0,97151672459231;-0,5627428232104572;0,9716648541678016;-0,5614344243278296;1,2174242814093093e-06
179;0,24709560167883482;0,12006591085614787;-0,24702467986375068;-0,12001701531718635;7,092181508414064e-05;4,8895538961521434e-05;0,01608435747401206;0,016084357474012052;0,01608435747401206;0,986117704433144;-0,26883434979967574;0,985812024495406;-0,2715428138939144;1,608435747401206e-06
180;0,47581057286269207;0,23042096294558106;-0,4756115583392233;-0,2302837492937353;0,0001990145234687657;0,00013721365184576895;0,03058637546782176;0,030586375467821756;0,03058637546782176;0,997916313111108;-0,01840067950507287;0,9974653257162466;-0,022385780791589503;3,058637546782176e-06
181;-0,1680016145032857;-0,08200111312675448;0,1680219222780494;0,08201511338001127;2,030777476369483e-05;1,4000253256790662e-05;0,011111211609374274;0,011111211609374274;0,011111211609374274;0,9713899867322772;-0,5638686409673109;0,97151672459231;-0,5627428232104572;1,1111211609374274e-06
182;0,0;0,0;0,0;0,0;0,0;0,0;;;;;;;;
183;0,05100136395231501;0,02500094027550431;-0,051000000001066415;-0,024999999993768143;1,3639512485980054e-06;9,402817361670035e-07;0,003362573297970709;0,0033625732979707086;0,003362573297970709;0,9752418355823679;-0,21777069251645856;0,9752137011245164;-0,21801676932217412;3,362573297970709e-07
184;-0,4030000000002449;-0,19499999999935128;0,40311405621354235;0,19507863076467402;0,00011405621329746429;7,863076532274582e-05;0,02633235637507907;0,02633235637507907;0,02633235637507907;0,9816017983590153;-0,31306781681533835;0,9819019974524462;-0,31036806871910794;2,633235637507907e-06
185;0,0;0,0;0,0;0,0;0,0;0,0;;;;;;;;
186;0,0;0,0;0,0;0,0;0,0;0,0;;;;;;;;
187;-0,8537128834963587;-0,41228465654103846;0,8556893252456401;0,41364731171362784;0,0019764417492814657;0,0013626551725893776;0,05831686270252487;0,05831686270252488;0,05831686270252488;0,9385940516084419;-0,6081685566237756;0,9409428050685793;-0,5860108615871251;5,831686270252489e-06
188;0,5156843493077153;0,24956461432605678;-0,5153987337968471;-0,24932350515002538;0,00028561551086825343;0,00024110917603140103;0,034743562422782;0,034743562422782;0,034743562422782;0,9520128550323544;-0,43004480572397513;0,9514111105138844;-0,4393127181146978;3,4743562422782e-06
189;0,4952305086711983;0,23915893103302746;-0,4951320584532877;-0,23909105269315714;9,845021791055064e-05;6,787833987031977e-05;0,03231286922837131;0,03231286922837131;0,03231286922837131;0,9826318216728248;-0,3039462773463236;0,9824206783439227;-0,3058543682857872;3,231286922837131e-06
190;0,3531364973922411;0,17109411075728084;-0,35301558411899175;-0,17101074218358253;0,00012091327324936785;8,336857369831141e-05;0,02378060954721445;0,023780609547214445;0,02378060954721445;0,9526788992194113;-0,4771832235861154;0,9523264671868995;-0,48044141670663826;2,378060954721445e-06
191;0,40633852722543434;0,19624457926928865;-0,4062663414227286;-0,19618362686258436;7,21858027057376e-05;6,095240670428437e-05;0,027365910669449534;0,027365910669449538;0,027365910669449538;0,9520128550323544;-0,43004480572397513;0,9518197940945725;-0,43302840598158004;2,736591066944954e-06
192;0,0280006565535417;0,01400055434441883;-0,028000000003384668;-0,01399999998672561;6,565501570326981e-07;5,543576932203614e-07;0,0018624862006853444;0,0018624862006853446;0,0018624862006853446;0,9704450132265106;-0,28771294617611204;0,9704191243924906;-0,2880830385790161;1,8624862006853446e-07
193;0,02810105395304196;0,01400088988854525;-0,028100656553894803;-0,014000554344256132;3,9739914715550273e-07;3,355442891178617e-07;0,0018678093257287795;0,0018678093257287795;0,0018678093257287795;0,9704606332812798;-0,28748826838727665;0,9704450132265106;-0,28771294617611204;1,8678093257287795e-07
194;0,27611045912845167;0,1340889026522976;-0,2760280793838217;-0,1340193597938572;8,237974462999009e-05;6,95428584403801e-05;0,018004549221374618;0,018004549221374615;0,018004549221374618;0,9842860723360581;-0,2927746965529726;0,9839510310072828;-0,2977358429645736;1,800454922137462e-06
195;0,4195093574883884;0,20328223181326854;-0,4193792242832072;-0,20319250586380824;0,0001301332051812376;8,972594946030088e-05;0,026982562177041317;0,026982562177041314;0,026982562177041317;0,9974653257162466;-0,022385780791589503;0,9971310276824007;-0,025336329306150752;2,6982562177041317e-06
196;-0,4873212989298509;-0,23615257842504014;0,4874481082053007;0,23623999829859074;0,0001268092754498351;8,741987355059821e-05;0,03242260061547775;0,03242260061547775;0,03242260061547775;0,9642965257552845;-0,6581030534895925;0,9645676189799184;-0,6556311448741756;3,2422600615477747e-06
197;0,0;0,0;0,0;0,0;0,0;0,0;;;;;;;;
198;-0,4090387543783968;-0,19802672122923778;0,40918613002061405;0,19812833194342905;0,00014737564221722899;0,00010161071419126366;0,026882004399297416;0,026882004399297412;0,026882004399297416;0,9760373623959169;-0,20868705839117951;0,9764173492634258;-0,205254319018956;2,6882004399297414e-06
199;-0,19400000007167706;-0,09399999960487847;0,1940356076969348;0,09402454810160042;3,560762525772754e-05;2,454849672195447e-05;0,013072984701392863;0,013072984701392861;0,013072984701392863;0,9520511921912233;-0,4265053440825218;0,9522399852115887;-0,42476076328624673;1,3072984701392864e-06
200;0,4072790734206752;0,19719240183687167;-0,407138312699093;-0,1970953624045241;0,00014076072158220043;9,703943234756762e-05;0,026200576987728586;0,026200576987728583;0,026200576987728586;0,9971310276824007;-0,025336329306150752;0,9967586687303185;-0,028629666414086465;2,6200576987728585e-06
201;-0,052600257964867614;-0,025000177852091153;0,052603014878723556;0,02500207852798037;2,7569138559419004e-06;1,900675889218717e-06;0,0034600588672331757;0,0034600588672331744;0,0034600588672331757;0,9717862475869153;-0,5896560605160385;0,9718414100177912;-0,5891315337003216;3,460058867233176e-07
202;0,0;0,0;0,0;0,0;0,0;0,0;;;;;;;;
203;0,0;0,0;0,0;0,0;0,0;0,0;;;;;;;;
204;0,06910427327706192;0,03400360790337183;-0,0691010539573606;-0,03400088987054104;3,2193197013197228e-06;2,7180328307854773e-06;0,004581693191616992;0,004581693191616991;0,004581693191616992;0,9705121545108151;-0,28673133013234015;0,9704606332812798;-0,28748826838727665;4,5816931916169917e-07
205;0,06920861042767648;0,034006598646836965;-0,06920427327531405;-0,03400360789907197;4,337152362435259e-06;2,9907477649970815e-06;0,00458703166213093;0,004587031662130929;0,00458703166213093;0,970577749993002;-0,2861580359278111;0,9705121545108151;-0,28673133013234015;4,58703166213093e-07
206;0,00020000004918385643;3,3843162258212144e-11;-0,00020000001160738707;-7,936863618264548e-12;3,7576469361219264e-11;2,5906298639947596e-11;1,1707705292396371e-05;1,1707705292396371e-05;1,1707705292396371e-05;0,9862742471766197;-0,2675014913474117;0,9862740618731317;-0,2675089129530338;1,1707705292396371e-09
207;0,00010000001154053015;7,894144780372193e-12;-9,999999989194665e-05;1,368087147817904e-13;1,1648583492099643e-11;8,030953495153983e-12;5,853852982024141e-06;5,853852982024141e-06;5,853852982024141e-06;0,9862740618731317;-0,2675089129530338;0,9862739469861843;-0,26751351434991927;5,853852982024141e-10
208;0,0;0,0;0,0;0,0;0,0;0,0;;;;;;;;
209;-0,4432101367487753;-0,21407593606872116;0,4434550535305409;0,21424478942601508;0,0002449167817655806;0,00016885335729391326;0,028761535638148192;0,028761535638148192;0,028761535638148192;0,98803312193907;-0,1064735238038976;0,9886232494467135;-0,10117745765815966;2,876153563814819e-06
210;-0,2950472097509529;-0,14303254562429338;0,29514988493902933;0,14310333251499055;0,00010267518807643983;7,078689069717203e-05;0,020176768098064807;0,020176768098064807;0,020176768098064807;0,9382413179253379;-0,6114712493066352;0,9385940516084419;-0,6081685566237756;2,0176768098064806e-06
211;0,3151513590179256;0,15210434840530151;-0,3150773122879338;-0,15205330032225048;7,404672999183903e-05;5,104808305103625e-05;0,02121696167059212;0,02121696167059212;0,02121696167059212;0,9522399852115887;-0,42476076328624673;0,9519981425738554;-0,42701891792534313;2,121696167059212e-06
212;0,3502663413853136;0,16918362687521152;-0,35012593136778797;-0,16908682463165517;0,00014041001752562732;9,68022435563487e-05;0,02359488667058724;0,02359488667058724;0,02359488667058724;0,9518197940945725;-0,43302840598158004;0,9514073991160871;-0,4368740952697181;2,359488667058724e-06
213;0,3792268173233633;0,18315637326310344;-0,3791194654665611;-0,18308236450535906;0,00010735185680216253;7,400875774438154e-05;0,025546713056876082;0,025546713056876082;0,025546713056876082;0,9517683251244966;-0,4338050954202079;0,9514771175391237;-0,43652080979867186;2,5546713056876085e-06
214;0,4383987337910167;0,21232350527327276;-0,4380848081276807;-0,21205846666422215;0,0003139256633359899;0,0002650386090506107;0,02955948676829449;0,029559486768294486;0,02955948676829449;0,9514111105138844;-0,4393127181146978;0,9506336475780958;-0,4512848536751831;2,9559486768294493e-06
215;0,11902467986369655;0,05801701531709805;-0,11901874432480071;-0,05801292358390175;5,935538895843195e-06;4,091733196300018e-06;0,007754816064686265;0,007754816064686267;0,007754816064686267;0,985812024495406;-0,2715428138939144;0,985758954188614;-0,27200902270669536;7,754816064686267e-07
216;-0,04900000000106007;-0,02399999999500128;0,04900161450044081;0,024001113138213178;1,614499380742096e-06;1,1131432118977047e-06;0,003243027306992442;0,0032430273069924426;0,0032430273069924426;0,9713554571344518;-0,564172642918932;0,9713899867322772;-0,5638686409673109;3,243027306992443e-07
217;-0,2731162036156806;-0,13201117396900985;0,2732921001426181;0,1321324471701328;0,00017589652693750235;0,0001212732011229567;0,01771798972382076;0,017717989723820764;0,017717989723820764;0,98847263575877;-0,1025258553871029;0,9891606624678116;-0,09636506748380082;1,7717989723820762e-06
218;-0,0005000002178824859;-1,4924559284092625e-10;0,0005000002759372175;1,892723845110927e-10;5,805473159495311e-11;4,002679167016646e-11;2,9705636874784204e-05;2,9705636874784197e-05;2,9705636874784204e-05;0,9717861347533716;-0,5896606472439817;0,9717862475869153;-0,5896560605160385;2,9705636874784204e-09
219;-0,00040000004389333224;-2,979085891074485e-11;0,00040000021728350143;1,4933756922216976e-10;1,7339016919297456e-10;1,195467103114249e-10;2,3764512053175626e-05;2,3764512053175623e-05;2,3764512053175626e-05;0,9717857135081295;-0,5896777710377189;0,9717861347533716;-0,5896606472439817;2,376451205317563e-09
220;-0,0002000000283134285;-1,9476834481958375e-11;0,00020000004069844294;2,801588682748831e-11;1,2385014454968646e-11;8,539052345529936e-12;1,1882257140654837e-05;1,1882257140654841e-05;1,1882257140654841e-05;0,9717856533302364;-0,5896802172951778;0,9717857135081295;-0,5896777710377189;1,188225714065484e-09
221;-9,999999998250598e-05;-7,592376222823895e-15;0,0001000000286228601;1,9754156627486603e-11;2,8640354112841396e-11;1,974656425126378e-11;5,94112942977971e-06;5,94112942977971e-06;5,94112942977971e-06;0,9717853750074447;-0,5896915312398531;0,9717856533302364;-0,5896802172951778;5,94112942977971e-10
222;0,0;0,0;0,0;0,0;0,0;0,0;;;;;;;;
223;0,00010000001013440946;7,1235344742998395e-12;-9,999999975539505e-05;3,205653660069371e-14;1,0379014406822554e-11;7,155591010900533e-12;6,153069958805295e-06;6,153069958805292e-06;6,153069958805295e-06;0,9383126334756778;-0,6109041120987253;0,938312536088082;-0,6109082119499601;6,153069958805295e-10
224;0,3884186193271922;0,18815072784345976;-0,38834133809312193;-0,18809744502270542;7,728123407024778e-05;5,328282075434121e-05;0,026548054850165547;0,02654805485016555;0,02654805485016555;0,9385940516084419;-0,6081685566237756;0,9383922811973419;-0,6100623754673792;2,654805485016555e-06
225;0,27119164015551306;0,13113212405996214;-0,2710649803319773;-0,13104479976983585;0,00012665982353576855;8,732429012628384e-05;0,01816655642130028;0,018166556421300283;0,018166556421300283;0,9573427209264738;-0,38069118066206437;0,9568595175727191;-0,38515914974988347;1,8166556421300282e-06
226;0,10301874432485257;0,05001292358368042;-0,10299999999998273;-0,04999999999991242;1,8744324869840456e-05;1,2923583767997238e-05;0,0067071618289298324;0,0067071618289298324;0,0067071618289298324;0,985758954188614;-0,27200902270669536;0,9855652205477897;-0,2737303675948641;6,707161828929832e-07
227;0,0;0,0;0,0;0,0;0,0;0,0;;;;;;;;
228;0,0;0,0;0,0;0,0;0,0;0,0;;;;;;;;
229;0,3482086003121122;0,1691438169500072;-0,3480948492174018;-0,16906539502898868;0,00011375109471040146;7,842192101850665e-05;0,023365820714966356;0,02336582071496636;0,02336582071496636;0,9565320913856752;-0,3881919063371937;0,9561946059951708;-0,3912772231110005;2,3365820714966362e-06
230;-0,3182533416480446;-0,15410572214572127;0,3183541424074938;0,15419081548845776;0,00010080075944923772;8,509334273648639e-05;0,02144967046362454;0,02144967046362454;0,02144967046362454;0,951770849564425;-0,4337456204477961;0,952114871925465;-0,42845608437046623;2,144967046362454e-06
231;-0,16400295999575698;-0,079002427927043;0,16401929932761275;0,0790162223223153;1,633933185576919e-05;1,3794395272298532e-05;0,01079473947534247;0,010794739475342471;0,010794739475342471;0,9736271527181469;-0,24855328743910393;0,9737379032745115;-0,24687381136985978;1,0794739475342472e-06
232;0,018000814087448903;0,009000561314433865;-0,018000000000077596;-0,008999999999967982;8,140873713063934e-07;5,613144658835056e-07;0,0011858198896856173;0,0011858198896856173;0,0011858198896856173;0,9798718560615851;-0,21019209531065958;0,979824182383587;-0,21058492351345406;1,1858198896856172e-07
233;0,3091358868346491;0,14909368014018004;-0,3090949987723256;-0,14906549347594006;4,08880623234964e-05;2,818666423998195e-05;0,020353527515009538;0,020353527515009538;0,020353527515009538;0,9735564199802518;-0,5443874802353663;0,9734172190909833;-0,5456607632350533;2,0353527515009538e-06
234;-0,3161402000415191;-0,15302771493299097;0,31618190760298825;0,1530564665285569;4,170756146915089e-05;2,8751595565923438e-05;0,020556483450361384;0,020556483450361384;0,020556483450361384;0,9864644526291735;-0,2786186576722471;0,9866050730493663;-0,277361508448696;2,0556483450361384e-06
235;0,32115565468886886;0,15510731799274405;-0,3210673625303168;-0,15504644350859875;8,829215855205019e-05;6,0874484145295726e-05;0,021150493089207068;0,021150493089207068;0,021150493089207068;0,9735564199802518;-0,5443874802353663;0,9732671260324777;-0,5470257889981369;2,115049308920707e-06
236;0,3171194654501019;0,15308236463043512;-0,317069403386506;-0,1530478485154525;5,006206359586818e-05;3,451611498261897e-05;0,021367320082207996;0,021367320082208003;0,021367320082208003;0,9514771175391237;-0,43652080979867186;0,9513147556699028;-0,43803762333439916;2,1367320082208e-06
237;0,0;0,0;0,0;0,0;0,0;0,0;;;;;;;;
238;0,36343495755777827;0,17523093175664986;-0,36335828127103353;-0,17517806602680122;7,667628674473681e-05;5,286572984863902e-05;0,02413990715349134;0,02413990715349134;0,02413990715349134;0,964981016362965;-0,6518622706465145;0,964760916883256;-0,653896073729255;2,413990715349134e-06
239;-0,3651431194187527;-0,17702972659424404;0,36532129892670295;0,1771525784487954;0,00017817950795023796;0,0001228518545513535;0,024308805221766573;0,024308805221766573;0,024308805221766573;0,9637884370853586;-0,6627336544024534;0,9642965257552845;-0,6581030534895925;2,4308805221766574e-06
240;0,0;0,0;0,0;0,0;0,0;0,0;;;;;;;;
241;0,0;0,0;0,0;0,0;0,0;0,0;;;;;;;;
242;0,26512593134594586;0,12808682480210765;-0,2650349113671882;-0,12802406957735546;9,1019978757656e-05;6,275522475218676e-05;0,017868058797598403;0,017868058797598403;0,017868058797598403;0,9514073991160871;-0,4368740952697181;0,9510543745685679;-0,4401661514774004;1,7868058797598405e-06
243;0,2710949987725164;0,13106549347859747;-0,27102154675930407;-0,13101485407605457;7,345201321234951e-05;5,0639402542906886e-05;0,01785968280753558;0,01785968280753558;0,01785968280753558;0,9734172190909833;-0,5456607632350533;0,9731321908366547;-0,5482530295824236;1,785968280753558e-06
244;0,2130773122556832;0,10305330052509387;-0,21302986394201467;-0,1030205886340134;4,744831366851332e-05;3,2711891080478006e-05;0,014354308660668893;0,014354308660668889;0,014354308660668893;0,9519981425738554;-0,42701891792534313;0,9517690524982825;-0,42914719308578614;1,4354308660668891e-06
245;-0,258173601371298;-0,12505074396534688;0,2582533416127475;0,12510572218927374;7,974024144946634e-05;5,497822392686036e-05;0,017407196598649345;0,017407196598649345;0,017407196598649345;0,9514533334512373;-0,4366844743846955;0,951770849564425;-0,4337456204477961;1,7407196598649345e-06
246;0,19406498032392658;0,09404479982682602;-0,19400000002988116;-0,09399999984296917;6,498029404541916e-05;4,479998385685524e-05;0,013011998628286867;0,013011998628286867;0,013011998628286867;0,9568595175727191;-0,38515914974988347;0,9565133712221808;-0,3883426641509294;1,3011998628286867e-06
247;0,1820155840438957;0,0880107426361424;-0,18200537107636927;-0,0880037026294009;1,0212967526429528e-05;7,040006741509952e-06;0,012257034129388118;0,012257034129388117;0,012257034129388118;0,9523264671868995;-0,48044141670663826;0,9522687223152402;-0,48097766035279765;1,2257034129388118e-06
248;-0,25800248156680056;-0,12500171089011877;0,25803875437310453;0,12502672126191722;3,6272806303971894e-05;2,501037179844512e-05;0,0169609532081648;0,0169609532081648;0,0169609532081648;0,9758891240410844;-0,21002430885854084;0,9760373623959169;-0,20868705839117951;1,69609532081648e-06
249;0,32135828126977767;0,1551780660335971;-0,32125325469346194;-0,15510565844606938;0,00010502657631572543;7,240758752771748e-05;0,0213560777765381;0,0213560777765381;0,0213560777765381;0,964760916883256;-0,653896073729255;0,9644201138422096;-0,657033437129232;2,13560777765381e-06
250;-0,13900081408694176;-0,06700056131362216;0,1390094241442837;0,0670064980870313;8,61005734192899e-06;5,936773409140339e-06;0,009091855742381135;0,009091855742381135;0,009091855742381135;0,9798718560615851;-0,21019209531065958;0,9799374779782178;-0,20959454945092257;9,091855742381134e-07
251;-0,16010101548374212;-0,07800070006663065;0,1601162036160397;0,07801117396889484;1,5188132297588863e-05;1,047390226419087e-05;0,010403068295800224;0,010403068295800224;0,010403068295800224;0,9883714001316668;-0,10341491934575375;0,98847263575877;-0,1025258553871029;1,0403068295800224e-06
252;0,31608480806576483;0,15305846681210158;-0,3160000001274947;-0,152999999285943;8,480793827014832e-05;5,8467526158595406e-05;0,02132907399389893;0,02132907399389894;0,02132907399389894;0,9506336475780958;-0,4512848536751831;0,9503580582922142;-0,4538406685640271;2,132907399389894e-06
253;0,30211186719844413;0,1460771296537005;-0,3020436349395577;-0,14603008579805243;6,823225888641371e-05;4,704385564807678e-05;0,019721074115931075;0,019721074115931072;0,019721074115931075;0,9824206783439227;-0,3058543682857872;0,9821808904019731;-0,30801491266460546;1,9721074115931077e-06
254;0,0;0,0;0,0;0,0;0,0;0,0;;;;;;;;
255;0,23604370759622303;0,11403013266088485;-0,23601667234845017;-0,1140114939778189;2,7035247772866366e-05;1,86386830659524e-05;0,015323291539899732;0,015323291539899732;0,015323291539899732;0,9877051386121473;-0,2586245984723259;0,9875828695621495;-0,2597225592842841;1,532329153989973e-06
256;0,24406736252976163;0,11804644351448211;-0,24401631134713156;-0,11801124543507645;5,105118263007413e-05;3,5198079405662774e-05;0,016082824878344212;0,01608282487834421;0,016082824878344212;0,9732671260324777;-0,5470257889981369;0,9730471276350224;-0,5490250902409088;1,608282487834421e-06
257;0,0;0,0;0,0;0,0;0,0;0,0;;;;;;;;
258;0,22609484920139047;0,11006539512668767;-0,22601396002082522;-0,11000962474774802;8,088918056525785e-05;5,5770378939654086e-05;0,01518329082750008;0,015183290827500077;0,01518329082750008;0,9561946059951708;-0,3912772231110005;0,9558252296183477;-0,3946368020814261;1,518329082750008e-06
259;0,07701120710097195;0,037007726074977806;-0,0770000000810449;-0,036999999496021896;1,1207019927045314e-05;7,726578955910557e-06;0,005255715687699803;0,005255715687699804;0,005255715687699804;0,9385940516084419;-0,6081685566237756;0,9384463245997797;-0,6095837456831383;5,255715687699804e-07
260;0,0;0,0;0,0;0,0;0,0;0,0;;;;;;;;
261;0,0;0,0;0,0;0,0;0,0;0,0;;;;;;;;
262;0,16801222299459137;0,08200842614120232;-0,1680035652909936;-0,08200245694474097;8,657703597758637e-06;5,96919646135563e-06;0,011471531803451304;0,011471531803451302;0,011471531803451304;0,9409428050685793;-0,5860108615871251;0,9408904695565967;-0,5864909991941798;1,1471531803451303e-06
263;0,2753032277390259;0,13214011528718525;-0,27524734452235866;-0,13210158919581147;5,5883216667218516e-05;3,85260913737806e-05;0,018431935750224195;0,018431935750224192;0,018431935750224195;0,9565320913856752;-0,3881919063371937;0,9563220647917668;-0,39017194450412823;1,8431935750224198e-06
264;0,07900764926804811;0,038005273000383276;-0,07900158592784554;-0,03800109283150064;6,0633402025750405e-06;4,1801688826365035e-06;0,005394599599228866;0,005394599599228866;0,005394599599228866;0,9383126334756778;-0,6109041120987253;0,9382347621348603;-0,611648277282405;5,394599599228867e-07
265;0,27514734452515416;0,13210158919284337;-0,27507288435729;-0,132050251402688;7,446016786416543e-05;5,133779015537021e-05;0,018426493132866352;0,018426493132866352;0,018426493132866352;0,9563220647917668;-0,39017194450412823;0,9560421267353313;-0,3928107418629904;1,8426493132866353e-06
266;-0,22403536834141458;-0,10802438396676972;0,2242083471935421;0,1081436470877988;0,0001729788521275255;0,00011926312102908398;0,015012159409564237;0,015012159409564237;0,015012159409564237;0,9565442662825009;-0,38812534866702425;0,9573427209264738;-0,38069118066206437;1,5012159409564236e-06
267;-0,26616103995296214;-0,1290420830157944;0,266233714240546;0,1290921895013515;7,267428758384042e-05;5,01064855571165e-05;0,01820417809859785;0,018204178098597847;0,01820417809859785;0,9381155542746783;-0,6126537665978486;0,9383922811973419;-0,6100623754673792;1,8204178098597851e-06
268;-0,1941000000076021;-0,09400000000558595;0,19414020004147353;0,09402771493318425;4,020003387142368e-05;2,7714927598301853e-05;0,012625019524836679;0,012625019524836684;0,012625019524836684;0,9862437537957921;-0,28059004428940293;0,9864644526291735;-0,2786186576722471;1,2625019524836684e-06
269;0,1940280793839928;0,09401935979393894;-0,19400000000003603;-0,09399999999980185;2,8079383956769455e-05;1,9359794137085995e-05;0,012651134658359332;0,012651134658359334;0,012651134658359334;0,9839510310072828;-0,2977358429645736;0,9837971860061413;-0,2991119716783184;1,2651134658359334e-06
270;-0,23112958736157474;-0,1120204009292587;0,23117678379002066;0,11205294016577357;4,719642844591698e-05;3,253923651486135e-05;0,015011881278037913;0,015011881278037913;0,015011881278037913;0,9878151990488379;-0,10841321060723115;0,98803312193907;-0,1064735238038976;1,5011881278037914e-06
271;0,04200295999175603;0,020002427942362008;-0,04200045898982854;-0,020000316451963488;2,5010019274879225e-06;2,111490398519489e-06;0,002758735208125763;0,0027587352081257627;0,002758735208125763;0,9736271527181469;-0,24855328743910393;0,9735608972359551;-0,24957685880003003;2,7587352081257634e-07
272;0,24604363494004064;0,11903008579859573;-0,24601136531774392;-0,11900783702853124;3,2269622296715594e-05;2,224877006448689e-05;0,016066621532471632;0,016066621532471625;0,016066621532471632;0,9821808904019731;-0,30801491266460546;0,9820416864150814;-0,3092676121815486;1,6066621532471632e-06
273;0,029001585874924195;0,014001093162285868;-0,029000078645181844;-0,014000054018509773;1,5072297423514291e-06;1,0391437760947503e-06;0,001981722774582793;0,001981722774582793;0,001981722774582793;0,9382347621348603;-0,611648277282405;0,93818205607282;-0,6121473855704361;1,981722774582793e-07
274;0,19506940334389972;0,0940478487712927;-0,19501068612419795;-0,09400736700266588;5,871721970177046e-05;4,0481768626823844e-05;0,013142802887392764;0,013142802887392764;0,013142802887392764;0,9513147556699028;-0,43803762333439916;0,9510051818320171;-0,4409396089013112;1,3142802887392763e-06
275;0,18679689094649593;0,09006680524783248;-0,18676082134198538;-0,09004193353926203;3,606960451055241e-05;2,487170857044807e-05;0,012011835388891293;0,012011835388891294;0,012011835388891294;0,9967586687303185;-0,028629666414086465;0,996550584549565;-0,030491658730957227;1,2011835388891295e-06
276;0,2710958634251903;0,13106992636539572;-0,2710247734884375;-0,13102091223663595;7,108993675281061e-05;4,901412875976674e-05;0,018004652683475265;0,018004652683475262;0,018004652683475265;0,9655881411267148;-0,6463042992983895;0,9653144950306637;-0,6488135092378016;1,8004652683475266e-06
277;0,24425325469085873;0,11810565846070409;-0,24419829196249918;-0,11806776622983502;5,4962728359558843e-05;3,7892230869071564e-05;0,0162419208262538;0,0162419208262538;0,0162419208262538;0,9644201138422096;-0,657033437129232;0,9641855871918681;-0,6591853302347356;1,6241920826253802e-06
278;0,24409829196389582;0,11806776622905252;-0,24402602183099592;-0,1180179411210125;7,22701328998987e-05;4,9825108040010835e-05;0,016236530117745583;0,016236530117745583;0,016236530117745583;0,9641855871918681;-0,6591853302347356;0,9638771003374607;-0,6620145945786811;1,6236530117745584e-06
279;-0,17300879438637803;-0,08400606184613796;0,17304720963462522;0,08403254642306478;3,841524824718667e-05;2,6484576926819048e-05;0,011837653342186243;0,011837653342186245;0,011837653342186245;0,938016353995276;-0,6135695550467556;0,9382413179253379;-0,6114712493066352;1,1837653342186245e-06
280;0,1600349113308604;0,07702406980099084;-0,1600017703659809;-0,07700122021645013;3,314096487949669e-05;2,2849584540712842e-05;0,010781807714767524;0,010781807714767526;0,010781807714767526;0,9510543745685679;-0,4401661514774004;0,9508414037879155;-0,4421720318395546;1,0781807714767524e-06
281;0,1816607983945582;0,08804191771771142;-0,18164069963393187;-0,08802806032395168;2,0098760626335865e-05;1,3857393759739156e-05;0,011695387645974605;0,011695387645974605;0,011695387645974605;0,996550584549565;-0,030491658730957227;0,9964314646079582;-0,03154317902571475;1,1695387645974606e-06
282;0,17924042636842533;0,0870278709440405;-0,1792243586110219;-0,08701679414137398;1,6067757403426253e-05;1,1076802666529217e-05;0,011541173478640235;0,011541173478640235;0,011541173478640235;0,9967586687303185;-0,028629666414086465;0,9966621593187106;-0,029476995163815925;1,1541173478640236e-06
283;0,11502980932180104;0,05602055120803644;-0,1150040486629793;-0,056002790720144455;2,576065882174683e-05;1,776048789198237e-05;0,007761295961672018;0,007761295961672019;0,007761295961672019;0,9517690524982825;-0,42914719308578614;0,9515389216886895;-0,431247216305611;7,761295961672018e-07
284;0,298468922335942;0,14318540805488003;-0,2984196816740509;-0,1431514582688429;4,924066189110343e-05;3,3949786037129615e-05;0,01934492275933296;0,019344922759332965;0,019344922759332965;0,9879829092903023;-0,10693796387808571;0,9878065830108821;-0,10854985864859663;1,934492275933297e-06
285;0,17403402620770803;0,08502566966324548;-0,17401977457494916;-0,08501363521137052;1,4251632758865984e-05;1,2034451874962104e-05;0,01140685097006672;0,011406850970066718;0,01140685097006672;0,9803673825450607;-0,20567577190729266;0,980275832201271;-0,2070238683724986;1,1406850970066718e-06
286;-0,24310000002401655;-0,11799999995540966;0,2431431194154265;0,11802972661955871;4,3119391409940366e-05;2,972666414904901e-05;0,016190734865802043;0,01619073486580205;0,01619073486580205;0,9636038216613737;-0,6644112603136656;0,9637884370853586;-0,6627336544024534;1,619073486580205e-06
287;0,0;0,0;0,0;0,0;0,0;0,0;;;;;;;;
288;0,17203232963463355;0,08202228813648389;-0,17201039099274026;-0,08200716408038176;2,1938641893287647e-05;1,5124056102128192e-05;0,011147333867561891;0,011147333867561894;0,011147333867561894;0,9870925936637487;-0,11506148078629393;0,9869563174608958;-0,11632731746598417;1,1147333867561896e-06
289;0,17002019125503345;0,08201392303804098;-0,17001034105525015;-0,08200712979681113;9,850199783306701e-06;6,793241229846592e-06;0,011093510008523851;0,011093510008523853;0,011093510008523853;0,9824206783439227;-0,3058543682857872;0,9823591447215174;-0,3064125731188324;1,1093510008523852e-06
290;0,021000458988975238;0,010000316454177758;-0,02100000000065058;-0,00999999999711124;4,5898832465654515e-07;3,16457066518519e-07;0,0013793839259448834;0,0013793839259448831;0,0013793839259448834;0,9735608972359551;-0,24957685880003003;0,9735378574469324;-0,24979456862383728;1,3793839259448832e-07
291;-0,15312568382259634;-0,07401770776611094;0,15317360133607166;0,07405074418338221;4,7917513475326245e-05;3,3036417271273266e-05;0,010323896580090837;0,010323896580090837;0,010323896580090837;0,9511316634946911;-0,4396783368920686;0,9514533334512373;-0,4366844743846955;1,0323896580090836e-06
292;-0,15300000006005252;-0,07399999966704049;0,15302568382640674;0,07401770776313152;2,5683766354228643e-05;1,770809609102919e-05;0,010318431771218193;0,010318431771218193;0,010318431771218193;0,9509591500336732;-0,4412822484141729;0,9511316634946911;-0,4396783368920686;1,0318431771218193e-06
293;0,14902154675674548;0,07201485408566144;-0,1490078006016653;-0,07200537756965922;1,3746155080179845e-05;9,476516002221436e-06;0,009819554304875407;0,009819554304875407;0,009819554304875407;0,9731321908366547;-0,5482530295824236;0,9730351773028519;-0,5491363445979297;9,819554304875407e-07
294;0,09500404865637868;0,046002790762573006;-0,09500000003698099;-0,04599999979941375;4,04861939769241e-06;2,7909631592562545e-06;0,006404642596209693;0,006404642596209696;0,006404642596209696;0,9515389216886895;-0,431247216305611;0,9514951087228742;-0,43165298920083234;6,404642596209696e-07
295;-0,1941278366879216;-0,09401919031078301;0,194156658388319;0,09403906009511682;2,882170039739118e-05;1,9869784333811924e-05;0,013237014645891628;0,01323701464589163;0,01323701464589163;0,9407918898476023;-0,5874237622343487;0,9409428050685793;-0,5860108615871251;1,323701464589163e-06
296;-0,19400000018761;-0,09399999887141712;0,19402783669499837;0,0940191903050015;2,7836507388384613e-05;1,919143358437847e-05;0,013231491734182501;0,013231491734182501;0,013231491734182501;0,9406460668273429;-0,5887877733246826;0,9407918898476023;-0,5874237622343487;1,32314917341825e-06
297;0,15501667234917066;0,07501149397776277;-0,1549999999999323;-0,07499999999999131;1,667234923835581e-05;1,1493977771462327e-05;0,01006766252277636;0,01006766252277636;0,01006766252277636;0,9875828695621495;-0,2597225592842841;0,9874680945561921;-0,2607488177765317;1,006766252277636e-06
298;0,1540201393300641;0,07401621796581848;-0,1540050713038986;-0,07400349621289785;1,5068026165493409e-05;1,2721752920621943e-05;0,009912247396274032;0,009912247396274033;0,009912247396274033;0,9953209740642379;-0,04093416034118587;0,9952097736738058;-0,042590645509809975;9,912247396274034e-07
299;0,15229722879198654;0,07406703448582337;-0,1522176598132605;-0,07401217434180432;7,956897872604674e-05;5,486014401905048e-05;0,009902656486855703;0,009902656486855699;0,009902656486855703;0,9873702664255508;-0,25774753804890865;0,9868131958448015;-0,2626679576101167;9,902656486855702e-07
300;-0,03410008106640113;-0,017000055918468537;0,034101015483422197;0,017000700067246854;9,344170210645597e-07;6,441487783170885e-07;0,0022258096085320915;0,002225809608532092;0,002225809608532092;0,9883422537973302;-0,10365487380387196;0,9883714001316668;-0,10341491934575375;2,2258096085320918e-07
301;0,2021811459944729;0,09805594396402739;-0,20217560700189444;-0,09805212675492135;5,538992578463242e-06;3,8172091060412194e-06;0,012973329557508208;0,012973329557508208;0,012973329557508208;1,0;0,0;0,9999704077091732;-0,00025945199633370104;1,2973329557508209e-06
302;0,2020756070021373;0,09805212675466503;-0,2019999999999538;-0,0979999999999233;7,560700218350869e-05;5,212675474172701e-05;0,012968134847683669;0,012968134847683667;0,012968134847683669;0,9999704077091732;-0,00025945199633370104;0,9995662597006932;-0,003804471746170219;1,296813484768367e-06
303;0,0;0,0;0,0;0,0;0,0;0,0;;;;;;;;
304;0,12600994791256823;0,06100839801145422;-0,1260000000004678;-0,06099999999955804;9,94791210043311e-06;8,398011896178226e-06;0,008244881996355329;0,008244881996355329;0,008244881996355329;0,9803673825450607;-0,20567577190729266;0,9802790578439186;-0,2069951980729623;8,244881996355329e-07
305;0,0;0,0;0,0;0,0;0,0;0,0;;;;;;;;
306;0,0;0,0;0,0;0,0;0,0;0,0;;;;;;;;
307;-0,07700000003009283;-0,036999999831741674;0,07700177033437346;0,03700122039721012;1,7703042806266334e-06;1,2205654684460665e-06;0,005187331664565539;0,0051873316645655405;0,0051873316645655405;0,9508177604486753;-0,44239563748919847;0,9508414037879155;-0,4421720318395546;5,187331664565541e-07
308;-0,12200000013309731;-0,05899999918989393;0,12200762387375529;0,059005255503562386;7,623740657977662e-06;5,256313668454415e-06;0,008338342675678323;0,008338342675678323;0,008338342675678323;0,9383289142406268;-0,6106596887167961;0,9383922811973419;-0,6100623754673792;8,338342675678322e-07
309;0,060003176488547146;0,02800233558141927;-0,06000094181624034;-0,028000795011874424;2,2346723068042418e-06;1,5405695448465762e-06;0,0039592058287148246;0,003959205828714824;0,0039592058287148246;0,9655881411267148;-0,6463042992983895;0,9655491109736178;-0,6466945580818083;3,959205828714824e-07
310;0,1420197745748648;0,06901363521180655;-0,14200611923306017;-0,06900421943460552;1,3655341804641452e-05;9,415777201024489e-06;0,009299807848672037;0,009299807848672036;0,009299807848672037;0,980275832201271;-0,2070238683724986;0,9801740343890631;-0,20793127727830807;9,299807848672037e-07
311;0,06000537101889458;0,029003702956319464;-0,06000000002823185;-0,028999999838270188;5,370990662730002e-06;3,7031180492759497e-06;0,004040752528086215;0,004040752528086214;0,004040752528086215;0,9522687223152402;-0,48097766035279765;0,9521766027430173;-0,48183460612697576;4,040752528086216e-07
312;0,13901034105481327;0,06700712979726517;-0,13900005823628442;-0,0670000401554045;1,0282818528856152e-05;7,089641860663631e-06;0,009069507580533051;0,009069507580533051;0,009069507580533051;0,9823591447215174;-0,3064125731188324;0,9822805821274688;-0,30712603286027174;9,069507580533052e-07
313;0,0;0,0;0,0;0,0;0,0;0,0;;;;;;;;
314;0,13211772424860216;0,06401221951397049;-0,13210000012301876;-0,06399999932341777;1,772412558340153e-05;1,2220190552719723e-05;0,008990070416265934;0,008990070416265936;0,008990070416265936;0,9428154505853624;-0,5684599014022012;0,9426787960634684;-0,5697359715744742;8,990070416265937e-07
315;0,12200780060163983;0,05900537757257618;-0,12200000000291945;-0,05899999998997165;7,80059872038108e-06;5,377582604527975e-06;0,008041485900331201;0,008041485900331203;0,008041485900331203;0,9730351773028519;-0,5491363445979297;0,9729679489281798;-0,5497472590084683;8,041485900331203e-07
316;0,13111757859032475;0,06401211834165874;-0,13110239532512274;-0,06400165074284128;1,5183265202001195e-05;1,0467598817454071e-05;0,008536617776510182;0,008536617776510188;0,008536617776510188;0,9868131958448015;-0,2626679576101167;0,9866898594436393;-0,263746149415143;8,536617776510187e-07
317;0,1310023953226702;0,06400165074235192;-0,1309999999978814;-0,0639999999989241;2,395324788795339e-06;1,6507434278251187e-06;0,008531359900747802;0,008531359900747802;0,008531359900747802;0,9866898594436393;-0,263746149415143;0,9866703908303655;-0,2639158113382478;8,531359900747802e-07
318;0,15203335295918816;0,07302299590303349;-0,1520104549444265;-0,07300720798702708;2,2898014761657537e-05;1,5787916006412828e-05;0,00985558200492559;0,009855582004925588;0,00985558200492559;0,98803312193907;-0,1064735238038976;0,9878721644321936;-0,1079404900464626;9,85558200492559e-07
319;0,12912253609547447;0,06301553773642199;-0,12910764780591155;-0,06300527346197318;1,4888289562919876e-05;1,0264274448806843e-05;0,00832307843698891;0,008323078436988911;0,008323078436988911;0,9966621593187106;-0,029476995163815925;0,9965381187066739;-0,0305516698898343;8,323078436988912e-07
320;0,12843701004809685;0,06202551641180723;-0,1284257020574004;-0,06201772027036859;1,1307990696457493e-05;7,796141438642934e-06;0,008264220512561118;0,008264220512561118;0,008264220512561118;0,9964314646079582;-0,03154317902571475;0,9963366412404956;-0,03238799613778512;8,264220512561117e-07
321;0,0;0,0;0,0;0,0;0,0;0,0;;;;;;;;
322;0,12602330626560154;0,06101606888795954;-0,1260000000002721;-0,06099999999914144;2,3306265329453568e-05;1,606888881809654e-05;0,008149989252159533;0,008149989252159531;0,008149989252159533;0,9918909449318909;-0,06918384053291064;0,9916927379087338;-0,0709464738676893;8,149989252159533e-07
323;0,12601262810930247;0,061010661436133866;-0,1260000000001792;-0,06099999999974289;1,2628109123280495e-05;1,0661436390974055e-05;0,008225144422295595;0,008225144422295593;0,008225144422295595;0,9827437901688949;-0,17009670687308504;0,9826313971463883;-0,17177187324090215;8,225144422295595e-07
324;0,12601136531729276;0,061007837028433105;-0,1260000000000058;-0,06099999999991762;1,1365317286959886e-05;7,837028515485234e-06;0,008230885751322544;0,008230885751322546;0,008230885751322546;0,9820416864150814;-0,3092676121815486;0,9819459775769405;-0,3101276265036421;8,230885751322546e-07
325;0,05900329220949306;0,029002269792225123;-0,05900000000014357;-0,028999999999952408;3,292209349491093e-06;2,2697922727153708e-06;0,0038269715028262596;0,0038269715028262596;0,0038269715028262596;0,9918652095360045;-0,09155213623991357;0,9918055303578797;-0,09206174468005421;3,82697150282626e-07
326;0,19807288434741144;0,09505025146490324;-0,19802270087179774;-0,09501565164040349;5,0183475613696515e-05;3,4599824499756404e-05;0,013267508551690758;0,013267508551690756;0,013267508551690758;0,9560421267353313;-0,3928107418629904;0,9557801040397665;-0,3952844401757196;1,326750855169076e-06
327;0,03800094181495961;0,018000795016269954;-0,03800000000158857;-0,017999999993786785;9,418133710414889e-07;7,950224831694552e-07;0,0025143077902052393;0,0025143077902052393;0,0025143077902052393;0,9655491109736178;-0,6466945580818083;0,9655217512314104;-0,6471242063641568;2,514307790205239e-07
328;-0,14700447827143398;-0,0710030873670385;0,1470353683336823;0,07102438402504888;3,089006224832325e-05;2,1296658010372393e-05;0,009855889636621254;0,009855889636621254;0,009855889636621254;0,956327066146532;-0,3901401386059757;0,9565442662825009;-0,38812534866702425;9,855889636621253e-07
329;0,12201037196882009;0,05900715047261292;-0,12199999999983724;-0,05899999999974129;1,0371968982847424e-05;7,150472871635116e-06;0,007940737769767421;0,007940737769767421;0,007940737769767421;0,9854030065294707;-0,3035360279371319;0,9853124822549904;-0,30434839441575556;7,940737769767421e-07
330;0,11500746745834824;0,05600514911870374;-0,11499999999995755;-0,05599999999966783;7,4674583906836345e-06;5,149119035909033e-06;0,007411068504823803;0,0074110685048238015;0,007411068504823803;0,9965381187066739;-0,0305516698898343;0,9964682539058056;-0,031160868981767696;7,411068504823803e-07
331;0,12201631134511032;0,0590112454451005;-0,12200000000214838;-0,058999999989669635;1,631134296194159e-05;1,1245455430866635e-05;0,008041993330156755;0,008041993330156752;0,008041993330156755;0,9730471276350224;-0,5490250902409088;0,9729065570587774;-0,5503027164234782;8,041993330156755e-07
332;-0,18012446103168125;-0,08701686370541732;0,18016103986880494;0,0870420835876476;3,657883712368526e-05;2,521988223028182e-05;0,01231400396070473;0,012314003960704731;0,012314003960704731;0,9379096914524518;-0,614600210784418;0,9381155542746783;-0,6126537665978486;1,2314003960704733e-06
333;0,10932540911347738;0,053017518295112594;-0,10931584217252874;-0,05301092271247507;9,566940948640967e-06;6,595582637526631e-06;0,007040753562601951;0,007040753562601952;0,007040753562601952;0,9963366412404956;-0,03238799613778512;0,9962424539979475;-0,033218037593475504;7,040753562601952e-07
334;0,19402477348756617;0,09402091225442351;-0,19400000000947026;-0,09399999996683228;2,4773478095901913e-05;2,091228759122654e-05;0,012895242304951466;0,012895242304951466;0,012895242304951466;0,9653144950306637;-0,6488135092378016;0,9651738511000925;-0,6509440080783274;1,2895242304951468e-06
335;0,019000476973718896;0,009000328887887708;-0,019000000000260184;-0,009000000000051559;4,769734587121988e-07;3,288878361491776e-07;0,0012290082450569632;0,0012290082450569625;0,0012290082450569632;0,9876601326023033;-0,10992372198137322;0,9876332687750196;-0,11017728232165734;1,2290082450569632e-07
336;-0,2541437779602253;-0,12203018136936628;0,2543137263500066;0,12214735227609652;0,00016994838978129367;0,00011717090673024622;0,016489655016735258;0,016489655016735258;0,016489655016735258;0,9870925936637487;-0,11506148078629393;0,9878065830108821;-0,10854985864859663;1,6489655016735258e-06
337;0,10310485404250555;0,050004097874818305;-0,10310000001359855;-0,04999999999420894;4,854028907000374e-06;4,0978806093647235e-06;0,006794328497624918;0,0067943284976249175;0,006794328497624918;0,9737379032745115;-0,24687381136985978;0,9736855951792321;-0,24765834780606952;6,794328497624918e-07
338;0,1010046636571747;0,04900321586605505;-0,10100000000042926;-0,049000000000013394;4,663656745437783e-06;3,2158660416559126e-06;0,00658779188436306;0,006587791884363059;0,00658779188436306;0,9838772127685977;-0,29270719156334796;0,9838281379084782;-0,29314492771415107;6,58779188436306e-07
339;0,10100071524018846;0,04900049336299752;-0,10099999999865229;-0,04900000000295977;7,152415361644238e-07;4,933600377468594e-07;0,006595921176455078;0,006595921176455077;0,006595921176455078;0,9826231143783343;-0,3039021059242398;0,9826155966870934;-0,30396931509864267;6,595921176455078e-07
340;0,0;0,0;0,0;0,0;0,0;0,0;;;;;;;;
341;0,09921576713353814;0,04801087097384677;-0,09920749002034095;-0,04800516439269839;8,277113197188712e-06;5,706581148380574e-06;0,006387651838747216;0,006387651838747216;0,006387651838747216;0,9962424539979475;-0,033218037593475504;0,9961526442597428;-0,034014157191431714;6,387651838747215e-07
342;0,0051000581622146855;0,0020000400964205376;-0,005100041051411014;-0,0020000282996513645;1,711080367151896e-08;1,1796769173056526e-08;0,00032804743168682413;0,00032804743168682424;0,00032804743168682424;0,9641423985530573;-0,3154340286724586;0,9641388369991468;-0,3154835565109764;3,2804743168682425e-08
343;0,10401396000233948;0,051009624850353735;-0,10400000001811874;-0,05099999990911261;1,3959984220740518e-05;9,62494124112645e-06;0,006997637996576887;0,006997637996576888;0,006997637996576888;0,9558252296183477;-0,3946368020814261;0,9556868510148171;-0,39587091333244345;6,997637996576888e-07
344;0,0;0,0;0,0;0,0;0,0;0,0;;;;;;;;
345;-0,0770000000837867;-0,036999999480203244;0,0770087942807495;0,037006062498260224;8,794196962799705e-06;6,063018056980118e-06;0,005258774327749578;0,005258774327749578;0,005258774327749578;0,9379004997388961;-0,6146800602732676;0,938016353995276;-0,6135695550467556;5,258774327749577e-07
346;0,04900356517390867;0,024002457632397462;-0,049000000049108344;-0,023999999714280403;3,5651248003268354e-06;2,4579181170589215e-06;0,003348295727347451;0,0033482957273474516;0,0033482957273474516;0,9408904695565967;-0,5864909991941798;0,9408166196063225;-0,5871621557668795;3,3482957273474515e-07
347;0,040004937157484474;0,01900340393392278;-0,04000047697350401;-0,019000328887760102;4,460183980467547e-06;3,0750461626795345e-06;0,0025886674033098155;0,002588667403309816;0,002588667403309816;0,9877794126491575;-0,10880606736205387;0,9876601326023033;-0,10992372198137322;2,588667403309816e-07
348;0,04010595532404426;0,019004105992655663;-0,04010493715728008;-0,01900340393397092;1,0181667641842584e-06;7,020586847428234e-07;0,0025939481563728353;0,0025939481563728353;0,0025939481563728353;0,9878065830108821;-0,10854985864859663;0,9877794126491575;-0,10880606736205387;2,593948156372835e-07
349;0,0;0,0;0,0;0,0;0,0;0,0;;;;;;;;
350;-0,08100000000415611;-0,03899999998182807;0,08100248155987975;0,039001710931328364;2,481555723646278e-06;1,7109495002928798e-06;0,005318788295602676;0,005318788295602677;0,005318788295602677;0,9758567967438387;-0,21032067628656032;0,9758891240410844;-0,21002430885854084;5,318788295602677e-07
351;0,08601039099303738;0,04100716408065371;-0,08600000000021404;-0,041000000000025794;1,0390992823336442e-05;7,1640806279180125e-06;0,005574031453586761;0,00557403145358676;0,005574031453586761;0,9869563174608958;-0,11632731746598417;0,9868272314269512;-0,11752698370139193;5,574031453586761e-07
352;0,04200160509394091;0,020001106731751716;-0,04200000000034074;-0,020000000000085994;1,6050936001710259e-06;1,106731665721783e-06;0,002719006638288534;0,002719006638288534;0,002719006638288534;0,9878151990488379;-0,10841321060723115;0,9877743239009756;-0,10879395384738239;2,719006638288534e-07
353;0,0;0,0;0,0;0,0;0,0;0,0;;;;;;;;
354;-9,999999976537596e-05;-5,305542926599584e-13;0,00010000000091226971;1,320938688129807e-12;1,146893750759645e-12;7,903843954698487e-13;5,903338012723053e-06;5,903338012723054e-06;5,903338012723054e-06;0,9780064542987383;-0,22729262178053064;0,9780064655154332;-0,22729216892363768;5,903338012723054e-10
355;0,08100909640677291;0,03900627132536112;-0,08100000000749705;-0,03899999995876604;9,096399275862477e-06;6,271366595082817e-06;0,005348366962856726;0,005348366962856726;0,005348366962856726;0,970577749993002;-0,2861580359278111;0,9704599075470478;-0,28724413562892365;5,348366962856725e-07
356;0,08100611923319058;0,03900421943537882;-0,08100000000006988;-0,03899999999991884;6,119233120702172e-06;4,219435459980325e-06;0,005295793937912661;0,005295793937912662;0,005295793937912662;0,9801740343890631;-0,20793127727830807;0,9800939707619709;-0,20866229654093027;5,295793937912662e-07
357;0,08100507130386411;0,03900349621259477;-0,0810000000000514;-0,03899999999992441;5,071303812706485e-06;3,4962126703591556e-06;0,005215711521219152;0,005215711521219152;0,005215711521219152;0,9952097736738058;-0,042590645509809975;0,9951424053705993;-0,04319611909100284;5,215711521219151e-07
358;0,07900083160186143;0,038000702214255555;-0,07900000000200035;-0,037999999992455055;8,315998610841646e-07;7,02221800499836e-07;0,005208001837618899;0,0052080018376189;0,0052080018376189;0,9718414100177912;-0,5891315337003216;0,9718297277197164;-0,5893095304056974;5,208001837618899e-07
359;-0,1711011510997082;-0,08300079377924188;0,17112798226831774;0,0830192941981118;2,683116860954793e-05;1,8500418869915602e-05;0,011116802255341335;0,011116802255341337;0,011116802255341337;0,9876478887863713;-0,10989972054805931;0,9878151990488379;-0,10841321060723115;1,1116802255341337e-06
360;0,126117504100628;0,06101206823419161;-0,12610365395811493;-0,06100251902512653;1,3850142513066599e-05;9,549209065082276e-06;0,008376962099201553;0,008376962099201551;0,008376962099201553;0,9655881411267148;-0,6463042992983895;0,9654735502166161;-0,6473532354367915;8,376962099201553e-07
361;0,0;0,0;0,0;0,0;0,0;0,0;;;;;;;;
362;0,0;0,0;0,0;0,0;0,0;0,0;;;;;;;;
363;-0,00010000000006840625;-1,7764003557179157e-14;0,00010000001266463218;8,702439613925746e-12;1,2596225928626636e-11;8,684675610368567e-12;5,991573812082768e-06;5,991573812082767e-06;5,991573812082768e-06;0,9636037002836708;-0,6644162362656232;0,9636038216613737;-0,6644112603136656;5,991573812082767e-10
364;0,0;0,0;0,0;0,0;0,0;0,0;;;;;;;;
365;0,07100694621789076;0,03400478918442925;-0,0709999999999936;-0,03399999999999673;6,946217897166318e-06;4,789184432522908e-06;0,004595251187554473;0,0045952511875544735;0,0045952511875544735;0,9891606624678116;-0,09636506748380082;0,9890559609731941;-0,09732523354709041;4,5952511875544736e-07
366;0,0;0,0;0,0;0,0;0,0;0,0;;;;;;;;
367;-9,999999969878132e-05;4,2336465567684905e-14;0,00010000001154579163;8,125584036138266e-12;1,18470103112377e-11;8,167920501705951e-12;6,157046355677974e-06;6,157046355677975e-06;6,157046355677975e-06;0,937706546448382;-0,6165237990510062;0,9377066575385765;-0,6165191191778223;6,157046355677975e-10
368;0,06810711161181919;0,033004903494625065;-0,06810206956670488;-0,03300142687897269;5,042045114311833e-06;3,4766156523785563e-06;0,004386430792522084;0,004386430792522084;0,004386430792522084;0,9961526442597428;-0,034014157191431714;0,9960729673739441;-0,03471811973716557;4,386430792522083e-07
369;0,0680041271499164;0,03300284544057414;-0,067999999999979;-0,03299999999997842;4,1271499374023746e-06;2,8454405957209494e-06;0,004371175543955132;0,0043711755439551315;0,004371175543955132;0,9983934160037831;-0,014172970919612962;0,9983279653178501;-0,014747535931154167;4,3711755439551325e-07
370;0,0;0,0;0,0;0,0;0,0;0,0;;;;;;;;
371;0,07301068607891475;0,03500736726547515;-0,07300300213686328;-0,03500206969486079;7,683942051472936e-06;5,2975706143626455e-06;0,0049156220140018515;0,0049156220140018515;0,0049156220140018515;0,9510051818320171;-0,4409396089013112;0,9508969021220485;-0,44196908654715455;4,915622014001851e-07
372;0,0;0,0;0,0;0,0;0,0;0,0;;;;;;;;
373;0,08501045494431622;0,04100720798710742;-0,08500421565393432;-0,041002906665047495;6,239290381904183e-06;4,301322059925561e-06;0,005516170894800225;0,005516170894800227;0,005516170894800227;0,9878721644321936;-0,1079404900464626;0,9877937867118666;-0,10864675402415724;5,516170894800227e-07
374;0,12202602182617418;0,059017941146558506;-0,12200000000549473;-0,05899999997334038;2,602182067945602e-05;1,7941173218127826e-05;0,008119200597961894;0,008119200597961894;0,008119200597961894;0,9638771003374607;-0,6620145945786811;0,9636549741682658;-0,6640530486465193;8,119200597961894e-07
375;0,06200481821606351;0,030004067659374637;-0,06199999999980807;-0,0300000000000165;4,8182162554408214e-06;4,067659358137493e-06;0,004021481044216855;0,004021481044216855;0,004021481044216855;0,9889269312911525;-0,09715113262997949;0,9888392280030358;-0,0984511435008458;4,0214810442168555e-07
376;0,0;0,0;0,0;0,0;0,0;0,0;;;;;;;;
377;0,06000073271995099;0,029000505108922707;-0,05999999999934561;-0,028999999999399007;7,327206053772684e-07;5,051095237004755e-07;0,003853236130871413;0,003853236130871413;0,003853236130871413;0,9985271250572729;-0,03693258977603618;0,9985139468717154;-0,03704944625782668;3,8532361308714126e-07
378;0,0;0,0;0,0;0,0;0,0;0,0;;;;;;;;
379;0,0;0,0;0,0;0,0;0,0;0,0;;;;;;;;
380;0,05600220085111454;0,027001517480189353;-0,05599999999980676;-0,027000000000011376;2,2008513077820258e-06;1,5174801779767322e-06;0,0035986098683900495;0,003598609868390049;0,0035986098683900495;0,9974653257162466;-0,022385780791589503;0,9974229462804172;-0,022764612167236645;3,5986098683900495e-07
381;0,05600055077502475;0,027000379937362595;-0,05600000000081071;-0,026999999999781962;5,50774214042038e-07;3,799375806329275e-07;0,0035893742276651595;0,0035893742276651595;0,0035893742276651595;1,0;0,0;0,9999893657855402;-9,49573051874337e-05;3,5893742276651593e-07
382;0,053103689586721084;0,02600254391198521;-0,053101334242330794;-0,0260009199250921;2,3553443902896154e-06;1,6239868931081092e-06;0,003425989149993083;0,0034259891499930826;0,003425989149993083;0,9964314646079582;-0,03154317902571475;0,9963837810416224;-0,03195282069267921;3,425989149993083e-07
383;-0,12210000014695922;-0,05899999917127945;0,12212446097502447;0,05901686409240789;2,44608280652453e-05;1,6864921128435795e-05;0,00834941927822104;0,008349419278221039;0,00834941927822104;0,9377066575385765;-0,6165191191778223;0,9379096914524518;-0,614600210784418;8,34941927822104e-07
384;0,0520002576880729;0,025000177662964456;-0,05199999999999289;-0,024999999995669896;2,57688080006202e-07;1,7766729456039632e-07;0,003427897671197759;0,0034278976711977593;0,0034278976711977593;0,9717862475869153;-0,5896560605160385;0,9717810394174535;-0,5897041910762796;3,4278976711977593e-07
385;0,0;0,0;0,0;0,0;0,0;0,0;;;;;;;;
386;0,0;0,0;0,0;0,0;0,0;0,0;;;;;;;;
387;0,0001000000085565599;5,598321131767563e-12;-0,00010000000032082071;7,957513618715327e-14;8,235739184809382e-12;5,677896267954717e-12;5,980302913800673e-06;5,980302913800673e-06;5,980302913800673e-06;0,9654198573430185;-0,6478593581056543;0,9654197778335623;-0,6478626113003066;5,980302913800673e-10
388;0,0;0,0;0,0;0,0;0,0;0,0;;;;;;;;
389;0,0001000000070594268;4,824486884281466e-12;-9,999999993161008e-05;8,955004808691238e-14;7,127816728774022e-12;4,9140369323683785e-12;5,848998499769106e-06;5,848998499769107e-06;5,848998499769107e-06;0,9870925936637487;-0,11506148078629393;0,9870925233056014;-0,1150642963218648;5,848998499769107e-10
390;0,05000182251518971;0,024001256405140763;-0,050000000000216614;-0,0240000000001712;1,8225149730974333e-06;1,2564049695629187e-06;0,0032129331653201246;0,0032129331653201246;0,0032129331653201246;0,9966621593187106;-0,029476995163815925;0,9966228647966898;-0,02983237683476566;3,2129331653201245e-07
391;0,0;0,0;0,0;0,0;0,0;0,0;;;;;;;;
392;0,12102270086064562;0,058015651704712436;-0,12100000001974151;-0,057999999895879215;2,270084090411073e-05;1,5651808833221093e-05;0,008107110505859057;0,008107110505859057;0,008107110505859057;0,9557801040397665;-0,3952844401757196;0,9555861412340085;-0,39712090582239506;8,107110505859058e-07
393;-0,07000000001117651;-0,03399999994171606;0,07000447825930241;0,034003087429554414;4,478248125897033e-06;3,0874878383518878e-06;0,00469846359140133;0,004698463591401331;0,004698463591401331;0,9562609912450126;-0,39074431106071533;0,956327066146532;-0,3901401386059757;4,698463591401331e-07
394;0,04500074719221058;0,02200051516414012;-0,045000000000325;-0,022000000000377697;7,471918855792015e-07;5,151637624233041e-07;0,002918547473010789;0,0029185474730107895;0,0029185474730107895;0,9909020415015481;-0,10446685264219914;0,990884286448019;-0,10462085992921002;2,9185474730107894e-07
395;0,04500014318705792;0,02200009876587801;-0,045000000001119866;-0,02199999999893534;1,4318593805073832e-07;9,876694266955366e-08;0,002951204319820169;0,0029512043198201693;0,0029512043198201693;0,9799229223671044;-0,20970915358078346;0,9799195571927861;-0,20973871302693164;2,9512043198201695e-07
396;0,05200421565399749;0,025002906665105674;-0,05199999999993844;-0,024999999999954715;4,215654059044893e-06;2,9066651509590535e-06;0,0033726250131510564;0,003372625013151056;0,0033726250131510564;0,9877937867118666;-0,10864675402415724;0,9877071862564593;-0,10943418331202624;3,3726250131510564e-07
397;0,04300030026732918;0,021000207064288987;-0,04299999999985277;-0,020999999999461633;3,002674764107649e-07;2,0706482735388665e-07;0,0027974236835295254;0,0027974236835295254;0,0027974236835295254;0,9876478887863713;-0,10989972054805931;0,987640444882402;-0,10996472626256854;2,7974236835295254e-07
398;0,0410008082617658;0,02000055730353171;-0,040999999999700464;-0,01999999999986062;8,082620653396266e-07;5,573036710899981e-07;0,002675056631180883;0,002675056631180883;0,002675056631180883;0,9845815066153669;-0,28643006130018106;0,9845605546232284;-0,2866140924521284;2,6750566311808834e-07
399;-0,04100000000016791;-0,019999999999946488;0,041000995385488105;0,02000068621255359;9,953853201960516e-07;6,862126071018049e-07;0,0026423891196219623;0,0026423891196219623;0,0026423891196219623;0,9967325481748985;-0,028856173202346333;0,9967586687303185;-0,028629666414086465;2,642389119621962e-07
400;0,03310085083242;0,016000586714272184;-0,033100000008642265;-0,016000000006149227;8,50823777737153e-07;5,867081229564419e-07;0,002149190916298235;0,0021491909162982352;0,0021491909162982352;0,9876478887863713;-0,10989972054805931;0,9876204513138349;-0,11014587087026304;2,1491909162982353e-07
401;0,04000137277664512;0,019000946415237367;-0,040000000000189405;-0,019000000000022117;1,3727764557117106e-06;9,464152152492689e-07;0,0025668657704383618;0,0025668657704383618;0,0025668657704383618;0,9960729673739441;-0,03471811973716557;0,9960359433908987;-0,035062111159938125;2,5668657704383615e-07
402;0,00010000000884261168;5,84260167983803e-12;-0,0001000000002993972;4,8351185116249015e-14;8,543214475697364e-12;5,890952864954279e-12;5,845872465221008e-06;5,845872465221005e-06;5,845872465221008e-06;0,9876204513138349;-0,11014587087026304;0,9876203669393074;-0,11014924613733168;5,845872465221008e-10
403;0,0;0,0;0,0;0,0;0,0;0,0;;;;;;;;
404;0,0;0,0;0,0;0,0;0,0;0,0;;;;;;;;
405;0,037100682715839946;0,01800047062928243;-0,03710024290882197;-0,018000167456332178;4,3980701797813326e-07;3,031729502514513e-07;0,002393510335924753;0,0023935103359247526;0,002393510335924753;0,9946940571407094;-0,11487731437940497;0,9946813202134738;-0,11498955671583949;2,393510335924753e-07
406;0,034001005528411066;0,017000693302418816;-0,03399999999961697;-0,01699999999992225;1,0055287940971547e-06;6,933024965655177e-07;0,00220272592839063;0,0022027259283906304;0,0022027259283906304;0,9963837810416224;-0,03195282069267921;0,9963520810928037;-0,032209683789472796;2,2027259283906306e-07
407;0,03400008106903201;0,017000055918673998;-0,034000000003561404;-0,01700000000125085;8,106547060710012e-08;5,591742314667303e-08;0,0022205831882826945;0,002220583188282694;0,0022205831882826945;0,9883422537973302;-0,10365487380387196;0,9883397184342183;-0,10367561440202759;2,2205831882826945e-07
408;0,0;0,0;0,0;0,0;0,0;0,0;;;;;;;;
409;0,03100019719111509;0,015000135935931972;-0,030999999999412265;-0,014999999999524068;1,9719170282414544e-07;1,3593640790440786e-07;0,001998944517965513;0,001998944517965513;0,001998944517965513;0,9946813202134738;-0,11498955671583949;0,9946744833028373;-0,11505024118170001;1,998944517965513e-07
410;0,03800300212284304;0,018002069771352405;-0,03800000001414129;-0,01799999991802041;3,0021087017509385e-06;2,069853331995719e-06;0,002553196517901954;0,0025531965179019546;0,0025531965179019546;0,9508969021220485;-0,44196908654715455;0,9508155140016221;-0,4427667670532752;2,5531965179019544e-07
411;0,029103700703853867;0,014002551467933114;-0,02910146553040429;-0,014001010408771499;2,2351734495773545e-06;1,5410591616155794e-06;0,0018666840862127667;0,0018666840862127667;0,0018666840862127667;0,9989203551908377;-0,00951102974113792;0,9988373936118073;-0,010255504657953855;1,8666840862127666e-07
412;0,029000062856123374;0,014000053061340834;-0,02899999999842002;-0,013999999998245369;6,285770335484608e-08;5,306309546447563e-08;0,0018941405586872229;0,001894140558687223;0,001894140558687223;0,9815617398328628;-0,18777190015159445;0,9815593112478888;-0,1878083009444253;1,8941405586872233e-07
413;0,0;0,0;0,0;0,0;0,0;0,0;;;;;;;;
414;-9,999999704595759e-05;1,88370073484734e-12;9,999999763995341e-05;-1,473973687609738e-12;5,93995826917576e-13;4,097270472376021e-13;6,010917742242971e-06;6,010917742242971e-06;6,010917742242971e-06;0,9605026668007871;-0,4057759958580932;0,9605026725061331;-0,4057757611017757;6,010917742242971e-10
415;0,02800069679085004;0,014000480463690367;-0,027999999999939237;-0,013999999999983226;6,967909108035464e-07;4,804637071410128e-07;0,0018145664776467757;0,001814566477646776;0,001814566477646776;0,9960729673739441;-0,03471811973716557;0,9960463011366093;-0,034934312618723797;1,814566477646776e-07
416;0,026000247457475315;0,013000170607178499;-0,026000000004285245;-0,012999999980936526;2,474531900706345e-07;1,7062624197219933e-07;0,001734727979704291;0,0017347279797042914;0,0017347279797042914;0,9674773144270545;-0,3322902834648169;0,967467408562643;-0,33237296421341805;1,7347279797042914e-07
417;0,0;0,0;0,0;0,0;0,0;0,0;;;;;;;;
418;0,0240014509761091;0,012001000374494029;-0,023999999999959453;-0,011999999999951222;1,4509761496472873e-06;1,0003745428074917e-06;0,0015510974119502922;0,0015510974119502918;0,0015510974119502922;0,9988373936118073;-0,010255504657953855;0,9987724346285356;-0,010780464997190365;1,5510974119502923e-07
419;0,024000820254450463;0,01200056552587833;-0,024000000000056254;-0,011999999999909531;8,202543942091578e-07;5,655259687990105e-07;0,0015509247459281677;0,0015509247459281675;0,0015509247459281677;0,9989203551908377;-0,00951102974113792;0,9988836289773717;-0,00980780862139182;1,5509247459281678e-07
420;0,02400035980718984;0,012000248024632584;-0,023999999999972776;-0,012000000000010004;3,598072170658828e-07;2,480246225795846e-07;0,0015766149810132978;0,0015766149810132976;0,0015766149810132978;0,9826231143783343;-0,3039021059242398;0,9826072675563096;-0,30403220537945497;1,576614981013298e-07
421;0,0;0,0;0,0;0,0;0,0;0,0;;;;;;;;
422;0,02300014162313652;0,011000097620666135;-0,023000000005270284;-0,010999999967749415;1,4161786623598238e-07;9,76529167199397e-08;0,0015324995907538103;0,0015324995907538108;0,0015324995907538108;0,9605026725061331;-0,4057757611017757;0,9604962720643068;-0,40583642551837484;1,5324995907538107e-07
423;0,023000063357395434;0,011000043655949122;-0,02300000000300574;-0,01099999998716848;6,335438969273799e-08;4,3668780641895055e-08;0,0015200386489455018;0,0015200386489455015;0,0015200386489455018;0,9683730955372815;-0,27715260849119744;0,9683702090378019;-0,2771797122819664;1,5200386489455017e-07
424;0,0220006173870231;0,010000425657405686;-0,02200000000003031;-0,00999999999998203;6,173869927898756e-07;4,256574236555233e-07;0,0014055515495801246;0,0014055515495801244;0,0014055515495801246;0,9926868842098746;-0,06483528732511634;0,9926565621268365;-0,06514830436552022;1,4055515495801245e-07
425;0,021300536465456165;0,010000369893702217;-0,021300127809457208;-0,010000088139087345;4,086559989568972e-07;2,817546148718708e-07;0,0013650847766994501;0,0013650847766994501;0,0013650847766994501;0,9952334240584668;-0,0964920005952566;0,99521271447199;-0,09669013855982342;1,3650847766994502e-07
426;0,021000474799958126;0,010000327339313522;-0,020999999999943147;-0,01000000000008587;4,748000149781828e-07;3,2733922765079693e-07;0,0013720634989078746;0,0013720634989078746;0,0013720634989078746;0,9787559744958247;-0,2203804610947801;0,9787320142012221;-0,2206056273214364;1,3720634989078748e-07
427;0,021000127761833017;0,010000088106228107;-0,020999999999928368;-0,010000000000220327;1,2776190464955373e-07;8,810600777946209e-08;0,00134935104743375;0,0013493510474337498;0,00134935104743375;0,99521271447199;-0,09669013855982342;0,9952061581414233;-0,09675078136015575;1,34935104743375e-07
428;0,021000071315600315;0,010000060216517986;-0,02099999999993557;-0,010000000000567598;7,131566474513629e-08;6,021595038742389e-08;0,0013601295500035716;0,0013601295500035714;0,0013601295500035716;0,987323364931943;-0,11012875517164845;0,9873195328387041;-0,11018714986203808;1,3601295500035717e-07
429;0,021000078635655825;0,010000054073389046;-0,021000000022164456;-0,009999999861427055;7,861349136939477e-08;5,421196199069389e-08;0,0014313724126826294;0,0014313724126826294;0,0014313724126826294;0,93818205607282;-0,6121473855704361;0,9381782530639935;-0,6121846982419689;1,4313724126826295e-07
430;0,021000081223530732;0,010000056000299209;-0,02100000000065184;-0,009999999999846458;8,122287889142377e-08;5,600045275069854e-08;0,0013608331359152644;0,0013608331359152644;0,0013608331359152644;0,9868131958448015;-0,2626679576101167;0,986809063130204;-0,26270648443557354;1,3608331359152642e-07
431;0,02100005459257844;0,01000003758081992;-0,02100000000639299;-0,00999999995576868;5,458618544673666e-08;3,762505123953985e-08;0,0014109370828389867;0,0014109370828389869;0,0014109370828389869;0,9517690524982825;-0,42914719308578614;0,9517663738996682;-0,4291730623459764;1,410937082838987e-07
432;0,07110365395576826;0,034002519035304234;-0,0711000000107843;-0,03399999999243732;3,653944983958435e-06;2,5190428669108478e-06;0,004713149891017106;0,004713149891017106;0,004713149891017106;0,9654735502166161;-0,6473532354367915;0,9654198573430185;-0,6478593581056543;4,713149891017106e-07
433;0,0;0,0;0,0;0,0;0,0;0,0;;;;;;;;
434;0,019000328713829995;0,009000226622506904;-0,018999999999891454;-0,009000000000002884;3,287139385410587e-07;2,2662250401955797e-07;0,0012182375968166777;0,001218237596816678;0,001218237596816678;0,9963837810416224;-0,03195282069267921;0,9963651044495484;-0,032127479082390234;1,2182375968166778e-07
435;0,019000292944097986;0,009000201975055966;-0,01900000000019656;-0,009000000000054166;2,9294390142473037e-07;2,0197500179980343e-07;0,0012182927507973583;0,001218292750797358;0,0012182927507973583;0,9963366412404956;-0,03238799613778512;0,9963199974877791;-0,032543681196679754;1,2182927507973583e-07
436;0,018100430913675303;0,009000297048121044;-0,018100173994724564;-0,009000119933391539;2,569189507389824e-07;1,7711472950592e-07;0,0012063246683735528;0,0012063246683735526;0,0012063246683735528;0,9674773144270545;-0,3322902834648169;0,9674625300784665;-0,33241556743684797;1,2063246683735527e-07
437;0,018000173994447036;0,009000119933309358;-0,018000000002230558;-0,008999999986424487;1,7399221647826368e-07;1,199468848706725e-07;0,0012009840685701535;0,0012009840685701535;0,0012009840685701535;0,9674625300784665;-0,33241556743684797;0,9674524700483338;-0,33249947502842286;1,2009840685701535e-07
438;0,018000015062618013;0,009000010367605827;-0,01800000000310806;-0,008999999998762912;1,505950995156491e-08;1,0368842914484921e-08;0,0011711276908886023;0,0011711276908886025;0,0011711276908886025;0,9921173057579379;-0,09355547988337803;0,992116413120747;-0,09356270955495066;1,1711276908886024e-07
439;0,01700020152719184;0,008000138952431075;-0,016999999999838925;-0,00799999999994379;2,0152735291309454e-07;1,3895248728544585e-07;0,0010889461800073076;0,0010889461800073076;0,0010889461800073076;0,9961526442597428;-0,034014157191431714;0,9961398395291887;-0,03413588456164852;1,0889461800073075e-07
440;-0,0232001416300103;-0,01100009762036606;0,023201147189956518;0,011000790907929887;1,0055599462162335e-06;6,932875638281794e-07;0,0015433536111692703;0,0015433536111692703;0,0015433536111692703;0,9605026725061331;-0,4057757611017757;0,9605477734330037;-0,40533921932082867;1,5433536111692702e-07
441;0,01500016291742747;0,007000112316973866;-0,01499999999997192;-0,006999999999957557;1,6291745555049864e-07;1,1231701630906588e-07;0,0009576915409478849;0,0009576915409478849;0,0009576915409478849;0,997916313111108;-0,01840067950507287;0,9979045495592029;-0,018514502932437397;9,57691540947885e-08
442;0,014000292034930056;0,007000201335016938;-0,014000000000629714;-0,006999999996039419;2,92034300342775e-07;2,0133897751881819e-07;0,0009268771690807911;0,000926877169080791;0,0009268771690807911;0,9750120332368788;-0,2177391768782832;0,9749901542418401;-0,21792029894116285;9,26877169080791e-08
443;0,01400018034689819;0,007000124342814725;-0,01400000000041947;-0,006999999999962096;1,8034647871964515e-07;1,2434285262975103e-07;0,0009068480379667607;0,0009068480379667606;0,0009068480379667607;0,9965381187066739;-0,0305516698898343;0,9965243087054797;-0,03066354117539876;9,068480379667608e-08
444;0,014000176880979912;0,007000121945277951;-0,013999999999777126;-0,006999999999959612;1,7688120278538944e-07;1,2194531833886052e-07;0,0009071987130008016;0,0009071987130008016;0,0009071987130008016;0,9961526442597428;-0,034014157191431714;0,9961391050845918;-0,03412385163619881;9,071987130008017e-08
445;0,014200405410429743;0,006000279510875724;-0,014200391860109293;-0,006000270164121836;1,3550320450764208e-08;9,346753888223036e-09;0,0009078704411953932;0,0009078704411953932;0,0009078704411953932;0,9803673825450607;-0,20567577190729266;0,9803663574265417;-0,20568816915284752;9,078704411953932e-08
446;0,014100391859731548;0,006000270165245693;-0,014100079295970685;-0,006000054671431042;3,1256376086322146e-07;2,154938146510868e-07;0,0009024486188337605;0,0009024486188337605;0,0009024486188337605;0,9803663574265417;-0,20568816915284752;0,9803425593253259;-0,20597196093960848;9,024486188337606e-08
447;0,0;0,0;0,0;0,0;0,0;0,0;;;;;;;;
448;0,013000058236204858;0,006000040155331449;-0,012999999999605468;-0,005999999999485829;5,823659939008241e-08;4,015584562002544e-08;0,0008415556857025177;0,0008415556857025177;0,0008415556857025177;0,9822805821274688;-0,30712603286027174;0,9822758000689659;-0,30717427466468494;8,415556857025177e-08
449;0,0;0,0;0,0;0,0;0,0;0,0;;;;;;;;
450;0,012000150862714325;0,006000104026873466;-0,012000000000258268;-0,006000000000031693;1,5086245605706872e-07;1,0402684177349825e-07;0,0007768358663180677;0,0007768358663180678;0,0007768358663180678;0,9971310276824007;-0,025336329306150752;0,9971175416075444;-0,025445555027547882;7,768358663180678e-08
451;-0,06799999999992601;-0,03299999999989979;0,06801144831828715;0,03300789322769903;1,1448318361140242e-05;7,893227799239677e-06;0,004421733509391797;0,004421733509391797;0,004421733509391797;0,9869131139563819;-0,11665525304453382;0,9870925936637487;-0,11506148078629393;4,421733509391796e-07
452;0,0;0,0;0,0;0,0;0,0;0,0;;;;;;;;
453;-0,010100000006625516;-0,005000000005797592;0,010100099312442268;0,005000083843703718;9,930581675206274e-08;8,383790612610797e-08;0,000660180705379336;0,0006601807053793361;0,0006601807053793361;0,9855882189922132;-0,27353923975700145;0,9855992549943612;-0,2733812467483406;6,601807053793362e-08
454;0,010000042340489112;0,005000029188217614;-0,009999999999961033;-0,005000000000279107;4,234052807840227e-08;2,9187938507119204e-08;0,0006549672109292965;0,0006549672109292965;0,0006549672109292965;0,9855457703633217;-0,12378136201313714;0,9855412814593224;-0,12381811215842599;6,549672109292965e-08
455;0,010000075039379207;0,005000051738892919;-0,010000000000310757;-0,004999999999971606;7,503906845028607e-08;5,173892131307006e-08;0,000647937088694878;0,0006479370886948781;0,0006479370886948781;0,9962424539979475;-0,033218037593475504;0,9962344117133727;-0,033283213936727216;6,479370886948781e-08
456;0,0;0,0;0,0;0,0;0,0;0,0;;;;;;;;
457;0,00900012500646099;0,0040000861726566415;-0,009000000001585393;-0,003999999987798392;1,2500487559657936e-07;8,618485824920391e-08;0,000592260689087099;0,000592260689087099;0,000592260689087099;0,9601054005566626;-0,40935240568530473;0,9600908528670642;-0,4095152202354451;5,9226068908709895e-08
458;0,00900007378050375;0,0040000508690015615;-0,009000000000076579;-0,003999999999869833;7,378042717054445e-08;5,086913172809571e-08;0,0005800310822760687;0,0005800310822760688;0,0005800310822760688;0,9803425593253259;-0,20597196093960848;0,9803337919020022;-0,20606806369508313;5,800310822760688e-08
459;0,0;0,0;0,0;0,0;0,0;0,0;;;;;;;;
460;0,0;0,0;0,0;0,0;0,0;0,0;;;;;;;;
461;0,00600004571524683;0,0030000315198315986;-0,006000000000009152;-0,002999999999923418;4,571523767871177e-08;3,1519908180472483e-08;0,0003893724565990913;0,00038937245659909135;0,00038937245659909135;0,9946813202134738;-0,11498955671583949;0,9946731671829836;-0,11505573118944791;3,893724565990914e-08
462;0,0050000410506806005;0,0020000282993943488;-0,005000000000358588;-0,0019999999965731527;4,10503220122857e-08;2,83028211960773e-08;0,000322479948449642;0,0003224799484496419;0,000322479948449642;0,9641388369991468;-0,3154835565109764;0,9641301313258406;-0,31560093961058283;3,22479948449642e-08
463;0,005000014554104227;0,0020000100340582206;-0,004999999999889284;-0,001999999999876079;1,4554214942605337e-08;1,0034182141432924e-08;0,00031127552134731955;0,00031127552134731955;0,00031127552134731955;0,9988373936118073;-0,010255504657953855;0,9988341959837367;-0,010297118016367261;3,1127552134731954e-08
464;0,005000022946336775;0,0020000158213938145;-0,004999999999876008;-0,0020000000000748477;2,2946460767094e-08;1,5821318966741105e-08;0,00031199038886997653;0,0003119903888699765;0,00031199038886997653;0,996550584549565;-0,030491658730957227;0,9965455545731348;-0,03055727920326375;3,1199038886997655e-08
465;0,005000005516791988;0,002000003803025131;-0,00500000000085204;-0,002000000001009631;5,5159399478532656e-09;3,802015500174727e-09;0,00031714731694751044;0,00031714731694751044;0,00031714731694751044;0,9803425593253259;-0,20597196093960848;0,9803413699436755;-0,2059877235774001;3,171473169475104e-08
466;0,0002000000476840841;3,3287827900848505e-11;-0,00020000000340108736;-2,7561858307618524e-12;4,428299673025875e-11;3,053164207008665e-11;1,1602552870278411e-05;1,1602552870278411e-05;1,1602552870278411e-05;0,99521271447199;-0,09669013855982342;0,9952124941170218;-0,09669888522872429;1,1602552870278412e-09
467;-9,99999999712489e-05;5,778107882770437e-15;0,00010000000819727288;5,665789713495763e-12;8,226023974402391e-12;5,671567821378533e-12;6,1245709453480905e-06;6,1245709453480905e-06;6,1245709453480905e-06;0,9426787185184895;-0,569739221143202;0,9426787960634684;-0,5697359715744742;6,124570945348091e-10
468;0,00010000000991163284;6,94958636947151e-12;-9,999999988804213e-05;-3,865651414649833e-14;1,002359070853727e-11;6,910929855325011e-12;5,929535460655446e-06;5,929535460655447e-06;5,929535460655447e-06;0,9736855951792321;-0,24765834780606952;0,9736854975809806;-0,24766230747680704;5,929535460655447e-10
469;-0,00010000000033935275;-2,2535378731413378e-13;0,00010000000343560531;2,360116154142129e-12;3,0962525566450433e-12;2,1347623668279954e-12;5,9411275654678854e-06;5,941127565467885e-06;5,9411275654678854e-06;0,9717856834191901;-0,5896789941664118;0,9717857135081295;-0,5896777710377189;5,941127565467886e-10
470;-9,999999970667714e-05;2,863053523915419e-14;0,00010000000759830324;5,412026759932745e-12;7,891626100427901e-12;5,4406572951718995e-12;5,854032644935714e-06;5,854032644935714e-06;5,854032644935714e-06;0,9862436759651271;-0,2805931615561753;0,9862437537957921;-0,28059004428940293;5,854032644935714e-10
471;-0,00010000000015592642;6,207487158469479e-14;0,00010000000677122989;5,522740152126375e-12;6,615303465608291e-12;5,58481502371107e-12;5,857926232861174e-06;5,857926232861171e-06;5,857926232861174e-06;0,9855881537925643;-0,27354243962008934;0,9855882189922132;-0,27353923975700145;5,857926232861173e-10
472;0,00010000000385220656;2,534174425716705e-12;-0,00010000000016195668;1,0129177669398681e-14;3,690249887893134e-12;2,544303603386104e-12;5,801276559963117e-06;5,801276559963115e-06;5,801276559963117e-06;0,9952124941170218;-0,09669888522872429;0,9952124573911951;-0,09670034300725108;5,801276559963117e-10
