;p_from_mw;q_from_mvar;p_to_mw;q_to_mvar;pl_mw;ql_mvar;i_from_ka;i_to_ka;i_ka;vm_from_pu;va_from_degree;vm_to_pu;va_to_degree;loading_percent
0;-3,895979973700556;-1,9072269738095688;3,9005376212446663;1,91260367685436;0,004557647544110477;0,005376703044791098;0,25081365300066777;0,2508136530006678;0,2508136530006678;0,9985133305311684;-0,03726152302936375;1,0;0,0;2,508136530006678e-05
1;-3,8324267736497606;-1,8747099651493355;3,8358792409607587;1,8782264686849681;0,0034524673109981308;0,003516503535632598;0,2469552198357132;0,2469552198357131;0,2469552198357132;0,9974269635020433;-0,05928566085522283;0,9985133305311684;-0,03726152302936375;2,469552198357132e-05
2;-5,5729169466094275;-2,7381069263417412;5,594803579837162;2,7531969998107115;0,021886633227734542;0,015090073468970289;0,3600088925601951;0,3600088925601951;0,3600088925601951;0,9957823633013007;-0,03576410424623432;1,0;0,0;3,600088925601951e-05
3;-5,492632153595742;-2,6944298587268682;5,5139169466303946;2,709106926312995;0,021284793034652694;0,014677067586126746;0,3561972047959047;0,3561972047959048;0,3561972047959048;0,9916370550865703;-0,07123015504710363;0,9957823633013007;-0,03576410424623432;3,561972047959048e-05
4;2,245789573463526;1,1026573527088885;-2,2369299846691564;-1,0936362707741385;0,008859588794369433;0,009021081934750041;0,14444634581463645;0,14444634581463645;0,14444634581463645;1,0;0,0;0,9952335707597766;-0,09648368483683338;1,4444634581463646e-05
5;-5,192483602770978;-2,546364962995926;5,205608835432095;2,555413781552808;0,013125232661116648;0,009048818556881777;0,3376295055298408;0,3376295055298408;0,3376295055298408;0,9889405090738149;-0,09440368406197593;0,9916370550865703;-0,07123015504710363;3,376295055298408e-05
6;-2,2010422593488124;-1,0688846386383775;2,2155294482038337;1,0836359008807512;0,014487188855021316;0,014751262242373775;0,14307622171824394;0,14307622171824397;0,14307622171824397;0,9873706565283442;-0,2577251219088563;0,9952335707597766;-0,09648368483683338;1,4307622171824398e-05
7;-3,8233795421401524;-1,8657017418427175;3,832226773623083;1,8747099651309624;0,008847231482930429;0,00900822328824491;0,2469448206322139;0,24694482063221398;0,24694482063221398;0,994643914967608;-0,11590539769334422;0,9974269635020433;-0,05928566085522283;2,4694482063221397e-05
8;-2,9960321456973205;-1,4826915737884485;2,9975448910604428;1,484476210514913;0,001512745363122292;0,0017846367264644503;0,1931229745827537;0,1931229745827537;0,1931229745827537;0,9993579964772553;-0,015904474215323344;1,0;0,0;1,9312297458275372e-05
9;-3,773482140485612;-1,8347731157069849;3,786178859355813;1,8477012711653256;0,012696718870201185;0,012928155458340695;0,24454597922086954;0,2445459792208695;0,24454597922086954;0,9906124138376834;-0,1985195534807325;0,994643914967608;-0,11590539769334422;2,4454597922086954e-05
10;-2,9629399538824126;-1,4490985678442276;2,995932145697929;1,4826915737876918;0,03299219181551649;0,03359300594346415;0,19311779675425705;0,19311779675425705;0,19311779675425705;0,986074126612975;-0,28470445876662653;0,9993579964772553;-0,015904474215323344;1,9311779675425705e-05
11;2,962839953921794;1,4490985678118666;-2,934442124664773;-1,4201827463968661;0,028397829257020835;0,028915821415000487;0,1931125370823589;0,1931125370823589;0,1931125370823589;0,986074126612975;-0,28470445876662653;0,9746574616708996;-0,5219465897771264;1,931125370823589e-05
12;-3,638268832777125;-1,7643904950280265;3,6474821404862894;1,7737731157063725;0,009213307709164287;0,009382620678346054;0,2363871141092721;0,2363871141092721;0,2363871141092721;0,98758715845311;-0,260987514829475;0,9906124138376834;-0,1985195534807325;2,363871141092721e-05
13;3,8391718113198294;1,8853571763894479;-3,8180424585991273;-1,8707898139898842;0,021129352720702155;0,014567362399563688;0,2469400188939004;0,24694001889390044;0,24694001889390044;1,0;0,0;0,9940648357475504;-0,05069510528991564;2,4694001889390043e-05
14;3,5597222227508296;1,7429162079731981;-3,541148245024992;-1,7301103272487042;0,018573977725837576;0,012805880724493957;0,23116659218423594;0,23116659218423594;0,23116659218423594;0,9899056739337557;-0,08655531259002369;0,9843332368491592;-0,1350171684389211;2,3116659218423593e-05
15;3,692042458617249;1,809789813966073;-3,6777222226926978;-1,7999162080496351;0,014320235924551117;0,009873605916437933;0,2388095719332879;0,2388095719332879;0,2388095719332879;0,9940648357475504;-0,05069510528991564;0,9899056739337557;-0,08655531259002369;2,3880957193328788e-05
16;3,4151482451710264;1,6691103270671155;-3,397979165715044;-1,6572725651699916;0,017169079455982228;0,011837761897123933;0,22295572347003892;0,22295572347003892;0,22295572347003892;0,9843332368491592;-0,1350171684389211;0,9789930974414127;-0,1819462311631761;2,229557234700389e-05
17;2,916450419444203;1,4322891964786777;-2,8753947756204874;-1,4039823493536476;0,04105564382371574;0,028306847125030066;0,18759118130859107;0,18759118130859107;0,18759118130859107;1,0;0,0;0,9848203888654381;-0,13089388571958052;1,8759118130859107e-05
18;2,854294704328561;1,393982288342767;-2,818817272359692;-1,3695212643126193;0,03547743196886932;0,024461024030147716;0,18622239304928134;0,1862223930492814;0,1862223930492814;0,9848203888654381;-0,13089388571958052;0,9716109147289181;-0,24810068772096303;1,862223930492814e-05
19;-2,8786963328402213;-1,4057042720714115;2,8873698813227344;1,4130262558163806;0,008673548482513116;0,007321983744969174;0,19146167650600343;0,19146167650600346;0,19146167650600346;0,9660342004418337;-0,34770154110669743;0,9693536421925029;-0,2982663499818491;1,9146167650600348e-05
20;-3,268449732133759;-1,5999162537396594;3,277747659899636;1,6077657183201721;0,009297927765877123;0,007849464580512722;0,21619365440289062;0,21619365440289065;0,21619365440289065;0,97180996899417;-0,2618607513783892;0,9749620811575527;-0,21537154651387647;2,1619365440289064e-05
21;-2,8247242710726503;-1,3765908523935688;2,8295956527844766;1,3807038026744654;0,004871381711826217;0,004112950280896532;0,18816915217073132;0,1881691521707313;0,18816915217073132;0,9641376358258035;-0,3761485014090967;0,9660342004418337;-0,34770154110669743;1,8816915217073132e-05
22;1,274233728904477;0,6197676392658309;-1,2672548741584142;-0,6149559860540184;0,006978854746062746;0,004811653211812539;0,08180838430052977;0,08180838430052975;0,08180838430052977;1,0;0,0;0,9940860247466184;-0,05184132974849066;8,180838430052976e-06
23;1,8881541187890036;0,9143091231528615;-1,8756070594359753;-0,9056583462528256;0,012547059353028356;0,008650776900035906;0,1211209746352854;0,12112097463528539;0,1211209746352854;1,0;0,0;0,99282051006168;-0,06375536284638725;1,211209746352854e-05
24;1,8535064422153915;0,8956579207099762;-1,8509922701942445;-0,8939244833657105;0,0025141720211470098;0,0017334373442656759;0,11971075922911366;0,11971075922911366;0,11971075922911366;0,99282051006168;-0,06375536284638725;0,9913650259751925;-0,07676900597247467;1,1971075922911366e-05
25;-3,135481660646352;-1,53303455279548;3,1424497323766496;1,5389162535285703;0,006968071730297787;0,005881700733090245;0,20787700195026768;0,20787700195026765;0,20787700195026768;0,9693536421925029;-0,2982663499818491;0,97180996899417;-0,2618607513783892;2,078770019502677e-05
26;-1,8345523189995654;-0,8855528926600358;1,837992270194852;0,8879244833657829;0,003439951195286506;0,0023715907057471064;0,11887704785674073;0,1188770478567407;0,11887704785674073;0,9893597064783732;-0,09474437348020942;0,9913650259751925;-0,07676900597247467;1,1887704785674074e-05
27;-2,6939039274548566;-1,3122677134591494;2,698724271540678;1,3155908514961854;0,004820344085821215;0,0033231380370359886;0,17978626539843467;0,17978626539843467;0,17978626539843467;0,9622786177650622;-0,3928766483996747;0,9641376358258035;-0,3761485014090967;1,7978626539843468e-05
28;-2,6842346016962675;-1,3056703172421844;2,6938039280615165;1,3122677127826805;0,009569326365248987;0,006597395540496098;0,1797808715353701;0,17978087153537012;0,17978087153537012;0,958588184230951;-0,4262807811190285;0,9622786177650622;-0,3928766483996747;1,797808715353701e-05
29;0,8295366580656938;0,40246057466530283;-0,8289215582330027;-0,4019413187907628;0,0006150998326910351;0,0005192558745400477;0,05374575642473091;0,053745756424730895;0,05374575642473091;0,9904478801192277;-0,08397220456981529;0,9896099393074951;-0,09632926581428417;5,3745756424730905e-06
30;0,7879215582333143;0,381941318790607;-0,787281237858599;-0,3814007377675714;0,0006403203747152864;0,0005405810230356134;0,05108435674366003;0,05108435674366004;0,05108435674366004;0,9896099393074951;-0,09632926581428417;0,9886922604729982;-0,10989574993436028;5,1084356743660035e-06
31;1,1412548741583324;0,5539559860540524;-1,1395286268486575;-0,552765852531495;0,0017262473096748554;0,0011901335225573684;0,07367802019161211;0,07367802019161211;0,07367802019161211;0,9940860247466184;-0,05184132974849066;0,9924618893266526;-0,06617616914406885;7,367802019161211e-06
32;0,6053768328619404;0,2932597985536985;-0,6050216955181694;-0,29301495920726317;0,000355137343771017;0,00024483934643532157;0,039270828223085225;0,039270828223085225;0,039270828223085225;0,9889405090738149;-0,09440368406197593;0,9883137011976432;-0,0999879304704774;3,927082822308522e-06
33;3,3398784592833923;1,6292720776573735;-3,329451168876445;-1,6220823334082826;0,010427290406947343;0,0071897442490909125;0,2191521929953228;0,21915219299532274;0,2191521929953228;0,9789930974414127;-0,1819462311631761;0,9756938378071834;-0,2111877386117465;2,1915219299532282e-05
34;2,8392647625322325;1,3849538107825454;-2,838345409770382;-1,3843195936549288;0,0009193527618505115;0,0006342171276165764;0,1869307155890832;0,1869307155890832;0,1869307155890832;0,9756938378071834;-0,2111877386117465;0,9753527555104516;-0,2142170605304756;1,869307155890832e-05
35;2,838245409770163;1,3843195936387853;-2,8381301041289646;-1,3842399279230482;0,00011530564119821562;7,966571573714276e-05;0,1869253952604814;0,18692539526048144;0,18692539526048144;0,9753527555104516;-0,2142170605304756;0,9753099591918528;-0,21459911317596936;1,8692539526048143e-05
36;2,8291301041731414;1,3802399278654902;-2,82627478097958;-1,3782710986659892;0,002855323193561521;0,001968829199501032;0,18634274613949955;0,18634274613949955;0,18634274613949955;0,9753099591918528;-0,21459911317596936;0,9742474077131428;-0,22402879404192727;1,8634274613949956e-05
37;2,4624440080119463;1,1948907381055651;-2,4585697648987574;-1,192219323048533;0,0038742431131888466;0,002671415057032167;0,16000931593758683;0,1600093159375868;0,16000931593758683;0,98758715845311;-0,260987514829475;0,9859087175368533;-0,27591859095362575;1,600093159375868e-05
38;1,1165396049066771;0,543121263032873;-1,1130460913399185;-0,5407126025162569;0,0034935135667586437;0,0024086605166161457;0,07168545635119168;0,07168545635119167;0,07168545635119168;1,0;0,0;0,9966213693385275;-0,029533450032944133;7,168545635119169e-06
39;2,783274488792131;1,3572708966677718;-2,7651810389312965;-1,3447964176682419;0,018093449860834276;0,012474478999529914;0,18350684576710272;0,1835068457671027;0,18350684576710272;0,9742474077131428;-0,22402879404192727;0,9674110888685761;-0,28517982023166044;1,835068457671027e-05
40;1,0215238429003204;0,4957618138018559;-1,0206626844422033;-0,49516807390734024;0,0008611584581170728;0,0005937398945156658;0,06605428032396417;0,06605428032396418;0,06605428032396418;0,9924618893266526;-0,06617616914406885;0,9915581482961175;-0,07416438005971449;6,605428032396418e-06
41;1,020562684440538;0,49516807390447837;-1,020524469151604;-0,49514163730048993;3,821528893399595e-05;2,6436603988433394e-05;0,06604904167133986;0,06604904167133986;0,06604904167133986;0,9915581482961175;-0,07416438005971449;0,9915180066198366;-0,07452316548524211;6,604904167133987e-06
42;1,1129460913399567;0,5407126025163289;-1,112585553837078;-0,5404639719083153;0,0003605375028787883;0,00024863060801361136;0,07168024564334066;0,07168024564334065;0,07168024564334066;0,9966213693385275;-0,029533450032944133;0,9962726575536136;-0,03259444766106532;7,168024564334067e-06
43;1,1124855538372644;0,5404639719081571;-1,1108919601620457;-0,5391185103235674;0,0015935936752187185;0,0013454615845897022;0,07167503306581599;0,07167503306581598;0,07167503306581599;0,9962726575536136;-0,03259444766106532;0,9946445396886651;-0,05643702558872113;7,167503306581599e-06
44;1,1107919601623608;0,5391185103238606;-1,1101572352198188;-0,5385827155617295;0,0006347249425420198;0,0005357947621310588;0,07166981099047916;0,07166981099047914;0,07166981099047916;0,9946445396886651;-0,05643702558872113;0,9939960938769619;-0,06595042964423994;7,166981099047916e-06
45;2,7420809760626006;1,3337963732277525;-2,7306427968217744;-1,325909960753708;0,01143817924082624;0,007886412474044535;0,18197996167209038;0,18197996167209038;0,18197996167209038;0,9674110888685761;-0,28517982023166044;0,9630535774806341;-0,3246039960676884;1,8197996167209037e-05
46;2,4085697648991307;1,1682193230484785;-2,404851202129806;-1,1656552545885832;0,003718562769324585;0,002564068459895319;0,15676149336841888;0,15676149336841885;0,15676149336841888;0,9859087175368533;-0,27591859095362575;0,9842643893798512;-0,2905880617998537;1,5676149336841887e-05
47;0,988524469144876;0,4801416372972698;-0,9875366580655893;-0,4794605746653127;0,0009878110792866934;0,0006810626319570523;0,06399135230274519;0,06399135230274519;0,06399135230274519;0,9915180066198366;-0,07452316548524211;0,9904478801192277;-0,08397220456981529;6,3991352302745195e-06
48;1,4015615284424143;0,6819049892266094;-1,3960563350516142;-0,6781093428942382;0,005505193390800134;0,003795646332371172;0,08998831650723664;0,08998831650723664;0,08998831650723664;1,0;0,0;0,9957587216625474;-0,037086422267292946;8,998831650723664e-06
49;1,004157235219578;0,487582715561729;-1,0033615649254615;-0,4869108918722761;0,000795670294116535;0,0006718236894528995;0,064837413417473;0,064837413417473;0,064837413417473;0,9939960938769619;-0,06595042964423994;0,9930974666602299;-0,07914340924797833;6,4837413417473e-06
50;2,7305427973023244;1,3259099602331677;-2,7247331466666207;-1,3219044008345433;0,005809650635703711;0,004005559398624348;0,18197456884290655;0,1819745688429066;0,1819745688429066;0,9630535774806341;-0,3246039960676884;0,9608404388741308;-0,34476237366747253;1,819745688429066e-05
51;1,3959563350511321;0,6781093428937515;-1,395388171473753;-0,6777175310723268;0,0005681635773790994;0,0003918118214246702;0,08998310114644727;0,08998310114644727;0,08998310114644727;0,9957587216625474;-0,037086422267292946;0,9953209740642379;-0,04093416034118587;8,998310114644728e-06
52;-2,62801227717914;-1,2779657785911205;2,629032620607632;1,2786689505436635;0,0010203434284918877;0,0007031719525429914;0,17607968180609046;0,1760796818060905;0,1760796818060905;0,9581864784771188;-0,42992902735487787;0,958588184230951;-0,4262807811190285;1,7607968180609048e-05
53;1,8224927853727249;0,8825971871745624;-1,8200742695129248;-0,8797444348423441;0,002418515859800019;0,002852752332218267;0,11995090563239733;0,11995090563239733;0,11995090563239733;0,9746574616708996;-0,5219465897771264;0,9730115650350297;-0,5648399806181246;1,1995090563239733e-05
54;-2,6634137788319525;-1,287447870333478;2,688733147833798;1,3049043997526715;0,025319369001845615;0,01745652941919351;0,17958247405496638;0,1795824740549664;0,1795824740549664;0,9510680308305139;-0,43481972012956016;0,9608404388741308;-0,34476237366747253;1,795824740549664e-05
55;0,4592687612807126;0,2223902042631445;-0,4591255845333252;-0,22226934976958232;0,00014317674738739683;0,00012085449356216693;0,029797949816304785;0,02979794981630478;0,029797949816304785;0,9886922604729982;-0,10989574993436028;0,9883405318606877;-0,11510459517298192;2,9797949816304785e-06
56;0,45902558453315273;0,22226934976980928;-0,4589548069503777;-0,22220959623491565;7,077758277501678e-05;5,9753534893625115e-05;0,02979269204536779;0,029792692045367785;0,02979269204536779;0,9883405318606877;-0,11510459517298192;0,9881666188731165;-0,1176815628306464;2,979269204536779e-06
57;0,429854744931077;0,2082095438789397;-0,4296595765318874;-0,2080447697923364;0,0001951683991895936;0,00016477408660328652;0,027905954845074694;0,027905954845074694;0,027905954845074694;0,9881666188731165;-0,1176815628306464;0,9876546178819522;-0,12526871139646106;2,7905954845074694e-06
58;-0,202000000000456;-0,09799999999479003;0,20202169551702603;0,09801495921606529;2,1695516570024997e-05;1,4959221275256951e-05;0,01311730676531862;0,013117306765318618;0,01311730676531862;0,9881990470149113;-0,10100579005627647;0,9883137011976432;-0,0999879304704774;1,311730676531862e-06
59;0,8881356157665883;0,43113132413801913;-0,8875947499053577;-0,4304933823523421;0,0005408658612305883;0,0006379417856770542;0,05772786889162891;0,057727868891628904;0,05772786889162891;0,9873706565283442;-0,2577251219088563;0,9866054634554654;-0,2773390767956298;5,7727868891628914e-06
60;4,269106769978046;2,0991051643553136;-4,253544763762594;-2,0883749007388017;0,01556200621545134;0,01073026361651186;0,2777320632576357;0,2777320632576357;0,2777320632576357;0,9889405090738149;-0,09440368406197593;0,9850533553186608;-0,12780723081025555;2,7773206325763573e-05
61;-0,0012000000369110516;-2,6090612556848658e-11;0,0012000036641147788;3,088294953376361e-09;3,6272037272615937e-09;3,062204340819512e-09;7,284678025634998e-05;7,284678025634997e-05;7,284678025634998e-05;0,9510651560715537;-0,4349659291666352;0,9510680308305139;-0,43481972012956016;7,284678025634998e-09
62;-2,2259255420147706;-1,0815294834828206;2,2280239194386287;1,0829761279765135;0,0020983774238581;0,0014466444936929168;0,15004120679423794;0,15004120679423788;0,15004120679423794;0,952275015416589;-0,48391668006565414;0,9532445563370995;-0,4750320067366023;1,5004120679423793e-05
63;3,3677632708106175;1,6532225250022536;-3,3598476598423375;-1,6477657181854832;0,007915610968280085;0,00545680681677041;0,22160174359493426;0,22160174359493423;0,22160174359493426;0,9774397634091744;-0,1937785763427953;0,9749620811575527;-0,21537154651387647;2,2160174359493425e-05
64;1,0393680321440029;0,505701313106726;-1,0379735688183018;-0,5045239760822219;0,0013944633257010342;0,001177337024504066;0,0670475096838621;0,0670475096838621;0,0670475096838621;0,9953209740642379;-0,04093416034118587;0,9937977377310367;-0,06320453287152052;6,7047509683862095e-06
65;-2,1654793727659056;-1,052153787649661;2,1689255424075733;1,054529483229921;0,0034461696416676624;0,002375695580260073;0,14621747453143835;0,1462174745314384;0,1462174745314384;0,9506411066970587;-0,49890223294627256;0,952275015416589;-0,48391668006565414;1,462174745314384e-05
66;0,5798138432016344;0,2814921517519574;-0,5794556065411046;-0,2812451742707596;0,0003582366605298093;0,0002469774811977854;0,03768806695841737;0,03768806695841737;0,03768806695841737;0,9873706565283442;-0,2577251219088563;0,9867117375366791;-0,2635714162098382;3,768806695841737e-06
67;0,8013615649254457;0,38891089187245936;-0,8009855416797926;-0,3885934362183413;0,00037602324565311207;0,00031745565411805954;0,05178480741573041;0,05178480741573042;0,05178480741573042;0,9930974666602299;-0,07914340924797833;0,9925657852462346;-0,08695790582524582;5,178480741573042e-06
68;0,8008855416797914;0,38859343621799963;-0,800568391487109;-0,38832567233480425;0,00031715019268241385;0,00026776388319538214;0,05177957409573685;0,05177957409573685;0,05177957409573685;0,9925657852462346;-0,08695790582524582;0,9921173057579379;-0,09355547988337803;5,1779574095736855e-06
69;4,041544721490433;1,9853748713867427;-4,03146251134458;-1,9784249375121106;0,010082210145852422;0,006949933874632164;0,26391774174925936;0,2639177417492593;0,26391774174925936;0,9850533553186608;-0,12780723081025555;0,9824034441197105;-0,15067737687554805;2,6391774174925937e-05
70;0,782468376421327;0,3793256619701434;-0,7824504003521908;-0,3793105282709132;1,79760691362274e-05;1,5133699230174269e-05;0,05060329642572724;0,05060329642572724;0,05060329642572724;0,9921173057579379;-0,09355547988337803;0,9920913184541357;-0,093936089605315;5,060329642572724e-06
71;-0,5200515264080728;-0,2520355222286066;0,5205883752114726;0,2524056846778472;0,0005368488033997698;0,0003701624492405964;0,03382247190533551;0,033822471905335515;0,033822471905335515;0,9864869143874214;-0,2707893898605348;0,98758715845311;-0,260987514829475;3,3822471905335514e-06
72;0,9229735688180111;0,44852397608205047;-0,9223351048214129;-0,44798499219714677;0,0006384639965981709;0,0005389838849036988;0,05961652844850133;0,05961652844850133;0,05961652844850133;0,9937977377310367;-0,06320453287152052;0,9930134880262634;-0,0746994572868146;5,961652844850133e-06
73;-1,5486811411888293;-0,7506410207124194;1,5512532781986679;0,7524143074576081;0,0025721370098386043;0,001773286745188618;0,10568635961487437;0,10568635961487435;0,10568635961487437;0,9401644229923064;-0,5958681031619052;0,9418514048407243;-0,5801208975062027;1,0568635961487436e-05
74;0,00010000002644523206;1,821606990844479e-11;-9,999999999326954e-05;2,1671691353528736e-14;2,645196252792567e-11;1,8237741599798318e-11;5,7883979779745666e-06;5,788397977974566e-06;5,7883979779745666e-06;0,9974269635020433;-0,05928566085522283;0,9974266996630899;-0,05929611030867791;5,788397977974566e-10
75;0,0;0,0;0,0;0,0;0,0;0,0;;;;;;;;
76;1,6882704235243176;0,8167416546823437;-1,686369381216854;-0,8154309497261718;0,001901042307463463;0,0013107049561719153;0,1112826746402809;0,1112826746402809;0,1112826746402809;0,9730115650350297;-0,5648399806181246;0,9718275937680493;-0,5756068851066646;1,112826746402809e-05
77;0,5184128423674957;0,2514369158693693;-0,5182481163973895;-0,2512425869713019;0,00016472597010619427;0,00019432889806736409;0,03371683838261373;0,03371683838261374;0,03371683838261374;0,9866054634554654;-0,2773390767956298;0,9862064725484069;-0,2875821370910394;3,371683838261374e-06
78;3,90546251145064;1,9174249373860477;-3,8987233688110945;-1,912778537818794;0,006739142639545559;0,004646399567253656;0,25569081025646634;0,25569081025646634;0,25569081025646634;0,9824034441197105;-0,15067737687554805;0,9805751544611637;-0,1665207763486576;2,5569081025646633e-05
79;-0,8040744924761563;-0,39076493577269905;0,8043351048213395;0,3909849921973746;0,00026061234518326426;0,00022005642467554098;0,051997384875159494;0,05199738487515949;0,051997384875159494;0,9926464207576714;-0,08008152741631602;0,9930134880262634;-0,0746994572868146;5,199738487515949e-06
80;-0,9311470914432526;-0,4507908383227039;0,9315674133561332;0,4510806735591313;0,00042032191288066123;0,00028983523642739373;0,06071296654416407;0,06071296654416406;0,06071296654416407;0,9837845241183422;-0,29489028958702346;0,9842643893798512;-0,2905880617998537;6,071296654416406e-06
81;0,436248116397126;0,21124258697087245;-0,43615695405152544;-0,21114975790512167;9,116234560058167e-05;9,282906575078242e-05;0,02837567296944547;0,028375672969445476;0,028375672969445476;0,9862064725484069;-0,2875821370910394;0,9859572178571686;-0,29276321295399776;2,8375672969445477e-06
82;0,580450400356873;0,2813105282714345;-0,5803345333183076;-0,28123063454546277;0,00011586703856536484;7,989372597172473e-05;0,03753745360013436;0,037537453600134364;0,037537453600134364;0,9920913184541357;-0,093936089605315;0,9918773577020358;-0,09583411824565018;3,753745360013437e-06
83;0,9996195842961534;0,48332392668196705;-0,9991418658170294;-0,4829206259744839;0,0004777184791240341;0,0004033007074831785;0,06740333450129936;0,06740333450129937;0,06740333450129937;0,9510680308305139;-0,43481972012956016;0,9505492736394235;-0,4428295448004282;6,740333450129937e-06
84;0,3991569540517985;0,19314975790515682;-0,39908061576888293;-0,19307202393026426;7,633828291558897e-05;7,773397489255207e-05;0,02596627296862362;0,025966272968623624;0,025966272968623624;0,9859572178571686;-0,29276321295399776;0,9857291491860422;-0,29750901752415615;2,5966272968623623e-06
85;-1,3749468605791173;-0,6658248640929931;1,3775633174652089;0,6676287320282419;0,0026164568860915782;0,0018038679352487819;0,09400686928049969;0,09400686928049969;0,09400686928049969;0,9382352626814576;-0,6139520787009022;0,9401644229923064;-0,5958681031619052;9,40068692804997e-06
86;-0,7235750003327077;-0,3513432447097788;0,7240744924764332;0,3517649357730531;0,0004994921437254662;0,00042169106327433203;0,04682090613576466;0,04682090613576465;0,04682090613576466;0,9918652095360045;-0,09155213623991357;0,9926464207576714;-0,08008152741631602;4,682090613576466e-06
87;0,7104624538735043;0,34331880896152733;-0,71023598992333;-0,3431626933873646;0,00022646395017422716;0,0001561155741627296;0,04790060104304681;0,047900601043046796;0,04790060104304681;0,9510680308305139;-0,43481972012956016;0,9507403933120173;-0,4378727066041199;4,790060104304681e-06
88;0,0001000000058341219;5,044135427578065e-12;-9,999999999540278e-05;-1,1541486894909526e-13;5,838719115938869e-12;4,9287205586289696e-12;5,921771872270854e-06;5,921771872270855e-06;5,921771872270855e-06;0,9749620811575527;-0,21537154651387647;0,9749620242322573;-0,21537437046257193;5,921771872270855e-10
89;1,7137567663384112;0,8319993066392617;-1,6897478810905722;-0,8154461205325089;0,024008885247839062;0,016553186106752826;0,11450426558604149;0,1145042655860415;0,1145042655860415;0,9605550656187689;-0,3479066626045744;0,9460223426181467;-0,4824429777130501;1,145042655860415e-05
90;0,8751317383493512;0,42380513109427453;-0,8747958974112758;-0,4235215529850313;0,0003358409380753713;0,0002835781092432321;0,05902701575388934;0,05902701575388936;0,05902701575388936;0,9510680308305139;-0,43481972012956016;0,9506514964954669;-0,44123631616947284;5,902701575388936e-06
91;1,0901454367040802;0,5272723639480708;-1,0887491655542996;-0,5263096559643272;0,0013962711497805813;0,0009627079837435382;0,07066694207086796;0,07066694207086795;0,07066694207086796;0,9893597064783732;-0,09474437348020942;0,9879903173754652;-0,10700152993545295;7,066694207086796e-06
92;1,085263117773922;0,5265603286100613;-1,0845439801016465;-0,5260645321488707;0,0007191376722754939;0,0004957964611905785;0,07075682251808596;0,07075682251808596;0,07075682251808596;0,9842643893798512;-0,2905880617998537;0,9835598675710046;-0,2968692404379292;7,075682251808596e-06
93;0,32108061576839564;0,15507202393070554;-0,3210423950462915;-0,15503975679591986;3,8220722104131966e-05;3,22671347856851e-05;0,020884449792013024;0,020884449792013017;0,020884449792013024;0,9857291491860422;-0,29750901752415615;0,985595209940903;-0,2995071981295133;2,0884449792013024e-06
94;3,696723368961194;1,814778537653875;-3,6857632706014423;-1,8072225252024465;0,010960098359751758;0,007556012451428451;0,24247165346577096;0,24247165346577104;0,24247165346577104;0,9805751544611637;-0,1665207763486576;0,9774397634091744;-0,1937785763427953;2,42471653465771e-05
95;-0,20200000000007254;-0,0979999999998663;0,2020515264080984;0,09803552222885534;5,152640802585928e-05;3,5522228989032234e-05;0,013143693627593095;0,013143693627593099;0,013143693627593099;0,9862151699721138;-0,27320511106397544;0,9864869143874214;-0,2707893898605348;1,3143693627593099e-06
96;0,4543345333192915;0,2202306345455665;-0,4541545788682439;-0,22010657091538416;0,00017995445104762586;0,00012406363018233058;0,029388982085931607;0,029388982085931607;0,029388982085931607;0,9918773577020358;-0,09583411824565018;0,9914529305920596;-0,09959704319591049;2,9388982085931604e-06
97;1,4393693812393376;0,6964309497217386;-1,4339271219895122;-0,692678787696042;0,005442259249825332;0,003752162025696615;0,09499451929326815;0,09499451929326815;0,09499451929326815;0,9718275937680493;-0,5756068851066646;0,9678571061641769;-0,61184692466535;9,499451929326815e-06
98;1,4338271220166605;0,6926787876700695;-1,4327386849778876;-0,6919284401268018;0,001088437038772927;0,0007503475432677487;0,09498914796295649;0,09498914796295652;0,09498914796295652;0,9678571061641769;-0,61184692466535;0,9670630376133483;-0,6191272488588848;9,498914796295651e-06
99;-0,25315249975709886;-0,12310514150901297;0,2532889579073618;0,12319921898993524;0,0001364581502629192;9,40774809222722e-05;0,016972587160804336;0,016972587160804336;0,016972587160804336;0,9575610541979078;-0,4356294102180179;0,9581184532744895;-0,4305584929327432;1,6972587160804334e-06
100;-0,46354614830667573;-0,22430759203707085;0,4636584568526985;0,2243850153868782;0,00011230854602278795;7,742334980734289e-05;0,03051256646774542;0,030512566467745424;0,030512566467745424;0,9744023609517006;-0,5242572781578855;0,9746574616708996;-0,5219465897771264;3,051256646774542e-06
101;-0,24805221792953724;-0,12003600192062323;0,24815249976409468;0,12010514151246021;0,00010028183455743078;6,913959183697804e-05;0,016622399571476154;0,016622399571476154;0,016622399571476154;0,9571429163512654;-0,4394853422125817;0,9575610541979078;-0,4356294102180179;1,6622399571476155e-06
102;-2,349130438362486;-1,1409806230346358;2,3604055129188173;1,1487542848093615;0,011275074556331255;0,007773661774725715;0,15817403915893669;0,15817403915893669;0,15817403915893669;0,9532445563370995;-0,4750320067366023;0,9581864784771188;-0,42992902735487787;1,581740391589367e-05
103;2,088962037554419;1,0174812733839889;-2,0880212384044805;-1,016832722480627;0,0009407991499386092;0,0006485509033617998;0,13807176598448348;0,13807176598448348;0,13807176598448348;0,9716109147289181;-0,24810068772096303;0,9711384889212962;-0,25232166266230965;1,3807176598448349e-05
104;-0,7286713241450183;-0,35246285852962594;0,7291470914421768;0,35279083832210995;0,0004757672971584803;0,0003279797924840011;0,04753680445609172;0,04753680445609173;0,04753680445609173;0,9830908865370265;-0,30112092324529993;0,9837845241183422;-0,29489028958702346;4,7536804456091726e-06
105;0,37315457886842907;0,18110657091551224;-0,3730330253868974;-0,18102276989757507;0,00012155348153164436;8,380101793717398e-05;0,024153882473607547;0,024153882473607544;0,024153882473607547;0,9914529305920596;-0,09959704319591049;0,9911040806898369;-0,10268085297409907;2,4153882473607547e-06
106;-0,39941721303796407;-0,19321870264686253;0,39954614830728613;0,19330759204077555;0,00012893526932206134;8,888939391302197e-05;0,026299022949539366;0,026299022949539366;0,026299022949539366;0,9740625736218718;-0,5273386501035213;0,9744023609517006;-0,5242572781578855;2,6299022949539366e-06
107;0,2675067649713131;0,1292114930307911;-0,2674891931089453;-0,12919938113441062;1,7571862367782298e-05;1,2111896380478937e-05;0,017900294387686904;0,01790029438768691;0,01790029438768691;0,9581864784771188;-0,42992902735487787;0,9581184532744895;-0,4305584929327432;1,790029438768691e-06
108;0,19904239504607438;0,09603975679523147;-0,19901037196151716;-0,09600715046718099;3,2023084557214476e-05;3,260632805048014e-05;0,012945991849321917;0,012945991849321917;0,012945991849321917;0,985595209940903;-0,2995071981295133;0,985403397412342;-0,3035135755440687;1,2945991849321918e-06
109;0,20104425941476814;0,09703051423649209;-0,20101898760318065;-0,09701308927743482;2,5271811587485038e-05;1,7424959057266154e-05;0,013688139068286738;0,013688139068286738;0,013688139068286738;0,9415786350126425;-0,5245113870935623;0,9414506916240075;-0,5257199860720378;1,3688139068286737e-06
110;0,5777955716655159;0,2811941283143096;-0,5768357682160823;-0,2805323760044402;0,0009598034494335828;0,0006617523098694233;0,03757430795219163;0,03757430795219163;0,03757430795219163;0,9873706565283442;-0,2577251219088563;0,9855996458012553;-0,27335881824232006;3,757430795219163e-06
111;0,0;0,0;0,0;0,0;0,0;0,0;;;;;;;;
112;2,0200212385314793;0,98383272236235;-2,0147384203968697;-0,9801905808497463;0,005282818134609624;0,0036421415126036694;0,13357821267573616;0,13357821267573616;0,13357821267573616;0,9711384889212962;-0,25232166266230965;0,968396478154189;-0,2769031450347421;1,3357821267573615e-05
113;2,0146384207559116;0,9801905804345973;-2,006225877638158;-0,9743905984263271;0,008412543117753746;0,005799982008270144;0,13357285159141735;0,13357285159141735;0,13357285159141735;0,968396478154189;-0,2769031450347421;0,9640301667055015;-0,31633522753641324;1,3357285159141735e-05
114;0,2431927315096217;0,11806393238007946;-0,24311878264728987;-0,11801294970105362;7,394886233183517e-05;5,098267902584053e-05;0,015804055517822758;0,015804055517822758;0,015804055517822758;0,98758715845311;-0,260987514829475;0,9872627958135557;-0,2638640941046165;1,5804055517822759e-06
115;0,5384282983193381;0,2599524710599734;-0,5383066298362734;-0,2598497363588982;0,00012166848306471856;0,00010273470107519111;0,03552818786028774;0,03552818786028774;0,03552818786028774;0,9716109147289181;-0,24810068772096303;0,9713602793758226;-0,25189818207307796;3,552818786028774e-06
116;0,538206629840546;0,25984973635509456;-0,5380352171721225;-0,2597050501318803;0,00017141266842346514;0,00014468622321428537;0,03552283523179656;0,03552283523179656;0,03552283523179656;0,9713602793758226;-0,25189818207307796;0,9710071555871015;-0,25724644546340375;3,552283523179656e-06
117;0,5379352171776035;0,25970505012680706;-0,5376809761951192;-0,2594903947453466;0,0002542409824842773;0,00021465538146048235;0,03551748060353645;0,03551748060353645;0,03551748060353645;0,9710071555871015;-0,25724644546340375;0,9704832866084372;-0,26518993984924116;3,5517480603536444e-06
118;-0,1260005695692915;-0,06100039239096172;0,12605221788955648;0,06103600217675315;5,1648320264968683e-05;3,560978579143087e-05;0,008447959342846183;0,008447959342846183;0,008447959342846183;0,9567191669715693;-0,4433904743719491;0,9571429163512654;-0,4394853422125817;8,447959342846183e-07
119;-0,33535304101147906;-0,1621744581899296;0,33541721303694355;0,16221870265071492;6,417202546449285e-05;4,42444607853254e-05;0,02208400986917036;0,02208400986917036;0,02208400986917036;0,9738611815888342;-0,5291676325595436;0,9740625736218718;-0,5273386501035213;2,208400986917036e-06
120;0,9234949652599718;0,44682389409284806;-0,9230219559658648;-0,44649775063952374;0,0004730092941069852;0,0003261434533243235;0,06124836709741162;0,06124836709741161;0,06124836709741162;0,9670630376133483;-0,6191272488588848;0,9665277766537917;-0,6240206732552237;6,124836709741163e-06
121;-0,3282965878335334;-0,15913554045587033;0,328353041012104;0,15917445819051293;5,6453178570614604e-05;3,891773464259618e-05;0,021632989323333518;0,021632989323333518;0,021632989323333518;0,973680300025741;-0,5308000108514831;0,9738611815888342;-0,5291676325595436;2,163298932333352e-06
122;0,5515717081235353;0,26734097491791553;-0,551201809011883;-0,26708594846038775;0,0003698991116523054;0,00025502645752778497;0,035678680491690797;0,035678680491690797;0,035678680491690797;0,9918652095360045;-0,09155213623991357;0,9911465871200752;-0,09792775131306752;3,5678680491690794e-06
123;-0,32808631917446174;-0,15905951149173306;0,32819658783377736;0,15913554045535894;0,00011026865931562657;7,60289636258793e-05;0,021627653723823366;0,021627653723823366;0,021627653723823366;0,9733268831542385;-0,5339902250260447;0,973680300025741;-0,5308000108514831;2,1627653723823363e-06
124;1,976225877935402;0,9603905981120469;-1,975086655978373;-0,9596051427545332;0,0011392219570289797;0,0007854553575136203;0,13159040701568453;0,1315904070156845;0,13159040701568453;0,9640301667055015;-0,31633522753641324;0,9634299850656146;-0,32177573659270214;1,3159040701568454e-05
125;-0,1259999999999557;-0,060999999999875744;0,12601845101279313;0,06101272102191593;1,8451012837428227e-05;1,2721022040189378e-05;0,008187854381253822;0,008187854381253822;0,008187854381253822;0,9871066068184293;-0,26525946423156144;0,9872627958135557;-0,2638640941046165;8,187854381253821e-07
126;0,12401898753501833;0,0600130897171822;-0,12400051346113757;-0,06000035318607057;1,847407388076705e-05;1,2736531111633143e-05;0,008449207654009491;0,008449207654009491;0,008449207654009491;0,9414506916240075;-0,5257199860720378;0,9412991507184464;-0,5271415271911101;8,449207654009491e-07
127;0,8235024476285608;0,3979669245451742;-0,8226825126583464;-0,3974016068639321;0,0008199349702144865;0,0005653176812420724;0,05581870619238138;0,05581870619238138;0,05581870619238138;0,9460223426181467;-0,4824429777130501;0,9450043388248365;-0,4919896140513712;5,5818706192381375e-06
128;0,19132693699551012;0,0920875192710649;-0,19128504253516396;-0,09205863444477971;4,189446034616462e-05;2,888482628518596e-05;0,01261735613090277;0,012617356130902768;0,01261735613090277;0,9716109147289181;-0,24810068772096303;0,9713808577474405;-0,25022151804570486;1,2617356130902768e-06
129;0,1911850425364289;0,09205863444355895;-0,19112923066441634;-0,09202015402838204;5,5811872012562214e-05;3,848041517691414e-05;0,012612000742756561;0,012612000742756561;0,012612000742756561;0,9713808577474405;-0,25022151804570486;0,9710742375787723;-0,2530459564797958;1,2612000742756562e-06
130;0,2781090699246214;0,13407519658322867;-0,27804425947779987;-0,13403051380460426;6,481044682155046e-05;4,4682778624405284e-05;0,01892636521309587;0,01892636521309587;0,01892636521309587;0,9418159163762381;-0,5222644437109923;0,9415786350126425;-0,5245113870935623;1,892636521309587e-06
131;0,5027356689042256;0,2445322921611616;-0,5026228994616748;-0,24443708965602384;0,00011276944255078636;9,520250513775363e-05;0,03274847479699056;0,03274847479699056;0,03274847479699056;0,9855996458012553;-0,27335881824232006;0,9853474501845874;-0,2770786568485304;3,2748474796990562e-06
132;0,5025228994614449;0,2444370896555025;-0,5022504422375617;-0,24420708828518145;0,000272457223883249;0,00023000137032105905;0,03274320561885397;0,03274320561885397;0,03274320561885397;0,9853474501845874;-0,2770786568485304;0,9847380487398003;-0,2860713150728619;3,2743205618853973e-06
133;-0,6022306579856683;-0,29115903398242354;0,6026713241451117;0,291462858530111;0,0004406661594433814;0,00030382454768745903;0,039315504983001015;0,03931550498300102;0,03931550498300102;0,9823140734890057;-0,3081155891283602;0,9830908865370265;-0,30112092324529993;3,931550498300102e-06
134;0,8575393134344859;0,4160613142071088;-0,8565267705427236;-0,4153631836323213;0,0010125428917622248;0,0006981305747875144;0,055949527534803326;0,055949527534803326;0,055949527534803326;0,9835598675710046;-0,2968692404379292;0,9823053629461941;-0,30807138927959243;5,594952753480333e-06
135;-0,0002000000072106946;-5,117679602730467e-12;0,00020000003792296084;2,6291233373855705e-11;3,071226625339478e-11;2,1173553771125237e-11;1,2141131971411468e-05;1,2141131971411468e-05;1,2141131971411468e-05;0,9510650100247421;-0,4349719949416019;0,9510651560715537;-0,4349659291666352;1,2141131971411468e-09
136;0,460680976192789;0,22249039477933366;-0,46038874525029183;-0,22224368250209037;0,00029223094249719583;0,0002467122772432939;0,030435271712659407;0,030435271712659407;0,030435271712659407;0,9704832866084372;-0,26518993984924116;0,9697805822728326;-0,27584492668618416;3,0435271712659406e-06
137;0,6134226080957887;0,2971876848368993;-0,6132935400444646;-0,2970987124401081;0,0001290680513241771;8,897239679117597e-05;0,039353433401324966;0,03935343340132497;0,03935343340132497;1,0;0,0;0,9997726803673762;-0,0020007473367535215;3,9353433401324975e-06
138;0,613193540044534;0,2970987124405757;-0,6127096859037239;-0,2967651192333856;0,0004838541408100916;0,0003335932071900638;0,03934823637107398;0,03934823637107398;0,03934823637107398;0,9997726803673762;-0,0020007473367535215;0,9989203551908377;-0,00951102974113792;3,934823637107398e-06
139;-0,04400000001605615;-0,020999999903771133;0,04400056953874913;0,021000392570579972;5,695226929849917e-07;3,926668088391483e-07;0,0029422229147188558;0,0029422229147188553;0,0029422229147188558;0,956705762220824;-0,443518643574841;0,9567191669715693;-0,4433904743719491;2,942222914718856e-07
140;-0,6814469920039071;-0,3302392287513445;0,6817164492070363;0,3304250104618467;0,0002694572031292086;0,0001857817105022086;0,04525326906329865;0,04525326906329865;0,04525326906329865;0,9661150421621997;-0,6277774891178918;0,9665277766537917;-0,6240206732552237;4,525326906329865e-06
141;0,11521584972380022;0,05601092776790922;-0,11521431193998628;-0,056009867807512305;1,5377838139402078e-06;1,0599603969124738e-06;0,007488829059577495;0,007488829059577495;0,007488829059577495;0,9876546178819522;-0,12526871139646106;0,9876403827287783;-0,1253943635773032;7,488829059577495e-07
142;0,11511431194003115;0,05600986780676668;-0,11510571478888681;-0,05600394035919246;8,597151144332238e-06;5,927447574216593e-06;0,00748357206501771;0,00748357206501771;0,00748357206501771;0,9876403827287783;-0,1253943635773032;0,9875607341006677;-0,12609647084262401;7,48357206501771e-07
143;1,8920866561705465;0,9196051426278266;-1,8875556046450268;-0,9164811344624887;0,0045310515255196915;0,003124008165337866;0,1260690581965416;0,1260690581965416;0,1260690581965416;0,9634299850656146;-0,32177573659270214;0,9609383634522703;-0,34441404735607906;1,2606905819654159e-05
144;1,8874556048574818;0,9164811342289241;-1,886758579776145;-0,9160005587966484;0,0006970250813367329;0,0004805754322756428;0,12606365343793172;0,12606365343793172;0,12606365343793172;0,9609383634522703;-0,34441404735607906;0,9605550656187689;-0,3479066626045744;1,2606365343793173e-05
145;-0,4263280605993545;-0,20522618262245151;0,42782045594018314;0,20625513919123079;0,0014923953408286228;0,0010289565687792712;0,028985454658023452;0,02898545465802346;0,02898545465802346;0,9424547430000401;-0,5161988303603301;0,9460223426181467;-0,4824429777130501;2,898545465802346e-06
146;0,3493280607097587;0,16822618287907495;-0,3491090699584858;-0,16807519621147268;0,00021899075127290724;0,00015098666760227086;0,023752093979217508;0,023752093979217508;0,023752093979217508;0,9424547430000401;-0,5161988303603301;0,9418159163762381;-0,5222644437109923;2,375209397921751e-06
147;-1,6012532763127363;-0,7764143090490602;1,6150842701070964;0,7859503157143921;0,013830993794360147;0,009536006665331942;0,10908610685078772;0,1090861068507877;0,10908610685078772;0,9418514048407243;-0,5801208975062027;0,9506411066970587;-0,49890223294627256;1,0908610685078772e-05
148;0,5003951042691646;0,24220347052133542;-0,5003226035416884;-0,24215347237814203;7,250072747611025e-05;4,9998143193397127e-05;0,03376312404416667;0,03376312404416667;0,03376312404416667;0,9506411066970587;-0,49890223294627256;0,9504922664614904;-0,5002852439498094;3,376312404416667e-06
149;0,11412923065767236;0,05502015407140347;-0,11410838735626766;-0,05500578302023894;2,0843301404699366e-05;1,437105116453008e-05;0,007532878567591637;0,007532878567591637;0,007532878567591637;0,9710742375787723;-0,2530459564797958;0,9708825041443506;-0,2548072031573355;7,532878567591637e-07
150;0,19417433434596507;0,09405124981787859;-0,19413239407043512;-0,0940223334035597;4,194027552995028e-05;2,8916414318888584e-05;0,01262425332602525;0,012624253326025249;0,01262425332602525;0,9867117375366791;-0,2635714162098382;0,9864814663374842;-0,2656277929217378;1,262425332602525e-06
151;0,11400838735658983;0,05500578301977602;-0,11400000001181042;-0,054999999933651254;8,387344779411943e-06;5,78308612476236e-06;0,007527522252867838;0,007527522252867837;0,007527522252867838;0,9708825041443506;-0,2548072031573355;0,9708052912648946;-0,2555151377781552;7,527522252867837e-07
152;-0,3571304768667753;-0,1720899563790698;0,3572561591017639;0,1721766099578595;0,00012568223498859998;8,66535787897027e-05;0,023142880581832392;0,023142880581832392;0,023142880581832392;0,988983403610542;-0,09814019821488239;0,9893597064783732;-0,09474437348020942;2,314288058183239e-06
153;0,0;0,0;0,0;0,0;0,0;0,0;;;;;;;;
154;0,3332812721946346;0,16219392445282602;-0,33309560158648266;-0,16206591079139154;0,00018567060815194436;0,0001280136614344729;0,02168782556544923;0,021687825565449233;0,021687825565449233;0,9867117375366791;-0,2635714162098382;0,986118180432547;-0,268808514840558;2,1687825565449235e-06
155;0,0;0,0;0,0;0,0;0,0;0,0;;;;;;;;
156;-0,21202410664890117;-0,10301662007179904;0,21208631917321236;0,10305951149893733;6,221252431118374e-05;4,289142713828631e-05;0,013987025019746132;0,013987025019746132;0,013987025019746132;0,9730185321885814;-0,5367579956902774;0,9733268831542385;-0,5339902250260447;1,3987025019746132e-06
157;0,07000557380898653;0,03400384311574884;-0,07000477947438467;-0,03400329534161372;7,943346018585151e-07;5,477741351206378e-07;0,004549941794963148;0,0045499417949631474;0,004549941794963148;0,9875607341006677;-0,12609647084262401;0,987548630693017;-0,12620371123431287;4,549941794963148e-07
158;0,5595051649452054;0,2707620022390505;-0,5592320385067738;-0,2705736712216801;0,00027312643843158124;0,00018833101737042446;0,03592555745219696;0,03592555745219695;0,03592555745219696;0,9989203551908377;-0,00951102974113792;0,9983934160037831;-0,014172970919612962;3,5925557452196958e-06
159;0,605525694799063;0,2933624417681453;-0,6051141301679852;-0,293078681748907;0,00041156463107783203;0,0002837600192382994;0,03954659386888579;0,03954659386888579;0,03954659386888579;0,9823053629461941;-0,30807138927959243;0,981584012312186;-0,31454153898617576;3,9546593868885785e-06
160;0,1710330253864606;0,08302276989748306;-0,17100074719169012;-0,08300051516401612;3,227819477047422e-05;2,225473346693929e-05;0,011075024102837928;0,011075024102837927;0,011075024102837928;0,9911040806898369;-0,10268085297409907;0,9909020415015481;-0,10446685264219914;1,107502410283793e-06
161;0,1671323940703113;0,08102233340368349;-0,1671000000094456;-0,08100000000650096;3,239406086569252e-05;2,233339718253624e-05;0,01087042421706173;0,01087042421706173;0,01087042421706173;0,9864814663374842;-0,2656277929217378;0,986274904778376;-0,2674683869200727;1,087042421706173e-06
162;-9,999999995207695e-05;4,993245967998476e-14;0,00010000002325797597;1,6018364420127126e-11;2,3305899012971212e-11;1,606829687980711e-11;5,845671077889163e-06;5,845671077889163e-06;5,845671077889163e-06;0,9876543877002052;-0,12527791785027825;0,9876546178819522;-0,12526871139646106;5,845671077889164e-10
163;0,38938874524910133;0,1882436825343096;-0,38912438877802547;-0,1880205180165553;0,00026435647107586613;0,0002231645177542818;0,025748712406540773;0,02574871240654077;0,025748712406540773;0,9697805822728326;-0,27584492668618416;0,9690291468856758;-0,28722789301742574;2,5748712406540775e-06
164;0,0;0,0;0,0;0,0;0,0;0,0;;;;;;;;
165;0,0;0,0;0,0;0,0;0,0;0,0;;;;;;;;
166;-0,05199999999997013;-0,02500000000002186;0,052004779474631266;0,025003295341791222;4,7794746611332095e-06;3,2953417693631915e-06;0,0033735018108824286;0,0033735018108824277;0,0033735018108824286;0,987450473954113;-0,12709637827101605;0,987548630693017;-0,12620371123431287;3,3735018108824284e-07
167;0,4254249795287824;0,20522405480349049;-0,42538853346505295;-0,2051989264640656;3,644606372943393e-05;2,5128339424890234e-05;0,028826439345206296;0,028826439345206296;0,028826439345206296;0,9460223426181467;-0,4824429777130501;0,9459347298628034;-0,48326758078228715;2,8826439345206297e-06
168;-0,20210599763785084;-0,09800506307381379;0,20212025858331192;0,09801710393695445;1,4260945461086472e-05;1,2040863140660996e-05;0,013088263757320773;0,013088263757320771;0,013088263757320773;0,9908223210896492;-0,10270221253579873;0,9909021004868805;-0,1015259002062674;1,3088263757320774e-06
169;-0,20200000000040824;-0,0980000000006316;0,2020059976373271;0,09800506307426345;5,997636918858573e-06;5,063073631850212e-06;0,013083020950171938;0,01308302095017194;0,01308302095017194;0,990788755471991;-0,10319660314117751;0,9908223210896492;-0,10270221253579873;1,308302095017194e-06
170;0,5452115637395207;0,26414584089553617;-0,5450026548812411;-0,2640018306494579;0,0002089088582796217;0,0001440102460782411;0,03540272420940912;0,035402724209409125;0,035402724209409125;0,9879903173754652;-0,10700152993545295;0,9875813200185619;-0,11064558602513917;3,5402724209409123e-06
171;0,44832260352131575;0,21715347255299483;-0,4482372628145148;-0,21709463773034673;8,534070680094041e-05;5,883482264809614e-05;0,030258462983714818;0,030258462983714818;0,030258462983714818;0,9504922664614904;-0,5002852439498094;0,9502967807518911;-0,5020969593940036;3,0258462983714815e-06
172;-0,3771202585841487;-0,18301710393670761;0,3772018090118777;0,183085948460621;8,155042772900467e-05;6,884452391339724e-05;0,024423785658571104;0,024423785658571093;0,024423785658571104;0,9909021004868805;-0,1015259002062674;0,9911465871200752;-0,09792775131306752;2,4423785658571103e-06
173;0,34825044223776896;0,169207088285128;-0,348110459040106;-0,16908890258152415;0,00013998319766295175;0,00011818570360386249;0,022700378590613978;0,022700378590613975;0,022700378590613978;0,9847380487398003;-0,2860713150728619;0,9842864636653013;-0,2927522526462397;2,2700378590613977e-06
174;0,01300050490118436;0,006000347982495615;-0,01300000001556206;-0,005999999888851638;5,048856222995834e-07;3,4809364397696274e-07;0,0008834076242190383;0,0008834076242190384;0,0008834076242190384;0,9357794165768908;-0,637094034295058;0,9357399234204545;-0,6375121091814345;8,834076242190385e-08
175;0,4282400737754877;0,2071836328429959;-0,42812302721847056;-0,20708481690076447;0,00011704655701710864;9,881594223143386e-05;0,028891782728599165;0,02889178272859917;0,02889178272859917;0,9506514964954669;-0,44123631616947284;0,9503549512394814;-0,44581169574613977;2,889178272859917e-06
176;0,0;0,0;0,0;0,0;0,0;0,0;;;;;;;;
177;0,4911279113568028;0,23757082578118424;-0,49091073577987526;-0,23742107526306355;0,00021717557692751965;0,0001497505181206893;0,03154917962904004;0,03154917962904004;0,03154917962904004;0,9983934160037831;-0,014172970919612962;0,997916313111108;-0,01840067950507287;3,1549179629040038e-06
178;-0,1350101533885335;-0,06600699977207103;0,13502410664801762;0,06601662007683161;1,3953259484111857e-05;9,620304760579734e-06;0,008918124398992755;0,008918124398992755;0,008918124398992755;0,9729100246290142;-0,5377164080494793;0,9730185321885814;-0,5367579956902774;8,918124398992755e-07
179;0,24709560158675162;0,12006591079167443;-0,24702467984019272;-0,12001701529995623;7,09217465588996e-05;4,889549171820107e-05;0,016084349703591273;0,01608434970359127;0,016084349703591273;0,986118180432547;-0,268808514840558;0,9858125006424862;-0,27151697631927724;1,608434970359127e-06
180;0,47581057286269207;0,23042096294558106;-0,4756115583392233;-0,2302837492937353;0,0001990145234687657;0,00013721365184576895;0,03058637546782176;0,030586375467821756;0,03058637546782176;0,997916313111108;-0,01840067950507287;0,9974653257162466;-0,022385780791589503;3,058637546782176e-06
181;-0,1190000000020012;-0,05799999999159987;0,11901015338850814;0,05800699977292328;1,0153386506936424e-05;6,9997813234093376e-06;0,007856619291824934;0,007856619291824934;0,007856619291824934;0,9728204173487592;-0,5385143153851503;0,9729100246290142;-0,5377164080494793;7,856619291824934e-07
182;0,0;0,0;0,0;0,0;0,0;0,0;;;;;;;;
183;0,0;0,0;0,0;0,0;0,0;0,0;;;;;;;;
184;-0,40300000000009806;-0,1949999999992552;0,4031141301678679;0,1950786817490582;0,00011413016776984364;7,868174980299458e-05;0,026340891990510266;0,02634089199051027;0,02634089199051027;0,9812837159087161;-0,31724303707355905;0,981584012312186;-0,31454153898617576;2,6340891990510268e-06
185;0,12100651981066057;0,05800449410916733;-0,12100000006000468;-0,05799999964275771;6,519750655895051e-06;4,494466409619979e-06;0,00812749885563904;0,00812749885563904;0,00812749885563904;0,9532445563370995;-0,4750320067366023;0,9531889918699716;-0,47555922096444087;8,127498855639039e-07
186;-0,028100000007659314;-0,014000000000453582;0,02810070663315082;0,014000487264545962;7,06625491505436e-07;4,872640923803129e-07;0,0018515014164968324;0,0018515014164968327;0,0018515014164968327;0,9789665993799443;-0,18216709097247016;0,9789930974414127;-0,1819462311631761;1,8515014164968327e-07
187;-0,8896172061306351;-0,430287636428504;0,8917775813309274;0,43177710427772475;0,0021603752002923304;0,0014894678492207714;0,06097007567515967;0,06097007567515967;0,06097007567515967;0,9357794165768908;-0,637094034295058;0,9382352626814576;-0,6139520787009022;6,097007567515967e-06
188;0,5929537429872719;0,28678356141332434;-0,5925750466410432;-0,28646387582017235;0,00037869634622866855;0,00031968559315198597;0,04000635733199841;0,0400063573319984;0,04000635733199841;0,9505492736394235;-0,4428295448004282;0,949856424369676;-0,45352880642059606;4,000635733199841e-06
189;0,4952306579855879;0,23915903398268024;-0,49513214400197275;-0,23909111167835498;9,851398361515606e-05;6,792230432525748e-05;0,032323331974885024;0,032323331974885024;0,032323331974885024;0,9823140734890057;-0,3081155891283602;0,9821028617916426;-0,31002491494974815;3,232333197488502e-06
190;0,35323726276875383;0,17109463806298536;-0,3531156862304612;-0,17101081217422856;0,00012157653829264481;8,382588875679997e-05;0,023845744149009966;0,023845744149009963;0,023845744149009966;0,9502967807518911;-0,5020969593940036;0,9499433894408705;-0,5053746329369354;2,3845744149009963e-06
191;0,3291881228396419;0,1591370646953381;-0,32914058291223963;-0,15909692282697763;4,7539927402251436e-05;4,014186836046041e-05;0,02220819524671528;0,02220819524671528;0,02220819524671528;0,9505492736394235;-0,4428295448004282;0,9503925840001398;-0,4452508978651406;2,220819524671528e-06
192;-0,00010000000020459313;-5,043820002408205e-14;0,000100000006787608;5,608802478393148e-12;6,5830148678145545e-12;5,558364278369066e-12;5,897548585861669e-06;5,897548585861669e-06;5,897548585861669e-06;0,9789665349344304;-0,18217027568039362;0,9789665993799443;-0,18216709097247016;5,897548585861669e-10
193;0,0;0,0;0,0;0,0;0,0;0,0;;;;;;;;
194;0,27611045904022646;0,13408890258177944;-0,2760280793611602;-0,13401935977868612;8,237967906626897e-05;6,954280309331984e-05;0,01800454205672551;0,018004542056725515;0,018004542056725515;0,9842864636653013;-0,2927522526462397;0,9839514224698548;-0,29771339511143885;1,8004542056725515e-06
195;0,4195093574883884;0,20328223181326854;-0,4193792242832072;-0,20319250586380824;0,0001301332051812376;8,972594946030088e-05;0,026982562177041317;0,026982562177041314;0,026982562177041317;0,9974653257162466;-0,022385780791589503;0,9971310276824007;-0,025336329306150752;2,6982562177041317e-06
196;-0,4873205892454183;-0,2361520891519492;0,4874469920007958;0,23623922877838702;0,0001264027553774527;8,713962643780437e-05;0,03237058936394941;0,03237058936394941;0,03237058936394941;0,9658443838291546;-0,6302414833613281;0,9661150421621997;-0,6277774891178918;3,237058936394941e-06
197;-0,05100000001554972;-0,024999999916117413;0,05100181478110467;0,025001251020386323;1,814765554948583e-06;1,2511042689102025e-06;0,003414019186641011;0,0034140191866410116;0,0034140191866410116;0,9605181959215625;-0,34823410587700604;0,9605550656187689;-0,3479066626045744;3,4140191866410114e-07
198;-0,40903881194343866;-0,19802676089529744;0,4091864064506535;0,1981285225097893;0,00014759450721485434;0,00010176161449185206;0,026901957991958825;0,026901957991958828;0,026901957991958828;0,9753135688844455;-0,21462557285425454;0,9756938378071834;-0,2111877386117465;2,690195799195883e-06
199;-0,2730134549928816;-0,1320092755920687;0,273084152412251;0,13205801558399685;7,069741936938101e-05;4,873999192814282e-05;0,018420653282008554;0,018420653282008554;0,018420653282008554;0,9504744053722497;-0,4403479178741158;0,9507403933120173;-0,4378727066041199;1,8420653282008554e-06
200;0,4072790734206752;0,19719240183687167;-0,407138312699093;-0,1970953624045241;0,00014076072158220043;9,703943234756762e-05;0,026200576987728586;0,026200576987728583;0,026200576987728586;0,9971310276824007;-0,025336329306150752;0,9967586687303185;-0,028629666414086465;2,6200576987728585e-06
201;-0,05270025757204979;-0,02500017758162043;0,05270301639699425;0,0250020795750553;2,7588249444585045e-06;1,9019934348676881e-06;0,0034612579132639403;0,0034612579132639403;0,0034612579132639403;0,9729563900526746;-0,5653664493687439;0,9730115650350297;-0,5648399806181246;3,46125791326394e-07
202;0,14501986221749827;0,07001369475762796;-0,14500000000034516;-0,06999999999981729;1,986221715311043e-05;1,3694757810669977e-05;0,009446072681149928;0,009446072681149931;0,009446072681149931;0,9842643893798512;-0,2905880617998537;0,9841186729542772;-0,2919037022689255;9,446072681149931e-07
203;0,0;0,0;0,0;0,0;0,0;0,0;;;;;;;;
204;0,04100113230387615;0,02000095595977443;-0,041000000006094925;-0,019999999974402015;1,1322977812242008e-06;9,559853724160072e-07;0,0027172167195013276;0,002717216719501328;0,002717216719501328;0,9693147311379153;-0,2986158204658993;0,9692842021871351;-0,29907145884615693;2,717216719501328e-07
205;0,041102660220029515;0,020002009554187457;-0,04110113230319861;-0,020000955956465904;1,5279168309040303e-06;1,0535977215536674e-06;0,0027225712608010704;0,0027225712608010704;0,0027225712608010704;0,9693536421925029;-0,2982663499818491;0,9693147311379153;-0,2986158204658993;2,7225712608010706e-07
206;0,00010000000943147382;6,375553270847464e-12;-0,00010000000003737182;1,0101078653686676e-13;9,394102005620339e-12;6,4765640573843305e-12;5,853847855654421e-06;5,853847855654421e-06;5,853847855654421e-06;0,986274904778376;-0,2674683869200727;0,9862748121267123;-0,26747209771759045;5,853847855654421e-10
207;0,0;0,0;0,0;0,0;0,0;0,0;;;;;;;;
208;-9,999999970129477e-05;1,5680557061510051e-13;0,00010000000697472939;4,857983814199721e-12;7,2734346215179435e-12;5,0147893848148214e-12;6,070566190246296e-06;6,070566190246296e-06;6,070566190246296e-06;0,9510649408496541;-0,434974868204077;0,9510650100247421;-0,4349719949416019;6,070566190246296e-10
209;-0,27203808848073774;-0,13102626088407296;0,27213014981344485;0,1310897308716846;9,206133270711625e-05;6,34699876116418e-05;0,01763361794228365;0,017633617942283655;0,017633617942283655;0,9886216613355836;-0,10140923761234827;0,988983403610542;-0,09814019821488239;1,7633617942283652e-06
210;-0,21801193248703474;-0,10600822440142924;0,21806838327917172;0,1060471430158251;5,6450792136980565e-05;3,891861439586641e-05;0,014960767341366019;0,014960767341366017;0,014960767341366019;0,9355178226397219;-0,6395312302292044;0,9357794165768908;-0,637094034295058;1,496076734136602e-06
211;0,31515183747628106;0,15210467809068615;-0,3150775567321919;-0,15205346867747127;7,42807440891613e-05;5,120941321487549e-05;0,021250461809463387;0,021250461809463387;0,021250461809463387;0,9507403933120173;-0,4378727066041199;0,9504981688139997;-0,44013799220739463;2,1250461809463385e-06
212;0,2731405828677987;0,13209692286887023;-0,2730549019477205;-0,13203785225952405;8,568092007821271e-05;5,9070609346179026e-05;0,018431509722354557;0,018431509722354557;0,018431509722354557;0,9503925840001398;-0,4452508978651406;0,950070410371102;-0,44824966542500777;1,8431509722354557e-06
213;0,30612302713719175;0,14808481708203344;-0,3060528240475559;-0,14803641881852383;7,02030896358452e-05;4,8398263509608075e-05;0,020658955616760056;0,020658955616760052;0,020658955616760056;0,9503549512394814;-0,44581169574613977;0,950119436438926;-0,44800210028673465;2,0658955616760054e-06
214;0,5155750466451655;0,24946387596468314;-0,5151395992394668;-0,24909623996610097;0,00043544740569867457;0,00036763599858216645;0,03481379219785235;0,03481379219785236;0,03481379219785236;0,949856424369676;-0,45352880642059606;0,9489408563884351;-0,4676748044956446;3,4813792197852363e-06
215;0,11902467983974833;0,05801701530044469;-0,11901874430658879;-0,058012923571202774;5,935533159542872e-06;4,091729241914588e-06;0,007754812317424828;0,007754812317424828;0,007754812317424828;0,9858125006424862;-0,27151697631927724;0,9857594303613388;-0,27198318468168403;7,754812317424828e-07
216;0,0;0,0;0,0;0,0;0,0;0,0;;;;;;;;
217;-0,23900937862672963;-0,11500646760349383;0,23914377977175155;0,1150991314972909;0,00013440114502191736;9,266389379707085e-05;0,015487713191855471;0,015487713191855471;0,015487713191855471;0,9887584513768113;-0,10018994474303644;0,9893597064783732;-0,09474437348020942;1,5487713191855472e-06
218;-0,0006000004171356675;-2,87570755579049e-10;0,0006000005005335661;3,4507081151773913e-10;8,339789861304403e-11;5,750005593869014e-11;3,560390311823408e-05;3,560390311823407e-05;3,560390311823408e-05;0,9729562548152078;-0,5653719402112249;0,9729563900526746;-0,5653664493687439;3,560390311823408e-09
219;-0,0005000001468055699;-1,014332903550769e-10;0,0005000004170766126;2,8777611591597284e-10;2,7027104274220115e-10;1,8634282556089594e-10;2,9669923387149912e-05;2,966992338714992e-05;2,966992338714992e-05;0,9729557288917025;-0,5653932935020244;0,9729562548152078;-0,5653719402112249;2,966992338714992e-09
220;-0,00030000011661449966;-8,020754317225986e-11;0,0003000001444138173;9,93742409760691e-11;2,7799317643857624e-11;1,916669780380924e-11;1,7801957374931357e-05;1,7801957374931354e-05;1,7801957374931357e-05;0,9729556387333759;-0,5653969540684807;0,9729557288917025;-0,5653932935020244;1,7801957374931356e-09
221;-0,00020000000183281326;-1,849542652753301e-12;0,000200000116118941;8,064599730315183e-11;1,1428612773484691e-10;7,879645465039853e-11;1,1867973860510127e-05;1,1867973860510127e-05;1,1867973860510127e-05;0,9729550827569576;-0,565419527576532;0,9729556387333759;-0,5653969540684807;1,1867973860510127e-09
222;-9,999999946368434e-05;3,446998461269007e-15;0,00010000000178029509;1,5937784585973982e-12;2,316610743296685e-12;1,5972254570586672e-12;5,933986981518091e-06;5,933986981518091e-06;5,933986981518091e-06;0,9729550602173759;-0,565420442719292;0,9729550827569576;-0,565419527576532;5,933986981518091e-10
223;0,0;0,0;0,0;0,0;0,0;0,0;;;;;;;;
224;0,4584636485639843;0,2221817720132511;-0,45835531387098916;-0,22210707887334744;0,00010833469299514897;7,469313990365878e-05;0,031432538810590445;0,03143253881059044;0,031432538810590445;0,9357794165768908;-0,637094034295058;0,9355405166895726;-0,6393405123098183;3,1432538810590445e-06
225;0,27119629816828594;0,1311353343425512;-0,271066560067145;-0,1310458877661373;0,00012973810114091933;8,944657641390963e-05;0,018385986687621515;0,018385986687621515;0,018385986687621515;0,9459347298628034;-0,48326758078228715;0,945445689845892;-0,48784402351295547;1,8385986687621515e-06
226;0,1030187443067495;0,05001292357115735;-0,10299999999999572;-0,0499999999998798;1,8744306753776252e-05;1,292357127755106e-05;0,00670715858775006;0,00670715858775006;0,00670715858775006;0,9857594303613388;-0,27198318468168403;0,9855656968141353;-0,2737045279065265;6,70715858775006e-07
227;0,0;0,0;0,0;0,0;0,0;0,0;;;;;;;;
228;0,01800082971018438;0,009000572023677713;-0,01800000000693156;-0,00899999996349522;8,297032528178927e-07;5,720601824934363e-07;0,0012121499499394585;0,0012121499499394585;0,0012121499499394585;0,958588184230951;-0,4262807811190285;0,9585406519512306;-0,426681089574475;1,2121499499394583e-07
229;0,4253742876515218;0,20625804788661659;-0,42520048583138564;-0,206138225983836;0,00017380182013615464;0,00011982190278059246;0,028882209093023786;0,028882209093023786;0,028882209093023786;0,9450043388248365;-0,4919896140513712;0,9445872224848552;-0,49586798200423055;2,8882209093023786e-06
230;-0,391402961834639;-0,18920887833893402;0,39155582363815644;0,18933792024208126;0,0001528618035174234;0,00012904190314724784;0,0264142456206379;0,0264142456206379;0,0264142456206379;0,950227919441812;-0,4477769417359766;0,9506514964954669;-0,44123631616947284;2,6414245620637902e-06
231;-0,164002988861433;-0,07900245151283403;0,16401948741608663;0,07901638033111881;1,6498554653632258e-05;1,392881828478354e-05;0,01084720801169503;0,010847208011695024;0,01084720801169503;0,9689178580135276;-0,2889237326383089;0,9690291468856758;-0,28722789301742574;1,084720801169503e-06
232;0,0;0,0;0,0;0,0;0,0;0,0;;;;;;;;
233;0,30913557967274125;0,14909346839249726;-0,30909478402594537;-0,14906534543598265;4,0795646795876994e-05;2,8122956514609054e-05;0,02033051289984506;0,020330512899845058;0,02033051289984506;0,9746574616708996;-0,5219465897771264;0,9745184181851712;-0,5232169972110939;2,0330512899845063e-06
234;-0,3161402000107636;-0,1530277149110388;0,3161819075392065;0,15305646648383778;4,1707528442902486e-05;2,875157279896845e-05;0,020556475311529532;0,02055647531152953;0,020556475311529532;0,9864648430909484;-0,2785962250241341;0,9866054634554654;-0,2773390767956298;2,055647531152953e-06
235;0,32115530281480126;0,15510707539679325;-0,32106721023429835;-0,15504633851502375;8,809258050290758e-05;6,073688176949643e-05;0,021126574984067694;0,02112657498406769;0,021126574984067694;0,9746574616708996;-0,5219465897771264;0,9743684948780291;-0,5245789393000114;2,1126574984067697e-06
236;0,24405282402400733;0,11803641897561742;-0,2440230673018553;-0,11801590271301193;2,9756722152024517e-05;2,051626260549111e-05;0,01647358901374248;0,016473589013742483;0,016473589013742483;0,950119436438926;-0,44800210028673465;0,9499942455487178;-0,449167493512939;1,6473589013742484e-06
237;0,049004189280267146;0,02400288836071052;-0,049000000001484266;-0,023999999993396467;4,18927878288039e-06;2,8883673140536748e-06;0,0032577223149381934;0,003257722314938193;0,0032577223149381934;0,9670630376133483;-0,6191272488588848;0,966973844830037;-0,6199160238494258;3,2577223149381934e-07
238;0,24120550676261185;0,1160727401743195;-0,24117186535258908;-0,11604954554962527;3,364141002276666e-05;2,319462469423106e-05;0,015989767690361853;0,015989767690361853;0,015989767690361853;0,9665277766537917;-0,6240206732552237;0,9663820044623705;-0,6253721061491451;1,5989767690361854e-06
239;-0,3651429811214406;-0,17702963127596408;0,36532058924211663;0,1771520891683415;0,0001776081206760205;0,00012245789237741445;0,024269797101709293;0,024269797101709286;0,024269797101709293;0,9653371104994766;-0,6348572464042054;0,9658443838291546;-0,6302414833613281;2,4269797101709292e-06
240;0,0;0,0;0,0;0,0;0,0;0,0;;;;;;;;
241;0,0;0,0;0,0;0,0;0,0;0,0;;;;;;;;
242;0,1880549019152684;0,09103785247410356;-0,18800894417875613;-0,0910061661550855;4,595773651228097e-05;3,168631901806496e-05;0,012696625898582604;0,012696625898582602;0,012696625898582604;0,950070410371102;-0,44824966542500777;0,9498195280940296;-0,4505798770601208;1,2696625898582604e-06
243;0,271094784025428;0,1310653454375627;-0,27102149804443826;-0,13101482050121593;7,328598098976791e-05;5,052493634677413e-05;0,017839486217324906;0,017839486217324906;0,017839486217324906;0,9745184181851712;-0,5232169972110939;0,974233712258099;-0,525803406670069;1,7839486217324904e-06
244;0,21307755669314082;0,10305346892921452;-0,21302995838768432;-0,10302065363055946;4,759830545650323e-05;3,2815298655064495e-05;0,014376978903522944;0,014376978903522946;0,014376978903522946;0,9504981688139997;-0,44013799220739463;0,9502687169240771;-0,44227299152650806;1,4376978903522945e-06
245;-0,3312713285118195;-0,16011812163141792;0,33140296179178397;0,1602088783661677;0,0001316332799644604;9,075673474978618e-05;0,022365206510226356;0,022365206510226356;0,022365206510226356;0,9498200183348746;-0,4515793666930017;0,950227919441812;-0,4477769417359766;2,236520651022636e-06
246;0,19406656002590209;0,09404588810244036;-0,19400000015071012;-0,0939999990928888;6,655987519196827e-05;4,588900955156128e-05;0,01316920087434359;0,013169200874343588;0,01316920087434359;0,945445689845892;-0,48784402351295547;0,9450953615510099;-0,4911048961493084;1,316920087434359e-06
247;0,18211568612987206;0,08801081280371326;-0,1821054127003557;-0,08800373111928934;1,0273429516344246e-05;7,081684423912438e-06;0,012293262144371934;0,012293262144371932;0,012293262144371934;0,9499433894408705;-0,5053746329369354;0,9498854758178239;-0,5059145624604822;1,2293262144371933e-06
248;-0,25800248525588815;-0,12500171341771218;0,25803881193676753;0,12502676093643414;3,6326680879383844e-05;2,5047518721954543e-05;0,016973544253673607;0,016973544253673603;0,016973544253673607;0,9751652204837067;-0,21596480914423646;0,9753135688844455;-0,21462557285425454;1,6973544253673607e-06
249;0,19917186535072665;0,09604954555481514;-0,19913167689865854;-0,09602183876894431;4,018845206810173e-05;2,7706785870829087e-05;0,013210599579013028;0,01321059957901303;0,01321059957901303;0,9663820044623705;-0,6253721061491451;0,9661712045869996;-0,6273157839118672;1,321059957901303e-06
250;0,0;0,0;0,0;0,0;0,0;0,0;;;;;;;;
251;-0,12599999999994463;-0,06099999999983098;0,1260093786267046;0,06100646760349232;9,378626759981579e-06;6,46760366133925e-06;0,008174833015225494;0,008174833015225496;0,008174833015225496;0,9886789296304943;-0,10089982620631727;0,9887584513768113;-0,10018994474303644;8,174833015225495e-07
252;0,39313959916678715;0,19009624011918544;-0,3930080061012883;-0,19000551841133267;0,0001315930654988695;9,072170785276445e-05;0,026568696647667422;0,026568696647667422;0,026568696647667422;0,9489408563884351;-0,4676748044956446;0,9485975970915952;-0,47087611656703515;2,6568696647667423e-06
253;0,3021119396728699;0,14607717962301248;-0,30204366321039733;-0,14603010529047325;6,8276462472594e-05;4,707433253922644e-05;0,01972746113193392;0,019727461131933924;0,019727461131933924;0,9821028617916426;-0,31002491494974815;0,9818629961891276;-0,31218685823641584;1,9727461131933925e-06
254;0,0;0,0;0,0;0,0;0,0;0,0;;;;;;;;
255;0,23604371804471835;0,11403013986380998;-0,23601667633454673;-0,11401149672542696;2,704171017162138e-05;1,8643138383026003e-05;0,015325122839988183;0,015325122839988183;0,015325122839988183;0,98758715845311;-0,260987514829475;0,9874648747905335;-0,26208573802105906;1,5325122839988184e-06
256;0,24406721023304748;0,11804633851903983;-0,24401627446439392;-0,11801122001370276;5,093576865355942e-05;3,511850533706451e-05;0,01606463496622001;0,016064634966220015;0,016064634966220015;0,9743684948780291;-0,5245789393000114;0,9741487453041977;-0,5265737222925064;1,6064634966220016e-06
257;-0,07900443444441639;-0,038003057069131756;0,0790134549077795;0,03800927608292965;9,020463363110243e-06;6,219013797895134e-06;0,005325996337865577;0,005325996337865576;0,005325996337865577;0,9503570626306467;-0,4414549761163163;0,9504744053722497;-0,4403479178741158;5,325996337865577e-07
258;0,3032004857619005;0,14713822654618755;-0,3030515990886452;-0,14703557417502383;0,00014888667325529958;0,0001026523711637195;0,020599117073033933;0,020599117073033933;0,020599117073033933;0,9445872224848552;-0,49586798200423055;0,9440861860499339;-0,5005201510456162;2,0599117073033934e-06
259;0,19908466978776798;0,09605837306448745;-0,19900920772277053;-0,09600634642340224;7,546206499745023e-05;5,202664108520938e-05;0,013638014073722811;0,013638014073722811;0,013638014073722811;0,9357794165768908;-0,637094034295058;0,9353959873682324;-0,6407410945941517;1,3638014073722812e-06
260;0,0;0,0;0,0;0,0;0,0;0,0;;;;;;;;
261;0,0;0,0;0,0;0,0;0,0;0,0;;;;;;;;
262;0,16801229370698534;0,0820084745003447;-0,1680035859549035;-0,08200247079713094;8,707752081837938e-06;6,00370321375554e-06;0,011504641358589114;0,011504641358589114;0,011504641358589114;0,9382352626814576;-0,6139520787009022;0,9381827761164692;-0,6144349916122086;1,1504641358589114e-06
263;0,27530822500768765;0,13214355946523632;-0,27525096783029873;-0,1321040861603795;5,7257177388914116e-05;3,947330485681855e-05;0,01865714630068066;0,018657146300680657;0,01865714630068066;0,9450043388248365;-0,4919896140513712;0,9447917459325558;-0,49401826532157467;1,8657146300680662e-06
264;0,0;0,0;0,0;0,0;0,0;0,0;;;;;;;;
265;0,2751509678426935;0,13210408614884583;-0,2750746769751886;-0,13205148615264548;7,629086750488012e-05;5,259999620035871e-05;0,018651637267377053;0,01865163726737705;0,018651637267377053;0,9447917459325558;-0,49401826532157467;0,9445083873780504;-0,49672188342574114;1,8651637267377054e-06
266;-0,1540086578131589;-0,07400596821301433;0,15409223531941074;0,0740635921024137;8,357750625184734e-05;5,762388939936636e-05;0,010434973880798478;0,010434973880798478;0,010434973880798478;0,9453798402341456;-0,4885422767193812;0,9459347298628034;-0,48326758078228715;1,0434973880798478e-06
267;-0,26616141325478654;-0,12904233967234507;0,2662345317618852;0,12909275243236928;7,311850709867951e-05;5,041276002420991e-05;0,01825972959898327;0,018259729598983275;0,018259729598983275;0,9352629452969707;-0,6419477306855241;0,9355405166895726;-0,6393405123098183;1,8259729598983276e-06
268;-0,19410000000810987;-0,09400000000542293;0,1941402000101433;0,09402771491107129;4,0200002033419224e-05;2,771490564835999e-05;0,012625014525396473;0,012625014525396477;0,012625014525396477;0,9862441443449632;-0,28056761008033637;0,9864648430909484;-0,2785962250241341;1,2625014525396476e-06
269;0,19402807936197056;0,09401935977870444;-0,19400000000036333;-0,09399999999997662;2,807936160723057e-05;1,935977872782879e-05;0,012651129623584905;0,012651129623584905;0,012651129623584905;0,9839514224698548;-0,29771339511143885;0,9837975775299395;-0,2990895227300364;1,2651129623584904e-06
270;-0,06000160265867706;-0,02900110505286472;0,0600047752408241;0,029003292366698515;3,1725821470415805e-06;2,1873138337964726e-06;0,003892126899623437;0,003892126899623437;0,003892126899623437;0,9885651699777005;-0,1019153581645183;0,9886216613355836;-0,10140923761234827;3,892126899623437e-07
271;0,04200298884420736;0,020002451585450207;-0,04200046346770083;-0,020000319516623073;2,5253765065305633e-06;2,1320688271334043e-06;0,0027721458268550503;0,0027721458268550503;0,0027721458268550503;0,9689178580135276;-0,2889237326383089;0,9688512804518271;-0,2899572787739175;2,77214582685505e-07
272;0,24604366321045137;0,11903010529049436;-0,24601137268111664;-0,11900784210576225;3,229052933473309e-05;2,2263184732113084e-05;0,01607182535968635;0,01607182535968635;0,01607182535968635;0,9818629961891276;-0,31218685823641584;0,9817237471151178;-0,31344036916368556;1,607182535968635e-06
273;-0,05000000002253026;-0,02399999987240267;0,050004357819591366;0,0240030043099919;4,35779706110806e-06;3,0044375892331054e-06;0,003369664584951803;0,003369664584951803;0,003369664584951803;0,9502674740657362;-0,4423049215427145;0,9503570626306467;-0,4414549761163163;3,3696645849518027e-07
274;0,12202306724665003;0,05901590303007804;-0,12200000005721011;-0,058999999677866885;2,3067189439923697e-05;1,5903352211153743e-05;0,008237635930347174;0,008237635930347173;0,008237635930347174;0,9499942455487178;-0,449167493512939;0,9498001737286219;-0,4509742728493296;8,237635930347175e-07
275;0,18679689094649593;0,09006680524783248;-0,18676082134198538;-0,09004193353926203;3,606960451055241e-05;2,487170857044807e-05;0,012011835388891293;0,012011835388891294;0,012011835388891294;0,9967586687303185;-0,028629666414086465;0,996550584549565;-0,030491658730957227;1,2011835388891295e-06
276;0,3091285912921194;0,14909411575825812;-0,3090365220562146;-0,1490306371058696;9,206923590476812e-05;6,347865238851003e-05;0,020489811054931403;0,020489811054931403;0,020489811054931403;0,9670630376133483;-0,6191272488588848;0,9667516667400451;-0,6219961758615399;2,04898110549314e-06
277;0,12213167689692912;0,05902183878023435;-0,12211798778173927;-0,05901240127360669;1,3689115189854939e-05;9,437506627657521e-06;0,008105707662605528;0,00810570766260553;0,00810570766260553;0,9661712045869996;-0,6273157839118672;0,9660541653483188;-0,6283891726618883;8,10570766260553e-07
278;0,12201798778175366;0,059012401273387104;-0,12200000000382254;-0,05899999998197037;1,7987777931119386e-05;1,2401291416733184e-05;0,00810032706137063;0,00810032706137063;0,00810032706137063;0,9660541653483188;-0,6283891726618883;0,9659002634520851;-0,6297981112856198;8,100327061370631e-07
279;-0,09600000014429101;-0,04699999911298206;0,09601193232169998;0,04700822549924564;1,193217740896868e-05;8,226386263576746e-06;0,00659741261756635;0,006597412617566348;0,00659741261756635;0,9353923833296769;-0,6406791019552789;0,9355178226397219;-0,6395312302292044;6,59741261756635e-07
280;0,08300894413129083;0,04000616643174332;-0,08300000003915615;-0,03999999977998426;8,944092134671733e-06;6,166651759058339e-06;0,0056011491854024665;0,0056011491854024665;0,0056011491854024665;0,9498195280940296;-0,4505798770601208;0,9497088804518036;-0,4516196274997185;5,601149185402467e-07
281;0,1816607983945582;0,08804191771771142;-0,18164069963393187;-0,08802806032395168;2,0098760626335865e-05;1,3857393759739156e-05;0,011695387645974605;0,011695387645974605;0,011695387645974605;0,996550584549565;-0,030491658730957227;0,9964314646079582;-0,03154317902571475;1,1695387645974606e-06
282;0,17924042636842533;0,0870278709440405;-0,1792243586110219;-0,08701679414137398;1,6067757403426253e-05;1,1076802666529217e-05;0,011541173478640235;0,011541173478640235;0,011541173478640235;0,9967586687303185;-0,028629666414086465;0,9966621593187106;-0,029476995163815925;1,1541173478640236e-06
283;0,11502990358795974;0,05602061613289977;-0,11500406147456516;-0,05600279948677968;2,5842113394583532e-05;1,7816646120091817e-05;0,007773556791169061;0,00777355679116906;0,007773556791169061;0,9502687169240771;-0,44227299152650806;0,9500382225649999;-0,4443796528579561;7,773556791169061e-07
284;0,38253760181512064;0,18416381506942206;-0,3824566098898738;-0,18410797385146793;8,099192524685384e-05;5,5841217954127886e-05;0,024809951785649154;0,024809951785649154;0,024809951785649154;0,9879903173754652;-0,10700152993545295;0,9877641294243524;-0,10905083138589745;2,480995178564915e-06
285;0,174033525711781;0,0850252920872334;-0,1740194836987181;-0,08501343464371856;1,4042013062876002e-05;1,1857443514839971e-05;0,011322651556156214;0,011322651556156214;0,011322651556156214;0,9876546178819522;-0,12526871139646106;0,9875637433251374;-0,126596985077218;1,1322651556156215e-06
286;-0,24310000002126336;-0,11799999996999717;0,24314298111947258;0,11802963129431428;4,298109820921603e-05;2,9631324317103136e-05;0,016164750422932875;0,016164750422932875;0,016164750422932875;0,9651527913653368;-0,6365294728976748;0,9653371104994766;-0,6348572464042054;1,6164750422932873e-06
287;0,0;0,0;0,0;0,0;0,0;0,0;;;;;;;;
288;0,17203231985913575;0,08202228139701244;-0,17201038785091752;-0,08200716191403179;2,1932008218233934e-05;1,5119482980649468e-05;0,011145648408150232;0,011145648408150232;0,011145648408150232;0,987241802353623;-0,11386237437913076;0,9871055467556606;-0,11512782840559378;1,1145648408150232e-06
289;0,1700202043294305;0,0820139320549049;-0,17001034775176568;-0,08200713441513606;9,856577664807409e-06;6,79763976883796e-06;0,01109710088205127;0,011097100882051267;0,01109710088205127;0,9821028617916426;-0,31002491494974815;0,9820413082512409;-0,310583481143243;1,109710088205127e-06
290;0,021000463464369082;0,01000031952757441;-0,02100000000267143;-0,009999999986267138;4,634616976514905e-07;3,1954130727193664e-07;0,0013860894744605434;0,0013860894744605428;0,0013860894744605434;0,9688512804518271;-0,2899572787739175;0,9688281286602556;-0,2901771103821479;1,3860894744605434e-07
291;-0,2261665021991226;-0,10904585010619917;0,22627132847479392;0,10911812189855448;0,00010482627567132141;7,227179235530512e-05;0,015269738041069436;0,015269738041069436;0,015269738041069436;0,9493443194546111;-0,45604373749057986;0,9498200183348746;-0,4515793666930017;1,5269738041069434e-06
292;-0,22601029618819007;-0,10900709793039806;0,22606650220872201;0,10904585009776895;5,620602053194035e-05;3,875216737088405e-05;0,01526426019546463;0,015264260195464632;0,015264260195464632;0,9490891598647414;-0,45843775881291043;0,9493443194546111;-0,45604373749057986;1,5264260195464633e-06
293;0,14902149804286996;0,07201482050805717;-0,14900778296420292;-0,07200536541594578;1,371507866704258e-05;9,455092111393393e-06;0,00980844831963458;0,00980844831963458;0,00980844831963458;0,974233712258099;-0,525803406670069;0,9741368084478448;-0,5266847251683905;9,808448319634581e-07
294;0,09500406146595579;0,04600279953930125;-0,09500000004471625;-0,045999999751042506;4,061421239542895e-06;2,799788258747715e-06;0,006414760429127918;0,006414760429127919;0,006414760429127919;0,9500382225649999;-0,4443796528579561;0,9499943403849036;-0,44478670875979487;6,41476042912792e-07
295;-0,19412799774027817;-0,09401930089322176;0,19415698613266827;0,09403928559561728;2,8988392390100204e-05;1,9984702395517417e-05;0,013275237983678056;0,013275237983678056;0,013275237983678056;0,9380839116713353;-0,6153731470947355;0,9382352626814576;-0,6139520787009022;1,3275237983678058e-06
296;-0,1940000002474861;-0,0939999984573729;0,1940279977489683;0,09401930088575332;2,799750148221869e-05;1,9302428380413295e-05;0,01326969912932159;0,01326969912932159;0,01326969912932159;0,9379376675694796;-0,6167450458117111;0,9380839116713353;-0,6153731470947355;1,326969912932159e-06
297;0,15501667633511315;0,07501149672559661;-0,15500000000026445;-0,07500000000013095;1,667633484869757e-05;1,1496725465659496e-05;0,010068865813975455;0,010068865813975455;0,010068865813975455;0,9874648747905335;-0,26208573802105906;0,9873500860665819;-0,26311224181713133;1,0068865813975454e-06
298;0,1540201393300641;0,07401621796581848;-0,1540050713038986;-0,07400349621289785;1,5068026165493409e-05;1,2721752920621943e-05;0,009912247396274032;0,009912247396274033;0,009912247396274033;0,9953209740642379;-0,04093416034118587;0,9952097736738058;-0,042590645509809975;9,912247396274034e-07
299;0,15229722871528245;0,07406703443361004;-0,15221765979951687;-0,07401217433300014;7,956891576557656e-05;5,486010060989921e-05;0,00990265256902113;0,00990265256902113;0,00990265256902113;0,9873706565283442;-0,2577251219088563;0,9868135861679954;-0,26264553757971404;9,902652569021132e-07
300;0,0;0,0;0,0;0,0;0,0;0,0;;;;;;;;
301;0,0;0,0;0,0;0,0;0,0;0,0;;;;;;;;
302;-0,00010000000005434745;-7,713475246125977e-15;0,00010000001507947462;1,0366689446182082e-11;1,5025127165666993e-11;1,0358975970935956e-11;5,78103484004633e-06;5,781034840046328e-06;5,78103484004633e-06;0,9986970939942893;-0,011448751604509278;0,9986972440498031;-0,011442816349372826;5,781034840046329e-10
303;-0,1711011512751918;-0,08300079389865851;0,17113177985002706;0,08302191129983126;3,0628574835267486e-05;2,111740117274885e-05;0,011117643496445524;0,011117643496445525;0,011117643496445525;0,9875731573132845;-0,11074731304791866;0,9877641294243524;-0,10905083138589745;1,1117643496445525e-06
304;0,12600980162980455;0,061008274520529523;-0,12599999999994238;-0,06099999999987094;9,80162986216615e-06;8,274520658581308e-06;0,008184037746921818;0,008184037746921818;0,008184037746921818;0,9876546178819522;-0,12526871139646106;0,9875669449889778;-0,1265687373626035;8,184037746921818e-07
305;0,0;0,0;0,0;0,0;0,0;0,0;;;;;;;;
306;0,0;0,0;0,0;0,0;0,0;0,0;;;;;;;;
307;0,0;0,0;0,0;0,0;0,0;0,0;;;;;;;;
308;-0,19200177139546348;-0,09300121913688189;0,1920207821438686;0,09301432641074805;1,9010748405129396e-05;1,310727386616417e-05;0,013167256298923308;0,013167256298923308;0,013167256298923308;0,9354404428968184;-0,6402827926965382;0,9355405166895726;-0,6393405123098183;1,316725629892331e-06
309;0,022000296751818794;0,010000204575680838;-0,022000000000633027;-0,009999999997211862;2,9675118576669157e-07;2,045784689760216e-07;0,0014427709462795436;0,0014427709462795436;0,0014427709462795436;0,9670630376133483;-0,6191272488588848;0,9670488393612402;-0,6192776691122138;1,4427709462795435e-07
310;0,14201948369922351;0,06901343464426236;-0,14200602921756764;-0,06900415736629749;1,3454481655877926e-05;9,277277964875319e-06;0,00923115775957177;0,00923115775957177;0,00923115775957177;0,9875637433251374;-0,126596985077218;0,9874626969758246;-0,12749104924762758;9,23115775957177e-07
311;0,060105412623332015;0,02900373157195658;-0,06010000004284035;-0,02899999977911418;5,412580491664931e-06;3,7317928423992452e-06;0,004056366978188847;0,004056366978188847;0,004056366978188847;0,9498854758178239;-0,5059145624604822;0,9497930096151286;-0,5067806154203037;4,056366978188847e-07
312;0,13901034775107204;0,0670071344140925;-0,13900005827435102;-0,06700004018164243;1,028947672102043e-05;7,094232450072235e-06;0,009072443388074225;0,009072443388074227;0,009072443388074227;0,9820413082512409;-0,310583481143243;0,981962720226362;-0,31129740281713564;9,072443388074227e-07
313;0,03410033163344914;0,01700022867846473;-0,03410008124110505;-0,017000056040316732;2,50392344088024e-07;1,7263814799939325e-07;0,0022282608960169942;0,002228260896016994;0,0022282608960169942;0,9872627958135557;-0,2638640941046165;0,9872549938466736;-0,2639284328100257;2,2282608960169945e-07
314;0,13211782441093806;0,06401228829482597;-0,13210000016009302;-0,06399999907126114;1,7824250845038803e-05;1,2289223564831975e-05;0,009015427534497536;0,009015427534497536;0,009015427534497536;0,9401644229923064;-0,5958681031619052;0,940027383025549;-0,5971513809390159;9,015427534497537e-07
315;0,12200778296397523;0,059005365417603824;-0,12200000000078139;-0,05899999999259178;7,782963193841974e-06;5,365425012046621e-06;0,008032390695726132;0,008032390695726133;0,008032390695726133;0,9741368084478448;-0,5266847251683905;0,9740696561109636;-0,5272942585240092;8,032390695726134e-07
316;0,13111757857639667;0,0640121183325141;-0,13110239532320922;-0,0640016507419797;1,5183253187445178e-05;1,0467590534413151e-05;0,008536614398978492;0,008536614398978492;0,008536614398978492;0,9868135861679954;-0,26264553757971404;0,9866902498156316;-0,2637237285316852;8,536614398978492e-07
317;0,13100239532355304;0,0640016507419856;-0,1310000000006596;-0,06399999999986396;2,3953228934503468e-06;1,6507421216477303e-06;0,008531356525456064;0,008531356525456064;0,008531356525456064;0,9866902498156316;-0,2637237285316852;0,9866707812100601;-0,2638933903205418;8,531356525456065e-07
318;0,15203331323953947;0,07302296851729483;-0,15201044249256354;-0,07300719940211084;2,287074697593372e-05;1,576911518398616e-05;0,009849712064780181;0,009849712064780181;0,009849712064780181;0,9886216613355836;-0,10140923761234827;0,9884607996950087;-0,10287445748220747;9,849712064780182e-07
319;0,12912253609547447;0,06301553773642199;-0,12910764780591155;-0,06300527346197318;1,4888289562919876e-05;1,0264274448806843e-05;0,00832307843698891;0,008323078436988911;0,008323078436988911;0,9966621593187106;-0,029476995163815925;0,9965381187066739;-0,0305516698898343;8,323078436988912e-07
320;0,12843701004809685;0,06202551641180723;-0,1284257020574004;-0,06201772027036859;1,1307990696457493e-05;7,796141438642934e-06;0,008264220512561118;0,008264220512561118;0,008264220512561118;0,9964314646079582;-0,03154317902571475;0,9963366412404956;-0,03238799613778512;8,264220512561117e-07
321;-0,018999999999787853;-0,008999999999903013;0,01900032705346341;0,009000225507411794;3,270536755584086e-07;2,2550750878105874e-07;0,0012273533249375944;0,0012273533249375944;0,0012273533249375944;0,9889649587664245;-0,09831404742491696;0,988983403610542;-0,09814019821488239;1,2273533249375944e-07
322;0,12602331820607243;0,061016077120158045;-0,12600000000018705;-0,06099999999872681;2,3318205885386467e-05;1,6077121431236352e-05;0,008152076736790416;0,008152076736790418;0,008152076736790418;0,9916370550865703;-0,07123015504710363;0,9914387972957297;-0,07299369125561349;8,152076736790418e-07
323;0,12601247657805628;0,061010533504442514;-0,1260000000001831;-0,06100000000017255;1,2476577873177241e-05;1,0533504269966132e-05;0,008175646593424112;0,00817564659342411;0,008175646593424112;0,9886922604729982;-0,10989574993436028;0,9885805438218123;-0,111550817380863;8,175646593424112e-07
324;0,12601137268127205;0,06100784210640289;-0,125999999999854;-0,06099999999990288;1,1372681418042596e-05;7,842106500011159e-06;0,008233551911213928;0,008233551911213926;0,008233551911213928;0,9817237471151178;-0,31344036916368556;0,9816280072747661;-0,3143009406757269;8,233551911213927e-07
325;0,05900329220949306;0,029002269792225123;-0,05900000000014357;-0,028999999999952408;3,292209349491093e-06;2,2697922727153708e-06;0,0038269715028262596;0,0038269715028262596;0,0038269715028262596;0,9918652095360045;-0,09155213623991357;0,9918055303578797;-0,09206174468005421;3,82697150282626e-07
326;0,19807467692493655;0,09505148651305384;-0,19802325934176684;-0,09501603581275629;5,141758316970502e-05;3,545070029754849e-05;0,013429654430380696;0,013429654430380696;0,013429654430380696;0,9445083873780504;-0,49672188342574114;0,9442431623888113;-0,49925638222380025;1,3429654430380695e-06
327;0,0;0,0;0,0;0,0;0,0;0,0;;;;;;;;
328;-0,07700000005923707;-0,03699999964482547;0,0770086577619745;0,03700596855912782;8,657702737432937e-06;5,968914302351136e-06;0,005217804165198925;0,005217804165198926;0,005217804165198926;0,9452648885800661;-0,4896355479403227;0,9453798402341456;-0,4885422767193812;5,217804165198927e-07
329;0,12201037196065553;0,05900715046734755;-0,12199999999990274;-0,059000000000149724;1,0371960752791898e-05;7,150467197826471e-06;0,007940734619326597;0,007940734619326597;0,007940734619326597;0,985403397412342;-0,3035135755440687;0,9853128731737767;-0,30432594137814056;7,940734619326596e-07
330;0,11500746745834824;0,05600514911870374;-0,11499999999995755;-0,05599999999966783;7,4674583906836345e-06;5,149119035909033e-06;0,007411068504823803;0,0074110685048238015;0,007411068504823803;0,9965381187066739;-0,0305516698898343;0,9964682539058056;-0,031160868981767696;7,411068504823803e-07
331;0,12201627446351579;0,059011220021232595;-0,12200000000174287;-0,05899999999263311;1,6274461772922133e-05;1,1220028599483178e-05;0,008032896405262047;0,008032896405262047;0,008032896405262047;0,9741487453041977;-0,5265737222925064;0,9740083337388236;-0,527848460081155;8,032896405262046e-07
332;-0,18012461066577298;-0,08701696638095346;0,18016141314329714;0,08704234045574441;3,680247752416155e-05;2,537407479094589e-05;0,012351590069397868;0,012351590069397865;0,012351590069397868;0,9350564541107181;-0,6439060691793598;0,9352629452969707;-0,6419477306855241;1,2351590069397869e-06
333;0,10932540911347738;0,053017518295112594;-0,10931584217252874;-0,05301092271247507;9,566940948640967e-06;6,595582637526631e-06;0,007040753562601951;0,007040753562601952;0,007040753562601952;0,9963366412404956;-0,03238799613778512;0,9962424539979475;-0,033218037593475504;7,040753562601952e-07
334;0,23203652205617556;0,11203063711933123;-0,23200124507828224;-0,11200085840581347;3,5276977893322625e-05;2,9778713517752964e-05;0,015387983129410074;0,015387983129410072;0,015387983129410074;0,9667516667400451;-0,6219961758615399;0,9665838970242429;-0,6245490523309676;1,5387983129410074e-06
335;0,0;0,0;0,0;0,0;0,0;0,0;;;;;;;;
336;-0,18613231986607584;-0,08902228140224241;0,1862233177619238;0,08908501989585675;9,09978958479607e-05;6,273849361433659e-05;0,012066149941615352;0,012066149941615353;0,012066149941615353;0,987241802353623;-0,11386237437913076;0,9877641294243524;-0,10905083138589745;1,2066149941615355e-06
337;0,10310490134788179;0,05000413775312018;-0,1031000000253351;-0,04999999994615424;4,901322546685405e-06;4,137806965939794e-06;0,006827347421706437;0,006827347421706438;0,006827347421706438;0,9690291468856758;-0,28722789301742574;0,9689765845838091;-0,2880200729140208;6,827347421706439e-07
338;0,10100466666727041;0,04900321794179536;-0,10100000000028506;-0,04900000000001594;4,666666985356227e-06;3,217941779418143e-06;0,00658991764493478;0,006589917644934781;0,006589917644934781;0,9835598675710046;-0,2968692404379292;0,983510776875302;-0,29730725911918976;6,589917644934781e-07
339;0,10100071570480297;0,04900049368010076;-0,10100000000045906;-0,049000000000827035;7,157043439148802e-07;4,936792737247897e-07;0,006598054826137444;0,006598054826137444;0,006598054826137444;0,9823053629461941;-0,30807138927959243;0,9822978428231287;-0,30813864194236684;6,598054826137444e-07
340;0,0;0,0;0,0;0,0;0,0;0,0;;;;;;;;
341;0,09921576713353814;0,04801087097384677;-0,09920749002034095;-0,04800516439269839;8,277113197188712e-06;5,706581148380574e-06;0,006387651838747216;0,006387651838747216;0,006387651838747216;0,9962424539979475;-0,033218037593475504;0,9961526442597428;-0,034014157191431714;6,387651838747215e-07
342;0,0;0,0;0,0;0,0;0,0;0,0;;;;;;;;
343;0,1810515990043285;0,08803557476478152;-0,18100838610100023;-0,08800578091624879;4,321290332826022e-05;2,979384853273037e-05;0,012311634984302258;0,012311634984302258;0,012311634984302258;0,9440861860499339;-0,5005201510456162;0,9438428464475549;-0,502768389445747;1,231163498430226e-06
344;-0,0051000415697728015;-0,0020000286518810327;0,0051001096813305;0,002000075611390238;6,811155769861216e-08;4,69595092052362e-08;0,0003301136245576257;0,00033011362455762566;0,0003301136245576257;0,9581043647537673;-0,43075565267431676;0,9581184532744895;-0,4305584929327432;3,301136245576257e-08
345;0,0;0,0;0,0;0,0;0,0;0,0;;;;;;;;
346;0,04900358580150307;0,024002471737502692;-0,04900000006511182;-0,02399999960905485;3,5857363912469853e-06;2,472128447842531e-06;0,003357960780206796;0,0033579607802067964;0,0033579607802067964;0,9381827761164692;-0,6144349916122086;0,9381087129936094;-0,6151100281455822;3,3579607802067966e-07
347;0,0210012303747971;0,010000848274256964;-0,020999999999946953;-0,009999999999952994;1,2303748501453493e-06;8,482743039696372e-07;0,0013596232762076654;0,0013596232762076652;0,0013596232762076654;0,987749832526632;-0,10918558041081194;0,9876871743771708;-0,10976909316381533;1,3596232762076655e-07
348;0,0211015122778753;0,010001042655514766;-0,02110123037478758;-0,010000848274281804;2,8190308771700034e-07;1,9438123296210141e-07;0,0013649028797786279;0,0013649028797786279;0,0013649028797786279;0,9877641294243524;-0,10905083138589745;0,987749832526632;-0,10918558041081194;1,3649028797786278e-07
349;0,038001245071582215;0,01800085842907848;-0,03800000000129139;-0,017999999994842395;1,2450702908256561e-06;8,584342360840047e-07;0,0025116340644588363;0,0025116340644588363;0,0025116340644588363;0,9665838970242429;-0,6245490523309676;0,9665495842314857;-0,6248798924639923;2,5116340644588365e-07
350;-0,08100000000401095;-0,03899999997713907;0,08100248524565967;0,039001713467961184;2,4852416487253226e-06;1,713490822112529e-06;0,005322736903441385;0,005322736903441386;0,005322736903441386;0,9751328691870245;-0,2162616167606964;0,9751652204837067;-0,21596480914423646;5,322736903441386e-07
351;0,08601038785044424;0,04100716191409661;-0,08599999999999795;-0,04099999999998375;1,0387850446283431e-05;7,161914112860379e-06;0,005573188558524801;0,0055731885585248025;0,0055731885585248025;0,9871055467556606;-0,11512782840559378;0,9869764802419401;-0,1163271318931122;5,573188558524803e-07
352;0,04200160265867494;0,020001105052968933;-0,04199999999974759;-0,020000000000039892;1,6026589273465675e-06;1,1050529290408673e-06;0,002716943704442933;0,002716943704442933;0,002716943704442933;0,9885651699777005;-0,1019153581645183;0,9885243258421993;-0,10229552390132737;2,716943704442933e-07
353;0,00010000000491320236;3,3503988508502085e-12;-0,00010000000005124962;1,7545967747435243e-15;4,8619527457868794e-12;3,352153447624952e-12;6,078696007564478e-06;6,078696007564478e-06;6,078696007564478e-06;0,9497930096151286;-0,5067806154203037;0,9497929634366431;-0,5067825360626577;6,078696007564478e-10
354;0,0;0,0;0,0;0,0;0,0;0,0;;;;;;;;
355;0,08100911940329025;0,03900628716313765;-0,08100000000989509;-0,03899999994361576;9,119393395165543e-06;6,287219521887433e-06;0,0053551225682224495;0,0053551225682224495;0,0053551225682224495;0,9693536421925029;-0,2982663499818491;0,969235650897487;-0,2993551948216083;5,355122568222449e-07
356;0,08100602921766478;0,03900415736631311;-0,08100000000024757;-0,0389999999999791;6,02921741721385e-06;4,157366334009427e-06;0,005256698291640019;0,00525669829164002;0,00525669829164002;0,9874626969758246;-0,12749104924762758;0,9873832244112718;-0,1282113158691861;5,25669829164002e-07
357;0,08100507130386411;0,03900349621259477;-0,0810000000000514;-0,03899999999992441;5,071303812706485e-06;3,4962126703591556e-06;0,005215711521219152;0,005215711521219152;0,005215711521219152;0,9952097736738058;-0,042590645509809975;0,9951424053705993;-0,04319611909100284;5,215711521219151e-07
358;0,07900082960246085;0,038000700528304975;-0,0790000000016283;-0,03799999999452954;8,296008325581194e-07;7,005337754328878e-07;0,0052017384838014226;0,005201738483801423;0,005201738483801423;0,9730115650350297;-0,5648399806181246;0,9729998967865706;-0,5650175494539743;5,201738483801424e-07
359;0,0;0,0;0,0;0,0;0,0;0,0;;;;;;;;
360;0,05500264113046366;0,027001820962347392;-0,05500000000172371;-0,026999999992600558;2,6411287399469296e-06;1,8209697468345165e-06;0,003658088557729462;0,003658088557729462;0,003658088557729462;0,9670630376133483;-0,6191272488588848;0,9670129537676164;-0,619567442936629;3,658088557729462e-07
361;0,0;0,0;0,0;0,0;0,0;0,0;;;;;;;;
362;0,0;0,0;0,0;0,0;0,0;0,0;;;;;;;;
363;-9,999999995057916e-05;4,2806595746707117e-14;0,00010000001250640626;8,614015357673137e-12;1,2555827105559421e-11;8,656821953419844e-12;5,9819579507060145e-06;5,981957950706016e-06;5,981957950706016e-06;0,9651526701824329;-0,6365344328906769;0,9651527913653368;-0,6365294728976748;5,981957950706017e-10
364;0,07700800594716063;0,03700551930685631;-0,0770000000383969;-0,036999999780741345;8,005908763736302e-06;5,519526114966533e-06;0,005200057146951099;0,005200057146951098;0,005200057146951099;0,9485975970915952;-0,47087611656703515;0,9484909368842984;-0,47188707859985823;5,200057146951099e-07
365;0,07100694342245913;0,03400478725709041;-0,07099999999981751;-0,03399999999989291;6,9434226416115186e-06;4,787257197505501e-06;0,0045943264977320935;0,004594326497732093;0,0045943264977320935;0,9893597064783732;-0,09474437348020942;0,9892550260526067;-0,09570415320008979;4,5943264977320937e-07
366;0,0;0,0;0,0;0,0;0,0;0,0;;;;;;;;
367;-9,999999959241844e-05;1,163934944468757e-13;0,00010000001151187069;8,101472100858985e-12;1,1919452241621747e-11;8,21786559530586e-12;6,175842179811851e-06;6,1758421798118515e-06;6,1758421798118515e-06;0,9348526889559243;-0,645841417250007;0,9348528003852477;-0,6458367087603889;6,175842179811851e-10
368;0,06810711161181919;0,033004903494625065;-0,06810206956670488;-0,03300142687897269;5,042045114311833e-06;3,4766156523785563e-06;0,004386430792522084;0,004386430792522084;0,004386430792522084;0,9961526442597428;-0,034014157191431714;0,9960729673739441;-0,03471811973716557;4,386430792522083e-07
369;0,0680041271499164;0,03300284544057414;-0,067999999999979;-0,03299999999997842;4,1271499374023746e-06;2,8454405957209494e-06;0,004371175543955132;0,0043711755439551315;0,004371175543955132;0,9983934160037831;-0,014172970919612962;0,9983279653178501;-0,014747535931154167;4,3711755439551325e-07
370;0,0;0,0;0,0;0,0;0,0;0,0;;;;;;;;
371;0,0;0,0;0,0;0,0;0,0;0,0;;;;;;;;
372;0,0;0,0;0,0;0,0;0,0;0,0;;;;;;;;
373;0,08501044249250655;0,041007199402439604;-0,08500421063296695;-0,0410029032031491;6,231859539601592e-06;4,296199290501623e-06;0,005512885103848301;0,0055128851038483;0,005512885103848301;0,9884607996950087;-0,10287445748220747;0,9883824686617712;-0,103579880473538;5,512885103848301e-07
374;0,0;0,0;0,0;0,0;0,0;0,0;;;;;;;;
375;0,06200478394821095;0,030004038729501414;-0,06199999999998025;-0,030000000000071726;4,783948230696611e-06;4,038729429688137e-06;0,004007154776047513;0,0040071547760475125;0,004007154776047513;0,9924618893266526;-0,06617616914406885;0,992374498477676;-0,06746693491683181;4,0071547760475136e-07
376;0,1220092076281668;0,05900634711041911;-0,12200000017767479;-0,05899999888189931;9,207450492015878e-06;6,348228519803545e-06;0,008365169689305238;0,008365169689305238;0,008365169689305238;0,9353959873682324;-0,6407410945941517;0,9353197023622558;-0,6414624799813579;8,365169689305238e-07
377;0,06000073274129806;0,029000505123860515;-0,06000000000044682;-0,02900000000038008;7,32740851237812e-07;5,051234804355487e-07;0,0038532893650644177;0,0038532893650644177;0,0038532893650644177;0,9985133305311684;-0,03726152302936375;0,9985001521635485;-0,03737838273998452;3,8532893650644177e-07
378;0,0;0,0;0,0;0,0;0,0;0,0;;;;;;;;
379;0,06800265488041897;0,03300183064932265;-0,06799999999963897;-0,03300000000006458;2,6548807799953167e-06;1,8306492580652534e-06;0,004418928084871668;0,004418928084871669;0,004418928084871669;0,9875813200185619;-0,11064558602513917;0,9875396709369885;-0,11101537124875298;4,418928084871669e-07
380;0,05600220085111454;0,027001517480189353;-0,05599999999980676;-0,027000000000011376;2,2008513077820258e-06;1,5174801779767322e-06;0,0035986098683900495;0,003598609868390049;0,0035986098683900495;0,9974653257162466;-0,022385780791589503;0,9974229462804172;-0,022764612167236645;3,5986098683900495e-07
381;0,05600055077502475;0,027000379937362595;-0,05600000000081071;-0,026999999999781962;5,50774214042038e-07;3,799375806329275e-07;0,0035893742276651595;0,0035893742276651595;0,0035893742276651595;1,0;0,0;0,9999893657855402;-9,49573051874337e-05;3,5893742276651593e-07
382;0,053103689586721084;0,02600254391198521;-0,053101334242330794;-0,0260009199250921;2,3553443902896154e-06;1,6239868931081092e-06;0,003425989149993083;0,0034259891499930826;0,003425989149993083;0,9964314646079582;-0,03154317902571475;0,9963837810416224;-0,03195282069267921;3,425989149993083e-07
383;-0,12210000019006603;-0,05899999886401441;0,1221246105908666;0,059016966910530815;2,4610400800567644e-05;1,696804651640793e-05;0,008374907830478747;0,008374907830478747;0,008374907830478747;0,9348528003852477;-0,6458367087603889;0,9350564541107181;-0,6439060691793598;8,374907830478748e-07
384;0,05200025706893329;0,025000177236572524;-0,052000000000313046;-0,0249999999963747;2,5706862024493793e-07;1,7724019782394684e-07;0,003423775007985613;0,003423775007985613;0,003423775007985613;0,9729563900526746;-0,5653664493687439;0,9729511881469738;-0,5654144642279172;3,4237750079856134e-07
385;-0,07110508759976569;-0,03400350749034998;0,07110800127436935;0,03400551637133527;2,9136746036578787e-06;2,008880985289452e-06;0,004705714593752691;0,00470571459375269;0,004705714593752691;0,9670201539411475;-0,6195308958700655;0,9670630376133483;-0,6191272488588848;4,705714593752691e-07
386;-0,2021000000151022;-0,09800000001034133;0,20234402881982305;0,09816824969239235;0,00024402880472085275;0,0001682496820510221;0,012984620549802407;0,012984620549802406;0,012984620549802407;0,9986972440498031;-0,011442816349372826;1,0;0,0;1,2984620549802407e-06
387;-0,07100000000206148;-0,03399999999072005;0,07100508759965737;0,034003507490261146;5,087597595890281e-06;3,5074995410958043e-06;0,004700329095636645;0,004700329095636646;0,004700329095636646;0,9669451833309676;-0,6202340173695761;0,9670201539411475;-0,6195308958700655;4,700329095636646e-07
388;0,0;0,0;0,0;0,0;0,0;0,0;;;;;;;;
389;0,00010000000709331601;5,061042441712741e-12;-9,999999996765367e-05;-1,4849077957920033e-13;7,125662337742131e-12;4,912551662133541e-12;5,848114502105562e-06;5,848114502105562e-06;5,848114502105562e-06;0,987241802353623;-0,11386237437913076;0,9872417320061094;-0,11386518906369383;5,848114502105562e-10
390;0,05000182251518971;0,024001256405140763;-0,050000000000216614;-0,0240000000001712;1,8225149730974333e-06;1,2564049695629187e-06;0,0032129331653201246;0,0032129331653201246;0,0032129331653201246;0,9966621593187106;-0,029476995163815925;0,9966228647966898;-0,02983237683476566;3,2129331653201245e-07
391;0,0;0,0;0,0;0,0;0,0;0,0;;;;;;;;
392;0,1210232592855654;0,058016036183476456;-0,12100000009730359;-0,05799999940449424;2,3259188261806618e-05;1,603677898221606e-05;0,00820620566794987;0,008206205667949872;0,008206205667949872;0,9442431623888113;-0,49925638222380025;0,9440468287169052;-0,5011380080275866;8,206205667949872e-07
393;0,0;0,0;0,0;0,0;0,0;0,0;;;;;;;;
394;0,04500074719221058;0,02200051516414012;-0,045000000000325;-0,022000000000377697;7,471918855792015e-07;5,151637624233041e-07;0,002918547473010789;0,0029185474730107895;0,0029185474730107895;0,9909020415015481;-0,10446685264219914;0,990884286448019;-0,10462085992921002;2,9185474730107894e-07
395;0,04500014097835947;0,0220000972462664;-0,04499999999867671;-0,02200000000115675;1,4097968276116646e-07;9,724510964884137e-08;0,002928379499736635;0,0029283794997366354;0,0029283794997366354;0,9875607341006677;-0,12609647084262401;0,9875573949528443;-0,12612557482879347;2,928379499736635e-07
396;0,052004210633261896;0,025002903203169776;-0,05200000000028536;-0,02500000000002148;4,210632976536788e-06;2,9032031482953413e-06;0,0033706159211390314;0,0033706159211390314;0,0033706159211390314;0,9883824686617712;-0,103579880473538;0,9882959197948621;-0,10436637197069326;3,3706159211390315e-07
397;0,04300030031312125;0,021000207096704356;-0,04300000000019886;-0,021000000000537384;3,003129223910772e-07;2,0709616697228705e-07;0,002797635372950294;0,002797635372950294;0,002797635372950294;0,9875731573132845;-0,11074731304791866;0,9875657128460129;-0,11081232860108409;2,797635372950294e-07
398;0,04100080878312078;0,020000557662894092;-0,041000000000126206;-0,0200000000000378;8,087829945768732e-07;5,576628562924124e-07;0,002675918536500788;0,002675918536500788;0,002675918536500788;0,9842643893798512;-0,2905880617998537;0,9842434306369613;-0,29077221155833377;2,675918536500788e-07
399;-0,04100000000016791;-0,019999999999946488;0,041000995385488105;0,02000068621255359;9,953853201960516e-07;6,862126071018049e-07;0,0026423891196219623;0,0026423891196219623;0,0026423891196219623;0,9967325481748985;-0,028856173202346333;0,9967586687303185;-0,028629666414086465;2,642389119621962e-07
400;0,033100850961188935;0,016000586802805344;-0,03310000000863237;-0,016000000005879537;8,509525565650322e-07;5,867969258069317e-07;0,0021493535585490548;0,0021493535585490548;0,0021493535585490548;0,9875731573132845;-0,11074731304791866;0,9875457177643874;-0,1109935006258703;2,1493535585490549e-07
401;0,04000137277664512;0,019000946415237367;-0,040000000000189405;-0,019000000000022117;1,3727764557117106e-06;9,464152152492689e-07;0,0025668657704383618;0,0025668657704383618;0,0025668657704383618;0,9960729673739441;-0,03471811973716557;0,9960359433908987;-0,035062111159938125;2,5668657704383615e-07
402;0,00010000000837377679;6,007569495143335e-12;-9,99999998292693e-05;-1,1572501564785592e-13;8,544507481655743e-12;5,891844479495479e-12;5,8463148302911905e-06;5,846314830291191e-06;5,846314830291191e-06;0,9875457177643874;-0,1109935006258703;0,9875456333834749;-0,11099687640380416;5,846314830291191e-10
403;0,0;0,0;0,0;0,0;0,0;0,0;;;;;;;;
404;0,0;0,0;0,0;0,0;0,0;0,0;;;;;;;;
405;0,03710068278363196;0,018000470676536182;-0,037100242932267866;-0,018000167473016738;4,3985136409518955e-07;3,0320351944446156e-07;0,0023936310027483933;0,0023936310027483933;0,0023936310027483933;0,994643914967608;-0,11590539769334422;0,9946311773982505;-0,1160176513469626;2,3936310027483934e-07
406;0,034001005528411066;0,017000693302418816;-0,03399999999961697;-0,01699999999992225;1,0055287940971547e-06;6,933024965655177e-07;0,00220272592839063;0,0022027259283906304;0,0022027259283906304;0,9963837810416224;-0,03195282069267921;0,9963520810928037;-0,032209683789472796;2,2027259283906306e-07
407;0,03400008124732676;0,017000056039278528;-0,03400000000320277;-0,016999999998623665;8,124412399085346e-08;5,604065486317089e-08;0,002223028720089438;0,002223028720089438;0,002223028720089438;0,9872549938466736;-0,2639284328100257;0,987252455691362;-0,26394921911653113;2,223028720089438e-07
408;0,0;0,0;0,0;0,0;0,0;0,0;;;;;;;;
409;0,031000197210891034;0,015000135950448502;-0,030999999999305194;-0,015000000000334003;1,9721158583951848e-07;1,3595011449929473e-07;0,0019990452931077994;0,0019990452931077994;0,0019990452931077994;0,9946311773982505;-0,1160176513469626;0,9946243401429365;-0,11607834193164678;1,9990452931077994e-07
410;-0,03500000001773996;-0,01699999990169319;0,03500258119008831;0,01700177953351749;2,5811723483523674e-06;1,7796318242981057e-06;0,002367443039801223;0,002367443039801223;0,002367443039801223;0,9489050789141924;-0,4601679433089099;0,948980662202827;-0,45947139775420065;2,367443039801223e-07
411;0,029103700703853867;0,014002551467933114;-0,02910146553040429;-0,014001010408771499;2,2351734495773545e-06;1,5410591616155794e-06;0,0018666840862127667;0,0018666840862127667;0,0018666840862127667;0,9989203551908377;-0,00951102974113792;0,9988373936118073;-0,010255504657953855;1,8666840862127666e-07
412;0,029000062023069182;0,014000052360817942;-0,02900000000284009;-0,014000000004699885;6,202022909129745e-08;5,235611805730345e-08;0,0018814801126318397;0,0018814801126318397;0,0018814801126318397;0,9881666188731165;-0,1176815628306464;0,9881642065208208;-0,11771747864468315;1,8814801126318395e-07
413;0,0;0,0;0,0;0,0;0,0;0,0;;;;;;;;
414;-9,999999752270916e-05;1,059751053344528e-12;9,999999811913624e-05;-6,483469765860853e-13;5,96427082526739e-13;4,1140407675844257e-13;6,0232067178321894e-06;6,023206717832191e-06;6,023206717832191e-06;0,9585429853796789;-0,426719345323408;0,958542991096689;-0,42671910960622716;6,023206717832191e-10
415;0,02800069679085004;0,014000480463690367;-0,027999999999939237;-0,013999999999983226;6,967909108035464e-07;4,804637071410128e-07;0,0018145664776467757;0,001814566477646776;0,001814566477646776;0,9960729673739441;-0,03471811973716557;0,9960463011366093;-0,034934312618723797;1,814566477646776e-07
416;0,02600024819794914;0,013000171110328087;-0,026000000004873857;-0,01299999997391353;2,481930752827599e-07;1,7113641455693274e-07;0,0017373194629417377;0,001737319462941738;0,001737319462941738;0,9660342004418337;-0,34770154110669743;0,966024279779202;-0,3477844690683985;1,737319462941738e-07
417;0,07000177122229165;0,03400122024630659;-0,07000000010386782;-0,033999999358108234;1,7711184238239364e-06;1,2208881983583053e-06;0,004803170796925367;0,004803170796925366;0,004803170796925367;0,9354404428968184;-0,6402827926965382;0,9354148813967923;-0,640521620910501;4,803170796925367e-07
418;0,0240014509761091;0,012001000374494029;-0,023999999999959453;-0,011999999999951222;1,4509761496472873e-06;1,0003745428074917e-06;0,0015510974119502922;0,0015510974119502918;0,0015510974119502922;0,9988373936118073;-0,010255504657953855;0,9987724346285356;-0,010780464997190365;1,5510974119502923e-07
419;0,024000820254450463;0,01200056552587833;-0,024000000000056254;-0,011999999999909531;8,202543942091578e-07;5,655259687990105e-07;0,0015509247459281677;0,0015509247459281675;0,0015509247459281677;0,9989203551908377;-0,00951102974113792;0,9988836289773717;-0,00980780862139182;1,5509247459281678e-07
420;0,02400036003983353;0,012000248185129467;-0,02399999999979388;-0,012000000000016121;3,600400396500114e-07;2,481851133460944e-07;0,0015771249933218263;0,0015771249933218261;0,0015771249933218263;0,9823053629461941;-0,30807138927959243;0,9822895109979483;-0,3082015729176826;1,5771249933218264e-07
421;0,0;0,0;0,0;0,0;0,0;0,0;;;;;;;;
422;0,023000142204973883;0,011000098006895746;-0,023000000007450196;-0,010999999954274942;1,4219752368649363e-07;9,805262080400667e-08;0,0015356327323152725;0,0015356327323152723;0,0015356327323152725;0,958542991096689;-0,42671910960622716;0,9585365775693824;-0,42678002232746187;1,5356327323152724e-07
423;0,023000063480743887;0,011000043740642796;-0,023000000000289886;-0,010999999984968811;6,348045400103586e-08;4,3755673985110266e-08;0,0015215502047547145;0,001521550204754715;0,001521550204754715;0,9674110888685761;-0,28517982023166044;0,9674081994987053;-0,2852069779541498;1,5215502047547148e-07
424;0,022000617220809517;0,01000042554274379;-0,022000000000006587;-0,009999999999899721;6,172208029293913e-07;4,255428440683856e-07;0,0014053623618097801;0,0014053623618097801;0,0014053623618097801;0,99282051006168;-0,06375536284638725;0,9927901920600097;-0,06406829563061628;1,40536236180978e-07
425;0,02130053646569083;0,010000369893342896;-0,021300127809812348;-0,010000088138811085;4,0865587848382123e-07;2,8175453181157606e-07;0,0013650845754840948;0,0013650845754840945;0,0013650845754840948;0,9952335707597766;-0,09648368483683338;0,9952128611763523;-0,09668182274300569;1,3650845754840948e-07
426;0,021000513360604506;0,01000035378935585;-0,021000000019586896;-0,00999999987897901;5,133410176105802e-07;3,539103768396973e-07;0,0014266644270397497;0,0014266644270397495;0,0014266644270397497;0,9412991507184464;-0,5271415271911101;0,9412742369292191;-0,5273849703890979;1,4266644270397496e-07
427;0,0210001277619381;0,010000088106009221;-0,02100000000007112;-0,01000000000002742;1,2776186697829872e-07;8,810598180197804e-08;0,00134935084852591;0,00134935084852591;0,00134935084852591;0,9952128611763523;-0,09668182274300569;0,9952063048467522;-0,09674246552546184;1,34935084852591e-07
428;0,02100007167825074;0,010000060521556968;-0,020999999999617006;-0,00999999999913082;7,167863373333527e-08;6,052242614712489e-08;0,0013635864221652476;0,0013635864221652474;0,0013635864221652476;0,9848203888654381;-0,13089388571958052;0,9848165470326419;-0,13095257761507562;1,3635864221652476e-07
429;0,02100007662272407;0,010000052778808608;-0,021000000010578133;-0,009999999946976935;7,661214593626675e-08;5,283183167337224e-08;0,0014130349832488056;0,0014130349832488054;0,0014130349832488056;0,9503570626306467;-0,4414549761163163;0,9503533083424813;-0,441491338883259;1,4130349832488056e-07
430;0,021000081222454507;0,010000056000123086;-0,02099999999963988;-0,009999999999714642;8,122281462685788e-08;5,600040844412624e-08;0,0013608325975914967;0,0013608325975914969;0,0013608325975914969;0,9868135861679954;-0,26264553757971404;0,9868094534550327;-0,2626840643746875;1,3608325975914968e-07
431;0,02100005476603648;0,010000037690271066;-0,02100000000734677;-0,009999999946316448;5,475868971108189e-08;3,7743954618002507e-08;0,0014131647588839415;0,0014131647588839415;0,0014131647588839415;0,9502687169240771;-0,44227299152650806;0,9502660340963232;-0,44229894253904334;1,4131647588839414e-07
432;0,0;0,0;0,0;0,0;0,0;0,0;;;;;;;;
433;0,0;0,0;0,0;0,0;0,0;0,0;;;;;;;;
434;0,019000328713829995;0,009000226622506904;-0,018999999999891454;-0,009000000000002884;3,287139385410587e-07;2,2662250401955797e-07;0,0012182375968166777;0,001218237596816678;0,001218237596816678;0,9963837810416224;-0,03195282069267921;0,9963651044495484;-0,032127479082390234;1,2182375968166778e-07
435;0,019000292944097986;0,009000201975055966;-0,01900000000019656;-0,009000000000054166;2,9294390142473037e-07;2,0197500179980343e-07;0,0012182927507973583;0,001218292750797358;0,0012182927507973583;0,9963366412404956;-0,03238799613778512;0,9963199974877791;-0,032543681196679754;1,2182927507973583e-07
436;0,018100432203028375;0,0090002979313483;-0,018100174515866072;-0,009000120287029274;2,5768716230278876e-07;1,7764431902572708e-07;0,0012081268337194176;0,0012081268337194174;0,0012081268337194176;0,9660342004418337;-0,34770154110669743;0,966019394006439;-0,34782719967616205;1,2081268337194175e-07
437;0,018000174515702697;0,009000120286841254;-0,018000000003233246;-0,008999999981303996;1,7451246945091037e-07;1,2030553725797533e-07;0,0012027782556100054;0,0012027782556100052;0,0012027782556100054;0,966019394006439;-0,34782719967616205;0,9660093189473149;-0,3479113581568094;1,2027782556100055e-07
438;0,018000015062618013;0,009000010367605827;-0,01800000000310806;-0,008999999998762912;1,505950995156491e-08;1,0368842914484921e-08;0,0011711276908886023;0,0011711276908886025;0,0011711276908886025;0,9921173057579379;-0,09355547988337803;0,992116413120747;-0,09356270955495066;1,1711276908886024e-07
439;0,01700020152719184;0,008000138952431075;-0,016999999999838925;-0,00799999999994379;2,0152735291309454e-07;1,3895248728544585e-07;0,0010889461800073076;0,0010889461800073076;0,0010889461800073076;0,9961526442597428;-0,034014157191431714;0,9961398395291887;-0,03413588456164852;1,0889461800073075e-07
440;-0,023200142208700182;-0,011000098008703609;0,023201151884512865;0,011000794133969006;1,009675812683325e-06;6,961252653966965e-07;0,0015465089429622;0,0015465089429622;0,0015465089429622;0,958542991096689;-0,42671910960622716;0,958588184230951;-0,4262807811190285;1,5465089429621998e-07
441;0,01500016291742747;0,007000112316973866;-0,01499999999997192;-0,006999999999957557;1,6291745555049864e-07;1,1231701630906588e-07;0,0009576915409478849;0,0009576915409478849;0,0009576915409478849;0,997916313111108;-0,01840067950507287;0,9979045495592029;-0,018514502932437397;9,57691540947885e-08
442;0,01400029249375749;0,007000201650414172;-0,014000000000857942;-0,0069999999952618215;2,9249289954826063e-07;2,0165515235079368e-07;0,0009276046493619996;0,0009276046493619997;0,0009276046493619997;0,9742474077131428;-0,22402879404192727;0,9742255115458779;-0,22421020052546803;9,276046493619997e-08
443;0,01400018034689819;0,007000124342814725;-0,01400000000041947;-0,006999999999962096;1,8034647871964515e-07;1,2434285262975103e-07;0,0009068480379667607;0,0009068480379667606;0,0009068480379667607;0,9965381187066739;-0,0305516698898343;0,9965243087054797;-0,03066354117539876;9,068480379667608e-08
444;0,014000176880979912;0,007000121945277951;-0,013999999999777126;-0,006999999999959612;1,7688120278538944e-07;1,2194531833886052e-07;0,0009071987130008016;0,0009071987130008016;0,0009071987130008016;0,9961526442597428;-0,034014157191431714;0,9961391050845918;-0,03412385163619881;9,071987130008017e-08
445;0,014200399447308679;0,006000275402027923;-0,014200386096220131;-0,006000266192700423;1,3351088547219891e-08;9,209327500245279e-09;0,0009011714647455646;0,0009011714647455646;0,0009011714647455646;0,9876546178819522;-0,12526871139646106;0,9876536003275769;-0,12528092637493382;9,011714647455647e-08
446;0,014100386097940544;0,006000266192529632;-0,01410007812984203;-0,006000053867146307;3,0796809851428575e-07;2,123253833247532e-07;0,0008957896463007919;0,0008957896463007919;0,0008957896463007919;0,9876536003275769;-0,12528092637493382;0,9876299778276506;-0,12556054568758898;8,95789646300792e-08
447;0,0;0,0;0,0;0,0;0,0;0,0;;;;;;;;
448;0,013000058274558846;0,006000040181853062;-0,013000000000250542;-0,006000000000006036;5,827430830419866e-08;4,018184702591493e-08;0,0008418281004661994;0,0008418281004661995;0,0008418281004661995;0,981962720226362;-0,31129740281713564;0,9819579366198886;-0,31134567585855655;8,418281004661994e-08
449;-0,07300258120700147;-0,03500177943034394;0,07301029611590146;0,035007098350555356;7,714908899988937e-06;5,3189202114181655e-06;0,0049255172125647435;0,0049255172125647435;0,0049255172125647435;0,948980662202827;-0,45947139775420065;0,9490891598647414;-0,45843775881291043;4,925517212564743e-07
450;0,012000150862714325;0,006000104026873466;-0,012000000000258268;-0,006000000000031693;1,5086245605706872e-07;1,0402684177349825e-07;0,0007768358663180677;0,0007768358663180678;0,0007768358663180678;0,9971310276824007;-0,025336329306150752;0,9971175416075444;-0,025445555027547882;7,768358663180678e-08
451;0,0;0,0;0,0;0,0;0,0;0,0;;;;;;;;
452;0,07700838601294303;0,03700578144325596;-0,07700000006426251;-0,036999999612701964;8,38594868052267e-06;5,781830553996947e-06;0,005226281118823996;0,005226281118823995;0,005226281118823996;0,9438428464475549;-0,502768389445747;0,9437316822745744;-0,503827513193783;5,226281118823995e-07
453;-0,010100000006680621;-0,005000000005628096;0,01010009931241862;0,005000083843467731;9,930573799908637e-08;8,38378396350245e-08;0,0006601804435991695;0,0006601804435991697;0,0006601804435991697;0,9855886098034833;-0,27351681112568166;0,9855996458012553;-0,27335881824232006;6,601804435991697e-08
454;0,010000042382670698;0,005000029216430874;-0,009999999999800726;-0,004999999999303488;4,2382869972282244e-08;2,9217127385863795e-08;0,0006552946232602033;0,0006552946232602033;0,0006552946232602033;0,9850533553186608;-0,12780723081025555;0,9850488641706976;-0,12784401770671852;6,552946232602032e-08
455;0,010000075039379207;0,005000051738892919;-0,010000000000310757;-0,004999999999971606;7,503906845028607e-08;5,173892131307006e-08;0,000647937088694878;0,0006479370886948781;0,0006479370886948781;0,9962424539979475;-0,033218037593475504;0,9962344117133727;-0,033283213936727216;6,479370886948781e-08
456;0,0;0,0;0,0;0,0;0,0;0,0;;;;;;;;
457;0,009000125526322924;0,004000086525836799;-0,009000000002423418;-0,003999999983136492;1,2552389950550025e-07;8,654270030727246e-08;0,0005934889573365964;0,0005934889573365964;0,0005934889573365964;0,9581184532744895;-0,4305584929327432;0,9581038754149437;-0,4307219834838082;5,934889573365964e-08
458;0,009000072695552398;0,00400005012117573;-0,00899999999993362;-0,003999999999983032;7,269561877812358e-08;5,012119269794113e-08;0,0005757511352189424;0,0005757511352189423;0,0005757511352189424;0,9876299778276506;-0,12556054568758898;0,9876212750976177;-0,12565523543745086;5,757511352189424e-08
459;0,0;0,0;0,0;0,0;0,0;0,0;;;;;;;;
460;0,0;0,0;0,0;0,0;0,0;0,0;;;;;;;;
461;0,006000045719732851;0,0030000315230751078;-0,005999999999885653;-0,0029999999999887387;4,57198471980752e-08;3,1523086369087544e-08;0,00038939208653528487;0,0003893920865352849;0,0003893920865352849;0,9946311773982505;-0,1160176513469626;0,9946230239567307;-0,11608383249296075;3,893920865352849e-08
462;0,005000041570020992;0,002000028652031523;-0,005000000000962866;-0,001999999991559162;4,156905812624512e-08;2,866047236083774e-08;0,0003245110755075265;0,00032451107550752654;0,00032451107550752654;0,9581043647537673;-0,43075565267431676;0,9580956042481018;-0,4308745190830365;3,245110755075265e-08
463;0,005000014554104227;0,0020000100340582206;-0,004999999999889284;-0,001999999999876079;1,4554214942605337e-08;1,0034182141432924e-08;0,00031127552134731955;0,00031127552134731955;0,00031127552134731955;0,9988373936118073;-0,010255504657953855;0,9988341959837367;-0,010297118016367261;3,1127552134731954e-08
464;0,005000022946336775;0,0020000158213938145;-0,004999999999876008;-0,0020000000000748477;2,2946460767094e-08;1,5821318966741105e-08;0,00031199038886997653;0,0003119903888699765;0,00031199038886997653;0,996550584549565;-0,030491658730957227;0,9965455545731348;-0,03055727920326375;3,1199038886997655e-08
465;0,005000005434805487;0,002000003746596396;-0,004999999999966275;-0,002000000000481841;5,434839211483633e-09;3,746114554843694e-09;0,00031480717855330464;0,00031480717855330464;0,00031480717855330464;0,9876299778276506;-0,12556054568758898;0,9876287972221042;-0,1255760765679668;3,1480717855330464e-08
466;0,0002000000481522779;3,311707460360335e-11;-0,00020000000386929403;-2,5854414150806653e-12;4,4282983882463003e-11;3,0531633188522684e-11;1,1602551187106894e-05;1,1602551187106897e-05;1,1602551187106897e-05;0,9952128611763523;-0,09668182274300569;0,9952126408214164;-0,09669056940935253;1,1602551187106898e-09
467;-9,999999972322361e-05;-2,278717896850074e-13;0,00010000000799571713;5,931478831769694e-12;8,272493516483896e-12;5,703607042084686e-12;6,141845714054369e-06;6,141845714054368e-06;6,141845714054369e-06;0,9400273052618492;-0,5971546488648588;0,940027383025549;-0,5971513809390159;6,141845714054369e-10
468;0,00010000000981479858;6,844837531511901e-12;-9,999999969354629e-05;1,334266949178228e-13;1,0121252292760556e-11;6,978264226429724e-12;5,958351677851683e-06;5,958351677851683e-06;5,958351677851683e-06;0,9689765845838091;-0,2880200729140208;0,9689764865112517;-0,28802407116452117;5,958351677851684e-10
469;-9,99999996100823e-05;1,193798710974719e-13;0,00010000000269889259;2,0102512938028672e-12;3,088810281224978e-12;2,129631164900339e-12;5,933983095298195e-06;5,933983095298193e-06;5,933983095298195e-06;0,9729556988389464;-0,5653945136907701;0,9729557288917025;-0,5653932935020244;5,933983095298195e-10
470;-9,999999975892822e-05;3,5502989572744684e-14;0,00010000000765054809;5,4051500113538704e-12;7,891619866265409e-12;5,440653000926615e-12;5,854030329818051e-06;5,8540303298180504e-06;5,854030329818051e-06;0,9862440665143287;-0,28057072734464705;0,9862441443449632;-0,28056761008033637;5,854030329818051e-10
471;-9,999999995606897e-05;5,591083759758428e-14;0,0001000000065713672;5,528899749037271e-12;6,6152982207802816e-12;5,584810586634855e-12;5,85792389833473e-06;5,857923898334731e-06;5,857923898334731e-06;0,9855885446038604;-0,27352001098623346;0,9855886098034833;-0,27351681112568166;5,857923898334731e-10
472;0,0001000000036343609;2,8172792986336393e-12;-9,999999994411212e-05;-2,72976439074812e-13;3,690248776585907e-12;2,5443028595588273e-12;5,801275692158535e-06;5,8012756921585326e-06;5,801275692158535e-06;0,9952126408214164;-0,09669056940935253;0,9952126040955951;-0,09669202718745035;5,801275692158535e-10
