;p_from_mw;q_from_mvar;p_to_mw;q_to_mvar;pl_mw;ql_mvar;i_from_ka;i_to_ka;i_ka;vm_from_pu;va_from_degree;vm_to_pu;va_to_degree;loading_percent
0;-3,8604832560132656;-1,88905131307894;3,8649573767102083;1,894329478654754;0,004474120696942752;0,005278165575814064;0,2485047262963493;0,24850472629634932;0,24850472629634932;0,9985271257705685;-0,03693258673588577;1,0;0,0;2,4850472629634933e-05
1;-3,7969943110247475;-1,8565997512766728;3,8003825232933384;1,8600508079699603;0,0033882122685908733;0,003451056693287491;0,24464634279603678;0,24464634279603675;0,24464634279603678;0,9974509790729114;-0,058760717123002286;0,9985271257705685;-0,03693258673588577;2,4464634279603678e-05
2;-5,357497438029867;-2,626634677483204;5,377701185956084;2,64056445998483;0,020203747926217375;0,013929782501626242;0,3458913640281125;0,3458913640281125;0,3458913640281125;0,9959482700970501;-0,03455829073544505;1,0;0,0;3,458913640281125e-05
3;-5,278866340556849;-2,5840979264193162;5,298497438037562;2,5976346774718246;0,01963109748071279;0,0135367510525084;0,3420803131337998;0,3420803131337998;0,3420803131337998;0,9919677508831909;-0,06880435384209929;0,9959482700970501;-0,03455829073544505;3,420803131337998e-05
4;2,14024086010852;1,0502583530780498;-2,132196188569405;-1,0420670427614094;0,008044671539114923;0,008191310316640443;0,13764293840087688;0,13764293840087688;0,13764293840087688;1,0;0,0;0,9954583533432312;-0,09197523684886683;1,3764293840087688e-05
5;-4,979791982510822;-2,436773602415374;4,991843037917871;2,4450818599992847;0,012051055407049205;0,008308257583910628;0,3235187299925176;0,32351872999251763;0,32351872999251763;0,9893842359346853;-0,09112978469787958;0,9919677508831909;-0,06880435384209929;3,235187299925176e-05
6;-2,0976534061966348;-1,0186848691979025;2,110795652346442;1,0320666730350523;0,013142246149807413;0,01338180383714982;0,13627312046001125;0,13627312046001125;0,13627312046001125;0,9879694816679667;-0,2455137110285276;0,9954583533432312;-0,09197523684886683;1,3627312046001123e-05
7;-3,788111745290536;-1,847759190143427;3,796794310998385;1,856599751257043;0,008682565707848866;0,008840561113615975;0,24463594300271366;0,2446359430027137;0,2446359430027137;0,9946941081266857;-0,11487446475258577;0,9974509790729114;-0,058760717123002286;2,4463594300271375e-05
8;-3,1250036837072837;-1,5484559199221226;3,126650376217185;1,5503985786153862;0,0016466925099014595;0,0019426586932635992;0,20149175605693045;0,20149175605693048;0,20149175605693048;0,9993300301094636;-0,016574560943828524;1,0;0,0;2,014917560569305e-05
9;-3,73845295138104;-1,817073521085347;3,7509110625767415;1,8297587195135256;0,012458111195701616;0,012685198428178612;0,2422372214200262;0,2422372214200262;0,2422372214200262;0,9907008824648786;-0,1967377375748566;0,9946941081266857;-0,11487446475258577;2,4223722142002624e-05
10;-3,088990093698955;-1,5118883147943125;3,12490368370694;1,5484559199214747;0,035913590007985;0,03656760512716217;0,20148657935983785;0,20148657935983785;0,20148657935983785;0,9854685664916121;-0,29679414732991183;0,9993300301094636;-0,016574560943828524;2,0148657935983785e-05
11;3,088890093754715;1,511888314748292;-3,057977619515599;-1,4804119798318445;0,030912474239115806;0,031476334916447524;0,20148131722367477;0,20148131722367477;0,20148131722367477;0,9854685664916121;-0,29679414732991183;0,9735562653925385;-0,5443886447179522;2,0148131722367478e-05
12;-3,603418678729462;-1,7468732255914359;3,6124529513813224;1,756073521084971;0,009034272651860409;0,009200295493535071;0,23407908290572593;0,2340790829057259;0,23407908290572593;0,9877053184906244;-0,25861424838006297;0,9907008824648786;-0,1967377375748566;2,3407908290572594e-05
13;3,928860689993485;1,929944538415043;-3,906730159753127;-1,9146869269601536;0,022130530240357604;0,015257611454889464;0,2527227218562809;0,2527227218562809;0,2527227218562809;1,0;0,0;0,9939257580587518;-0,05185055547454404;2,5272272185628092e-05
14;3,6477081460000593;1,7863294546804667;-3,628193769240219;-1,77287521322029;0,019514376759840246;0,013454241460176597;0,23694631195594998;0,23694631195594992;0,23694631195594998;0,9896658504348371;-0,08856555896206386;0,9839540349371982;-0,1382336955565477;2,3694631195594998e-05
15;3,7807301597752363;1,8536869269301108;-3,765708145926009;-1,8433294547767192;0,01502201384922719;0,010357472153391667;0,24459114080807517;0,2445911408080752;0,2445911408080752;0,9939257580587518;-0,05185055547454404;0,9896658504348371;-0,08856555896206386;2,4459114080807522e-05
16;3,5021937694252627;1,7118752129894734;-3,4841234978635978;-1,6994160958474174;0,018070271561664963;0,012459117142056053;0,2287322804653603;0,22873228046536032;0,22873228046536032;0,9839540349371982;-0,1382336955565477;0,9784755044243104;-0,18638765937832955;2,287322804653603e-05
17;2,6563455062008927;1,30222086007565;-2,6223100454474912;-1,278754254887012;0,03403546075340147;0,023466605188637857;0,17080154777528458;0,17080154777528453;0,17080154777528458;1,0;0,0;0,9861802410560886;-0,11958185968682412;1,708015477752846e-05
18;2,6012099741218684;1,2687541943376215;-2,5718407297455537;-1,248504651104991;0,029369244376314718;0,020249543232630396;0,169434639034059;0,16943463903405903;0,16943463903405903;0,9861802410560886;-0,11958185968682412;0,9741623420389344;-0,2263002673122871;1,6943463903405904e-05
19;-2,5966845013807;-1,2660337700192026;2,603675435316115;1,271935334383599;0,006990933935415278;0,005901564364396483;0,17189017401667459;0,17189017401667456;0,17189017401667459;0,9703254310908631;-0,30638926386730697;0,9733050631397402;-0,2620806332989823;1,718901740166746e-05
20;-3,011720391393595;-1,4718669567552518;3,019549705817927;1,4784765936346678;0,00782931442433199;0,006609636879415959;0,19838632206390303;0,19838632206390303;0,19838632206390303;0,975550999261638;-0,22883729497282299;0,978442992555698;-0,18622108958112094;1,9838632206390302e-05
21;-2,543672415352465;-1,2377308657534118;2,547583827099647;1,2410333049782465;0,003911411747182125;0,0033024392248346413;0,16861224672447794;0,16861224672447792;0,16861224672447794;0,9686262512558566;-0,331827290647931;0,9703254310908631;-0,30638926386730697;1,6861224672447794e-05
22;1,6573367482687047;0,8066630241636119;-1,6455274811426976;-0,7985209865136577;0,01180926712600705;0,008142037649954248;0,1064185186220686;0,10641851862206861;0,10641851862206861;1,0;0,0;0,9923067825745225;-0,06743613347533015;1,0641851862206861e-05
23;1,9229609680724025;0,9317964660998541;-1,9099436915651642;-0,9228214902316625;0,013017276507238273;0,008974975868191626;0,12336968210715481;0,12336968210715481;0,12336968210715481;1,0;0,0;0,9926869270071377;-0,06483528344345169;1,2336968210715481e-05
24;1,8878430741784435;0,9128210645744094;-1,8852335678004046;-0,9110218973862676;0,002609506378038917;0,0017991671881417703;0,12195928567469627;0,12195928567469629;0,12195928567469629;0,9926869270071377;-0,06483528344345169;0,9912040487953944;-0,07807450389161796;1,2195928567469628e-05
25;-2,87989304292854;-1,4059481324387733;2,8857203914715504;1,4108669566880088;0,00582734854301048;0,004918824249235509;0,19010154027669138;0,19010154027669138;0,19010154027669138;0,9733050631397402;-0,2620806332989823;0,975550999261638;-0,22883729497282299;1,9010154027669138e-05
26;-1,8686622622314362;-0,9025597476013827;1,8722335678008364;0,9050218973863501;0,0035713055694002183;0,0024621497849673935;0,12112544245516263;0,12112544245516264;0,12112544245516264;0,9891607262218249;-0,09636505969330318;0,9912040487953944;-0,07807450389161796;1,2112544245516264e-05
27;-2,4138418780931366;-1,1740900987337257;2,4176724154803115;1,1767308655061754;0,0038305373871749815;0,002640766772449732;0,16026819428782604;0,16026819428782604;0,16026819428782604;0,966969204536625;-0,3467278128661154;0,9686262512558566;-0,331827290647931;1,6026819428782605e-05
28;-2,4061375651533363;-1,1688474451177968;2,413741878280763;1,1740900985293898;0,0076043131274268205;0,0052426534115930234;0,16026282504768405;0,16026282504768402;0,16026282504768405;0,9636797023880759;-0,37646254281026414;0,966969204536625;-0,3467278128661154;1,6026282504768404e-05
29;1,2047662689659009;0,5839274935100265;-1,2034612286164945;-0,5828258026430716;0,0013050403494063723;0,0011016908669548853;0,07828586325083287;0,07828586325083287;0,07828586325083287;0,9873644877665285;-0,11124957214539695;0,9861440834125713;-0,12933974987898295;7,828586325083286e-06
30;1,1624612286166756;0,5628258026426646;-1,1610582899735307;-0,5616413924053598;0,001402938643144891;0,001184410237304756;0,07561511333546377;0,07561511333546377;0,07561511333546377;0,9861440834125713;-0,12933974987898295;0,9847859168556307;-0,14953752265809517;7,561511333546377e-06
31;1,5195274811429718;0,737520986513463;-1,5164563338734824;-0,7354036332827623;0,003071147269489316;0,002117353230700725;0,09827357638757553;0,09827357638757551;0,09827357638757553;0,9923067825745225;-0,06743613347533015;0,9901404923480993;-0,08660416428307628;9,827357638757552e-06
32;4,121460807860381;2,0205452653155955;-4,104939295881212;-2,009154978526414;0,01652151197916929;0,011390286789181747;0,26785316621600647;0,26785316621600647;0,26785316621600647;0,9893842359346853;-0,09112978469787958;0,9851061182570066;-0,128171290155254;2,6785316621600647e-05
33;3,454123498120288;1,6854160955301472;-3,4429577945323624;-1,677717206362847;0,01116570358792579;0,007698889167300216;0,2267791554634334;0,2267791554634334;0,2267791554634334;0,9784755044243104;-0,18638765937832955;0,9750613783292166;-0,21664710472784363;2,2677915546343342e-05
34;2,9527711460756145;1,4405885167780137;-2,9517754558533844;-1,4399016381184366;0,0009956902222301167;0,0006868786595770615;0,1945367683670078;0,19453676836700787;0,19453676836700787;0,9750613783292166;-0,21664710472784363;0,9747064138077225;-0,21980024867774173;1,9453676836700786e-05
35;2,9516754558642395;1,439901638107253;-2,9515505756704217;-1,4398153572460697;0,00012488019381784454;8,628086118322997e-05;0,19453144469512873;0,19453144469512873;0,19453144469512873;0,9747064138077225;-0,21980024867774173;0,9746618756175905;-0,2201979267247389;1,9453144469512875e-05
36;2,9425505757093258;1,435815357182035;-2,9394574132154663;-1,4336825307999133;0,0030931624938594915;0,002132826382121644;0,19394840957153925;0,19394840957153925;0,19394840957153925;0,9746618756175905;-0,2201979267247389;0,9735559451268357;-0,2300151440090232;1,9394840957153924e-05
37;2,3165387706951934;1,1242665489600068;-2,3131106567333797;-1,1219027542813413;0,00342811396181375;0,002363794678665432;0,15051488777549885;0,15051488777549885;0,15051488777549885;0,9877053184906244;-0,25861424838006297;0,9861264540208846;-0,2726506299449001;1,5051488777549885e-05
38;1,1165396049066771;0,543121263032873;-1,1130460913399185;-0,5407126025162569;0,0034935135667586437;0,0024086605166161457;0,07168545635119168;0,07168545635119167;0,07168545635119168;1,0;0,0;0,9966213693385275;-0,029533450032944133;7,168545635119169e-06
39;2,896457120705103;1,4126823284088315;-2,876833193922396;-1,3991526663254779;0,01962392678270719;0,0135296620833536;0,19111049489616846;0,19111049489616846;0,19111049489616846;0,9735559451268357;-0,2300151440090232;0,9664363204509703;-0,2937385890191944;1,9111049489616846e-05
40;1,3984515274624072;0,6783995755897037;-1,3968303002778224;-0,6772817937825479;0,0016212271845847948;0,0011177818071557155;0,09063195916459833;0,09063195916459832;0,09063195916459833;0,9901404923480993;-0,08660416428307628;0,9889005215913877;-0,09760622063895573;9,063195916459835e-06
41;1,3967303002774576;0,677281793780009;-1,396658352647083;-0,6772320217891337;7,194763037454699e-05;4,9771990875302485e-05;0,0906267058566463;0,09062670585664628;0,0906267058566463;0,9889005215913877;-0,09760622063895573;0,9888454446858613;-0,09810058404962406;9,06267058566463e-06
42;1,1129460913399567;0,5407126025163289;-1,112585553837078;-0,5404639719083153;0,0003605375028787883;0,00024863060801361136;0,07168024564334066;0,07168024564334065;0,07168024564334066;0,9966213693385275;-0,029533450032944133;0,9962726575536136;-0,03259444766106532;7,168024564334067e-06
43;1,1124855538372644;0,5404639719081571;-1,1108919601620457;-0,5391185103235674;0,0015935936752187185;0,0013454615845897022;0,07167503306581599;0,07167503306581598;0,07167503306581599;0,9962726575536136;-0,03259444766106532;0,9946445396886651;-0,05643702558872113;7,167503306581599e-06
44;1,1107919601623608;0,5391185103238606;-1,1101572352198188;-0,5385827155617295;0,0006347249425420198;0,0005357947621310588;0,07166981099047916;0,07166981099047914;0,07166981099047916;0,9946445396886651;-0,05643702558872113;0,9939960938769619;-0,06595042964423994;7,166981099047916e-06
45;2,8537331311149496;1,3881526215856281;-2,8413193442253806;-1,379593545729691;0,012413786889569067;0,00855907585593707;0,18958207093222304;0,18958207093222304;0,18958207093222304;0,9664363204509703;-0,2937385890191944;0,9618967775516957;-0,3348555038972752;1,8958207093222305e-05
46;2,2631106567332617;1,097902754280876;-2,259828858833543;-1,095639849226312;0,003281797899718608;0,002262905054563946;0,14726778338988844;0,1472677833898884;0,14726778338988844;0,9861264540208846;-0,2726506299449001;0,9845816870684991;-0,28641970104763537;1,4726778338988844e-05
47;1,3646583526440057;0,6622320217916972;-1,3627662689655733;-0,6609274935099868;0,0018920836784324102;0,0013045282817103487;0,0885634469590358;0,08856344695903581;0,08856344695903581;0,9888454446858613;-0,09810058404962406;0,9873644877665285;-0,11124957214539695;8,856344695903581e-06
48;1,3416971041704642;0,6522546006513039;-1,3366537010541386;-0,6487773432359437;0,005043403116325562;0,003477257415360202;0,08613143412657584;0,08613143412657584;0,08613143412657584;1,0;0,0;0,995940689464564;-0,035564241605567724;8,613143412657584e-06
49;1,004157235219578;0,487582715561729;-1,0033615649254615;-0,4869108918722761;0,000795670294116535;0,0006718236894528995;0,064837413417473;0,064837413417473;0,064837413417473;0,9939960938769619;-0,06595042964423994;0,9930974666602299;-0,07914340924797833;6,4837413417473e-06
50;2,83611928641973;1,37759350476574;-2,8298358793351506;-1,373261306173909;0,00628340708457964;0,0043321985918309824;0,1892488675290617;0,18924886752906173;0,18924886752906173;0,9618967775516957;-0,3348555038972752;0,9595951309920407;-0,35583054545751125;1,892488675290617e-05
51;1,3365537010548372;0,6487773432362091;-1,3360331992496932;-0,6484183994945688;0,000520501805143958;0,00035894374164024967;0,086126218987209;0,086126218987209;0,086126218987209;0,995940689464564;-0,035564241605567724;0,9955217231089775;-0,03925326582662243;8,6126218987209e-06
52;-2,373313936238555;-1,1522798388871722;2,3741367443490238;1,1528468789341315;0,0008228081104686424;0,0005670400469592884;0,15811946666665508;0,15811946666665508;0,15811946666665508;0,9633190052496851;-0,37973473276512915;0,9636797023880759;-0,37646254281026414;1,5811946666665507e-05
53;1,8968370450277248;0,9186945769325686;-1,8942111574065723;-0,9155972199294994;0,0026258876211524562;0,0030973570030692343;0,12498765769639873;0,12498765769639873;0,12498765769639873;0,9735562653925385;-0,5443886447179522;0,9718412391582777;-0,5891329003406056;1,2498765769639873e-05
54;-2,7664246683426685;-1,3373625463451335;2,7938358808635684;1,3562613047522634;0,02741121252089984;0,018898758407129845;0,18685367104776915;0,18685367104776912;0,18685367104776915;0,9494269366580159;-0,44963434864502594;0,9595951309920407;-0,35583054545751125;1,8685367104776914e-05
55;0,8330457141947254;0,4026307751495065;-0,8325712455814352;-0,40223027950327456;0,00047446861329014656;0,00040049564623195755;0,05424427170357631;0,05424427170357631;0,05424427170357631;0,9847859168556307;-0,14953752265809517;0,9841457551911754;-0,15908740961756127;5,424427170357631e-06
56;0,8324712455823262;0,4022302795040739;-0,832236661030216;-0,4020322329521796;0,00023458455211022855;0,0001980465518943153;0,05423898941064554;0,05423898941064555;0,05423898941064555;0,9841457551911754;-0,15908740961756127;0,98382920854762;-0,1638151785767137;5,423898941064555e-06
57;0,8031365984626098;0,3880321801324192;-0,8024499279707891;-0,3874524474320588;0,0006866704918206956;0,0005797327003603803;0,052343930377885525;0,052343930377885525;0,052343930377885525;0,98382920854762;-0,1638151785767137;0,9828690936739403;-0,17817149500497978;5,234393037788552e-06
58;-3,6358082639579568;-1,7802380787729035;3,642936202498009;1,7851528458176504;0,0071279385400524475;0,004914767044746915;0,23776156506327428;0,2377615650632743;0,2377615650632743;0,9830267329214347;-0,14624204423619347;0,9851061182570066;-0,128171290155254;2,377615650632743e-05
59;0,8881343567667646;0,43112994878151195;-0,8875941482596598;-0,4304927823334832;0,0005402085071047891;0,0006371664480287476;0,05769277776028911;0,05769277776028911;0,05769277776028911;0,9879694816679667;-0,2455137110285276;0,9872047538992745;-0,26510387448914885;5,769277776028911e-06
60;0,5403311746804802;0,26222833706174375;-0,5400833558409364;-0,26205746182620987;0,0002478188395438341;0,00017087523553388495;0,03504776981126152;0,03504776981126153;0,03504776981126153;0,9893842359346853;-0,09112978469787958;0,9888940672384181;-0,09547518101428237;3,504776981126153e-06
61;-0,1043266607358861;-0,05001838034398065;0,10436051988771963;0,050046965350367505;3,3859151833529055e-05;2,858500638685396e-05;0,007038213294984052;0,00703821329498405;0,007038213294984052;0,9490751074003829;-0,4551479068297183;0,9494269366580159;-0,44963434864502594;7,038213294984052e-07
62;-0,6076060991039754;-0,2933489253417907;0,607759082879778;0,2934543940407829;0,00015298377580252875;0,00010546869899219491;0,040512722925437485;0,04051272292543749;0,04051272292543749;0,9615404447562967;-0,3961842202887942;0,9618021283690275;-0,3937676602523526;4,051272292543749e-06
63;3,1083430115767237;1,5230907764970132;-3,10164970579295;-1,5184765936153644;0,006693305783773695;0,004614182881648832;0,2037751800119918;0,20377518001199182;0,20377518001199182;0,9807211200551776;-0,1663394883971177;0,978442992555698;-0,18622108958112094;2,037751800119918e-05
64;0,9800130680414663;0,4764021880713351;-0,9787742415331242;-0,4753562542785085;0,0012388265083420613;0,001045933792826581;0,06319523718123417;0,06319523718123414;0,06319523718123417;0,9955217231089775;-0,03925326582662243;0,9940861280510841;-0,06026667601064621;6,319523718123416e-06
65;-0,5503886890200547;-0,2661990487812273;0,5506060991033227;0,2663489253768767;0,00021741008326803257;0,00014987659564941191;0,03672576014636751;0,03672576014636752;0,03672576014636752;0,9611301715339344;-0,3999558405423056;0,9615404447562967;-0,3961842202887942;3,6725760146367517e-06
66;0,4764283129680021;0,23129529539200905;-0,47618673454935995;-0,23112874507507677;0,00024157841864214102;0,0001665503169322735;0,030949092283297577;0,030949092283297577;0,030949092283297577;0,9879694816679667;-0,2455137110285276;0,9874283833589999;-0,2503113902105302;3,0949092283297578e-06
67;0,8013615649254457;0,38891089187245936;-0,8009855416797926;-0,3885934362183413;0,00037602324565311207;0,00031745565411805954;0,05178480741573041;0,05178480741573042;0,05178480741573042;0,9930974666602299;-0,07914340924797833;0,9925657852462346;-0,08695790582524582;5,178480741573042e-06
68;0,8008855416797914;0,38859343621799963;-0,800568391487109;-0,38832567233480425;0,00031715019268241385;0,00026776388319538214;0,05177957409573685;0,05177957409573685;0,05177957409573685;0,9925657852462346;-0,08695790582524582;0,9921173057579379;-0,09355547988337803;5,1779574095736855e-06
69;0,3280833137864995;0,15905743283779775;-0,32801772241991095;-0,1590122189755649;6,559136658856879e-05;4,521386223285684e-05;0,021286980069362665;0,021286980069362662;0,021286980069362665;0,9888940672384181;-0,09547518101428237;0,9886804931337414;-0,09737245774877357;2,1286980069362664e-06
70;0,782468376421327;0,3793256619701434;-0,7824504003521908;-0,3793105282709132;1,79760691362274e-05;1,5133699230174269e-05;0,05060329642572724;0,05060329642572724;0,05060329642572724;0,9921173057579379;-0,09355547988337803;0,9920913184541357;-0,093936089605315;5,060329642572724e-06
71;-0,5200515140460827;-0,25203551370646704;0,5205882340954421;0,2524055873785498;0,0005367200493593405;0,0003700736720827491;0,03381841579025541;0,033818415790255414;0,033818415790255414;0,9866052063743723;-0,2684137757196321;0,9877053184906244;-0,25861424838006297;3,381841579025541e-06
72;0,8637742415329002;0,4193562542784743;-0,8632155803639447;-0,4188846390130984;0,0005586611689554211;0,00047161526537586873;0,05576641414648645;0,05576641414648646;0,05576641414648646;0,9940861280510841;-0,06026667601064621;0,993352594855767;-0,07103140601794217;5,576641414648647e-06
73;-1,3096320288166718;-0,6342282804491832;1,311437740436246;0,6354731769956639;0,0018057116195742129;0,0012448965464806339;0,08855153338314185;0,08855153338314181;0,08855153338314185;0,9487304729667445;-0,5132960482958112;0,9501438677915366;-0,5001882766222332;8,855153338314186e-06
74;0,00010000002640058172;1,8221154426125088e-11;-9,999999994989296e-05;1,570895642716422e-14;2,6450688753003326e-11;1,8236863382552252e-11;5,788258608459013e-06;5,788258608459013e-06;5,788258608459013e-06;0,9974509790729114;-0,058760717123002286;0,9974507152403105;-0,05877116607327986;5,788258608459013e-10
75;0,0;0,0;0,0;0,0;0,0;0,0;;;;;;;;
76;1,7624073021579467;0,8525944330485564;-1,7603306525624813;-0,8511626527529141;0,002076649595465385;0,001431780295642282;0,1163089874905306;0,1163089874905306;0,1163089874905306;0,9718412391582777;-0,5891329003406056;0,9706037933252659;-0,600400730766848;1,163089874905306e-05
77;0,5184123402010731;0,2514363844296883;-0,518247814557152;-0,251242291858454;0,00016452564392110958;0,00019409257123431667;0,0336963303219188;0,033696330321918794;0,0336963303219188;0,9872047538992745;-0,26510387448914885;0,986806005736097;-0,2753344955365834;3,36963303219188e-06
78;0,2020177224194768;0,09801221897679684;-0,20200000000019833;-0,09799999999796366;1,7722419278470847e-05;1,2218978833175576e-05;0,013112161765742954;0,013112161765742956;0,013112161765742956;0,9886804931337414;-0,09737245774877357;0,9885868002957958;-0,09820375954045536;1,3112161765742956e-06
79;-0,7449921088683332;-0,3616959436596755;0,7452155803645164;0,3618846390126619;0,00022347149618318074;0,00018869535298637885;0,048149865487446285;0,048149865487446285;0,048149865487446285;0,9930127222568984;-0,07602111260323276;0,993352594855767;-0,07103140601794217;4,814986548744628e-06
80;-0,9311463487568963;-0,450790326292014;0,9315663988135022;0,45107997406848444;0,0004200500566059473;0,0002896477764704475;0,06069332936836664;0,060693329368366626;0,06069332936836664;0,9841019770275721;-0,2907191549977963;0,9845816870684991;-0,28641970104763537;6,069332936836663e-06
81;0,436247814557424;0,2112422918591037;-0,43615676309977847;-0,21114957570867127;9,105145764554123e-05;9,271615043243697e-05;0,028358409933112144;0,028358409933112148;0,028358409933112148;0,986806005736097;-0,2753344955365834;0,9865569027048142;-0,2805092759327556;2,8358409933112147e-06
82;0,580450400356873;0,2813105282714345;-0,5803345333183076;-0,28123063454546277;0,00011586703856536484;7,989372597172473e-05;0,03753745360013436;0,037537453600134364;0,037537453600134364;0,9920913184541357;-0,093936089605315;0,9918773577020358;-0,09583411824565018;3,753745360013437e-06
83;0,9995088479927523;0,48321910320974476;-0,9990296020777806;-0,4828145130064919;0,00047924591497172653;0,00040459020325284145;0,06751100471902244;0,06751100471902244;0,06751100471902244;0,9494269366580159;-0,44963434864502594;0,9489073563725998;-0,45767215464832595;6,7511004719022436e-06
84;0,3991567630992698;0,19314957570789154;-0,399080517679964;-0,19307193629443314;7,62454193057871e-05;7,763941345839687e-05;0,025950474502087113;0,025950474502087113;0,025950474502087113;0,9865569027048142;-0,2805092759327556;0,9863289728065823;-0,2852493111161473;2,5950474502087116e-06
85;-1,136760150870583;-0,5500066913957781;1,1385145251889268;0,5512162124072291;0,0017543743183439098;0,001209521011450998;0,07697752239963782;0,07697752239963783;0,07697752239963783;0,9471508695525502;-0,5280027095450079;0,9487304729667445;-0,5132960482958112;7,697752239963781e-06
86;-0,6645712980887711;-0,3223406785222644;0,6649921088683793;0,32269594365970317;0,000420810779608205;0,0003552651374387761;0,04297529946737628;0,04297529946737628;0,04297529946737628;0,9922957551427544;-0,08656346085814959;0,9930127222568984;-0,07602111260323276;4,2975299467376276e-06
87;0,710464056559871;0,34331991332439077;-0,7102368079346284;-0,34316325682528737;0,00022724862524259315;0,0001566564991034025;0,04798351469300791;0,04798351469300791;0,04798351469300791;0,9494269366580159;-0,44963434864502594;0,9490987320002147;-0,45269790214313765;4,798351469300791e-06
88;0,00010000000597558569;4,9470353271488925e-12;-0,00010000000017833635;-5,3321238549234104e-14;5,797249331518199e-12;4,893714088599658e-12;5,900704569222216e-06;5,900704569222217e-06;5,900704569222217e-06;0,978442992555698;-0,18622108958112094;0,9784429358329203;-0,1862238934725858;5,900704569222217e-10
89;1,471759125846786;0,7144162916377875;-1,4541976772528928;-0,7023083605998378;0,01756144859389308;0,012107931037949715;0,09793001838423396;0,09793001838423394;0,09793001838423396;0,9645047403964382;-0,31330467976878956;0,9520753659717722;-0,4276756310289535;9,793001838423396e-06
90;0,8750912456709057;0,4237765637985559;-0,8747542766123809;-0,42349203312448874;0,0003369690585247609;0,0002845306740671405;0,05912607121375657;0,05912607121375656;0,05912607121375657;0,9494269366580159;-0,44963434864502594;0,9490097042260259;-0,45607304086587763;5,912607121375657e-06
91;1,0690826835327234;0,5172290967638695;-1,067739163633024;-0,5163027599746561;0,0013435198996993858;0,0009263367892133889;0,06931918822276584;0,06931918822276584;0,06931918822276584;0,9891607262218249;-0,09636505969330318;0,9878174308884154;-0,10838203729668679;6,931918822276584e-06
92;1,0852616517596867;0,5265593178549842;-1,0845429796180637;-0,5260638423454819;0,0007186721416230224;0,0004954755095023522;0,07073391674945129;0,07073391674945129;0,07073391674945129;0,9845816870684991;-0,28641970104763537;0,9838773933514107;-0,2926968290080399;7,073391674945129e-06
93;0,32108051767942225;0,15507193629472482;-0,3210423434571639;-0,15503970841657044;3,8174222258324786e-05;3,222787815437833e-05;0,02087174177404778;0,020871741774047783;0,020871741774047783;0,9863289728065823;-0,2852493111161473;0,9861951150651497;-0,2872450618765934;2,0871741774047783e-06
94;0,0;0,0;0,0;0,0;0,0;0,0;;;;;;;;
95;-0,20200000000011603;-0,0979999999999781;0,2020515140462475;0,0980355137066956;5,1514046131462266e-05;3,551370671749099e-05;0,013142116856531303;0,0131421168565313;0,013142116856531303;0,9863334945588426;-0,2708289175179244;0,9866052063743723;-0,2684137757196321;1,3142116856531304e-06
96;0,4543345333192915;0,2202306345455665;-0,4541545788682439;-0,22010657091538416;0,00017995445104762586;0,00012406363018233058;0,029388982085931607;0,029388982085931607;0,029388982085931607;0,9918773577020358;-0,09583411824565018;0,9914529305920596;-0,09959704319591049;2,9388982085931604e-06
97;1,513330652594924;0,7321626527447933;-1,5072997170795421;-0,7280046282587368;0,006030935515381808;0,004158024486056511;0,10000029444468973;0,10000029444468975;0,10000029444468975;0,9706037933252659;-0,600400730766848;0,9664241090400052;-0,6386141941821954;1,0000029444468974e-05
98;1,5071997171203033;0,728004628220518;-1,505993539798284;-0,7271731127923566;0,0012061773220193306;0,0008315154281614001;0,09999491498384275;0,09999491498384276;0,09999491498384276;0,9664241090400052;-0,6386141941821954;0,9655882032498907;-0,6462930950945067;9,999491498384276e-06
99;-1,6279046198901874;-0,7917580820504279;1,633527016409192;0,7956342953820227;0,0056223965190045355;0,0038762133315948244;0,10894543645975167;0,10894543645975167;0,10894543645975167;0,9593244707571744;-0,4158647590660159;0,9629025267851996;-0,3834901520644931;1,0894543645975167e-05
100;-0,512711250480294;-0,2484214200606259;0,5128490329386313;0,24851640463523703;0,00013778245833728775;9,498457461112886e-05;0,03379631121718534;0,03379631121718533;0,03379631121718534;0,9732736886046484;-0,5469424140595899;0,9735562653925385;-0,5443886447179522;3,3796311217185337e-06
101;-1,618624446171958;-0,785807103805508;1,6229046201718202;0,788758081763257;0,004280173999862136;0,0029509779577490125;0,10859586646719087;0,1085958664671909;0,1085958664671909;0,9565921249455209;-0,44080299912759063;0,9593244707571744;-0,4158647590660159;1,085958664671909e-05
102;-0,7288654871099567;-0,35145880880775565;0,7299287578532796;0,3521918866328517;0,0010632707433229083;0,0007330778250960734;0,048573279426948175;0,04857327942694818;0,04857327942694818;0,9618021283690275;-0,3937676602523526;0,9633190052496851;-0,37973473276512915;4,857327942694819e-06
103;1,841992092109748;0,8964701267778287;-1,8412646471529195;-0,8959686540841849;0,0007274449568284158;0,0005014726936437564;0,12141056780293781;0,12141056780293782;0,12141056780293782;0,9741623420389344;-0,2263002673122871;0,9737469436950357;-0,2300096568415572;1,2141056780293784e-05
104;-0,7286708894039574;-0,35246255878711125;0,7291463487566965;0,35279032629189194;0,0004754593527390716;0,00032776750478069605;0,04752141766589016;0,047521417665890166;0,047521417665890166;0,9834085639783872;-0,29694576669542644;0,9841019770275721;-0,2907191549977963;4,7521417665890164e-06
105;0,37315457886842907;0,18110657091551224;-0,3730330253868974;-0,18102276989757507;0,00012155348153164436;8,380101793717398e-05;0,024153882473607547;0,024153882473607544;0,024153882473607547;0,9914529305920596;-0,09959704319591049;0,9911040806898369;-0,10268085297409907;2,4153882473607547e-06
106;-0,4485481607480353;-0,21730898420850386;0,4487112504804185;0,2174214200652033;0,00016308973238321478;0,00011243585669942768;0,029577881061372446;0,02957788106137244;0,029577881061372446;0,97289150341997;-0,5503988490050168;0,9732736886046484;-0,5469424140595899;2,9577881061372445e-06
107;1,6432851784385485;0,800087952204681;-1,6426271405369177;-0,7996343812221564;0,0006580379016307702;0,00045357098252463146;0,10954100758125324;0,10954100758125324;0,10954100758125324;0,9633190052496851;-0,37973473276512915;0,9629025267851996;-0,3834901520644931;1,0954100758125324e-05
108;0,1990423434566125;0,09603970841661923;-0,19901035933919559;-0,09600714176542614;3,19841174169222e-05;3,256665119308333e-05;0,012938112816959736;0,01293811281695973;0,012938112816959736;0,9861951150651497;-0,2872450618765934;0,9860034192788635;-0,29124656549011135;1,2938112816959737e-06
109;-0,1480038827593901;-0,07100267692119386;0,14801646759087153;0,07101135418489325;1,2584831481421421e-05;8,677263699394255e-06;0,009659394947204185;0,009659394947204185;0,009659394947204185;0,9811623354572881;-0,1937206715683444;0,981252589101889;-0,19288998614146474;9,659394947204185e-07
110;0,5777936257392399;0,28119267194036324;-0,5768349925657845;-0,28053172649655805;0,0009586331734553477;0,0006609454438051832;0,037551394030643614;0,037551394030643614;0,037551394030643614;0,9879694816679667;-0,2455137110285276;0,9861995511027228;-0,26112844258437246;3,7551394030643615e-06
111;-3,426343011521231;-1,6770907765489036;3,433808264001917;1,6822380787254934;0,007465252480685969;0,005147302176589763;0,22457533195697818;0,2245753319569782;0,2245753319569782;0,9807211200551776;-0,1663394883971177;0,9830267329214347;-0,14624204423619347;2,245753319569782e-05
112;1,7732646472014242;0,8629686540443278;-1,769216658922126;-0,8601778431969931;0,004047988279298087;0,0027908108473346793;0,11692905002703421;0,11692905002703421;0,11692905002703421;0,9737469436950357;-0,2300096568415572;0,9713468004156326;-0,2515060700677336;1,1692905002703422e-05
113;1,7691166590556642;0,8601778430451421;-1,7626705738523463;-0,8557336247297415;0,006446085203317908;0,00444421831540065;0,11692370455440597;0,11692370455440598;0,11692370455440598;0,9713468004156326;-0,2515060700677336;0,9675248498189825;-0,28595621079741285;1,1692370455440598e-05
114;0,3542479663588146;0,17117095660223802;-0,35409137622274534;-0,1710629984214887;0,00015659013606927896;0,00010795818074932351;0,022997731481366027;0,02299773148136602;0,022997731481366027;0,9877053184906244;-0,25861424838006297;0,9872334476173679;-0,26285088172012094;2,2997731481366027e-06
115;0,5384223658846758;0,25994746327954305;-0,5383013369349143;-0,2598452685890037;0,00012102894976151468;0,00010219469053934782;0,035434690368015255;0,03543469036801527;0,03543469036801527;0,9741623420389344;-0,2263002673122871;0,9739123664647193;-0,230077890548599;3,543469036801527e-06
116;0,5382013369370819;0,2598452685877105;-0,5380308252759383;-0,2597013428878671;0,00017051166114367966;0,00014392569984339465;0,03542935175833623;0,03542935175833624;0,03542935175833624;0,9739123664647193;-0,230077890548599;0,9735601722107131;-0,2353981508214116;3,5429351758336238e-06
117;0,5379308252791934;0,2597013428855246;-0,5376779206805083;-0,2594878158114338;0,00025290459868509974;0,0002135270740907802;0,03542401116557488;0,035424011165574865;0,03542401116557488;0,9735601722107131;-0,2353981508214116;0,9730376821421691;-0,24330001615187433;3,542401116557488e-06
118;-1,4893271043329963;-0,7217758306601216;1,4966244465609504;0,7268071035505306;0,0072973422279540845;0,005031272890408944;0,10041672919080995;0,10041672919080993;0,10041672919080995;0,95155462241817;-0,4871248891981159;0,9565921249455209;-0,44080299912759063;1,0041672919080995e-05
119;-0,38446355247885916;-0,1862506496475564;0,3845481607482737;0,18630898421360972;8,460826941453226e-05;5,833456605333631e-05;0,025357793740960727;0,02535779374096073;0,02535779374096073;0,972660231970069;-0,5524921159874628;0,97289150341997;-0,5503988490050168;2,535779374096073e-06
120;1,0457616214256296;0,5060766896639619;-1,0451531744941671;-0,5056571609446238;0,0006084469314624474;0,00041952871933814695;0,0694657981804009;0,0694657981804009;0,0694657981804009;0,9655882032498907;-0,6462930950945067;0,9649811222488867;-0,6518492834644032;6,946579818040089e-06
121;-0,3773887232447394;-0,18319906381366272;0,37746355247912144;0,18325064964746204;7,482923438206779e-05;5,158583379932802e-05;0,024906229577296095;0,024906229577296095;0,024906229577296095;0,9724519632842686;-0,5543667791458171;0,972660231970069;-0,5524921159874628;2,4906229577296093e-06
122;0,551571298088589;0,2673406785224603;-0,5512017204980068;-0,26708587373721276;0,0003695775905822041;0,00025480478524753103;0,035663170936466294;0,035663170936466294;0,035663170936466294;0,9922957551427544;-0,08656346085814959;0,9915774451231366;-0,09293354128257549;3,5663170936466293e-06
123;-0,37714255165474087;-0,18309828019430838;0,3772887232455648;0,18319906381343337;0,00014617159082391806;0,00010078361912499445;0,024900888702669145;0,024900888702669145;0,024900888702669145;0,9720450241108324;-0,558031291293872;0,9724519632842686;-0,5543667791458171;2,4900888702669146e-06
124;1,732670573961364;0,8417336246171325;-1,7318012815925743;-0,8411342766638221;0,0008692923687896315;0,0005993479533104029;0,11494841582420741;0,1149484158242074;0,11494841582420741;0,9675248498189825;-0,28595621079741285;0,9670005825813385;-0,29069541242426516;1,1494841582420741e-05
125;-0,2710060321702509;-0,13100415809758972;0,27109137622248747;0,13106299842137392;8,534405223659114e-05;5,8840323784198345e-05;0,0176094841771848;0,0176094841771848;0,0176094841771848;0,9868975643173491;-0,2658634642218422;0,9872334476173679;-0,26285088172012094;1,7609484177184797e-06
126;-0,2250164675913011;-0,108011354184678;0,22507227963752416;0,10804983253372609;5,5812046223069345e-05;3,8478349048090554e-05;0,014685834117118855;0,014685834117118853;0,014685834117118855;0,981252589101889;-0,19288998614146474;0,981515859148624;-0,19047191107604228;1,4685834117118855e-06
127;0,74618126124946;0,3607454829169714;-0,7455165018050568;-0,3602871535599549;0,0006647594444032512;0,000458329357016507;0,05025998090137249;0,05025998090137249;0,05025998090137249;0,9520753659717722;-0,4276756310289535;0,9511587168680058;-0,436207251267044;5,025998090137249e-06
128;0,19132627195304006;0,09208706081038867;-0,1912845969700414;-0,09205832730637868;4,167498299864625e-05;2,873350400998953e-05;0,012584262731100339;0,012584262731100339;0,012584262731100339;0,9741623420389344;-0,2263002673122871;0,973932888479401;-0,22841000023822647;1,2584262731100338e-06
129;0,1911845969705939;0,09205832730607509;-0,19112907748680844;-0,09202004848278116;5,551948378546001e-05;3,8278823293935726e-05;0,01257892137484095;0,01257892137484095;0,01257892137484095;0,973932888479401;-0,22841000023822647;0,9736270725416111;-0,23121965146378012;1,257892137484095e-06
130;-0,07099999999973995;-0,03399999999972956;0,07100388275916886;0,034002676921252584;3,882759428905369e-06;2,6769215230246224e-06;0,004632494900473915;0,004632494900473916;0,004632494900473916;0,9811042811369464;-0,19425733223233121;0,9811623354572881;-0,1937206715683444;4,632494900473916e-07
131;0,5027348933743947;0,24453164275540598;-0,5026222614809154;-0,24443655637229458;0,00011263189347932023;9,508638311139794e-05;0,03272849643841589;0,032728496438415904;0,032728496438415904;0,9861995511027228;-0,26112844258437246;0,985947509364628;-0,26484375574245744;3,2728496438415903e-06
132;0,5025222614808039;0,24443655637216397;-0,5022501365832428;-0,24420683554316383;0,00027212489756112124;0,00022972082900013513;0,03272323046625997;0,03272323046625997;0,03272323046625997;0,985947509364628;-0,26484375574245744;0,9853384797288467;-0,27382546418783343;3,2723230466259967e-06
133;-0,6022305085880937;-0,29115893097456663;0,6026708894038869;0,29146255878737076;0,00044038081579322874;0,0003036278128041303;0,0393027739777848;0,0393027739777848;0,0393027739777848;0,9826320024848721;-0,3039359106603587;0,9834085639783872;-0,29694576669542644;3,9302773977784795e-06
134;0,8575383159632984;0,4160606264804905;-0,856526429062892;-0,41536294820024355;0,0010118869004064335;0,0006976782802469716;0,05593140072101832;0,05593140072101833;0,05593140072101833;0,9838773933514107;-0,2926968290080399;0,9826232951922429;-0,3038917392538086;5,593140072101833e-06
135;-0,10331649991816194;-0,05001137527007239;0,10332666072989265;0,05001838030485521;1,0160811730705599e-05;7,0050347828198856e-06;0,006983408542246019;0,00698340854224602;0,00698340854224602;0,948974262857012;-0,45608529385021424;0,9490751074003829;-0,4551479068297183;6,983408542246019e-07
136;0,4606779206796734;0,22248781582594748;-0,4603872264402121;-0,22224240089080693;0,0002906942394612644;0,0002454149351405477;0,03035514395227365;0,03035514395227365;0,03035514395227365;0,9730376821421691;-0,24330001615187433;0,9723368280968753;-0,2538990936073293;3,0355143952273655e-06
137;0,6134226080957887;0,2971876848368993;-0,6132935400444646;-0,2970987124401081;0,0001290680513241771;8,897239679117597e-05;0,039353433401324966;0,03935343340132497;0,03935343340132497;1,0;0,0;0,9997726803673762;-0,0020007473367535215;3,9353433401324975e-06
138;0,613193540044534;0,2970987124405757;-0,6127096859037239;-0,2967651192333856;0,0004838541408100916;0,0003335932071900638;0,03934823637107398;0,03934823637107398;0,03934823637107398;0,9997726803673762;-0,0020007473367535215;0,9989203551908377;-0,00951102974113792;3,934823637107398e-06
139;-1,40673483572891;-0,6813674809187492;1,4073271046410585;0,6817758304833497;0,0005922689121484748;0,000408349564600452;0,09488105946571081;0,09488105946571082;0,09488105946571082;0,9511219524294343;-0,4911306117658754;0,95155462241817;-0,4871248891981159;9,48810594657108e-06
140;-0,6813479580597829;-0,3302398947408082;0,6816182170174537;0,33042622923419557;0,0002702589576708547;0,0001863344933873412;0,04532054331851711;0,04532054331851712;0,04532054331851712;0,9645677705047178;-0,6556162952300238;0,9649811222488867;-0,6518492834644032;4,532054331851712e-06
141;0,4648013433804679;0,22441460665968033;-0,4647761380351183;-0,2243972331721855;2,5205345349610386e-05;1,7373487494837248e-05;0,03031884137925972;0,03031884137925972;0,03031884137925972;0,9828690936739403;-0,17817149500497978;0,9828114858769823;-0,17869173690302004;3,031884137925972e-06
142;0,4646761380368688;0,2243972331714847;-0,4645350759488489;-0,2242999755895941;0,00014106208801989428;9,725758189058076e-05;0,030313551318248075;0,03031355131824807;0,030313551318248075;0,9828114858769823;-0,17869173690302004;0,982489001983368;-0,1816059893107482;3,0313551318248075e-06
143;1,6488012816612467;0,8011342766251521;-1,6453862613085275;-0,7987797345488585;0,0034150203527192335;0,0023545420762935976;0,10944745219459379;0,10944745219459376;0,10944745219459379;0,9670005825813385;-0,29069541242426516;0,9648374975250718;-0,31028389017855207;1,094474521945938e-05
144;1,6452862613855304;0,7987797344654504;-1,64476092531908;-0,7984175328546559;0,0005253360664503326;0,000362201610794477;0,1094420691257642;0,10944206912576422;0,10944206912576422;0,9648374975250718;-0,31028389017855207;0,9645047403964382;-0,31330467976878956;1,0944206912576422e-05
145;-0,07700000002425994;-0,0369999998586017;0,07704773600068776;0,03703291221444248;4,773597642782068e-05;3,291235584077651e-05;0,005183953292879491;0,005183953292879491;0,005183953292879491;0,9514374064962233;-0,43370123182808645;0,9520753659717722;-0,4276756310289535;5,183953292879491e-07
146;0,0;0,0;0,0;0,0;0,0;0,0;;;;;;;;
147;0,0;0,0;0,0;0,0;0,0;0,0;;;;;;;;
148;0,5003886890188077;0,2421990488154055;-0,5003177640602999;-0,24215013735817037;7,09249585078009e-05;4,891145723512347e-05;0,033394195657060165;0,03339419565706017;0,03339419565706017;0,9611301715339344;-0,3999558405423056;0,9609829577124555;-0,40130882530660067;3,3394195657060175e-06
149;0,11412907748356159;0,055020048501395316;-0,11410834340064856;-0,0550057527542578;2,0734082913032026e-05;1,4295747137516024e-05;0,0075131165773033295;0,00751311657730333;0,00751311657730333;0,9736270725416111;-0,23121965146378012;0,9734358421110233;-0,2329716725115099;7,51311657730333e-07
150;0,19407416007154377;0,09405112966455886;-0,19403231566299856;-0,09402227934731296;4,1844408545210765e-05;2,885031724590703e-05;0,012609816827054459;0,01260981682705446;0,01260981682705446;0,9874283833589999;-0,2503113902105302;0,9871983683458372;-0,2523612273365836;1,260981682705446e-06
151;0,11400834340079381;0,05500575275407321;-0,1140000000055423;-0,054999999971210294;8,34339525150607e-06;5,752782862918082e-06;0,007507774312111277;0,007507774312111276;0,007507774312111277;0,9734358421110233;-0,2329716725115099;0,9733588317946692;-0,23367589786042042;7,507774312111277e-07
152;-0,37813959918764267;-0,1820962459217135;0,37828053236445663;0,18219341450040913;0,0001409331768139621;9,716857869562778e-05;0,02450682714865066;0,02450682714865066;0,02450682714865066;0,9887622611421425;-0,09996755735759776;0,9891607262218249;-0,09636505969330318;2,450682714865066e-06
153;0,0;0,0;0,0;0,0;0,0;0,0;;;;;;;;
154;0,2301125744775687;0,11207761541005974;-0,23002416325268235;-0,11201665883366749;8,841122488634223e-05;6,095657639225427e-05;0,014965737912274409;0,014965737912274412;0,014965737912274412;0,9874283833589999;-0,2503113902105302;0,9870187769327736;-0,25391431943680687;1,4965737912274412e-06
155;-1,3614377402976325;-0,6594731770375641;1,3627348358050477;0,6603674809168218;0,0012970955074151913;0,0008943038792577074;0,09192161409241409;0,09192161409241408;0,09192161409241409;0,9501438677915366;-0,5001882766222332;0,9511219524294343;-0,4911306117658754;9,192161409241409e-06
156;-0,2610479246407126;-0,12703304112828248;0,26114255165262557;0,1270982802040429;9,46270119129844e-05;6,523907576042043e-05;0,017250194777224316;0,017250194777224316;0,017250194777224316;0,9716646992785773;-0,5614355942344907;0,9720450241108324;-0,558031291293872;1,7250194777224315e-06
157;0,4194349335101698;0,20229987733967755;-0,4194062008136392;-0,20228006323620606;2,8732696530586743e-05;1,9814103471488265e-05;0,02736480094472351;0,027364800944723516;0,027364800944723516;0,982489001983368;-0,1816059893107482;0,9824162393234528;-0,18226608129027172;2,7364800944723517e-06
158;0,5595051649452054;0,2707620022390505;-0,5592320385067738;-0,2705736712216801;0,00027312643843158124;0,00018833101737042446;0,03592555745219696;0,03592555745219695;0,03592555745219696;0,9989203551908377;-0,00951102974113792;0,9983934160037831;-0,014172970919612962;3,5925557452196958e-06
159;0,6055253540179918;0,29336220681558123;-0,6051140561712324;-0,293078630735189;0,0004112978467594175;0,0002835760803922005;0,03953377434967395;0,03953377434967394;0,03953377434967395;0,9826232951922429;-0,3038917392538086;0,981902178399301;-0,3103576996672911;3,953377434967395e-06
160;0,1710330253864606;0,08302276989748306;-0,17100074719169012;-0,08300051516401612;3,227819477047422e-05;2,225473346693929e-05;0,011075024102837928;0,011075024102837927;0,011075024102837928;0,9911040806898369;-0,10268085297409907;0,9909020415015481;-0,10446685264219914;1,107502410283793e-06
161;0,1670323156631811;0,08102227934742322;-0,16700000000011672;-0,08099999999993956;3,231566306438616e-05;2,227934748365301e-05;0,010857262335239164;0,010857262335239162;0,010857262335239164;0,9871983683458372;-0,2523612273365836;0,9869920494607043;-0,25419544366861285;1,0857262335239166e-06
162;-9,999999997805442e-05;8,245216543706103e-15;0,00010000002351145582;1,6216903598291516e-11;2,3533401396764846e-11;1,6225148814835222e-11;5,874133276232804e-06;5,874133276232804e-06;5,874133276232804e-06;0,9828688623714527;-0,1781807913282858;0,9828690936739403;-0,17817149500497978;5,874133276232804e-10
163;0,38938722643977636;0,18824240090437597;-0,3891242604539892;-0,18802041020687155;0,000262965985787178;0,00022199069750442058;0,025680905459930303;0,025680905459930303;0,025680905459930303;0,9723368280968753;-0,2538990936073293;0,9715873716666942;-0,2652222414335085;2,5680905459930304e-06
164;-0,14499999999984287;-0,0699999999996461;0,14500603216983762;0,07000415809740945;6,032169994757419e-06;4,1580977633570715e-06;0,009419898123248878;0,00941989812324888;0,00941989812324888;0,9868531899118186;-0,2662627426573883;0,9868975643173491;-0,2658634642218422;9,419898123248879e-07
165;0,0;0,0;0,0;0,0;0,0;0,0;;;;;;;;
166;-0,40111830740892446;-0,19308156711875596;0,4014062008138625;0,19328006323594013;0,0002878934049380666;0,00019849611718417148;0,026182235445217722;0,026182235445217732;0,026182235445217732;0,9816543673726291;-0,18920914450906692;0,9824162393234528;-0,18226608129027172;2,618223544521773e-06
167;0,6179686806529511;0,29852996483429245;-0,6178927126639588;-0,2984775874520051;7,596798899223156e-05;5,2377382287360774e-05;0,041617980399947636;0,041617980399947636;0,041617980399947636;0,9520753659717722;-0,4276756310289535;0,9519488647996333;-0,4288543957796401;4,161798039994764e-06
168;-0,20210599242253355;-0,09800505867190236;0,20212024096847442;0,09801708906582648;1,4248545940870327e-05;1,2030393924125637e-05;0,013082572567951659;0,013082572567951653;0,013082572567951659;0,9912533200853935;-0,09770385287316191;0,9913330647916957;-0,09652856316507888;1,3082572567951657e-06
169;-0,20200000000185003;-0,0980000000006919;0,20200599242397993;0,09800505867211319;5,992422129896813e-06;5,058671421295791e-06;0,013077332040464325;0,013077332040464325;0,013077332040464325;0,9912197690631555;-0,09819781363334511;0,9912533200853935;-0,09770385287316191;1,3077332040464326e-06
170;0,545211637863117;0,2641458919922735;-0,5450026558111482;-0,26400183129050225;0,00020898205196884234;0,00014406070177125363;0,03540892554784819;0,0354089255478482;0,0354089255478482;0,9878174308884154;-0,10838203729668679;0,9874083618885384;-0,112027369582371;3,5408925547848202e-06
171;0,44831776405507073;0,21715013739466502;-0,4482342783903264;-0,2170925814584299;8,348566474430941e-05;5,755593623510413e-05;0,02992779365054761;0,02992779365054761;0,02992779365054761;0,9609829577124555;-0,40130882530660067;0,9607896083450387;-0,4030811930744449;2,9927793650547615e-06
172;-0,3771202409687732;-0,18301708906532907;0,37720172049805234;0,18308587373707286;8,147952927911595e-05;6,878467174378788e-05;0,024413166553833604;0,024413166553833607;0,024413166553833607;0,9913330647916957;-0,09652856316507888;0,9915774451231366;-0,09293354128257549;2,4413166553833605e-06
173;0,3482501365834361;0,16920683554327218;-0,3481103242138954;-0,16908879406727673;0,00013981236954074827;0,00011804147599545067;0,022686523188964806;0,022686523188964806;0,022686523188964806;0,9853384797288467;-0,27382546418783343;0,9848871703034137;-0,2804982579627448;2,2686523188964806e-06
174;0,01300049469972142;0,006000341033099366;-0,013000000005499206;-0,0059999999659212586;4,946942222128908e-07;3,410671781077512e-07;0,0008744461307430971;0,0008744461307430969;0,0008744461307430971;0,9453686616240184;-0,5446947838851703;0,9453295690958571;-0,5451044200309967;8,744461307430971e-08
175;0,4633042144960602;0,22423101829685516;-0,46316672196530134;-0,22411494094846526;0,0001374925307588426;0,00011607734838989248;0,03131371334202884;0,03131371334202885;0,03131371334202885;0,9490097042260259;-0,45607304086587763;0,9486882885774174;-0,46103784891066263;3,131371334202885e-06
176;-0,3490727517709088;-0,16805015803373105;0,34911830740826366;0,16808156711885666;4,555563735486601e-05;3,1409085125611025e-05;0,022788815484875786;0,022788815484875782;0,022788815484875786;0,981515859148624;-0,19047191107604228;0,9816543673726291;-0,18920914450906692;2,2788815484875787e-06
177;0,4911279113568028;0,23757082578118424;-0,49091073577987526;-0,23742107526306355;0,00021717557692751965;0,0001497505181206893;0,03154917962904004;0,03154917962904004;0,03154917962904004;0,9983934160037831;-0,014172970919612962;0,997916313111108;-0,01840067950507287;3,1549179629040038e-06
178;-0,184021922284785;-0,09001511338328456;0,184047924639359;0,0900330411352754;2,6002354574006237e-05;1,792775199083163e-05;0,012174244755790061;0,012174244755790063;0,012174244755790063;0,9715165696794599;-0,5627439935342912;0,9716646992785773;-0,5614355942344907;1,2174244755790065e-06
179;0,14402416325282108;0,07001665883382374;-0,14400010810807085;-0,07000007452523035;2,4055144750234625e-05;1,6584308593386998e-05;0,009367372337819879;0,009367372337819873;0,009367372337819879;0,9870187769327736;-0,25391431943680687;0,9868407464716294;-0,2554880807585276;9,367372337819878e-07
180;0,47581057286269207;0,23042096294558106;-0,4756115583392233;-0,2302837492937353;0,0001990145234687657;0,00013721365184576895;0,03058637546782176;0,030586375467821756;0,03058637546782176;0,997916313111108;-0,01840067950507287;0,9974653257162466;-0,022385780791589503;3,058637546782176e-06
181;-0,16800161450387416;-0,08200111312720634;0,16802192228511603;0,08201511338492917;2,0307781241873935e-05;1,4000257722829312e-05;0,011111213381614402;0,011111213381614402;0,011111213381614402;0,9713898317992125;-0,5638698116502117;0,9715165696794599;-0,5627439935342912;1,1111213381614402e-06
182;0,0;0,0;0,0;0,0;0,0;0,0;;;;;;;;
183;0,0;0,0;0,0;0,0;0,0;0,0;;;;;;;;
184;-0,4030000000001635;-0,1949999999993573;0,4031140561713982;0,1950786307356818;0,00011405617123472211;7,863073632449757e-05;0,026332351519527744;0,02633235151952775;0,02633235151952775;0,9816019793612258;-0,31305744676818087;0,981902178399301;-0,3103576996672911;2,633235151952775e-06
185;0,12100640425290281;0,05800441474632724;-0,12100000001745266;-0,05799999991167652;6,404235450147011e-06;4,4148346507177916e-06;0,008055176647478157;0,008055176647478157;0,008055176647478157;0,9618021283690275;-0,3937676602523526;0,9617470583406752;-0,3942855339670609;8,055176647478157e-07
186;0,0;0,0;0,0;0,0;0,0;0,0;;;;;;;;
187;-0,6524273214666422;-0,31515672248470183;0,6535652607552955;0,31594127323523113;0,0011379392886533557;0,0007845507505293003;0,04424983835442477;0,04424983835442477;0,04424983835442477;0,9453686616240184;-0,5446947838851703;0,9471508695525502;-0,5280027095450079;4,424983835442476e-06
188;0,5156888506214239;0,24956832743819132;-0,5154013568880567;-0,24932563271564046;0,00028749373336722783;0,000242694722550868;0,03485761296892281;0,03485761296892283;0,03485761296892283;0,9489073563725998;-0,45767215464832595;0,9483036362540761;-0,46700087178712174;3,485761296892283e-06
189;0,4952305085876872;0,23915893097440952;-0,49513205840604396;-0,2390910526595445;9,845018164322816e-05;6,787831486501639e-05;0,032312863276632;0,032312863276632006;0,032312863276632006;0,9826320024848721;-0,3039359106603587;0,9824208591948617;-0,30584400089747343;3,2312863276632005e-06
190;0,3532342783793077;0,17109258152952095;-0,3531153449977384;-0,17101057807266232;0,00011893338156931943;8,200345685863142e-05;0,023585108407957637;0,023585108407957637;0,023585108407957637;0,9607896083450387;-0,4030811930744449;0,9604400796690044;-0,40628764032066456;2,3585108407957636e-06
191;0,4063407514623132;0,19624618574282307;-0,4062680915300484;-0,1961848329895599;7,265993226479583e-05;6,135275326316081e-05;0,02745563573196156;0,02745563573196156;0,02745563573196156;0,9489073563725998;-0,45767215464832595;0,9487136623984083;-0,4606753253314702;2,745563573196156e-06
192;0,028000652876359815;0,014000551248566456;-0,0280000000017009;-0,01399999999427766;6,528746589150314e-07;5,512542887962935e-07;0,0018572656001983976;0,0018572656001983974;0,0018572656001983976;0,9731726984236224;-0,2636268405013992;0,9731468821568341;-0,26399486110813086;1,8572656001983976e-07
193;0,028101048050732866;0,014000884914263066;-0,028100652876304654;-0,014000551248417176;3,951744282117142e-07;3,336658458905073e-07;0,0018625738052410938;0,0018625738052410936;0,0018625738052410938;0,9731882746947739;-0,2634034204167995;0,9731726984236224;-0,2636268405013992;1,8625738052410937e-07
194;0,27611032421402276;0,1340887940674309;-0,2760280450854844;-0,13401933614650324;8,227912853836505e-05;6,945792092766245e-05;0,017993550760162038;0,017993550760162035;0,017993550760162038;0,9848871703034137;-0,2804982579627448;0,9845523336479967;-0,2854533481067036;1,7993550760162037e-06
195;0,4195093574883884;0,20328223181326854;-0,4193792242832072;-0,20319250586380824;0,0001301332051812376;8,972594946030088e-05;0,026982562177041317;0,026982562177041314;0,026982562177041317;0,9974653257162466;-0,022385780791589503;0,9971310276824007;-0,025336329306150752;2,6982562177041317e-06
196;-0,48722119103237105;-0,23615250403276544;0,48734795805446757;0,23623989477766758;0,0001267670220965189;8,739074490213272e-05;0,03241719849590651;0,03241719849590652;0,03241719849590652;0,9642967191008398;-0,6580864954156962;0,9645677705047178;-0,6556162952300238;3,241719849590652e-06
197;-0,05100000000692456;-0,024999999964837306;0,05100179993874846;0,025001240842692004;1,7999318238995365e-06;1,2408778546982302e-06;0,0034000376135100378;0,0034000376135100378;0,0034000376135100378;0,9644680216933416;-0,3136294466492337;0,9645047403964382;-0,31330467976878956;3,4000376135100374e-07
198;-0,40903886236829;-0,1980267956335266;0,409186648596679;0,1981286894335353;0,000147786228389013;0,00010189380000868997;0,02691942477049439;0,026919424770494395;0,026919424770494395;0,9746808625037564;-0,22008940196348223;0,9750613783292166;-0,21664710472784363;2,6919424770494394e-06
199;-0,2730135016515571;-0,13200930756005877;0,2730844440175667;0,13205821642232715;7,094236600962978e-05;4,890886226838198e-05;0,018452536875908938;0,01845253687590894;0,01845253687590894;0,9488322836680176;-0,45518168600811787;0,9490987320002147;-0,45269790214313765;1,845253687590894e-06
200;0,4072790734206752;0,19719240183687167;-0,407138312699093;-0,1970953624045241;0,00014076072158220043;9,703943234756762e-05;0,026200576987728586;0,026200576987728583;0,026200576987728586;0,9971310276824007;-0,025336329306150752;0,9967586687303185;-0,028629666414086465;2,6200576987728585e-06
201;-0,052700258191085106;-0,025000178009527314;0,05270302366540749;0,025002084587186786;2,765474322381778e-06;1,9065776594717754e-06;0,0034654266012248414;0,003465426601224842;0,003465426601224842;0,9717859977238699;-0,5896606379116786;0,9718412391582777;-0,5891329003406056;3,465426601224842e-07
202;0,0;0,0;0,0;0,0;0,0;0,0;;;;;;;;
203;0,0;0,0;0,0;0,0;0,0;0,0;;;;;;;;
204;0,06910424935128846;0,03400358772413873;-0,06910104805306784;-0,03400088490662695;3,2012982206230944e-06;2,702817511780753e-06;0,004568851227928732;0,004568851227928732;0,004568851227928732;0,9732396515153969;-0,26265071906907844;0,9731882746947739;-0,2634034204167995;4,568851227928732e-07
205;0,06920856222387335;0,03400656172797798;-0,06920424935052011;-0,034003587722164046;4,312873353243263e-06;2,9740058139354764e-06;0,0045741747377875805;0,004574174737787581;0,004574174737787581;0,9733050631397402;-0,2620806332989823;0,9732396515153969;-0,26265071906907844;4,574174737787581e-07
206;0,0;0,0;0,0;0,0;0,0;0,0;;;;;;;;
207;-9,999999975596682e-05;4,591277843142886e-14;0,00010000001233825437;8,628769967624048e-12;1,2582287547469907e-11;8,674682746055477e-12;6,0839418662765956e-06;6,083941866276596e-06;6,083941866276596e-06;0,9489740047993603;-0,4560960359510574;0,9489741242020021;-0,45609106572456787;6,083941866276597e-10
208;-0,00020000001230834725;-8,616964050463184e-12;0,00020000004153043156;2,8764611789607606e-11;2,9222084306371535e-11;2,014764773914442e-11;1,2167882980081498e-05;1,2167882980081494e-05;1,2167882980081498e-05;0,9489741242020021;-0,45609106572456787;0,948974262857012;-0,45608529385021424;1,2167882980081499e-09
209;-0,2720454569097966;-0,13103134109017317;0,2721375648542271;0,13109484321337764;9,21079444304862e-05;6,350212320446746e-05;0,017638081430284495;0,0176380814302845;0,0176380814302845;0,9884004270430801;-0,10323805975933444;0,9887622611421425;-0,09996755735759776;1,76380814302845e-06
210;-0,2950465344841029;-0,1430320813341204;0,2951477417952484;0,1431018562330617;0,00010120731114549031;6,977489894130495e-05;0,02003202217639882;0,020032022176398826;0,020032022176398826;0,9450184584559742;-0,5479502937378448;0,9453686616240184;-0,5446947838851703;2,0032022176398826e-06
211;0,3151523638750371;0,152105040767041;-0,315077825671969;-0,1520536538606763;7,453820306807524e-05;5,1386906364719875e-05;0,02128725727847141;0,02128725727847141;0,02128725727847141;0,9490987320002147;-0,45269790214313765;0,9488560880791763;-0,4549710330925157;2,128725727847141e-06
212;0,3502680914736482;0,16918483300844686;-0,3501267590070964;-0,16908739480502896;0,00014133246655179121;9,743820341789888e-05;0,023672265230002043;0,023672265230002043;0,023672265230002043;0,9487136623984083;-0,4606753253314702;0,9482999149464061;-0,4645462488032457;2,3672265230002043e-06
213;0,3411667218648447;0,1651149411616413;-0,3410792033370728;-0,16505460557255186;8,75185277718904e-05;6,033558908943859e-05;0,02306642296747245;0,02306642296747245;0,02306642296747245;0,9486882885774174;-0,46103784891066263;0,9484253209159357;-0,46348493568747445;2,3066422967472446e-06
214;0,4384013568775248;0,2123256329093919;-0,43808536618568383;-0,21205885085484913;0,0003159906918409616;0,00026678205454278014;0,02965654976000762;0,029656549760007617;0,02965654976000762;0,9483036362540761;-0,46700087178712174;0,9475236202235956;-0,47905166974003693;2,9656549760007623e-06
215;0,01600010810844047;0,008000074525437557;-0,016000000000388093;-0,007999999999886553;1,0810805237820853e-07;7,452555100470604e-08;0,0010465752145077862;0,001046575214507786;0,0010465752145077862;0,9868407464716294;-0,2554880807585276;0,9868335736304338;-0,2555467269308598;1,0465752145077862e-07
216;-0,04900000000108981;-0,023999999994997426;0,04900161450098561;0,024001113138564432;1,6144998958023127e-06;1,1131435670060086e-06;0,0032430278242814975;0,003243027824281497;0,0032430278242814975;0,9713553021958792;-0,5641738136988081;0,9713898317992125;-0,5638698116502117;3,2430278242814974e-07
217;-0,2731162036137636;-0,1320111739674074;0,27329210011799265;0,13213244715287392;0,00017589650422905612;0,00012127318546650834;0,01771798858011717;0,017717988580117167;0,01771798858011717;0,9884726995571965;-0,10252584680192488;0,9891607262218249;-0,09636505969330318;1,7717988580117168e-06
218;-0,0006000004185699301;-2,892366494372528e-10;0,0006000005021688342;3,468752920456506e-10;8,359890416639176e-11;5,76386426083978e-11;3,5646783577095384e-05;3,5646783577095384e-05;3,5646783577095384e-05;0,9717858623235262;-0,589666141988154;0,9717859977238699;-0,5896606379116786;3,564678357709539e-09
219;-0,0005000001468019872;-1,0175606033524027e-10;0,000500000417724437;2,8854800920659796e-10;2,7092244973044716e-10;1,867919488713577e-10;2,970565707531064e-05;2,9705657075310643e-05;2,9705657075310643e-05;0,9717853357666116;-0,5896875467445881;0,9717858623235262;-0,589666141988154;2,970565707531064e-09
220;-0,0003000001165657482;-8,082545731648926e-11;0,00030000014443206784;1,0003835069973761e-10;2,786631965760386e-11;1,9212893383248352e-11;1,7823397593065586e-05;1,7823397593065586e-05;1,7823397593065586e-05;0,9717852454997005;-0,5896912161337314;0,9717853357666116;-0,5896875467445881;1,7823397593065586e-09
221;-0,00020000000184677605;-1,7795722582067072e-12;0,0002000001164083564;8,076594229176182e-11;1,1456158035562901e-10;7,898637003355511e-11;1,1882267361134377e-05;1,1882267361134379e-05;1,1882267361134379e-05;0,9717846888536777;-0,5897138440484788;0,9717852454997005;-0,5896912161337314;1,1882267361134378e-09
222;-9,999999929134545e-05;-5,93616562621487e-13;0,00010000000161353967;2,1946916688054277e-12;2,3221942218546593e-12;1,6010751061839407e-12;5,94113372157002e-06;5,9411337215700206e-06;5,9411337215700206e-06;0,97178466628695;-0,5897147613969188;0,9717846888536777;-0,5897138440484788;5,941133721570021e-10
223;0,0;0,0;0,0;0,0;0,0;0,0;;;;;;;;
224;0,2661680147532067;0,12904689306605951;-0,2661322310198563;-0,12902222138123245;3,578373335044738e-05;2,467168482706006e-05;0,01806502248532663;0,018065022485326623;0,01806502248532663;0,9453686616240184;-0,5446947838851703;0,9452313564541315;-0,5459712356400391;1,806502248532663e-06
225;0,3935819928294992;0,19033230475289467;-0,3933121684263832;-0,19014627714127244;0,0002698244031159591;0,00018602761162223036;0,026515131493518914;0,026515131493518918;0,026515131493518918;0,9519488647996333;-0,4288543957796401;0,9512435993916516;-0,4354124475478129;2,651513149351892e-06
226;0,0;0,0;0,0;0,0;0,0;0,0;;;;;;;;
227;0,0;0,0;0,0;0,0;0,0;0,0;;;;;;;;
228;0,018000820960748763;0,009000566018771876;-0,018000000002523175;-0,008999999988072643;8,209582255877534e-07;5,660306992335412e-07;0,0012057450310338526;0,0012057450310338526;0,0012057450310338526;0,9636797023880759;-0,37646254281026414;0,9636324212659657;-0,37685863223984484;1,2057450310338527e-07
229;0,34821096738852103;0,1691454484725797;-0,3480959257477644;-0,16906613682737553;0,00011504164075665235;7,931164520416645e-05;0,023497993598939684;0,02349799359893969;0,02349799359893969;0,9511587168680058;-0,436207251267044;0,9508193223897307;-0,439327538728949;2,349799359893969e-06
230;-0,35632297149017844;-0,17215372839851428;0,35645006211773345;0,1722610149545703;0,00012709062755500433;0,00010728655605601878;0,024084935323171977;0,024084935323171977;0,024084935323171977;0,9486235021753615;-0,46205235526579364;0,9490097042260259;-0,45607304086587763;2,408493532317198e-06
231;-0,1640029731248465;-0,07900243866891751;0,16401938488790574;0,07901629421385373;1,641176305924863e-05;1,3855544936214326e-05;0,010818639209815005;0,010818639209815004;0,010818639209815005;0,9714763759042543;-0,2669091613653454;0,9715873716666942;-0,2652222414335085;1,0818639209815007e-06
232;0,0;0,0;0,0;0,0;0,0;0,0;;;;;;;;
233;0,3091358868765315;0,14909368017021393;-0,309094998801211;-0,1490654934970143;4,088807532048877e-05;2,8186673199620538e-05;0,02035353074988836;0,020353530749888365;0,020353530749888365;0,9735562653925385;-0,5443886447179522;0,9734170644811457;-0,5456619281220352;2,0353530749888363e-06
234;-0,3161401511814391;-0,15302768124798938;0,3161818080591594;0,15305639790411996;4,165687772028637e-05;2,87166561305785e-05;0,020543989356641826;0,020543989356641826;0,020543989356641826;0,9870642189480812;-0,2663594966401415;0,9872047538992745;-0,26510387448914885;2,0543989356641825e-06
235;0,3211556547386384;0,15510731802675143;-0,3210673625520176;-0,1550464435232537;8,829218662076421e-05;6,0874503497732046e-05;0,021150496451157318;0,02115049645115732;0,02115049645115732;0,9735562653925385;-0,5443886447179522;0,9732669713987792;-0,5470269543188402;2,1150496451157323e-06
236;0,279079203309343;0,13505460576882788;-0,2790401446601125;-0,13502767613926264;3,905864923048341e-05;2,692962956524214e-05;0,01887358024556898;0,018873580245568983;0,018873580245568983;0,9484253209159357;-0,46348493568747445;0,9482818863596266;-0,4648205691113856;1,8873580245568982e-06
237;0,0;0,0;0,0;0,0;0,0;0,0;;;;;;;;
238;0,3634349574826893;0,17523093170459353;-0,363358281212806;-0,17517806598637034;7,667626988328013e-05;5,286571822318842e-05;0,024139904499256338;0,024139904499256338;0,024139904499256338;0,9649811222488867;-0,6518492834644032;0,9647610227933793;-0,6538830861007101;2,413990449925634e-06
239;-0,36504309067084595;-0,17702970677471935;0,3652211910288834;0,17715250405670124;0,0001781003580374474;0,0001227972819818901;0,024303405460719487;0,024303405460719484;0,024303405460719487;0,9637887349243096;-0,6627128216533434;0,9642967191008398;-0,6580864954156962;2,430340546071949e-06
240;0,0;0,0;0,0;0,0;0,0;0,0;;;;;;;;
241;0,0;0,0;0,0;0,0;0,0;0,0;;;;;;;;
242;0,26512675897393884;0,12808739507134173;-0,26503514087289937;-0,12802422746132272;9,16181010394701e-05;6,316761001901039e-05;0,017926671117002867;0,017926671117002864;0,017926671117002867;0,9482999149464061;-0,4645462488032457;0,9479457323596394;-0,4678599239405682;1,7926671117002868e-06
243;0,27109499880117355;0,1310654935000386;-0,2710215467646111;-0,1310148540813975;7,345203656244914e-05;5,063941864108523e-05;0,017859685646309572;0,01785968564630957;0,017859685646309572;0,9734170644811457;-0,5456619281220352;0,9731320361815117;-0,5482541952930547;1,7859685646309572e-06
244;0,21307782562292316;0,10305365417805532;-0,21303006229835908;-0,10302072511166745;4,776332456407628e-05;3,292906638786841e-05;0,014401879196411685;0,014401879196411685;0,014401879196411685;0,9488560880791763;-0,4549710330925157;0,9486262387835521;-0,4571134302226406;1,4401879196411685e-06
245;-0,2962174014430083;-0,14308094147653957;0,29632297143676184;0,14315372844897706;0,00010556999375355147;7,2786972437483e-05;0,02002904807926303;0,020029048079263027;0,02002904807926303;0,9482582231312245;-0,4654690370050323;0,9486235021753615;-0,46205235526579364;2,002904807926303e-06
246;0,31631216841981674;0,1531462772689707;-0,31613755360979456;-0,1530258909151526;0,00017461481002217782;0,0001203863538181138;0,021330140228202853;0,021330140228202853;0,021330140228202853;0,9512435993916516;-0,4354124475478129;0,9506762059722829;-0,44067538678384194;2,1330140228202853e-06
247;0,18211534497299184;0,08801057820927567;-0,1821052949145357;-0,08800365049907773;1,0050058456140265e-05;6,927710197945913e-06;0,012158883961775226;0,012158883961775231;0,012158883961775231;0,9604400796690044;-0,40628764032066456;0,9603827991041283;-0,40681583180218683;1,215888396177523e-06
248;-0,25800248848711843;-0,12500171562663687;0,25803886236101825;0,12502679568530015;3,637387389981983e-05;2,5080058663279337e-05;0,01698456608129879;0,016984566081298783;0,01698456608129879;0,974532417772096;-0,2214303777925765;0,9746808625037564;-0,22008940196348223;1,6984566081298792e-06
249;0,3213582812123864;0,1551780659937801;-0,32125325465917065;-0,155105658422178;0,00010502655321575904;7,240757160209554e-05;0,02135607542796864;0,021356075427968645;0,021356075427968645;0,9647610227933793;-0,6538830861007101;0,9644202197898128;-0,6570204488116212;2,1356075427968644e-06
250;0,0;0,0;0,0;0,0;0,0;0,0;;;;;;;;
251;-0,16010101548308356;-0,07800070006651265;0,16011620361342005;0,0780111739674245;1,5188130336490913e-05;1,047390091185596e-05;0,01040306762418579;0,010403067624185788;0,01040306762418579;0,9883714639366289;-0,1034149106458053;0,9884726995571965;-0,10252584680192488;1,040306762418579e-06
252;0,3160853660926693;0,1530588510841515;-0,31600000019023344;-0,15299999889135532;8,536590243585218e-05;5,885219279616605e-05;0,021399122558687502;0,021399122558687502;0,021399122558687502;0,9475236202235956;-0,47905166974003693;0,9472471258460966;-0,4816242948312599;2,13991225586875e-06
253;0,3021118671584792;0,14607712962555242;-0,30204363492473385;-0,14603008578723825;6,82322337453578e-05;4,70438383141647e-05;0,01972107048270255;0,01972107048270255;0,01972107048270255;0,9824208591948617;-0,30584400089747343;0,9821810712970891;-0,3080045444806596;1,9721070482702546e-06
254;-0,10300000005833777;-0,049999999668917584;0,10301649987862724;0,05001137524001467;1,6499820289464506e-05;1,1375571097087256e-05;0,0069669847496904936;0,006966984749690494;0,006966984749690494;0,9488100892079785;-0,45760032921525273;0,948974262857012;-0,45608529385021424;6,966984749690494e-07
255;0,23604370758133048;0,11403013265049934;-0,23601667234340856;-0,11401149397422485;2,703523792191298e-05;1,8638676274496113e-05;0,01532328874821143;0,01532328874821143;0,01532328874821143;0,9877053184906244;-0,25861424838006297;0,9875830494629027;-0,25971220879205176;1,532328874821143e-06
256;0,24406736255141295;0,11804644352961842;-0,24401631135255097;-0,11801124543902136;5,105119886197884e-05;3,519809059705781e-05;0,01608282743514784;0,01608282743514784;0,01608282743514784;0,9732669713987792;-0,5470269543188402;0,973046972966349;-0,5490262561970565;1,6082827435147837e-06
257;-0,07900444982069763;-0,03800306761213;0,07901350154563681;0,03800930817872017;9,051724939188044e-06;6,2405665901682505e-06;0,005335217318339093;0,005335217318339093;0,005335217318339093;0,9487147377678861;-0,45629257996471534;0,9488322836680176;-0,45518168600811787;5,335217318339093e-07
258;0,22609592571269452;0,11006613705719354;-0,2260141185213921;-0,1100097337406184;8,180719130240766e-05;5,640331657513764e-05;0,015269205284586038;0,015269205284586038;0,015269205284586038;0,9508193223897307;-0,439327538728949;0,950447855876228;-0,4427252255215459;1,5269205284586038e-06
259;0,07711107030072123;0,037007632082370436;-0,07710000004692107;-0,03699999979558897;1,1070253800163354e-05;7,632286781467101e-06;0,005223547887138976;0,005223547887138977;0,005223547887138977;0,9453686616240184;-0,5446947838851703;0,945221850473891;-0,546095738350417;5,223547887138977e-07
260;0,0;0,0;0,0;0,0;0,0;0,0;;;;;;;;
261;0,0;0,0;0,0;0,0;0,0;0,0;;;;;;;;
262;0,11900428447515682;0,058002953670754476;-0,11900000005460844;-0,05799999970638187;4,284420548381074e-06;2,953964372602591e-06;0,008069861916644182;0,00806986191664418;0,008069861916644182;0,9471508695525502;-0,5280027095450079;0,9471140563353518;-0,5283395249206179;8,069861916644182e-07
263;0,2753055344099152;0,132141705287243;-0,2752490169840009;-0,13210274196972419;5,6517425914281993e-05;3,896331751881976e-05;0,01853623114997653;0,01853623114997652;0,01853623114997653;0,9511587168680058;-0,436207251267044;0,9509475018172132;-0,43820972925339213;1,8536231149976533e-06
264;0,0;0,0;0,0;0,0;0,0;0,0;;;;;;;;
265;0,27514901698977573;0,1321027419644471;-0,275073711785648;-0,13205082155011008;7,530520412774022e-05;5,192041433701999e-05;0,018530757774863744;0,018530757774863744;0,018530757774863744;0,9509475018172132;-0,43820972925339213;0,9506659797224536;-0,4408784476797451;1,8530757774863746e-06
266;-0,22403577121160465;-0,10802466145180387;0,22421071985756005;0,10814528267965824;0,00017494864595540838;0,00012062122785437557;0,015097392806906522;0,01509739280690652;0,015097392806906522;0,9511458767005522;-0,4363731196712882;0,9519488647996333;-0,4288543957796401;1,509739280690652e-06
267;-0,1440037348922509;-0,0700025746301294;0,1440247171585959;0,07001704119953829;2,098226634500433e-05;1,4466569408885799e-05;0,009781532042895261;0,009781532042895258;0,009781532042895261;0,9450826411162622;-0,5473441715164004;0,9452313564541315;-0,5459712356400391;9,781532042895261e-07
268;-0,1941000000078156;-0,09400000000545393;0,19414015118148606;0,09402768124758476;4,0151173670455176e-05;2,7681242130830896e-05;0,012617344798188627;0,012617344798188627;0,012617344798188627;0,9868436542778327;-0,26832848771647466;0,9870642189480812;-0,2663594966401415;1,2617344798188627e-06
269;0,19402804508542001;0,09401933614633244;-0,1939999999999453;-0,09399999999984916;2,804508547471496e-05;1,9336146483278638e-05;0,01264340572632126;0,01264340572632126;0,01264340572632126;0,9845523336479967;-0,2854533481067036;0,9843985826354161;-0,28682779616552023;1,264340572632126e-06
270;-0,14502248502287574;-0,07001550308616505;0,14504102188132495;0,07002828318926146;1,8536858449214044e-05;1,2780103096410311e-05;0,00940802841509172;0,009408028415091719;0,00940802841509172;0,988263885695738;-0,10446524348687848;0,9884004270430801;-0,10323805975933444;9,408028415091719e-07
271;0,04200297311599405;0,02000243870055955;-0,04200046102596235;-0,020000317848942517;2,512090031693559e-06;2,120851617031655e-06;0,002764843822847109;0,0027648438228471085;0,002764843822847109;0,9714763759042543;-0,2669091613653454;0,9714099737129775;-0,2679372702973809;2,7648438228471087e-07
272;0,2460436349239194;0,11903008578710984;-0,2460113653135139;-0,11900783702524399;3,2269610405505356e-05;2,2248761865850675e-05;0,016066618572223156;0,016066618572223156;0,016066618572223156;0,9821810712970891;-0,3080045444806596;0,9820418673358455;-0,3092572435361011;1,6066618572223155e-06
273;-0,05000000002777687;-0,023999999839276174;0,05000437292836192;0,024003014689831965;4,372900585053463e-06;3,014850555791565e-06;0,0033754989305560604;0,00337549893055606;0,0033754989305560604;0,948624994086099;-0,4571454709094391;0,9487147377678861;-0,45629257996471534;3,3754989305560606e-07
274;0,15704014459398938;0,07602767653852541;-0,15700178589520342;-0,07600123066835368;3,8358698785961876e-05;2,6445870171726282e-05;0,010622755512603374;0,010622755512603376;0,010622755512603376;0,9482818863596266;-0,4648205691113856;0,9480316081777149;-0,4671489033658747;1,0622755512603376e-06
275;0,18679689094649593;0,09006680524783248;-0,18676082134198538;-0,09004193353926203;3,606960451055241e-05;2,487170857044807e-05;0,012011835388891293;0,012011835388891294;0,012011835388891294;0,9967586687303185;-0,028629666414086465;0,996550584549565;-0,030491658730957227;1,2011835388891295e-06
276;0,07700572278429593;0,03700394565174674;-0,07700000000296803;-0,036999999985824344;5,7227813279048245e-06;3,945665922398811e-06;0,005108392515254589;0,005108392515254589;0,005108392515254589;0,9655882032498907;-0,6462930950945067;0,9655105913885117;-0,6470158946708325;5,108392515254589e-07
277;0,2442532546571315;0,11810565843719531;-0,24419829194086443;-0,118067766214663;5,496271626706517e-05;3,789222253230973e-05;0,016241919039546665;0,016241919039546658;0,016241919039546665;0,9644202197898128;-0,6570204488116212;0,9641856931652717;-0,6591723414442217;1,6241919039546667e-06
278;0,24409829194205163;0,11806776621361417;-0,24402602182505215;-0,1180179411165364;7,227011699947883e-05;4,9825097077765834e-05;0,01623652833161266;0,01623652833161266;0,01623652833161266;0,9641856931652717;-0,6591723414442217;0,9638772063448005;-0,662001605166053;1,623652833161266e-06
279;-0,1730086685116582;-0,08400597581446721;0,17304653443146856;0,08403208166857155;3,78659198103648e-05;2,6105854104341297e-05;0,011752710844408178;0,011752710844408177;0,011752710844408178;0,9447951087944106;-0,5500186045218716;0,9450184584559742;-0,5479502937378448;1,1752710844408179e-06
280;0,16003514081815867;0,07702422780986355;-0,16000178203206564;-0,07700122804489654;3,335878609303511e-05;2,2999764967016056e-05;0,01081718176241674;0,01081718176241674;0,01081718176241674;0,9479457323596394;-0,4678599239405682;0,9477320628386445;-0,4698789848110179;1,081718176241674e-06
281;0,1816607983945582;0,08804191771771142;-0,18164069963393187;-0,08802806032395168;2,0098760626335865e-05;1,3857393759739156e-05;0,011695387645974605;0,011695387645974605;0,011695387645974605;0,996550584549565;-0,030491658730957227;0,9964314646079582;-0,03154317902571475;1,1695387645974606e-06
282;0,17924042636842533;0,0870278709440405;-0,1792243586110219;-0,08701679414137398;1,6067757403426253e-05;1,1076802666529217e-05;0,011541173478640235;0,011541173478640235;0,011541173478640235;0,9967586687303185;-0,028629666414086465;0,9966621593187106;-0,029476995163815925;1,1541173478640236e-06
283;0,11503000730043393;0,0560206875485846;-0,11500407557157408;-0,056002809117771946;2,5931728859854286e-05;1,7878430812655333e-05;0,007787023723951878;0,00778702372395188;0,00778702372395188;0,9486262387835521;-0,4571134302226406;0,9483953451124542;-0,4592273947209227;7,78702372395188e-07
284;0,3615275257702257;0,17415686798206256;-0,36145514394826517;-0,1741069631417506;7,23818219605099e-05;4,990484031197617e-05;0,023454156265363398;0,023454156265363398;0,023454156265363398;0,9878174308884154;-0,10838203729668679;0,9876035953688703;-0,11031666049885949;2,3454156265363397e-06
285;0,1740338531313866;0,08502553909465364;-0,1740196739872362;-0,0850135658540577;1,4179144150416878e-05;1,1973240595944401e-05;0,011377804443258943;0,011377804443258949;0,011377804443258949;0,9828690936739403;-0,17817149500497978;0,9827777764584555;-0,1795127365701348;1,1377804443258948e-06
286;-0,24300000001124442;-0,11799999994630218;0,24304309066662455;0,11802970679972857;4,309065538013468e-05;2,9706853426389457e-05;0,01618533897585817;0,016185338975858173;0,016185338975858173;0,963604176470418;-0,664388094399613;0,9637887349243096;-0,6627128216533434;1,6185338975858172e-06
287;0,0;0,0;0,0;0,0;0,0;0,0;;;;;;;;
288;0,17203233038240096;0,08202228865230354;-0,17201039123308864;-0,08200716424639701;2,1939149312311113e-05;1,5124405906535854e-05;0,011147462780210152;0,011147462780210152;0,011147462780210152;0,9870811832705146;-0,11512976867159978;0,9869449054916936;-0,11639563462095605;1,1147462780210151e-06
289;0,17002019124864132;0,0820139230340309;-0,17001034105248536;-0,08200712979530266;9,85019615595828e-06;6,793238728250439e-06;0,011093507965911797;0,011093507965911794;0,011093507965911797;0,9824208591948617;-0,30584400089747343;0,9823593255837865;-0,3064022055249896;1,1093507965911798e-06
290;0,021000461024285714;0,010000317853940335;-0,021000000001004084;-0,009999999993839184;4,6102328163030726e-07;3,178601011514376e-07;0,0013824383419516195;0,0013824383419516195;0,0013824383419516195;0,9714099737129775;-0,2679372702973809;0,9713868829061479;-0,26815594533023623;1,3824383419516193e-07
291;-0,19114233254600974;-0,092029186088042;0,19121740139340315;0,09208094181547215;7,50688473934169e-05;5,175572743014445e-05;0,012921900196123173;0,012921900196123175;0,012921900196123175;0,9478557014939328;-0,46926660527646047;0,9482582231312245;-0,4654690370050323;1,2921900196123174e-06
292;-0,19100208725934464;-0,09200143829859583;0,1910423325546098;0,09202918608083063;4,0245295265167735e-05;2,7747782234799345e-05;0,012916412331622114;0,012916412331622116;0,012916412331622116;0,9476398062335855;-0,47130227572979555;0,9478557014939328;-0,46926660527646047;1,2916412331622117e-06
293;0,14902154676244564;0,07201485409063796;-0,14900780060299504;-0,07200537757162276;1,3746159450600537e-05;9,476519015200191e-06;0,00981955586588239;0,00981955586588239;0,00981955586588239;0,9731320361815117;-0,5482541952930547;0,9730350226322864;-0,5491375105893267;9,81955586588239e-07
294;0,09500407556066405;0,046002809184028194;-0,09500000005497108;-0,04599999968648666;4,075505692965886e-06;2,8094975415351997e-06;0,006425873558707735;0,006425873558707735;0,006425873558707735;0,9483953451124542;-0,4592273947209227;0,9483513869094311;-0,4596358621731834;6,425873558707735e-07
295;-0,24314593936147194;-0,1180316714573918;0,24319060575971974;0,1180624646336414;4,4666398247794614e-05;3,079317624959943e-05;0,01647861535766342;0,016478615357663425;0,016478615357663425;0,9469629706503944;-0,5297397822939302;0,9471508695525502;-0,5280027095450079;1,6478615357663425e-06
296;-0,2430027924853618;-0,11800192452741351;0,24304593936743396;0,11803167145327988;4,314688207215922e-05;2,9746925866366847e-05;0,016473130795024386;0,01647313079502438;0,016473130795024386;0,9467813978311818;-0,5314174487821686;0,9469629706503944;-0,5297397822939302;1,6473130795024386e-06
297;0,15501667234292843;0,07501149397338563;-0,1549999999997657;-0,07499999999980274;1,6672343162743575e-05;1,1493973582896166e-05;0,010067660688384245;0,010067660688384245;0,010067660688384245;0,9875830494629027;-0,25971220879205176;0,9874682744778582;-0,2607384669103633;1,0067660688384243e-06
298;0,15402013120625893;0,07401621142362715;-0,1540050692582692;-0,07400349480243709;1,5061947989725155e-05;1,2716621190053679e-05;0,009910247981795545;0,009910247981795543;0,009910247981795545;0,9955217231089775;-0,03925326582662243;0,9954105451491777;-0,0409090829112072;9,910247981795546e-07
299;0,152297110722882;0,07406695308338974;-0,15221763836701668;-0,07401215955759481;7,947235586530654e-05;5,4793525794932796e-05;0,00989664212255843;0,00989664212255843;0,00989664212255843;0,9879694816679667;-0,2455137110285276;0,9874127494296165;-0,25042816044678623;9,89664212255843e-07
300;-0,034100081065952276;-0,017000055917946004;0,03410101548285266;0,017000700066641127;9,344169003833169e-07;6,4414869512322e-07;0,0022258094647979454;0,0022258094647979454;0,0022258094647979454;0,9883423176041743;-0,1036548650729511;0,9883714639366289;-0,1034149106458053;2,2258094647979452e-07
301;0,2021811459944729;0,09805594396402739;-0,20217560700189444;-0,09805212675492135;5,538992578463242e-06;3,8172091060412194e-06;0,012973329557508208;0,012973329557508208;0,012973329557508208;1,0;0,0;0,9999704077091732;-0,00025945199633370104;1,2973329557508209e-06
302;0,2020756070021373;0,09805212675466503;-0,2019999999999538;-0,0979999999999233;7,560700218350869e-05;5,212675474172701e-05;0,012968134847683669;0,012968134847683667;0,012968134847683669;0,9999704077091732;-0,00025945199633370104;0,9995662597006932;-0,003804471746170219;1,296813484768367e-06
303;-0,17110114749053146;-0,08300079128970386;0,17113178602585824;0,0830219155583099;3,06385353267824e-05;2,1124268606037555e-05;0,01111945109265563;0,01111945109265563;0,01111945109265563;0,987412592207981;-0,1120136938354577;0,9876035953688703;-0,11031666049885949;1,111945109265563e-06
304;0,1492143280908195;0,07201202357070959;-0,14920046682069107;-0,07200032190806321;1,386127012842353e-05;1,170166264637118e-05;0,009732400855263335;0,009732400855263335;0,009732400855263335;0,9828690936739403;-0,17817149500497978;0,9827648672386529;-0,1797326522040084;9,732400855263335e-07
305;0,0;0,0;0,0;0,0;0,0;0,0;;;;;;;;
306;0,0;0,0;0,0;0,0;0,0;0,0;;;;;;;;
307;-0,07700000004506483;-0,036999999737793894;0,07700178198509124;0,03700122832571908;1,7819400264101892e-06;1,2285879251866527e-06;0,005204351229423197;0,005204351229423198;0,005204351229423198;0,9477083419258849;-0,4701040601267748;0,9477320628386445;-0,4698789848110179;5,204351229423198e-07
308;-0,1220000000608186;-0,05899999966176926;0,122007513865171;0,0590051801780396;7,513804352404785e-06;5,180516270339441e-06;0,008278003834930624;0,008278003834930622;0,008278003834930624;0,9451684480411191;-0,5465599360382194;0,9452313564541315;-0,5459712356400391;8,278003834930624e-07
309;0,25410871766283344;0,12208042727146805;-0,2540682113827154;-0,12205250248744723;4,050628011803559e-05;2,7924784020819104e-05;0,016856303317944885;0,016856303317944885;0,016856303317944885;0,9655882032498907;-0,6462930950945067;0,9654217288992831;-0,6478440148575177;1,6856303317944883e-06
310;0,14201967398762932;0,06901356585401842;-0,1420060881053302;-0,06900419797127785;1,3585882299133045e-05;9,36788274057132e-06;0,009276125410046038;0,009276125410046035;0,009276125410046038;0,9827777764584555;-0,1795127365701348;0,9826762378807906;-0,18041553073790761;9,276125410046039e-07
311;0,06010529489571597;0,02900365059800105;-0,06010000001381159;-0,02899999995438982;5,294881904378823e-06;3,650643611231158e-06;0,004012020964406658;0,0040120209644066585;0,0040120209644066585;0,9603827991041283;-0,40681583180218683;0,9602913437855173;-0,4076630538952888;4,0120209644066587e-07
312;0,13901034105183332;0,06700712979496079;-0,1390000582370913;-0,06700004015571102;1,0282814742024193e-05;7,089639249766022e-06;0,009069505910528573;0,009069505910528575;0,009069505910528575;0,9823593255837865;-0,3064022055249896;0,982280763004204;-0,3071156650037062;9,069505910528574e-07
313;0,0;0,0;0,0;0,0;0,0;0,0;;;;;;;;
314;0,1321175038044482;0,06401206795734099;-0,13210000006115669;-0,06399999971299222;1,7503743291513718e-05;1,206824434876741e-05;0,008934004190614329;0,00893400419061433;0,00893400419061433;0,9487304729667445;-0,5132960482958112;0,948594670688314;-0,5145562540236439;8,934004190614331e-07
315;0,12200780060337428;0,05900537757411251;-0,12200000000217373;-0,05899999998979819;7,800601200549928e-06;5,377584314320005e-06;0,008041487178712668;0,00804148717871267;0,00804148717871267;0,9730350226322864;-0,5491375105893267;0,9729677942469267;-0,5497484251940891;8,041487178712669e-07
316;0,13111755724345905;0,06401210362563893;-0,13110239241644026;-0,06400164873841556;1,5164827018798732e-05;1,0454887223371179e-05;0,00853143287277002;0,00853143287277002;0,00853143287277002;0,9874127494296165;-0,25042816044678623;0,9872894879398261;-0,2515050431372371;8,531432872770019e-07
317;0,1310023924165572;0,06400164873822375;-0,1310000000005918;-0,06399999999941808;2,3924159653909705e-06;1,6487388056762864e-06;0,008526178190502446;0,008526178190502446;0,008526178190502446;0,9872894879398261;-0,2515050431372371;0,9872700311512507;-0,25167449903114336;8,526178190502447e-07
318;0,06700443502831306;0,032003057900691155;-0,06699999999997258;-0,03200000000001048;4,4350283404798185e-06;3,0579006806766285e-06;0,004337420823061861;0,004337420823061861;0,004337420823061861;0,9884004270430801;-0,10323805975933444;0,9883296143681657;-0,10389233046237836;4,3374208230618605e-07
319;0,12912253609547447;0,06301553773642199;-0,12910764780591155;-0,06300527346197318;1,4888289562919876e-05;1,0264274448806843e-05;0,00832307843698891;0,008323078436988911;0,008323078436988911;0,9966621593187106;-0,029476995163815925;0,9965381187066739;-0,0305516698898343;8,323078436988912e-07
320;0,12843701004809685;0,06202551641180723;-0,1284257020574004;-0,06201772027036859;1,1307990696457493e-05;7,796141438642934e-06;0,008264220512561118;0,008264220512561118;0,008264220512561118;0,9964314646079582;-0,03154317902571475;0,9963366412404956;-0,03238799613778512;8,264220512561117e-07
321;-0,040000582555376446;-0,019000401689493747;0,0400020343335025;0,019001402708265194;1,4517781260561802e-06;1,0010187714466767e-06;0,0025858909761698433;0,0025858909761698437;0,0025858909761698437;0,9887233932019033;-0,10033149464976694;0,9887622611421425;-0,09996755735759776;2,585890976169844e-07
322;0,12602330265508896;0,06101606639904235;-0,12600000000017153;-0,060999999999482316;2,3302654917428667e-05;1,6066399560032973e-05;0,00814935796357555;0,00814935796357555;0,00814935796357555;0,9919677508831909;-0,06880435384209929;0,9917695592129894;-0,07056671417896383;8,149357963575551e-07
323;0,126012575778395;0,061010617255400565;-0,12600000000009706;-0,06099999999995229;1,2575778297940765e-05;1,0617255448278073e-05;0,00820808424955712;0,00820808424955712;0,00820808424955712;0,9847859168556307;-0,14953752265809517;0,9846737569547039;-0,15120574793491773;8,20808424955712e-07
324;0,1260113653129724;0,061007837025250915;-0,12599999999987394;-0,060999999999623654;1,1365313098476992e-05;7,837025627260852e-06;0,008230884234643108;0,008230884234643106;0,008230884234643108;0,9820418673358455;-0,3092572435361011;0,9819461585153407;-0,31011725754128416;8,230884234643107e-07
325;0,0;0,0;0,0;0,0;0,0;0,0;;;;;;;;
326;0,19807371176406502;0,0950508216957428;-0,19802295863598743;-0,09501582911496155;5,07531280775908e-05;3,4992580781254e-05;0,013342598425702332;0,013342598425702332;0,013342598425702332;0,9506659797224536;-0,4408784476797451;0,950402474042529;-0,443380211108936;1,334259842570233e-06
327;0,23206821138345235;0,11205250249535079;-0,23203282669874756;-0,1120226328621888;3,538468470479228e-05;2,986963316198299e-05;0,01541145633413244;0,015411456334132443;0,015411456334132443;0,9654217288992831;-0,6478440148575177;0,965253702276571;-0,6504040801565324;1,5411456334132443e-06
328;-0,1470045293080524;-0,07100312237249641;0,1470357711939399;0,0710246615896724;3,124188588748966e-05;2,1539217175986503e-05;0,0099118577559601;0,0099118577559601;0,0099118577559601;0,9509274431529516;-0,4384108503584424;0,9511458767005522;-0,4363731196712882;9,9118577559601e-07
329;0,12201035933879974;0,059007141765582694;-0,12200000000001446;-0,05900000000001486;1,035933878527906e-05;7,1417655678335246e-06;0,007935901482768527;0,007935901482768527;0,007935901482768527;0,9860034192788635;-0,29124656549011135;0,9859129501380927;-0,2920579428211787;7,935901482768527e-07
330;0,11500746745834824;0,05600514911870374;-0,11499999999995755;-0,05599999999966783;7,4674583906836345e-06;5,149119035909033e-06;0,007411068504823803;0,0074110685048238015;0,007411068504823803;0,9965381187066739;-0,0305516698898343;0,9964682539058056;-0,031160868981767696;7,411068504823803e-07
331;0,12201631135047877;0,059011245448520884;-0,12200000000232984;-0,058999999989513975;1,6311348148931315e-05;1,1245459006908876e-05;0,008041994608830325;0,008041994608830325;0,008041994608830325;0,973046972966349;-0,5490262561970565;0,9729064023677533;-0,5503038827858586;8,041994608830325e-07
332;-0,05800000002890822;-0,027999999837885346;0,0580037348490519;0,028002574871199185;3,7348201436804285e-06;2,575033313838987e-06;0,003934768516929007;0,003934768516929007;0,003934768516929007;0,9450168633990906;-0,5479626268630126;0,9450826411162622;-0,5473441715164004;3,934768516929007e-07
333;0,10932540911347738;0,053017518295112594;-0,10931584217252874;-0,05301092271247507;9,566940948640967e-06;6,595582637526631e-06;0,007040753562601951;0,007040753562601952;0,007040753562601952;0,9963366412404956;-0,03238799613778512;0,9962424539979475;-0,033218037593475504;7,040753562601952e-07
334;0,0;0,0;0,0;0,0;0,0;0,0;;;;;;;;
335;-0,021000000000059454;-0,009999999999934351;0,021000582555284267;0,0100004016896381;5,825552248130139e-07;4,0168970374780677e-07;0,0013582391381149255;0,0013582391381149255;0,0013582391381149255;0,9886936948114625;-0,10060789681212404;0,9887233932019033;-0,10033149464976694;1,3582391381149257e-07
336;-0,18613233039307323;-0,08902228865947985;0,18622335791705572;0,08908504758020964;9,102752398248981e-05;6,275892072979405e-05;0,012068114099223473;0,012068114099223478;0,012068114099223478;0,9870811832705146;-0,11512976867159978;0,9876035953688703;-0,11031666049885949;1,2068114099223477e-06
337;0,10310487556031918;0,05000411602350223;-0,10310000001729352;-0,049999999980189;4,875543025653628e-06;4,1160433132264584e-06;0,006809368826121455;0,006809368826121453;0,006809368826121455;0,9715873716666942;-0,2652222414335085;0,9715349477787093;-0,26601025491971536;6,809368826121455e-07
338;0,1010046636549361;0,0490032158645791;-0,10099999999990283;-0,04899999999971808;4,663655033265712e-06;3,2158648610169926e-06;0,006587790675070647;0,006587790675070647;0,006587790675070647;0,9838773933514107;-0,2926968290080399;0,9838283185002994;-0,2931345649981469;6,587790675070647e-07
339;0,10100071524336228;0,04900049335997017;-0,10100000000208931;-0,049000000000114015;7,15241272972178e-07;4,93359856156006e-07;0,006595919962820388;0,006595919962820387;0,006595919962820388;0,9826232951922429;-0,3038917392538086;0,9826157775023854;-0,3039589484034742;6,595919962820388e-07
340;0,0;0,0;0,0;0,0;0,0;0,0;;;;;;;;
341;0,09921576713353814;0,04801087097384677;-0,09920749002034095;-0,04800516439269839;8,277113197188712e-06;5,706581148380574e-06;0,006387651838747216;0,006387651838747216;0,006387651838747216;0,9962424539979475;-0,033218037593475504;0,9961526442597428;-0,034014157191431714;6,387651838747215e-07
342;0,005100058433917716;0,002000040281456378;-0,005100041243125836;-0,0020000284295406175;1,719079188028383e-08;1,1851915760439924e-08;0,000328813302540605;0,000328813302540605;0,000328813302540605;0,9618967775516957;-0,3348555038972752;0,961893207682849;-0,33490526325965647;3,28813302540605e-08
343;0,10401411848071676;0,05100973398011677;-0,10400000003970832;-0,05099999978823134;1,4118441008445504e-05;9,734191885428511e-06;0,007037240278682006;0,007037240278682006;0,007037240278682006;0,950447855876228;-0,4427252255215459;0,9503086941332927;-0,44397334286264206;7,037240278682006e-07
344;0,0;0,0;0,0;0,0;0,0;0,0;;;;;;;;
345;-0,07700000003846236;-0,03699999978147199;0,0770086684635981;0,037005976088159934;8,668425135749391e-06;5,976306687943689e-06;0,0052210342404663745;0,0052210342404663745;0,0052210342404663745;0,9446800859794094;-0,5511132295620577;0,9447951087944106;-0,5500186045218716;5,221034240466375e-07
346;0,0;0,0;0,0;0,0;0,0;0,0;;;;;;;;
347;0,0;0,0;0,0;0,0;0,0;0,0;;;;;;;;
348;0,0001000000050439409;3,704802810326049e-12;-9,999999987252106e-05;-1,3894273416837476e-13;5,1714198380384616e-12;3,565860076157674e-12;5,845972017702021e-06;5,84597201770202e-06;5,845972017702021e-06;0,9876035953688703;-0,11031666049885949;0,987603544295744;-0,11031870358607929;5,845972017702021e-10
349;-0,19400000000789266;-0,09399999996246867;0,19403282669656594;0,09402263286409841;3,2826688673270876e-05;2,2632901629737745e-05;0,012896532817520066;0,012896532817520064;0,012896532817520066;0,9650772693912586;-0,652012824667182;0,965253702276571;-0,6504040801565324;1,2896532817520066e-06
350;-0,08100000000510993;-0,038999999971342986;0,08100248847555372;0,03900171568831109;2,4884704437899696e-06;1,7157169681022988e-06;0,005326193397974682;0,005326193397974682;0,005326193397974682;0,974500045467017;-0,22172757100511747;0,974532417772096;-0,2214303777925765;5,326193397974682e-07
351;0,08601039123327014;0,041007164246238896;-0,08600000000008204;-0,040999999999891255;1,0391233188106197e-05;7,164246347640679e-06;0,005574095922544362;0,005574095922544364;0,005574095922544364;0,9869449054916936;-0,11639563462095605;0,9868158179647412;-0,11759532860345137;5,574095922544364e-07
352;0,12702248502284685;0,06101550308630344;-0,12700777072464847;-0,0610053573977571;1,4714298198381659e-05;1,014568854634107e-05;0,008232464429534396;0,008232464429534396;0,008232464429534396;0,988263885695738;-0,10446524348687848;0,988140059741013;-0,10559334845974849;8,232464429534396e-07
353;0,00010000000465866541;3,4476670669376805e-12;-9,999999990243769e-05;-1,6840745892655293e-13;4,756227719613856e-12;3,2792596080111276e-12;6,0122409706464614e-06;6,012240970646463e-06;6,012240970646463e-06;0,9602913437855173;-0,4076630538952888;0,9602912981118757;-0,40766493277255134;6,012240970646463e-10
354;0,0;0,0;0,0;0,0;0,0;0,0;;;;;;;;
355;0,08100904548353279;0,0390062362435042;-0,08100000000344927;-0,038999999982329656;9,045480083513802e-06;6,236261174547009e-06;0,005333376596771984;0,005333376596771984;0,005333376596771984;0,9733050631397402;-0,2620806332989823;0,9731875509827506;-0,26316065403877864;5,333376596771985e-07
356;0,08100608810457338;0,03900419797103622;-0,08099999999983;-0,03899999999973304;6,08810474338195e-06;4,197971303181169e-06;0,0052823069821173645;0,005282306982117364;0,0052823069821173645;0,9826762378807906;-0,18041553073790761;0,9825963781545215;-0,18114283162704725;5,282306982117365e-07
357;0,08100506925805233;0,0390034948021637;-0,0810000000000453;-0,03899999999989429;5,069258007028843e-06;3,4948022694103464e-06;0,0052146593846403915;0,005214659384640394;0,005214659384640394;0,9954105451491777;-0,0409090829112072;0,995343190435828;-0,04151431225590824;5,214659384640394e-07
358;0,0790008316019969;0,03800070221514433;-0,07900000000184339;-0,03799999999309689;8,316001535169093e-07;7,022220474411922e-07;0,005208002753268407;0,005208002753268406;0,005208002753268407;0,9718412391582777;-0,5891329003406056;0,9718295568581489;-0,5893108971085727;5,208002753268407e-07
359;0,0;0,0;0,0;0,0;0,0;0,0;;;;;;;;
360;0,12601747793250018;0,061012050192407116;-0,12600364558933602;-0,061002513255396545;1,3832343164155159e-05;9,53693701057079e-06;0,008371577591182441;0,008371577591182441;0,008371577591182441;0,9655882032498907;-0,6462930950945067;0,9654736805072458;-0,6473392432131102;8,371577591182441e-07
361;0,0;0,0;0,0;0,0;0,0;0,0;;;;;;;;
362;0,00010000000987519236;6,722290143332843e-12;-0,00010000000005700752;4,701923099476843e-14;9,818184839357341e-12;6,769309374327611e-12;6,108093310735673e-06;6,108093310735673e-06;6,108093310735673e-06;0,945221850473891;-0,546095738350417;0,9452217576702696;-0,5460996168786104;6,108093310735673e-10
363;0,0;0,0;0,0;0,0;0,0;0,0;;;;;;;;
364;0,0;0,0;0,0;0,0;0,0;0,0;;;;;;;;
365;0,07100694621700118;0,03400478918385075;-0,07099999999999962;-0,03400000000003571;6,946217001563282e-06;4,789183815037679e-06;0,004595250891317021;0,004595250891317021;0,004595250891317021;0,9891607262218249;-0,09636505969330318;0,9890560247339572;-0,09732522563280507;4,5952508913170204e-07
366;0,12213755354721217;0,059025891289959186;-0,12212118156393272;-0,05901460335620698;1,637198327945899e-05;1,1287933752206214e-05;0,00823825039397933;0,00823825039397933;0,00823825039397933;0,9506762059722829;-0,44067538678384194;0,950538478181036;-0,4419593501605539;8,23825039397933e-07
367;0,12202118156581025;0,05901460335466077;-0,12200000004456286;-0,058999999756158446;2,118152124738759e-05;1,460359850232601e-05;0,00823278197653995;0,008232781976539951;0,008232781976539951;0,950538478181036;-0,4419593501605539;0,9503601651741733;-0,44361857068279564;8,232781976539952e-07
368;0,06810711161181919;0,033004903494625065;-0,06810206956670488;-0,03300142687897269;5,042045114311833e-06;3,4766156523785563e-06;0,004386430792522084;0,004386430792522084;0,004386430792522084;0,9961526442597428;-0,034014157191431714;0,9960729673739441;-0,03471811973716557;4,386430792522083e-07
369;0,0680041271499164;0,03300284544057414;-0,067999999999979;-0,03299999999997842;4,1271499374023746e-06;2,8454405957209494e-06;0,004371175543955132;0,0043711755439551315;0,004371175543955132;0,9983934160037831;-0,014172970919612962;0,9983279653178501;-0,014747535931154167;4,3711755439551325e-07
370;-0,05900000000028886;-0,028999999998123964;0,059003093428823296;0,029002132659869506;3,093428534432785e-06;2,132661745542219e-06;0,0038532154343770704;0,00385321543437707;0,0038532154343770704;0,9850504249315789;-0,12865006617109626;0,9851061182570066;-0,128171290155254;3,85321543437707e-07
371;0,03500178582573273;0,017001231076042143;-0,03500000002099861;-0,01699999988160847;1,7858047341237637e-06;1,2311944336748648e-06;0,00236975487289574;0,00236975487289574;0,00236975487289574;0,9480316081777149;-0,4671489033658747;0,9479793669228477;-0,4676307488863492;2,3697548728957402e-07
372;0,0;0,0;0,0;0,0;0,0;0,0;;;;;;;;
373;0,0;0,0;0,0;0,0;0,0;0,0;;;;;;;;
374;0,12202602182050754;0,05901794114266453;-0,12200000000555446;-0,058999999973394536;2,6021814953078315e-05;1,794116926999434e-05;0,008119199704604044;0,008119199704604046;0,008119199704604046;0,9638772063448005;-0,662001605166053;0,9636550802000462;-0,6640400587854117;8,119199704604047e-07
375;0,06200480641041429;0,030004057692525114;-0,06199999999985813;-0,02999999999983527;4,8064105561615444e-06;4,0576926898447385e-06;0,004016551262014332;0,004016551262014331;0,004016551262014332;0,9901404923480993;-0,08660416428307628;0,9900528965727644;-0,08790099012056915;4,0165512620143324e-07
376;0,0;0,0;0,0;0,0;0,0;0,0;;;;;;;;
377;0,06000073272039169;0,029000505109691224;-0,059999999999787355;-0,029000000000168235;7,327206043364343e-07;5,051095229892388e-07;0,0038532361281611418;0,003853236128161142;0,003853236128161142;0,9985271257705685;-0,03693258673588577;0,9985139475850203;-0,03704944321750538;3,853236128161142e-07
378;0,0;0,0;0,0;0,0;0,0;0,0;;;;;;;;
379;0,06800265581125077;0,03300183129077316;-0,06800000000023315;-0,03300000000007809;2,655811017618359e-06;1,8312906950659902e-06;0,004419702186130949;0,0044197021861309485;0,004419702186130949;0,9874083618885384;-0,112027369582371;0,9873667055109338;-0,11239728436871714;4,419702186130949e-07
380;0,05600220085111454;0,027001517480189353;-0,05599999999980676;-0,027000000000011376;2,2008513077820258e-06;1,5174801779767322e-06;0,0035986098683900495;0,003598609868390049;0,0035986098683900495;0,9974653257162466;-0,022385780791589503;0,9974229462804172;-0,022764612167236645;3,5986098683900495e-07
381;0,05600055077502475;0,027000379937362595;-0,05600000000081071;-0,026999999999781962;5,50774214042038e-07;3,799375806329275e-07;0,0035893742276651595;0,0035893742276651595;0,0035893742276651595;1,0;0,0;0,9999893657855402;-9,49573051874337e-05;3,5893742276651593e-07
382;0,053103689586721084;0,02600254391198521;-0,053101334242330794;-0,0260009199250921;2,3553443902896154e-06;1,6239868931081092e-06;0,003425989149993083;0,0034259891499930826;0,003425989149993083;0,9964314646079582;-0,03154317902571475;0,9963837810416224;-0,03195282069267921;3,425989149993083e-07
383;0,0;0,0;0,0;0,0;0,0;0,0;;;;;;;;
384;0,05200025769004619;0,025000177662965525;-0,05200000000183366;-0,024999999995579596;2,576882125251978e-07;1,776673859282818e-07;0,003427898552675428;0,003427898552675429;0,003427898552675429;0,9717859977238699;-0,5896606379116786;0,9717807895530689;-0,5897087684966723;3,427898552675429e-07
385;-0,00010000000004022972;3,2624457792267613e-14;0,00010000000474441878;3,2107562178838498e-12;4,704189064653162e-12;3,2433806756761174e-12;5,9792600472783995e-06;5,9792600472784e-06;5,9792600472784e-06;0,9655881578267979;-0,6462949534146601;0,9655882032498907;-0,6462930950945067;5,979260047278401e-10
386;0,0;0,0;0,0;0,0;0,0;0,0;;;;;;;;
387;0,0;0,0;0,0;0,0;0,0;0,0;;;;;;;;
388;-9,999999992806047e-05;-4,7039016705034445e-14;0,00010000001289853801;8,989755602884211e-12;1,2970477543026125e-11;8,942716586179177e-12;5,847103310363329e-06;5,847103310363327e-06;5,847103310363329e-06;0,9874124641358649;-0,11201881763397101;0,987412592207981;-0,1120136938354577;5,847103310363329e-10
389;0,0;0,0;0,0;0,0;0,0;0,0;;;;;;;;
390;0,05000182251518971;0,024001256405140763;-0,050000000000216614;-0,0240000000001712;1,8225149730974333e-06;1,2564049695629187e-06;0,0032129331653201246;0,0032129331653201246;0,0032129331653201246;0,9966621593187106;-0,029476995163815925;0,9966228647966898;-0,02983237683476566;3,2129331653201245e-07
391;0,0;0,0;0,0;0,0;0,0;0,0;;;;;;;;
392;0,12102295861141103;0,058015829264847;-0,12100000004314632;-0,057999999757778024;2,295856826471654e-05;1,582950706897901e-05;0,008153001475552538;0,00815300147555254;0,00815300147555254;0,950402474042529;-0,443380211108936;0,9502074132886897;-0,4452375222645511;8,153001475552541e-07
393;-0,07000000002531863;-0,03399999986357583;0,07000452928236807;0,03400312251905712;4,529257049440405e-06;3,1226554812885388e-06;0,0047251464546831075;0,004725146454683108;0,004725146454683108;0,9508609930074098;-0,4390219040869503;0,9509274431529516;-0,4384108503584424;4,7251464546831086e-07
394;0,04500074719221058;0,02200051516414012;-0,045000000000325;-0,022000000000377697;7,471918855792015e-07;5,151637624233041e-07;0,002918547473010789;0,0029185474730107895;0,0029185474730107895;0,9909020415015481;-0,10446685264219914;0,990884286448019;-0,10462085992921002;2,9185474730107894e-07
395;0,045000142440918156;0,022000098251804524;-0,04500000000195884;-0,022000000000113606;1,4243895931492778e-07;9,8251690918566e-08;0,002943496267139709;0,0029434962671397087;0,002943496267139709;0,982489001983368;-0,1816059893107482;0,9824856455983235;-0,18163539455039948;2,943496267139709e-07
396;-0,0330000000000482;-0,015999999999968616;0,03300170219110057;0,0160011736492631;1,7021910523676298e-06;1,1736492944829091e-06;0,002143086624597895;0,002143086624597895;0,002143086624597895;0,9880087459460316;-0,1067700731241754;0,9880638031870469;-0,10628040808527381;2,1430866245978948e-07
397;0,0430003004101866;0,02100020716322683;-0,042999999999585835;-0,020999999999700744;3,004106007634122e-07;2,0716352608710076e-07;0,0027980903087520704;0,0027980903087520704;0,0027980903087520704;0,987412592207981;-0,1120136938354577;0,9874051465301315;-0,112078730535113;2,7980903087520705e-07
398;0,04100080826216169;0,020000557303646808;-0,04100000000039261;-0,020000000000179995;8,082617690766125e-07;5,57303466812431e-07;0,0026750561409230426;0,0026750561409230426;0,0026750561409230426;0,9845816870684991;-0,28641970104763537;0,9845607350802007;-0,28660373213212503;2,6750561409230427e-07
399;-0,04100000000016791;-0,019999999999946488;0,041000995385488105;0,02000068621255359;9,953853201960516e-07;6,862126071018049e-07;0,0026423891196219623;0,0026423891196219623;0,0026423891196219623;0,9967325481748985;-0,028856173202346333;0,9967586687303185;-0,028629666414086465;2,642389119621962e-07
400;0,03300084706625085;0,016000584117133152;-0,03299999999991987;-0,01600000000005736;8,470663309806392e-07;5,841170757914238e-07;0,002144439987709057;0,002144439987709057;0,002144439987709057;0,987412592207981;-0,1120136938354577;0,9873852103831974;-0,11225747325598823;2,144439987709057e-07
401;0,04000137277664512;0,019000946415237367;-0,040000000000189405;-0,019000000000022117;1,3727764557117106e-06;9,464152152492689e-07;0,0025668657704383618;0,0025668657704383618;0,0025668657704383618;0,9960729673739441;-0,03471811973716557;0,9960359433908987;-0,035062111159938125;2,5668657704383615e-07
402;0,0;0,0;0,0;0,0;0,0;0,0;;;;;;;;
403;-0,00010000000009348217;-8,696543769204461e-14;0,00010000001089681395;7,536194211201668e-12;1,0803331780594519e-11;7,449228773509623e-12;5,849066337071348e-06;5,849066337071347e-06;5,849066337071348e-06;0,9870810766328683;-0,11513403676482283;0,9870811832705146;-0,11512976867159978;5,849066337071348e-10
404;-0,049000000022979044;-0,023999999875549984;0,04900279239867271;0,02400192501049949;2,792375693665139e-06;1,925134949506274e-06;0,0033274058317680328;0,0033274058317680323;0,0033274058317680328;0,9467231920767092;-0,5319431171981417;0,9467813978311818;-0,5314174487821686;3,327405831768033e-07
405;0,0371006827134553;0,01800047062931259;-0,03710024290648245;-0,018000167456393438;4,398069728475673e-07;3,031729191513288e-07;0,0023935102131145657;0,0023935102131145657;0,0023935102131145657;0,9946941081266857;-0,11487446475258577;0,9946813712001035;-0,11498670707749678;2,3935102131145654e-07
406;0,034001005528411066;0,017000693302418816;-0,03399999999961697;-0,01699999999992225;1,0055287940971547e-06;6,933024965655177e-07;0,00220272592839063;0,0022027259283906304;0,0022027259283906304;0,9963837810416224;-0,03195282069267921;0,9963520810928037;-0,032209683789472796;2,2027259283906306e-07
407;0,03400008106617831;0,017000055921499748;-0,03400000000071819;-0,017000000004083814;8,106546011549254e-08;5,5917415933692816e-08;0,002220583044847766;0,002220583044847767;0,002220583044847767;0,9883423176041743;-0,1036548650729511;0,9883397822412262;-0,10367560566842397;2,2205830448477668e-07
408;0,0;0,0;0,0;0,0;0,0;0,0;;;;;;;;
409;0,031000197191317903;0,015000135936022802;-0,030999999999635288;-0,01499999999962883;1,9719168261461695e-07;1,3593639397284363e-07;0,0019989444155139916;0,0019989444155139916;0,0019989444155139916;0,9946813712001035;-0,11498670707749678;0,9946745342898171;-0,1150473915371393;1,9989444155139914e-07
410;0,0;0,0;0,0;0,0;0,0;0,0;;;;;;;;
411;0,029103700703853867;0,014002551467933114;-0,02910146553040429;-0,014001010408771499;2,2351734495773545e-06;1,5410591616155794e-06;0,0018666840862127667;0,0018666840862127667;0,0018666840862127667;0,9989203551908377;-0,00951102974113792;0,9988373936118073;-0,010255504657953855;1,8666840862127666e-07
412;0,02900006256560183;0,014000052817463512;-0,028999999997307107;-0,013999999998680467;6,256829472237047e-08;5,281878304522203e-08;0,001889775039095569;0,0018897750390955695;0,0018897750390955695;0,98382920854762;-0,1638151785767137;0,9838267855599269;-0,16385141177389673;1,8897750390955693e-07
413;0,023200466820368686;0,011000321907703118;-0,023200172417051884;-0,011000118903885775;2,944033168014726e-07;2,0300381734297823e-07;0,001508415522255395;0,001508415522255395;0,001508415522255395;0,9827648672386529;-0,1797326522040084;0,9827513565250401;-0,17986051765222266;1,508415522255395e-07
414;0,023100172422202154;0,011000118901368256;-0,02310013527869482;-0,011000093280481812;3,714350733236005e-08;2,562088644367244e-08;0,0015031092539076782;0,0015031092539076782;0,0015031092539076782;0,9827513565250401;-0,17986051765222266;0,9827496453150845;-0,17987655788443047;1,5031092539076782e-07
415;0,02800069679085004;0,014000480463690367;-0,027999999999939237;-0,013999999999983226;6,967909108035464e-07;4,804637071410128e-07;0,0018145664776467757;0,001814566477646776;0,001814566477646776;0,9960729673739441;-0,03471811973716557;0,9960463011366093;-0,034934312618723797;1,814566477646776e-07
416;0,026000246004518123;0,013000169616766899;-0,02600000000188371;-0,012999999990725663;2,4600263441240666e-07;1,6962604123572922e-07;0,0017296360712470015;0,0017296360712470017;0,0017296360712470017;0,9703254310908631;-0,30638926386730697;0,97031555430292;-0,3064714599510671;1,7296360712470018e-07
417;0,0;0,0;0,0;0,0;0,0;0,0;;;;;;;;
418;0,0240014509761091;0,012001000374494029;-0,023999999999959453;-0,011999999999951222;1,4509761496472873e-06;1,0003745428074917e-06;0,0015510974119502922;0,0015510974119502918;0,0015510974119502922;0,9988373936118073;-0,010255504657953855;0,9987724346285356;-0,010780464997190365;1,5510974119502923e-07
419;0,024000820254450463;0,01200056552587833;-0,024000000000056254;-0,011999999999909531;8,202543942091578e-07;5,655259687990105e-07;0,0015509247459281677;0,0015509247459281675;0,0015509247459281677;0,9989203551908377;-0,00951102974113792;0,9988836289773717;-0,00980780862139182;1,5509247459281678e-07
420;0,024000359806975447;0,012000248024596538;-0,023999999999890807;-0,012000000000065238;3,598070846405621e-07;2,4802453130017e-07;0,0015766146908859212;0,0015766146908859212;0,0015766146908859212;0,9826232951922429;-0,3038917392538086;0,9826074483731342;-0,3040218386611427;1,576614690885921e-07
421;0,0;0,0;0,0;0,0;0,0;0,0;;;;;;;;
422;0,02300013527778928;0,011000093281275268;-0,022999999999173286;-0,010999999999602746;1,3527861599318958e-07;9,328167252173336e-08;0,0014978072197331218;0,0014978072197331218;0,0014978072197331218;0,9827496453150845;-0,17987655788443047;0,982743389765001;-0,17993450679241169;1,4978072197331217e-07
423;0,023000063610786475;0,011000043823732415;-0,023000000002211633;-0,010999999979747566;6,360857484136173e-08;4,3843984848940254e-08;0,0015230848821018053;0,0015230848821018055;0,0015230848821018055;0,9664363204509703;-0,2937385890191944;0,9664334281668018;-0,29376580155323156;1,5230848821018055e-07
424;0,02200061738693662;0,010000425657296102;-0,021999999999997067;-0,009999999999909153;6,173869395546816e-07;4,2565738694877453e-07;0,0014055514889759991;0,001405551488975999;0,0014055514889759991;0,9926869270071377;-0,06483528344345169;0,9926566049254069;-0,06514830045686466;1,4055514889759993e-07
425;0,021300536223240966;0,010000369726645898;-0,02130012775190736;-0,01000008809935159;4,084713336044432e-07;2,8162729430805666e-07;0,0013647763114592907;0,0013647763114592905;0,0013647763114592907;0,9954583533432312;-0,09197523684886683;0,9954376484364589;-0,09217328528097567;1,3647763114592908e-07
426;0,02100047213360686;0,010000325500705754;-0,021000000000109494;-0,009999999999843294;4,721334973672997e-07;3,2550086245981824e-07;0,0013682052610765763;0,001368205261076576;0,0013682052610765763;0,981515859148624;-0,19047191107604228;0,9814919662303296;-0,19069581278064202;1,3682052610765763e-07
427;0,021000127703992146;0,01000008806596902;-0,020999999999821148;-0,009999999999774996;1,2770417099836062e-07;8,806619402300375e-08;0,0013490461374321948;0,0013490461374321948;0,0013490461374321948;0,9954376484364589;-0,09217328528097567;0,9954310935874126;-0,09223390067794306;1,3490461374321948e-07
428;0,021000071481069946;0,010000060354811262;-0,020999999999977998;-0,009999999999181096;7,14810919483222e-08;6,035563016558443e-08;0,001361706146812418;0,001361706146812418;0,001361706146812418;0,9861802410560886;-0,11958185968682412;0,9861764045208702;-0,11964038983179354;1,361706146812418e-07
429;0,02100007688926632;0,010000052947098137;-0,021000000011641387;-0,00999999993219181;7,68776249326919e-08;5,301490632603212e-08;0,0014154811142762247;0,0014154811142762247;0,0014154811142762247;0,9487147377678861;-0,45629257996471534;0,9487109769806026;-0,4563290687367911;1,4154811142762246e-07
430;0,02100008112429041;0,010000055932920316;-0,021000000000018903;-0,010000000000454047;8,11242715087479e-08;5,59324662696703e-08;0,0013600068358386173;0,0013600068358386177;0,0013600068358386177;0,9874127494296165;-0,25042816044678623;0,9874086192244101;-0,25046664049953515;1,3600068358386176e-07
431;0,02100005495972614;0,010000037806617455;-0,021000000011249735;-0,009999999931847069;5,494847640438727e-08;3,787477038594278e-08;0,0014156115657662587;0,001415611565766259;0,001415611565766259;0,9486262387835521;-0,4571134302226406;0,9486235513106487;-0,4571394711779423;1,4156115657662587e-07
432;0,07100364558658373;0,03400251326571918;-0,07100000000250538;-0,033999999986890767;3,6455840783516935e-06;2,513278828414345e-06;0,0047077545211608425;0,004707754521160843;0,004707754521160843;0,9654736805072458;-0,6473392432131102;0,9654200444383373;-0,6478430421353109;4,707754521160844e-07
433;0,0;0,0;0,0;0,0;0,0;0,0;;;;;;;;
434;0,019000328713829995;0,009000226622506904;-0,018999999999891454;-0,009000000000002884;3,287139385410587e-07;2,2662250401955797e-07;0,0012182375968166777;0,001218237596816678;0,001218237596816678;0,9963837810416224;-0,03195282069267921;0,9963651044495484;-0,032127479082390234;1,2182375968166778e-07
435;0,019000292944097986;0,009000201975055966;-0,01900000000019656;-0,009000000000054166;2,9294390142473037e-07;2,0197500179980343e-07;0,0012182927507973583;0,001218292750797358;0,0012182927507973583;0,9963366412404956;-0,03238799613778512;0,9963199974877791;-0,032543681196679754;1,2182927507973583e-07
436;0,018100428385900057;0,009000295313909152;-0,018100172973038797;-0,009000119237447276;2,5541286126015694e-07;1,760764618760624e-07;0,0012027836618857249;0,0012027836618857255;0,0012027836618857255;0,9703254310908631;-0,30638926386730697;0,9703106901398055;-0,30651381343572454;1,2027836618857255e-07
437;0,01800017297338629;0,009000119237933174;-0,018000000001132988;-0,00899999999419128;1,7297225330184518e-07;1,192437418945369e-07;0,0011974587384103745;0,0011974587384103745;0,0011974587384103745;0,9703106901398055;-0,30651381343572454;0,9703006596395685;-0,3065972291558233;1,1974587384103744e-07
438;0,018000015062618013;0,009000010367605827;-0,01800000000310806;-0,008999999998762912;1,505950995156491e-08;1,0368842914484921e-08;0,0011711276908886023;0,0011711276908886025;0,0011711276908886025;0,9921173057579379;-0,09355547988337803;0,992116413120747;-0,09356270955495066;1,1711276908886024e-07
439;0,01700020152719184;0,008000138952431075;-0,016999999999838925;-0,00799999999994379;2,0152735291309454e-07;1,3895248728544585e-07;0,0010889461800073076;0,0010889461800073076;0,0010889461800073076;0,9961526442597428;-0,034014157191431714;0,9961398395291887;-0,03413588456164852;1,0889461800073075e-07
440;0,0;0,0;0,0;0,0;0,0;0,0;;;;;;;;
441;0,01500016291742747;0,007000112316973866;-0,01499999999997192;-0,006999999999957557;1,6291745555049864e-07;1,1231701630906588e-07;0,0009576915409478849;0,0009576915409478849;0,0009576915409478849;0,997916313111108;-0,01840067950507287;0,9979045495592029;-0,018514502932437397;9,57691540947885e-08
442;0,0140002929096969;0,007000201935794921;-0,014000000001148259;-0,006999999994079101;2,929085486415295e-07;2,0194171581992826e-07;0,000928263504932303;0,000928263504932303;0,000928263504932303;0,9735559451268357;-0,2300151440090232;0,9735340334072362;-0,23019680827581193;9,28263504932303e-08
443;0,01400018034689819;0,007000124342814725;-0,01400000000041947;-0,006999999999962096;1,8034647871964515e-07;1,2434285262975103e-07;0,0009068480379667607;0,0009068480379667606;0,0009068480379667607;0,9965381187066739;-0,0305516698898343;0,9965243087054797;-0,03066354117539876;9,068480379667608e-08
444;0,014000176880979912;0,007000121945277951;-0,013999999999777126;-0,006999999999959612;1,7688120278538944e-07;1,2194531833886052e-07;0,0009071987130008016;0,0009071987130008016;0,0009071987130008016;0,9961526442597428;-0,034014157191431714;0,9961391050845918;-0,03412385163619881;9,071987130008017e-08
445;0,014200403347513484;0,006000278090925009;-0,014200389866089192;-0,006000268791694385;1,348142429115351e-08;9,299230624253141e-09;0,0009055594811496445;0,0009055594811496445;0,0009055594811496445;0,9828690936739403;-0,17817149500497978;0,9828680711648397;-0,1781838292209958;9,055594811496445e-08
446;0,014100389867260097;0,006000268791999756;-0,014100078892720046;-0,006000054393856768;3,109745400509817e-07;2,1439814298831322e-07;0,0009001514590532987;0,0009001514590532986;0,0009001514590532987;0,9828680711648397;-0,1781838292209958;0,9828443336411711;-0,17846617812964857;9,001514590532987e-08
447;0,0;0,0;0,0;0,0;0,0;0,0;;;;;;;;
448;0,013000058237056555;0,006000040155905661;-0,013000000000478604;-0,006000000000074825;5,823657795063497e-08;4,015583083584462e-08;0,0008415555307984303;0,0008415555307984301;0,0008415555307984303;0,982280763004204;-0,3071156650037062;0,9822759809465814;-0,3071639067903521;8,415555307984303e-08
449;-0,03800000002135644;-0,01799999987164988;0,03800208716924304;0,018001438822287174;2,087147886596641e-06;1,4389506372940175e-06;0,0025619051766143943;0,002561905176614394;0,0025619051766143943;0,9475834160086423;-0,4718567758694841;0,9476398062335855;-0,47130227572979555;2,5619051766143944e-07
450;0,012000150862714325;0,006000104026873466;-0,012000000000258268;-0,006000000000031693;1,5086245605706872e-07;1,0402684177349825e-07;0,0007768358663180677;0,0007768358663180678;0,0007768358663180678;0,9971310276824007;-0,025336329306150752;0,9971175416075444;-0,025445555027547882;7,768358663180678e-08
451;0,0;0,0;0,0;0,0;0,0;0,0;;;;;;;;
452;0,0;0,0;0,0;0,0;0,0;0,0;;;;;;;;
453;-0,010100000006371677;-0,005000000005340975;0,010100099191328328;0,005000083741212212;9,918495665062199e-08;8,373587123688964e-08;0,0006597788467496392;0,0006597788467496392;0,0006597788467496392;0,9861885218183047;-0,26128624330987443;0,9861995511027228;-0,26112844258437246;6,597788467496392e-08
454;0,010000042054604759;0,005000028990549221;-0,010000000000315493;-0,00499999999993279;4,205428926623567e-08;2,899061643090589e-08;0,0006527495370599897;0,0006527495370599896;0,0006527495370599897;0,9888940672384181;-0,09547518101428237;0,98888959353354;-0,09551168271509375;6,527495370599897e-08
455;0,010000075039379207;0,005000051738892919;-0,010000000000310757;-0,004999999999971606;7,503906845028607e-08;5,173892131307006e-08;0,000647937088694878;0,0006479370886948781;0,0006479370886948781;0,9962424539979475;-0,033218037593475504;0,9962344117133727;-0,033283213936727216;6,479370886948781e-08
456;0,0;0,0;0,0;0,0;0,0;0,0;;;;;;;;
457;0,00900012428055008;0,004000085679043567;-0,009000000000892353;-0,00399999999418821;1,2427965772644767e-07;8,568485535681569e-08;0,0005905401849506482;0,0005905401849506483;0,0005905401849506483;0,9629025267851996;-0,3834901520644931;0,9628880213563371;-0,3836520220569634;5,905401849506484e-08
458;0,009000073405480235;0,004000050610714575;-0,00900000000018945;-0,004000000000226811;7,340529078504743e-08;5,061048776421051e-08;0,0005785546198733974;0,0005785546198733974;0,0005785546198733974;0,9828443336411711;-0,17846617812964857;0,9828355885352291;-0,17856179225525765;5,7855461987339735e-08
459;-0,08500170219084346;-0,0410011736491841;0,08500777072437547;0,0410053573976474;6,068533532008202e-06;4,183748463303105e-06;0,00551448716665565;0,0055144871666556496;0,00551448716665565;0,9880638031870469;-0,10628040808527381;0,988140059741013;-0,10559334845974849;5,514487166655651e-07
460;0,0;0,0;0,0;0,0;0,0;0,0;;;;;;;;
461;0,006000045715278137;0,0030000315197886472;-0,006000000000045144;-0,0029999999998836986;4,5715232993223665e-08;3,151990494868265e-08;0,00038937243664065817;0,0003893724366406581;0,00038937243664065817;0,9946813712001035;-0,11498670707749678;0,9946732181700312;-0,11505288154432071;3,893724366406582e-08
462;0,005000041242765942;0,0020000284298254062;-0,005000000000545116;-0,001999999994696409;4,1242220825965514e-08;2,8435128997077175e-08;0,0003232328215482031;0,0003232328215482031;0,0003232328215482031;0,961893207682849;-0,33490526325965647;0,961884481684961;-0,3350231950877524;3,232328215482031e-08
463;0,005000014554104227;0,0020000100340582206;-0,004999999999889284;-0,001999999999876079;1,4554214942605337e-08;1,0034182141432924e-08;0,00031127552134731955;0,00031127552134731955;0,00031127552134731955;0,9988373936118073;-0,010255504657953855;0,9988341959837367;-0,010297118016367261;3,1127552134731954e-08
464;0,005000022946336775;0,0020000158213938145;-0,004999999999876008;-0,0020000000000748477;2,2946460767094e-08;1,5821318966741105e-08;0,00031199038886997653;0,0003119903888699765;0,00031199038886997653;0,996550584549565;-0,030491658730957227;0,9965455545731348;-0,03055727920326375;3,1199038886997655e-08
465;0,005000005488259033;0,0020000037823867073;-0,005000000000364437;-0,001999999999702249;5,487894596221954e-09;3,782684458199237e-09;0,0003163400344951607;0,00031634003449516066;0,0003163400344951607;0,9828443336411711;-0,17846617812964857;0,9828431472870317;-0,17848186062368823;3,163400344951607e-08
466;0,0002000000486724614;3,331862840892589e-11;-0,00020000000440947475;-2,8007826312249166e-12;4,4262986640753246e-11;3,0517845777700974e-11;1,1599931157954005e-05;1,1599931157954005e-05;1,1599931157954005e-05;0,9954376484364589;-0,09217328528097567;0,9954374281312822;-0,09218202799748493;1,1599931157954005e-09
467;-0,00010000000030617049;2,2721498297353102e-14;0,00010000000842991186;5,578325892231935e-12;8,123741371442172e-12;5,6010473905292884e-12;6,086375305490719e-06;6,086375305490719e-06;6,086375305490719e-06;0,9485945936269413;-0,5145594631871379;0,948594670688314;-0,5145562540236439;6,086375305490719e-10
468;0,00010000001003486994;6,915233551802979e-12;-9,999999996685245e-05;2,6327063285111805e-14;1,0068017491753067e-11;6,941560615088091e-12;5,942661439467654e-06;5,9426614394676565e-06;5,9426614394676565e-06;0,9715349477787093;-0,26601025491971536;0,9715348499644082;-0,26601423214058256;5,942661439467657e-10
469;-0,00010000000053475268;-2,1808469497991488e-13;0,00010000000363100764;2,352848713098641e-12;3,09625495544235e-12;2,134764018118726e-12;5,941129886445594e-06;5,9411298864455935e-06;5,941129886445594e-06;0,9717853056776607;-0,5896887698742248;0,9717853357666116;-0,5896875467445881;5,941129886445594e-10
470;-9,99999999346062e-05;1,434468736611815e-13;0,00010000000781664066;5,290597706018755e-12;7,882034461963519e-12;5,434044579679936e-12;5,85047400179641e-06;5,850474001796411e-06;5,850474001796411e-06;0,9868435764944805;-0,2683316011944388;0,9868436542778327;-0,26832848771647466;5,850474001796411e-10
471;-9,999999981285325e-05;1,703726589557469e-13;0,00010000000642010554;5,407645335899889e-12;6,607252288695631e-12;5,578017994855636e-12;5,854360433962689e-06;5,854360433962689e-06;5,854360433962689e-06;0,9861884566583439;-0,26128943927856724;0,9861885218183047;-0,26128624330987443;5,854360433962689e-10
472;0,00010000000362115796;2,5297952612765846e-12;-9,999999993257563e-05;1,3358630091255745e-14;3,688582330741742e-12;2,5431538913678403e-12;5,7999656611289085e-06;5,7999656611289085e-06;5,7999656611289085e-06;0,9954374281312822;-0,09218202799748493;0,9954373914137542;-0,09218348511727871;5,799965661128909e-10
