;p_from_mw;q_from_mvar;p_to_mw;q_to_mvar;pl_mw;ql_mvar;i_from_ka;i_to_ka;i_ka;vm_from_pu;va_from_degree;vm_to_pu;va_to_degree;loading_percent
0;-3,357389903304685;-1,6404888837457283;3,360770682311956;1,6444772230383646;0,003380779007271073;0,0039883392926363115;0,21601762980706257;0,21601762980706257;0,21601762980706257;0,9987200195102482;-0,032146398352688475;0,9999999999978999;8,452401816857307e-20;2,160176298070626e-05
1;-3,2947410496384317;-1,6088929951508173;3,297289170868336;1,6114883788306666;0,002548121229904332;0,00259538367984935;0,21215997994601846;0,21215997994601848;0,21215997994601848;0,9977869531958523;-0,051100169022807784;0,9987200195102482;-0,032146398352688475;2,1215997994601848e-05
2;-2,972227766577808;-1,4453422336194286;2,9784040361831976;1,4496005570052017;0,006176269605389528;0,004258323385773144;0,19124358270425915;0,19124358270425912;0,19124358270425915;0,9977609242984935;-0,019520747453777264;0,9999999999978999;8,452401816857307e-20;1,9124358270425915e-05
3;-2,9073337602598097;-1,4122779831965586;2,913227766577942;1,4163422336190759;0,0058940063181323055;0,004064250422517235;0,18743948821887885;0,18743948821887885;0,18743948821887885;0,9955808797358315;-0,038631154659761975;0,9977609242984935;-0,019520747453777264;1,8743948821887886e-05
4;1,963173048975538;0,9620505071424426;-1,9564080178577685;-0,9551621626130311;0,006765031117769382;0,00688834452941145;0,12622188926036845;0,12622188926036848;0,12622188926036848;0,9999999999978999;8,452401816857307e-20;0,9958358991591698;-0,08444115588348772;1,2622188926036848e-05
5;-2,6170242483158463;-1,2709963332247134;2,6203106265036116;1,2732620332468148;0,0032863781877652265;0,002265700022101358;0,1689451221464426;0,1689451221464426;0,1689451221464426;0,9942323612751943;-0,05047746617881325;0,9955808797358315;-0,038631154659761975;1,689451221464426e-05
6;-1,9239757362504475;-0,9339289600218998;1,9350074820410939;0,9451617931669327;0,011031745790646363;0,011232833145032872;0,1248525810974956;0,12485258109749559;0,1248525810974956;0,9889753387486682;-0,22512727795409795;0,9958358991591698;-0,08444115588348772;1,2485258109749562e-05
7;-3,28801136953074;-1,6022444953980228;3,2945410496117713;1,6088929951331346;0,006529680081031497;0,006648499735111724;0,2121495810207109;0,2121495810207109;0,2121495810207109;0,9953965629424419;-0,09979909026674853;0,9977869531958523;-0,051100169022807784;2,121495810207109e-05
8;-1,2363643512468263;-0,6019397369742139;1,2366201393976048;0,6022414988828615;0,00025578815077853534;0,0003017619086476131;0,07941293329066691;0,07941293329066691;0,07941293329066691;0,9997367581446355;-0,006637621975827763;0,9999999999978999;8,452401816857307e-20;7,94129332906669e-06
9;-3,2414698689885078;-1,5747329416101326;3,25081068778029;1,58424402543288;0,00934081879178228;0,009511083822747457;0,2097525495252027;0,2097525495252027;0,2097525495252027;0,9919391976150305;-0,17067308509047027;0,9953965629424419;-0,09979909026674853;2,097525495252027e-05
10;-1,2306861747011848;-0,5962599773851025;1,23626435124621;0,6019397369742361;0,005578176545025126;0,005679759589133582;0,07940774099639848;0,0794077409963985;0,0794077409963985;0,994284389514523;-0,11828028742765462;0,9997367581446355;-0,006637621975827763;7,94077409963985e-06
11;1,2305861747011915;0,5962599773851628;-1,2257851634302284;-0,5913713930054867;0,004801011270963107;0,0048885843796760975;0,07940251536672539;0,07940251536672539;0,07940251536672539;0,994284389514523;-0,11828028742765462;0,9895943046646829;-0,21535656650232607;7,940251536672539e-06
12;-3,108768418345482;-1,5069083383985176;3,1154698689888276;1,5137329416100909;0,006701450643345819;0,006824603211573299;0,20160459309313425;0,20160459309313425;0,20160459309313425;0,989359326775672;-0,22390524181278057;0,9919391976150305;-0,17067308509047027;2,0160459309313426e-05
13;1,740962821997257;0,8442819540071012;-1,7366387750791572;-0,8413007950799297;0,004324046918099844;0,0029811589271714345;0,11171039291331888;0,1117103929133189;0,1117103929133189;0,9999999999978999;8,452401816857307e-20;0,9973169709816827;-0,02362243304152893;1,1171039291331888e-05
14;1,4899433976709269;0,7214423693901243;-1,486739677288667;-0,7192335554410915;0,0032037203822599114;0,0022088139490328285;0,09600633979182444;0,09600633979182445;0,09600633979182445;0,9955137551281102;-0,03957244985138352;0,9932009060154283;-0,06010362956122019;9,600633979182445e-06
15;1,610638775079087;0,7803007950797919;-1,6079433976708757;-0,7784423693900921;0,0026953774082112414;0,0018584256896997386;0,10360636469878164;0,10360636469878162;0,10360636469878164;0,9973169709816827;-0,02362243304152893;0,9955137551281102;-0,03957244985138352;1,0360636469878164e-05
16;1,3607396772885811;0,6582335554406866;-1,3580729511069307;-0,6563948971908875;0,002666726181650425;0,0018386582497991188;0,08786872661812159;0,08786872661812155;0,08786872661812159;0,9932009060154283;-0,06010362956122019;0,9910975323675753;-0,07886527955883679;8,78687266181216e-06
17;0,8030628291875407;0,3885737315425796;-0,7999676558068264;-0,3864396863406692;0,0030951733807143;0,002134045201910406;0,05150726332181914;0,05150726332181914;0,05150726332181914;0,9999999999978999;8,452401816857307e-20;0,9958352932414752;-0,036945091141808946;5,150726332181914e-06
18;0,7788968003769943;0,3764125744976762;-0,7763234050183242;-0,37463826665705413;0,002573395358670072;0,001774307840622047;0,050154403772108606;0,05015440377210861;0,05015440377210861;0,9958352932414752;-0,036945091141808946;0,9922794989846325;-0,06870459473112914;5,015440377210862e-06
19;-0,35656724047546035;-0,1741237780403933;0,3566941467016655;0,17423090897155513;0,0001269062262051479;0,00010713093116182515;0,023159272728144463;0,023159272728144456;0,023159272728144463;0,9892330006055283;-0,10666607787362688;0,989634484693059;-0,10080931485179649;2,3159272728144463e-06
20;-0,6899185635885098;-0,3354189845318664;0,6903166635054107;0,3357550670736869;0,00039809991690087365;0,0003360825418204927;0,044734841419206174;0,04473484141920616;0,044734841419206174;0,990066379098751;-0,09447337558965843;0,990718119464304;-0,08490534987752023;4,473484141920618e-06
21;-0,30741186721693164;-0,14907712640339732;0,3074665916227039;0,14912333069889452;5,4724405772255125e-05;4,620429549720417e-05;0,019944027975064282;0,019944027975064286;0,019944027975064286;0,9890320940236488;-0,10963299525908912;0,9892330006055283;-0,10666607787362688;1,9944027975064285e-06
22;1,0923805456581377;0,5310609402994387;-1,0872524774677519;-0,5275253335736239;0,005128068190385804;0,003535606725814877;0,07012657553429824;0,07012657553429824;0,07012657553429824;0,9999999999978999;8,452401816857307e-20;0,9949306064069894;-0,044456294911018296;7,012657553429824e-06
23;1,7594331931411487;0,8514331406061941;-1,7485412055228637;-0,8439234801963234;0,010891987618284915;0,0075096604098707775;0,11285010048829425;0,11285010048829426;0,11285010048829426;0,9999999999978999;8,452401816857307e-20;0,9933109899768547;-0,0594692422236936;1,1285010048829425e-05
24;1,7264405889114511;0,8339230550738064;-1,7242617992197415;-0,8324208526051038;0,002178789691709593;0,0015022024687025848;0,11144057560300452;0,11144057560300454;0,11144057560300454;0,9933109899768547;-0,0594692422236936;0,9919560888409547;-0,07158888574821191;1,1144057560300453e-05
25;-0,5637028960662777;-0,27423694108074775;0,5639185635886264;0,27441898453170516;0,0002156675223486948;0,00018204345095740315;0,03657147805069945;0,03657147805069945;0,03657147805069945;0,989634484693059;-0,10080931485179649;0,990066379098751;-0,09447337558965843;3,657147805069945e-06
26;-1,70828380189376;-0,8243677447616158;1,7112617992200645;0,826420852605262;0,002977997326304438;0,002053107843646207;0,11060735900402897;0,11060735900402902;0,11060735900402902;0,9900903048442264;-0,08831582024272794;0,9919560888409547;-0,07158888574821191;1,1060735900402902e-05
27;-0,18139120037276263;-0,08806287871186731;0,18141186721677796;0,08807712640336612;2,0666844015332364e-05;1,4247691498811554e-05;0,01177211705659627;0,01177211705659627;0,01177211705659627;0,9889103955486321;-0,11071010330358085;0,9890320940236488;-0,10963299525908912;1,177211705659627e-06
28;-0,18125020678151665;-0,08803461643640553;0,18129120037295404;0,08806287871182754;4,099359143738823e-05;2,8262275422005767e-05;0,011766865311262437;0,011766865311262437;0,011766865311262437;0,988668883688433;-0,11284564679527213;0,9889103955486321;-0,11071010330358085;1,1766865311262437e-06
29;0,6506549253021019;0,3158025961463272;-0,6502775610207517;-0,31548403221650884;0,00037736428135015654;0,0003185639298183829;0,04209706038937523;0,042097060389375246;0,042097060389375246;0,991911559564948;-0,07108005157306894;0,9912552008297664;-0,08073673483437746;4,209706038937525e-06
30;0,609277561020685;0,295484032216209;-0,6088958831617151;-0,29516180631864364;0,0003816778589699199;0,0003222258975653647;0,039440076825265555;0,039440076825265555;0,039440076825265555;0,9912552008297664;-0,08073673483437746;0,990546661273741;-0,09118363540400568;3,944007682526556e-06
31;0,9612524774676606;0,46652533357351744;-0,9600299627228923;-0,46568249038910553;0,0012225147447683105;0,0008428431844119122;0,0620031127431306;0,062003112743130605;0,062003112743130605;0,9949306064069894;-0,044456294911018296;0,9935638352421177;-0,056510188753290155;6,200311274313061e-06
32;1,4399565037323083;0,7002601678990483;-1,437965601507881;-0,6988875969543283;0,0019909022244273267;0,0013725709447199863;0,09298156583042406;0,09298156583042406;0,09298156583042406;0,9942323612751943;-0,05047746617881325;0,9927479368911858;-0,06350980316887844;9,298156583042407e-06
33;1,2588666367181744;0,6083902094038519;-1,2574263573383095;-0,6073971191585119;0,001440279379864906;0,0009930902453400003;0,08144856889073654;0,08144856889073654;0,08144856889073654;0,9910975323675753;-0,07886527955883679;0,9898720117006772;-0,08983797756802284;8,144856889073654e-06
34;0,11641859265211503;0,055012819917554474;-0,11641710870594513;-0,05501179621466647;1,4839461699028833e-06;1,023702888007516e-06;0,0075101506626296995;0,007510150662629699;0,0075101506626296995;0,9898720117006772;-0,08983797756802284;0,9898583349995396;-0,08996771617601541;7,5101506626297e-07
35;0,11631710868988669;0,05501179621519363;-0,11631692282336932;-0,05501166779832706;1,858665173715135e-07;1,2841686657105722e-07;0,007504877552860532;0,007504877552860531;0,007504877552860532;0,9898583349995396;-0,08996771617601541;0,9898566200290764;-0,08998402396498414;7,504877552860531e-07
36;0,1073169228184186;0,05101166780189006;-0,10731297304811399;-0,05100894431926483;3,9497703046148525e-06;2,7234826252275912e-06;0,0069305990553934355;0,006930599055393437;0,006930599055393437;0,9898566200290764;-0,08998402396498414;0,9898171630484284;-0,0903524728849309;6,930599055393437e-07
37;1,2064457788740317;0,5846864006119998;-1,2055195797490021;-0,5840477565682145;0,0009261991250295587;0,0006386440437853302;0,07823552781683335;0,07823552781683335;0,07823552781683335;0,989359326775672;-0,22390524181278057;0,9885387177097589;-0,23120977833495657;7,823552781683335e-06
38;1,1165396048962695;0,5431212630337664;-1,1130460913295466;-0,540712602517175;0,0034935135667228945;0,0024086605165913877;0,07168545635082443;0,07168545635082442;0,07168545635082443;0,9999999999978999;8,452401816857307e-20;0,9966213693364425;-0,02953345003201556;7,168545635082443e-06
39;0,06431268968535632;0,030008748959285226;-0,06430348249450506;-0,030002401086999836;9,207190851262537e-06;6,347872285390049e-06;0,00413956925249792;0,004139569252497918;0,00413956925249792;0,9898171630484284;-0,0903524728849309;0,9896633583864707;-0,09185376809183209;4,13956925249792e-07
40;0,8420251893819906;0,408678460614773;-0,8414413618248944;-0,4082759310815631;0,0005838275570961837;0,00040252953320984997;0,054387829137897435;0,05438782913789743;0,054387829137897435;0,9935638352421177;-0,056510188753290155;0,9928197074720634;-0,06307792403255245;5,4387829137897435e-06
41;0,841341361822567;0,40827593107602067;-0,841315454412629;-0,4082580088266802;2,5907409938019654e-05;1,7922249340496244e-05;0,05438259728888648;0,05438259728888648;0,05438259728888648;0,9928197074720634;-0,06307792403255245;0,992786655823039;-0,0633728402784139;5,438259728888648e-06
42;1,1129460913293783;0,5407126025177693;-1,112585553826503;-0,5404639719097581;0,00036053750287523556;0,0002486306080111689;0,07168024564297586;0,07168024564297586;0,07168024564297586;0,9966213693364425;-0,02953345003201556;0,9962726575515303;-0,032594447660034345;7,168024564297586e-06
43;1,1124855538263465;0,5404639719094656;-1,110891960151145;-0,5391185103248903;0,001593593675201399;0,0013454615845752693;0,07167503306542991;0,07167503306542991;0,07167503306542991;0,9962726575515303;-0,032594447660034345;0,9946445396865884;-0,056437025587170564;7,167503306542991e-06
44;1,1107919601506786;0,5391185103245341;-1,1101572352081446;-0,5385827155624097;0,0006347249425340262;0,0005357947621243975;0,07166981099003583;0,07166981099003582;0,07166981099003583;0,9946445396865884;-0,056437025587170564;0,9939960938748884;-0,06595042964248078;7,166981099003583e-06
45;0,041203421836115785;0,01900235927675565;-0,04120100175381691;-0,019000690674889204;2,420082298872084e-06;1,6686018664453794e-06;0,002647038072769233;0,0026470380727692333;0,0026470380727692333;0,9896633583864707;-0,09185376809183209;0,9896001838615719;-0,09248734336160173;2,6470380727692337e-07
46;1,1555195797489284;0,5600477565682906;-1,1546684877765523;-0,5594609013185039;0,0008510919723760946;0,0005868552497867441;0,07499634198393312;0,0749963419839331;0,07499634198393312;0,9885387177097589;-0,23120977833495657;0,9877520804527731;-0,23821611853241773;7,499634198393312e-06
47;0,8093154544113573;0,3932580088292358;-0,8086549253018092;-0,3928025961463187;0,0006605291095481691;0,00045541268291710013;0,05232754049456394;0,05232754049456395;0,05232754049456395;0,992786655823039;-0,0633728402784139;0,991911559564948;-0,07108005157306894;5,2327540494563955e-06
48;1,3416971041709824;0,6522546006507548;-1,336653701054634;-0,6487773432353788;0,005043403116348433;0,0034772574153759672;0,08613143412676975;0,08613143412676977;0,08613143412676977;0,9999999999978999;8,452401816857307e-20;0,995940689462455;-0,03556424160583561;8,613143412676976e-06
49;1,004157235208607;0,4875827155625575;-1,0033615649145002;-0,48691089187311315;0,000795670294106765;0,0006718236894443508;0,06483741341705604;0,064837413417056;0,06483741341705604;0,9939960938748884;-0,06595042964248078;0,9930974666581611;-0,07914340924591076;6,483741341705604e-06
50;0,03600094654594821;0,017000652611800244;-0,035999999999676985;-0,01699999999987043;9,465462712243689e-07;6,526119298126687e-07;0,002322772176469591;0,002322772176469591;0,002322772176469591;0,9896001838615719;-0,09248734336160173;0,9895719825673035;-0,09275493568695273;2,322772176469591e-07
51;1,3365537010546003;0,6487773432355775;-1,3360331992494545;-0,6484183994939358;0,0005205018051457344;0,00035894374164169296;0,08612621898736303;0,08612621898736303;0,08612621898736303;0,995940689462455;-0,03556424160583561;0,9955217231068677;-0,039253265826913096;8,612621898736303e-06
52;0,0;0,0;0,0;0,0;0,0;0,0;;;;;;;;
53;0,32631518920662256;0,15711632232590442;-0,32624014255808614;-0,15702780130142163;7,50466485364143e-05;8,852102448278498e-05;0,021129767213692096;0,021129767213692096;0,021129767213692096;0,9895943046646829;-0,21535656650232607;0,9893046260991022;-0,22282597561132303;2,1129767213692095e-06
54;0,0;0,0;0,0;0,0;0,0;0,0;;;;;;;;
55;0,28088345326525355;0,1361513122256272;-0,2808300788287377;-0,13610625923614397;5,3374436515873924e-05;4,505298948323522e-05;0,018193522403942963;0,01819352240394296;0,018193522403942963;0,990546661273741;-0,09118363540400568;0,9903318857215913;-0,09435255077728215;1,8193522403942962e-06
56;0,28073007882911677;0,13610625923681544;-0,28070369976875353;-0,1360839888788564;2,637906036323523e-05;2,2270357959042197e-05;0,018188276391247253;0,018188276391247257;0,018188276391247257;0,9903318857215913;-0,09435255077728215;0,9902256991650209;-0,09591947066039047;1,8188276391247257e-06
57;0,25160363800712227;0,12208393674077707;-0,2515370061157213;-0,12202768168570756;6,663189140099224e-05;5,625505506950956e-05;0,016305465722783043;0,01630546572278304;0,016305465722783043;0,9902256991650209;-0,09591947066039047;0,9899264819511993;-0,10033053409456007;1,6305465722783044e-06
58;-0,9754601738941715;-0,4745391011024;0,9759625555259684;0,4748854970026968;0,0005023816317969443;0,0003463959002967809;0,06312138997431749;0,06312138997431747;0,06312138997431749;0,9921961197162584;-0,06835170483848793;0,9927479368911858;-0,06350980316887844;6,312138997431748e-06
59;0,8881322471675714;0,4311276442157517;-0,8875931401331465;-0,43049177693540686;0,000539107034424946;0,0006358672803448706;0,05763393062674296;0,05763393062674297;0,05763393062674297;0,9889753387486682;-0,22512727795409795;0,9882113912852232;-0,2446775758798974;5,763393062674297e-06
60;0,8590677445830187;0,416736165325823;-0,8584475150270452;-0,4163085066713917;0,0006202295559735171;0,0004276586544313399;0,055445902543968376;0,055445902543968376;0,055445902543968376;0,9942323612751943;-0,05047746617881325;0,9934569323228639;-0,057327865497624725;5,544590254396838e-06
61;-0,27711308893406755;-0,13407984650687357;0,2773341888965909;0,1342665063461966;0,0002210999625233412;0,00018665983932303343;0,017985342852740376;0,01798534285274038;0,01798534285274038;0,9882207286054143;-0,10920071132245708;0,9891206323461957;-0,09586315631337243;1,798534285274038e-06
62;0,0;0,0;0,0;0,0;0,0;0,0;;;;;;;;
63;0,0;0,0;0,0;0,0;0,0;0,0;;;;;;;;
64;0,9800130680426707;0,47640218807095835;-0,9787742415343214;-0,47535625427812583;0,0012388265083493888;0,0010459337928325207;0,06319523718142135;0,06319523718142137;0,06319523718142137;0,9955217231068677;-0,039253265826913096;0,9940861280489703;-0,06026667601109962;6,319523718142137e-06
65;0,05700164606878401;0,027001417446434663;-0,056999475406651325;-0,026999921051024372;2,170662132684742e-06;1,4963954102914512e-06;0,0036696704721475744;0,0036696704721475744;0,0036696704721475744;0,9923368431784897;-0,0675412498410672;0,992295901145975;-0,06792560364087774;3,669670472147574e-07
66;0,5800041135039767;0,2814854425099128;-0,5796468519913174;-0,2812391373205025;0,000357261512659357;0,000246305189410323;0,037636737088457044;0,037636737088457044;0,037636737088457044;0,9889753387486682;-0,22512727795409795;0,9883173310834337;-0,23096139912718142;3,763673708845704e-06
67;0,8013615649144;0,38891089187281297;-0,8009855416687537;-0,3885934362187006;0,0003760232456463397;0,0003174556541123419;0,05178480741526956;0,051784807415269564;0,051784807415269564;0,9930974666581611;-0,07914340924591076;0,9925657852441698;-0,08695790582294152;5,178480741526957e-06
68;0,8008855416687457;0,38859343621854237;-0,8005683914760691;-0,3883256723353517;0,0003171501926766407;0,0002677638831906637;0,0517795740952803;0,05177957409528031;0,05177957409528031;0,9925657852441698;-0,08695790582294152;0,9921173057558763;-0,09355547988087827;5,177957409528031e-06
69;0,6464474733572155;0,3133084779462746;-0,6461951854041346;-0,31313456919353944;0,0002522879530809652;0,00017390875273515238;0,041748316800255744;0,041748316800255744;0,041748316800255744;0,9934569323228639;-0,057327865497624725;0,9930380764804663;-0,061035362101833114;4,1748316800255744e-06
70;0,7824683764195666;0,3793256619661185;-0,7824504003504302;-0,3793105282668885;1,7976069136338424e-05;1,5133699230007736e-05;0,050603296425638024;0,050603296425638024;0,050603296425638024;0,9921173057558763;-0,09355547988087827;0,9920913184520741;-0,09393608960281569;5,060329642563802e-06
71;-0,9738598036541529;-0,4725927779366675;0,9757402267967018;0,473889347905058;0,0018804231425488815;0,001296569968390504;0,06330050047589515;0,06330050047589515;0,06330050047589515;0,9872999759594058;-0,242155078374105;0,989359326775672;-0,22390524181278057;6,330050047589516e-06
72;0,8637742415342814;0,41935625427821516;-0,8632155803653223;-0,41888463901283624;0,0005586611689590848;0,00047161526537892184;0,05576641414667063;0,055766414146670634;0,055766414146670634;0,9940861280489703;-0,06026667601109962;0,993352594853651;-0,0710314060184873;5,576641414667064e-06
73;1,0378042491912731;0,5013519225363214;-1,036775574405733;-0,5006427319468113;0,0010286747855401401;0,0007091905895101336;0,06683607488820152;0,06683607488820154;0,06683607488820154;0,995615077602563;-0,0382324533878607;0,9945484803194923;-0,047743388160993536;6,683607488820153e-06
74;0,00010000002641067576;1,822358200959372e-11;-9,999999997779691e-05;1,0020319529498955e-15;2,6432878848518977e-11;1,822458404154667e-11;5,786309590664859e-06;5,786309590664861e-06;5,786309590664861e-06;0,9977869531958523;-0,051100169022807784;0,9977866894520888;-0,05111061093753978;5,786309590664861e-10
75;0,0;0,0;0,0;0,0;0,0;0,0;;;;;;;;
76;0,247139340057615;0,11902712365151864;-0,24710000002003338;-0,11900000001411626;3,934003758163107e-05;2,712363740238477e-05;0,016008441356240737;0,01600844135624074;0,01600844135624074;0,9893046260991022;-0,22282597561132303;0,9891343513302616;-0,2243649746544456;1,600844135624074e-06
77;0,5184114987630497;0,2514354939458276;-0,5182473087880954;-0,2512417973666788;0,00016418997495426524;0,00019369657914880545;0,033661938760964016;0,033661938760964016;0,033661938760964016;0,9882113912852232;-0,2446775758798974;0,9878130501978799;-0,2548873534780659;3,366193876096402e-06
78;0,5201951854042444;0,2521345691935003;-0,5200787472954088;-0,2520542892517567;0,00011643810883554817;8,027994174358843e-05;0,033609369598812604;0,0336093695988126;0,033609369598812604;0,9930380764804663;-0,061035362101833114;0,9927979355720795;-0,06316245501755094;3,3609369598812605e-06
79;-0,744992108868697;-0,36169594365945884;0,7452155803648812;0,3618846390124461;0,00022347149618417994;0,00018869535298726703;0,04814986548756244;0,04814986548756245;0,04814986548756245;0,9930127222547817;-0,07602111260381282;0,993352594853651;-0,0710314060184873;4,814986548756245e-06
80;-0,6844064175680619;-0,33128019327456687;0,684631819741218;0,3314356205557671;0,00022540217315614175;0,00015542728120021554;0,04446000295951427;0,04446000295951428;0,04446000295951428;0,9874006801648333;-0,2413568961446402;0,9877520804527731;-0,23821611853241773;4,446000295951428e-06
81;0,4362473087881035;0,21124179736656656;-0,4361564431355207;-0,21114927041826878;9,086565258281665e-05;9,252694829778307e-05;0,02832946022077056;0,028329460220770562;0,028329460220770562;0,9878130501978799;-0,2548873534780659;0,9875642014967501;-0,26005158508518733;2,832946022077056e-06
82;0,5804504003574179;0,2813105282714364;-0,5803345333188518;-0,2812306345454642;0,000115867038566142;7,989372597216882e-05;0,037537453600240946;0,03753745360024093;0,037537453600240946;0,9920913184520741;-0,09393608960281569;0,9918773576999739;-0,09583411824316022;3,7537453600240947e-06
83;0,0;0,0;0,0;0,0;0,0;0,0;;;;;;;;
84;0,3991564431359098;0,19314927041843588;-0,3990803533198374;-0,19307178945310294;7,608981607243326e-05;7,748096533294335e-05;0,025923980844663817;0,02592398084466382;0,02592398084466382;0,9875642014967501;-0,26005158508518733;0,9873365043173593;-0,26478195300330487;2,592398084466382e-06
85;1,2107136683150441;0,5856001583343594;-1,2089186154630889;-0,5843625922582925;0,0017950528519552478;0,0012375660760669538;0,07786484406423162;0,07786484406423161;0,07786484406423162;0,9972127959998915;-0,024045234774361463;0,995615077602563;-0,0382324533878607;7,786484406423163e-06
86;-0,664571298089331;-0,3223406785220909;0,6649921088689414;0,3226959436595316;0,00042081077961042546;0,00035526513744066346;0,042975299467492935;0,04297529946749293;0,042975299467492935;0,9922957551406357;-0,08656346085880635;0,9930127222547817;-0,07602111260381282;4,297529946749294e-06
87;-0,35433382915718203;-0,17126607874528085;0,354385913288394;0,17130198355062703;5,208413121199351e-05;3,59048053461819e-05;0,02297175288739858;0,022971752887398583;0,022971752887398583;0,9891206323461957;-0,09586315631337243;0,989277761078622;-0,09445690630852405;2,2971752887398582e-06
88;-0,7723166635051744;-0,3757550670739618;0,7727337747420372;0,37610716908201625;0,0004171112368628327;0,0003521020080544668;0,05005169920961726;0,050051699209617266;0,050051699209617266;0,990718119464304;-0,08490534987752023;0,9913284736583295;-0,07596286377454649;5,005169920961726e-06
89;-0,3841814578527377;-0,18503577864304935;0,38531009287172135;0,1858139282873572;0,001128635018983637;0,0007781496443078628;0,024826324536749638;0,02482632453674963;0,024826324536749638;0,9916628663706284;-0,07416760961844125;0,9948129592649685;-0,0458629743352394;2,4826324536749638e-06
90;0,0;0,0;0,0;0,0;0,0;0,0;;;;;;;;
91;0,8972985327941864;0,4338952835857216;-0,8963540485328303;-0,4332440758750483;0,0009444842613560711;0,000651207710673285;0,05812042470051764;0,058120424700517655;0,058120424700517655;0,9900903048442264;-0,08831582024272794;0,9889640558626723;-0,0983929035248424;5,812042470051766e-06
92;0,22703586495473033;0,11002472703198658;-0,22700462851074446;-0,11000319163065046;3,123644398586589e-05;2,1535401336120197e-05;0,014746640580926479;0,014746640580926477;0,014746640580926479;0,9877520804527731;-0,23821611853241773;0,9876052585089651;-0,23952381854500873;1,4746640580926477e-06
93;0,3210803533198993;0,1550717894524013;-0,32104225701323874;-0,15503962735304325;3,809630666057329e-05;3,216209935805181e-05;0,020850430732256824;0,020850430732256824;0,020850430732256824;0,9873365043173593;-0,26478195300330487;0,9872027832556796;-0,2667736322853867;2,0850430732256824e-06
94;0,31807874729553665;0,1540542892524679;-0,318000000000026;-0,1540000000001396;7,874729551066162e-05;5,42892523282823e-05;0,020552827246242692;0,020552827246242696;0,020552827246242696;0,9927979355720795;-0,06316245501755094;0,9925323728146591;-0,06551942304916418;2,0552827246242697e-06
95;-0,6553175479435551;-0,3182189476570744;0,6558598036541721;0,3185927779367534;0,0005422557106169457;0,0003738302796789661;0,04263875942685467;0,04263875942685467;0,04263875942685467;0,9864183692783517;-0,24996684931135124;0,9872999759594058;-0,242155078374105;4,263875942685467e-06
96;0,4543345333189585;0,2202306345456137;-0,4541545788679104;-0,22010657091543093;0,00017995445104812546;0,00012406363018277466;0,02938898208597646;0,029388982085976467;0,029388982085976467;0,9918773576999739;-0,09583411824316022;0,9914529305899968;-0,09959704319343052;2,9388982085976468e-06
97;0,00010000002053025262;1,414693462900132e-11;-9,999999998315512e-05;1,9248106064454524e-14;2,0547097497828487e-11;1,4166182735065774e-11;5,836925862949118e-06;5,836925862949118e-06;5,836925862949118e-06;0,9891343513302616;-0,2243649746544456;0,9891341480918938;-0,22437309127760682;5,836925862949119e-10
98;0,0;0,0;0,0;0,0;0,0;0,0;;;;;;;;
99;0,30683348794548626;0,14730033845018325;-0,30664764513734233;-0,14717221401639885;0,00018584280814393228;0,00012812443378440452;0,019807113363672427;0,019807113363672427;0,019807113363672427;0,9920996433000301;-0,06966086873919893;0,991449672301269;-0,07556927531595069;1,9807113363672426e-06
100;-0,25115589113269754;-0,12103853325080587;0,25118781573781207;0,12106054145905691;3,1924605114530547e-05;2,2008208251045325e-05;0,016268035187687484;0,016268035187687484;0,016268035187687484;0,9894583293685162;-0,21658250571703422;0,9895943046646829;-0,21535656650232607;1,6268035187687486e-06
101;0,31198073672716686;0,1504018664702607;-0,31183344797434925;-0,15030031782691042;0,00014728875281760923;0,00010154864335026881;0,020145004787309986;0,020145004787309982;0,020145004787309986;0,9926062705466961;-0,06510712319090001;0,9920996433000301;-0,06966086873919893;2,0145004787309985e-06
102;-0,29726080155601897;-0,14304334747911918;0,2974273369980679;0,14315816624980887;0,00016653544204892068;0,00011481877068969526;0,01922333927396508;0,01922333927396508;0,01922333927396508;0,9907763803993301;-0,08165359976518904;0,9913766163203079;-0,07622909673209523;1,922333927396508e-06
103;0,21115849651672577;0,10215447201434966;-0,21114930376233187;-0,10214813488153343;9,19275439389966e-06;6,337132816225388e-06;0,01364832168364891;0,013648321683648912;0,013648321683648912;0,9922794989846325;-0,06870459473112914;0,9922328187257391;-0,0691201528775545;1,364832168364891e-06
104;-0,4821997303777259;-0,23313770928687028;0,48240641756792035;0,2332801932746389;0,00020668719019445447;0,0001424839877686157;0,03133209764604294;0,03133209764604294;0,03133209764604294;0,9869435088261578;-0,24545323945774378;0,9874006801648333;-0,2413568961446402;3,1332097646042934e-06
105;0,37315457886847636;0,18110657091524174;-0,3730330253869442;-0,18102276989730431;0,00012155348153214396;8,380101793742378e-05;0,024153882473653396;0,024153882473653392;0,024153882473653396;0,9914529305899968;-0,09959704319343052;0,9911040806877737;-0,1026808529716381;2,4153882473653397e-06
106;-0,1871285133273457;-0,09001965869019453;0,1871558911328595;0,09003853325067428;2,7377805513789655e-05;1,8874560479748004e-05;0,01211861714129555;0,012118617141295552;0,012118617141295552;0,9893018084984866;-0,21800060754926945;0,9894583293685162;-0,21658250571703422;1,2118617141295552e-06
107;-0,29752733706906165;-0,14315816519987692;0,2975476135314341;0,14317214131726705;2,0276462372459392e-05;1,3976117390124276e-05;0,019228586929240066;0,01922858692924007;0,01922858692924007;0,9913766163203079;-0,07622909673209523;0,991449672301269;-0,07556927531595069;1,922858692924007e-06
108;0,1990422570130788;0,09603962735322871;-0,19901033818934374;-0,09600712718492566;3,191882373504429e-05;3,25001683030568e-05;0,012924899874553055;0,012924899874553059;0,012924899874553059;0,9872027832556796;-0,2667736322853867;0,9870112832432859;-0,27076696930783334;1,292489987455306e-06
109;0,0;0,0;0,0;0,0;0,0;0,0;;;;;;;;
110;0,3005424625633896;0,1462490565233893;-0,3002836305923927;-0,14607060055432988;0,0002588319709969089;0,00017845596905941008;0,01951231493376814;0,01951231493376814;0,01951231493376814;0,9889753387486682;-0,22512727795409795;0,9880556504626267;-0,2332278313971315;1,951231493376814e-06
111;0,0;0,0;0,0;0,0;0,0;0,0;;;;;;;;
112;0,1431539720245027;0,06914389033131733;-0,14312863714300084;-0,06912642366460961;2,5334881501859474e-05;1,7466666707724454e-05;0,009250436724769901;0,009250436724769901;0,009250436724769901;0,9922328187257391;-0,0691201528775545;0,9920430208049423;-0,07081770650069695;9,2504367247699e-07
113;0,14303886133205135;0,06911695304288631;-0,1429985570677059;-0,06908916548747196;4,03042643454532e-05;2,7787555414354737e-05;0,009245492387601268;0,009245492387601265;0,009245492387601268;0,9920430208049423;-0,07081770650069695;0,9917409086889867;-0,07351787962063619;9,245492387601268e-07
114;0,514538851174578;0,2493025579413718;-0,5142092546564668;-0,24907532370191227;0,00032959651811115265;0,00022723423945952836;0,03336522867472965;0,03336522867472964;0,03336522867472965;0,989359326775672;-0,22390524181278057;0,9886746227458739;-0,23000033571847794;3,336522867472965e-06
115;0,37375764141920875;0,18038667109378137;-0,3737014381092841;-0,18033921401945033;5,620330992467393e-05;4,745707433104207e-05;0,024147098643704866;0,024147098643704866;0,024147098643704866;0,9922794989846325;-0,06870459473112914;0,9921091575881706;-0,07123296731859408;2,4147098643704864e-06
116;0,3736014382152762;0,18033921402986983;-0,373522266683983;-0,18027238682302293;7,917153129322063e-05;6,682720684689225e-05;0,02414185771585622;0,024141857715856224;0,024141857715856224;0,9921091575881706;-0,07123296731859408;0,9918691734310958;-0,07479242301565477;2,4141857715856223e-06
117;0,37342226657309086;0,18027238701531237;-0,3733048541629932;-0,1801732558467988;0,00011741241009766146;9,913116851356651e-05;0,024136615621152248;0,024136615621152244;0,024136615621152248;0,9918691734310958;-0,07479242301565477;0,9915131674135969;-0,08007648665080859;2,413661562115225e-06
118;0,43454810820966194;0,20979361956696743;-0,43397962728981243;-0,20940167102578536;0,0005684809198495122;0,00039194854118207445;0,028027325716465316;0,028027325716465316;0,028027325716465316;0,9940118527423504;-0,05252588727509718;0,9926062705466961;-0,06510712319090001;2,8027325716465317e-06
119;-0,12312015827929425;-0,05901389816447241;0,12312851332773192;0,05901965869034462;8,355048437672097e-06;5,760525872207378e-06;0,007968554457586034;0,007968554457586036;0,007968554457586036;0,9892291798584476;-0,2186649894209518;0,9893018084984866;-0,21800060754926945;7,968554457586037e-07
120;-0,7213491146528613;-0,34817894499482255;0,721622863946438;0,34836769718439786;0,0002737492935767083;0,00018875218957531414;0,046594663664695404;0,046594663664695404;0,046594663664695404;0,992490303467788;-0,06633369221904249;0,9928974482881354;-0,0626877439475913;4,65946636646954e-06
121;-0,11611332846154676;-0,056009189820023314;0,1161201582789037;0,056013898164642424;6,8298173569458775e-06;4,7083446191101275e-06;0,007524486737489154;0,0075244867374891534;0,007524486737489154;0,9891662834925223;-0,2192309323270415;0,9892291798584476;-0,2186649894209518;7,524486737489153e-07
122;0,5515712980894104;0,2673406785224019;-0,5512017204988259;-0,2670858737371527;0,00036957759058453554;0,00025480478524919636;0,035663170936583964;0,03566317093658397;0,03566317093658397;0,9922957551406357;-0,08656346085880635;0,9915774451210158;-0,09293354128329577;3,566317093658397e-06
123;-0,11599999999995186;-0,05600000000008125;0,11601332846159959;0,05600918982003639;1,3328461647726941e-05;9,189819955138234e-06;0,007519230076096677;0,007519230076096674;0,007519230076096677;0,9890434438111703;-0,22033453070855372;0,9891662834925223;-0,2192309323270415;7,519230076096677e-07
124;0,1130057591943363;0,0550825430972665;-0,11300223532445777;-0,05508011350709034;3,5238698785217126e-06;2,4295901761561822e-06;0,007318633318750904;0,007318633318750905;0,007318633318750905;0,9917409086889867;-0,07351787962063619;0,9917075223171298;-0,07380955987720365;7,318633318750905e-07
125;-0,2710060145836384;-0,13100414597505763;0,2710911098271658;0,1310628147580652;8,509524352739994e-05;5,86687830075594e-05;0,017583796440837202;0,017583796440837202;0,017583796440837202;0,9883392294182689;-0,23300413885563945;0,9886746227458739;-0,23000033571847794;1,7583796440837203e-06
126;0,0;0,0;0,0;0,0;0,0;0,0;;;;;;;;
127;0,0;0,0;0,0;0,0;0,0;0,0;;;;;;;;
128;0,19132151863068447;0,09208387639950519;-0,19128135371144936;-0,09205618403384928;4,0164919235113894e-05;2,769236565590416e-05;0,012354168207109021;0,01235416820710902;0,012354168207109021;0,9922794989846325;-0,06870459473112914;0,9920542409349525;-0,070737969360153;1,2354168207109021e-06
129;0,19118135379306964;0,09205618402796902;-0,19112784601966132;-0,09201929221155616;5,3507773408317805e-05;3,689181641285122e-05;0,012348924416572456;0,012348924416572456;0,012348924416572456;0,9920542409349525;-0,070737969360153;0,9917540167062012;-0,07344587599073032;1,2348924416572455e-06
130;0,07700407033833584;0,03700302083900505;-0,07699959095143771;-0,03699993257989007;4,479386898126325e-06;3,088259114977787e-06;0,004975697806605738;0,004975697806605738;0,004975697806605738;0,9913171227139833;-0,07732749322724103;0,9912547542129497;-0,07789317963273129;4,975697806605739e-07
131;0,22618353177351003;0,11007051712687142;-0,22616081461583676;-0,11005133879033643;2,2717157673268762e-05;1,9178336534989016e-05;0,014698477694506988;0,014698477694506986;0,014698477694506988;0,9880556504626267;-0,2332278313971315;0,9879424515934868;-0,23489174917579222;1,4698477694506989e-06
132;0,22606081461536698;0,11005133879043758;-0,22600595028533366;-0,11000502373624466;5,4864330033321806e-05;4,631505419291915e-05;0,01469322306542217;0,014693223065422168;0,01469322306542217;0,9879424515934868;-0,23489174917579222;0,9876689625573737;-0,23890999285240946;1,469322306542217e-06
133;-0,3560470380452627;-0,17203243304153715;0,3561997303775051;0,1721377092870229;0,00015269233224235457;0,00010527624548575809;0,02314289166250645;0,02314289166250645;0,02314289166250645;0,9864862600324459;-0,24956087799551288;0,9869435088261578;-0,24545323945774378;2,314289166250645e-06
134;0,0;0,0;0,0;0,0;0,0;0,0;;;;;;;;
135;0,0;0,0;0,0;0,0;0,0;0,0;;;;;;;;
136;0,2963049354229755;0,14317325942963854;-0,29618909428882717;-0,14307546201722238;0,00011584113414830899;9,779741241616735e-05;0,019162205103760384;0,019162205103760387;0,019162205103760387;0,9915131674135969;-0,08007648665080859;0,9910707153467898;-0,08663591995675546;1,9162205103760386e-06
137;0,6134226080978685;0,2971876848364173;-0,6132935400465431;-0,2970987124396253;0,00012906805132539834;8,897239679195312e-05;0,03935343340150354;0,03935343340150353;0,03935343340150354;0,9999999999978999;8,452401816857307e-20;0,9997726803652753;-0,0020007473367916404;3,935343340150354e-06
138;0,6131935400457;0,2970987124395318;-0,6127096859048868;-0,29676511923233967;0,0004838541408132002;0,0003335932071921177;0,03934823637119097;0,03934823637119096;0,03934823637119097;0,9997726803652753;-0,0020007473367916404;0,9989203551887345;-0,009511029741319338;3,934823637119096e-06
139;0,5166204400010317;0,24984386093096772;-0,5165473700128843;-0,2497934816231342;7,306998814737842e-05;5,037930783352573e-05;0,03332648998322174;0,03332648998322175;0,03332648998322175;0,9941638105761094;-0,051173678967229644;0,9940118527423504;-0,05252588727509718;3,3326489983221746e-06
140;0,0;0,0;0,0;0,0;0,0;0,0;;;;;;;;
141;0,063203236563403;0,031002231467755673;-0,06320277433887883;-0,031001912866606626;4,622245241697742e-07;3,186011490463603e-07;0,0041057525075294836;0,0041057525075294836;0,0041057525075294836;0,9899264819511993;-0,10033053409456007;0,9899186733756408;-0,10039766734820156;4,105752507529484e-07
142;0,06310277434077012;0,031001912865658388;-0,0631001931868019;-0,031000133246506592;2,581153968214678e-06;1,779619151796169e-06;0,004100517029297947;0,004100517029297947;0,004100517029297947;0,9899186733756408;-0,10039766734820156;0,9898750060070395;-0,10077182403238338;4,100517029297946e-07
143;0,030007053235541425;0,015075811762601605;-0,030005963582130486;-0,015075060483095292;1,0896534109391953e-06;7,512795063124161e-07;0,0019550289794533606;0,001955028979453361;0,001955028979453361;0,9917075223171298;-0,07380955987720365;0,9916688079187542;-0,0741203245778377;1,955028979453361e-07
144;0,02991033532795426;0,015071004535213194;-0,029910168558960566;-0,015070889553581423;1,6676899369447162e-07;1,1498163177137144e-07;0,0019499493936787804;0,0019499493936787802;0,0019499493936787804;0,9916688079187542;-0,0741203245778377;0,9916628663706284;-0,07416760961844125;1,9499493936787805e-07
145;-0,40718110216359804;-0,19605703660105445;0,40841103594175104;0,1969050347189603;0,0012299337781530029;0,0008479981179058405;0,026313525510358683;0,026313525510358676;0,026313525510358683;0,9915741994185968;-0,07498642055157902;0,9948129592649685;-0,0458629743352394;2,6313525510358683e-06
146;0,14803917240227063;0,07102742172508325;-0,14800369285435191;-0,07100295978467185;3,5479547918715326e-05;2,4461940411404925e-05;0,009560443844569114;0,009560443844569114;0,009560443844569114;0,9915741994185968;-0,07498642055157902;0,9913171227139833;-0,07732749322724103;9,560443844569113e-07
147;0,42595528034911667;0,20566065166461303;-0,4250789381714355;-0,20505644310435128;0,0008763421776811775;0,0006042085602617486;0,02745867688246652;0,027458676882466514;0,02745867688246652;0,9945484803194923;-0,047743388160993536;0,9923368431784897;-0,0675412498410672;2,745867688246652e-06
148;0,3180777452671079;0,1540551072498457;-0,3180508545478828;-0,15403656280102154;2,6890719225125537e-05;1,8544448824153736e-05;0,020562345457398025;0,02056234545739803;0,02056234545739803;0,9923368431784897;-0,0675412498410672;0,9922461932726817;-0,06834678257228637;2,056234545739803e-06
149;0,11412791758210333;0,0550193040731661;-0,1141079349451441;-0,05500552643340704;1,9982636959237077e-05;1,3777639759064708e-05;0,007375714732010953;0,007375714732010953;0,007375714732010953;0,9917540167062012;-0,07344587599073032;0,9915662835701585;-0,07513442068241875;7,375714732010953e-07
150;0,2975344801536041;0,14416166162202457;-0,2974363136961975;-0,14409397913976335;9,816645740662322e-05;6,768248226121654e-05;0,019313973022364244;0,019313973022364244;0,019313973022364244;0,9883173310834337;-0,23096139912718142;0,9879650305187849;-0,23410016721015067;1,9313973022364247e-06
151;0,11400793505734373;0,05500552638251936;-0,11399989404398772;-0,05499998209240237;8,04101335601104e-06;5,544290116989148e-06;0,0073704701523284195;0,0073704701523284195;0,0073704701523284195;0,9915662835701585;-0,07513442068241875;0,9914906816386498;-0,07581312491452068;7,370470152328419e-07
152;-0,5496508798181619;-0,2652419114992626;0,5499484345750936;0,2654470652712048;0,0002975547569317172;0,00020515377194224582;0,035609339286963665;0,035609339286963665;0,035609339286963665;0,9895112453113619;-0,0935181154872516;0,9900903048442264;-0,08831582024272794;3,560933928696366e-06
153;0,773460173893729;0,3765391011025709;-0,7728337747418265;-0,37610716908207015;0,0006263991519025458;0,000431932020500736;0,050056935937823;0,050056935937823004;0,050056935937823004;0,9921961197162584;-0,06835170483848793;0,9913284736583295;-0,07596286377454649;5,0056935937823e-06
154;0,23011237183755756;0,11207747569836868;-0,2300241197529338;-0,11201662884385381;8,825208462376333e-05;6,0846854514864934e-05;0,014952262676669575;0,014952262676669579;0,014952262676669579;0,9883173310834337;-0,23096139912718142;0,9879080934745933;-0,2345578472320926;1,495226267666958e-06
155;0,5608207373861291;0,2709821695400553;-0,5606200404972715;-0,27084379576169104;0,00020069688885759884;0,00013837377836423137;0,03615779883919514;0,03615779883919514;0,03615779883919514;0,9945484803194923;-0,047743388160993536;0,9941638105761094;-0,051173678967229644;3,615779883919514e-06
156;0,0;0,0;0,0;0,0;0,0;0,0;;;;;;;;
157;0,01800005286510269;0,009000036454408925;-0,01800000000018079;-0,008999999998692653;5,286492189837677e-08;3,64557162721435e-08;0,0011737832231365913;0,0011737832231365915;0,0011737832231365915;0,9898750060070395;-0,10077182403238338;0,9898718783294431;-0,1007973479618319;1,1737832231365914e-07
158;0,5595051649457884;0,2707620022382015;-0,5592320385073556;-0,27057367122083015;0,0002731264384328025;0,00018833101737136815;0,03592555745228155;0,03592555745228155;0,03592555745228155;0,9989203551887345;-0,009511029741319338;0,9983934160016786;-0,01417297091987416;3,5925557452281547e-06
159;0,2020455248094859;0,09803138783031004;-0,2020000000000919;-0,09800000000003023;4,552480939398751e-05;3,138783027981096e-05;0,01315267622021867;0,013152676220218667;0,01315267622021867;0,9857815709269293;-0,2556146898406773;0,9855416363916047;-0,2577498158804404;1,315267622021867e-06
160;0,1710330253873159;0,0830227698973999;-0,1710007471925451;-0,08300051516393275;3,227819477080729e-05;2,225473346714746e-05;0,01107502410290369;0,011075024102903695;0,011075024102903695;0,9911040806877737;-0,1026808529716381;0,9909020414994839;-0,10446685263977223;1,1075024102903697e-06
161;0,2704363136960227;0,13109397913960574;-0,2703517548946035;-0,13103568187007839;8,455880141922112e-05;5,829726952735759e-05;0,017562777727920642;0,017562777727920642;0,017562777727920642;0,9879650305187849;-0,23410016721015067;0,9876313015009546;-0,23707029638701632;1,7562777727920642e-06
162;0,0;0,0;0,0;0,0;0,0;0,0;;;;;;;;
163;0,22518916944889977;0,10907546511705431;-0,2251044514752575;-0,1090039478749908;8,471797364226208e-05;7,15172420635013e-05;0,014576334410509931;0,014576334410509933;0,014576334410509933;0,9910707153467898;-0,08663591995675546;0,9906452404695892;-0,09292048753581499;1,4576334410509934e-06
164;-0,1449999999998373;-0,06999999999985411;0,14500601458314646;0,07000414597475656;6,014583309177368e-06;4,145974902447502e-06;0,009406156326253919;0,009406156326253919;0,009406156326253919;0,9882949197464246;-0,23340225325411396;0,9883392294182689;-0,23300413885563945;9,406156326253918e-07
165;0,0;0,0;0,0;0,0;0,0;0,0;;;;;;;;
166;0,0;0,0;0,0;0,0;0,0;0,0;;;;;;;;
167;-0,8066963748997753;-0,38874187040393254;0,8068148353824343;0,388823544936436;0,00011846048265895526;8,16745325034618e-05;0,05196996630367082;0,051969966303670824;0,051969966303670824;0,9948129592649685;-0,0458629743352394;0,9949709030189442;-0,04444587992265014;5,196996630367082e-06
168;-0,20210599242243965;-0,09800505867132304;0,20212024096838058;0,0980170890652472;1,4248545940925839e-05;1,2030393924153393e-05;0,013082572567960018;0,013082572567960018;0,013082572567960018;0,9912533200832715;-0,09770385287392845;0,991333064789574;-0,09652856316582406;1,3082572567960017e-06
169;-0,20200000000012286;-0,09800000000039714;0,20200599242225273;0,09800505867181838;5,992422129869057e-06;5,0586714212402795e-06;0,013077332040394312;0,013077332040394313;0,013077332040394313;0,9912197690610337;-0,09819781363410678;0,9912533200832715;-0,09770385287392845;1,3077332040394312e-06
170;0,5452111469821087;0,26414555360519765;-0,5450026496508907;-0,26400182704318087;0,00020849733121797165;0,00014372656201677714;0,03536783731860564;0,03536783731860565;0,03536783731860565;0,9889640558626723;-0,0983929035248424;0,9885554615478838;-0,10202978427323191;3,536783731860565e-06
171;0,26605133087905714;0,12903664127363684;-0,2660237389825316;-0,12901761911645704;2,759189652551397e-05;1,9022157179804378e-05;0,017205191956188883;0,017205191956188883;0,017205191956188883;0,9922461932726817;-0,06834678257228637;0,992135029679603;-0,06933018082702841;1,7205191956188884e-06
172;-0,37712024096940666;-0,18301708906566258;0,37720172049868633;0,18308587373740692;8,147952927967106e-05;6,8784671744343e-05;0,024413166553927525;0,024413166553927522;0,024413166553927525;0,991333064789574;-0,09652856316582406;0,9915774451210158;-0,09293354128329577;2,4413166553927524e-06
173;0,07200595028557324;0,03500502373628917;-0,07200000000010086;-0,03499999999996267;5,950285472386407e-06;5,023736326499606e-06;0,004680196056526829;0,004680196056526829;0,004680196056526829;0,9876689625573737;-0,23890999285240946;0,9875758519579794;-0,24028168150863985;4,6801960565268296e-07
174;3,0345619873647505;1,4726380856191026;-3,010105381355025;-1,4557764664142527;0,024456606009725324;0,016861619204849854;0,19442975772688945;0,19442975772688942;0,19442975772688945;1,0016013352079876;0,014648201937295791;0,992882642991515;-0,06232690450740112;1,9442975772688945e-05
175;0,0;0,0;0,0;0,0;0,0;0,0;;;;;;;;
176;0,052000512681992295;0,025000604881588027;-0,051999520474123685;-0,024999920787517192;9,922078686094848e-07;6,840940708352505e-07;0,003363194792691319;0,003363194792691319;0,003363194792691319;0,9904890962667622;-0,08423829562032654;0,9904686568022623;-0,08442361446373646;3,363194792691319e-07
177;0,49112791135738604;0,23757082578053185;-0,49091073578045735;-0,23742107526241035;0,0002171755769286854;0,0001497505181214942;0,031549179629120475;0,031549179629120475;0,031549179629120475;0,9983934160016786;-0,01417297091987416;0,9979163131090023;-0,0184006795053967;3,1549179629120476e-06
178;0,0770036325896935;0,03700287529123347;-0,07699929351331403;-0,036999883643497135;4,339076379478168e-06;2,991647736337588e-06;0,004973181828851172;0,004973181828851172;0,004973181828851172;0,9918133266466502;-0,07228461897192132;0,9917528805555885;-0,07283266047864251;4,973181828851171e-07
179;0,14402411975324705;0,07001662884394995;-0,14400010791363163;-0,07000007439116193;2,401183961542319e-05;1,655445278801737e-05;0,00935893676072312;0,00935893676072312;0,00935893676072312;0,9879080934745933;-0,2345578472320926;0,987730223335464;-0,23612877591380763;9,35893676072312e-07
180;0,47581057286330614;0,23042096294541076;-0,47561155833983626;-0,23028374929356404;0,00019901452346987591;0,00013721365184671264;0,03058637546791398;0,03058637546791397;0,03058637546791398;0,9979163131090023;-0,0184006795053967;0,9974653257141396;-0,0223857807919599;3,058637546791398e-06
181;0,09300943822789978;0,045006947368873756;-0,09300348815369901;-0,04500284536623306;5,950074200775091e-06;4,102002640699043e-06;0,006014387981557273;0,006014387981557274;0,006014387981557274;0,9918818929202629;-0,07167423275005122;0,9918133266466502;-0,07228461897192132;6,014387981557274e-07
182;0,0;0,0;0,0;0,0;0,0;0,0;;;;;;;;
183;0,0;0,0;0,0;0,0;0,0;0,0;;;;;;;;
184;0,0;0,0;0,0;0,0;0,0;0,0;;;;;;;;
185;0,29716080205259365;0,1430433479629873;-0,2971243486952559;-0,1430182184145246;3,645335733776234e-05;2,5129548462676787e-05;0,019218088547883427;0,019218088547883427;0,019218088547883427;0,9907763803993301;-0,08165359976518904;0,990644960305834;-0,08284064983674226;1,921808854788343e-06
186;-0,06920215528414737;-0,03400181981448446;0,06920631438878842;0,03400468778680134;4,159104641049405e-06;2,867972316876466e-06;0,004491892166590955;0,0044918921665909545;0,004491892166590955;0,9910332974841376;-0,07941509203650148;0,9910975323675753;-0,07886527955883679;4,4918921665909553e-07
187;1,7007687509458838;0,8243974756890707;-1,693870706732305;-0,8196416281505329;0,006898044213578647;0,004755847538537861;0,10894696322977528;0,10894696322977528;0,10894696322977528;1,0016013352079876;0,014648201937295791;0,9972127959998915;-0,024045234774361463;1,0894696322977527e-05
188;0,0;0,0;0,0;0,0;0,0;0,0;;;;;;;;
189;0,24904703804561104;0,12003243304193095;-0,24902235272745557;-0,12001541328868792;2,4685318155470704e-05;1,701975324303051e-05;0,01618029914255651;0,01618029914255651;0,01618029914255651;0,9864862600324459;-0,24956087799551288;0,9863805450509368;-0,2505172670710297;1,6180299142556512e-06
190;0,17102460638567404;0,0830177692801493;-0,17099843843246204;-0,08299972672057533;2,6167953212002937e-05;1,8042559573966388e-05;0,011062947987118358;0,011062947987118354;0,011062947987118358;0,992135029679603;-0,06933018082702841;0,9919710561784403;-0,07077832292416227;1,1062947987118358e-06
191;-0,07699919108548638;-0,036999967207217765;0,07700158330318131;0,03700198715325148;2,3922176949353613e-06;2,0199460337155806e-06;0,004981777870120752;0,004981777870120753;0,004981777870120753;0,9900409637351512;-0,08797414679906207;0,9900760915468345;-0,08744797226626673;4,981777870120754e-07
192;-0,04120080779466664;-0,020000682062582997;0,04120215528427382;0,02000181981454646;1,3474896071799525e-06;1,137751963461997e-06;0,0026682211422530237;0,0026682211422530233;0,0026682211422530237;0,9909963165219773;-0,07995935478604663;0,9910332974841376;-0,07941509203650148;2,668221142253024e-07
193;-0,041100000005269324;-0,020000000004809098;0,04110080779455179;0,02000068206233862;8,077892824642774e-07;6,820575295211906e-07;0,0026629813043550503;0,00266298130435505;0,0026629813043550503;0,9909740982965876;-0,08028506356754807;0,9909963165219773;-0,07995935478604663;2,6629813043550505e-07
194;0,0;0,0;0,0;0,0;0,0;0,0;;;;;;;;
195;0,419509357488425;0,2032822318130168;-0,41937922428324337;-0,20319250586355617;0,0001301332051816262;8,972594946063395e-05;0,026982562177093862;0,026982562177093862;0,026982562177093862;0,9974653257141396;-0,0223857807919599;0,9971310276802932;-0,02533632930654336;2,6982562177093862e-06
196;0,1940171066911198;0,09401269469663712;-0,1939982528748797;-0,09399969723863721;1,885381624008864e-05;1,2997457999902595e-05;0,012501783422505333;0,012501783422505332;0,012501783422505333;0,9956466740583929;-0,03788573721825822;0,9955421445385494;-0,038809389164133005;1,2501783422505334e-06
197;-0,05099988676226072;-0,024999979003166438;0,0510015894429236;0,025001152835808386;1,7026806628794855e-06;1,1738326419485912e-06;0,003306909392377225;0,0033069093923772256;0,0033069093923772256;0,9916271534035805;-0,0744748292967199;0,9916628663706284;-0,07416760961844125;3,3069093923772257e-07
198;-1,059045364148745;-0,5127207553580622;1,0600077646881685;0,5133842992427748;0,0009624005394235358;0,0006635438847126807;0,06869525205796878;0,0686952520579688;0,0686952520579688;0,9889009716813263;-0,09849053573386328;0,9898720117006772;-0,08983797756802284;6,86952520579688e-06
199;0,47658347117423017;0,23043876554409937;-0,4763847862545928;-0,23030178881332553;0,00019868491963737078;0,0001369767307738412;0,03088059787882634;0,03088059787882634;0,03088059787882634;0,9897236622395879;-0,09046898690111135;0,989277761078622;-0,09445690630852405;3,088059787882634e-06
200;0,40727907342148806;0,19719240183702882;-0,4071383126999048;-0,19709536240468056;0,00014076072158325514;9,703943234826151e-05;0,02620057698783029;0,026200576987830286;0,02620057698783029;0,9971310276802932;-0,02533632930654336;0,9967586687282096;-0,028629666414499363;2,620057698783029e-06
201;0,0;0,0;0,0;0,0;0,0;0,0;;;;;;;;
202;0,0;0,0;0,0;0,0;0,0;0,0;;;;;;;;
203;0,0;0,0;0,0;0,0;0,0;0,0;;;;;;;;
204;-0,00010000000005264316;-2,227260922310619e-13;0,0001000000052581891;4,617705806034922e-12;5,2055459416741265e-12;4,39497971380386e-12;5,8260886993940454e-06;5,826088699394046e-06;5,826088699394046e-06;0,9909740467109772;-0,08028758170529547;0,9909740982965876;-0,08028506356754807;5,826088699394046e-10
205;0,0;0,0;0,0;0,0;0,0;0,0;;;;;;;;
206;0,10335175489485794;0,05003568187008173;-0,10333940262725347;-0,05002716586155599;1,2352267604473499e-05;8,516008525735752e-06;0,006712543941602338;0,006712543941602341;0,006712543941602341;0,9876313015009546;-0,23707029638701632;0,9875037588438105;-0,23820935068858134;6,712543941602341e-07
207;0,10323940262696718;0,050027165861571125;-0,10322410998095319;-0,050016622559950666;1,5292646013992384e-05;1,0543301620459522e-05;0,006707282071680186;0,006707282071680185;0,006707282071680186;0,9875037588438105;-0,23820935068858134;0,9873457224888371;-0,23961763115132828;6,707282071680187e-07
208;0,10312410998107402;0,0500166225602096;-0,1031152446978533;-0,05001051024455537;8,865283220721443e-06;6,11231565422754e-06;0,006702020266184913;0,006702020266184912;0,006702020266184913;0,9873457224888371;-0,23961763115132828;0,9872540293856087;-0,24043296835445715;6,702020266184913e-07
209;-0,44330427869880934;-0,2140718967307241;0,443548838093241;0,21424050369391318;0,00024455939443168706;0,00016860696318907187;0,02874054328099916;0,028740543280999148;0,02874054328099916;0,9889215567978238;-0,09880865914566019;0,9895112453113619;-0,0935181154872516;2,874054328099916e-06
210;-1,041396661294727;-0,5038987417464647;1,042520895145239;0,5046738172071008;0,0011242338505119687;0,0007750754606361543;0,06676474241330022;0,06676474241330023;0,06676474241330023;1,0004342639801753;0,00435787335201465;1,0016013352079876;0,014648201937295791;6,676474241330023e-06
211;0,0;0,0;0,0;0,0;0,0;0,0;;;;;;;;
212;-0,13300116411386284;-0,06400181571990522;0,13301984821766888;0,06401469701711707;1,8684103806038133e-05;1,2881297211844722e-05;0,00860706305655906;0,008607063056559056;0,00860706305655906;0,9900760915468345;-0,08744797226626673;0,9902264939338401;-0,08608739279617389;8,607063056559059e-07
213;-0,12199886983791572;-0,0589998064180472;0,12200916833797636;0,05900690624117854;1,0298500060637594e-05;7,0998231313373905e-06;0,00791256403377525;0,00791256403377525;0,00791256403377525;0,988812779550023;-0,0985577770769571;0,9889029826763389;-0,09775117009714318;7,91256403377525e-07
214;-0,07699919029848112;-0,03699996704654825;0,07700811198314372;0,03700749937400513;8,92168466259946e-06;7,532327456878651e-06;0,004983183885766642;0,004983183885766642;0,004983183885766642;0,9897616126035252;-0,09100769948185711;0,9898925789589702;-0,08904613655384126;4,983183885766642e-07
215;0,016000107913384406;0,008000074391509637;-0,015999999999955432;-0,008000000000124559;1,0791342897401024e-07;7,439138507807364e-08;0,0010456327324937383;0,0010456327324937383;0,0010456327324937383;0,987730223335464;-0,23612877591380763;0,9877230569536939;-0,23618731650810326;1,0456327324937384e-07
216;0,21203724917198785;0,10302667569833579;-0,21200835291634418;-0,10300675269854864;2,8896255643673374e-05;1,992299978714751e-05;0,013719947501374962;0,013719947501374962;0,013719947501374962;0,9920279039579535;-0,07038807271800264;0,9918818929202629;-0,07167423275005122;1,3719947501374963e-06
217;-0,11299999999993507;-0,053999999999993116;0,11302990134678154;0,05402061571147474;2,990134684646706e-05;2,061571148162522e-05;0,007305184493749644;0,007305184493749642;0,007305184493749644;0,9898068284028637;-0,09092654245933025;0,9900903048442264;-0,08831582024272794;7,305184493749644e-07
218;0,052100513568852154;0,025000605037058535;-0,05209977013873405;-0,025000092466908708;7,434301181052927e-07;5,12570149827779e-07;0,00336155431234063;0,0033615543123406296;0,00336155431234063;0,9925206669279207;-0,06567647889452434;0,9925053466109716;-0,06581577833877061;3,36155431234063e-07
219;0,05220399250656973;0,025003005188356305;-0,05220051233046942;-0,02500060572357579;3,4801761003080967e-06;2,399464780512839e-06;0,003366799673873296;0,003366799673873296;0,003366799673873296;0,9925922649291371;-0,06502236818295863;0,9925206669279207;-0,06567647889452434;3,366799673873296e-07
220;0,05240499055965972;0,025003696432691794;-0,05240399001456243;-0,025003006590381207;1,0005450972877528e-06;6,898423105874962e-07;0,003377295198866555;0,0033772951988665562;0,0033772951988665562;0,9926127804407938;-0,06483315207672338;0,9925922649291371;-0,06502236818295863;3,377295198866556e-07
221;0,05251427319344517;0,025010097971398373;-0,052504989352636075;-0,02500369707431523;9,283840809094779e-06;6,400897083144036e-06;0,0033825456357210884;0,003382545635721088;0,0033825456357210884;0,9928028219232725;-0,06307243245876742;0,9926127804407938;-0,06483315207672338;3,382545635721088e-07
222;0,0526150270693444;0,025010619219034285;-0,052614271986499615;-0,02501009861471996;7,550828447847047e-07;5,206043143246575e-07;0,00338779683915896;0,00338779683915896;0,00338779683915896;0,9928182528220523;-0,06292882206867847;0,9928028219232725;-0,06307243245876742;3,3877968391589597e-07
223;0,05271818196176622;0,02501279580631852;-0,05271502584636366;-0,025010619889593178;3,1561154025597227e-06;2,1759167253415646e-06;0,00339304979429332;0,00339304979429332;0,00339304979429332;0,992882642991515;-0,06232690450740112;0,9928182528220523;-0,06292882206867847;3,3930497942933197e-07
224;1,6970467215464464;0,8206714668661284;-1,6957520781781181;-0,8197788536545859;0,0012946433683282965;0,0008926132115424368;0,10866026441496825;0,10866026441496829;0,10866026441496829;1,0016013352079876;0,014648201937295791;1,0007755858574652;0,00734886966823338;1,0866026441496828e-05
225;0,0;0,0;0,0;0,0;0,0;0,0;;;;;;;;
226;0,0;0,0;0,0;0,0;0,0;0,0;;;;;;;;
227;0,0;0,0;0,0;0,0;0,0;0,0;;;;;;;;
228;0,018000779978519142;0,009000537776147963;-0,01800000000003416;-0,00899999999998167;7,799784849833735e-07;5,377761662928027e-07;0,0011752662456517944;0,0011752662456517944;0,0011752662456517944;0,988668883688433;-0,11284564679527213;0,9886227977381731;-0,11322196556383872;1,1752662456517944e-07
229;0,0;0,0;0,0;0,0;0,0;0,0;;;;;;;;
230;0,055002224990869805;0,027002329960202673;-0,05499942568523272;-0,026999966860209147;2,7993056370828606e-06;2,3630999935256303e-06;0,003574488314810628;0,003574488314810628;0,003574488314810628;0,9896783271527558;-0,09069368880341128;0,9896209196527723;-0,09152375674434217;3,574488314810628e-07
231;0,0;0,0;0,0;0,0;0,0;0,0;;;;;;;;
232;0,0;0,0;0,0;0,0;0,0;0,0;;;;;;;;
233;0,3091315136149557;0,14909066527838633;-0,3090919413305004;-0,14906338566101712;3,957228445533589e-05;2,727961736920248e-05;0,02002336134487297;0,020023361344872967;0,02002336134487297;0,9895943046646829;-0,21535656650232607;0,98945736187536;-0,21658890728058047;2,002336134487297e-06
234;-0,3161400693637931;-0,15302762484041957;0,31618164137016835;0,1530562829894953;4,1572006375278914e-05;2,8658149075738715e-05;0,020523050617277598;0,020523050617277598;0,020523050617277598;0,9880709995707542;-0,24593064090202302;0,9882113912852232;-0,2446775758798974;2,0523050617277596e-06
235;0,3211506448703926;0,15510386394206924;-0,3210651942215035;-0,1550449485836012;8,545064888909604e-05;5,891535846802576e-05;0,020807366262928555;0,020807366262928558;0,020807366262928558;0,9895943046646829;-0,21535656650232607;0,9893097040476644;-0,21791002817119945;2,080736626292856e-06
236;-0,1840085943300742;-0,08900680755184485;0,18402421007590425;0,08901757408522155;1,561574583006098e-05;1,0766533376699305e-05;0,011933753083345306;0,011933753083345305;0,011933753083345306;0,9889029826763389;-0,09775117009714318;0,9889936740345424;-0,0969404809998807;1,1933753083345307e-06
237;0,26114948375478925;0,1271042814747516;-0,2610368040095255;-0,1270265925669364;0,00011267974526374402;7,768890781520432e-05;0,01689535649353029;0,016895356493530297;0,016895356493530297;0,992490303467788;-0,06633369221904249;0,9920279039579535;-0,07038807271800264;1,6895356493530295e-06
238;-0,7217228656208555;-0,3483676937396349;0,7220085982626359;0,3485646968196037;0,0002857326417803341;0,00019700307996883826;0,04659990026946962;0,04659990026946962;0,04659990026946962;0,9928974482881354;-0,0626877439475913;0,993322362474567;-0,05888523408715369;4,659990026946962e-06
239;0,31614100158759406;0,1530986867887492;-0,316016008014013;-0,15301250576547618;0,0001249935735810892;8,618102327301314e-05;0,02036003773263736;0,020360037732637365;0,020360037732637365;0,9960721939851199;-0,034118563736138745;0,9956466740583929;-0,03788573721825822;2,0360037732637365e-06
240;0,17601193389875908;0,085009069034131;-0,1759998357940845;-0,08500072846759965;1,2098104674562737e-05;8,340566531345184e-06;0,011392719766092779;0,011392719766092777;0,011392719766092779;0,9905626865468009;-0,08357902562492783;0,9904890962667622;-0,08423829562032654;1,1392719766092778e-06
241;0,0;0,0;0,0;0,0;0,0;0,0;;;;;;;;
242;-0,21801906480552452;-0,10501456446385452;0,21807581867377684;0,10505369435386709;5,675386825232387e-05;3,9129890012576385e-05;0,014109341391874832;0,014109341391874832;0,014109341391874832;0,9902264939338401;-0,08608739279617389;0,9905052079517065;-0,08357254297368288;1,410934139187483e-06
243;0,2710919413310056;0,13106338566104436;-0,27102085321617575;-0,13101437598104446;7,108811482986477e-05;4,900967999990624e-05;0,017569944446281446;0,017569944446281443;0,017569944446281446;0,98945736187536;-0,21658890728058047;0,9891769576960392;-0,21909778450877807;1,7569944446281446e-06
244;-0,10199906137420656;-0,048999845584043175;0,10200906826231178;0,04900674454858887;1,0006888105221212e-05;6,898964545691555e-06;0,006592063943881233;0,006592063943881233;0,006592063943881233;0,9910698146232689;-0,07858782862998046;0,9911749790956226;-0,0776332744930998;6,592063943881234e-07
245;0,11501639378241209;0,05601227719143712;-0,11500174041505708;-0,056002174185764156;1,4653367355010882e-05;1,0103005672966459e-05;0,007462060740191393;0,007462060740191395;0,007462060740191395;0,9898144823568649;-0,08949887712920311;0,9896783271527558;-0,09069368880341128;7,462060740191394e-07
246;-0,07699933443089954;-0,03699989031858651;0,0770087014315727;0,03700634829919599;9,367000673152215e-06;6,457980609476943e-06;0,004940301434846943;0,004940301434846943;0,004940301434846943;0,9983540003693919;-0,014094198827901945;0,9984853559448469;-0,01291134738702234;4,940301434846944e-07
247;0,0;0,0;0,0;0,0;0,0;0,0;;;;;;;;
248;-0,9076078831374167;-0,43941910892198516;0,9080453641482298;0,43972075535770644;0,00043748101081309;0,00030164643572128114;0,05890325316575434;0,05890325316575434;0,05890325316575434;0,9883861785758483;-0,10308261757236689;0,9889009716813263;-0,09849053573386328;5,8903253165754345e-06
249;-0,7640082183815264;-0,36856463084801827;0,7645679947746014;0,3689505527698725;0,0005597763930749178;0,00038592192185421537;0,04930366221360169;0,04930366221360168;0,04930366221360169;0,993322362474567;-0,05888523408715369;0,9941091207349646;-0,05184110086089466;4,930366221360169e-06
250;0,1761254644162621;0,08501840013258266;-0,17611193260690425;-0,08500906973177541;1,3531809357841817e-05;9,330400807250339e-06;0,011397968429118905;0,011397968429118905;0,011397968429118905;0,990644960305834;-0,08284064983674226;0,9905626865468009;-0,08357902562492783;1,1397968429118905e-06
251;0,0;0,0;0,0;0,0;0,0;0,0;;;;;;;;
252;-0,19900708440997605;-0,09600722194805734;0,19903804460003924;0,09602856624387819;3,0960190063183957e-05;2,1344295820846515e-05;0,012887110644587649;0,012887110644587649;0,012887110644587649;0,9898925789589702;-0,08904613655384126;0,9900590544269919;-0,08754975868307627;1,2887110644587648e-06
253;0,05600232330829339;0,027001601843242806;-0,05600000000009953;-0,027000000000110512;2,3233081938578426e-06;1,601843132293529e-06;0,00363905904912356;0,0036390590491235594;0,00363905904912356;0,9863805450509368;-0,2505172670710297;0,9863363053494733;-0,2509171172591628;3,6390590491235597e-07
254;-0,10299999999994044;-0,05000000000005565;0,10301524469783346;0,05001051024451247;1,5244697893018744e-05;1,05102444568142e-05;0,006696758907375891;0,006696758907375892;0,006696758907375892;0,987096223502932;-0,24183277511220902;0,9872540293856087;-0,24043296835445715;6,696758907375892e-07
255;0,23604356149985037;0,11403003193938077;-0,23601661661729112;-0,11401145555604264;2,6944882559248873e-05;1,8576383338131386e-05;0,015297661082488076;0,01529766108248808;0,01529766108248808;0,989359326775672;-0,22390524181278057;0,9892372622399835;-0,22499953370616343;1,529766108248808e-06
256;0,24406519422167627;0,11804494858339756;-0,2440157862484427;-0,11801088344179736;4,940797323357837e-05;3,4065141600203575e-05;0,015821874996233113;0,015821874996233113;0,015821874996233113;0,9893097040476644;-0,21791002817119945;0,9890932752376892;-0,21984500000140964;1,5821874996233114e-06
257;0,6711822009480538;0,32485246580715355;-0,670581685657026;-0,32443845017066014;0,0006005152910277811;0,00041401563649340334;0,043455872616567456;0,04345587261656746;0,04345587261656746;0,990681431701503;-0,08192830960610627;0,9897236622395879;-0,09046898690111135;4,345587261656747e-06
258;-0,12199891233780771;-0,05899981367728688;0,12202046839237578;0,059014675854444615;2,155605456806431e-05;1,48621771577373e-05;0,007838001278698799;0,0078380012786988;0,0078380012786988;0,9982196415703013;-0,015089538902104046;0,9984102487298501;-0,013400861274320244;7,838001278698801e-07
259;1,8545280186767779;0,8983738753442737;-1,8488036033128403;-0,8944272287269005;0,0057244153639375295;0,003946646617373206;0,11878247247125528;0,11878247247125524;0,11878247247125528;1,0016013352079876;0,014648201937295791;0,9982611087563258;-0,014817487192163555;1,1878247247125528e-05
260;0,0;0,0;0,0;0,0;0,0;0,0;;;;;;;;
261;0,0;0,0;0,0;0,0;0,0;0,0;;;;;;;;
262;0,16800938276989458;0,08200723168338;-0,16800167481459896;-0,08200191730654145;7,707955295616076e-06;5,314376838552737e-06;0,010824046526753412;0,010824046526753412;0,010824046526753412;0,9972127959998915;-0,024045234774361463;0,9971634144400133;-0,024472703193612038;1,0824046526753412e-06
263;-0,12199891414327783;-0,05899981400029742;0,12200901115277382;0,05900677491510589;1,0097009495987908e-05;6,960914808472329e-06;0,007834776861529325;0,007834776861529322;0,007834776861529325;0,9986304737571655;-0,011766997864440526;0,998719790107571;-0,010976170551783706;7,834776861529326e-07
264;1,067127041832646;0,5161951379304298;-1,0661370765238414;-0,5155126391689387;0,0009899653088045746;0,0006824987614910683;0,06893078677913678;0,06893078677913676;0,06893078677913678;0,992882642991515;-0,06232690450740112;0,9918872965916753;-0,07119580131264569;6,893078677913677e-06
265;-0,12210900997702692;-0,05900677551599296;0,122122489319328;0,05901606907073953;1,3479342301073172e-05;9,293554746568622e-06;0,007839981452174391;0,007839981452174394;0,007839981452174394;0,998719790107571;-0,010976170551783706;0,9988389439204739;-0,009918833557780872;7,839981452174394e-07
266;0,8089777106895341;0,39026289437312206;-0,8069042596505923;-0,3888333193750009;0,0020734510389417427;0,0014295749981211858;0,051974887064223964;0,05197488706422397;0,05197488706422397;0,997735264284319;-0,01971170109037103;0,9949709030189442;-0,04444587992265014;5,197488706422397e-06
267;-0,537698434380455;-0,260414973022539;0,5379592231330323;0,26059477812691517;0,0002607887525774011;0,00017980510437615171;0,03448459363621437;0,03448459363621439;0,03448459363621439;1,0002514076901523;0,0027334699332750385;1,0007755858574652;0,00734886966823338;3,4484593636214386e-06
268;-0,19410000000797822;-0,0940000000054205;0,19414006936393124;0,09402762484033232;4,0069355953020747e-05;2,7624834911824103e-05;0,012604482798211983;0,012604482798211986;0,012604482798211986;0,9878506597431961;-0,24789562057805092;0,9880709995707542;-0,24593064090202302;1,2604482798211986e-06
269;0,19402605211217297;0,09401889326284163;-0,19399819615736483;-0,09399968751561409;2,7855954808142513e-05;1,9205747227538095e-05;0,012600701257676762;0,012600701257676762;0,012600701257676762;0,9878799330574459;-0,11221911706969148;0,9877267013022509;-0,11358428786044522;1,260070125767676e-06
270;-0,23122384354875963;-0,11201644035314785;0,23127098567119883;0,11204894214877882;4,714212243919769e-05;3,250179563096811e-05;0,015003242171253319;0,015003242171253319;0,015003242171253319;0,9887037651342059;-0,10074768211340904;0,9889215567978238;-0,09880865914566019;1,500324217125332e-06
271;0,11903680333844545;0,05702857845999013;-0,11901738334767363;-0,057012182981200865;1,941999077181844e-05;1,639547878926756e-05;0,0076873652099636435;0,007687365209963645;0,007687365209963645;0,9913136906204648;-0,07731986608643085;0,9911289541524299;-0,08009660769621105;7,687365209963645e-07
272;0,0;0,0;0,0;0,0;0,0;0,0;;;;;;;;
273;0,700970715542964;0,33939622338958186;-0,7001820113224289;-0,3388524595167516;0,0007887042205351191;0,0005437638728302829;0,04533256105244354;0,04533256105244354;0,04533256105244354;0,9918872965916753;-0,07119580131264569;0,990681431701503;-0,08192830960610627;4,533256105244354e-06
274;-0,306023081436229;-0,14801737964962547;0,3061569522815694;0,14810967503783473;0,00013387084534038918;9,229538820926253e-05;0,01984486988535325;0,019844869885353257;0,019844869885353257;0,9889936740345424;-0,0969404809998807;0,9894612084016584;-0,09276309631226815;1,9844869885353257e-06
275;0,18679689094823299;0,090066805247296;-0,18676082134372182;-0,0900419335387251;3,6069604511163034e-05;2,4871708570906037e-05;0,01201183538899384;0,012011835388993843;0,012011835388993843;0,9967586687282096;-0,028629666414499363;0,9965505845474546;-0,030491658731468647;1,2011835388993843e-06
276;0,2710882550900209;0,1310657592469425;-0,2710209706815431;-0,13101936890238328;6,728440847775241e-05;4,639034455922175e-05;0,01751611966570148;0,017516119665701484;0,017516119665701484;0,992490303467788;-0,06633369221904249;0,9922240824173518;-0,06870863595595775;1,7516119665701486e-06
277;-0,8415673006765836;-0,4059504293057821;0,8421808280357084;0,40637340540304495;0,0006135273591247881;0,00042297609726282825;0,05426505089041314;0,05426505089041315;0,05426505089041315;0,9941091207349646;-0,05184110086089466;0,9948925809633388;-0,04483085730424508;5,426505089041315e-06
278;-0,8422808335186931;-0,40637339631744074;0,8430882479233626;0,4069300510284735;0,0008074144046694709;0,000556654711032778;0,0542702775129971;0,0542702775129971;0,0542702775129971;0,9948925809633388;-0,04483085730424508;0,9959235508282467;-0,03561964269460943;5,42702775129971e-06
279;-0,5214777406129172;-0,2533317443640294;0,5217850075397873;0,25354358302011176;0,0003072669268701089;0,00021183865608237484;0,03347894039797704;0,033478940397977046;0,033478940397977046;0,9997980053941101;-0,0012006138949513842;1,0004342639801753;0,00435787335201465;3,3478940397977045e-06
280;-0,3230748550529569;-0,1560535237003934;0,32319954377922216;0,15613949239811933;0,00012468872626525407;8,596869772592441e-05;0,020913301677326614;0,020913301677326617;0,020913301677326617;0,9905052079517065;-0,08357254297368288;0,9909183974499672;-0,0798726689447537;2,091330167732662e-06
281;0,1816607983970915;0,08804191771730936;-0,18164069963646468;-0,08802806032354928;2,0098760626835466e-05;1,38573937600861e-05;0,01169538764612129;0,01169538764612129;0,01169538764612129;0,9965505845474546;-0,030491658731468647;0,9964314646058464;-0,03154317902629212;1,169538764612129e-06
282;0,17924042636665885;0,08702787094437987;-0,17922435860925562;-0,08701679414171344;1,6067757403231964e-05;1,1076802666432073e-05;0,011541173478581196;0,011541173478581199;0,011541173478581199;0,9967586687282096;-0,028629666414499363;0,9966621593166022;-0,02947699516420198;1,1541173478581198e-06
283;-0,20000821691627946;-0,09600663188820813;0,20007963580911545;0,09605587109401605;7,141889283598934e-05;4,923920580791885e-05;0,01292296947435444;0,01292296947435444;0,01292296947435444;0,9911749790956226;-0,0776332744930998;0,991557826577552;-0,07415225985571086;1,2922969474354441e-06
284;0,19014290155063712;0,09109852227034944;-0,19012296677899204;-0,09108477791342864;1,9934771645080396e-05;1,3744356920794565e-05;0,012308657622910833;0,012308657622910833;0,012308657622910833;0,9889640558626723;-0,0983929035248424;0,988851873107657;-0,09942074156982748;1,2308657622910833e-06
285;0,1740333719350124;0,08502517607732676;-0,17401939432763425;-0,08501337301965853;1,3977607378146129e-05;1,1803057668235972e-05;0,011296655239229231;0,011296655239229231;0,011296655239229231;0,9899264819511993;-0,10033053409456007;0,9898358160415438;-0,10165271718778701;1,1296655239229232e-06
286;0,4382708533826279;0,2121887727239088;-0,4381399057559006;-0,21209849695716992;0,00013094762672727356;9,027576673886761e-05;0,028214935745241275;0,02821493574524127;0,028214935745241275;0,9963938640103648;-0,03127113602179579;0,9960721939851199;-0,034118563736138745;2,8214935745241277e-06
287;-0,45304659297832806;-0,22003212446965353;0,4533175479435261;0,22021894765712197;0,00027095496519802253;0,0001868231874684323;0,029497774602168292;0,029497774602168292;0,029497774602168292;0,9857815709269293;-0,2556146898406773;0,9864183692783517;-0,24996684931135124;2,9497774602168295e-06
288;0,1720322486727663;0,08202223232115381;-0,1720103649686225;-0,08200714613802529;2,18837041438269e-05;1,5086183128523722e-05;0,011133367795484293;0,011133367795484293;0,011133367795484293;0,9883303323601623;-0,10421327729251745;0,988194226893772;-0,10547594497175332;1,1133367795484294e-06
289;0,1700200294196039;0,08201381144462384;-0,17001025816927223;-0,08200707265129165;9,771250331663817e-06;6,7387933321977345e-06;0,011048963270430675;0,011048963270430676;0,011048963270430676;0,9863805450509368;-0,2505172670710297;0,9863192585220978;-0,25107099874803185;1,1048963270430677e-06
290;0,09801746703096134;0,047012158862584134;-0,09800779366082803;-0,04700548939808731;9,673370133314596e-06;6,669464496823763e-06;0,006332471507035194;0,006332471507035194;0,006332471507035194;0,9911289541524299;-0,08009660769621105;0,9910231361895502;-0,08106133005733046;6,332471507035194e-07
291;0,22010698654128139;0,10707523161413678;-0,22001542711279748;-0,10701210656308277;9,155942848390608e-05;6,312505105400545e-05;0,014270790975775662;0,014270790975775658;0,014270790975775662;0,9902592953213288;-0,08558523745506168;0,9898144823568649;-0,08949887712920311;1,4270790975775663e-06
292;0,22025614981858987;0,1071091282760471;-0,22020698590299614;-0,1070752314040098;4,916391559373068e-05;3,389687203729508e-05;0,014276034005606165;0,014276034005606167;0,014276034005606167;0,9904980525910867;-0,08348327865468695;0,9902592953213288;-0,08558523745506168;1,4276034005606165e-06
293;0,14902085321583633;0,07201437598089146;-0,14900754951205977;-0,0720052044881364;1,3303703776557096e-05;9,171492755061239e-06;0,009660229402179293;0,009660229402179294;0,009660229402179294;0,9891769576960392;-0,21909778450877807;0,9890815182406623;-0,2199526738752949;9,660229402179294e-07
294;-0,2200794555240593;-0,10605583299261381;0,22009942694847062;0,10606960052773992;1,997142441131916e-05;1,3767535126107955e-05;0,0142247926363;0,014224792636299999;0,0142247926363;0,991557826577552;-0,07415225985571086;0,9916551075590013;-0,07327695041323962;1,42247926363e-06
295;-0,1941230431764985;-0,09401678453070024;0,19414870180766702;0,09403447368368528;2,5658631168518076e-05;1,768915298504259e-05;0,012489555772544935;0,012489555772544932;0,012489555772544935;0,9970704025957954;-0,025303131370689114;0,9972127959998915;-0,024045234774361463;1,2489555772544935e-06
296;-0,19399826257066644;-0,09399969897076094;0,19402304412956406;0,09401678421910281;2,4781558897624123e-05;1,708524834187486e-05;0,012484344636041403;0,012484344636041403;0,012484344636041403;0,9969328137929018;-0,026517459855580208;0,9970704025957954;-0,025303131370689114;1,2484344636041403e-06
297;0,1550166166173344;0,07501145555591307;-0,15499999999978958;-0,07499999999977236;1,6616617544817913e-05;1,1455556140710366e-05;0,010050821537878535;0,010050821537878533;0,010050821537878535;0,9892372622399835;-0,22499953370616343;0,9891226792278937;-0,2260223620580087;1,0050821537878536e-06
298;0,15402013120608166;0,07401621142380892;-0,15400506925809188;-0,07400349480261881;1,5061947989780666e-05;1,271662119010919e-05;0,009910247981811848;0,009910247981811846;0,009910247981811848;0,9955217231068677;-0,039253265826913096;0,9954105451470676;-0,04090908291150547;9,910247981811847e-07
299;0,15229691301512832;0,07406681677283758;-0,15221760245731009;-0,07401213480137328;7,931055781823515e-05;5,468197146429876e-05;0,009886562685613423;0,009886562685613423;0,009886562685613423;0,9889753387486682;-0,22512727795409795;0,9884191735362832;-0,2300317301521388;9,886562685613424e-07
300;0,1260126081723167;0,061008691557131706;-0,125999999999931;-0,061000000000090246;1,2608172385686345e-05;8,691557041459741e-06;0,008176053253489919;0,008176053253489919;0,008176053253489919;0,9886382533540174;-0,2303194404303337;0,9885313738578072;-0,2312725742280964;8,176053253489919e-07
301;0,20218114599501463;0,09805594396447516;-0,20217560700243614;-0,09805212675536909;5,538992578490998e-06;3,817209106068975e-06;0,012973329557574876;0,01297332955757488;0,01297332955757488;0,9999999999978999;8,452401816857307e-20;0,9999704077070729;-0,00025945199633371514;1,297332955757488e-06
302;0,2020756070022387;0,09805212675475217;-0,20200000000005483;-0,09800000000001019;7,560700218386951e-05;5,212675474197681e-05;0,012968134847718369;0,012968134847718369;0,012968134847718369;0,9999704077070729;-0,00025945199633371514;0,999566259698592;-0,0038044717461839872;1,296813484771837e-06
303;0,0;0,0;0,0;0,0;0,0;0,0;;;;;;;;
304;0,0;0,0;0,0;0,0;0,0;0,0;;;;;;;;
305;0,2761134518989266;0,13407953501237954;-0,2760252926842204;-0,13401875551438772;8,815921470622934e-05;6,077949799182525e-05;0,017932781308525547;0,01793278130852555;0,01793278130852555;0,9882207286054143;-0,10920071132245708;0,9878799330574459;-0,11221911706969148;1,7932781308525549e-06
306;0,07700784089798926;0,03700549679386289;-0,0769998272242532;-0,03699997150629529;8,013673736054217e-06;5,525287567600956e-06;0,004977434312405871;0,004977434312405871;0,004977434312405871;0,9910231361895502;-0,08106133005733046;0,9909115953151764;-0,08207351741649878;4,977434312405871e-07
307;-0,5923639348642331;-0,2862551150633913;0,5924606379846874;0,2863217886238688;9,670312045428897e-05;6,667356047751483e-05;0,03833895762670383;0,03833895762670382;0,03833895762670383;0,9907435918279502;-0,08143614415058409;0,9909183974499672;-0,0798726689447537;3,833895762670383e-06
308;-1,1570924413993393;-0,55876561534493;1,1576956560847338;0,559181511653328;0,000603214685394482;0,0004158963083980005;0,07417057314465099;0,07417057314465099;0,07417057314465099;1,0002119752945964;0,0023485373932847636;1,0007755858574652;0,00734886966823338;7,417057314465099e-06
309;0,06000245164914738;0,028002135173494775;-0,06000033652715487;-0,02800067702121205;2,1151219925102938e-06;1,4581522827239457e-06;0,003851845572379066;0,003851845572379066;0,003851845572379066;0,992490303467788;-0,06633369221904249;0,9924523316670507;-0,06670307217271049;3,851845572379066e-07
310;0,14201939432736188;0,06901337301940275;-0,14200600155995283;-0,06900413829530479;1,339276740905393e-05;9,234724097959002e-06;0,009209962266998013;0,009209962266998013;0,009209962266998013;0,9898358160415438;-0,10165271718778701;0,9897350017039497;-0,1025426811749879;9,209962266998012e-07
311;-0,12199935349687016;-0,05899988919890208;0,12201984719567233;0,059014018917364824;2,049369880216534e-05;1,4129718462742302e-05;0,007893056819488126;0,007893056819488126;0,007893056819488126;0,9912600192817418;-0,07778974762757275;0,9914399686287289;-0,0761842742497214;7,893056819488125e-07
312;0,1390102581691604;0,06700707265112561;-0,13900005776992577;-0,06700003983447067;1,020039923463334e-05;7,032816654942153e-06;0,009033087298577623;0,009033087298577623;0,009033087298577623;0,9863192585220978;-0,25107099874803185;0,9862410114112635;-0,25177874039472126;9,033087298577623e-07
313;0,16011814482955927;0,07801250894430135;-0,16011268918889626;-0,07800874744071515;5,455640663010186e-06;3,761503586205417e-06;0,010401078994026721;0,010401078994026721;0,010401078994026721;0,9886746227458739;-0,23000033571847794;0,9886382533540174;-0,2303194404303337;1,040107899402672e-06
314;0,13211470324451852;0,06401075192363287;-0,1320988098962822;-0,06399979399270113;1,5893348236317717e-05;1,0957930931740356e-05;0,008513112719384484;0,008513112719384486;0,008513112719384486;0,995615077602563;-0,0382324533878607;0,9954856731044951;-0,03937672372363936;8,513112719384486e-07
315;0,12200754951265133;0,05900520448849263;-0,12200000000004572;-0,05899999999982245;7,549512605606323e-06;5,204488670175478e-06;0,007911007448031476;0,007911007448031476;0,007911007448031476;0,9890815182406623;-0,2199526738752949;0,989015380692793;-0,22054392545268903;7,911007448031476e-07
316;0,13111752149776282;0,06401207898324554;-0,1311023875460635;-0,06400164538198759;1,5133951699330961e-05;1,0433601257950342e-05;0,008522743524490254;0,008522743524490254;0,008522743524490254;0,9884191735362832;-0,2300317301521388;0,9882960375899986;-0,23110642068773532;8,522743524490254e-07
317;0,13100238754649732;0,06400164538331095;-0,1310000000014486;-0,06400000000130837;2,3875450487209626e-06;1,6453820025769117e-06;0,00851749419399783;0,008517494193997827;0,00851749419399783;0,9882960375899986;-0,23110642068773532;0,988276600618363;-0,2312755315792096;8,51749419399783e-07
318;0,15203329302734783;0,07302295458201427;-0,15201043615618148;-0,0730071950340403;2,2856871166349046e-05;1,575954797397583e-05;0,009846723673864227;0,009846723673864225;0,009846723673864227;0,9889215567978238;-0,09880865914566019;0,9887607439628544;-0,10027299033501545;9,846723673864227e-07
319;0,12912253609415375;0,06301553773646186;-0,129107647804591;-0,06300527346201316;1,4888289562753343e-05;1,026427444869582e-05;0,008323078436938774;0,008323078436938773;0,008323078436938774;0,9966621593166022;-0,02947699516420198;0,9965381187045662;-0,030551669890188805;8,323078436938774e-07
320;0,1284370100500626;0,062025516411736974;-0,12842570205936588;-0,06201772027029812;1,1307990696735049e-05;7,7961414388511e-06;0,00826422051267943;0,008264220512679431;0,008264220512679431;0,9964314646058464;-0,03154317902629212;0,9963366412383826;-0,03238799613841313;8,264220512679431e-07
321;-0,04010058622284528;-0,0190004042186992;0,040102041725296175;0,019001407805438176;1,455502450897761e-06;1,0035867389762698e-06;0,002589205714558011;0,0025892057145580115;0,0025892057145580115;0,9894723336463713;-0,0938844221550496;0,9895112453113619;-0,0935181154872516;2,5892057145580113e-07
322;0,1260231337564613;0,06101594994976369;-0,1260000000000625;-0,0610000000000715;2,3133756398785454e-05;1,5949949692194154e-05;0,008119770827497692;0,008119770827497692;0,008119770827497692;0,9955808797358315;-0,038631154659761975;0,9953834076255699;-0,04038074387626264;8,119770827497693e-07
323;0,12601242989642403;0,06101049409287787;-0,1260000000000961;-0,06100000000007641;1,2429896327936785e-05;1,0494092801460742e-05;0,008160337528688276;0,008160337528688276;0,008160337528688276;0,990546661273741;-0,09118363540400568;0,9904351538157997;-0,09283251105583698;8,160337528688277e-07
324;0,1260112446883107;0,06100775384778855;-0,12600000000007228;-0,060999999999818706;1,1244688238432055e-05;7,75384796984635e-06;0,008187088797368814;0,008187088797368814;0,008187088797368814;0,9872941118338917;-0,1128499396888634;0,9871989122684242;-0,11370082688292103;8,187088797368814e-07
325;0,0;0,0;0,0;0,0;0,0;0,0;;;;;;;;
326;-0,199121803113856;-0,09601595562764836;0,1991683509293222;0,09604804878632818;4,654781546620246e-05;3,2093158679816214e-05;0,012777875725555141;0,012777875725555141;0,012777875725555141;0,9988389439204739;-0,009918833557780872;0,999091372879001;-0,007666998046334869;1,2777875725555142e-06
327;0,03800049422863375;0,018000740725633006;-0,03799960280234012;-0,017999988236905066;8,914262936282613e-07;7,524887279397596e-07;0,002446125499913352;0,0024461254999133524;0,0024461254999133524;0,9924523316670507;-0,06670307217271049;0,9924257138333322;-0,06710973255453158;2,4461254999133523e-07
328;0,8869932647058413;0,42798613425390375;-0,8859630587734287;-0,4272758752959725;0,0010302059324125423;0,0007102589579312535;0,056917846910221156;0,056917846910221156;0,056917846910221156;0,9989894978306663;-0,008528239992469617;0,997735264284319;-0,01971170109037103;5,691784691022116e-06
329;0,12201033818939101;0,059007127185010944;-0,12200000000008022;-0,0589999999999672;1,0338189310787893e-05;7,12718504374682e-06;0,007927796433687885;0,007927796433687885;0,007927796433687885;0,9870112832432859;-0,27076696930783334;0,9869209065001373;-0,27157669029449694;7,927796433687884e-07
330;0,1150074674585589;0,05600514911931366;-0,11500000000016818;-0,05600000000027767;7,467458390725268e-06;5,1491190359923e-06;0,0074110685048659215;0,0074110685048659215;0,0074110685048659215;0,9965381187045662;-0,030551669890188805;0,9964682539036976;-0,031160868982125833;7,411068504865922e-07
331;0,122015786248384;0,05901088344187918;-0,12200000000001049;-0,059000000000036315;1,5786248373506062e-05;1,0883441842864106e-05;0,007911490568545875;0,007911490568545874;0,007911490568545875;0,9890932752376892;-0,21984500000140964;0,9889549858011119;-0,22108150260461817;7,911490568545876e-07
332;-0,45149684531706635;-0,21827561594339692;0,45169916553424544;0,2184151089522318;0,0002023202171790861;0,00013949300883486782;0,028960361778157997;0,028960361778157997;0,028960361778157997;0,9997672315773924;-0,0015518555167778232;1,0002514076901523;0,0027334699332750385;2,8960361778157996e-06
333;0,10932540911448496;0,05301751829486376;-0,10931584217353614;-0,05301092271222612;9,566940948821379e-06;6,595582637637654e-06;0,007040753562663126;0,007040753562663126;0,007040753562663126;0,9963366412383826;-0,03238799613841313;0,996242453995834;-0,03321803759414093;7,040753562663125e-07
334;0,1940214327169315;0,0940196973673384;-0,19399798552352077;-0,09399990464990428;2,344719341074164e-05;1,9792717434116702e-05;0,012545311460779193;0,01254531146077919;0,012545311460779193;0,9922240824173518;-0,06870863595595775;0,9920872549673704;-0,0707250794203914;1,2545311460779193e-06
335;-0,021100000022809057;-0,010000000015797043;0,021100586223077145;0,010000404218869986;5,862002680871725e-07;4,0420307294286584e-07;0,0013624817575412142;0,0013624817575412145;0,0013624817575412145;0,9894425513495567;-0,0941646536874298;0,9894723336463713;-0,0938844221550496;1,3624817575412144e-07
336;-0,18603224867311685;-0,08902223232132114;0,18612296677856816;0,08908477791346396;9,071810545130399e-05;6,254559214281807e-05;0,012047585820560104;0,012047585820560106;0,012047585820560106;0,9883303323601623;-0,10421327729251745;0,988851873107657;-0,09942074156982748;1,2047585820560105e-06
337;0,10310458061604985;0,05000395392000674;-0,10309989088590164;-0,04999999474411271;4,689730148207949e-06;3,959175894033273e-06;0,006678351729164677;0,006678351729164677;0,006678351729164677;0,9906452404695892;-0,09292048753581499;0,9905938252530041;-0,0936784699789295;6,678351729164677e-07
338;0,10100462851090419;0,049003191630779507;-0,1010000000002428;-0,0490000000000331;4,628510661394691e-06;3,1916307464061044e-06;0,006562921597701538;0,006562921597701538;0,006562921597701538;0,9876052585089651;-0,23952381854500873;0,9875563689168808;-0,23995825600750426;6,562921597701538e-07
339;0,1010007106646953;0,04900049020335885;-0,10099999999917202;-0,04899999999976796;7,106655232902437e-07;4,902035908929681e-07;0,006574787440192969;0,0065747874401929675;0,006574787440192969;0,9857815709269293;-0,2556146898406773;0,985774077322837;-0,25568146902368;6,574787440192969e-07
340;0,0;0,0;0,0;0,0;0,0;0,0;;;;;;;;
341;0,09921576713412794;0,04801087097343537;-0,09920749002093063;-0,04800516439228692;8,277113197313613e-06;5,706581148449963e-06;0,006387651838781151;0,00638765183878115;0,006387651838781151;0,996242453995834;-0,03321803759414093;0,9961526442576287;-0,034014157192134256;6,387651838781151e-07
342;0,0051000552073711125;0,0020000380629339753;-0,005100038965626291;-0,002000026865323489;1,6241744821461623e-08;1,1197610486415877e-08;0,0003196081014321582;0,0003196081014321583;0,0003196081014321583;0,9896001838615719;-0,09248734336160173;0,989596713932105;-0,09253435572894617;3,196081014321583e-08
343;-0,24401938189259018;-0,11801448919840633;0,24408942569636333;0,11806278205353862;7,0043803773151e-05;4,829285513228976e-05;0,015674506249819316;0,015674506249819316;0,015674506249819316;0,9984102487298501;-0,013400861274320244;0,9987199569432751;-0,010658134742185308;1,5674506249819317e-06
344;0,0;0,0;0,0;0,0;0,0;0,0;;;;;;;;
345;-0,42524146763065995;-0,2061684271999765;0,425478584586922;0,20633190368265228;0,0002371169562620512;0,00016347648267578396;0,02730660736626582;0,027306607366265823;0,027306607366265823;0,9991960934135408;-0,006490205089951792;0,9997980053941101;-0,0012006138949513842;2,7306607366265823e-06
346;0,04900273723896435;0,024002107732569323;-0,04899956324630102;-0,02399991947423124;3,173992663335623e-06;2,188258338083754e-06;0,0031592893194876803;0,0031592893194876803;0,0031592893194876803;0,9971634144400133;-0,024472703193612038;0,9970937331954649;-0,02507022776298796;3,1592893194876805e-07
347;-9,999999994618315e-05;8,146734996229557e-14;0,0001000000226081729;1,554270080087685e-11;2,2661989743533867e-11;1,5624168150839146e-11;5,8351078486618435e-06;5,8351078486618435e-06;5,8351078486618435e-06;0,989442327122226;-0,09417360567435096;0,9894425513495567;-0,0941646536874298;5,835107848661844e-10
348;0,0;0,0;0,0;0,0;0,0;0,0;;;;;;;;
349;0,0;0,0;0,0;0,0;0,0;0,0;;;;;;;;
350;-0,7304107284744389;-0,3532831773899522;0,7306078831373986;0,35341910892228007;0,00019715466295966433;0,00013593153232788202;0,04740828173831109;0,04740828173831108;0,04740828173831109;0,9880979531285412;-0,10566109166121601;0,9883861785758483;-0,10308261757236689;4,740828173831109e-06
351;0,08601036496889122;0,04100714613834263;-0,08600000000011462;-0,04100000000002035;1,0364968776599426e-05;7,146138322283724e-06;0,005567047049120043;0,005567047049120043;0,005567047049120043;0,988194226893772;-0,10547594497175332;0,9880653026084817;-0,10667260705754893;5,567047049120043e-07
352;0,07510609632440039;0,0360042033983741;-0,07510096047609295;-0,03600066216816074;5,135848307441515e-06;3,5412302133649987e-06;0,004863693292886037;0,004863693292886037;0,004863693292886037;0,9887037651342059;-0,10074768211340904;0,9886306185404288;-0,10141718605640068;4,863693292886037e-07
353;-0,18201952948718955;-0,08801396452078052;0,18203776931865565;0,08802654027325507;1,8239831466093648e-05;1,2575752474555668e-05;0,01177376788328119;0,01177376788328119;0,01177376788328119;0,9914399686287289;-0,0761842742497214;0,9915473370315916;-0,07522611260591597;1,177376788328119e-06
354;-0,18213776891439012;-0,08802654031817428;0,1821423350149738;0,08802968705658933;4,566100583663912e-06;3,146738415046868e-06;0,011779010146343367;0,011779010146343364;0,011779010146343367;0,9915473370315916;-0,07522611260591597;0,9915741994185968;-0,07498642055157902;1,1779010146343367e-06
355;0,08100874936456867;0,03900603210902557;-0,08099999999999438;-0,03899999999993982;8,749364574289764e-06;6,0321090857504145e-06;0,005245352712296792;0,005245352712296793;0,005245352712296793;0,989634484693059;-0,10080931485179649;0,9895189120027493;-0,10185398384110807;5,245352712296793e-07
356;0,08100600156010687;0,039004138295624546;-0,08099999999996198;-0,03899999999999322;6,00156014489428e-06;4,138295631325728e-06;0,005244627649755868;0,005244627649755867;0,005244627649755868;0,9897350017039497;-0,1025426811749879;0,9896557116278506;-0,1032596440486815;5,244627649755868e-07
357;0,08100506925812859;0,039003494802373945;-0,08100000000012149;-0,0390000000001045;5,069258007098232e-06;3,494802269445041e-06;0,0052146593846607225;0,0052146593846607225;0,0052146593846607225;0,9954105451470676;-0,04090908291150547;0,9953431904337176;-0,04151431225620614;5,214659384660723e-07
358;0,07900080249818534;0,03800067764818203;-0,07899999999869797;-0,03799999999939768;8,024994873623292e-07;6,776487843501711e-07;0,005116067980159351;0,0051160679801593514;0,0051160679801593514;0,9893046260991022;-0,22282597561132303;0,9892931500220691;-0,22299774370742384;5,116067980159351e-07
359;-0,13810029972044627;-0,06700020668813841;0,1381177472241609;0,06701223695531211;1,744750371462933e-05;1,2030267173696041e-05;0,008964513716331992;0,008964513716331992;0,008964513716331992;0,988568846353456;-0,10194494722074957;0,9887037651342059;-0,10074768211340904;8,964513716331993e-07
360;0,055002008342196575;0,02700163563725629;-0,05499950086273281;-0,02699990681420604;2,5074794637661157e-06;1,7288230502489343e-06;0,0035643317719761796;0,003564331771976181;0,003564331771976181;0,992490303467788;-0,06633369221904249;0,9924415032559953;-0,06675160927970553;3,564331771976181e-07
361;-0,39727497603428746;-0,1911224865389403;0,3976127234325959;0,19135535540350757;0,00033774739830844114;0,00023286886456727607;0,025465253876976828;0,025465253876976825;0,025465253876976828;0,9995153255621974;-0,0038776887288239407;1,0004342639801753;0,00435787335201465;2,546525387697683e-06
362;0,6825504353031346;0,33100315731357904;-0,6820439008405467;-0,3306539187784978;0,0005065344625879709;0,00034923853508123104;0,04387271998987479;0,0438727199898748;0,0438727199898748;0,9982611087563258;-0,014817487192163555;0,997460800685482;-0,021863498351515895;4,387271998987479e-06
363;0,6819438965371095;0,3306539261091941;-0,6812686776001364;-0,3301883852826079;0,0006752189369730877;0,0004655408265861749;0,04386751161742244;0,043867511617422444;0,043867511617422444;0,997460800685482;-0,021863498351515895;0,9963938640103648;-0,03127113602179579;4,386751161742244e-06
364;-0,5150351349290747;-0,2490280618451432;0,5153646424469801;0,24925523472505268;0,0003295075179053919;0,00022717287990947632;0,0333607236017955;0,03336072360179551;0,03336072360179551;0,9900590544269919;-0,08754975868307627;0,9907435918279502;-0,08143614415058409;3,3360723601795513e-06
365;0,07100693317685239;0,034004780193181205;-0,07099999999984855;-0,03400000000000754;6,933177003842772e-06;4,780193173667402e-06;0,004590935577656007;0,004590935577656009;0,004590935577656009;0,9900903048442264;-0,08831582024272794;0,9899857016798166;-0,0892741838718813;4,590935577656009e-07
366;-0,27100703091188755;-0,13100605850088382;0,27108010952928785;0,13105644375829795;7,307861740030175e-05;5,038525741413169e-05;0,017405219422472144;0,017405219422472147;0,017405219422472147;0,9984853559448469;-0,01291134738702234;0,9987763442118504;-0,0103314592818389;1,7405219422472147e-06
367;-0,27118010913610135;-0,13105644329426666;0,27127483806064395;0,13112175414538169;9,472892454259751e-05;6,531085111502466e-05;0,01741042384908923;0,017410423849089227;0,01741042384908923;0,9987763442118504;-0,0103314592818389;0,9991534203800158;-0,006987630743925373;1,741042384908923e-06
368;0,06810711161251744;0,03300490349469879;-0,068102069567403;-0,033001426879046336;5,042045114436733e-06;3,476615652454884e-06;0,004386430792569674;0,004386430792569675;0,004386430792569675;0,9961526442576287;-0,034014157192134256;0,996072967371829;-0,0347181197378869;4,386430792569675e-07
369;0,06800412715013501;0,033002845440511276;-0,06800000000019758;-0,032999999999915534;4,12714993743013e-06;2,845440595741766e-06;0,004371175543974131;0,004371175543974132;0,004371175543974132;0,9983934160016786;-0,01417297091987416;0,9983279653157454;-0,014747535931424976;4,371175543974132e-07
370;-0,05899999999990078;-0,029000000000043845;0,05900304598223639;0,029002099951580627;3,04598233561576e-06;2,0999515367818578e-06;0,003823551444314018;0,003823551444314018;0,003823551444314018;0,9926926723215067;-0,06398123625195651;0,9927479368911858;-0,06350980316887844;3,8235514443140177e-07
371;-0,4281558268598413;-0,20710947939349042;0,42840074642349346;0,20727833525869505;0,0002449195636521351;0,0001688558652046257;0,027752248685142665;0,027752248685142665;0,027752248685142665;0,9894612084016584;-0,09276309631226815;0,9900728596998801;-0,08730276973215981;2,7752248685142664e-06
372;-0,3150985577401347;-0,15206944999176197;0,31516681073449776;0,15211650385254846;6,825299436308274e-05;4,705386078648899e-05;0,020370003533943578;0,020370003533943585;0,020370003533943585;0,9916551075590013;-0,07327695041323962;0,9918872965916753;-0,07119580131264569;2,0370003533943583e-06
373;0,08501043615596351;0,04100719503376137;-0,0850042080777699;-0,04100290144130368;6,228078193615261e-06;4,29359245768951e-06;0,005511212305460596;0,005511212305460597;0,005511212305460597;0,9887607439628544;-0,10027299033501545;0,9886824366980452;-0,1009779853719678;5,511212305460596e-07
374;-0,9650871607958595;-0,4659298472505572;0,9666107320500408;0,46698029856670936;0,001523571254181233;0,0010504513161521678;0,06212634679797062;0,06212634679797063;0,06212634679797063;0,9959235508282467;-0,03561964269460943;0,9976230667271259;-0,02048446176321283;6,212634679797064e-06
375;0,06200477334069595;0,030004029774386223;-0,062000000000047066;-0,03000000000014392;4,773340648883684e-06;4,029774242304829e-06;0,004002709722633259;0,004002709722633259;0,004002709722633259;0,9935638352421177;-0,056510188753290155;0,9934765413345492;-0,05779809272656768;4,002709722633259e-07
376;1,0892538235855598;0,526424231809905;-1,088609651879025;-0,5259800970081354;0,0006441717065348573;0,0004441348017696356;0,06996903461059703;0,06996903461059704;0,06996903461059704;0,9982611087563258;-0,014817487192163555;0,9976230667271259;-0,02048446176321283;6,9969034610597044e-06
377;0,06000073243690696;0,029000504914309402;-0,059999999999319494;-0,028999999999887394;7,324375874695477e-07;5,049144220087287e-07;0,0038524918907803032;0,0038524918907803032;0,0038524918907803032;0,9987200195102482;-0,032146398352688475;0,9987068438700155;-0,03226320969853229;3,852491890780304e-07
378;-0,24601124468842536;-0,11900775384776008;0,24606585107424822;0,11904540444126839;5,460638582285848e-05;3,7650593508312125e-05;0,01598113829992507;0,01598113829992507;0,01598113829992507;0,9872941118338917;-0,1128499396888634;0,9875309341635868;-0,11073007160503368;1,598113829992507e-06
379;0,06800264965064665;0,03300182704271973;-0,06800000000006982;-0,03299999999990143;2,6496505768219825e-06;1,8270428183003729e-06;0,004414573221553124;0,0044145732215531246;0,0044145732215531246;0,9885554615478838;-0,10202978427323191;0,988513853511612;-0,10239884103835555;4,4145732215531245e-07
380;0,05600220085123735;0,02700151748003264;-0,055999999999929564;-0,026999999999854665;2,2008513077889647e-06;1,5174801779767322e-06;0,003598609868400115;0,003598609868400114;0,003598609868400115;0,9974653257141396;-0,0223857807919599;0,9974229462783103;-0,022764612167607265;3,598609868400115e-07
381;0,05600055077496399;0,027000379937845903;-0,05600000000074993;-0,02700000000026526;5,507742140628547e-07;3,799375806433358e-07;0,003589374227681656;0,0035893742276816563;0,0035893742276816563;0,9999999999978999;8,452401816857307e-20;0,9999893657834399;-9,49573051840923e-05;3,5893742276816563e-07
382;0,0531036895869625;0,02600254391138066;-0,05310133424257221;-0,026000919924487553;2,3553443902896154e-06;1,6239868931081092e-06;0,0034259891499975026;0,003425989149997503;0,003425989149997503;0,9964314646058464;-0,03154317902629212;0,9963837810395106;-0,03195282069328474;3,425989149997503e-07
383;-0,393273790765424;-0,1901215725929244;0,39349734105688894;0,19027570302643781;0,00022355029146492456;0,00015413043351342193;0,025241102071202483;0,025241102071202483;0,025241102071202483;0,9991534203800158;-0,006987630743925373;0,9997672315773924;-0,0015518555167778232;2,524110207120248e-06
384;0,05199977139171978;0,02500009175790924;-0,05199952435417692;-0,02499992143380309;2,470375428595406e-07;1,7032410615236415e-07;0,003356310747854668;0,0033563107478546683;0,0033563107478546683;0,9925053466109716;-0,06581577833877061;0,9925002472050982;-0,06586191929899776;3,3563107478546686e-07
385;-0,0711041782652836;-0,03400322573100503;0,07110694447908116;0,03400513294270677;2,7662137975503764e-06;1,9072117017349122e-06;0,0045850906945205504;0,00458509069452055;0,0045850906945205504;0,9924485190434228;-0,0667169119042808;0,992490303467788;-0,06633369221904249;4,585090694520551e-07
386;0,0;0,0;0,0;0,0;0,0;0,0;;;;;;;;
387;-0,07099934939794454;-0,03399989505703105;0,07100417951266841;0,03400322504232531;4,83011472386663e-06;3,329985294259208e-06;0,004579843235381825;0,004579843235381824;0,004579843235381825;0,9923754701681894;-0,06738444648125154;0,9924485190434228;-0,0667169119042808;4,579843235381825e-07
388;-9,999999999432965e-05;7,152242188653284e-16;0,0001000000129344838;8,921094362545693e-12;1,2940154142985182e-11;8,921809586764559e-12;5,840264398342951e-06;5,840264398342951e-06;5,840264398342951e-06;0,988568718431136;-0,10195005904043783;0,988568846353456;-0,10194494722074957;5,840264398342951e-10
389;0,0;0,0;0,0;0,0;0,0;0,0;;;;;;;;
390;0,050001822515076975;0,02400125640501176;-0,050000000000103864;-0,024000000000042196;1,822514973111311e-06;1,2564049695629187e-06;0,0032129331653178005;0,0032129331653177997;0,0032129331653178005;0,9966621593166022;-0,02947699516420198;0,9966228647945814;-0,029832376835151046;3,2129331653178004e-07
391;-0,9986594282825957;-0,4824611386672408;1,00049093395;0,4837239004406632;0,0018315056674044206;0,0012627617734224383;0,06462042645546096;0,06462042645546097;0,06462042645546097;0,9909183974499672;-0,0798726689447537;0,992882642991515;-0,06232690450740112;6,462042645546097e-06
392;-0,27616766583772095;-0,13304793484190955;0,27627605075513423;0,13312266423254857;0,00010838491741327339;7,472939063901674e-05;0,01771452639638405;0,017714526396384045;0,01771452639638405;0,999091372879001;-0,007666998046334869;0,9995153255621974;-0,0038776887288239407;1,7714526396384046e-06
393;0,9647620784211426;0,4655273821347693;-0,9639859325168131;-0,46499227533116316;0,000776145904329506;0,0005351068036061335;0,061854809609286666;0,06185480960928669;0,06185480960928669;0,9998590122838689;-0,0007853997078076427;0,9989894978306663;-0,008528239992469617;6,185480960928668e-06
394;0,0450007471916929;0,022000515163787173;-0,04499999999980733;-0,022000000000024757;7,471918855653237e-07;5,151637624163652e-07;0,0029185474729807393;0,0029185474729807393;0,0029185474729807393;0,9909020414994839;-0,10446685263977223;0,9908842864459548;-0,1046208599267837;2,9185474729807394e-07
395;0,045000140321892645;0,022000096791815103;-0,04500000000064879;-0,02200000000088413;1,4032124385360278e-07;9,67909309750048e-08;0,0029215330676719974;0,0029215330676719974;0,0029215330676719974;0,9898750060070395;-0,10077182403238338;0,9898716746660084;-0,10080079209022534;2,9215330676719973e-07
396;0,0520042080779957;0,02500290144145301;-0,05200000000010607;-0,02500000000001997;4,208077889630846e-06;2,901441433039026e-06;0,0033695930911244463;0,0033695930911244454;0,0033695930911244463;0,9886824366980452;-0,1009779853719678;0,9885959140948727;-0,10176399965386876;3,3695930911244463e-07
397;0,04300029970932845;0,021000206679517266;-0,04300000000106236;-0,021000000000322035;2,997082660868844e-07;2,0667919523043032e-07;0,0027948175451545823;0,0027948175451545823;0,0027948175451545823;0,988568846353456;-0,10194494722074957;0,9885614093843847;-0,10200983187122924;2,7948175451545827e-07
398;0,041000803081541526;0,02000055373141575;-0,04100000000022929;-0,019999999999918663;8,03081312235332e-07;5,537314970889551e-07;0,0026664696345455215;0,002666469634545521;0,0026664696345455215;0,9877520804527731;-0,23821611853241773;0,9877311957170699;-0,2383989701166876;2,6664696345455215e-07
399;-0,04100000000020882;-0,019999999999981716;0,04100099538552902;0,020000686212588818;9,953853201960516e-07;6,862126071018049e-07;0,002642389119630578;0,0026423891196305773;0,002642389119630578;0,9967325481727894;-0,028856173202760828;0,9967586687282096;-0,028629666414499363;2,642389119630578e-07
400;0,0;0,0;0,0;0,0;0,0;0,0;;;;;;;;
401;0,04000137277636936;0,01900094641524971;-0,03999999999991365;-0,019000000000034455;1,3727764557047717e-06;9,464152152562078e-07;0,002566865770429682;0,002566865770429682;0,002566865770429682;0,996072967371829;-0,0347181197378869;0,9960359433887835;-0,03506211116066711;2,566865770429682e-07
402;0,0001000000083428854;5,8996242108746946e-12;-9,999999981658596e-05;-2,0335063120611106e-14;8,52629944458113e-12;5,8792891477540835e-12;5,840082352991471e-06;5,8400823529914696e-06;5,840082352991471e-06;0,9885996163419877;-0,10169484106192059;0,9885995320510297;-0,10169820964618559;5,840082352991471e-10
403;0,0;0,0;0,0;0,0;0,0;0,0;;;;;;;;
404;0,0;0,0;0,0;0,0;0,0;0,0;;;;;;;;
405;0,0371006817498586;0,01800046996405406;-0,037100242563438;-0,018000167218901294;4,391864205990914e-07;3,027451527665148e-07;0,002391821037506141;0,0023918210375061416;0,0023918210375061416;0,9953965629424419;-0,09979909026674853;0,9953838350047159;-0,09991117422593665;2,391821037506142e-07
406;0,034001005528672024;0,017000693302552154;-0,03399999999987791;-0,01700000000005557;1,0055287941110325e-06;6,933024965828649e-07;0,002202725928412279;0,002202725928412279;0,002202725928412279;0,9963837810395106;-0,03195282069328474;0,9963520810906916;-0,03220968379007911;2,2027259284122792e-07
407;0,03400008101755226;0,017000055885441668;-0,03400000000061686;-0,01700000000149718;8,101693539652732e-08;5,5883944489326653e-08;0,002219918339281002;0,0022199183392810026;0,0022199183392810026;0,9886382533540174;-0,2303194404303337;0,9886357187500006;-0,23034016861079082;2,2199183392810027e-07
408;0,03310096047609772;0,01600066216823232;-0,033100000008382105;-0,016000000005608507;9,604677156174746e-07;6,62162623812218e-07;0,0021470622359139966;0,002147062235913997;0,002147062235913997;0,9886306185404288;-0,10141718605640068;0,9885996163419877;-0,10169484106192059;2,1470622359139968e-07
409;0,031000196914176235;0,01500013574544267;-0,031000000000724046;-0,015000000000850097;1,9691345218980638e-07;1,3574459257342797e-07;0,001997533698114587;0,0019975336981145867;0,001997533698114587;0,9953838350047159;-0,09991117422593665;0,9953770029194514;-0,0999717730625505;1,9975336981145872e-07
410;-0,463400427439714;-0,2242782741825976;0,4638154913097113;0,22456444680979148;0,0004150638699972897;0,00028617262719388137;0,030021231421868386;0,030021231421868383;0,030021231421868386;0,9900728596998801;-0,08730276973215981;0,9910311255490762;-0,07876711906608665;3,0021231421868384e-06
411;0,029103700704296617;0,014002551468121714;-0,029101465530846953;-0,014001010408960042;2,2351734496640907e-06;1,5410591616710906e-06;0,0018666840862444827;0,0018666840862444824;0,0018666840862444827;0,9989203551887345;-0,009511029741319338;0,9988373936097027;-0,010255504658156184;1,866684086244483e-07
412;0,029000061762405584;0,014000052142414255;-0,028999999999839935;-0,014000000003810029;6,176256564863203e-08;5,213860422570438e-08;0,0018775677342139023;0,0018775677342139025;0,0018775677342139025;0,9902256991650209;-0,09591947066039047;0,990223291829008;-0,09595523726230543;1,8775677342139026e-07
413;-0,12600000000009354;-0,060999999999868486;0,1260086534391248;0,06100596692026702;8,653439031253152e-06;5,966920398531306e-06;0,008177941746542634;0,008177941746542633;0,008177941746542634;0,9883030970264342;-0,11613070049406263;0,9883764401779475;-0,11547592124623439;8,177941746542635e-07
414;-0,12610865343910702;-0,06100596692178783;0,126109754339738;0,061006726302150115;1,1009006309903313e-06;7,593803622862882e-07;0,008183199776270748;0,008183199776270748;0,008183199776270748;0,9883764401779475;-0,11547592124623439;0,9883857653504433;-0,11539241543717131;8,183199776270748e-07
415;0,028000696791088138;0,014000480463854735;-0,028000000000177314;-0,014000000000147585;6,967909108243631e-07;4,804637071496864e-07;0,0018145664776672336;0,0018145664776672333;0,0018145664776672336;0,996072967371829;-0,0347181197378869;0,9960463011344939;-0,03493431261944596;1,8145664776672334e-07
416;0,026000236687874056;0,013000163203760576;-0,02599999999942755;-0,013000000000125439;2,3668844650534537e-07;1,6320363513747105e-07;0,0016965762552836985;0,0016965762552836987;0,0016965762552836987;0,9892330006055283;-0,10666607787362688;0,9892233125999891;-0,106745161867487;1,6965762552836987e-07
417;1,0350958466762348;0,4997635998698195;-1,0347578981942893;-0,49953064124451574;0,00033794848194546034;0,00023295862530375855;0,06634825110912775;0,06634825110912775;0,06634825110912775;1,0002119752945964;0,0023485373932847636;0,9998590122838689;-0,0007853997078076427;6,634825110912775e-06
418;0,024001450976147278;0,012001000374452673;-0,023999999999997624;-0,011999999999909859;1,4509761496542262e-06;1,0003745428144306e-06;0,001551097411954465;0,0015510974119544653;0,0015510974119544653;0,9988373936097027;-0,010255504658156184;0,9987724346264306;-0,01078046499740023;1,5510974119544653e-07
419;0,024000820254368043;0,012000565525973655;-0,02399999999997384;-0,012000000000004849;8,202543942022189e-07;5,655259688059494e-07;0,0015509247459296364;0,0015509247459296364;0,0015509247459296364;0,9989203551887345;-0,009511029741319338;0,9988836289752684;-0,00980780862157973;1,5509247459296364e-07
420;0,024000357505317194;0,012000246437878647;-0,024000000000133928;-0,012000000000108793;3,5750518326618796e-07;2,4643776985397436e-07;0,001571563324646091;0,001571563324646091;0,001571563324646091;0,9857815709269293;-0,2556146898406773;0,9857657748799676;-0,2557439569375374;1,571563324646091e-07
421;0,24111508271945506;0,11608263502966923;-0,2410365672965623;-0,11602850002189843;7,851542289274982e-05;5,413500777079472e-05;0,01557999076781731;0,015579990767817303;0,01557999076781731;0,9916628663706284;-0,07416760961844125;0,9913136906204648;-0,07731986608643085;1,557999076781731e-06
422;0,023000133740649006;0,011000092221001276;-0,023000000000465152;-0,011000000000158085;1,3374018385456377e-07;9,222084319110424e-08;0,0014892660933336038;0,0014892660933336036;0,0014892660933336038;0,9883857653504433;-0,11539241543717131;0,988379545472142;-0,11544970533558166;1,4892660933336038e-07
423;0,02300006065630271;0,011000041809526762;-0,022999999998447655;-0,010999999999407852;6,065785505479648e-08;4,181011891042641e-08;0,0014873384294385066;0,0014873384294385066;0,0014873384294385066;0,9896633583864707;-0,09185376809183209;0,9896605339835524;-0,09187971827496662;1,4873384294385066e-07
424;0,022000616611524023;0,010000425122751065;-0,02200000000015385;-0,010000000000080372;6,166113701716602e-07;4,2512267069312604e-07;0,0014046683756593328;0,0014046683756593328;0,0014046683756593328;0,9933109899768547;-0,0594692422236936;0,9932806869466212;-0,05978186603311765;1,4046683756593329e-07
425;0,02130053581669077;0,010000369445997855;-0,021300127655038362;-0,010000088032218355;4,081616524070908e-07;2,814137794997923e-07;0,0013642588630326333;0,0013642588630326333;0,0013642588630326333;0,9958358991591698;-0,08444115588348772;0,9958152021025716;-0,08463905417090974;1,3642588630326336e-07
426;0,02100026926554798;0,010000289375523927;-0,020999805655714587;-0,009999969751092578;4,636098333947458e-07;3,1962443134900265e-07;0,0013557985603775702;0,0013557985603775704;0,0013557985603775704;0,9904890962667622;-0,08423829562032654;0,9904654199971705;-0,08445815368086218;1,3557985603775703e-07
427;0,021000127607314203;0,010000087999342338;-0,020999999999961712;-0,009999999999915417;1,2760735249028876e-07;8,799942692074014e-08;0,0013485346529648048;0,0013485346529648046;0,0013485346529648048;0,9958152021025716;-0,08463905417090974;0,9958086497387658;-0,08469962361281064;1,348534652964805e-07
428;0,021000063853624882;0,01000005897790651;-0,020999993751938652;-0,009999999786988569;7,010168623020063e-08;5,9190917941348564e-08;0,0013485033855034502;0,0013485033855034502;0,0013485033855034502;0,9958352932414752;-0,036945091141808946;0,9958314939042431;-0,037002491796846435;1,3485033855034502e-07
429;0,020999876267332997;0,010000018424566359;-0,02099980576623393;-0,009999969806920247;7,050109906633906e-08;4,861764611209518e-08;0,0013555078721568868;0,0013555078721568868;0,0013555078721568868;0,990681431701503;-0,08192830960610627;0,9906778302555507;-0,08196177163675106;1,3555078721568867e-07
430;0,021000080959268336;0,010000055818040823;-0,02100000000011814;-0,00999999999942017;8,095915019629141e-08;5,581862065270893e-08;0,0013586220436825316;0,0013586220436825314;0,0013586220436825316;0,9884191735362832;-0,2300317301521388;0,9884150475365531;-0,2300701318824584;1,3586220436825316e-07
431;0,020999856545364137;0,010000004503771386;-0,020999806214077123;-0,009999969811527601;5,033128701315004e-08;3,4692243784315013e-08;0,001354831522391551;0,0013548315223915505;0,001354831522391551;0,9911749790956226;-0,0776332744930998;0,9911724070098248;-0,07765712712867678;1,3548315223915509e-07
432;0,0;0,0;0,0;0,0;0,0;0,0;;;;;;;;
433;-0,649065851074315;-0,31404540444132306;0,6494107284743345;0,31428317738986017;0,0003448774000194277;0,00023777294853710718;0,0421553951864657;0,0421553951864657;0,0421553951864657;0,9875309341635868;-0,11073007160503368;0,9880979531285412;-0,10566109166121601;4,21553951864657e-06
434;0,01900032871377574;0,009000226622629228;-0,018999999999837196;-0,009000000000125206;3,2871393854452813e-07;2,266225040212927e-07;0,001218237596819453;0,0012182375968194526;0,001218237596819453;0,9963837810395106;-0,03195282069328474;0,9963651044474365;-0,032127479082998484;1,2182375968194532e-07
435;0,019000292943902;0,009000201974955347;-0,01900000000000058;-0,008999999999953547;2,929439014212609e-07;2,0197500179980343e-07;0,001218292750787182;0,0012182927507871817;0,001218292750787182;0,9963366412383826;-0,03238799613841313;0,9963199974856662;-0,03254368119731227;1,2182927507871818e-07
436;0,018100412164972983;0,00900028413844116;-0,018100166422875753;-0,009000114728808456;2,457420972303004e-07;1,6940963270400955e-07;0,0011797932829493644;0,0011797932829493646;0,0011797932829493646;0,9892330006055283;-0,10666607787362688;0,9892185414177688;-0,10678591175115888;1,1797932829493646e-07
437;0,018000166423236087;0,009000114728895614;-0,01800000000027711;-0,00900000000011116;1,6642295897623116e-07;1,1472878445363544e-07;0,0011745701395208387;0,0011745701395208387;0,0011745701395208387;0,9892185414177688;-0,10678591175115888;0,9892087026436717;-0,10686616911095649;1,1745701395208386e-07
438;0,01800001506235832;0,00900001036984409;-0,01800000000284837;-0,009000000001001174;1,505950995156491e-08;1,0368842916219645e-08;0,0011711276909357699;0,0011711276909357699;0,0011711276909357699;0,9921173057558763;-0,09355547988087827;0,9921164131186857;-0,09356270955244728;1,1711276909357699e-07
439;0,01700020152738945;0,008000138952442061;-0,017000000000036534;-0,007999999999954772;2,0152735291656398e-07;1,389524872889153e-07;0,0010889461800202528;0,0010889461800202528;0,0010889461800202528;0,9961526442576287;-0,034014157192134256;0,9961398395270744;-0,03413588456236243;1,0889461800202527e-07
440;-0,14920988808107685;-0,07200681852114915;0,14924942680305398;0,07203407866047705;3,9538721977122604e-05;2,7260139327897615e-05;0,009677713768113504;0,009677713768113503;0,009677713768113504;0,9883857653504433;-0,11539241543717131;0,988668883688433;-0,11284564679527213;9,677713768113504e-07
441;0,015000162917161837;0,007000112316866908;-0,014999999999706293;-0,006999999999850603;1,6291745554355974e-07;1,1231701630472907e-07;0,0009576915409333624;0,0009576915409333625;0,0009576915409333625;0,9979163131090023;-0,0184006795053967;0,9979045495570974;-0,01851450293275719;9,576915409333626e-08
442;0,01400028336306563;0,007000195360678671;-0,013999999999977935;-0,006999999999947839;2,8336308769555396e-07;1,9536073083206706e-07;0,000913012852124005;0,0009130128521240051;0,0009130128521240051;0,9898171630484284;-0,0903524728849309;0,9897956113216226;-0,09052821710754766;9,130128521240052e-08
443;0,014000180346599594;0,007000124342881406;-0,014000000000120881;-0,007000000000028778;1,8034647871270626e-07;1,243428526280163e-07;0,0009068480379549334;0,0009068480379549332;0,0009068480379549334;0,9965381187045662;-0,030551669890188805;0,9965243087033722;-0,030663541175747707;9,068480379549334e-08
444;0,014000176881311312;0,007000121945333489;-0,014000000000108516;-0,007000000000015147;1,7688120279579778e-07;1,2194531834232997e-07;0,000907198713021346;0,000907198713021346;0,000907198713021346;0,9961526442576287;-0,034014157192134256;0,9961391050824774;-0,03412385163690633;9,071987130213459e-08
445;0,014200397617503083;0,006000274138065962;-0,014200384327629005;-0,006000264970963041;1,3289874077962449e-08;9,16710292137718e-09;0,0008991031649021111;0,0008991031649021113;0,0008991031649021113;0,9899264819511993;-0,10033053409456007;0,9899254667322429;-0,10034269307098978;8,991031649021113e-08
446;0,014100384328360178;0,0060002649724391136;-0,014100077772289634;-0,006000053620563699;3,065560705440423e-07;2,113518754141841e-07;0,0008937336975826646;0,000893733697582664;0,0008937336975826646;0,9899254667322429;-0,10034269307098978;0,9899018984489749;-0,10062103038031897;8,937336975826645e-08
447;0,0;0,0;0,0;0,0;0,0;0,0;;;;;;;;
448;0,013000057769759543;0,0060000398341041395;-0,012999999999944764;-0,0060000000001202165;5,7769814779118356e-08;3,9833983923008576e-08;0,0008381762338581107;0,0008381762338581108;0,0008381762338581108;0,9862410114112635;-0,25177874039472126;0,9862362485561705;-0,25182659552780245;8,381762338581108e-08
449;0,3734407072583035;0,18123709531020923;-0,37325474330533526;-0,18110888544527604;0,00018596395296821555;0,00012820986493319864;0,024182479296622244;0,024182479296622244;0,024182479296622244;0,9910311255490762;-0,07876711906608665;0,9904980525910867;-0,08348327865468695;2,4182479296622244e-06
450;0,012000150862469378;0,006000104026889139;-0,012000000000013323;-0,006000000000047366;1,50862456055334e-07;1,0402684177349825e-07;0,00077683586630743;0,00077683586630743;0,00077683586630743;0,9971310276802932;-0,02533632930654336;0,9971175416054368;-0,02544555502793399;7,768358663074301e-08
451;0,0;0,0;0,0;0,0;0,0;0,0;;;;;;;;
452;-0,3480885062503821;-0,16906260975848134;0,3482421512150921;0,16916854281212546;0,0001536449647099869;0,00010593305364411942;0,022370507276867853;0,02237050727686785;0,022370507276867853;0,9987199569432751;-0,010658134742185308;0,9991960934135408;-0,006490205089951792;2,237050727686785e-06
453;-0,010100000006538748;-0,005000000005761656;0,010100098819191846;0,00500008342731948;9,881265309805154e-08;8,342155782391919e-08;0,0006585393999736531;0,0006585393999736532;0,0006585393999736532;0,9880446418976063;-0,23338503980380088;0,9880556504626267;-0,2332278313971315;6,585393999736533e-08
454;0,010000041669064118;0,005000028724766579;-0,010000000000194884;-0,00499999999984396;4,166886923354096e-08;2,8724922619335902e-08;0,0006497514857642085;0,0006497514857642088;0,0006497514857642088;0,9934569323228639;-0,057327865497624725;0,9934524791655269;-0,057364032668378744;6,497514857642088e-08
455;0,010000075039081995;0,005000051738910671;-0,010000000000013548;-0,0049999999999893584;7,503906844681663e-08;5,17389213122027e-08;0,0006479370886813069;0,0006479370886813068;0,0006479370886813069;0,996242453995834;-0,03321803759414093;0,9962344117112593;-0,03328321393739073;6,479370886813069e-08
456;0,0;0,0;0,0;0,0;0,0;0,0;;;;;;;;
457;0,009000032203149873;0,004000073086008613;-0,008999914979434382;-0,003999992265886559;1,172237154914435e-07;8,082012205399419e-08;0,0005735313641803807;0,0005735313641803807;0,0005735313641803807;0,991449672301269;-0,07556927531595069;0,9914355846526351;-0,07572195429869116;5,735313641803807e-08
458;0,009000072362485395;0,004000049891435673;-0,009000000000176497;-0,004000000000048963;7,23623088984271e-08;4,989138671033372e-08;0,000574429707471191;0,000574429707471191;0,000574429707471191;0,9899018984489749;-0,10062103038031897;0,989893215692906;-0,1007152859808846;5,74429707471191e-08
459;0,0;0,0;0,0;0,0;0,0;0,0;;;;;;;;
460;0,8767692076040621;0,4248448456258864;-0,8752558571891629;-0,42380147442935723;0,001513350414899195;0,001043371196529197;0,056653180504115365;0,05665318050411538;0,05665318050411538;0,992882642991515;-0,06232690450740112;0,9910311255490762;-0,07876711906608665;5,6653180504115376e-06
461;0,006000045650846463;0,003000031475453837;-0,006000000000116203;-0,003000000000022468;4,565073026020772e-08;3,147543136891584e-08;0,00038909764363559554;0,0003890976436355953;0,00038909764363559554;0,9953838350047159;-0,09991117422593665;0,9953756877285076;-0,09997725532346241;3,890976436355956e-08
462;0,005000038965466497;0,002000026865341494;-0,005000000000093706;-0,002000000000022909;3,896537279033524e-08;2,6865318585207743e-08;0,00031418384433572416;0,00031418384433572416;0,00031418384433572416;0,989596713932105;-0,09253435572894617;0,989588232220643;-0,09264577698206439;3,1418384433572416e-08
463;0,005000014554505289;0,002000010033798417;-0,005000000000290343;-0,0019999999996162757;1,4554214945207422e-08;1,0034182141432924e-08;0,0003112755213639223;0,00031127552136392243;0,00031127552136392243;0,9988373936097027;-0,010255504658156184;0,9988341959816318;-0,010297118016573556;3,1127552136392245e-08
464;0,0050000229466519485;0,0020000158214318465;-0,005000000000191178;-0,0020000000001128785;2,2946460770563448e-08;1,5821318968042147e-08;0,0003119903888884091;0,0003119903888884091;0,0003119903888884091;0,9965505845474546;-0,030491658731468647;0,996545554571024;-0,030557279203777314;3,119903888884091e-08
465;0,0050000054088875775;0,002000003728648278;-0,004999999998966762;-0,001999999999709423;5,409920815144242e-09;3,728938855179081e-09;0,00031408466383138034;0,00031408466383138034;0,00031408466383138034;0,9899018984489749;-0,10062103038031897;0,9899007205530391;-0,10063649005268309;3,140846638313803e-08
466;0,00020000004772303156;3,2802219470497386e-11;-0,00020000000349360274;-2,307510677362526e-12;4,422942882168629e-11;3,049470879313486e-11;1,1595533101626432e-05;1,1595533101626432e-05;1,1595533101626432e-05;0,9958152021025716;-0,08463905417090974;0,9958149818809229;-0,08464779025923563;1,1595533101626432e-09
467;-9,999875590386735e-05;-7,075649954524814e-10;9,999876328013398e-05;7,126506840782917e-10;7,376266630376542e-12;5,085688625810288e-12;5,799612637300187e-06;5,799612637300189e-06;5,799612637300189e-06;0,9954855996735499;-0,039379637614713525;0,9954856731044951;-0,03937672372363936;5,799612637300189e-10
468;9,999988117009645e-05;7,984572442384861e-11;-9,999987148579134e-05;-7,316872062139602e-11;9,684305102091416e-12;6,677003802452596e-12;5,828318008923416e-06;5,828318008923416e-06;5,828318008923416e-06;0,9905938252530041;-0,0936784699789295;0,990593729320711;-0,09368229562079228;5,828318008923416e-10
469;-9,999874130661502e-05;-7,163007639636578e-10;9,999874427434706e-05;7,183469157593391e-10;2,967732030717714e-12;2,0461517956813324e-12;5,8165174127193344e-06;5,816517412719333e-06;5,8165174127193344e-06;0,9925922354711426;-0,06502354054412152;0,9925922649291371;-0,06502236818295863;5,816517412719334e-10
470;-0,00010000000003054792;1,3930703420139117e-13;0,00010000000789652083;5,283664383258991e-12;7,865972914797466e-12;5,422971417460382e-12;5,844510089513936e-06;5,844510089513937e-06;5,844510089513937e-06;0,9878505820391357;-0,2478987277115582;0,9878506597431961;-0,24789562057805092;5,844510089513936e-10
471;-9,999999987804626e-05;6,097801031621539e-14;0,00010000000646049736;5,4961021786415625e-12;6,582451096237389e-12;5,557080188957778e-12;5,843362556781701e-06;5,843362556781699e-06;5,843362556781701e-06;0,9880445768600534;-0,23338822377601;0,9880446418976063;-0,23338503980380088;5,843362556781701e-10
472;0,00010000000400426611;2,565559944479217e-12;-0,00010000000031848023;-2,4334112170238582e-14;3,685785875183305e-12;2,5412258323089785e-12;5,797766681695749e-06;5,797766681695751e-06;5,797766681695751e-06;0,9958149818809229;-0,08464779025923563;0,9958149451773161;-0,0846492462743266;5,79776668169575e-10
