;p_from_mw;q_from_mvar;p_to_mw;q_to_mvar;pl_mw;ql_mvar;i_from_ka;i_to_ka;i_ka;vm_from_pu;va_from_degree;vm_to_pu;va_to_degree;loading_percent
0;-3,3573899033033308;-1,6404888837473142;3,3607706823105534;1,6444772230398919;0,0033807790072226673;0,003988339292577692;0,2160176298054746;0,2160176298054746;0,2160176298054746;0,998720019517451;-0,032146398352173845;1,0000000000050937;-3,085756671419177e-18;2,160176298054746e-05
1;-3,2947410496373917;-1,608892995152586;3,2972891708672596;1,6114883788323973;0,0025481212298679168;0,0025953836798111585;0,21215997994447636;0,21215997994447638;0,21215997994447638;0,9977869532030617;-0,051100169021989085;0,998720019517451;-0,032146398352173845;2,1215997994447637e-05
2;-2,680886960809309;-1,3023543518449952;2,685907609386365;1,305815914667442;0,005020648577056086;0,0034615628224468065;0,17242636002138695;0,17242636002138695;0,17242636002138695;0,9979813627849925;-0,017645877792986788;1,0000000000050937;-3,085756671419177e-18;1,7242636002138696e-05
3;-2,617116914214847;-1,270065135166194;2,621886960809265;1,2733543518450348;0,0047700465944178205;0,003289216678840745;0,16862311270805594;0,16862311270805594;0,16862311270805594;0,9960202844044321;-0,0348770907394478;0,9979813627849925;-0,017645877792986788;1,6862311270805594e-05
4;2,3152326517257094;1,1162707721121394;-2,305882006005109;-1,106749682234699;0,009350645720600514;0,009521089877440492;0,1483954476864816;0,1483954476864816;0,1483954476864816;1,0000000000050937;-3,085756671419177e-18;0,995115800922099;-0,10114807627124818;1,4839544768648162e-05
5;-2,327498419931686;-1,129259887678501;2,3300938008740757;1,1310491992922482;0,0025953809423895358;0,0017893116137472909;0,15013689955690196;0,15013689955690196;0,15013689955690196;0,9948219666183131;-0,04542687935373525;0,9960202844044321;-0,0348770907394478;1,5013689955690195e-05
6;-2,269181705693516;-1,0811746828870787;2,284479592106019;1,0967514201328747;0,015297886412502848;0,015576737245796002;0,1470249763343154;0,1470249763343154;0,1470249763343154;0,9870572383321382;-0,27031590999166766;0,995115800922099;-0,10114807627124818;1,470249763343154e-05
7;-3,288011369529971;-1,6022444953988257;3,2945410496109058;1,608892995133839;0,0065296800809346855;0,006648499735013358;0,212149581019151;0,21214958101915096;0,212149581019151;0,9953965629496688;-0,09979909026518415;0,9977869532030617;-0,051100169021989085;2,1214958101915097e-05
8;-1,5065009669660023;-0,735430033392151;1,5068811775103814;0,7358785805950243;0,0003802105443790893;0,0004485472028733506;0,09681956015332459;0,09681956015332459;0,09681956015332459;0,9996789069597914;-0,008073090316605313;1,0000000000050937;-3,085756671419177e-18;9,68195601533246e-06
9;-3,241469868986112;-1,5747329416113953;3,25081068777775;1,5842440254339958;0,00934081879163795;0,009511083822600463;0,20975254952357572;0,20975254952357575;0,20975254952357575;0,9919391976222833;-0,1706730850877222;0,9953965629496688;-0,09979909026518415;2,0975254952357574e-05
10;-1,4981092165335832;-0,7269872835708611;1,506400966965461;0,735430033391708;0,008291750431877798;0,008442749820846918;0,09681437022659563;0,09681437022659561;0,09681437022659563;0,9930293597860242;-0,14395707661664495;0,9996789069597914;-0,008073090316605313;9,681437022659563e-06
11;1,4980092165335688;0,7269872835708572;-1,4908725250148147;-0,7197204148400643;0,007136691518754068;0,0072668687307928526;0,09680913957906849;0,09680913957906849;0,09680913957906849;0,9930293597860242;-0,14395707661664495;0,987310219817032;-0,26238157926502015;9,68091395790685e-06
12;-3,1087684183428896;-1,5069083383995219;3,1154698689861307;1,5137329416109881;0,006701450643241014;0,006824603211466274;0,20160459309154177;0,20160459309154177;0,20160459309154177;0,9893593267829444;-0,22390524180913973;0,9919391976222833;-0,1706730850877222;2,0160459309154177e-05
13;1,6286624741045055;0,789971397457228;-1,624878005420367;-0,7873622438527436;0,003784468684138398;0,0026091536044844377;0,10450831327895013;0,10450831327895013;0,10450831327895013;1,0000000000050937;-3,085756671419177e-18;0,9974899147248362;-0,022084915886365308;1,0450831327895012e-05
14;1,378544267671773;0,667753163739478;-1,3758029561124046;-0,6658631588425129;0,002741311559368409;0,001890004896965114;0,08880794266303539;0,0888079426630354;0,0888079426630354;0,995811991710012;-0,03691122056879757;0,9936725031022575;-0,05587578846370046;8,88079426630354e-06
15;1,4988780054204283;0,7263622438527804;-1,496544267671925;-0,7247531637396843;0,0023337377485033173;0,0016090801130960175;0,09640569040562602;0,09640569040562601;0,09640569040562602;0,9974899147248362;-0,022084915886365308;0,995811991710012;-0,03691122056879757;9,640569040562603e-06
16;1,249802956112442;0,6048631588424334;-1,2475550456926352;-0,6033132662937993;0,0022479104198067645;0,0015498925486340243;0,08067419128281615;0,08067419128281614;0,08067419128281615;0,9936725031022575;-0,05587578846370046;0,9917412892018536;-0,07306887249582607;8,067419128281616e-06
17;0,7402779197561009;0,35784770980922453;-0,7376487652035797;-0,3560349730194702;0,002629154552521218;0,0018127367897543545;0,04747161895586456;0,04747161895586456;0,04747161895586456;1,0000000000050937;-3,085756671419177e-18;0,9961618128033111;-0,034123024602996106;4,7471618955864555e-06
18;0,7165486951483159;0,3460349138674736;-0,7143728096911435;-0,34453468164938506;0,0021758854571723996;0,0015002322180885375;0,04611835734021175;0,04611835734021176;0,04611835734021176;0,9961618128033111;-0,034123024602996106;0,9928922925629682;-0,06336149088109105;4,611835734021176e-06
19;0,0;0,0;0,0;0,0;0,0;0,0;;;;;;;;
20;-0,40226846936445504;-0,19505580601497244;0,40240316206228727;0,19516951582080336;0,00013469269783222826;0,00011370980583091939;0,026020874288136497;0,026020874288136504;0,026020874288136504;0,991945238283724;-0,07526100519831029;0,9923242321175659;-0,0696818796408549;2,6020874288136503e-06
21;0,04910188071335846;0,02500160725802776;-0,04910048159539107;-0,025000425970463477;1,3991179673919496e-06;1,181287564284289e-06;0,003188963249563817;0,003188963249563817;0,003188963249563817;0,9975762707759392;-0,20079144896550102;0,997543993829149;-0,20122594986591555;3,188963249563817e-07
22;0,9804168013098226;0,47639373052593215;-0,9762868478431399;-0,4735462856964188;0,0041299534666826565;0,0028474448295133237;0,06293298262868986;0,06293298262868988;0,06293298262868988;1,0000000000050937;-3,085756671419177e-18;0,9954507333601296;-0,03992610976637883;6,293298262868987e-06
23;1,7594331931415044;0,8514331406081226;-1,7485412055233633;-0,843923480198351;0,01089198761814103;0,007509660409771635;0,11285010048754943;0,11285010048754941;0,11285010048754943;1,0000000000050937;-3,085756671419177e-18;0,993310989984092;-0,05946924222255371;1,1285010048754942e-05
24;1,7264405889121865;0,8339230550756941;-1,724261799220506;-0,832420852607011;0,002178789691680505;0,0015022024686830449;0,11144057560227878;0,11144057560227882;0,11144057560227882;0,993310989984092;-0,05946924222255371;0,9919560888482004;-0,07158888574684696;1,1144057560227882e-05
25;-0,2762169592186841;-0,13401232665998603;0,27626846936478505;0,13405580601493675;5,151014610094151e-05;4,347935495072064e-05;0,017872961884293083;0,017872961884293083;0,017872961884293083;0,9917342246409042;-0,07836462938153486;0,991945238283724;-0,07526100519831029;1,7872961884293084e-06
26;-1,7082838018944686;-0,8243677447636819;1,711261799220734;0,8264208526073016;0,002977997326265358;0,0020531078436196726;0,11060735900330777;0,1106073590033078;0,1106073590033078;0,9900903048514842;-0,0883158202410429;0,9919560888482004;-0,07158888574684696;1,106073590033078e-05
27;0,17512055009884925;0,08601463318572959;-0,17510154001866574;-0,0860015276647501;1,9010080183512468e-05;1,3105520979495022e-05;0,011290403558900586;0,011290403558900586;0,011290403558900586;0,9976930697136023;-0,1997980627080017;0,9975762707759392;-0,20079144896550102;1,1290403558900587e-06
28;0,17525832550165224;0,08604067708576833;-0,1752205497724716;-0,08601463330612044;3,77757291806502e-05;2,6043779647891285e-05;0,011295597959137678;0,011295597959137678;0,011295597959137678;0,997925054996491;-0,1978223233882811;0,9976930697136023;-0,1997980627080017;1,1295597959137678e-06
29;0,3692441258464659;0,17920609345357033;-0,36912281832600724;-0,17910368789389325;0,00012130752045863558;0,00010240555967708231;0,023867956520165386;0,02386795652016538;0,023867956520165386;0,992812963064562;-0,06317960905175064;0,9924408231985817;-0,06864866191769922;2,386795652016539e-06
30;0,32812281832580786;0,15910368789391907;-0,32801239200119026;-0,15901046209963068;0,00011042632461760737;9,32257942883874e-05;0,021214147166726354;0,021214147166726354;0,021214147166726354;0,9924408231985817;-0,06864866191769922;0,9920597143025118;-0,07426079475682512;2,1214147166726354e-06
31;0,8502868478431987;0,41254628569646173;-0,8493314013642234;-0,4118875684447303;0,0009554464789753858;0,0006587172517314444;0,054813763563757174;0,05481376356375717;0,054813763563757174;0,9954507333601296;-0,03992610976637883;0,9942424608426527;-0,050583284574465176;5,4813763563757175e-06
32;1,1504319442797974;0,5585245972261762;-1,1491634756020481;-0,557650087554127;0,0012684686777493237;0,0008745096720491619;0,07421843005172088;0,0742184300517209;0,0742184300517209;0,9948219666183131;-0,04542687935373525;0,993637205512576;-0,05586511783529966;7,42184300517209e-06
33;1,2175550456927224;0,5893132662936981;-1,216208723853513;-0,5883849609216303;0,0013463218392093523;0,0009283053720677836;0,0787470932151232;0,07874709321512323;0,07874709321512323;0,9917412892018536;-0,07306887249582607;0,9905563075627518;-0,08362977576404639;7,874709321512323e-06
34;0,07520374452924239;0,03600258211248478;-0,07520312317703338;-0,03600215347156522;6,213522090042778e-07;4,286409195572438e-07;0,0048596892482555675;0,0048596892482555675;0,0048596892482555675;0,9905563075627518;-0,08362977576404639;0,9905474503947564;-0,08371108356657161;4,859689248255568e-07
35;0,07510312317128161;0,03600215348803485;-0,07510304540507644;-0,036002099758656717;7,776620516986021e-08;5,372937813413747e-08;0,004854432688018215;0,004854432688018215;0,004854432688018215;0,9905474503947564;-0,08371108356657161;0,9905463401494013;-0,08372128860642467;4,854432688018215e-07
36;0,06610304539061702;0,03200209974613671;-0,06610153861004639;-0,03200106077668087;1,5067805706342474e-06;1,038969455836869e-06;0,004280651386600305;0,0042806513866003055;0,0042806513866003055;0,9905463401494013;-0,08372128860642467;0,9905219422655713;-0,08393862131925274;4,2806513866003056e-07
37;1,2064457788733587;0,5846864006128965;-1,2055195797483431;-0,5840477565691209;0,0009261991250155699;0,0006386440437755603;0,07823552781624574;0,07823552781624574;0,07823552781624574;0,9893593267829444;-0,22390524180913973;0,9885387177170373;-0,23120977833116357;7,823552781624575e-06
38;0,9429826172174653;0,4581782851986983;-0,9404918480020624;-0,4564609833046311;0,0024907692154029215;0,0017173018940672136;0,06052942968481595;0,06052942968481595;0,06052942968481595;1,0000000000050937;-3,085756671419177e-18;0,9971473442432889;-0,024997163544618766;6,052942968481595e-06
39;0,023101255650492338;0,011000865694582456;-0,02310006055903802;-0,011000041742082288;1,1950914543187863e-06;8,239525001677711e-07;0,00149139317108919;0,00149139317108919;0,00149139317108919;0,9905219422655713;-0,08393862131925274;0,9904664582062969;-0,08445388452629889;1,49139317108919e-07
40;0,7313266345386882;0,3548835441706173;-0,7308868572426604;-0,3545803324644642;0,0004397772960277324;0,0003032117061531059;0,047203677198317945;0,04720367719831795;0,04720367719831795;0,9942424608426527;-0,050583284574465176;0,9935966323774296;-0,056281791426269434;4,720367719831795e-06
41;0,7307868572465461;0,3545803324603827;-0,7307673426504675;-0,3545668326370681;1,9514596078629154e-05;1,349982331455557e-05;0,04719844929948242;0,04719844929948241;0,04719844929948242;0,9935966323774296;-0,056281791426269434;0,9935679472066302;-0,05653763304591322;4,719844929948242e-06
42;0,9403918480025155;0,4564609833047212;-0,9401348025703882;-0,4562837219614031;0,0002570454321273452;0,0001772613433180803;0,0605242208075964;0,06052422080759641;0,06052422080759641;0,9971473442432889;-0,024997163544618766;0,9968529205589537;-0,027586342726875764;6,0524220807596415e-06
43;0,9400348025696463;0,45628372196168837;-0,9388986793680153;-0,45532449995489555;0,001136123201631034;0,0009592220067928259;0,06051901038323338;0,06051901038323338;0,06051901038323338;0,9968529205589537;-0,027586342726875764;0,9954783242385838;-0,047728325834771365;6,051901038323338e-06
44;0,9387986793678342;0,4553244999549953;-0,938346176034558;-0,4549425251820403;0,0004525033332761774;0,00038197477295498494;0,060513791979980976;0,06051379197998099;0,06051379197998099;0,9954783242385838;-0,047728325834771365;0,9949308509732113;-0,055761978549665935;6,0513791979981e-06
45;0,0;0,0;0,0;0,0;0,0;0,0;;;;;;;;
46;1,155519579748431;0,5600477565693659;-1,1546684877760671;-0,5594609013195879;0,0008510919723638821;0,0005868552497779733;0,07499634198338218;0,07499634198338218;0,07499634198338218;0,9885387177170373;-0,23120977833116357;0,9877520804600571;-0,23821611852848232;7,4996341983382185e-06
47;0,6987673426466301;0,33956683263768217;-0,6982756985953416;-0,3392278605421289;0,0004916440512885423;0,00033897209555328045;0,0451450081690762;0,045145008169076205;0,045145008169076205;0,9935679472066302;-0,05653763304591322;0,992812963064562;-0,06317960905175064;4,5145008169076205e-06
48;1,3416971041688217;0,6522546006504732;-1,3366537010525597;-0,648777343235157;0,005043403116262057;0,0034772574153162372;0,08613143412603085;0,08613143412603085;0,08613143412603085;1,0000000000050937;-3,085756671419177e-18;0,9959406894696834;-0,035564241605160335;8,613143412603084e-06
49;0,8323461760345904;0,4039425251820272;-0,8318006278261998;-0,40348189191112893;0,0005455482083905894;0,00046063327089829187;0,05368780839519577;0,053687808395195775;0,053687808395195775;0,9949308509732113;-0,055761978549665935;0,9941867897999536;-0,06668325101597913;5,3687808395195774e-06
50;1,195235017972112;0,5979485392521209;-1,1941701115765024;-0,5972143219834654;0,0010649063956096327;0,0007342172686555237;0,07790967780469915;0,07790967780469915;0,07790967780469915;0,9903857888942752;-0,257031907761731;0,9894366058815116;-0,26476383968412603;7,790967780469915e-06
51;1,3365537010522595;0,6487773432350021;-1,336033199247123;-0,6484183994933668;0,0005205018051364085;0,0003589437416353647;0,0861262189866013;0,08612621898660128;0,0861262189866013;0,9959406894696834;-0,035564241605160335;0,9955217231140998;-0,039253265826168865;8,61262189866013e-06
52;0,0;0,0;0,0;0,0;0,0;0,0;;;;;;;;
53;0,3789448666836255;0,1821498031098142;-0,37884325562155025;-0,18202994811976325;0,00010161106207523529;0,00011985499005096045;0,02458666120212769;0,024586661202127685;0,02458666120212769;0,987310219817032;-0,26238157926502015;0,9869732494209967;-0,2711064082141226;2,458666120212769e-06
54;-1,153685034862473;-0,5771210532965799;1,1581706455976233;0,5802136736440892;0,004485610735150303;0,003092620347509234;0,0755872077654266;0,0755872077654266;0,0755872077654266;0,9853154275128054;-0,29833755342590634;0,9894366058815116;-0,26476383968412603;7,55872077654266e-06
55;0,0;0,0;0,0;0,0;0,0;0,0;;;;;;;;
56;-9,999956339383931e-05;-2,355996508516488e-10;9,999956605916744e-05;2,378498375896301e-10;2,665328122596587e-12;2,25018673798129e-12;5,781456009917336e-06;5,781456009917336e-06;5,781456009917336e-06;0,9986199799047493;-0,19073473462978144;0,9986200065214178;-0,19073344536575268;5,781456009917336e-10
57;-0,02919996603770839;-0,014000047492076725;0,029200844493873;0,014000789142942059;8,784561646123235e-07;7,416508653341342e-07;0,0018721997573039543;0,0018721997573039539;0,0018721997573039543;0,9986200065214178;-0,19073344536575268;0,9986543218011092;-0,1902221720885341;1,8721997573039545e-07
58;-0,6869120346438994;-0,3334767174047948;0,6871604350693983;0,33364799135984985;0,00024840042549889585;0,00017127395505506238;0,044384961280161665;0,04438496128016166;0,044384961280161665;0,9932492339686049;-0,0592849303685642;0,993637205512576;-0,05586511783529966;4,438496128016167e-06
59;0,8881361140964421;0,4311320535693449;-0,8875949038599269;-0,43049370559906663;0,0005412102365152105;0,0006383479702782857;0,05774624395397287;0,05774624395397289;0,05774624395397289;0,9870572383321382;-0,27031590999166766;0,9862918015811688;-0,2899423279835978;5,774624395397289e-06
60;0,8590664756510805;0,41673529045222046;-0,8584469830423694;-0,416308139935255;0,0006194926087110808;0,0004271505169654577;0,055412952767191916;0,05541295276719191;0,055412952767191916;0,9948219666183131;-0,04542687935373525;0,9940469984999131;-0,052269154628242054;5,541295276719192e-06
61;0,06678452904646591;0,012183202617110827;-0,06677371740286174;-0,012174075073012937;1,0811643604169419e-05;9,127544097889406e-06;0,003977134215122549;0,003977134215122549;0,003977134215122549;0,9854936032400665;-0,2923955771217758;0,9853154275128054;-0,29833755342590634;3,9771342151225493e-07
62;-0,7731578640119874;-0,37373037094401956;0,7733881966591984;0,3738891648063711;0,00023033264721106228;0,00015879386235151394;0,049710312750645906;0,04971031275064589;0,049710312750645906;0,9973748734705574;-0,20045559003186883;0,9976959908689714;-0,19760585557608923;4,971031275064591e-06
63;0,0;0,0;0,0;0,0;0,0;0,0;;;;;;;;
64;0,9800130680401435;0,47640218807072504;-0,9787742415318175;-0,47535625427791195;0,001238826508326074;0,0010459337928130918;0,06319523718082454;0,06319523718082454;0,06319523718082454;0,9955217231140998;-0,039253265826168865;0,9940861280562155;-0,06026667600994207;6,319523718082453e-06
65;-0,7158160524892355;-0,3464946566798183;0,7161580124306539;0,3467303945586593;0,0003419599414183905;0,0002357378788409581;0,04605943108500349;0,046059431085003495;0,046059431085003495;0,9968603051613351;-0,20500624411380833;0,9973748734705574;-0,20045559003186883;4,6059431085003495e-06
66;0,6479532140330876;0,2937791653213041;-0,6475164616930401;-0,29347805713016406;0,0004367523400474749;0,0003011081911400426;0,04161371315165983;0,041613713151659834;0,041613713151659834;0,9870572383321382;-0,27031590999166766;0,9863328627300985;-0,27788264263796936;4,161371315165984e-06
67;0,6298006278263457;0,30548189191122327;-0,6295689307979304;-0,3052862829094847;0,00023169702841530082;0,00019560900173859475;0,040649503980189086;0,04064950398018907;0,040649503980189086;0,9941867897999536;-0,06668325101597913;0,9937694574493885;-0,07281516931944995;4,064950398018909e-06
68;0,629468930797955;0,3052862829093738;-0,6292735207789212;-0,30512130194225145;0,00019541001903378152;0,00016498096712236343;0,04064427654177321;0,04064427654177323;0,04064427654177323;0,9937694574493885;-0,07281516931944995;0,9934174388068684;-0,07799066973559324;4,064427654177323e-06
69;0,6464469414237787;0,31330811124445923;-0,6461949533460171;-0,3131344092037058;0,00025198807776161125;0,00017370204075345397;0,04172349791360349;0,0417234979136035;0,0417234979136035;0,9940469984999131;-0,052269154628242054;0,9936283916687157;-0,05597224914530324;4,1723497913603496e-06
70;0,6111735057590256;0,2961212916040859;-0,6111625696897569;-0,29611208474235107;1,0936069268718818e-05;9,206861734833982e-06;0,0394695404733516;0,0394695404733516;0,0394695404733516;0,9934174388068684;-0,07799066973559324;0,9933971703522808;-0,07828740120340331;3,9469540473351594e-06
71;-0,973859803652968;-0,4725927779379376;0,9757402267954869;0,4738893479063073;0,0018804231425189055;0,001296569968369743;0,06330050047539793;0,06330050047539794;0,06330050047539794;0,9872999759666943;-0,24215507836999564;0,9893593267829444;-0,22390524180913973;6,330050047539793e-06
72;0,8637742415317353;0,4193562542777665;-0,8632155803627871;-0,4188846390123971;0,0005586611689482046;0,00047161526536942944;0,05576641414611978;0,05576641414611978;0,05576641414611978;0,9940861280562155;-0,06026667600994207;0,9933525948609033;-0,0710314060171064;5,5766414146119785e-06
73;-0,171115468720778;-0,08301089559494466;0,17114352025836818;0,0830302349301358;2,8051537590167985e-05;1,9339335191131957e-05;0,011036979228982934;0,011036979228982934;0,011036979228982934;0,9948813296654263;-0,22251831867818486;0,9950575094350382;-0,220965191293072;1,1036979228982935e-06
74;0,00010000002641137854;1,8201428126470406e-11;-9,999999997849969e-05;2,315592199356253e-14;2,6432878848518977e-11;1,822458404846397e-11;5,786309590663717e-06;5,786309590663717e-06;5,786309590663717e-06;0,9977869532030617;-0,051100169021989085;0,9977866894592983;-0,051110610936728314;5,786309590663716e-10
75;0,0;0,0;0,0;0,0;0,0;0,0;;;;;;;;
76;0,24713952619600968;0,11902725198774;-0,2471000000205773;-0,1190000000145281;3,952617543237502e-05;2,7251973211905867e-05;0,016046268728190708;0,016046268728190708;0,016046268728190708;0,9869732494209967;-0,2711064082141226;0,9868025722973007;-0,27265268779007595;1,6046268728190706e-06
77;0,5184130110918926;0,251437199563093;-0,518248180174673;-0,25124274685785125;0,00016483091721963827;0,0001944527052417655;0,03372757719157586;0,03372757719157587;0,03372757719157587;0,9862918015811688;-0,2899423279835978;0,9858926835499772;-0,30019190457053807;3,372757719157587e-06
78;0,5201949533463448;0,2521344092032769;-0,5200786536604048;-0,25205422469920474;0,00011629968593995788;8,018450407215605e-05;0,03358938606506572;0,03358938606506572;0,03358938606506572;0,9936283916687157;-0,05597224914530324;0,9933883935457571;-0,05809681478680032;3,3589386065065725e-06
79;-0,7449921088667188;-0,36169594365966123;0,7452155803628989;0,3618846390126449;0,00022347149618007212;0,0001886953529836588;0,04814986548711233;0,048149865487112316;0,04814986548711233;0,993012722262037;-0,07602111260231849;0,9933525948609033;-0,0710314060171064;4,814986548711233e-06
80;-0,6844064175685188;-0,3312801932746227;0,6846318197416718;0,33143562055582076;0,0002254021731529221;0,0001554272811980506;0,044460002959211646;0,044460002959211646;0,044460002959211646;0,9874006801721199;-0,24135689614066216;0,9877520804600571;-0,23821611852848232;4,446000295921165e-06
81;0,43624820217650134;0,21124274341630242;-0,436156981736811;-0,21114985519432838;9,122043969034266e-05;9,288822197403568e-05;0,028384712866013413;0,028384712866013413;0,028384712866013413;0,9858926835499772;-0,30019190457053807;0,9856433494349365;-0,3053762783116053;2,8384712866013415e-06
82;0,40916256969352083;0,19811208474446126;-0,40910516800328045;-0,19807250459321937;5,7401690240377334e-05;3,9580151241891404e-05;0,02642087493124963;0,02642087493124962;0,02642087493124963;0,9933971703522808;-0,07828740120340331;0,9932465816652132;-0,0796246787338086;2,642087493124963e-06
83;0,417155134827304;0,2011301861976404;-0,41707770512865266;-0,2010648183008332;7,742969865132121e-05;6,536789680719468e-05;0,027136207158641894;0,027136207158641883;0,027136207158641894;0,9853154275128054;-0,29833755342590634;0,9851066356402778;-0,3014625435594195;2,7136207158641896e-06
84;0,3991569878286091;0,19314985508708166;-0,3990806008945441;-0,1930720715715513;7,638693406497588e-05;7,778351553036633e-05;0,025974545933142724;0,02597454593314272;0,025974545933142724;0,9856433494349365;-0,3053762783116053;0,9854152080889158;-0,31012510517478153;2,597454593314272e-06
85;0,0;0,0;0,0;0,0;0,0;0,0;;;;;;;;
86;-0,6645712980870424;-0,32234067852201304;0,6649921088666444;0,3226959436594466;0,00042081077960198776;0,00035526513743355803;0,04297529946705663;0,04297529946705663;0,04297529946705663;0,992295755147898;-0,0865634608570776;0,993012722262037;-0,07602111260231849;4,297529946705663e-06
87;0,32208016424845937;0,15505544659009907;-0,3220368629599824;-0,15502559634017027;4,330128847696013e-05;2,9850249928797812e-05;0,020945553115370788;0,02094555311537078;0,020945553115370788;0,9853154275128054;-0,29833755342590634;0,9851721934830756;-0,29963813973930375;2,094555311537079e-06
88;-0,48440316206252454;-0,2351695158211176;0,48456658408732634;0,23530746756637821;0,0001634220248017959;0,00013795174526062826;0,031329118443924706;0,031329118443924706;0,031329118443924706;0,9923242321175659;-0,0696818796408549;0,9927061893246898;-0,0640735626827746;3,1329118443924705e-06
89;0,0;0,0;0,0;0,0;0,0;0,0;;;;;;;;
90;0,40422679694357316;0,19610512561847784;-0,40415999286938936;-0,19604871744752828;6,680407418380163e-05;5,640817094956785e-05;0,026326036838508895;0,026326036838508895;0,026326036838508895;0,9853154275128054;-0,29833755342590634;0,9851296187210857;-0,30109166491801925;2,6326036838508894e-06
91;0,8972985327938884;0,4338952835864769;-0,8963540485325457;-0,43324407587581315;0,0009444842613426374;0,0006512077106637371;0,05812042470009513;0,058120424700095125;0,05812042470009513;0,9900903048514842;-0,0883158202410429;0,9889640558699382;-0,09839290352295867;5,8120424700095136e-06
92;0,2270358649541117;0,11002472703177028;-0,22700462851012643;-0,1100031916304346;3,1236443985283024e-05;2,1535401335689985e-05;0,014746640580779676;0,014746640580779673;0,014746640580779676;0,9877520804600571;-0,23821611852848232;0,9876052585162506;-0,23952381854104954;1,4746640580779676e-06
93;0,3210806200151003;0,15507206769931298;-0,3210423749309144;-0,1550397799972923;3,82450841858728e-05;3,228770202068354e-05;0,02089110465871344;0,02089110465871344;0,02089110465871344;0,9854152080889158;-0,31012510517478153;0,9852812261605595;-0,3121245586547272;2,089110465871344e-06
94;0,318078653660322;0,15405422469932864;-0,3179999999998922;-0,15400000000005576;7,865366042980604e-05;5,4224699272881205e-05;0,020540604362632834;0,020540604362632837;0,020540604362632837;0,9933883935457571;-0,05809681478680032;0,9931229887210216;-0,06045098099611232;2,0540604362632837e-06
95;-0,6553175479423275;-0,31821894765836506;0,6558598036529356;0,3185927779380379;0,0005422557106080639;0,00037383027967285987;0,04263875942650768;0,04263875942650768;0,04263875942650768;0,9864183692856471;-0,24996684930699953;0,9872999759666943;-0,24215507836999564;4,263875942650768e-06
96;0,2831051680027724;0,13707250459289932;-0,2830355184040192;-0,13702448698615627;6,964959875321863e-05;4,8017606743055996e-05;0,018283635598773048;0,018283635598773048;0,018283635598773048;0,9932465816652132;-0,0796246787338086;0,9929825525372302;-0,08196895855461064;1,8283635598773048e-06
97;0,00010000002058434313;1,424990216934195e-11;-9,99999999400268e-05;-1,66919646123801e-14;2,0644316320989585e-11;1,423321020472957e-11;5,85071831226895e-06;5,850718312268952e-06;5,850718312268952e-06;0,9868025722973007;-0,27265268779007595;0,9868023685786877;-0,2726608428171319;5,850718312268952e-10
98;0,0;0,0;0,0;0,0;0,0;0,0;;;;;;;;
99;-0,12702219975553652;-0,06201544736970326;0,1270541071882283;0,06203744510955651;3,190743269176899e-05;2,1997739853250875e-05;0,008207185292149066;0,008207185292149062;0,008207185292149066;0,994372046924365;-0,22480698942740157;0,9946416430916054;-0,2224692644848694;8,207185292149067e-07
100;-0,46353475028011953;-0,2242997338239726;0,4636441914397449;0,22437518045279173;0,00010944115962535639;7,544662881911468e-05;0,03012053483582596;0,03012053483582595;0,03012053483582596;0,9870583968623401;-0,26463340741045854;0,987310219817032;-0,26238157926502015;3,012053483582596e-06
101;-0,12199973066198325;-0,05899995365431213;0,12202220971191595;0,059015451898277164;2,2479049932702666e-05;1,549824396503141e-05;0,007869942486760767;0,007869942486760767;0,007869942486760767;0,9941740860187996;-0,22656785108180327;0,994372046924365;-0,22480698942740157;7,869942486760766e-07
102;1,345306583316057;0,6719296778841327;-1,341893891798198;-0,6695767790657022;0,0034126915178589456;0,002352898818430482;0,08702098811070609;0,08702098811070609;0,08702098811070609;0,9976959908689714;-0,19760585557608923;0,9949729541072156;-0,219767427193351;8,702098811070609e-06
103;0,09810482588676613;0,047003327003771495;-0,09810285124461553;-0,04700196576109747;1,9746421505983935e-06;1,3612426740250427e-06;0,006325583939034619;0,006325583939034619;0,006325583939034619;0,9928922925629682;-0,06336149088109105;0,9928706704641138;-0,06355869536527038;6,32558393903462e-07
104;-0,4821997303781069;-0,23313770928662342;0,4824064175682984;0,23328019327439015;0,00020668719019145687;0,00014248398776672833;0,0313320976458253;0,0313320976458253;0,0313320976458253;0,9869435088334475;-0,24545323945373024;0,9874006801721199;-0,24135689614066216;3,13320976458253e-06
105;0,20203551840428163;0,09802448698614456;-0,2020000000001067;-0,09799999999994015;3,551840417492791e-05;2,448698620441392e-05;0,013056596113216547;0,013056596113216547;0,013056596113216547;0,9929825525372302;-0,08196895855461064;0,9927939818771326;-0,08363446585467552;1,3056596113216548e-06
106;-0,3994091079697489;-0,19321311463201388;0,3995347502806528;0,1932997338241465;0,0001256423109038951;8,661919213262537e-05;0,025961017265612223;0,025961017265612226;0,025961017265612226;0,9867229768271628;-0,267636240697145;0,9870583968623401;-0,26463340741045854;2,5961017265612226e-06
107;1,3417941523230124;0,6695764223055076;-1,3413789175808544;-0,6692902101746984;0,0004152347421579883;0,0002862121308092602;0,08701580024513966;0,08701580024513964;0,08701580024513966;0,9949729541072156;-0,219767427193351;0,9946416430916054;-0,2224692644848694;8,701580024513967e-06
108;0,19904238896505597;0,09603978307093076;-0,19901034546565718;-0,09600715595621871;3,2043499398781705e-05;3,262711471205271e-05;0,012950117752058921;0,01295011775205892;0,012950117752058921;0,9852812261605595;-0,3121245586547272;0,9850893524944515;-0,31613348921178025;1,295011775205892e-06
109;-1,364408335843212;-0,6550616552507031;1,3654429446784344;0,6557750198835299;0,0010346088352224392;0,0007133646328267851;0,08758188996448232;0,08758188996448231;0,08758188996448232;0,9977245831809999;-0,1991045334075448;0,9985429607126146;-0,19171729295096174;8,758188996448233e-06
110;0,5777965167674431;0,28119487790044245;-0,5768361001717535;-0,28053270284677956;0,0009604165956896837;0,0006621750536628945;0,037586307736124654;0,037586307736124654;0,037586307736124654;0,9870572383321382;-0,27031590999166766;0,9852856619267643;-0,28595954099825893;3,7586307736124654e-06
111;0,0;0,0;0,0;0,0;0,0;0,0;;;;;;;;
112;0,030102851245881163;0,014001965761430209;-0,030101747770490933;-0,01400120499067784;1,1034753902294803e-06;7,607707523688695e-07;0,0019305636473135107;0,0019305636473135107;0,0019305636473135107;0,9928706704641138;-0,06355869536527038;0,9928311533144547;-0,06394600031262661;1,930563647313511e-07
113;0,03000174777012401;0,014001204990603934;-0,029999999999898424;-0,013999999999946406;1,7477702255845606e-06;1,2049906575276742e-06;0,0019252924792312795;0,0019252924792312795;0,0019252924792312795;0,9928311533144547;-0,06394600031262661;0,9927683778903376;-0,06455660802169343;1,9252924792312796e-07
114;0,5145388511735894;0,24930255794079514;-0,5142092546554847;-0,24907532370133967;0,00032959651810471335;0,00022723423945547605;0,03336522867441781;0,0333652286744178;0,03336522867441781;0,9893593267829444;-0,22390524180913973;0,9886746227531527;-0,2300003357147567;3,3365228674417812e-06
115;0,37375747000394577;0,18038621137048721;-0,3737013361435823;-0,18033881293812928;5,613386036346091e-05;4,7398432357931286e-05;0,024132174933781537;0,024132174933781537;0,024132174933781537;0,9928922925629682;-0,06336149088109105;0,9927220564777619;-0,06588674885546904;2,413217493378154e-06
116;0,37360133614352065;0,1803388129382888;-0,37352226244333747;-0,1802720683088497;7,907370018317428e-05;6,674462943909165e-05;0,02412693723389623;0,02412693723389623;0,02412693723389623;0,9927220564777619;-0,06588674885546904;0,9924822206836673;-0,06944181797894777;2,412693723389623e-06
117;0,3734222624430884;0,18027206830881007;-0,37330499511782406;-0,18017305963526145;0,00011726732526434747;9,900867354861731e-05;0,024121698376380885;0,024121698376380882;0,024121698376380885;0,9924822206836673;-0,06944181797894777;0,9921264347476004;-0,07471936577491839;2,4121698376380887e-06
118;0,0;0,0;0,0;0,0;0,0;0,0;;;;;;;;
119;-0,3353465753966319;-0,16217000051903335;0,3354091079692295;0,1622131146320145;6,253257259764e-05;4,311411298113521e-05;0,021800086004233284;0,021800086004233284;0,021800086004233284;0,9865241741092368;-0,26941858038359495;0,9867229768271628;-0,267636240697145;2,180008600423328e-06
120;-0,509207251020135;-0,24507883907319566;0,509345401107712;0,24517409459396602;0,00013815008757700475;9,525552077035981e-05;0,03310055379786935;0,03310055379786936;0,03310055379786936;0,9856924335533342;-0,3091292314142873;0,9859816157232143;-0,30650215070866993;3,3100553797869363e-06
121;-0,32829156451967284;-0,15913207707950194;0,32834657539665213;0,15917000051919025;5,501087697928897e-05;3,79234396883088e-05;0,021354854677125522;0,021354854677125525;0,021354854677125525;0,9863456182139912;-0,27100931378475146;0,9865241741092368;-0,26941858038359495;2,1354854677125525e-06
122;0,5515712980870019;0,2673406785220052;-0,5512017204964255;-0,26708587373676174;0,0003695775905764309;0,0002548047852434787;0,035663170936186796;0,03566317093618679;0,035663170936186796;0,992295755147898;-0,0865634608570776;0,9915774451282858;-0,09293354128139482;3,5663170936186798e-06
123;-0,3280841130757801;-0,1590579905529479;0,32819156452054793;0,15913207707976787;0,00010745144476781432;7,408652681997752e-05;0,021349587583755096;0,0213495875837551;0,0213495875837551;0,9859967453109784;-0,27411809629800443;0,9863456182139912;-0,27100931378475146;2,13495875837551e-06
124;0,0;0,0;0,0;0,0;0,0;0,0;;;;;;;;
125;-0,27100601458360335;-0,13100414597508325;0,27109110982712953;0,13106281475808987;8,50952435261787e-05;5,866878300661571e-05;0,01758379644070647;0,017583796440706467;0,01758379644070647;0,9883392294255503;-0,23300413885186533;0,9886746227531527;-0,2300003357147567;1,758379644070647e-06
126;-1,8120557663153922;-0,8711517059213041;1,8155529685864673;0,8735627726852833;0,003497202271075084;0,002411066763979175;0,11625055142528079;0,11625055142528079;0,11625055142528079;0,9985429607126146;-0,19171729295096174;1,0006272039995054;-0,173013354867214;1,162505514252808e-05
127;0,7020339725707538;0,33964539566717933;-0,7014863461742566;-0,33926782562089397;0,0005476263964971917;0,0003775700462853582;0,04561758059104207;0,04561758059104207;0,04561758059104207;0,9870386307676459;-0,2969627622627808;0,9862066131839875;-0,3044175753471973;4,561758059104207e-06
128;0,2424105137990368;0,11714514327488622;-0,24234601560849528;-0,1171006739342119;6,449819054152317e-05;4,446934067431352e-05;0,015655387677360442;0,015655387677360442;0,015655387677360442;0,9928922925629682;-0,06336149088109105;0,992606772258331;-0,06591075264602272;1,565538767736044e-06
129;0,24224601560846135;0,11710067393434297;-0,24216007554640814;-0,11704142114190132;8,594006205320248e-05;5,9252792441649715e-05;0,01565015071601571;0,01565015071601571;0,01565015071601571;0,992606772258331;-0,06591075264602272;0,9922261994038547;-0,06930735891899756;1,565015071601571e-06
130;-1,28617295129124;-0,6172098649657706;1,2874085427038282;0,6180617285196659;0,0012355914125881107;0,0008518635538953268;0,08263844738481524;0,08263844738481523;0,08263844738481524;0,9966888135000312;-0,20847029736351416;0,9977245831809999;-0,1991045334075448;8,263844738481524e-06
131;0,5027360013897593;0,2445326285155679;-0,5026231598825261;-0,24443736517180104;0,00011284150723311903;9,526334376686041e-05;0,032758936990745405;0,03275893699074541;0,03275893699074541;0,9852856619267643;-0,28595954099825893;0,9850333857242117;-0,28968175026236537;3,275893699074541e-06
132;0,5025231598549154;0,24443736521936715;-0,5022505285187027;-0,24420721686790264;0,000272631336212692;0,00023014835146450974;0,03275366613300697;0,03275366613300697;0,03275366613300697;0,9850333857242117;-0,28968175026236537;0,9844237895638401;-0,2986801445388424;3,2753666133006966e-06
133;-0,3560470380456855;-0,17203243304126642;0,35619973037792574;0,17213770928675085;0,00015269233224024514;0,00010527624548442582;0,023142891662350753;0,02314289166235075;0,023142891662350753;0,9864862600397386;-0,24956087799147916;0,9869435088334475;-0,24545323945373024;2,3142891662350753e-06
134;0,0;0,0;0,0;0,0;0,0;0,0;;;;;;;;
135;0,06779083197604611;0,01218174279038115;-0,06778743993391573;-0,012179404259391909;3,3920421303873516e-06;2,338530989241458e-06;0,0040349101335514235;0,004034910133551422;0,0040349101335514235;0,9855472922463633;-0,29097989109551;0,9854936032400665;-0,2923955771217758;4,034910133551423e-07
136;0,2963049951176015;0,14317305963504814;-0,29618929717326503;-0,1430753831088196;0,00011569794433646807;9,767652622855172e-05;0,019150358357818146;0,019150358357818146;0,019150358357818146;0,9921264347476004;-0,07471936577491839;0,9916842562830891;-0,08127070407252822;1,9150358357818148e-06
137;0,6134226080955312;0,2971876848360683;-0,6132935400442086;-0,29709871243927816;0,00012906805132262278;8,897239679012126e-05;0,03935343340109021;0,0393534334010902;0,03935343340109021;1,0000000000050937;-3,085756671419177e-18;0,9997726803724715;-0,0020007473367455587;3,935343340109021e-06
138;0,6131935400443415;0,29709871243945096;-0,6127096859035371;-0,29676511923226506;0,00048385414080431843;0,00033359320718590046;0,039348236370835114;0,039348236370835114;0,039348236370835114;0,9997726803724715;-0,0020007473367455587;0,9989203551959382;-0,009511029741108264;3,934823637083512e-06
139;0,0820016297527698;0,040001232649861086;-0,08199978571896203;-0,039999961250354765;1,8440338077629903e-06;1,2713995063209915e-06;0,005294250621693794;0,005294250621693794;0,005294250621693794;0,9949710784890601;-0,22173135150520815;0,9949469258903978;-0,22194123829473475;5,294250621693794e-07
140;-0,4380476521672748;-0,21203376622392703;0,43815456320248053;0,2121074777994998;0,00010691103520571454;7,37115755727602e-05;0,028504690270640138;0,028504690270640145;0,028504690270640145;0,9857216564224948;-0,3088288498883629;0,9859816157232143;-0,30650215070866993;2,8504690270640146e-06
141;-0,5561510779297494;-0,2701871521661377;0,5561861148509921;0,2702113023416114;3,503692124273705e-05;2,4150175473691693e-05;0,03574614751407038;0,03574614751407039;0,03574614751407039;0,9986543218011092;-0,1902221720885341;0,9987222672866004;-0,18962803788278937;3,574614751407039e-06
142;-0,5562861145405157;-0,27021130234488366;0,5564823247031957;0,2703465826759244;0,00019621016268001057;0,00013528033104071024;0,035751347309901677;0,035751347309901677;0,035751347309901677;0,9987222672866004;-0,18962803788278937;0,9991027372629324;-0,1862981816249619;3,575134730990168e-06
143;-0,08299975437055881;-0,03999995861549583;0,08300787471224139;0,04000555731892676;8,120341682571475e-06;5,59870343092711e-06;0,005336987182700448;0,005336987182700449;0,005336987182700449;0,9967135259885274;-0,21096908454926822;0,9968189552533802;-0,2100250870721343;5,336987182700449e-07
144;-0,0831078743186875;-0,04000555752870494;0,08310912604615346;0,04000642055284017;1,2517274659562538e-06;8,630241352322598e-07;0,005342205341506951;0,005342205341506951;0,005342205341506951;0,9968189552533802;-0,2100250870721343;0,9968351898309391;-0,20987929319651313;5,342205341506952e-07
145;0,9536644107634819;0,45654910348075395;-0,9469729216518591;-0,451935546008445;0,0066914891116227615;0,00461355747230896;0,06137613869143559;0,06137613869143559;0,06137613869143559;0,9945893223183669;-0,22751158658463091;0,9870386307676459;-0,2969627622627808;6,137613869143559e-06
146;-1,2128067500758997;-0,581578428026817;1,2151731262667105;0,5832099638486136;0,002366376190810815;0,001631535821796537;0,07807840083366255;0,07807840083366253;0,07807840083366255;0,9945893223183669;-0,22751158658463091;0,9966888135000312;-0,20847029736351416;7,807840083366254e-06
147;-0,3471550332144882;-0,16803841043814624;0,3477370883800984;0,16843971796682966;0,000582055165610218;0,00040130752868342;0,02237818311702109;0,022378183117021094;0,022378183117021094;0,9950575094350382;-0,220965191293072;0,9968603051613351;-0,20500624411380833;2,2378183117021094e-06
148;0,3180790930061894;0,15405496230718246;-0,3180524456043976;-0,15403658565556955;2,6647401791812797e-05;1,8376651612916906e-05;0,020469106108998554;0,02046910610899855;0,020469106108998554;0,9968603051613351;-0,20500624411380833;0,9967700663321769;-0,2058044953588382;2,0469106108998556e-06
149;0,16516007554648549;0,08004142114192891;-0,16511818348007715;-0,0800125373764422;4,189206640833887e-05;2,8883765486709123e-05;0,01067932009177874;0,010679320091778736;0,01067932009177874;0,9922261994038547;-0,06930735891899756;0,9919542935696609;-0,07171885854103364;1,0679320091778739e-06
150;0,26223526177942347;0,10628369553648857;-0,2621630702081811;-0,10623392186767029;7,219157124238595e-05;4,977366881828149e-05;0,016562782861426987;0,016562782861426987;0,016562782861426987;0,9863328627300985;-0,27788264263796936;0,9860344736516699;-0,2817336210963137;1,6562782861426985e-06
151;0,16501818348000974;0,08001253737631304;-0,16500131866740186;-0,08000090906409334;1,68648126078752e-05;1,1628312219708059e-05;0,010674082619952724;0,010674082619952726;0,010674082619952726;0,9919542935696609;-0,07171885854103364;0,9918447722977858;-0,07268911899045216;1,0674082619952725e-06
152;-0,5496508798193736;-0,265241911500879;0,5499484345763026;0,26544706527281947;0,00029755475692905264;0,00020515377194046946;0,03560933928680705;0,03560933928680706;0,03560933928680706;0,9895112453186221;-0,09351811548545537;0,9900903048514842;-0,0883158202410429;3,560933928680706e-06
153;0,4849120346446809;0,23547671740517012;-0,4846665840867962;-0,2353074675665039;0,0002454505578847188;0,00016924983866623;0,03133435024376746;0,03133435024376746;0,03133435024376746;0,9932492339686049;-0,0592849303685642;0,9927061893246898;-0,0640735626827746;3,133435024376746e-06
154;0,3332814281462032;0,1621940628786031;-0,33309561466799587;-0,16206595071305385;0,00018581347820734173;0,00012811216554925453;0,021696168148672625;0,021696168148672625;0,021696168148672625;0,9863328627300985;-0,27788264263796936;0,9857390772938273;-0,28312376546888735;2,1696168148672624e-06
155;0,12601164353045263;0,06100819831233416;-0,1260015138479647;-0,06100121423576244;1,0129682487924896e-05;6,9840765717157915e-06;0,008123245535149422;0,008123245535149422;0,008123245535149422;0,9950575094350382;-0,220965191293072;0,9949710784890601;-0,22173135150520815;8,123245535149422e-07
156;-0,21202349047819438;-0,10301619527512175;0,2120841130756461;0,10305799055268562;6,062259745170939e-05;4,179527756387191e-05;0,01380713941787616;0,013807139417876157;0,01380713941787616;0,9856923600642707;-0,2768151715289013;0,9859967453109784;-0,27411809629800443;1,3807139417876162e-06
157;-0,6015823349939101;-0,2923466542767157;0,6016396561628944;0,29238618302655467;5,732116898427009e-05;3,952874983897958e-05;0,038651078763800716;0,03865107876380072;0,03865107876380072;0,9991027372629324;-0,1862981816249619;0,9992055569977597;-0,18539892637432295;3,865107876380072e-06
158;0,5595051649452084;0,2707620022379389;-0,5592320385067802;-0,2705736712205707;0,0002731264384282506;0,000188331017368204;0,03592555745198569;0,03592555745198569;0,03592555745198569;0,9989203551959382;-0,009511029741108264;0,9983934160088869;-0,01417297091958452;3,592555745198569e-06
159;0,20204552480948323;0,09803138783044592;-0,20200000000008994;-0,09800000000016654;4,552480939329362e-05;3,1387830279380746e-05;0,0131526762201246;0,013152676220124598;0,0131526762201246;0,9857815709342298;-0,2556146898361121;0,9855416363989068;-0,25774981587584045;1,3152676220124599e-06
160;0,0;0,0;0,0;0,0;0,0;0,0;;;;;;;;
161;0,23516330725642767;0,0932336066012821;-0,23510316106157342;-0,09319214008480343;6,0146194854254764e-05;4,146651647866928e-05;0,014812142251818676;0,014812142251818679;0,014812142251818679;0,9860344736516699;-0,2817336210963137;0,9857569708149997;-0,2854446804395075;1,4812142251818679e-06
162;0,0;0,0;0,0;0,0;0,0;0,0;;;;;;;;
163;0,22518929717334651;0,10907538310878197;-0,2251046839413209;-0,10900395428752489;8,461323202560433e-05;7,142882125707462e-05;0,014567320850819002;0,014567320850819002;0,014567320850819002;0,9916842562830891;-0,08127070407252822;0,9912590445554003;-0,08754750908361758;1,4567320850819002e-06
164;-0,14500000000019736;-0,07000000000003118;0,14500601458350648;0,07000414597493355;6,014583309121857e-06;4,145974902378113e-06;0,009406156326208052;0,009406156326208056;0,009406156326208056;0,9882949197537062;-0,23340225325033495;0,9883392294255503;-0,23300413885186533;9,406156326208057e-07
165;0,0;0,0;0,0;0,0;0,0;0,0;;;;;;;;
166;0,6203053184285668;0,3018451641454932;-0,6196396069746709;-0,3013861708636157;0,0006657114538959341;0,00045899328187753996;0,03981382291995949;0,03981382291995949;0,03981382291995949;1,000364824911805;-0,1753010370304096;0,9992055569977597;-0,18539892637432295;3,981382291995949e-06
167;-0,9580403514087045;-0,4678737614957055;0,9582109372391406;0,4679913747084821;0,00017058583043616515;0,00011761321277664605;0,06236445958504361;0,06236445958504362;0,06236445958504362;0,9870386307676459;-0,2969627622627808;0,9872283169418303;-0,29530654823123204;6,236445958504362e-06
168;-0,2021059924214529;-0,09800505867134923;0,2021202409673935;0,09801708906527314;1,4248545940592772e-05;1,2030393923903593e-05;0,013082572567812971;0,013082572567812973;0,013082572567812973;0,9912533200905455;-0,09770385287189903;0,9913330647968469;-0,09652856316383233;1,3082572567812973e-06
169;-0,20199999999948648;-0,09799999999971849;0,2020059924216162;0,09800505867113966;5,992422129730279e-06;5,0586714211708905e-06;0,01307733204024774;0,013077332040247741;0,013077332040247741;0,9912197690683079;-0,09819781363207365;0,9912533200905455;-0,09770385287189903;1,3077332040247742e-06
170;0,5452111469818861;0,264145553605231;-0,5450026496506712;-0,2640018270432164;0,00020849733121486302;0,0001437265620146122;0,03536783731833495;0,035367837318334955;0,035367837318334955;0,9889640558699382;-0,09839290352295867;0,9885554615551525;-0,1020297842712944;3,5367837318334954e-06
171;0,26605258131572884;0,12903660811893347;-0,26602523909888615;-0,12901775809367536;2,734221684269622e-05;1,8850025258115854e-05;0,01712716996781387;0,017127169967813865;0,01712716996781387;0,9967700663321769;-0,2058044953588382;0,9966594068746889;-0,2067790025538413;1,712716996781387e-06
172;-0,3771202409674095;-0,18301708906526545;0,3772017204966872;0,1830858737370081;8,147952927772817e-05;6,87846717426499e-05;0,024413166553633674;0,024413166553633674;0,024413166553633674;0,9913330647968469;-0,09652856316383233;0,9915774451282858;-0,09293354128139482;2,441316655363367e-06
173;0,34825055108127617;0,16920721810743886;-0,34811047838334297;-0,16908895684010603;0,00014007269793320232;0,00011826126733283093;0,022707634337764352;0,02270763433776435;0,022707634337764352;0,9844237895638401;-0,2986801445388424;0,9839720601324533;-0,30536534825427497;2,2707634337764354e-06
174;1,459522604589378;0,7071211028101598;-1,4538649849046301;-0,7032204540982269;0,005657619684747983;0,0039006487119329636;0,09351505129736337;0,09351505129736337;0,09351505129736337;1,0012774367723514;-0,17302620657406895;0,997084193649591;-0,21004917349751528;9,351505129736337e-06
175;0,184022580223381;0,08901882918954526;-0,18400245408657162;-0,08900183780404036;2,012613680937858e-05;1,699138550489976e-05;0,011980507872686664;0,011980507872686664;0,011980507872686664;0,9851296187210857;-0,30109166491801925;0,9850066516655204;-0,30292255629334874;1,1980507872686663e-06
176;0,6724684528354721;0,3269577142938292;-0,6723051724451025;-0,3268451379371311;0,0001632803903696134;0,00011257635669809085;0,043143731400528185;0,04314373140052818;0,043143731400528185;1,0006272039995054;-0,173013354867214;1,000364824911805;-0,1753010370304096;4,3143731400528186e-06
177;0,49112791135702843;0,237570825779945;-0,4909107357801033;-0,23742107526182601;0,00021717557692513267;0,0001497505181189962;0,031549179628859295;0,031549179628859295;0,031549179628859295;0,9983934160088869;-0,01417297091958452;0,9979163131162145;-0,01840067950505522;3,1549179628859298e-06
178;-0,13500989386159576;-0,06600682086397108;0,1350234904777281;0,06601619527509381;1,3596616132344197e-05;9,374411122725634e-06;0,00880341365344613;0,00880341365344613;0,00880341365344613;0,9855852482082933;-0,2777490935382439;0,9856923600642707;-0,2768151715289013;8,80341365344613e-07
179;0,24709563023756864;0,12006595358009127;-0,24702465390627665;-0,12001702045608828;7,097633129199421e-05;4,8933124002989437e-05;0,016090538151511454;0,01609053815151145;0,016090538151511454;0,9857390772938273;-0,28312376546888735;0,9854332798900148;-0,2858343100353669;1,6090538151511452e-06
180;0,4758105728623112;0,23042096294468725;-0,47561155833884505;-0,23028374929284318;0,00019901452346615667;0,00013721365184407586;0,030586375467622866;0,030586375467622866;0,030586375467622866;0,9979163131162145;-0,01840067950505522;0,997465325721356;-0,022385780791560173;3,0586375467622867e-06
181;-0,11899999999999238;-0,05799999999996878;0,11900989386182959;0,05800682086404768;9,893861837209639e-06;6,82086407890331e-06;0,007755560148558341;0,007755560148558343;0,007755560148558343;0,9854967935425828;-0,2785266078694454;0,9855852482082933;-0,2777490935382439;7,755560148558343e-07
182;0,0;0,0;0,0;0,0;0,0;0,0;;;;;;;;
183;0,0510013186672641;0,02500090906366685;-0,05099999999993925;-0,02499999999979605;1,3186673248552494e-06;9,090638708013354e-07;0,0033062825012221513;0,0033062825012221517;0,0033062825012221517;0,9918447722977858;-0,07268911899045216;0,9918171088220943;-0,07292702613998384;3,3062825012221515e-07
184;0,0;0,0;0,0;0,0;0,0;0,0;;;;;;;;
185;-2,1187944825474587;-1,0458192522142;2,1206397921734985;1,0470913379989595;0,0018453096260397928;0,001272085784759458;0,136733851552865;0,136733851552865;0,136733851552865;0,9976959908689714;-0,19760585557608923;0,9986324329773505;-0,1897580227929996;1,36733851552865e-05
186;0,0;0,0;0,0;0,0;0,0;0,0;;;;;;;;
187;0,48371698903522603;0,23442656101452583;-0,4831586857670651;-0,23404163955832313;0,0005583032681609201;0,000384921456202697;0,030994685038819702;0,030994685038819702;0,030994685038819702;1,0012774367723514;-0,17302620657406895;1,0000288934343338;-0,1840081393510916;3,09946850388197e-06
188;0,1990621411800217;0,09605265677575862;-0,19902243790269916;-0,09601914030302962;3,9703277322528097e-05;3,351647272900604e-05;0,012953783397164338;0,012953783397164343;0,012953783397164343;0,9851066356402778;-0,3014625435594195;0,9848823446851352;-0,304815605498918;1,2953783397164342e-06
189;0,24904703804568373;0,12003243304109112;-0,24902235272752865;-0,12001541328784836;2,4685318155082125e-05;1,7019753242766833e-05;0,016180299142419387;0,016180299142419384;0,016180299142419387;0,9864862600397386;-0,24956087799147916;0,9863805450582303;-0,250517267066998;1,6180299142419388e-06
190;0,1710254862300808;0,08301780106761403;-0,17099955509894263;-0,08299992179465028;2,59311311381627e-05;1,787927296374725e-05;0,01101277392631911;0,011012773926319113;0,011012773926319113;0,9966594068746889;-0,2067790025538413;0,9964961770904277;-0,208214048177633;1,1012773926319112e-06
191;0,14101565901005486;0,06801216563983747;-0,14100754367378068;-0,06800531319436227;8,115336274178153e-06;6,852445475200031e-06;0,009175659100645855;0,009175659100645855;0,009175659100645855;0,9851066356402778;-0,3014625435594195;0,9850419117913091;-0,3024311943847183;9,175659100645855e-07
192;0,02800062882814096;0,014000530950678691;-0,027999999999989436;-0,014000000000042591;6,288281515255678e-07;5,309506360996752e-07;0,0018227415642258233;0,0018227415642258235;0,0018227415642258235;0,991604320311605;-0,07985389749858277;0,9915789839347519;-0,08020836361336303;1,8227415642258235e-07
193;0,02810100944753981;0,014000852326752092;-0,02810062882806963;-0,014000530950396706;3,80619470181226e-07;3,213763553853999e-07;0,0018279511026732809;0,0018279511026732807;0,0018279511026732809;0,9916196070400041;-0,07963870581646658;0,991604320311605;-0,07985389749858277;1,827951102673281e-07
194;0,27611048896112583;0,13408895740544463;-0,27602805660161855;-0,13401937013088006;8,243235950727845e-05;6,958727456457536e-05;0,018010297939966113;0,018010297939966117;0,018010297939966117;0,9839720601324533;-0,30536534825427497;0,9836369118197714;-0,31032966124080935;1,8010297939966115e-06
195;0,4195093574877372;0,2032822318129858;-0,4193792242825578;-0,2031925058635268;0,00013013320517940574;8,972594945899637e-05;0,02698256217686204;0,02698256217686204;0,02698256217686204;0,997465325721356;-0,022385780791560173;0,9971310276875126;-0,025336329306080402;2,6982562176862042e-06
196;-0,24401802203185682;-0,1180129363441594;0,24404843532314277;0,11803390268174824;3,041329128594672e-05;2,096633758884303e-05;0,015878301597670293;0,015878301597670286;0,015878301597670293;0,9855889103647759;-0,31001949656130623;0,9857216564224948;-0,3088288498883629;1,5878301597670293e-06
197;0,0;0,0;0,0;0,0;0,0;0,0;;;;;;;;
198;-1,0590439134738217;-0,5127197551501963;1,060004979324667;0,5133823788105245;0,0009610658508454328;0,0006626236603282099;0,06864760111890368;0,0686476011189037;0,0686476011189037;0,9895859411616768;-0,09227037160048701;0,9905563075627518;-0,08362977576404639;6,8647601118903694e-06
199;0,0;0,0;0,0;0,0;0,0;0,0;;;;;;;;
200;0,40727907342018355;0,197192401836779;-0,4071383126986032;-0,19709536240443276;0,00014076072158036856;9,703943234623535e-05;0,026200576987566303;0,026200576987566306;0,026200576987566306;0,9971310276875126;-0,025336329306080402;0,996758668735433;-0,02862966641395974;2,6200576987566306e-06
201;-0,052600250115535076;-0,025000172444182584;0,052602923131744646;0,025002015279224396;2,673016209570056e-06;1,8428350418119022e-06;0,003407004332238373;0,003407004332238373;0,003407004332238373;0,9869189328202763;-0,2716149738162805;0,9869732494209967;-0,2711064082141226;3,407004332238373e-07
202;0,0;0,0;0,0;0,0;0,0;0,0;;;;;;;;
203;-0,1710007446078674;-0,08300051338227271;0,17103157274921343;0,08302176708837973;3,082814134602874e-05;2,1253706107018933e-05;0,011055859722418323;0,011055859722418323;0,011055859722418323;0,992619668627452;-0,06488504809644524;0,992812963064562;-0,06317960905175064;1,1055859722418323e-06
204;0,0691040928424111;0,03400345559961232;-0,06910100944782799;-0,03400085232672094;3,0833945831171272e-06;2,6032728913799597e-06;0,004483926681095446;0,004483926681095446;0,004483926681095446;0,9916700288774305;-0,0789137240859426;0,9916196070400041;-0,07963870581646658;4,483926681095446e-07
205;0,06920824687287368;0,03400632007278586;-0,06920409284238083;-0,034003455599423166;4,154030492850569e-06;2,8644733626945196e-06;0,004489151254239063;0,004489151254239063;0,004489151254239063;0,9917342246409042;-0,07836462938153486;0,9916700288774305;-0,0789137240859426;4,489151254239063e-07
206;0,06810345093076726;0,01219182611778675;-0,06809894951090123;-0,01218872270947464;4,501419866034806e-06;3,103408312110645e-06;0,004052178401742553;0,004052178401742554;0,004052178401742554;0,9857569708149997;-0,2854446804395075;0,9856860473858193;-0,2873177470769608;4,052178401742554e-07
207;0,06799921426601684;0,012188359275309675;-0,0679936484052299;-0,01218452197017618;5,565860786940768e-06;3,8373051334961855e-06;0,004046424324031515;0,004046424324031514;0,004046424324031515;0,9856860473858193;-0,2873177470769608;0,9855982195618853;-0,2896361616245672;4,046424324031515e-07
208;0,06789387926709561;0,012184205175260648;-0,0678906568067683;-0,012181983396868087;3,222460327315102e-06;2,2217783925606444e-06;0,004040668473032241;0,004040668473032241;0,004040668473032241;0,9855982195618853;-0,2896361616245672;0,9855472922463633;-0,29097989109551;4,0406684730322407e-07
209;-0,4433042786996859;-0,21407189673205168;0,4435488380941154;0,21424050369523925;0,0002445593944294666;0,00016860696318757307;0,028740543280867867;0,028740543280867867;0,028740543280867867;0,9889215568050865;-0,09880865914374644;0,9895112453186221;-0,09351811548545537;2,874054328086787e-06
210;-0,3390400394507828;-0,1640284348437366;0,3391590818493905;0,1641105057063903;0,00011904239860766053;8,207086265368813e-05;0,021725495154670843;0,02172549515467085;0,02172549515467085;1,000897674119683;-0,1763769571883182;1,0012774367723514;-0,17302620657406895;2,172549515467085e-06
211;0,2000369952858662;0,09602561916403171;-0,20000918059485998;-0,09600644361560864;2,781469100621159e-05;1,9175548423067124e-05;0,013003712813668309;0,013003712813668305;0,013003712813668309;0,9851721934830756;-0,29963813973930375;0,985024018678879;-0,3009939374239313;1,3003712813668309e-06
212;0,08500762548841873;0,04100530527046045;-0,08499990759557902;-0,04099998435849437;7,71789283970925e-06;5,3209119660821425e-06;0,005531822304276846;0,005531822304276847;0,005531822304276847;0,9850419117913091;-0,3024311943847183;0,9849452331914422;-0,3033050448728933;5,531822304276847e-07
213;0,062002613852780705;0,030001836799255107;-0,06199993268272963;-0,029999988390939758;2,6811700510748215e-06;1,8484083153490205e-06;0,004037313086780521;0,00403731308678052;0,004037313086780521;0,9850066516655204;-0,30292255629334874;0,9849606248673763;-0,30333517998194925;4,037313086780521e-07
214;0,12202253311879845;0,059019144340675726;-0,12199984923377734;-0,058999992974489296;2,268388502110752e-05;1,9151366186430374e-05;0,007945883579380367;0,00794588357938037;0,00794588357938037;0,9848823446851352;-0,304815605498918;0,984673378597007;-0,3079289049777053;7,945883579380369e-07
215;0,11902467720792684;0,0580170245045359;-0,11901873710543887;-0,05801292962537396;5,940102487972387e-06;4,09487916194079e-06;0,007757796671689923;0,007757796671689924;0,007757796671689924;0,9854332798900148;-0,2858343100353669;0,9853801891848072;-0,2863008770908335;7,757796671689925e-07
216;0,0;0,0;0,0;0,0;0,0;0,0;;;;;;;;
217;-0,11300000000001431;-0,0539999999999542;0,11302990134686036;0,05402061571143553;2,9901346846050725e-05;2,0615711481326848e-05;0,007305184493699254;0,0073051844936992535;0,007305184493699254;0,9898068284101236;-0,09092654245760799;0,9900903048514842;-0,0883158202410429;7,305184493699255e-07
218;-0,0005000002120031373;-1,459980553376413e-10;0,0005000002682911798;1,8480677413740666e-10;5,62880424779047e-11;3,8808718799765355e-11;2,925015215463365e-05;2,925015215463365e-05;2,925015215463365e-05;0,986918821716841;-0,2716194209636019;0,9869189328202763;-0,2716149738162805;2,925015215463365e-09
219;-0,00040000004348852346;-2,930184575236558e-11;0,00040000021160217894;1,4521057679548934e-10;1,6811365548350526e-10;1,1590873104312376e-10;2,3400124180699845e-05;2,3400124180699845e-05;2,3400124180699845e-05;0,986918406930671;-0,2716360236557987;0,986918821716841;-0,2716194209636019;2,3400124180699847e-09
220;-0,00020000002820519104;-1,9257393241068536e-11;0,0002000000402133115;2,7536589843876276e-11;1,2008120463691957e-11;8,27919660280774e-12;1,1700063170795033e-05;1,1700063170795031e-05;1,1700063170795033e-05;0,9869183476755025;-0,27163839547010615;0,986918406930671;-0,2716360236557987;1,1700063170795033e-09
221;-0,00010000000000935128;4,909422136332524e-14;0,00010000002777813746;1,9096553152003366e-11;2,776878618541978e-11;1,9145647373366692e-11;5,850032385421006e-06;5,850032385421006e-06;5,850032385421006e-06;0,9869180736203149;-0,2716493651149721;0,9869183476755025;-0,27163839547010615;5,850032385421006e-10
222;0,0;0,0;0,0;0,0;0,0;0,0;;;;;;;;
223;9,999934667131262e-05;3,827403562813283e-10;-9,999933747990946e-05;-3,764035386138125e-10;9,191403158872145e-12;6,336817667515799e-12;5,790348506936801e-06;5,7903485069368005e-06;5,790348506936801e-06;0,997084193649591;-0,21004917349751528;0,9970841020027243;-0,21005280423049214;5,790348506936802e-10
224;1,86030829768004;0,907953783844335;-1,8587460775725009;-0,9068766854391375;0,0015622201075391473;0,0010770984051975407;0,11936219419099034;0,11936219419099034;0,11936219419099034;1,0012774367723514;-0,17302620657406895;1,0003698584708538;-0,18085941673881872;1,1936219419099034e-05
225;-1,1123949688494397;-0,542049670541917;1,1144048971928804;0,5434353946089183;0,0020099283434407145;0,001385724067001326;0,07236748169870322;0,07236748169870322;0,07236748169870322;0,9872283169418303;-0,29530654823123204;0,9891541298846657;-0,2784269096340909;7,236748169870322e-06
226;0,10301873997973865;0,050012930225728905;-0,10299998124236863;-0,04999999670502507;1,8758737370019873e-05;1,2933520703833912e-05;0,006709739899813806;0,006709739899813804;0,006709739899813806;0,9853801891848072;-0,2863008770908335;0,9851863810757597;-0,2880235450207172;6,709739899813806e-07
227;0,0;0,0;0,0;0,0;0,0;0,0;;;;;;;;
228;0,0;0,0;0,0;0,0;0,0;0,0;;;;;;;;
229;0,42534188568994225;0,20623659395806468;-0,42518232888352586;-0,2061265928077232;0,00015955680641638326;0,00011000115034148772;0,027673297705295283;0,02767329770529527;0,027673297705295283;0,9862066131839875;-0,3044175753471973;0,9858069564204681;-0,30797848269885647;2,767329770529528e-06
230;-0,16511213904371558;-0,08000850006609979;0,16513748007918885;0,08002989229993421;2,5341035473275264e-05;2,1392233834419128e-05;0,010754764395444774;0,010754764395444772;0,010754764395444774;0,984957116181112;-0,3036521101516097;0,9851296187210857;-0,30109166491801925;1,0754764395444775e-06
231;0,0;0,0;0,0;0,0;0,0;0,0;;;;;;;;
232;0,018000736350397464;0,009000530602090263;-0,01799995256952846;-0,008999990184003263;7,837808690056014e-07;5,404180869993114e-07;0,001163537945073862;0,0011635379450738613;0,001163537945073862;0,9986324329773505;-0,1897580227929996;0,9985856551001656;-0,19013622685945017;1,163537945073862e-07
233;0,30913212343392893;0,14909108568644436;-0,30909236767175763;-0,14906367958656452;3,9755762171300724e-05;2,7406099879834223e-05;0,020069727027838106;0,020069727027838106;0,020069727027838106;0,987310219817032;-0,26238157926502015;0,9871729599197996;-0,26361962933007893;2,0069727027838103e-06
234;-0,3161401849329469;-0,1530277255164124;0,31618191899882186;0,15305649538310068;4,1734065874987625e-05;2,8769866688288515e-05;0,020563014050942557;0,02056301405094256;0,02056301405094256;0,9861511364860531;-0,29120027564636214;0,9862918015811688;-0,2899423279835978;2,056301405094256e-06
235;0,32115134345705215;0,15510434559105218;-0,3210654965769239;-0,1550451570444248;8,584688012824859e-05;5,918854662739781e-05;0,02085555193109716;0,020855551931097165;0,020855551931097165;0,987310219817032;-0,26238157926502015;0,9870249601107878;-0,26494687259093763;2,085555193109716e-06
236;0,0;0,0;0,0;0,0;0,0;0,0;;;;;;;;
237;0,0490038352338758;0,02400274371554051;-0,048999802868181674;-0,0239999635345421;4,032365694128792e-06;2,7801809984080716e-06;0,003196129644299713;0,003196129644299712;0,003196129644299713;0,9856924335533342;-0,3091292314142873;0,9856049270987147;-0,30988846242781637;3,196129644299713e-07
238;0,24120040279728377;0,11606973136131846;-0,24116807723578923;-0,11604744397008276;3,232556149454502e-05;2,2287391235692455e-05;0,01567393702872435;0,01567393702872435;0,01567393702872435;0,9859816157232143;-0,30650215070866993;0,985838722862415;-0,3078007601551185;1,567393702872435e-06
239;-0,1219995064382063;-0,0589999151532119;0,1220185151089033;0,0590130213205515;1,9008670696998853e-05;1,310616733959935e-05;0,007939819138003809;0,00793981913800381;0,00793981913800381;0,9854229826605392;-0,3115087781327404;0,9855889103647759;-0,31001949656130623;7,939819138003811e-07
240;-2,2619497489865674;-1,1156158153960816;2,2639273615704067;1,1169792032797579;0,0019776125838393277;0,0013633878836762925;0,14565968098744558;0,1456596809874456;0,1456596809874456;0,9996851451895328;-0,18091127866505421;1,0006272039995054;-0,173013354867214;1,456596809874456e-05
241;1,1899792370318418;0,5741640890040492;-1,1888003697200427;-0,5733512995031647;0,00117886731179917;0,000812789500884592;0,07728440935969047;0,07728440935969047;0,07728440935969047;0,9870386307676459;-0,2969627622627808;0,9859816157232143;-0,30650215070866993;7,728440935969047e-06
242;0,0;0,0;0,0;0,0;0,0;0,0;;;;;;;;
243;0,2710923676716951;0,13106367958659004;-0,27102094992557213;-0,1310144426516652;7,141774612295926e-05;4,923693492484005e-05;0,01761063271895102;0,01761063271895102;0,01761063271895102;0,9871729599197996;-0,26361962933007893;0,9868919063767531;-0,2661401348146848;1,761063271895102e-06
244;0,09800929159474185;0,04700646197769449;-0,0979999441951379;-0,04700001767874917;9,347399603953921e-06;6,444298945314231e-06;0,006371142139554953;0,006371142139554955;0,006371142139554955;0,985024018678879;-0,3009939374239313;0,9849223890519809;-0,3019261193845469;6,371142139554955e-07
245;-0,10509988596418737;-0,050999980009895876;0,1051122286831596;0,05100848990095199;1,2342718972227495e-05;8,509891056114605e-06;0,006848500337947493;0,006848500337947493;0,006848500337947493;0,9848321826211012;-0,3047641733608725;0,984957116181112;-0,3036521101516097;6,848500337947493e-07
246;-1,191404548520653;-0,5804353819866038;1,19370099080756;0,5820186400942032;0,0022964422869069523;0,0015832581075994057;0,07735367303282087;0,07735367303282083;0,07735367303282087;0,9891541298846657;-0,2784269096340909;0,9912126122239506;-0,26041249919184845;7,735367303282087e-06
247;0,0;0,0;0,0;0,0;0,0;0,0;;;;;;;;
248;-0,9076070393908295;-0,43941852719547164;0,9080439134736438;0,43971975514978895;0,00043687408281423146;0,00030122795431730687;0,05886238003010133;0,05886238003010132;0,05886238003010133;0,9890715052892429;-0,09685609525376;0,9895859411616768;-0,09227037160048701;5,8862380030101334e-06
249;0,19916824773976283;0,096047470815084;-0,1991296314218256;-0,09602084789239984;3,861631793722342e-05;2,6622922684155226e-05;0,012949628822774997;0,012949628822774995;0,012949628822774997;0,985838722862415;-0,3078007601551185;0,9856320872864749;-0,30966843844379366;1,2949628822774996e-06
250;-2,2596400900399893;-1,1140919717693145;2,261849868850836;1,1156156499009873;0,0022097788108466077;0,0015236781316727566;0,1456545033945968;0,14565450339459682;0,14565450339459682;0,9986324329773505;-0,1897580227929996;0,9996851451895328;-0,18091127866505421;1,4565450339459683e-05
251;0,0;0,0;0,0;0,0;0,0;0,0;;;;;;;;
252;0,0;0,0;0,0;0,0;0,0;0,0;;;;;;;;
253;0,05600232330817802;0,02700160184301066;-0,05599999999998421;-0,026999999999878406;2,3233081938092703e-06;1,601843132255365e-06;0,003639059049084667;0,0036390590490846687;0,0036390590490846687;0,9863805450582303;-0,250517267066998;0,986336305356767;-0,25091711725513094;3,6390590490846687e-07
254;0,0;0,0;0,0;0,0;0,0;0,0;;;;;;;;
255;0,23604356150017086;0,11403003193988799;-0,23601661661761192;-0,11401145555655007;2,694488255894356e-05;1,857638333792322e-05;0,015297661082405349;0,015297661082405342;0,015297661082405349;0,9893593267829444;-0,22390524180913973;0,9892372622472568;-0,22499953370250209;1,5297661082405347e-06
256;0,24406549657691765;0,11804515704449327;-0,24401585946903587;-0,11801093392223275;4,963710788177811e-05;3,4223122260521044e-05;0,01585852035951871;0,01585852035951871;0,01585852035951871;0,9870249601107878;-0,26494687259093763;0,9868080300213903;-0,26689081482284666;1,585852035951871e-06
257;0,19404871473280966;0,09403406765855077;-0,193999064947667;-0,09399983741045426;4,9649785142658054e-05;3,423024809651176e-05;0,012495255092225339;0,012495255092225339;0,012495255092225339;0,9963413578442489;-0,21660839822232758;0,9960659393467061;-0,21904097287794558;1,249525509222534e-06
258;0,3031828210120835;0,14712667845244104;-0,3030461418689438;-0,14703244276414773;0,0001366791431396952;9,42356882933093e-05;0,01973657624028496;0,019736576240284964;0,019736576240284964;0,9858069564204681;-0,30797848269885647;0,9853269000776604;-0,31224951199886913;1,973657624028496e-06
259;0,44258160934397656;0,21433312589355324;-0,44225540973461896;-0,21410823051070418;0,0003261996093575914;0,00022489538284906074;0,02835492545726646;0,02835492545726646;0,02835492545726646;1,0012774367723514;-0,17302620657406895;1,0004800713078181;-0,18004972128740637;2,835492545726646e-06
260;0,0;0,0;0,0;0,0;0,0;0,0;;;;;;;;
261;0,0;0,0;0,0;0,0;0,0;0,0;;;;;;;;
262;0,16801002582077587;0,08200731640222837;-0,16800236116537845;-0,08200203187921838;7,664655397421338e-06;5,284523009990716e-06;0,010793601346450563;0,01079360134645056;0,010793601346450563;1,0000288934343338;-0,1840081393510916;0,9999796507797406;-0,18443320803225233;1,0793601346450563e-06
263;0,15414495109043236;0,07403131828866355;-0,15412846646317063;-0,07401995372710066;1,6484627261725837e-05;1,1364561562893227e-05;0,010010823755589328;0,010010823755589331;0,010010823755589331;0,9862066131839875;-0,3044175753471973;0,9860925383513277;-0,3054589494759722;1,001082375558933e-06
264;0,38826625279525484;0,18818452303289587;-0,3881362045439813;-0,1880948655775902;0,00013004825127355124;8,965745530567504e-05;0,024983628070787117;0,024983628070787117;0,024983628070787117;0,997084193649591;-0,21004917349751528;0,9967233894857521;-0,2132320225780675;2,4983628070787118e-06
265;0,15402846690274344;0,07401995356620701;-0,15400651257013162;-0,07400481678968669;2,1954332611817673e-05;1,5136776520319195e-05;0,01000554625306286;0,010005546253062858;0,01000554625306286;0,9860925383513277;-0,3054589494759722;0,9859405236310711;-0,30684514368587174;1,000554625306286e-06
266;-0,15400732359332078;-0,07400537588165464;0,1540840469053429;0,07405827403385591;7,672331202210336e-05;5,289815220127503e-05;0,009997935557999101;0,009997935557999101;0,009997935557999101;0,9866966675336079;-0,3001489325087127;0,9872283169418303;-0,29530654823123204;9,997935557999101e-07
267;-1,6641160209401464;-0,8121317938818688;1,6666288213556029;0,8138642855499815;0,0025128004154564287;0,0017324916681126235;0,10704334742643488;0,10704334742643488;0,10704334742643488;0,9987419973312649;-0,1949120133700401;1,0003698584708538;-0,18085941673881872;1,0704334742643489e-05
268;-0,19409997503389698;-0,09399999567790272;0,19414020061858028;0,09402772822088167;4,0225584683306614e-05;2,773254297894212e-05;0,012629031066951062;0,012629031066951063;0,012629031066951063;0,9859303675251573;-0,293172914787216;0,9861511364860531;-0,29120027564636214;1,2629031066951064e-06
269;0,19402807211200496;0,09401936778156086;-0,19399997479198022;-0,09399999562110603;2,809732002473364e-05;1,9372160454833587e-05;0,012655174550888881;0,01265517455088888;0,012655174550888881;0,9836369118197714;-0,31032966124080935;0,9834830176902819;-0,31170666870082725;1,2655174550888882e-06
270;-0,2312238435497529;-0,11201644035459458;0,231270985672192;0,11204894215022551;4,714212243911442e-05;3,250179563092648e-05;0,015003242171232138;0,015003242171232143;0,015003242171232143;0,9887037651414688;-0,10074768211143621;0,9889215568050865;-0,09880865914374644;1,5003242171232144e-06
271;-0,32716455824148916;-0,1580452175238713;0,32731000079370753;0,15816800853381421;0,00014544255221837776;0,00012279100994291858;0,021037723739794137;0,021037723739794133;0,021037723739794137;0,9971308762723882;-0,20724332165016243;0,9976368727343463;-0,19978805294521876;2,1037723739794137e-06
272;0,0;0,0;0,0;0,0;0,0;0,0;;;;;;;;
273;0,2231278003082942;0,10808866435437527;-0,2230486449202599;-0,10803409150027832;7,915538803432431e-05;5,4572854096948675e-05;0,01436128873475914;0,01436128873475914;0,01436128873475914;0,9967233894857521;-0,2132320225780675;0,9963413578442489;-0,21660839822232758;1,436128873475914e-06
274;-0,12199940896195102;-0,05899989843110928;0,12202042828650356;0,059014389911420294;2,1019324552534746e-05;1,4491480311011606e-05;0,007863477181701141;0,007863477181701143;0,007863477181701143;0,9949891872520734;-0,22866029346948807;0,9951744441996997;-0,2270138930762405;7,863477181701143e-07
275;0,1867968909467531;0,09006680524839453;-0,18676082134224278;-0,09004193353982423;3,6069604510330366e-05;2,4871708570295414e-05;0,01201183538885722;0,01201183538885722;0,01201183538885722;0,996758668735433;-0,02862966641395974;0,9965505845546803;-0,030491658730790638;1,2011835388857218e-06
276;0,2710908924447345;0,1310669119956528;-0,27102267547328596;-0,13101987868018067;6,821697144854255e-05;4,703331547212253e-05;0,017637088798050527;0,01763708879805053;0,01763708879805053;0,9856924335533342;-0,3091292314142873;0,9854243739646619;-0,311537083559618;1,763708879805053e-06
277;0,12212994332084369;0,059020899638881935;-0,12211678982236354;-0,059011831395437295;1,3153498480147907e-05;9,068243444640411e-06;0,007945548575486638;0,00794554857548664;0,00794554857548664;0,9856320872864749;-0,30966843844379366;0,9855173606085821;-0,3106998430763995;7,945548575486639e-07
278;0,1220167903108547;0,05901183117757139;-0,12199950634439403;-0,05899991511402332;1,728396646066832e-05;1,1916063548070288e-05;0,00794027425727523;0,00794027425727523;0,00794027425727523;0,9855173606085821;-0,3106998430763995;0,9853664996177102;-0,3120536581519022;7,94027425727523e-07
279;-0,09599954776164706;-0,046999916576876015;0,09600997156366832;0,04700710304576791;1,0423802021264361e-05;7,1864688918968356e-06;0,006166331561841038;0,006166331561841037;0,006166331561841038;1,0007804311321584;-0,17737973698838996;1,000897674119683;-0,1763769571883182;6,166331561841038e-07
280;-0,10499949381637019;-0,05099991079623902;0,10501255161783926;0,05100891371271015;1,3057801469068542e-05;9,002916471129163e-06;0,006767745810038535;0,006767745810038535;0,006767745810038535;0,9958127609302749;-0,2213105315042918;0,9959465173693675;-0,22013602348601163;6,767745810038535e-07
281;0,18166079839557556;0,08804191771848244;-0,18164069963494914;-0,08802806032472268;2,0098760626419132e-05;1,3857393759753034e-05;0,011695387645987095;0,011695387645987097;0,011695387645987097;0,9965505845546803;-0,030491658730790638;0,9964314646130732;-0,031543179025535203;1,1695387645987098e-06
282;0,17924042636653983;0,08702787094377352;-0,1792243586091369;-0,08701679414110726;1,6067757402926652e-05;1,107680266626554e-05;0,01154117347847602;0,011541173478476021;0,011541173478476021;0,996758668735433;-0,02862966641395974;0,9966621593238263;-0,0294769951636683;1,154117347847602e-06
283;0,0;0,0;0,0;0,0;0,0;0,0;;;;;;;;
284;0,19014290155080013;0,0910985222703244;-0,19012296677915538;-0,0910847779134038;1,993477164474733e-05;1,3744356920600276e-05;0,012308657622828352;0,012308657622828354;0,012308657622828354;0,9889640558699382;-0,09839290352295867;0,9888518731149237;-0,09942074156792598;1,2308657622828354e-06
285;0,1740322298029966;0,08502470688709199;-0,17401849562015062;-0,08501310938347267;1,3734182845975829e-05;1,1597503619314997e-05;0,011197855749886182;0,011197855749886186;0,011197855749886186;0,9986543218011092;-0,1902221720885341;0,9985644488331362;-0,19152133300612673;1,1197855749886186e-06
286;0,0;0,0;0,0;0,0;0,0;0,0;;;;;;;;
287;-0,4530465929770234;-0,22003212447090206;0,45331754794221674;0,2202189476583673;0,0002709549651933596;0,0001868231874652404;0,029497774601913045;0,02949777460191305;0,02949777460191305;0,9857815709342298;-0,2556146898361121;0,9864183692856471;-0,24996684930699953;2,949777460191305e-06
288;0,17203224867332587;0,0820222323213255;-0,17201036496918232;-0,08200714613819711;2,1883704143549343e-05;1,5086183128384945e-05;0,011133367795436219;0,011133367795436222;0,011133367795436222;0,9883303323674324;-0,10421327729053792;0,9881942269010429;-0,10547594496975987;1,1133367795436223e-06
289;0,17002002941909855;0,08201381144419861;-0,17001025816876708;-0,08200707265086657;9,771250331469528e-06;6,738793332045079e-06;0,01104896327031152;0,011048963270311525;0,011048963270311525;0,9863805450582303;-0,250517267066998;0,9863192585293918;-0,2510709987439889;1,1048963270311525e-06
290;-0,3483100710134906;-0,16816788327812404;0,3484309352089244;0,1682512150900237;0,00012086419543377858;8,333181189965067e-05;0,022383766887628814;0,022383766887628814;0,022383766887628814;0,9976368727343463;-0,19978805294521876;0,9980110670881385;-0,1964573330105388;2,2383766887628812e-06
291;-9,999985035000348e-05;-8,515059158643378e-11;9,999986580112818e-05;9,580326879123136e-11;1,5451124700440605e-11;1,0652677204797587e-11;5,862414983796984e-06;5,862414983796983e-06;5,862414983796984e-06;0,9848320304531534;-0,30477027689596864;0,9848321826211012;-0,3047641733608725;5,862414983796983e-10
292;0,0;0,0;0,0;0,0;0,0;0,0;;;;;;;;
293;0,14902094992573792;0,07201444265167875;-0,1490075845250507;-0,07200522862544742;1,3365400687220808e-05;9,214026231330052e-06;0,009682603506109517;0,009682603506109512;0,009682603506109517;0,9868919063767531;-0,2661401348146848;0,9867962458725006;-0,26699898797342414;9,682603506109518e-07
294;-0,019999904980572327;-0,009999980347314159;0,020000070593541412;0,010000094514552419;1,6561296908509937e-07;1,1416723826040975e-07;0,0012953543720347152;0,0012953543720347154;0,0012953543720347154;0,9966300051903454;-0,2140401574552683;0,9966388830738296;-0,21396828480957095;1,2953543720347153e-07
295;-0,1941237204576841;-0,09401682929600044;0,1941492348899428;0,0940344190377363;2,5514432258677555e-05;1,7589741735851705e-05;0,012454411306303894;0,012454411306303892;0,012454411306303894;0,9998869007393841;-0,1852589736673298;1,0000288934343338;-0,1840081393510916;1,2454411306303895e-06
296;-0,1939990786751841;-0,09399983989863386;0,1940237209642001;0,0940168291295894;2,4642289015996965e-05;1,698923095554139e-05;0,012449214826092028;0,012449214826092028;0,012449214826092028;0,999749699122505;-0,18646648257961865;0,9998869007393841;-0,1852589736673298;1,2449214826092028e-06
297;0,15501661661759006;0,0750114555563022;-0,15500000000004543;-0,07500000000016165;1,6616617544623624e-05;1,145555614055771e-05;0,01005082153782796;0,010050821537827959;0,01005082153782796;0,9892372622472568;-0,22499953370250209;0,9891226792351677;-0,22602236205432188;1,0050821537827962e-06
298;0,15402013120613783;0,0740162114232883;-0,1540050692581483;-0,07400349480209842;1,5061947989530866e-05;1,2716621189887145e-05;0,009910247981729708;0,009910247981729708;0,009910247981729708;0,9955217231140998;-0,039253265826168865;0,9954105451543007;-0,040909082910746304;9,910247981729708e-07
299;0,15229727101976787;0,07406707358726476;-0,15221765151340763;-0,0740121786061354;7,961950636023452e-05;5,489498112935809e-05;0,009905800164226049;0,00990580016422605;0,00990580016422605;0,9870572383321382;-0,27031590999166766;0,9864999908988349;-0,2752394510740074;9,90580016422605e-07
300;0,1260126081721844;0,061008691556978675;-0,1259999999997989;-0,06099999999993738;1,2608172385492056e-05;8,691557041293207e-06;0,00817605325341887;0,008176053253418872;0,008176053253418872;0,9886382533612968;-0,2303194404266058;0,9885313738650873;-0,23127257422435563;8,176053253418871e-07
301;0,20218114599362694;0,09805594396375948;-0,20217560700104856;-0,09805212675465348;5,538992578379975e-06;3,817209105999586e-06;0,012973329557391432;0,012973329557391434;0,012973329557391434;1,0000000000050937;-3,085756671419177e-18;0,999970407714267;-0,000259451996330976;1,2973329557391435e-06
302;0,20207560700218263;0,09805212675474707;-0,20199999999999987;-0,09800000000000585;7,560700218275929e-05;5,212675474122741e-05;0,012968134847622033;0,012968134847622033;0,012968134847622033;0,999970407714267;-0,000259451996330976;0,999566259705789;-0,00380447174613337;1,2968134847622032e-06
303;0,0;0,0;0,0;0,0;0,0;0,0;;;;;;;;
304;0,33861744467633714;0,16516157371951537;-0,3385480195641546;-0,16510296514797618;6,942511218255287e-05;5,860857153919263e-05;0,021780947576825284;0,021780947576825284;0,021780947576825284;0,9986543218011092;-0,1902221720885341;0,998420818193146;-0,19360545543565152;2,1780947576825284e-06
305;0,0;0,0;0,0;0,0;0,0;0,0;;;;;;;;
306;-0,3694308735575305;-0,17825120471401557;0,3696130073613823;0,17837678277910876;0,00018213380385179168;0,0001255780650931959;0,023729303325356416;0,023729303325356412;0,023729303325356416;0,9980110670881385;-0,1964573330105388;0,9985429607126146;-0,19171729295096174;2,3729303325356417e-06
307;-0,3931208731327092;-0,1900843167720377;0,3931630392355595;0,1901133888867252;4,2166102850293985e-05;2,9072114687500594e-05;0,0253163906583959;0,0253163906583959;0,0253163906583959;0,9958310838214952;-0,22116169094899252;0,9959465173693675;-0,22013602348601163;2,5316390658395903e-06
308;-0,19200064799482444;-0,09300091152356284;0,19201727396140142;0,09301237457028622;1,6625966576977458e-05;1,146304672337839e-05;0,012313716017561326;0,012313716017561326;0,012313716017561326;1,000276271756171;-0,18168350396094807;1,0003698584708538;-0,18085941673881872;1,2313716017561327e-06
309;0,06000280246310464;0,028002207676945747;-0,0600006580438773;-0,028000729327326904;2,1444192273359364e-06;1,4783496188434941e-06;0,003878430405978716;0,0038784304059787163;0,0038784304059787163;0,9856924335533342;-0,3091292314142873;0,9856541996855182;-0,30950372876988647;3,8784304059787167e-07
310;0,14201865304323377;0,06901306872773483;-0,14200549352302153;-0,06900399483473646;1,3159520212246978e-05;9,073892998368027e-06;0,009129410079237819;0,00912941007923782;0,00912941007923782;0,9985644488331362;-0,19152133300612673;0,9984645162311581;-0,192395798514134;9,129410079237819e-07
311;-0,12199960533513429;-0,05899993210414151;0,12201997496353685;0,059013976280222064;2,0369628402558404e-05;1,4044176080550697e-05;0,00786912796683268;0,007869127966832678;0,00786912796683268;0,9942760946433262;-0,23029795186314841;0,9944554984330474;-0,2287021938612119;7,86912796683268e-07
312;0,13901025816895493;0,06700707265111072;-0,1390000577697205;-0,0670000398344559;1,020039923443905e-05;7,032816654817253e-06;0,009033087298499607;0,009033087298499607;0,009033087298499607;0,9863192585293918;-0,2510709987439889;0,9862410114185582;-0,25177874039065995;9,033087298499607e-07
313;0,16011814482862133;0,07801250894384082;-0,16011268918795846;-0,07800874744025471;5,455640662871408e-06;3,7615035861082724e-06;0,010401078993889127;0,010401078993889127;0,010401078993889127;0,9886746227531527;-0,2300003357147567;0,9886382533612968;-0,2303194404266058;1,0401078993889126e-06
314;0,13211557063582804;0,06401091400712963;-0,13209965365093262;-0,06399993977951365;1,5916984895419928e-05;1,0974227615978549e-05;0,008519440737286393;0,008519440737286391;0,008519440737286393;0,9948813296654263;-0,22251831867818486;0,994751829009419;-0,22366429615848527;8,519440737286394e-07
315;0,12200758452509936;0,05900522862563001;-0,12200000000021849;-0,059000000000171256;7,584524880865917e-06;5,228625458757186e-06;0,00792933061588527;0,007929330615885272;0,007929330615885272;0,9867962458725006;-0,26699898797342414;0,9867299551391698;-0,2675929814062618;7,929330615885271e-07
316;0,1311175729656911;0,06401212299143884;-0,1311023800584839;-0,06400164874526057;1,519290720719546e-05;1,0474246178268642e-05;0,008539327900068476;0,00853932790006848;0,00853932790006848;0,9864999908988349;-0,2752394510740074;0,9863766153412795;-0,2763183273571985;8,539327900068479e-07
317;0,131002380078199;0,0640016487328762;-0,13099998323227907;-0,06399999694115745;2,396845919933055e-06;1,6517917187514053e-06;0,008534068355506507;0,008534068355506508;0,008534068355506508;0,9863766153412795;-0,2763183273571985;0,9863571405472008;-0,276488097003893;8,534068355506508e-07
318;0,15203329302723093;0,07302295458176725;-0,15201043615606494;-0,07300719503379359;2,2856871165988224e-05;1,575954797365664e-05;0,009846723673779511;0,009846723673779511;0,009846723673779511;0,9889215568050865;-0,09880865914374644;0,9887607439701186;-0,10027299033307979;9,84672367377951e-07
319;0,12912253609438068;0,06301553773647757;-0,12910764780481812;-0,063005273462029;1,4888289562559054e-05;1,026427444857092e-05;0,00832307843689066;0,008323078436890658;0,00832307843689066;0,9966621593238263;-0,0294769951636683;0,9965381187117911;-0,030551669889641937;8,32307843689066e-07
320;0,1284370100483385;0,06202551641254399;-0,1284257020576421;-0,062017720271105345;1,1307990696401982e-05;7,796141438642934e-06;0,00826422051254987;0,008264220512549866;0,00826422051254987;0,9964314646130732;-0,031543179025535203;0,9963366412456106;-0,03238799613759026;8,26422051254987e-07
321;-0,0401005862229633;-0,01900040421892805;0,04010204172541419;0,019001407805667024;1,455502450890822e-06;1,0035867389728004e-06;0,002589205714550954;0,0025892057145509542;0,0025892057145509542;0,9894723336536317;-0,09388442215324314;0,9895112453186221;-0,09351811548545537;2,5892057145509545e-07
322;0,12602311334135968;0,06101593587418942;-0,1259999999999427;-0,06099999999994298;2,3113341416969302e-05;1,5935874246440773e-05;0,008116187285811842;0,00811618728581184;0,008116187285811842;0,9960202844044321;-0,0348770907394478;0,9958228994459973;-0,036625136291659255;8,116187285811842e-07
323;0,12601239200163158;0,06101046209962028;-0,1260000000001384;-0,060999999999999;1,2392001493194416e-05;1,0462099621279253e-05;0,00814788888536468;0,00814788888536468;0,00814788888536468;0,9920597143025118;-0,07426079475682512;0,9919483769511077;-0,07590464407084972;8,147888885364679e-07
324;0,12601122907356035;0,06100774308063703;-0,126000000000246;-0,06100000000003973;1,1229073314356075e-05;7,743080597297225e-06;0,008181402326581462;0,008181402326581462;0,008181402326581462;0,9879801967606148;-0,10660987156609639;0,987885063317648;-0,10745957729034396;8,181402326581462e-07
325;0,0;0,0;0,0;0,0;0,0;0,0;;;;;;;;
326;0,07700682413548773;0,037004868391184366;-0,07699968826223602;-0,03699994844574132;7,135873251712388e-06;4,919945443049301e-06;0,005003023832817459;0,005003023832817459;0,005003023832817459;0,9859405236310711;-0,30684514368587174;0,985841709298804;-0,3077463991669413;5,003023832817459e-07
327;0,03800072792054055;0,018000757564029392;-0,03799982414598365;-0,017999994651636604;9,037745569012712e-07;7,629123927876957e-07;0,00246300940660069;0,0024630094066006906;0,0024630094066006906;0,9856541996855182;-0,30950372876988647;0,9856273981420232;-0,3099160234691588;2,4630094066006906e-07
328;-0,07699968785059587;-0,03699994836513242;0,0770076354555563;0,03700542771391081;7,947604960437116e-06;5,479348778390791e-06;0,004999246786171434;0,004999246786171435;0,004999246786171435;0,9865865308377081;-0,3011525414208255;0,9866966675336079;-0,3001489325087127;4,999246786171435e-07
329;0,12201036280747055;0,05900715231827671;-0,12199998423367306;-0,05899999729202201;1,0378573797487078e-05;7,155026254701546e-06;0,007943265677172115;0,007943265677172115;0,007943265677172115;0,9850893524944515;-0,31613348921178025;0,9849987994013506;-0,31694637287367344;7,943265677172116e-07
330;0,11500746745832957;0,056005149118836264;-0,11499999999993898;-0,05599999999980037;7,46745839058649e-06;5,1491190358951555e-06;0,0074110685047881365;0,007411068504788137;0,007411068504788137;0,9965381187117911;-0,030551669889641937;0,9964682539109232;-0,031160868981574396;7,411068504788137e-07
331;0,12201585946907195;0,059010933922164395;-0,1220000000000349;-0,05900000000013052;1,5859469037052265e-05;1,0933922033877497e-05;0,007929817102218337;0,007929817102218335;0,007929817102218337;0,9868080300213903;-0,26689081482284666;0,9866694202438526;-0,2681330518362656;7,929817102218336e-07
332;-1,575630704098611;-0,768418000614353;1,578116440495826;0,770131832548958;0,0024857363972148327;0,001713831934605059;0,10151071279051525;0,10151071279051524;0,10151071279051525;0,9970439695052422;-0,2096213094113106;0,9987419973312649;-0,1949120133700401;1,0151071279051526e-05
333;0,10932540911421569;0,0530175182957815;-0,109315842173267;-0,05301092271314395;9,566940948696478e-06;6,595582637554387e-06;0,007040753562621214;0,007040753562621213;0,007040753562621214;0,9963366412456106;-0,03238799613759026;0,9962424540030625;-0,03321803759326274;7,040753562621214e-07
334;0,19402288030554624;0,0940200241555016;-0,19399910809242327;-0,09399995707587787;2,3772213122968955e-05;2,0067079623736772e-05;0,012631962350916796;0,012631962350916792;0,012631962350916796;0,9854243739646619;-0,311537083559618;0,985286601506422;-0,31358148124141194;1,2631962350916797e-06
335;-0,021100000022787817;-0,010000000015871386;0,021100586223055894;0,010000404218944318;5,862002680767642e-07;4,042030729324575e-07;0,001362481757531954;0,0013624817575319539;0,001362481757531954;0,9894425513568174;-0,09416465368560482;0,9894723336536317;-0,09388442215324314;1,362481757531954e-07
336;-0,18603224867325224;-0,08902223232141407;0,18612296677870235;0,08908477791355604;9,07181054501105e-05;6,254559214197153e-05;0,012047585820480959;0,01204758582048096;0,01204758582048096;0,9883303323674324;-0,10421327729053792;0,9888518731149237;-0,09942074156792598;1,204758582048096e-06
337;0,1031046839420473;0,05000395428751466;-0,10310000001040533;-0,050000000006850294;4,683931641977224e-06;3,954280664367205e-06;0,006674221806964563;0,006674221806964564;0,006674221806964564;0,9912590445554003;-0,08754750908361758;0,9912076611392209;-0,08830455483344575;6,674221806964564e-07
338;0,1010046285109427;0,049003191630800046;-0,10100000000028139;-0,0490000000000537;4,628510661311425e-06;3,1916307463436544e-06;0,006562921597655672;0,006562921597655675;0,006562921597655675;0,9876052585162506;-0,23952381854104954;0,9875563689241666;-0,23995825600353407;6,562921597655675e-07
339;0,10100071066683403;0,049000490202322666;-0,1010000000013107;-0,04899999999873179;7,10665523331877e-07;4,902035908790903e-07;0,006574787440230487;0,006574787440230485;0,006574787440230487;0,9857815709342298;-0,2556146898361121;0,9857740773301373;-0,25568146901911665;6,574787440230486e-07
340;0,0;0,0;0,0;0,0;0,0;0,0;;;;;;;;
341;0,09921576713413935;0,048010870974051115;-0,09920749002094217;-0,04800516439290272;8,277113197174835e-06;5,706581148394452e-06;0,006387651838750943;0,006387651838750944;0,006387651838750944;0,9962424540030625;-0,03321803759326274;0,9961526442648577;-0,034014157191221264;6,387651838750943e-07
342;-1,1953348485743616;-0,597948772146452;1,1963000946234845;0,5986142455546587;0,0009652460491229586;0,0006654734082066627;0,07791488862019336;0,07791488862019334;0,07791488862019336;0,9903857888942752;-0,257031907761731;0,9912460852332781;-0,2500363862562967;7,791488862019336e-06
343;0,18104663528704393;0,0880325281304907;-0,18100696630599147;-0,08800517769758998;3,96689810524542e-05;2,7350432900724586e-05;0,011795993664287581;0,01179599366428758;0,011795993664287581;0,9853269000776604;-0,31224951199886913;0,9850937521749894;-0,3143134248461245;1,179599366428758e-06
344;-1,2013997265054455;-0,6006148187419218;1,2052250676074845;0,6032521999260289;0,003825341102039026;0,002637381184107057;0,07823266524965902;0,07823266524965905;0,07823266524965905;0,9912460852332781;-0,2500363862562967;0,9946416430916054;-0,2224692644848694;7,823266524965905e-06
345;0,0;0,0;0,0;0,0;0,0;0,0;;;;;;;;
346;0,04900292455606856;0,024002133145886503;-0,04899976839526782;-0,023999957181440094;3,1561608007449338e-06;2,175964446408246e-06;0,00315040219093213;0,00315040219093213;0,00315040219093213;0,9999796507797406;-0,18443320803225233;0,999910165560603;-0,18502737779873074;3,15040219093213e-07
347;-9,99999999910014e-05;-6,343643340701132e-15;0,00010000002265299114;1,5630511804891836e-11;2,2661989743533867e-11;1,5624168161551135e-11;5,835107851234218e-06;5,835107851234219e-06;5,835107851234219e-06;0,9894423271294867;-0,09417360567251669;0,9894425513568174;-0,09416465368560482;5,835107851234219e-10
348;0,0;0,0;0,0;0,0;0,0;0,0;;;;;;;;
349;0,0;0,0;0,0;0,0;0,0;0,0;;;;;;;;
350;-0,7304101583402544;-0,3532827843103043;0,7306070393898978;0,35341852719542105;0,0001968810496434381;0,00013574288511675192;0,04737537346054948;0,047375373460549486;0,047375373460549486;0,9887834799197006;-0,09943099629442295;0,9890715052892429;-0,09685609525376;4,737537346054948e-06
351;0,08601036496873206;0,041007146138297715;-0,08599999999995567;-0,04099999999997557;1,0364968776391259e-05;7,146138322144946e-06;0,005567047049069559;0,0055670470490695595;0,0055670470490695595;0,9881942269010429;-0,10547594496975987;0,9880653026157538;-0,10667260705553044;5,56704704906956e-07
352;0,07510609632477525;0,03600420339864147;-0,07510096047646785;-0,036000662168428135;5,135848307399882e-06;3,541230213337243e-06;0,004863693292876796;0,004863693292876797;0,004863693292876797;0,9887037651414688;-0,10074768211143621;0,9886306185476919;-0,10141718605441488;4,863693292876797e-07
353;-0,1820197810123753;-0,08801394294737656;0,18203791043164663;0,08802644257434339;1,812941927134548e-05;1,2499626966824828e-05;0,011738078386274716;0,011738078386274713;0,011738078386274716;0,9944554984330474;-0,2287021938612119;0,9945625413616631;-0,2277498287770545;1,1738078386274716e-06
354;-0,18213791018549708;-0,088026442602818;0,18214244864585388;0,08802957029290893;4,538460356806606e-06;3,1276900909343874e-06;0,011743304766140437;0,011743304766140439;0,011743304766140439;0,9945625413616631;-0,2277498287770545;0,9945893223183669;-0,22751158658463091;1,174330476614044e-06
355;0,08100871234614507;0,039006006587358304;-0,08099999999997913;-0,0390000000000205;8,71234616593719e-06;6,006587337806235e-06;0,005234244452378526;0,005234244452378526;0,005234244452378526;0,9917342246409042;-0,07836462938153486;0,9916188967034637;-0,07940487890863342;5,234244452378526e-07
356;0,08100566601561614;0,03900402753126326;-0,08099976898523147;-0,03899996131273184;5,897030384671709e-06;4,066218531419141e-06;0,005198753929125947;0,005198753929125944;0,005198753929125947;0,9984645162311581;-0,192395798514134;0,9983859196820832;-0,19310027344165392;5,198753929125947e-07
357;0,08100506925765544;0,03900349480221714;-0,08099999999964849;-0,03899999999994778;5,069258006945576e-06;3,494802269361774e-06;0,005214659384594158;0,005214659384594159;0,005214659384594159;0,9954105451543007;-0,040909082910746304;0,9953431904409514;-0,041514312255435386;5,21465938459416e-07
358;0,0790008062964031;0,038000680854957974;-0,07900000000110467;-0,03800000000090461;8,062952984305705e-07;6,808540533656537e-07;0,00512815317036217;0,005128153170362171;0,005128153170362171;0,9869732494209967;-0,2711064082141226;0,986961746235121;-0,2712789887613739;5,128153170362171e-07
359;-0,13810029972163476;-0,06700020668898635;0,13811774722534945;0,0670122369561601;1,7447503714684842e-05;1,2030267173751552e-05;0,0089645137163502;0,008964513716350198;0,0089645137163502;0,9885688463607187;-0,10194494721875695;0,9887037651414688;-0,10074768211143621;8,9645137163502e-07
360;0,055002321164687916;0,027001711362224182;-0,054999778954013846;-0,026999958593168474;2,542210674069678e-06;1,7527690557087028e-06;0,003588931740567465;0,0035889317405674646;0,003588931740567465;0,9856924335533342;-0,3091292314142873;0,9856432965455275;-0,3095529384363327;3,5889317405674653e-07
361;-0,12099942504485361;-0,05799990633623223;0,1210306446435376;0,0580214315131372;3,121959868399027e-05;2,1525176904964305e-05;0,007742222749451458;0,007742222749451456;0,007742222749451458;1,0006183528762596;-0,178902316213778;1,000897674119683;-0,1763769571883182;7,742222749451459e-07
362;0,24324830457199653;0,11810284272508575;-0,24318422698400044;-0,11805866337576967;6,407758799609198e-05;4,417934931608136e-05;0,01560425859956236;0,015604258599562356;0,01560425859956236;1,0004800713078181;-0,18004972128740637;1,000195402903116;-0,18254136475503216;1,560425859956236e-06
363;0,2430842272698338;0,11805866353774097;-0,24299884733737015;-0,11799979693587813;8,537993246365838e-05;5,886660186284198e-05;0,015599066025719937;0,015599066025719942;0,015599066025719942;1,000195402903116;-0,18254136475503216;0,999815964906512;-0,1858611424636624;1,559906602571994e-06
364;-0,31599847259162717;-0,15299973539103986;0,3161212454726074;0,15308437888908324;0,00012277288098022643;8,464349804337967e-05;0,0203635748698095;0,020363574869809498;0,0203635748698095;0,9954132051183467;-0,2248615131493194;0,9958310838214952;-0,22116169094899252;2,03635748698095e-06
365;0,07100693317701962;0,034004780193081355;-0,07100000000001586;-0,03399999999990776;6,933177003759505e-06;4,780193173598013e-06;0,004590935577628634;0,004590935577628634;0,004590935577628634;0,9900903048514842;-0,0883158202410429;0,989985701687075;-0,08927418387018303;4,5909355776286344e-07
366;-1,3877001364100177;-0,6760185317351481;1,3896501970084514;0,67736303316006;0,0019500605984337227;0,001344501424911826;0,08991008231063591;0,08991008231063592;0,08991008231063592;0,9912126122239506;-0,26041249919184845;0,9927164876108926;-0,2472673079188422;8,991008231063593e-06
367;-1,3897501721212335;-0,6773630689225624;1,3922767413884114;0,6791050119461656;0,0025265692671778694;0,0017419430236031985;0,08991530983406669;0,08991530983406668;0,08991530983406669;0,9927164876108926;-0,2472673079188422;0,9946649071853245;-0,230294232888062;8,991530983406669e-06
368;0,06810711161265709;0,03300490349467417;-0,06810206956754272;-0,03300142687902176;5,042045114367344e-06;3,4766156524132508e-06;0,004386430792544504;0,004386430792544504;0,004386430792544504;0,9961526442648577;-0,034014157191221264;0,9960729673790586;-0,0347181197369708;4,386430792544504e-07
369;0,06800412714991634;0,03300284544048405;-0,067999999999979;-0,03299999999988834;4,127149937346863e-06;2,8454405957070716e-06;0,004371175543930509;0,004371175543930509;0,004371175543930509;0,9983934160088869;-0,01417297091958452;0,9983279653229541;-0,014747535931129123;4,371175543930509e-07
370;-0,059000000000029654;-0,02899999999996712;0,05900304053211575;0,02900209619401006;3,0405320860932283e-06;2,09619404293801e-06;0,003820129126394652;0,003820129126394652;0,003820129126394652;0,9935819904082068;-0,05633570741868871;0,993637205512576;-0,05586511783529966;3,820129126394652e-07
371;-0,24401983789089488;-0,11801428812699745;0,24409847644588423;0,11806850421755052;7,863855498935202e-05;5,421609055307475e-05;0,015725490562326357;0,015725490562326357;0,015725490562326357;0,9951744441996997;-0,2270138930762405;0,9955210239397375;-0,22393519864534364;1,5725490562326357e-06
372;-0,11499961361579372;-0,05600001542033206;0,11500864491277701;0,05600624162908581;9,031296983291748e-06;6,226208753748463e-06;0,007409779962886925;0,007409779962886925;0,007409779962886925;0,9966388830738296;-0,21396828480957095;0,9967233894857521;-0,2132320225780675;7,409779962886924e-07
373;0,0850104361560593;0,041007195033802984;-0,08500420807786577;-0,041002901441345344;6,228078193531994e-06;4,293592457640938e-06;0,0055112123054262;0,0055112123054262005;0,0055112123054262005;0,9887607439701186;-0,10027299033307979;0,98868243670531;-0,10097798537002414;5,5112123054262e-07
374;0,0;0,0;0,0;0,0;0,0;0,0;;;;;;;;
375;0,062004766825535546;0,03000402427391279;-0,06199999999994539;-0,02999999999984695;4,766825590155066e-06;4,024274065837774e-06;0,003999977171653318;0,003999977171653318;0,003999977171653318;0,9942424608426527;-0,050583284574465176;0,9941552265288193;-0,051869430861799196;3,9999771716533184e-07
376;0,12200746992483572;0,059005449681898865;-0,12199942168364583;-0,058999900689341106;8,04824118988412e-06;5,548992557759258e-06;0,007820878704723342;0,00782087870472334;0,007820878704723342;1,0004800713078181;-0,18004972128740637;1,000408749883509;-0,18068028910691736;7,820878704723342e-07
377;0,06000073243733943;0,0290005049145191;-0,05999999999975194;-0,029000000000097084;7,324375874903644e-07;5,049144220156676e-07;0,003852491890780303;0,003852491890780303;0,003852491890780303;0,998720019517451;-0,032146398352173845;0,9987068438772182;-0,03226320969801661;3,8524918907803027e-07
378;-0,2460112290734022;-0,11900774308048169;0,24606575963724903;0,11904534139544498;5,453056384682742e-05;3,759831496329136e-05;0,015970039392873107;0,01597003939287311;0,01597003939287311;0,9879801967606148;-0,10660987156609639;0,9882168546157815;-0,10449294596296549;1,5970039392873112e-06
379;0,06800264965061842;0,03300182704279002;-0,06800000000004167;-0,03299999999997175;2,6496505767525935e-06;1,8270428182656784e-06;0,004414573221520973;0,004414573221520974;0,004414573221520974;0,9885554615551525;-0,1020297842712944;0,9885138535188812;-0,10239884103640803;4,414573221520974e-07
380;0,05600220085164226;0,0270015174800512;-0,056000000000334484;-0,02699999999987323;2,200851307775087e-06;1,5174801779697933e-06;0,003598609868395657;0,003598609868395657;0,003598609868395657;0,997465325721356;-0,022385780791560173;0,9974229462855269;-0,02276461216720796;3,598609868395657e-07
381;0,05600055077394576;0,02700037993804014;-0,05599999999973172;-0,027000000000459507;5,507742140350991e-07;3,799375806329275e-07;0,0035893742276077514;0,003589374227607751;0,0035893742276077514;1,0000000000050937;-3,085756671419177e-18;0,9999893657906339;-9,495730517994919e-05;3,5893742276077516e-07
382;0,05310368958734749;0,02600254391192396;-0,053101334242957196;-0,026000919925030844;2,3553443902965543e-06;1,623986893115048e-06;0,003425989150006533;0,0034259891500065323;0,003425989150006533;0,9964314646130732;-0,031543179025535203;0,9963837810467374;-0,03195282069250733;3,425989150006533e-07
383;-1,5142761683341912;-0,7381049623869108;1,5176309969181256;0,7404180042559982;0,0033548285839344327;0,002313041869087429;0,09778131199126783;0,09778131199126783;0,09778131199126783;0,9946649071853245;-0,230294232888062;0,9970439695052422;-0,2096213094113106;9,778131199126784e-06
384;0,05200024984562289;0,025000172260245965;-0,0519999999994366;-0,024999999999674307;2,4984618628848265e-07;1,7226057165767306e-07;0,0033753362723087793;0,0033753362723087793;0,0033753362723087793;0,9869189328202763;-0,2716149738162805;0,9869138045098809;-0,27166163968795914;3,375336272308779e-07
385;-0,07110460835539834;-0,03400332975761698;0,07110741288946279;0,03400526338985841;2,804534064454467e-06;1,9336322414284512e-06;0,004616740016007633;0,004616740016007635;0,004616740016007635;0,9856503607127673;-0,30951776031398687;0,9856924335533342;-0,3091292314142873;4,6167400160076345e-07
386;0,0;0,0;0,0;0,0;0,0;0,0;;;;;;;;
387;-0,07099971188129461;-0,03399995333843508;0,07100460890743367;0,03400332945390249;4,897026139052962e-06;3,376115467412788e-06;0,004611456334519667;0,004611456334519667;0,004611456334519667;0,98557680762045;-0,310194544156151;0,9856503607127673;-0,30951776031398687;4,611456334519667e-07
388;-0,00010000000008294487;-4,303322615492136e-14;0,00010000001302309902;8,96484282187371e-12;1,2940154142985182e-11;8,921809595718789e-12;5,840264403475408e-06;5,840264403475405e-06;5,840264403475408e-06;0,9885687184383987;-0,10195005903844256;0,9885688463607187;-0,10194494721875695;5,840264403475407e-10
389;0,0;0,0;0,0;0,0;0,0;0,0;;;;;;;;
390;0,050001822514907916;0,0240012564049209;-0,049999999999934854;-0,023999999999951366;1,8225149730627388e-06;1,2564049695351631e-06;0,0032129331652834057;0,0032129331652834057;0,0032129331652834057;0,9966621593238263;-0,0294769951636683;0,996622864801806;-0,029832376834613643;3,2129331652834056e-07
391;-0,5811751914174247;-0,28112223270555653;0,5817895149082184;0,28154578816295733;0,0006143234907937112;0,0004235554574008038;0,037425210137534394;0,0374252101375344;0,0374252101375344;0,9959465173693675;-0,22013602348601163;0,997084193649591;-0,21004917349751528;3,74252101375344e-06
392;0,0;0,0;0,0;0,0;0,0;0,0;;;;;;;;
393;0,0;0,0;0,0;0,0;0,0;0,0;;;;;;;;
394;0,04500074460767677;0,022000513381966527;-0,04499999999952494;-0,021999999999601935;7,446081518314163e-07;5,133823645919744e-07;0,002913497043613057;0,0029134970436130564;0,002913497043613057;0,992619668627452;-0,06488504809644524;0,9926019442983434;-0,06503852284727048;2,913497043613057e-07
395;0,04500001047053861;0,022000071747297272;-0,044999872730046034;-0,021999976736519548;1,3774049257425647e-07;9,501077772450239e-08;0,0028945423576757115;0,002894542357675711;0,0028945423576757115;0,9991027372629324;-0,1862981816249619;0,9990994366982957;-0,18632661685015361;2,8945423576757114e-07
396;0,052004208077849626;0,025002901441375975;-0,051999999999960085;-0,02499999999994299;4,20807788954064e-06;2,9014414329835148e-06;0,0033695930910900497;0,0033695930910900493;0,0033695930910900497;0,98868243670531;-0,10097798537002414;0,9885959141021381;-0,10176399965191628;3,3695930910900494e-07
397;0,04300029970893996;0,021000206678971872;-0,043000000000673874;-0,02099999999977665;2,997082660868844e-07;2,0667919522349143e-07;0,0027948175450996835;0,002794817545099684;0,002794817545099684;0,9885688463607187;-0,10194494721875695;0,9885614093916474;-0,10200983186923439;2,794817545099684e-07
398;0,041000803081139944;0,020000553731393523;-0,04099999999982772;-0,019999999999896437;8,030813122214542e-07;5,537314970854856e-07;0,0026664696345041917;0,0026664696345041912;0,0026664696345041917;0,9877520804600571;-0,23821611852848232;0,9877311957243541;-0,23839897011274852;2,6664696345041916e-07
399;-0,0409999999999746;-0,020000000000127315;0,04100099538529478;0,020000686212734414;9,953853201821738e-07;6,862126070983354e-07;0,0026423891196029315;0,0026423891196029324;0,0026423891196029324;0,9967325481800131;-0,028856173202219292;0,996758668735433;-0,02862966641395974;2,642389119602932e-07
400;0,0;0,0;0,0;0,0;0,0;0,0;;;;;;;;
401;0,04000137277648234;0,01900094641521143;-0,04000000000002665;-0,01899999999999619;1,372776455683955e-06;9,464152152388605e-07;0,002566865770416014;0,002566865770416015;0,002566865770416015;0,9960729673790586;-0,0347181197369708;0,9960359433960134;-0,03506211115974524;2,566865770416015e-07
402;0,00010000000834362007;5,899627686108602e-12;-9,999999981732065e-05;-2,0338536596759823e-14;8,526299417476076e-12;5,879289149511842e-12;5,840082352991471e-06;5,8400823529914696e-06;5,840082352991471e-06;0,9885996163492508;-0,10169484105992944;0,9885995320582929;-0,10169820964419543;5,840082352991471e-10
403;0,0;0,0;0,0;0,0;0,0;0,0;;;;;;;;
404;0,0;0,0;0,0;0,0;0,0;0,0;;;;;;;;
405;0,03710068175154264;0,018000469964536935;-0,03710024256512201;-0,018000167219384144;4,39186420626847e-07;3,0274515279080094e-07;0,002391821037588882;0,0023918210375888814;0,002391821037588882;0,9953965629496688;-0,09979909026518415;0,9953838350119427;-0,09991117422438954;2,3918210375888816e-07
406;0,034001005529095296;0,01700069330249883;-0,03400000000030118;-0,01700000000000225;1,0055287941179714e-06;6,933024965793955e-07;0,0022027259284168573;0,0022027259284168577;0,0022027259284168577;0,9963837810467374;-0,03195282069250733;0,9963520810979184;-0,03220968378930516;2,2027259284168577e-07
407;0,034000081016385277;0,01700005588276484;-0,03399999999944989;-0,016999999998820358;8,101693538958843e-08;5,588394448238776e-08;0,0022199183391337913;0,0022199183391337918;0,0022199183391337918;0,9886382533612968;-0,2303194404266058;0,9886357187572801;-0,23034016860706996;2,2199183391337918e-07
408;0,03310096047634066;0,016000662168526632;-0,03310000000862504;-0,016000000005902817;9,604677156174746e-07;6,621626238156875e-07;0,002147062235918476;0,002147062235918477;0,002147062235918477;0,9886306185476919;-0,10141718605441488;0,9885996163492508;-0,10169484105992944;2,1470622359184768e-07
409;0,031000196912984522;0,015000135744493983;-0,030999999999532356;-0,014999999999901426;1,9691345216552025e-07;1,3574459255781546e-07;0,001997533698013895;0,0019975336980138955;0,0019975336980138955;0,9953838350119427;-0,09991117422438954;0,9953770029266784;-0,09997177306100408;1,9975336980138956e-07
410;-0,2790983080510745;-0,13506847366377195;0,27924722256139295;0,13517114522765775;0,00014891451031845415;0,00010267156388579779;0,01798206427440654;0,017982064274406538;0,01798206427440654;0,9955210239397375;-0,22393519864534364;0,9960949989547689;-0,21884750794924443;1,7982064274406542e-06
411;0,029103700703796653;0,014002551468134195;-0,029101465530347093;-0,014001010408972595;2,2351734495600073e-06;1,541059161599967e-06;0,0018666840862052937;0,0018666840862052944;0,0018666840862052944;0,9989203551959382;-0,009511029741108264;0,9988373936169082;-0,010255504657882763;1,8666840862052944e-07
412;0,02899996691261141;0,014000047020699768;-0,02899990618435305;-0,013999995755235084;6,072825835951035e-08;5,126546468413318e-08;0,0018617800064946524;0,0018617800064946524;0,0018617800064946524;0,9986200065214178;-0,19073344536575268;0,9986176194270452;-0,1907686129405102;1,8617800064946523e-07
413;0,21254850936810668;0,10410291220118893;-0,21252427392300646;-0,10408620081381864;2,4235445100218023e-05;1,671138737029121e-05;0,013685956134596314;0,013685956134596314;0,013685956134596314;0,998420818193146;-0,19360545543565152;0,9982979920183287;-0,1946581264522155;1,3685956134596314e-06
414;0,21242427415215878;0,10408620078137917;-0,21242119718812008;-0,10408407834998021;3,0769640387007247e-06;2,1224313989653965e-06;0,013680762504121109;0,013680762504121103;0,013680762504121109;0,9982979920183287;-0,1946581264522155;0,9982823901579385;-0,19479183688271176;1,3680762504121109e-06
415;0,028000696790937106;0,014000480463691607;-0,028000000000026296;-0,013999999999984462;6,967909108104853e-07;4,804637071444823e-07;0,0018145664776420044;0,0018145664776420046;0,0018145664776420046;0,9960729673790586;-0,0347181197369708;0,9960463011417235;-0,03493431261853308;1,8145664776420046e-07
416;0,026000159427883165;0,013000145321906848;-0,025999926668160516;-0,012999984827242192;2,3275972264868994e-07;1,6049466465550832e-07;0,0016824368436460146;0,0016824368436460149;0,0016824368436460149;0,997543993829149;-0,20122594986591555;0,9975343865633968;-0,20130372100852315;1,682436843646015e-07
417;0,07000122081736598;0,0340010098860892;-0,06999967188162771;-0,0339999421554748;1,548935738268642e-06;1,0677306144027399e-06;0,004491805368126073;0,004491805368126073;0,004491805368126073;1,000276271756171;-0,18168350396094807;1,0002523672764008;-0,18189237168877498;4,491805368126073e-07
418;0,024001450976142938;0,012001000374539392;-0,0239999999999933;-0,01199999999999659;1,450976149636879e-06;1,0003745428022875e-06;0,001551097411945293;0,001551097411945293;0,001551097411945293;0,9988373936169082;-0,010255504657882763;0,9987724346336365;-0,010780464997113872;1,551097411945293e-07
419;0,024000820254452365;0,0120005655260603;-0,024000000000058166;-0,012000000000091498;8,202543941987495e-07;5,6552596880248e-07;0,0015509247459250502;0,0015509247459250502;0,0015509247459250502;0,9989203551959382;-0,009511029741108264;0,9988836289824723;-0,009807808621361748;1,5509247459250502e-07
420;0,024000357505319654;0,012000246438145321;-0,02400000000013639;-0,012000000000375466;3,575051832627185e-07;2,464377698557091e-07;0,001571563324641566;0,001571563324641566;0,001571563324641566;0,9857815709342298;-0,2556146898361121;0,9857657748872681;-0,2557439569329625;1,571563324641566e-07
421;-0,20510876571326386;-0,09900635846469938;0,20516504965008925;0,09904516525252721;5,628393682538535e-05;3,880678782783309e-05;0,013191128237299359;0,013191128237299359;0,013191128237299359;0,9968351898309391;-0,20987929319651313;0,9971308762723882;-0,20724332165016243;1,319112823729936e-06
422;0,02300006530670047;0,011000079831074223;-0,022999934205769904;-0,010999989430134043;1,3110093056642458e-07;9,040094017982725e-08;0,0014744981470019131;0,0014744981470019135;0,0014744981470019135;0,9982823901579385;-0,19479183688271176;0,998276231956839;-0,19484799609818626;1,4744981470019134e-07
423;0,023000060560272834;0,01100004174339223;-0,023000000000744855;-0,011000000001048;6,055952797914821e-08;4,174234423046097e-08;0,0014861324442545407;0,0014861324442545407;0,0014861324442545407;0,9904664582062969;-0,08445388452629889;0,990463636093502;-0,08447979264400365;1,4861324442545406e-07
424;0,022000616611419267;0,010000425122648192;-0,022000000000049105;-0,009999999999977515;6,166113701612519e-07;4,251226706775135e-07;0,001404668375641081;0,0014046683756410812;0,0014046683756410812;0,993310989984092;-0,05946924222255371;0,9932806869538587;-0,059781866031967106;1,4046683756410811e-07
425;0,021300536209935328;0,010000369927169328;-0,021300127457331557;-0,01000008810594867;4,0875260377132294e-07;2,818212206569942e-07;0,001365246117741233;0,001365246117741233;0,001365246117741233;0,995115800922099;-0,10114807627124818;0,9950950888879116;-0,101346261070686;1,3652461177412332e-07
426;0,02100039466399332;0,01000030385796766;-0,02099994039626447;-0,009999990674221212;4,5426772884993305e-07;3,131837464486614e-07;0,0013420688359246538;0,0013420688359246542;0,0013420688359246542;1,0006272039995054;-0,173013354867214;1,0006037674981398;-0,17322878376021036;1,3420688359246543e-07
427;0,021000127417242446;0,010000088068801656;-0,02099999962513532;-0,00999999994196592;1,277921071254906e-07;8,812683573687641e-08;0,001349510528990328;0,001349510528990328;0,001349510528990328;0,9950950888879116;-0,101346261070686;0,9950885317824387;-0,10140691820585944;1,349510528990328e-07
428;0,021000070055777947;0,010000059151930276;-0,02100000000000553;-0,009999999999780034;7,005577241578353e-08;5,9152150242228196e-08;0,001348061705134073;0,0013480617051340727;0,001348061705134073;0,9961618128033111;-0,034123024602996106;0,9961580147105975;-0,03418038767231689;1,3480617051340732e-07
429;0,020999967907232266;0,010000032188304578;-0,02099989820431931;-0,009999984121088608;6,970291295538278e-08;4,8067215969657684e-08;0,0013478127625885386;0,0013478127625885389;0,0013478127625885389;0,9963413578442489;-0,21660839822232758;0,9963377768440818;-0,21664148152017476;1,347812762588539e-07
430;0,02100007856090154;0,010000055613166851;-0,020999997286457343;-0,009999999577161548;8,127444419553376e-08;5,603600530292019e-08;0,0013612650378607982;0,001361265037860798;0,0013612650378607982;0,9864999908988349;-0,2752394510740074;0,9864958568725716;-0,2752780023548305;1,3612650378607983e-07
431;0,021000028033571674;0,010000031546291142;-0,02099997706048973;-0,009999996411672298;5,0973081942851106e-08;3,5134618844509524e-08;0,0013634421667862878;0,0013634421667862878;0,0013634421667862878;0,9849223890519809;-0,3019261193845469;0,9849198006201496;-0,30195027632205157;1,3634421667862878e-07
432;0,0;0,0;0,0;0,0;0,0;0,0;;;;;;;;
433;-0,6490657596370419;-0,3140453413954636;0,649410158340154;0,3142827843102697;0,0003443987031120921;0,00023744291480609636;0,04212612875060852;0,04212612875060852;0,04212612875060852;0,9882168546157815;-0,10449294596296549;0,9887834799197006;-0,09943099629442295;4,212612875060852e-06
434;0,019000328713913328;0,009000226622517772;-0,018999999999974787;-0,009000000000013756;3,287139385410587e-07;2,2662250401608852e-07;0,0012182375968150573;0,0012182375968150573;0,0012182375968150573;0,9963837810467374;-0,03195282069250733;0,9963651044546635;-0,03212747908221773;1,2182375968150573e-07
435;0,019000292944039706;0,00900020197502091;-0,01900000000013829;-0,009000000000019114;2,9294390141432203e-07;2,0197500179633399e-07;0,001218292750787182;0,0012182927507871817;0,001218292750787182;0,9963366412456106;-0,03238799613759026;0,9963199974928943;-0,032543681196488684;1,2182927507871818e-07
436;0,018100354164911306;0,009000269132360102;-0,01810011250193643;-0,00900010253479187;2,416629748744348e-07;1,665975682321047e-07;0,001169960495429259;0,0011699604954292589;0,001169960495429259;0,997543993829149;-0,20122594986591555;0,9975296551477507;-0,20134379440532485;1,1699604954292591e-07
437;0,01800011289601712;0,009000102312050286;-0,017999949235545508;-0,008999989487671452;1,6366047161237018e-07;1,128243788343225e-07;0,0011647808859412568;0,0011647808859412568;0,0011647808859412568;0,9975296551477507;-0,20134379440532485;0,9975198983723386;-0,20142271939662182;1,1647808859412567e-07
438;0,018000015018004724;0,009000010340529328;-0,01799999999788727;-0,00899999999880911;1,5020117455355475e-08;1,0341720218035033e-08;0,0011695949768865176;0,0011695949768865178;0,0011695949768865178;0,9934174388068684;-0,07799066973559324;0,9934165473379171;-0,07799788049589004;1,1695949768865177e-07
439;0,017000201527512693;0,00800013895250039;-0,017000000000159776;-0,008000000000013103;2,0152735291656398e-07;1,3895248728718057e-07;0,0010889461800202528;0,0010889461800202528;0,0010889461800202528;0,9961526442648577;-0,034014157191221264;0,9961398395343035;-0,03413588456144588;1,0889461800202527e-07
440;0,18932113234060804;0,09308399825563107;-0,1892582862138516;-0,09304066872736283;6,284612675644397e-05;4,332952826824332e-05;0,01220114863988283;0,01220114863988283;0,01220114863988283;0,9982823901579385;-0,19479183688271176;0,997925054996491;-0,1978223233882811;1,2201148639882829e-06
441;0,015000162917624767;0,007000112317006107;-0,015000000000169213;-0,006999999999989798;1,6291745555396808e-07;1,1231701630906588e-07;0,0009576915409541168;0,0009576915409541169;0,0009576915409541169;0,9979163131162145;-0,01840067950505522;0,9979045495643094;-0,018514502932420254;9,576915409541169e-08
442;0,01400028295997725;0,0070001950827012745;-0,014000000000002375;-0,006999999999890958;2,829599748746525e-07;1,9508281031647284e-07;0,0009123631941523283;0,000912363194152328;0,0009123631941523283;0,9905219422655713;-0,08393862131925274;0,9905004058739902;-0,08411411553326766;9,123631941523284e-08
443;0,01400018034652396;0,007000124342843876;-0,014000000000045254;-0,006999999999991253;1,8034647870576737e-07;1,2434285262281214e-07;0,0009068480379434669;0,0009068480379434671;0,0009068480379434671;0,9965381187117911;-0,030551669889641937;0,9965243087105974;-0,030663541175195142;9,068480379434671e-08
444;0,014000176881058842;0,007000121945296246;-0,013999999999856051;-0,0069999999999779084;1,768812027905936e-07;1,219453183371258e-07;0,0009071987130007094;0,0009071987130007092;0,0009071987130007094;0,9961526442648577;-0,034014157191221264;0,9961391050897066;-0,03412385163598364;9,071987130007094e-08
445;0,014200348364921319;0,006000267301704753;-0,0142003353064099;-0,0060002582941914035;1,3058511418029273e-08;9,007513349784668e-09;0,0008912425856717756;0,0008912425856717757;0,0008912425856717757;0,9986543218011092;-0,1902221720885341;0,9986533154577221;-0,19023411937883647;8,912425856717757e-08
446;0,014100335708171579;0,006000258060174381;-0,014100034488917269;-0,006000050387711078;3,0121925431031427e-07;2,0767246330238853e-07;0,0008859200633569352;0,0008859200633569353;0,0008859200633569353;0,9986533154577221;-0,19023411937883647;0,998629953220439;-0,19050761075517642;8,859200633569353e-08
447;0,0;0,0;0,0;0,0;0,0;0,0;;;;;;;;
448;0,013000057769152975;0,00600003983380214;-0,012999999999338199;-0,005999999999818221;5,776981477564891e-08;3,983398391867177e-08;0,000838176233812262;0,0008381762338122619;0,000838176233812262;0,9862410114185582;-0,25177874039065995;0,9862362485634655;-0,25182659552373854;8,38176233812262e-08
449;0,15303013330632903;0,07402115707225637;-0,15299926147341736;-0,0739998729821697;3,087183291167195e-05;2,128409008667065e-05;0,00985298104998369;0,00985298104998369;0,00985298104998369;0,9960949989547689;-0,21884750794924443;0,9958778449265104;-0,2207750238565128;9,85298104998369e-07
450;0,012000150862556097;0,006000104026666989;-0,012000000000100042;-0,00599999999982522;1,50862456055334e-07;1,0402684176916144e-07;0,0007768358663005441;0,0007768358663005442;0,0007768358663005442;0,9971310276875126;-0,025336329306080402;0,9971175416126563;-0,02544555502747631;7,768358663005442e-08
451;0,0;0,0;0,0;0,0;0,0;0,0;;;;;;;;
452;0,07700738530337242;0,03700525586372788;-0,07699968717827636;-0,03699994826448244;7,698125096058939e-06;5,307599245440997e-06;0,005007363835443535;0,005007363835443535;0,005007363835443535;0,9850937521749894;-0,3143134248461245;0,9849872444169971;-0,31528568462873297;5,007363835443534e-07
453;-0,01009999853690727;-0,004999999910113171;0,010100097905924896;0,005000083801375978;9,936901762715167e-08;8,389126280716058e-08;0,0006603907502837338;0,0006603907502837338;0,0006603907502837338;0,9852746224132325;-0,2861176345435672;0,9852856619267643;-0,28595954099825893;6,603907502837337e-08
454;0,010000041618897632;0,005000028690849104;-0,009999999999483434;-0,0050000000000188895;4,161941419798809e-08;2,869083021422164e-08;0,0006493657898744294;0,0006493657898744296;0,0006493657898744296;0,9940469984999131;-0,052269154628242054;0,9940425479859937;-0,05230527887388544;6,493657898744296e-08
455;0,01000007503915453;0,005000051739035587;-0,010000000000086082;-0,005000000000114274;7,503906844681663e-08;5,173892131307006e-08;0,0006479370886836028;0,0006479370886836027;0,0006479370886836028;0,9962424540030625;-0,03321803759326274;0,9962344117184878;-0,03328321393650914;6,479370886836027e-08
456;0,0;0,0;0,0;0,0;0,0;0,0;;;;;;;;
457;0,009000096031286313;0,004000078426670679;-0,008999979557313595;-0,003999998123460262;1,1647397271837001e-07;8,030321041636868e-08;0,0005716943179986715;0,0005716943179986714;0,0005716943179986715;0,9946416430916054;-0,2224692644848694;0,9946276005719339;-0,2226209677417314;5,716943179986715e-08
458;0,009000044716772721;0,004000046599694152;-0,008999973614217628;-0,00399999757686547;7,11025550936828e-08;4,902282868188279e-08;0,0005694076373074881;0,0005694076373074881;0,0005694076373074881;0,998629953220439;-0,19050761075517642;0,9986213463737851;-0,1906002252859594;5,6940763730748804e-08
459;0,0;0,0;0,0;0,0;0,0;0,0;;;;;;;;
460;0,4707092642929289;0,22749017533866328;-0,4702771727170871;-0,2271922721563879;0,000432091575841842;0,0002979031822753775;0,030272092774463244;0,030272092774463244;0,030272092774463244;0,997084193649591;-0,21004917349751528;0,9960949989547689;-0,21884750794924443;3,0272092774463246e-06
461;0,006000045650713282;0,003000031475564496;-0,005999999999983025;-0,0030000000001331275;4,565073025673827e-08;3,147543136848216e-08;0,0003890976436287316;0,0003890976436287316;0,0003890976436287316;0,9953838350119427;-0,09991117422438954;0,9953756877357344;-0,09997725532190596;3,890976436287316e-08
462;0,005000029456296555;0,00200002671609896;-0,004999990620615896;-0,0019999999401987515;3,883568065916887e-08;2,677590020842488e-08;0,00031366054465410654;0,0003136605446541066;0,0003136605446541066;0,9912460852332781;-0,2500363862562967;0,9912376176476048;-0,25014743652719496;3,136605446541066e-08
463;0,005000014554186554;0,0020000100341677905;-0,00499999999997161;-0,0019999999999856487;1,455421494434006e-08;1,0034182141866604e-08;0,00031127552135250047;0,0003112755213525004;0,00031127552135250047;0,9988373936169082;-0,010255504657882763;0,9988341959888374;-0,010297118016293108;3,112755213525005e-08
464;0,005000022946333991;0,0020000158211810615;-0,004999999999873224;-0,0019999999998620947;2,2946460767094e-08;1,5821318966741105e-08;0,00031199038886364766;0,0003119903888636477;0,0003119903888636477;0,9965505845546803;-0,030491658730790638;0,9965455545782499;-0,030557279203104103;3,119903888636477e-08
465;0,004999990165514812;0,002000003564426617;-0,004999984849774535;-0,001999999900404326;5,315740276776171e-09;3,6640222913011944e-09;0,00031133873297727537;0,0003113387329772753;0,00031133873297727537;0,998629953220439;-0,19050761075517642;0,9986287856221586;-0,19052280126356277;3,113387329772754e-08
466;0,00020000004294925468;3,593107698882367e-11;-0,00019999999865579044;-5,392217917827252e-12;4,429346424144817e-11;3,053885907099642e-11;1,1603924079631088e-05;1,1603924079631088e-05;1,1603924079631088e-05;0,9950950888879116;-0,101346261070686;0,9950948685068997;-0,10135500980714468;1,1603924079631088e-09
467;-9,999963889380375e-05;-2,0540780414050398e-10;9,999964628108803e-05;2,1050108904558013e-10;7,387284279300813e-12;5,093284905076147e-12;5,803942351819969e-06;5,803942351819971e-06;5,803942351819971e-06;0,9947517555239085;-0,22366721439740267;0,994751829009419;-0,22366429615848527;5,80394235181997e-10
468;0,00010000000966791361;6,7372020951801006e-12;-9,999999999557452e-05;-6,844847420115326e-14;9,672339087974345e-12;6,668753620978947e-12;5,824716128039088e-06;5,824716128039088e-06;5,824716128039088e-06;0,9912076611392209;-0,08830455483344575;0,9912075652662619;-0,0883083757474435;5,824716128039088e-10
469;-0,00010000000074760771;-5,559553542451835e-13;0,00010000000374963685;2,6257538255009633e-12;3,002029140141034e-12;2,0697984712557797e-12;5,850030628506881e-06;5,850030628506883e-06;5,850030628506883e-06;0,9869183773030938;-0,2716372095629131;0,986918406930671;-0,2716360236557987;5,850030628506883e-10
470;-9,999998212435839e-05;-9,990311852095255e-12;9,999999002099935e-05;1,5434426491319358e-11;7,896640955603988e-12;5,444114639224103e-12;5,855892369205412e-06;5,855892369205412e-06;5,855892369205412e-06;0,9859302896697613;-0,2931760340349954;0,9859303675251573;-0,293172914787216;5,855892369205412e-10
471;-9,99999800511877e-05;-1,065950933416896e-11;9,999998667070024e-05;1,6247877799782172e-11;6,619512541729787e-12;5,588368465613212e-12;5,859789535822836e-06;5,859789535822834e-06;5,859789535822836e-06;0,9852745571928387;-0,2861208364428642;0,9852746224132325;-0,2861176345435672;5,859789535822836e-10
472;0,00010000000153994778;4,106312954158307e-12;-9,99999978488256e-05;-1,5614079247862545e-12;3,691122182751007e-12;2,544905029372052e-12;5,8019621681579976e-06;5,8019621681579976e-06;5,8019621681579976e-06;0,9950948685068997;-0,10135500980714468;0,9950948317767322;-0,10135646793026365;5,801962168157998e-10
