;p_from_mw;q_from_mvar;p_to_mw;q_to_mvar;pl_mw;ql_mvar;i_from_ka;i_to_ka;i_ka;vm_from_pu;va_from_degree;vm_to_pu;va_to_degree;loading_percent
0;-3,357389903309598;-1,6404888837471727;3,3607706823168915;1,644477223039835;0,0033807790072932775;0,003988339292662291;0,21601762980776937;0,2160176298077694;0,2160176298077694;0,99872001950833;-0,0321463983528789;0,9999999999959857;1,225433309963378e-17;2,160176298077694e-05
1;-3,294741049642026;-1,6088929951512387;3,2972891708719447;1,6114883788311032;0,002548121229918543;0,002595383679864449;0,2121599799466245;0,2121599799466245;0,2121599799466245;0,9977869531939314;-0,05110016902310687;0,99872001950833;-0,0321463983528789;2,1215997994662452e-05
2;-2,829869669471258;-1,3757049375638468;2,835466622087765;1,3795638420059617;0,005596952616507167;0,0038589044421148966;0,18205372246696744;0,18205372246696747;0,18205372246696747;0,9978685596711131;-0,01859706055198667;0,9999999999959857;1,225433309963378e-17;1,8205372246696747e-05
3;-2,765539418095817;-1,3430294280311834;2,7708696694713115;1,3467049375633553;0,005330251375494477;0,0036755095321718834;0,17825004030492822;0,17825004030492822;0,17825004030492822;0,9957954312241853;-0,03678148129148372;0,9978685596711131;-0,01859706055198667;1,782500403049282e-05
4;1,9631730489747108;0,9620505071421552;-1,956408017856921;-0,9551621626127228;0,00676503111778981;0,006888344529432433;0,12622188926055994;0,1262218892605599;0,12622188926055994;0,9999999999959857;1,225433309963378e-17;0,9958358991572492;-0,08444115588376923;1,2622188926055993e-05
5;-2,475577559039234;-1,2019874574602705;2,478516294311292;1,2040134849563264;0,002938735272058235;0,00202602749605596;0,15975965729328997;0,15975965729328997;0,15975965729328997;0,9945202520696509;-0,04798881247832304;0,9957954312241853;-0,03678148129148372;1,5975965729328997e-05
6;-1,9239757362488639;-0,9339289600211884;1,935007482039535;0,9451617931662468;0,011031745790671232;0,011232833145058407;0,12485258109763772;0,12485258109763772;0,12485258109763772;0,9889753387467397;-0,2251272779548095;0,9958358991572492;-0,08444115588376923;1,2485258109763773e-05
7;-3,288011369535003;-1,6022444953987574;3,2945410496160745;1,6088929951339097;0,006529680081071465;0,006648499735152358;0,21214958102136278;0,21214958102136275;0,21214958102136278;0,995396562940514;-0,09979909026734003;0,9977869531939314;-0,05110016902310687;2,1214958102136277e-05
8;-1,2363643512483657;-0,60193973697377;1,2366201393991456;0,6022414988824192;0,0002557881507798676;0,0003017619086491674;0,07941293329088774;0,07941293329088774;0,07941293329088774;0,9997367581427206;-0,006637621975868912;0,9999999999959857;1,225433309963378e-17;7,941293329088774e-06
9;-3,241469868991905;-1,5747329416113782;3,250810687783743;1,5842440254341819;0,00934081879183779;0,009511083822803634;0,20975254952582204;0,2097525495258221;0,2097525495258221;0,9919391976130925;-0,17067308509142534;0,995396562940514;-0,09979909026734003;2,0975254952582207e-05
10;-1,2306861747027567;-0,5962599773854448;1,2362643512478162;0,6019397369746134;0,005578176545059543;0,005679759589168665;0,07940774099664352;0,07940774099664355;0,07940774099664355;0,9942843895125919;-0,11828028742834626;0,9997367581427206;-0,006637621975868912;7,940774099664354e-06
11;1,2305861747027194;0,5962599773854388;-1,2257851634317267;-0,5913713930057329;0,004801011270992639;0,0048885843797058515;0,07940251536696645;0,07940251536696644;0,07940251536696645;0,9942843895125919;-0,11828028742834626;0,9895943046627379;-0,21535656650359042;7,940251536696645e-06
12;-3,1087684183485558;-1,506908338399494;3,115469868991941;1,5137329416111072;0,006701450643385343;0,006824603211613267;0,20160459309371695;0,201604593093717;0,201604593093717;0,9893593267737265;-0,2239052418140143;0,9919391976130925;-0,17067308509142534;2,0160459309371702e-05
13;1,736777504153642;0,8478998890936997;-1,7324631976330145;-0,8449254455591757;0,0043143065206274755;0,0029744435345240294;0,11158450192401649;0,11158450192401649;0,11158450192401649;0,9999999999959857;1,225433309963378e-17;0,9973189209913866;-0,02319085353339135;1,115845019240165e-05
14;1,485796833269076;0,7250514440384184;-1,482601456532716;-0,7228483826393123;0,003195376736360167;0,0022030613991060877;0,09588124068215065;0,09588124068215066;0,09588124068215066;0,99551711048967;-0,03882750294481168;0,9932061964353561;-0,058924260236405054;9,588124068215066e-06
15;1,6064744127546489;0,7839154319847472;-1,6037855617968104;-0,7820615061929092;0,00268885095783844;0,0018539257918380736;0,10348085507444978;0,10348085507444978;0,10348085507444978;0,9973189209913866;-0,02319085353339135;0,99551711048967;-0,03882750294481168;1,0348085507444978e-05
16;1,3566145355090824;0,661836717798207;-1,35395536911173;-0,6600032718794903;0,0026591663973523083;0,001833445918716703;0,08774409063764102;0,08774409063764105;0,08774409063764105;0,9932061964353561;-0,058924260236405054;0,9911047335789447;-0,07725362313503001;8,774409063764105e-06
17;0,8245973304320069;0,39868858211702213;-0,8213348803329088;-0,3964392037707771;0,003262450099098091;0,002249378346245001;0,05288078866257604;0,05288078866257604;0,05288078866257604;0,9999999999959857;1,225433309963378e-17;0,9957244388309581;-0,038008250765732256;5,2880788662576035e-06
18;0,8002348102156902;0,38643914456591943;-0,7975186402082928;-0,3845663962824695;0,0027161700073974337;0,0018727482834499098;0,05152693263297183;0,051526932632971825;0,05152693263297183;0,9957244388309581;-0,038008250765732256;0,9920715048907981;-0,07070471897582074;5,152693263297184e-06
19;-0,17520982166009227;-0,0860081922701907;0,1752404493357971;0,08603404735638857;3,0627675704830715e-05;2,5855086197873467e-05;0,01137733307104716;0,011377333071047158;0,01137733307104716;0,9904623388990679;-0,0926099846008429;0,9906596744741809;-0,08975924010735051;1,137733307104716e-06
20;-0,5494731380280459;-0,26714447273976455;0,5497251891996526;0,26735725851244657;0,0002520511716067597;0,0002127857726820226;0,03559542797283663;0,035595427972836616;0,03559542797283663;0,9909837375018749;-0,08501281150294883;0,9915023249963282;-0,07740584234477302;3,5595427972836634e-06
21;-0,1261000000053923;-0,0610000000038583;0,12610917441571667;0,06100774603891629;9,174410324386262e-06;7,74603505798721e-06;0,008166038580933468;0,00816603858093347;0,00816603858093347;0,9903800988765651;-0,09382789773570925;0,9904623388990679;-0,0926099846008429;8,166038580933469e-07
22;1,1454024409732293;0,5567956256265679;-1,139764641983123;-0,5529085790257482;0,005637798990106191;0,0038870466008197324;0,07352931661401765;0,07352931661401764;0,07352931661401765;0,9999999999959857;1,225433309963378e-17;0,9946846644046917;-0,046634030060241013;7,3529316614017654e-06
23;1,7594331931411114;0,85143314060714;-1,7485412055227805;-0,8439234801972374;0,010891987618330878;0,007509660409902641;0,11285010048853213;0,11285010048853213;0,11285010048853213;0,9999999999959857;1,225433309963378e-17;0,993310989974926;-0,05946924222376362;1,1285010048853213e-05
24;1,7264405889118077;0,8339230550747395;-1,7242617992200882;-0,8324208526060303;0,002178789691719585;0,0015022024687092461;0,11144057560326316;0,11144057560326316;0,11144057560326316;0,993310989974926;-0,05946924222376362;0,9919560888390228;-0,0715888857483043;1,1144057560326316e-05
25;-0,423351727600986;-0,20604199104523602;0,4234731380279499;0,2061444727395867;0,00012141042696389714;0,00010248169435067567;0,02743962245359713;0,02743962245359713;0,02743962245359713;0,9906596744741809;-0,08975924010735051;0,9909837375018749;-0,08501281150294883;2,743962245359713e-06
26;-1,708283801893767;-0,8243677447623696;1,7112617992200838;0,8264208526060244;0,0029779973263168724;0,0020531078436547556;0,11060735900426472;0,11060735900426472;0,11060735900426472;0,9900903048422905;-0,08831582024284465;0,9919560888390228;-0,0715888857483043;1,1060735900426472e-05
27;-9,999999969418432e-05;2,1121310593018467e-13;0,00010000000476222386;3,2826858112270704e-12;5,068039548141237e-12;3,493898917157255e-12;5,829582978689234e-06;5,829582978689233e-06;5,829582978689234e-06;0,9903800486837118;-0,09382989959224003;0,9903800988765651;-0,09382789773570925;5,829582978689234e-10
28;0,0;0,0;0,0;0,0;0,0;0,0;;;;;;;;
29;0,7028621712053845;0,34097560671279825;-0,702421522746468;-0,3406036194535946;0,00044064845891655935;0,0003719872592036766;0,04549016404123136;0,04549016404123136;0,04549016404123136;0,9914853345461023;-0,07487993012002937;0,9907761078981018;-0,08532786409004264;4,5490164041231355e-06
30;0,661421522746259;0,32060361945367033;-0,6609713739626372;-0,32022358798883255;0,00045014878362181765;0,0003800314648377823;0,04283189695489733;0,04283189695489733;0,04283189695489733;0,9907761078981018;-0,08532786409004264;0,9900066765657459;-0,09668858661472582;4,283189695489733e-06
31;1,0137646419829718;0,4919085790258159;-1,0124043451796965;-0,49097074421087855;0,0013602968032753182;0,0009378348149373661;0,06540384471406345;0,06540384471406345;0,06540384471406345;0,9946846644046917;-0,046634030060241013;0,9932429482589143;-0,059359968335536806;6,540384471406345e-06
32;1,298510434329011;0,6312517195103691;-1,2968926071752251;-0,6301363545679722;0,001617827153785889;0,0011153649423968348;0,0838181266025994;0,08381812660259941;0,08381812660259941;0,9945202520696509;-0,04798881247832304;0,9931821453455659;-0,05974235090510029;8,38181266025994e-06
33;1,2958653082938614;0,6319933131101109;-1,2943338413743375;-0,6309373479410596;0,0015314669195238828;0,001055965169051265;0,08398735348113334;0,08398735348113334;0,08398735348113334;0,9911047335789447;-0,07725362313503001;0,9898403221722742;-0,0883072343895248;8,398735348113333e-06
34;0,1533311821688524;0,0785489871153121;-0,15332852549045486;-0,07854715440102417;2,6566783975223718e-06;1,8327142879276392e-06;0,010048681198303823;0,010048681198303823;0,010048681198303823;0,9898403221722742;-0,0883072343895248;0,9898219360193976;-0,08844687013560797;1,0048681198303824e-06
35;0,15322907287367304;0,07854672001140668;-0,1532287399959595;-0,07854649002316827;3,3287771353252005e-07;2,2998823841213767e-07;0,010043507076658853;0,010043507076658851;0,010043507076658853;0,9898219360193976;-0,08844687013560797;0,9898196300745155;-0,08846444504280288;1,0043507076658853e-06
36;0,144230364441155;0,0745449812478161;-0,14422298995704003;-0,07453989632443873;7,374484114974766e-06;5,084923377363104e-06;0,009470015222413213;0,009470015222413211;0,009470015222413213;0,9898196300745155;-0,08846444504280288;0,989765456042263;-0,08886369868084802;9,470015222413213e-07
37;1,206445778874318;0,5846864006132743;-1,2055195797492835;-0,5840477565694857;0,0009261991250344437;0,0006386440437885499;0,07823552781703465;0,07823552781703463;0,07823552781703465;0,9893593267737265;-0,2239052418140143;0,9885387177078112;-0,2312097783361838;7,823552781703464e-06
38;1,1165396049065222;0,5431212630394324;-1,1130460913397204;-0,5407126025227865;0,0034935135668017203;0,0024086605166458996;0,07168545635163706;0,07168545635163706;0,07168545635163706;0,9999999999959857;1,225433309963378e-17;0,9966213693344899;-0,029533450032309526;7,168545635163706e-06
39;0,10123437579226117;0,05352933916543087;-0,10121040076042538;-0,05351280964599435;2,3975031835793414e-05;1,652951943652281e-05;0,006679918687505873;0,006679918687505874;0,006679918687505874;0,989765456042263;-0,08886369868084802;0,9895154893857856;-0,09056803519667281;6,679918687505874e-07
40;0,8943995687537553;0,43396671183199953;-0,8937405042837943;-0,43351230896898935;0,0006590644699610015;0,00045440286301018373;0,05778609925639963;0,05778609925639963;0,05778609925639963;0,9932429482589143;-0,059359968335536806;0,9924523406331277;-0,06634609504194013;5,778609925639963e-06
41;0,893640504281885;0,4335123089687576;-0,8936112578973022;-0,4334920768807928;2,9246384582792828e-05;2,023208796481102e-05;0,05778086514614426;0,05778086514614427;0,05778086514614427;0,9924523406331277;-0,06634609504194013;0,9924172243507887;-0,06665981878577723;5,778086514614427e-06
42;1,11294609133995;0,5407126025227168;-1,1125855538370664;-0,5404639719147003;0,00036053750288367326;0,00024863060801649794;0,07168024564379241;0,0716802456437924;0,07168024564379241;0,9966213693344899;-0,029533450032309526;0,9962726575495736;-0,03259444766036261;7,168024564379242e-06
43;1,1124855538369107;0,540463971915204;-1,110891960161672;-0,5391185103305973;0,0015935936752387025;0,0013454615846066886;0,07167503306626664;0,07167503306626666;0,07167503306626666;0,9962726575495736;-0,03259444766036261;0,9946445396846125;-0,056437025587776;7,167503306626666e-06
44;1,110791960161913;0,5391185103306823;-1,1101572352193632;-0,5385827155685444;0,0006347249425497914;0,0005357947621378312;0,07166981099092068;0,07166981099092067;0,07166981099092068;0,9946445396846125;-0,056437025587776;0,9939960938729046;-0,06595042964320587;7,166981099092068e-06
45;0,07812693108549612;0,04249801278828596;-0,07811763041584499;-0,04249160014903547;9,300669651129967e-06;6,412639250490126e-06;0,005189221751263196;0,005189221751263196;0,005189221751263196;0,9895154893857856;-0,09056803519667281;0,9893904965260099;-0,09133406429059475;5,189221751263196e-07
46;1,155519579749484;0,5600477565697851;-1,1546684877771032;-0,5594609013199949;0,0008510919723807575;0,0005868552497901858;0,07499634198414813;0,07499634198414813;0,07499634198414813;0,9885387177078112;-0,2312097783361838;0,9877520804508232;-0,23821611853364907;7,499634198414814e-06
47;0,8616112578985196;0,4184920768816709;-0,8608621712054086;-0,41797560671295986;0,0007490866931109119;0,0005164701687110362;0,05572503920730428;0,055725039207304275;0,05572503920730428;0,9924172243507887;-0,06665981878577723;0,9914853345461023;-0,07487993012002937;5,572503920730428e-06
48;1,3416971041693913;0,6522546006509273;-1,3366537010530326;-0,6487773432355445;0,005043403116358647;0,0034772574153828506;0,08613143412685638;0,08613143412685638;0,08613143412685638;0,9999999999959857;1,225433309963378e-17;0,9959406894605364;-0,03556424160580466;8,613143412685638e-06
49;1,0041572352195063;0,4875827155685313;-1,003361564925379;-0,4869108918790692;0,0007956702941271931;0,0006718236894620588;0,06483741341790648;0,06483741341790648;0,06483741341790648;0,9939960938729046;-0,06595042964320587;0,9930974666561653;-0,07914340924680754;6,483741341790649e-06
50;0,07802739801738258;0,042482885483158206;-0,07802268262463292;-0,04247963437789716;4,715392749654601e-06;3,2511052610456614e-06;0,005184353735310695;0,005184353735310695;0,005184353735310695;0,9893904965260099;-0,09133406429059475;0,989327064039399;-0,09172136966929328;5,184353735310695e-07
51;1,3365537010527335;0,6487773432353895;-1,3360331992475871;-0,6484183994937471;0,0005205018051464005;0,0003589437416423591;0,08612621898742684;0,08612621898742681;0,08612621898742684;0,9959406894605364;-0,03556424160580466;0,9955217231049488;-0,03925326582688604;8,612621898742684e-06
52;0,18125321348660034;0,08803733595483282;-0,18124868066744898;-0,08803421215239124;4,532819151359391e-06;3,123802441579171e-06;0,011736004163283;0,011736004163282998;0,011736004163283;0,9912878503027087;-0,07149849684758654;0,9912610779663146;-0,07173435907048274;1,1736004163283e-06
53;0,3263151892076566;0,1571163223261095;-0,32624014255911943;-0,15702780130162586;7,504664853719145e-05;8,85210244836454e-05;0,02112976721379317;0,02112976721379317;0,02112976721379317;0,9895943046627379;-0,21535656650359042;0,9893046260971557;-0,2228259756126504;2,112976721379317e-06
54;-0,042034293807923076;-0,02545911123274866;0,042040753148216606;0,025463564647991915;6,459340293529792e-06;4,4534152432544605e-06;0,0028683463693941523;0,0028683463693941528;0,0028683463693941528;0,9891694169649813;-0,09226094699394768;0,989327064039399;-0,09172136966929328;2,8683463693941525e-07
55;0,3329589305001158;0,16121308244172364;-0,3328838804179147;-0,16114973319094292;7,505008220110021e-05;6,334925078071985e-05;0,021573754109177973;0,02157375410917798;0,02157375410917798;0,9900066765657459;-0,09668858661472582;0,9897520260774576;-0,10045494015749254;2,157375410917798e-06
56;0,3327838804186819;0,1611497331909341;-0,33274678534210267;-0,16111841590280634;3,7095076579229946e-05;3,131728812774681e-05;0,021568503851777072;0,021568503851777072;0,021568503851777072;0,9897520260774576;-0,10045494015749254;0,9896261203610263;-0,1023176296914399;2,1568503851777075e-06
57;0,3036467235048021;0,14711836370182255;-0,3035496128933393;-0,14703637649298287;9,711061146278066e-05;8,198720883967336e-05;0,019684549569431383;0,019684549569431383;0,019684549569431383;0,9896261203610263;-0,1023176296914399;0,9892649488095341;-0,10765855183899226;1,9684549569431385e-06
58;-0,8345222802009047;-0,4058810116186348;0,8348895638568606;0,4061342564520776;0,00036728365595595225;0,0002532448334428006;0,05397100174824308;0,053971001748243076;0,05397100174824308;0,9927103293561906;-0,06388304289682493;0,9931821453455659;-0,05974235090510029;5,397100174824308e-06
59;0,8881322471687431;0,431127644214713;-0,8875931401343153;-0,4304917769343648;0,0005391070344277216;0,0006358672803482013;0,0576339306268904;0,0576339306268904;0,0576339306268904;0,9889753387467397;-0,2251272779548095;0,9882113912832934;-0,24467757588076156;5,76339306268904e-06
60;0,8590671247094771;0,41673573794987295;-0,8584472551523219;-0,4163083275206493;0,000619869557155206;0,00042741042922367356;0,05542980902145474;0,05542980902145476;0,05542980902145476;0,9945202520696509;-0,04798881247832304;0,9937450482005261;-0,05483524320520345;5,542980902145476e-06
61;-0,2771150693675383;-0,13407993356234327;0,2773361500991899;0,13426657716633372;0,00022108073165155728;0,0001866436039904551;0,017984560669560952;0,01798456066956095;0,017984560669560952;0,9882695529495084;-0,10559739696085763;0,9891694169649813;-0,09226094699394768;1,798456066956095e-06
62;0,24525985318804844;0,11804216473072962;-0,24523635932052149;-0,11802596779985003;2,3493867526952483e-05;1,619693087959173e-05;0,015876179620997945;0,015876179620997945;0,015876179620997945;0,9898342182754112;-0,08471757969643738;0,98973168924799;-0,08564508712460703;1,5876179620997944e-06
63;0,0;0,0;0,0;0,0;0,0;0,0;;;;;;;;
64;0,9800130680411354;0,47640218807039403;-0,9787742415327849;-0,47535625427756034;0,001238826508350499;0,0010459337928336865;0,06319523718144877;0,06319523718144877;0,06319523718144877;0,9955217231049488;-0,03925326582688604;0,9940861280470505;-0,060266676011117425;6,319523718144877e-06
65;0,3023210887256649;0,1450845952207954;-0,30225945045463154;-0,14504210347393007;6,163827103333741e-05;4,24917468653252e-05;0,019554925982414335;0,01955492598241434;0,01955492598241434;0,9900525661407037;-0,08272823526347167;0,9898342182754112;-0,08471757969643738;1,955492598241434e-06
66;0,580004113503906;0,28148544251005525;-0,5796468519912454;-0,281239137320644;0,00035726151266057826;0,00024630518941126667;0,03763673708853036;0,03763673708853036;0,03763673708853036;0,9889753387467397;-0,2251272779548095;0,9883173310815041;-0,23096139912791078;3,7636737088530363e-06
67;0,8013615649256831;0,38891089187888106;-0,8009855416800241;-0,3885934362247583;0,00037602324565899625;0,000317455654122778;0,05178480741611778;0,051784807416117774;0,05178480741611778;0,9930974666561653;-0,07914340924680754;0,9925657852421652;-0,08695790582396304;5,178480741611778e-06
68;0,8008855416798404;0,3885934362246003;-0,8005683914871532;-0,38832567234140103;0,0003171501926871878;0,0002677638831992679;0,051779574096119316;0,051779574096119316;0,051779574096119316;0,9925657852421652;-0,08695790582396304;0,9921173057538644;-0,09355547988199486;5,1779574096119315e-06
69;0,646447213507603;0,31330829881246297;-0,6461950720436812;-0,313134491038576;0,0002521414639218289;0,00017380777388698032;0,04173619461257506;0,04173619461257505;0,04173619461257506;0,9937450482005261;-0,05483524320520345;0,9933263139816559;-0,05854058939028291;4,173619461257505e-06
70;0,78246837642928;0,37932566197377493;-0,7824504003601432;-0,3793105282745444;1,7976069136782513e-05;1,5133699230507336e-05;0,05060329642644365;0,05060329642644364;0,05060329642644365;0,9921173057538644;-0,09355547988199486;0,9920913184500619;-0,09393608960393443;5,060329642644365e-06
71;-0,9738598036565398;-0,4725927779367421;0,9757402267991032;0,4738893479051427;0,0018804231425634255;0,0012965699684006071;0,06330050047614784;0,06330050047614785;0,06330050047614785;0,9872999759574527;-0,24215507837555472;0,9893593267737265;-0,2239052418140143;6,330050047614785e-06
72;0,8637742415327903;0,41935625427758133;-0,8632155803638304;-0,4188846390122023;0,000558661168959862;0,00047161526537903287;0,05576641414668434;0,05576641414668434;0,05576641414668434;0,9940861280470505;-0,060266676011117425;0,9933525948517308;-0,0710314060185181;5,576641414668434e-06
73;1,1730902905675729;0,5670310822583148;-1,1717733843010212;-0,5661231786675653;0,0013169062665516762;0,000907903590749437;0,0756222024463047;0,07562220244630469;0,0756222024463047;0,994754834346209;-0,04058638712248348;0,9935479846808822;-0,051342864845579705;7,56222024463047e-06
74;0,00010000002645477411;1,8201386656215005e-11;-0,00010000000002189525;2,3197400851641668e-14;2,6432878862071504e-11;1,8224584057066647e-11;5,786309593227666e-06;5,786309593227667e-06;5,786309593227667e-06;0,9977869531939314;-0,05110016902310687;0,9977866894501679;-0,05111061093784653;5,786309593227667e-10
75;0,0;0,0;0,0;0,0;0,0;0,0;;;;;;;;
76;0,24713934005818733;0,11902712365162611;-0,2471000000206053;-0,11900000001422348;3,934003758201965e-05;2,712363740263457e-05;0,016008441356305046;0,016008441356305043;0,016008441356305046;0,9893046260971557;-0,2228259756126504;0,9891343513283145;-0,22436497465578792;1,6008441356305045e-06
77;0,518411498763972;0,2514354939453205;-0,5182473087890168;-0,25124179736617047;0,00016418997495515342;0,0001936965791500267;0,0336619387610653;0,0336619387610653;0,0336619387610653;0,9882113912832934;-0,24467757588076156;0,9878130501959492;-0,25488735347901736;3,3661938761065304e-06
78;0,5201950720442204;0,25213449103879265;-0,520078701555006;-0,2520542577183767;0,0001163704892144235;8,023332041595665e-05;0,03359960912217463;0,033599609122174634;0,033599609122174634;0,9933263139816559;-0,05854058939028291;0,9930862428133792;-0,060666447732298324;3,3599609122174635e-06
79;-0,7449921088672574;-0,361695943659641;0,7452155803634419;0,36188463901262846;0,000223471496184513;0,00018869535298748907;0,048149865487584896;0,0481498654875849;0,0481498654875849;0,9930127222528612;-0,07602111260383555;0,9933525948517308;-0,0710314060185181;4,8149865487584904e-06
80;-0,6844064175684745;-0,33128019327476704;0,6846318197416318;0,33143562055596804;0,00022540217315725197;0,0001554272812009927;0,04446000295962894;0,04446000295962892;0,04446000295962894;0,9874006801628824;-0,24135689614588382;0,9877520804508232;-0,23821611853364907;4,446000295962894e-06
81;0,43624730878936085;0,21124179736631254;-0,4361564431367773;-0,21114927041801404;9,086565258353829e-05;9,252694829850472e-05;0,028329460220885595;0,0283294602208856;0,0283294602208856;0,9878130501959492;-0,25488735347901736;0,9875642014948186;-0,2600515850861896;2,8329460220885597e-06
82;0,5804504003576554;0,28131052827049974;-0,5803345333190888;-0,2812306345445273;0,00011586703856658609;7,989372597244637e-05;0,03753745360030574;0,03753745360030574;0,03753745360030574;0,9920913184500619;-0,09393608960393443;0,9918773576979611;-0,09583411824429669;3,753745360030574e-06
83;0,0;0,0;0,0;0,0;0,0;0,0;;;;;;;;
84;0,399156443136536;0,19314927041804475;-0,399080353320463;-0,19307178945271133;7,608981607298837e-05;7,74809653334152e-05;0,02592398084473751;0,02592398084473751;0,02592398084473751;0,9875642014948186;-0,2600515850861896;0,9873365043154271;-0,26478195300435214;2,592398084473751e-06
85;1,3464285482383753;0,6515747862723407;-1,344205048244875;-0,6500418352179506;0,002223499993500244;0,0015329510543901081;0,08666053471699203;0,08666053471699202;0,08666053471699203;0,9965330835957154;-0,024803365015616974;0,994754834346209;-0,04058638712248348;8,666053471699202e-06
86;-0,664571298087781;-0,3223406785219079;0,6649921088673915;0,32269594365934856;0,00042081077961042546;0,00035526513744066346;0,04297529946749033;0,042975299467490326;0,04297529946749033;0,9922957551387152;-0,08656346085882063;0,9930127222528612;-0,07602111260383555;4,297529946749034e-06
87;-0,31228520916873104;-0,14582211607523093;0,3123251502954766;0,14584964995834915;3,9941126745546285e-05;2,7533883118213698e-05;0,020116461008365283;0,020116461008365283;0,020116461008365283;0,9891694169649813;-0,09226094699394768;0,9893067185780359;-0,0909230503061393;2,0116461008365283e-06
88;-0,631725189199707;-0,307357258512262;0,6320038221291094;0,30759246486798275;0,0002786329294024448;0,00023520635572077397;0,040908080466606135;0,04090808046660613;0,040908080466606135;0,9915023249963282;-0,07740584234477302;0,9920011764205805;-0,07010210948226082;4,090808046660613e-06
89;-0,36311309102262146;-0,1750822915828613;0,3641217543766717;0,17577772546270612;0,0010086633540502543;0,0006954338798448312;0,023469767589158325;0,023469767589158325;0,023469767589158325;0,9916624036325609;-0,06882610998278868;0,994640563644413;-0,04213775836970904;2,3469767589158327e-06
90;0,0;0,0;0,0;0,0;0,0;0,0;;;;;;;;
91;0,8972985327934012;0,4338952835855734;-0,8963540485320427;-0,4332440758748986;0,0009444842613585136;0,0006512077106747838;0,058120424700586294;0,05812042470058631;0,05812042470058631;0,9900903048422905;-0,08831582024284465;0,9889640558607351;-0,09839290352497974;5,8120424700586305e-06
92;0,2270358649546376;0,11002472703228942;-0,22700462851065162;-0,11000319163095322;3,1236443985976914e-05;2,1535401336203464e-05;0,01474664058095843;0,014746640580958429;0,01474664058095843;0,9877520804508232;-0,23821611853364907;0,9876052585070149;-0,2395238185462396;1,4746640580958432e-06
93;0,32108035331997853;0,15507178945279027;-0,32104225701331784;-0,155039627353432;3,809630666068431e-05;3,2162099358273855e-05;0,020850430732311694;0,020850430732311694;0,020850430732311694;0,9873365043154271;-0,26478195300435214;0,9872027832537471;-0,26677363228644163;2,0850430732311695e-06
94;0,3180787015547345;0,15405425771805115;-0,31799999999999146;-0,1539999999999116;7,870155474304363e-05;5,4257718139549826e-05;0,020546857272003435;0,02054685727200344;0,02054685727200344;0,9930862428133792;-0,060666447732298324;0,9928207571943898;-0,06302204707302965;2,0546857272003436e-06
95;-0,6553175479459461;-0,31821894765702224;0,6558598036565683;0,3185927779367048;0,0005422557106221637;0,0003738302796825743;0,04263875942706383;0,04263875942706381;0,04263875942706383;0,9864183692763945;-0,24996684931292298;0,9872999759574527;-0,24215507837555472;4,263875942706383e-06
96;0,4543345333196269;0,22023063454524325;-0,4541545788685776;-0,2201065709150599;0,0001799544510493467;0,00012406363018335753;0,0293889820860617;0,029388982086061693;0,0293889820860617;0,9918773576979611;-0,09583411824429669;0,9914529305879832;-0,09959704319460476;2,93889820860617e-06
97;0,00010000002057415381;1,419068632736182e-11;-0,0001000000000270563;-2,4503583362495282e-14;2,0547097511381014e-11;1,4166182743999325e-11;5,836925865523088e-06;5,836925865523088e-06;5,836925865523088e-06;0,9891343513283145;-0,22436497465578792;0,9891341480899466;-0,22437309127894556;5,836925865523088e-10
98;0,0;0,0;0,0;0,0;0,0;0,0;;;;;;;;
99;0,19563654649250492;0,0940948541209661;-0,1955608885502819;-0,09404269374357278;7,565794222302857e-05;5,216037739332047e-05;0,012637919075974155;0,012637919075974157;0,012637919075974157;0,9917472458364334;-0,0673517725791598;0,9913324832464699;-0,07110451573354384;1,2637919075974156e-06
100;-0,25115589113255665;-0,12103853325020944;0,2511878157376713;0,12106054145846054;3,192460511464157e-05;2,2008208251100836e-05;0,01626803518769695;0,016268035187696955;0,016268035187696955;0,9894583293665711;-0,2165825057183164;0,9895943046627379;-0,21535656650359042;1,6268035187696953e-06
101;0,20069762560786464;0,09713697210832338;-0,20063651532298268;-0,09709483945117342;6,111028488195447e-05;4,213265714995973e-05;0,012975967129072914;0,012975967129072914;0,012975967129072914;0,9920736577602849;-0,06444672838838235;0,9917472458364334;-0,0673517725791598;1,2975967129072913e-06
102;0,0;0,0;0,0;0,0;0,0;0,0;;;;;;;;
103;0,18124954768588947;0,0870341596581359;-0,18124279083379147;-0,08702950174307261;6,756852097999921e-06;4,65791506329416e-06;0,011701152185654446;0,011701152185654448;0,011701152185654448;0,9920715048907981;-0,07070471897582074;0,9920315025277188;-0,07106779757570811;1,1701152185654446e-06
104;-0,48219973037818276;-0,2331377092870937;0,4824064175683784;0,2332801932748632;0,0002066871901956202;0,00014248398776950388;0,03133209764613467;0,03133209764613467;0,03133209764613467;0,9869435088242055;-0,2454532394590061;0,9874006801628824;-0,24135689614588382;3,133209764613467e-06
105;0,3731545788680747;0,18110657091504176;-0,37303302538654237;-0,18102276989710414;0,00012155348153231049;8,380101793761807e-05;0,024153882473676325;0,024153882473676325;0,024153882473676325;0,9914529305879832;-0,09959704319460476;0,9911040806857596;-0,10268085297282763;2,4153882473676327e-06
106;-0,1871285133273306;-0,09001965868983619;0,18715589113284445;0,090038533250316;2,7377805513845166e-05;1,8874560479803515e-05;0,01211861714130952;0,01211861714130952;0,01211861714130952;0,9893018084965414;-0,21800060755057238;0,9894583293665711;-0,2165825057183164;1,211861714130952e-06
107;-0,1813532124280691;-0,08803733658369704;0,18136077249473448;0,08804254757056702;7,560066665385223e-06;5,2109868699801165e-06;0,01174124335420837;0,011741243354208371;0,011741243354208371;0,9912878503027087;-0,07149849684758654;0,9913324832464699;-0,07110451573354384;1,174124335420837e-06
108;0,1990422570131314;0,09603962735347342;-0,1990103381893961;-0,0960071271851702;3,1918823735321844e-05;3,250016830322333e-05;0,012924899874587347;0,012924899874587347;0,012924899874587347;0,9872027832537471;-0,26677363228644163;0,9870112832413527;-0,27076696930889216;1,2924899874587347e-06
109;0,0;0,0;0,0;0,0;0,0;0,0;;;;;;;;
110;0,3005424625630278;0,14624905652380224;-0,3002836305920301;-0,14607060055474227;0,00025883197099768607;0,0001784559690599652;0,019512314933797743;0,019512314933797743;0,019512314933797743;0,9889753387467397;-0,2251272779548095;0,9880556504606968;-0,23322783139778847;1,9512314933797743e-06
111;0,0;0,0;0,0;0,0;0,0;0,0;;;;;;;;
112;0,11324279083365915;0,054029501743377284;-0,11322700334915028;-0,054018617353408856;1,57874845088668e-05;1,0884389968428276e-05;0,007302293203501132;0,007302293203501132;0,007302293203501132;0,9920315025277188;-0,07106779757570811;0,9918817888374051;-0,07244948824478842;7,302293203501132e-07
113;0,11312700334930129;0,05401861735347404;-0,11310189695320132;-0,05400130788550055;2,510639609996923e-05;1,7309467973486425e-05;0,00729704012279306;0,0072970401227930625;0,0072970401227930625;0,9918817888374051;-0,07244948824478842;0,991643518949071;-0,07464460061236645;7,297040122793062e-07
114;0,5145388511755908;0,24930255794042327;-0,514209254657478;-0,24907532370096241;0,000329596518112818;0,00022723423946086063;0,03336522867482431;0,033365228674824304;0,03336522867482431;0,9893593267737265;-0,2239052418140143;0,9886746227439269;-0,23000033571983142;3,3365228674824316e-06
115;0,3737582295600522;0,1803868526134609;-0,37370200251599167;-0,18033937549844803;5,622704406055279e-05;4,7477115012878324e-05;0,0241521966533213;0,02415219665332131;0,02415219665332131;0,9920715048907981;-0,07070471897582074;0,9919011275414701;-0,07323415793065415;2,4152196653321308e-06
116;0,3736020025161754;0,1803393754989254;-0,3735227975514738;-0,1802725200715646;7,920496470165128e-05;6,68554273607902e-05;0,024146954619893024;0,024146954619893014;0,024146954619893024;0,9919011275414701;-0,07323415793065415;0,9916610927338444;-0,07679511549044382;2,4146954619893026e-06
117;0,37342279755150914;0,18027252007104796;-0,3733053355591638;-0,1801733470402972;0,00011746199234535792;9,9173030750771e-05;0,02414171142549777;0,024141711425497772;0,024141711425497772;0,9916610927338444;-0,07679511549044382;0,9913050115814169;-0,08208141001584376;2,414171142549777e-06
118;0,3230117613497615;0,15635399486623078;-0,3226967785136569;-0,15613682475761698;0,00031498283610459366;0,00021717010861380115;0,02086253886576947;0,020862538865769466;0,02086253886576947;0,9931200933743016;-0,05513863142805678;0,9920736577602849;-0,06444672838838235;2,086253886576947e-06
119;-0,12312015827870205;-0,0590138981643549;0,12312851332713969;0,0590196586902271;8,355048437630463e-06;5,760525872200439e-06;0,007968554457567575;0,007968554457567575;0,007968554457567575;0,9892291798565023;-0,21866498942225301;0,9893018084965414;-0,21800060755057238;7,968554457567575e-07
120;-0,721350855263029;-0,348179330609151;0,7216247864702132;0,34836820822952214;0,00027393120718421926;0,00018887762037111955;0,04661014278347481;0,04661014278347481;0,04661014278347481;0,9921628491067462;-0,06403676968223188;0,9925701291528937;-0,06038839546159039;4,661014278347481e-06
121;-0,11611332846166977;-0,056009189819557735;0,11612015827902673;0,056013898164176845;6,829817356959755e-06;4,7083446191101275e-06;0,007524486737498614;0,007524486737498612;0,007524486737498614;0,9891662834905769;-0,21923093232835697;0,9892291798565023;-0,21866498942225301;7,524486737498613e-07
122;0,5515712980876383;0,26734067852206167;-0,5512017204970543;-0,26708587373681286;0,00036957759058398043;0,0002548047852488078;0,03566317093655158;0,03566317093655157;0,03566317093655158;0,9922957551387152;-0,08656346085882063;0,9915774451190956;-0,09293354128328646;3,566317093655158e-06
123;-0,116000000000076;-0,0559999999998792;0,11601332846172382;0,05600918981983437;1,3328461647824086e-05;9,18981995516599e-06;0,007519230076112867;0,007519230076112868;0,007519230076112868;0,9890434438092246;-0,22033453070987932;0,9891662834905769;-0,21923093232835697;7,519230076112868e-07
124;0,08310189695224168;0,04000130788544602;-0,08310000000880374;-0,04000000000652301;1,8969434379401129e-06;1,3078789230097643e-06;0,005369665686996185;0,005369665686996184;0,005369665686996185;0,991643518949071;-0,07464460061236645;0,9916190419712299;-0,07486559079381944;5,369665686996185e-07
125;-0,2710060145837226;-0,1310041459749661;0,2710911098272504;0,13106281475797385;8,509524352778852e-05;5,866878300775369e-05;0,017583796440873958;0,017583796440873954;0,017583796440873958;0,9883392294163212;-0,23300413885700508;0,9886746227439269;-0,23000033571983142;1,7583796440873956e-06
126;0,0;0,0;0,0;0,0;0,0;0,0;;;;;;;;
127;0,0;0,0;0,0;0,0;0,0;0,0;;;;;;;;
128;0,2424108629604771;0,11714538401117554;-0,24234625779983365;-0,11710084091820115;6,460516064343835e-05;4,454309297438619e-05;0,01566836451145348;0,01566836451145348;0,01566836451145348;0,9920715048907981;-0,07070471897582074;0,9917857479078456;-0,07325820195235219;1,566836451145348e-06
129;0,242246257799452;0,1171008409183426;-0,24216017520593522;-0,11704148985523383;8,60825935167786e-05;5,9351063108767366e-05;0,015663123215230074;0,015663123215230078;0,015663123215230078;0,9917857479078456;-0,07325820195235219;0,9914048595874166;-0,07666043630223719;1,5663123215230077e-06
130;0,07700394201532684;0,03700300044545411;-0,07699946107762774;-0,036999911117158155;4,480937699100074e-06;3,0893282959576496e-06;0,004976559046039207;0,004976559046039209;0,004976559046039209;0,9911441218294468;-0,07361309159135364;0,9910817425288553;-0,07417897310900681;4,976559046039209e-07
131;0,2261835317730723;0,11007051712735587;-0,226160814615399;-0,11005133879082087;2,2717157673296517e-05;1,9178336535002893e-05;0,014698477694525085;0,014698477694525086;0,014698477694525086;0,9880556504606968;-0,23322783139778847;0,9879424515915566;-0,2348917491764314;1,4698477694525088e-06
132;0,2260608146152793;0,11005133879065734;-0,22600595028524584;-0,11000502373646423;5,4864330033460584e-05;4,6315054193113436e-05;0,014693223065451889;0,01469322306545189;0,01469322306545189;0,9879424515915566;-0,2348917491764314;0,9876689625554428;-0,2389099928530533;1,469322306545189e-06
133;-0,3560470380457907;-0,17203243304179636;0,35619973037803404;0,17213770928728292;0,00015269233224335377;0,000105276245486563;0,023142891662586713;0,023142891662586713;0,023142891662586713;0,986486260030492;-0,24956087799680235;0,9869435088242055;-0,2454532394590061;2,3142891662586715e-06
134;0,0;0,0;0,0;0,0;0,0;0,0;;;;;;;;
135;0,0;0,0;0,0;0,0;0,0;0,0;;;;;;;;
136;0,29630533555908883;0,14317334704023255;-0,29618944549021453;-0,14307550831529284;0,00011589006887430253;9,783872493970835e-05;0,01916625201791014;0,019166252017910144;0,019166252017910144;0,9913050115814169;-0,08208141001584376;0,9908624661076314;-0,08864361491319016;1,9166252017910143e-06
137;0,6134226080959837;0,29718768483513786;-0,6132935400446586;-0,2970987124383461;0,00012906805132506527;8,897239679173108e-05;0,039353433401448736;0,039353433401448736;0,039353433401448736;0,9999999999959857;1,225433309963378e-17;0,9997726803633613;-0,002000747336801874;3,9353433401448735e-06
138;0,6131935400444373;0,29709871243896285;-0,6127096859036246;-0,29676511923177096;0,0004838541408126451;0,00033359320719189567;0,039348236371186354;0,039348236371186354;0,039348236371186354;0,9997726803633613;-0,002000747336801874;0,9989203551868208;-0,009511029741341668;3,9348236371186355e-06
139;0,4050562421076354;0,1963849482714915;-0,4050111966728669;-0,19635389095394926;4,50454347685203e-05;3,10573175422435e-05;0,026166488702197746;0,026166488702197756;0,026166488702197756;0,9932394221765449;-0,05408279674709199;0,9931200933743016;-0,05513863142805678;2,6166488702197755e-06
140;0,0;0,0;0,0;0,0;0,0;0,0;;;;;;;;
141;0,11521579814615232;0,05601089221051285;-0,11521426536617156;-0,05600983569914757;1,5327799807590692e-06;1,0565113652827307e-06;0,007476635087922406;0,007476635087922406;0,007476635087922406;0,9892649488095341;-0,10765855183899226;0,989250736835443;-0,10778379527231445;7,476635087922406e-07
142;0,11511426536573116;0,056009835699506065;-0,11510569618907737;-0,05600392753940552;8,569176653788757e-06;5,9081601005428475e-06;0,0074713866508066195;0,0074713866508066195;0,0074713866508066195;0,989250736835443;-0,10778379527231445;0,9891712178988369;-0,1084836183605065;7,47138665080662e-07
143;0,00010000000955918505;6,6102856503200595e-12;-9,999999989486961e-05;5,2935935159694054e-14;9,664315436244339e-12;6,6632215854797536e-12;5,822299693155333e-06;5,822299693155334e-06;5,822299693155334e-06;0,9916190419712299;-0,07486559079381944;0,9916189461380446;-0,0748694085382055;5,822299693155333e-10
144;0,0;0,0;0,0;0,0;0,0;0,0;;;;;;;;
145;-0,4071804463273641;-0,19605694002890156;0,40841080583718364;0,1969052316745227;0,0012303595098195341;0,0008482916456211409;0,026318079223745596;0,026318079223745593;0,026318079223745596;0,9914012430463874;-0,07127121170700089;0,994640563644413;-0,04213775836970904;2,6318079223745598e-06
146;0,14803893651102895;0,07102739036235431;-0,14800344468056456;-0,07100291995354582;3,5491830464390306e-05;2,4470408808485722e-05;0,00956209855036359;0,00956209855036359;0,00956209855036359;0,9914012430463874;-0,07127121170700089;0,9911441218294468;-0,07361309159135364;9,56209855036359e-07
147;0,672588674923406;0,3246493420787726;-0,6703995385178596;-0,3231400058976571;0,00218913640554641;0,0015093361811154837;0,0433989438838428;0,0433989438838428;0,0433989438838428;0,9935479846808822;-0,051342864845579705;0,9900525661407037;-0,08272823526347167;4,3398943883842795e-06
148;0,318078792831764;0,15405548060028015;-0,318051777714336;-0,15403685036363882;2,7015117427975355e-05;1,8630236641337117e-05;0,020609851947420474;0,020609851947420474;0,020609851947420474;0,9900525661407037;-0,08272823526347167;0,9899617068058995;-0,08353749404608696;2,060985194742047e-06
149;0,16516017520622273;0,08004148985524719;-0,16511821364450155;-0,08001255817409313;4,19615617211766e-05;2,893168115405964e-05;0,0106881744550616;0,010688174455061598;0,0106881744550616;0,9914048595874166;-0,07666043630223719;0,9911327283098315;-0,07907593434199385;1,06881744550616e-06
150;0,29753448015293793;0,1441616616219152;-0,29743631369553136;-0,14409397913965405;9,816645740656771e-05;6,768248226116103e-05;0,019313973022364147;0,019313973022364147;0,019313973022364147;0,9883173310815041;-0,23096139912791078;0,9879650305168554;-0,2341001672108714;1,9313973022364145e-06
151;0,1650182136448694;0,08001255817404089;-0,16500132085499333;-0,08000091057145507;1,689278987607179e-05;1,1647602585818095e-05;0,010682932641915869;0,010682932641915874;0,010682932641915874;0,9911327283098315;-0,07907593434199385;0,9910231162321596;-0,08004780416392444;1,0682932641915873e-06
152;-0,5496508798190217;-0,2652419115002328;0,5499484345759557;0,26544706527217665;0,0002975547569339376;0,00020515377194385565;0,0356093392871032;0,03560933928710319;0,0356093392871032;0,9895112453094237;-0,09351811548737203;0,9900903048422905;-0,08831582024284465;3,5609339287103196e-06
153;0,6325222802003675;0,307881011618856;-0,6321038221295237;-0,30759246486797776;0,00041845807084384123;0,0002885467508782491;0,04091331371748378;0,04091331371748379;0,04091331371748379;0,9927103293561906;-0,06388304289682493;0,9920011764205805;-0,07010210948226082;4,091331371748379e-06
154;0,23011237183798908;0,11207747569853838;-0,23002411975336468;-0,11201662884402311;8,82520846244017e-05;6,084685451526739e-05;0,014952262676725775;0,014952262676725772;0,014952262676725775;0,9883173310815041;-0,23096139912791078;0,9879080934726623;-0,23455784723284054;1,4952262676725774e-06
155;0,4491850423582588;0,2174739130272566;-0,44905593666978266;-0,21738489898212393;0,0001291056884761277;8,901404513267375e-05;0,029000424374073314;0,029000424374073318;0,029000424374073318;0,9935479846808822;-0,051342864845579705;0,9932394221765449;-0,05408279674709199;2,900042437407332e-06
156;0,0;0,0;0,0;0,0;0,0;0,0;;;;;;;;
157;0,07000555567061766;0,034003830608903926;-0,0700047639208884;-0,03400328461730017;7,917497292508902e-07;5,459916037550694e-07;0,004542532698462495;0,004542532698462495;0,004542532698462495;0,9891712178988369;-0,1084836183605065;0,989159134200372;-0,10859050983296212;4,542532698462494e-07
158;0,5595051649450715;0,2707620022371502;-0,5592320385066386;-0,27057367121977877;0,0002731264384329135;0,00018833101737142366;0,03592555745228661;0,035925557452286615;0,035925557452286615;0,9989203551868208;-0,009511029741341668;0,9983934159997649;-0,014172970919933912;3,5925557452286616e-06
159;0,20204552480943866;0,09803138783045776;-0,20200000000004456;-0,09800000000017776;4,552480939409853e-05;3,138783027999137e-05;0,013152676220246119;0,01315267622024612;0,01315267622024612;0,9857815709249685;-0,25561468984236374;0,9855416363896433;-0,2577498158821344;1,315267622024612e-06
160;0,17103302538670628;0,08302276989740418;-0,17100074719193553;-0,08300051516393701;3,227819477075178e-05;2,2254733467161336e-05;0,011075024102894359;0,01107502410289436;0,01107502410289436;0,9911040806857596;-0,10268085297282763;0,9909020414974699;-0,10446685264095264;1,107502410289436e-06
161;0,270436313695321;0,13109397913943474;-0,2703517548939019;-0,13103568186990744;8,45588014191101e-05;5,8297269527302076e-05;0,01756277772791369;0,01756277772791369;0,01756277772791369;0,9879650305168554;-0,2341001672108714;0,987631301499025;-0,2370702963877342;1,756277772791369e-06
162;0,0;0,0;0,0;0,0;0,0;0,0;;;;;;;;
163;0,22518944549039388;0,10907550831538151;-0,22510469172165531;-0,10900396085580386;8,475376873856577e-05;7,154745957765885e-05;0,014579413486702959;0,014579413486702953;0,014579413486702959;0,9908624661076314;-0,08864361491319016;0,9904369013918648;-0,0949308402887934;1,4579413486702958e-06
164;-0,14499999999990715;-0,0700000000004135;0,14500601458321635;0,07000414597531597;6,014583309205124e-06;4,145974902475258e-06;0,009406156326290337;0,009406156326290337;0,009406156326290337;0,9882949197444768;-0,23340225325547534;0,9883392294163212;-0,23300413885700508;9,406156326290338e-07
165;0,0;0,0;0,0;0,0;0,0;0,0;;;;;;;;
166;-0,051999999999908716;-0,02499999999999557;0,05200476392071522;0,02500328461772715;4,7639208065053396e-06;3,284617731580397e-06;0,003368008140633481;0,003368008140633482;0,003368008140633482;0,989061137307853;-0,10948027214921399;0,989159134200372;-0,10859050983296212;3,368008140633482e-07
167;-0,7855324778095024;-0,3786829332070679;0,7856448587281817;0,3787604160839685;0,0001123809186792668;7,748287690056976e-05;0,05061881515572266;0,050618815155722655;0,05061881515572266;0,994640563644413;-0,04213775836970904;0,9947944045193893;-0,04075854138399876;5,061881515572266e-06
168;-0,20210599242063962;-0,09800505867113579;0,2021202409665804;0,09801708906505985;1,424854594078706e-05;1,2030393924056249e-05;0,013082572567886253;0,013082572567886254;0,013082572567886254;0,9912533200813524;-0,0977038528738983;0,9913330647876544;-0,09652856316580823;1,3082572567886254e-06
169;-0,2019999999997329;-0,09800000000091177;0,20200599242186276;0,09800505867233306;5,992422129869057e-06;5,058671421281913e-06;0,01307733204041228;0,01307733204041228;0,01307733204041228;0,9912197690591145;-0,09819781363407955;0,9912533200813524;-0,0977038528738983;1,307733204041228e-06
170;0,5452111469822724;0,26414555360537945;-0,5450026496510534;-0,26400182704336195;0,00020849733121897085;0,00014372656201749878;0,035367837318688145;0,03536783731868815;0,03536783731868815;0,9889640558607351;-0,09839290352497974;0,9885554615459455;-0,10202978427339018;3,5367837318688154e-06
171;0,2660521434675024;0,12903691069237821;-0,26602442391996617;-0,12901780053118656;2,771954753622019e-05;1,911016119165998e-05;0,017244945037431788;0,01724494503743178;0,017244945037431788;0,9899617068058995;-0,08353749404608696;0,9898502863733577;-0,08452544201274662;1,7244945037431787e-06
172;-0,377120240967795;-0,18301708906478148;0,3772017204970743;0,1830858737365255;8,147952927928248e-05;6,878467174400993e-05;0,024413166553867948;0,02441316655386795;0,02441316655386795;0,9913330647876544;-0,09652856316580823;0,9915774451190956;-0,09293354128328646;2,441316655386795e-06
173;0,07200595028552169;0,035005023736482725;-0,07200000000004927;-0,035000000000156205;5,950285472414163e-06;5,023736326520423e-06;0,004680196056538215;0,004680196056538215;0,004680196056538215;0,9876689625554428;-0,2389099928530533;0,9875758519560482;-0,24028168150927529;4,6801960565382153e-07
174;2,991464988440426;1,4465518122066778;-2,9677149549938293;-1,4301773398076987;0,023750033446596763;0,016374472398979156;0,1916005512230894;0,1916005512230894;0,1916005512230894;1,0012769003043949;0,016998535449464607;0,9926869288108643;-0,05956582455354461;1,916005512230894e-05
175;0,0;0,0;0,0;0,0;0,0;0,0;;;;;;;;
176;0,0;0,0;0,0;0,0;0,0;0,0;;;;;;;;
177;0,49112791135697675;0,23757082577892308;-0,49091073578004807;-0,2374210752608017;0,0002171755769286854;0,00014975051812138318;0,03154917962911913;0,03154917962911913;0,03154917962911913;0,9983934159997649;-0,014172970919933912;0,997916313107089;-0,01840067950551957;3,154917962911913e-06
178;0,07700380379492051;0,03700290489598491;-0,07699946183300743;-0,03699991125876988;4,341961913081893e-06;2,993637215030487e-06;0,004974835164370705;0,004974835164370704;0,004974835164370705;0,9914856473248199;-0,06999166056352973;0,9914251811437435;-0,07054006741478312;4,974835164370705e-07
179;0,1440241197534062;0,07001662884407264;-0,14400010791379064;-0,0700000743912845;2,401183961556197e-05;1,655445278814227e-05;0,009358936760752914;0,009358936760752914;0,009358936760752914;0,9879080934726623;-0,23455784723284054;0,9877302233335324;-0,2361287759145624;9,358936760752913e-07
180;0,4758105728629257;0,2304209629438155;-0,47561155833945584;-0,23028374929196885;0,00019901452346987591;0,00013721365184665713;0,030586375467912583;0,030586375467912586;0,030586375467912586;0,997916313107089;-0,01840067950551957;0,9974653257122262;-0,022385780792154347;3,0586375467912586e-06
181;0,09300964780025785;0,04500698681010357;-0,0930036937693133;-0,045002882079669446;5,9540309445410555e-06;4,104730434127679e-06;0,00601638740512619;0,0060163874051261884;0,00601638740512619;0,9915542363868655;-0,06938086748941633;0,9914856473248199;-0,06999166056352973;6,01638740512619e-07
182;0,0;0,0;0,0;0,0;0,0;0,0;;;;;;;;
183;0,05100132085543652;0,025000910572049388;-0,05100000000047199;-0,025000000000061896;1,320854964535767e-06;9,105719874918927e-07;0,003309023889184998;0,0033090238891849977;0,003309023889184998;0,9910231162321596;-0,08004780416392444;0,9909954298194185;-0,08028610598508268;3,309023889184998e-07
184;0,0;0,0;0,0;0,0;0,0;0,0;;;;;;;;
185;0,2451363601813237;0,11802596743274894;-0,2451114990120375;-0,11800882909477292;2,486116928621107e-05;1,7138337976022044e-05;0,015870923528236394;0,01587092352823639;0,015870923528236394;0,98973168924799;-0,08564508712460703;0,9896231567946219;-0,0866258741128481;1,5870923528236394e-06
186;-0,02809998856817328;-0,013999997688149416;0,028100678027381656;0,014000473114976557;6,894592083778184e-07;4,754268271411205e-07;0,001828873581869288;0,0018288735818692875;0,001828873581869288;0,9910785593591996;-0,07746911759800704;0,9911047335789447;-0,07725362313503001;1,8288735818692878e-07
187;1,8376464170216076;0,8911732634353835;-1,829586692038401;-0,8856164966133873;0,008059724983206618;0,00555676682199624;0,11776392009228769;0,11776392009228773;0,11776392009228773;1,0012769003043949;0,016998535449464607;0,9965330835957154;-0,024803365015616974;1,1776392009228772e-05
188;0,0;0,0;0,0;0,0;0,0;0,0;;;;;;;;
189;0,24904703804582065;0,1200324330415093;-0,24902235272766504;-0,12001541328826613;2,468531815560948e-05;1,701975324316929e-05;0,016180299142588894;0,016180299142588894;0,016180299142588894;0,986486260030492;-0,24956087799680235;0,9863805450489824;-0,2505172670723382;1,6180299142588894e-06
190;0,17102508996297278;0,08301791596672314;-0,17099880093211614;-0,0829997899252429;2,6289030856635476e-05;1,8126041480243105e-05;0,011088512268527917;0,011088512268527917;0,011088512268527917;0,9898502863733577;-0,08452544201274662;0,9896859339738551;-0,08598028583886531;1,1088512268527917e-06
191;-0,07699952650031337;-0,03699998067569404;0,07700191968412347;0,03700200143749819;2,393183810095456e-06;2,020761804152893e-06;0,004982783732871842;0,004982783732871843;0,004982783732871843;0,9898446770823646;-0,08522345603836928;0,9898798119724923;-0,08469706774295656;4,982783732871844e-07
192;-9,999993667571559e-05;-3,3878499937101836e-11;9,999994309880358e-05;3,930183005541711e-11;6,423087986506294e-12;5,423330118315277e-12;5,825471000439725e-06;5,825471000439724e-06;5,825471000439725e-06;0,9910784957012957;-0,07747222493779524;0,9910785593591996;-0,07746911759800704;5,825471000439724e-10
193;0,0;0,0;0,0;0,0;0,0;0,0;;;;;;;;
194;0,0;0,0;0,0;0,0;0,0;0,0;;;;;;;;
195;0,4195093574881522;0,20328223181173932;-0,41937922428297053;-0,20319250586227872;0,0001301332051816817;8,972594946060619e-05;0,026982562177099167;0,026982562177099163;0,026982562177099167;0,9974653257122262;-0,022385780792154347;0,99713102767838;-0,025336329306780606;2,698256217709917e-06
196;0,19401753537275462;0,09401277514583815;-0,19399866911515815;-0,09399976911100665;1,8866257596478198e-05;1,300603483150864e-05;0,012505907613862862;0,01250590761386286;0,012505907613862862;0,9953202731881173;-0,035569939791998545;0,9952157091938291;-0,03649420269988726;1,2505907613862862e-06
197;0,0;0,0;0,0;0,0;0,0;0,0;;;;;;;;
198;-1,0590448302904152;-0,5127206962276256;1,0600072917450571;0,5133842821114012;0,0009624614546419608;0,0006635858837755748;0,06869742605928128;0,0686974260592813;0,0686974260592813;0,9888692513988917;-0,09696033483125971;0,9898403221722742;-0,0883072343895248;6,869742605928129e-06
199;0,4344826835747409;0,20496747787566277;-0,4343190521311222;-0,20485466760179005;0,00016363144361869475;0,00011281027387272102;0,028024419707130654;0,028024419707130654;0,028024419707130654;0,9897107603094673;-0,0870796188382452;0,9893067185780359;-0,0909230503061393;2,8024419707130654e-06
200;0,4072790734203527;0,19719240183558615;-0,40713831269876993;-0,1970953624032382;0,00014076072158275554;9,70394323479562e-05;0,02620057698778499;0,026200576987784992;0,026200576987784992;0,99713102767838;-0,025336329306780606;0,9967586687262971;-0,028629666414783966;2,6200576987784993e-06
201;0,0;0,0;0,0;0,0;0,0;0,0;;;;;;;;
202;0,0;0,0;0,0;0,0;0,0;0,0;;;;;;;;
203;0,0;0,0;0,0;0,0;0,0;0,0;;;;;;;;
204;0,041001084110385395;0,020000915301430503;-0,04099999999993432;-0,020000000000040267;1,0841104510772581e-06;9,153013902363227e-07;0,0026587696683669005;0,0026587696683669005;0,0026587696683669005;0,9906216003949548;-0,09009383990105896;0,9905917281200265;-0,09053008820875295;2,6587696683669004e-07
205;0,04110254700345922;0,020001924060859506;-0,041101084110356206;-0,02000091530121432;1,4628931030158387e-06;1,0087596451872904e-06;0,002664009042034091;0,002664009042034091;0,002664009042034091;0,9906596744741809;-0,08975924010735051;0,9906216003949548;-0,09009383990105896;2,664009042034091e-07
206;0,10335175489404262;0,050035681869985214;-0,10333940262643827;-0,050027165861459555;1,2352267604348599e-05;8,516008525659424e-06;0,006712543941570096;0,006712543941570096;0,006712543941570096;0,987631301499025;-0,2370702963877342;0,9875037588418816;-0,23820935068928445;6,712543941570096e-07
207;0,10323940262615182;0,05002716586138699;-0,10322410998013798;-0,050016622559766646;1,5292646013839728e-05;1,054330162034156e-05;0,006707282071645693;0,006707282071645693;0,006707282071645693;0,9875037588418816;-0,23820935068928445;0,9873457224869089;-0,23961763115200083;6,707282071645693e-07
208;0,10312410998052206;0,05001662256002447;-0,10311524469730139;-0,050010510244370275;8,865283220665932e-06;6,112315654192846e-06;0,006702020266164236;0,006702020266164238;0,006702020266164238;0,9873457224869089;-0,23961763115200083;0,9872540293836806;-0,24043296835512942;6,702020266164238e-07
209;-0,44330427869952277;-0,2140718967313543;0,4435488380939564;0,21424050369454462;0,00024455939443362995;0,00016860696319032087;0,028740543281109053;0,028740543281109053;0,028740543281109053;0,9889215567958831;-0,09880865914578743;0,9895112453094237;-0,09351811548737203;2,874054328110905e-06
210;-1,04139971493211;-0,5038997136180403;1,0425246853310286;0,5046752968739143;0,0011249703989186788;0,0007755832558740128;0,06678660948876708;0,06678660948876707;0,06678660948876708;1,0001094468925862;0,0067014748703250054;1,0012769003043949;0,016998535449464607;6,678660948876707e-06
211;0,0;0,0;0,0;0,0;0,0;0,0;;;;;;;;
212;-0,1330016742489601;-0,06400190104816719;0,13302036588889973;0,06401478754098149;1,8691639939644178e-05;1,2886492814292994e-05;0,008608798688034826;0,008608798688034826;0,008608798688034826;0,9898798119724923;-0,08469706774295656;0,9900302446655592;-0,08333593564112188;8,608798688034826e-07
213;-0,12199933840362262;-0,058999886531308575;0,12200964106818869;0,05900698922546502;1,0302664566072539e-05;7,102694156442546e-06;0,00791416371262485;0,00791416371262485;0,00791416371262485;0,988616243944519;-0,09581139217894204;0,9887064652936426;-0,09500445668456936;7,914163712624851e-07
214;-0,07699952603997935;-0,03699998058161848;0,07700845132981535;0,03700751595282186;8,925289835995387e-06;7,53537120338349e-06;0,004984190614215231;0,004984190614215231;0,004984190614215231;0,9895652695667775;-0,08825824159111507;0,9896962623281008;-0,0862958813773804;4,984190614215231e-07
215;0,016000107913703404;0,008000074391316881;-0,016000000000274434;-0,007999999999931801;1,0791342897054079e-07;7,439138507980836e-08;0,0010456327325074218;0,0010456327325074222;0,0010456327325074222;0,9877302233335324;-0,2361287759145624;0,9877230569517622;-0,23618731650885888;1,0456327325074222e-07
216;0,21203773652871064;0,10302677460528235;-0,21200882106003047;-0,10300683835875049;2,8915468680168477e-05;1,9936246531862545e-05;0,013724507920069014;0,01372450792006901;0,013724507920069014;0,9917002959457618;-0,06809385035646032;0,9915542363868655;-0,06938086748941633;1,3724507920069014e-06
217;-0,11299999999997785;-0,0539999999998868;0,11302990134682445;0,05402061571136848;2,990134684659196e-05;2,0615711481680732e-05;0,007305184493763512;0,00730518449376351;0,007305184493763512;0,9898068284009273;-0,09092654245945983;0,9900903048422905;-0,08831582024284465;7,305184493763512e-07
218;0,052100711684499354;0,025000637528166572;-0,052099967956033895;-0,025000124752316246;7,437284654590592e-07;5,127758503260804e-07;0,0033622287605598986;0,0033622287605598986;0,0033622287605598986;0,9923248801769682;-0,0629167522499389;0,992309556788572;-0,06305610799670192;3,3622287605598986e-07
219;0,05220419253255944;0,02500303835787458;-0,05220071095981318;-0,0250006379301535;3,4815727462597645e-06;2,4004277210804004e-06;0,0033674751792632106;0,003367475179263211;0,003367475179263211;0,9923964925323231;-0,06226237718160333;0,9923248801769682;-0,0629167522499389;3,367475179263211e-07
220;0,05240519202140565;0,025003729297684976;-0,052404191074769346;-0,02500303917852669;1,0009466363050668e-06;6,901191582850408e-07;0,0033779728193495742;0,003377972819349574;0,0033779728193495742;0,9924170121569861;-0,06207308461159836;0,9923964925323231;-0,06226237718160333;3,377972819349574e-07
221;0,05251447888163461;0,025010133138898508;-0,05250519131500833;-0,025003729672989288;9,287566626277333e-06;6,403465909219502e-06;0,0033832243140169177;0,003383224314016918;0,003383224314016918;0,9926070917397033;-0,06031165362831419;0,9924170121569861;-0,06207308461159836;3,3832243140169183e-07
222;0,0526152335609323;0,025010654328021485;-0,05261447817505379;-0,02501013351477557;7,553858785078194e-07;5,208132459154358e-07;0,0033884765749663728;0,003388476574966373;0,003388476574966373;0,9926225257321423;-0,06016798522919942;0,9926070917397033;-0,06031165362831419;3,388476574966373e-07
223;0,05271839022688882;0,025012831510641764;-0,05271523284485046;-0,025010654720661288;3,1573820383559714e-06;2,1767899804764346e-06;0,00339373058802973;0,00339373058802973;0,00339373058802973;0,9926869288108643;-0,05956582455354461;0,9926225257321423;-0,06016798522919942;3,39373058802973e-07
224;1,6756640281825768;0,8103959667121831;-1,6744009476832202;-0,8095251150409442;0,001263080499356528;0,0008708516712389036;0,10732754539500065;0,10732754539500071;0,10732754539500071;1,0012769003043949;0,016998535449464607;1,0004612747237627;0,009787931025605741;1,073275453950007e-05
225;0,0;0,0;0,0;0,0;0,0;0,0;;;;;;;;
226;0,0;0,0;0,0;0,0;0,0;0,0;;;;;;;;
227;0,0;0,0;0,0;0,0;0,0;0,0;;;;;;;;
228;0,018000651894170373;0,009000509364321032;-0,01799987599952543;-0,008999974403862972;7,758946449429316e-07;5,349604580602574e-07;0,0011721854566156347;0,0011721854566156347;0,0011721854566156347;0,9912610779663146;-0,07173435907048274;0,991215112813284;-0,0721087055640199;1,1721854566156347e-07
229;0,0;0,0;0,0;0,0;0,0;0,0;;;;;;;;
230;0,05500246425978257;0,027002344565489843;-0,05499966382278286;-0,026999980510429837;2,800436999711442e-06;2,3640550600063925e-06;0,0035752105714142368;0,003575210571414237;0,003575210571414237;0,9894819667883098;-0,08794410367002034;0,989424547710291;-0,08877450912153514;3,575210571414237e-07
231;0,0;0,0;0,0;0,0;0,0;0,0;;;;;;;;
232;0,0;0,0;0,0;0,0;0,0;0,0;;;;;;;;
233;0,30913151361576036;0,1490906652787843;-0,3090919413313047;-0,14906338566141486;3,957228445566896e-05;2,727961736945228e-05;0,020023361344964696;0,0200233613449647;0,0200233613449647;0,9895943046627379;-0,21535656650359042;0,9894573618734143;-0,21658890728185368;2,00233613449647e-06
234;-0,3161400693638806;-0,1530276248402883;0,3161816413702561;0,1530562829893642;4,157200637550096e-05;2,8658149075877493e-05;0,02052305061731895;0,020523050617318954;0,020523050617318954;0,988070999568824;-0,24593064090289535;0,9882113912832934;-0,24467757588076156;2,052305061731895e-06
235;0,32115064487011735;0,15510386394201964;-0,32106519422122803;-0,15504494858355145;8,545064888931808e-05;5,891535846819229e-05;0,02080736626295374;0,020807366262953736;0,02080736626295374;0,9895943046627379;-0,21535656650359042;0,9893097040457188;-0,2179100281724725;2,080736626295374e-06
236;-0,18400930504446686;-0,08900693137813952;0,18402492710458768;0,08901770226500806;1,5622060120817904e-05;1,0770886868544105e-05;0,01193616557048336;0,011936165570483359;0,01193616557048336;0,9887064652936426;-0,09500445668456936;0,9887971749721868;-0,0941934374725258;1,193616557048336e-06
237;0,26115015208349834;0,12710445177368696;-0,26103739742364773;-0,12702671121477485;0,00011275465985061128;7,774055891210385e-05;0,016900971958605706;0,01690097195860571;0,01690097195860571;0,9921628491067462;-0,06403676968223188;0,9917002959457618;-0,06809385035646032;1,6900971958605709e-06
238;-0,7217247877438042;-0,34836820560808496;0,7220107102622978;0,34856533960168395;0,0002859225184935754;0,00019713399359899686;0,04661538111612652;0,04661538111612652;0,04661538111612652;0,9925701291528937;-0,06038839546159039;0,992995184469738;-0,056583357625089696;4,661538111612652e-06
239;0,31614177449650227;0,1530988689516829;-0,31601669844817465;-0,15301263106342194;0,00012507604832762143;8,62378882609538e-05;0,020366753726106183;0,02036675372610619;0,02036675372610619;0,9957459334438357;-0,031800275803745545;0,9953202731881173;-0,035569939791998545;2,036675372610619e-06
240;0,12400561483531433;0,06000432166306463;-0,12399959338753087;-0,06000017041068224;6,021447783458034e-06;4,151252382393611e-06;0,008037467101682532;0,008037467101682532;0,008037467101682532;0,9895650963958555;-0,08714526387552958;0,989513173143512;-0,08760861303279531;8,037467101682531e-07
241;0,0;0,0;0,0;0,0;0,0;0,0;;;;;;;;
242;-0,21801990727677184;-0,1050147098427726;0,21807668403314812;0,10505385551337951;5,677675637627555e-05;3,9145670606907657e-05;0,014112186165386061;0,014112186165386061;0,014112186165386061;0,9900302446655592;-0,08333593564112188;0,9903090148369297;-0,08082006480387689;1,4112186165386061e-06
243;0,27109194133153297;0,13106338566156758;-0,27102085321670255;-0,13101437598156718;7,108811483041988e-05;4,900968000040584e-05;0,017569944446356987;0,017569944446356987;0,017569944446356987;0,9894573618734143;-0,21658890728185368;0,9891769576940923;-0,21909778451006276;1,756994444635699e-06
244;-0,10199949871222051;-0,04899991741669804;0,1020095087868573;0,049006818578107354;1,0010074636787603e-05;6,901161409313128e-06;0,0065931134283767606;0,006593113428376759;0,0065931134283767606;0,9909157816515534;-0,07568652060012937;0,9910209628483919;-0,0747316594243385;6,59311342837676e-07
245;0,11501683984169753;0,05601236041239678;-0,1150021805592698;-0,056002253328479426;1,46592824277203e-05;1,0107083917354487e-05;0,00746356667999731;0,00746356667999731;0,00746356667999731;0,9896181494507607;-0,08674880628565988;0,9894819667883098;-0,08794410367002034;7,46356667999731e-07
246;-0,07699947610142029;-0,036999913565864996;0,07700884904754277;0,03700637564550232;9,37294612247952e-06;6,462079637323259e-06;0,00494186904723212;0,004941869047232119;0,00494186904723212;0,9980389215213393;-0,011668744672597441;0,9981703187677571;-0,010485140888776705;4,94186904723212e-07
247;0,0;0,0;0,0;0,0;0,0;0,0;;;;;;;;
248;-0,9076074065858041;-0,43941904593294745;0,9080449152965542;0,4397207114679829;0,0004375087107501008;0,0003016655350354669;0,058905117921631375;0,05890511792163138;0,05890511792163138;0,98835444198406;-0,101552704886268;0,9888692513988917;-0,09696033483125971;5,890511792163138e-06
249;-0,764010420884673;-0,3685652892934083;0,7645705692132237;0,36895146763560366;0,0005601483285507802;0,0003861783421953424;0,04932003905284813;0,04932003905284814;0,04932003905284814;0,992995184469738;-0,056583357625089696;0,9937822040144687;-0,0495345471104495;4,932003905284814e-06
250;0,12411235145784105;0,06000896793189549;-0,12410561383345707;-0,06000432223121137;6,737624383981733e-06;4,645700684119403e-06;0,008042719312995323;0,008042719312995321;0,008042719312995323;0,9896231567946219;-0,0866258741128481;0,9895650963958555;-0,08714526387552958;8,042719312995322e-07
251;0,0;0,0;0,0;0,0;0,0;0,0;;;;;;;;
252;-0,19900784974514943;-0,09600735343666666;0,19903882242825433;0,09602870634532795;3,0972683104896204e-05;2,1352908661287362e-05;0,012889710482826945;0,012889710482826945;0,012889710482826945;0,9896962623281008;-0,0862958813773804;0,9898627713558644;-0,08479889550708232;1,2889710482826946e-06
253;0,05600232330835788;0,027001601843099656;-0,056000000000164016;-0,026999999999967356;2,3233081938647815e-06;1,6018431323004678e-06;0,003639059049130531;0,0036390590491305317;0,0036390590491305317;0,9863805450489824;-0,2505172670723382;0,9863363053475187;-0,25091711726048055;3,639059049130532e-07
254;-0,10300000000017853;-0,05000000000004256;0,10301524469807165;0,05001051024449945;1,5244697893115888e-05;1,0510244456890527e-05;0,006696758907401169;0,006696758907401168;0,006696758907401169;0,9870962235010033;-0,24183277511289172;0,9872540293836806;-0,24043296835512942;6,696758907401169e-07
255;0,2360435615004452;0,11403003193967459;-0,23601661661788575;-0,11401145555633631;2,6944882559443162e-05;1,857638333828404e-05;0,015297661082556872;0,01529766108255687;0,015297661082556872;0,9893593267737265;-0,2239052418140143;0,9892372622380378;-0,2249995337073998;1,529766108255687e-06
256;0,24406519422137568;0,1180449485834229;-0,24401578624814202;-0,11801088344182269;4,940797323366164e-05;3,406514160021745e-05;0,01582187499624908;0,01582187499624908;0,01582187499624908;0,9893097040457188;-0,2179100281724725;0,9890932752357435;-0,21984500000267715;1,582187499624908e-06
257;0,6289963889165471;0,29933741833214206;-0,6284722321952796;-0,2989760468869512;0,000524156721267488;0,0003613714451908834;0,04059915733500804;0,04059915733500804;0,04059915733500804;0,9906046402531661;-0,07875927434920132;0,9897107603094673;-0,0870796188382452;4,059915733500804e-06
258;-0,12199917146264345;-0,058999857906310044;0,12202074166436352;0,05901472983745494;2,1570201720069737e-05;1,4871931144896933e-05;0,007840572881206967;0,007840572881206967;0,007840572881206967;0,9978940985084522;-0,01275870371791115;0,9980847681895293;-0,011068915281817178;7,840572881206968e-07
259;1,8545400137410573;0,8983801257918713;-1,8488118129476552;-0,8944308693442464;0,005728200793402083;0,003949256447624894;0,11882174009357659;0,11882174009357661;0,11882174009357661;1,0012769003043949;0,016998535449464607;0,99793556961404;-0,012486472985477256;1,1882174009357661e-05
260;0,0;0,0;0,0;0,0;0,0;0,0;;;;;;;;
261;0,0;0,0;0,0;0,0;0,0;0,0;;;;;;;;
262;0,16800975317013309;0,08200730598391473;-0,16800203466623603;-0,08200198433416901;7,718503897052864e-06;5,321649745718138e-06;0,010831450534100303;0,010831450534100303;0,010831450534100303;0,9965330835957154;-0,024803365015616974;0,996483668261059;-0,0252314190867632;1,0831450534100303e-06
263;-0,12199917283762275;-0,05899985815244649;0,12200927646823627;0,05900682363187726;1,0103630613517156e-05;6,965479430770527e-06;0,00783734526936296;0,00783734526936296;0,00783734526936296;0,9983050657880126;-0,0094339770849943;0,9983944114108797;-0,008642629948082578;7,837345269362959e-07
264;1,0247425052100891;0,4905799685448785;-1,023832811630836;-0,4899528104660501;0,0009096935792531902;0,0006271580788284048;0,06607707534405187;0,06607707534405186;0,06607707534405187;0,9926869288108643;-0,05956582455354461;0,991733393599212;-0,06829211736569281;6,6077075344051865e-06
265;-0,12210927557204711;-0,05900682408926572;0,12212276375343945;0,059016123738269484;1,348818139233765e-05;9,299649003764732e-06;0,007842551568469145;0,007842551568469145;0,007842551568469145;0,9983944114108797;-0,008642629948082578;0,9985136042753394;-0,007584598095218044;7,842551568469145e-07
266;0,7877119376905445;0,38011663609449753;-0,7857448653485237;-0,3787604056425435;0,001967072342020759;0,0013562304519540436;0,05062404319064658;0,05062404319064658;0,05062404319064658;0,9974869701380995;-0,016680930548549616;0,9947944045193893;-0,04075854138399876;5,062404319064658e-06
267;-0,5376997983139369;-0,2604154073368409;0,5379607523646109;0,26059532640871474;0,00026095405067405597;0,00017991907187386857;0,03449552074612252;0,03449552074612252;0,03449552074612252;0,9999369304858894;0,005169608114903804;1,0004612747237627;0,009787931025605741;3,4495520746122515e-06
268;-0,19410000000777697;-0,09400000000549633;0,19414006936373007;0,0940276248404082;4,006935595310401e-05;2,7624834911879614e-05;0,012604482798227963;0,01260448279822796;0,012604482798227963;0,9878506597412656;-0,24789562057891468;0,988070999568824;-0,24593064090289535;1,2604482798227963e-06
269;0,1940272767025898;0,09401910398713931;-0,1939994231934201;-0,09399989992609756;2,7853509169700752e-05;1,9204061041749876e-05;0,012600148100612095;0,012600148100612097;0,012600148100612097;0,987928772444628;-0,1086155524277798;0,9877755474537079;-0,10998060997925398;1,2600148100612097e-06
270;-0,23122384355023898;-0,11201644035371408;0,23127098567267892;0,11204894214934559;4,714212243994709e-05;3,2501795631509345e-05;0,015003242171374954;0,01500324217137495;0,015003242171374954;0,9887037651322634;-0,10074768211356147;0,9889215567958831;-0,09880865914578743;1,5003242171374954e-06
271;0,11903615879286446;0,05702855326460866;-0,11901673895826043;-0,05701215791766528;1,9419834604031405e-05;1,6395346943379185e-05;0,007687334300545928;0,0076873343005459316;0,0076873343005459316;0,9913132291092166;-0,07197833180643118;0,9911284932908769;-0,07475504284924349;7,687334300545932e-07
272;0,0;0,0;0,0;0,0;0,0;0,0;;;;;;;;
273;0,658675769902968;0,31382638060485096;-0,657983345680746;-0,31334899596950366;0,0006924242222219323;0,0004773846353472999;0,04247557812157764;0,042475578121577644;0,042475578121577644;0,991733393599212;-0,06829211736569281;0,9906046402531661;-0,07875927434920132;4,247557812157765e-06
274;-0,30602426639742464;-0,14801758829691147;0,30615819136720546;0,1481099210004617;0,0001339249697808187;9,233270355021861e-05;0,019848881154321086;0,01984888115432108;0,019848881154321086;0,9887971749721868;-0,0941934374725258;0,989264803774062;-0,09001435273352817;1,9848881154321084e-06
275;0,18679689094805205;0,09006680524703366;-0,18676082134354083;-0,09004193353846275;3,6069604511218545e-05;2,4871708570906037e-05;0,012011835389000847;0,012011835389000847;0,012011835389000847;0,9967586687262971;-0,028629666414783966;0,996550584545542;-0,03049165873175803;1,2011835389000848e-06
276;0,2710889054106968;0,13106590383489175;-0,2710215762916952;-0,13101948266392488;6,732911900159122e-05;4,6421170966870484e-05;0,017521938434447673;0,01752193843444767;0,017521938434447673;0,9921628491067462;-0,06403676968223188;0,9918965396404488;-0,06641329468628442;1,7521938434447672e-06
277;-0,8415700404773907;-0,4059513734868702;0,8421839753393907;0,4063746305234801;0,0006139348620000096;0,000423257036609892;0,054283069234068296;0,054283069234068296;0,054283069234068296;0,9937822040144687;-0,0495345471104495;0,9945659243461744;-0,042519656204835055;5,428306923406829e-06
278;-0,8422839795122556;-0,40637462360935006;0,8430919301979972;0,4069316480479769;0,0008079506857415764;0,0005570244386268186;0,05428829756028254;0,054288297560282556;0,054288297560282556;0,9945659243461744;-0,042519656204835055;0,9955972365007838;-0,03330234642571606;5,428829756028256e-06
279;-0,5214791579571438;-0,2533321572425908;0,5217866263046286;0,2535441347638376;0,0003074683474847406;0,0002119775212467978;0,033489911712202;0,033489911712201996;0,033489911712202;0,9994729798379602;0,0011393445829135584;1,0001094468925862;0,0067014748703250054;3,3489911712202005e-06
280;-0,32307611992412755;-0,15605375548979067;0,32320085892226125;0,15613975884828504;0,00012473899813369993;8,600335849437424e-05;0,020917517153872262;0,020917517153872262;0,020917517153872262;0,9903090148369297;-0,08082006480387689;0,9907222875613945;-0,07711868972611324;2,091751715387226e-06
281;0,18166079839638935;0,08804191771731669;-0,18164069963576254;-0,08802806032355665;2,009876062680771e-05;1,3857393760044467e-05;0,011695387646107313;0,011695387646107313;0,011695387646107313;0,996550584545542;-0,03049165873175803;0,9964314646039338;-0,03154317902656581;1,1695387646107313e-06
282;0,17924042636666923;0,08702787094368064;-0,179224358609266;-0,08701679414101421;1,6067757403231964e-05;1,1076802666432073e-05;0,011541173478586193;0,01154117347858619;0,011541173478586193;0,9967586687262971;-0,028629666414783966;0,9966621593146898;-0,029476995164506522;1,1541173478586193e-06
283;-0,2000090775765622;-0,0960067744750491;0,20008051920922718;0,09605602935865706;7,144163266498138e-05;4,925488360796315e-05;0,012925026652199975;0,012925026652199975;0,012925026652199975;0,9910209628483919;-0,0747316594243385;0,9914038712092964;-0,07124952567091969;1,2925026652199975e-06
284;0,19014290155026517;0,09109852227034622;-0,19012296677862012;-0,0910847779134254;1,993477164505264e-05;1,374435692082232e-05;0,012308657622915279;0,012308657622915279;0,012308657622915279;0,9889640558607351;-0,09839290352497974;0,9888518731057198;-0,09942074156996553;1,2308657622915278e-06
285;0,17403341660305305;0,08502520977563702;-0,17401942028750453;-0,08501339092029983;1,39963155485201e-05;1,181885533718674e-05;0,011304212651470382;0,011304212651470384;0,011304212651470384;0,9892649488095341;-0,10765855183899226;0,989174222243881;-0,1089825040905646;1,1304212651470383e-06
286;0,4382719737440528;0,21218905950176406;-0,4381409397377854;-0,21209872418465822;0,00013103400626740536;9,033531710583853e-05;0,028224240195600915;0,02822424019560092;0,02822424019560092;0,9960677095221143;-0,02895096706298188;0,9957459334438357;-0,031800275803745545;2,822424019560092e-06
287;-0,45304659298058775;-0,2200321244697138;0,4533175479457889;0,22021894765718447;0,00027095496520113116;0,0001868231874706805;0,029497774602347555;0,029497774602347548;0,029497774602347555;0,9857815709249685;-0,25561468984236374;0,9864183692763945;-0,24996684931292298;2,9497774602347553e-06
288;0,17203224867313188;0,08202223232125457;-0,17201036496898792;-0,0820071461381259;2,1883704143965677e-05;1,50861831286625e-05;0,011133367795527935;0,011133367795527937;0,011133367795527937;0,9883303323582241;-0,10421327729267375;0,9881942268918333;-0,10547594497192127;1,1133367795527937e-06
289;0,17002002941996977;0,08201381144445441;-0,17001025816963802;-0,08200707265112217;9,771250331747083e-06;6,738793332239368e-06;0,011048963270467544;0,011048963270467546;0,011048963270467546;0,9863805450489824;-0,2505172670723382;0,9863192585201431;-0,25107099874934397;1,1048963270467546e-06
290;0,09801700016462869;0,04701208263507508;-0,0980073268662823;-0,04700541322007293;9,673298346390968e-06;6,669415002151513e-06;0,006332448010080372;0,0063324480100803715;0,006332448010080372;0,9911284932908769;-0,07475504284924349;0,9910226757001963;-0,07571975458448123;6,332448010080373e-07
291;0,22010787033215196;0,10707541093114759;-0,22001627395004825;-0,10701226040266129;9,159638210370913e-05;6,315052848629432e-05;0,014273670549148562;0,01427367054914856;0,014273670549148562;0,9900630521067794;-0,08283357660318598;0,9896181494507607;-0,08674880628565988;1,4273670549148562e-06
292;0,22025705371611928;0,10710932136174635;-0,22020786995784522;-0,10707541080884603;4,918375827406285e-05;3,3910552900320856e-05;0,014278914636645523;0,014278914636645525;0,014278914636645525;0,9903018575200355;-0,08073076444120446;0,9900630521067794;-0,08283357660318598;1,4278914636645524e-06
293;0,14902085321589742;0,07201437598109646;-0,14900754951212078;-0,07200520448834136;1,3303703776640363e-05;9,171492755102872e-06;0,009660229402206724;0,009660229402206726;0,009660229402206726;0,9891769576940923;-0,21909778451006276;0,9890815182387152;-0,2199526738765805;9,660229402206726e-07
294;-0,22008042292294702;-0,10605600898948975;0,2201004007056028;0,10606978090774609;1,9977782655777876e-05;1,377191825634172e-05;0,014227056809066177;0,014227056809066177;0,014227056809066177;0,9914038712092964;-0,07124952567091969;0,9915011676588696;-0,07037393496658162;1,4227056809066177e-06
295;-0,1941234893390972;-0,0940168789765751;0,19414918310003773;0,09403459234815179;2,569376094052611e-05;1,771337157668862e-05;0,0124981027049381;0,012498102704938101;0,012498102704938101;0,9963905927588467;-0,026062985151461805;0,9965330835957154;-0,024803365015616974;1,2498102704938101e-06
296;-0,19399867457826586;-0,09399977009914612;0,19402349006611544;0,09401687873925976;2,4815487849577655e-05;1,7108640113644435e-05;0,012492888001826552;0,012492888001826553;0,012492888001826553;0,9962529098113485;-0,02727897795037111;0,9963905927588467;-0,026062985151461805;1,2492888001826553e-06
297;0,15501661661773605;0,07501145555628658;-0,1550000000001911;-0,07500000000014577;1,661661754495669e-05;1,145555614080751e-05;0,010050821537928899;0,0100508215379289;0,0100508215379289;0,9892372622380378;-0,2249995337073998;0,9891226792259474;-0,2260223620592468;1,00508215379289e-06
298;0,15402013120631536;0,0740162114238428;-0,15400506925832552;-0,07400349480265261;1,5061947989836177e-05;1,2716621190192456e-05;0,009910247981844015;0,009910247981844015;0,009910247981844015;0,9955217231049488;-0,03925326582688604;0,9954105451451484;-0,04090908291148383;9,910247981844015e-07
299;0,1522969130133827;0,07406681677263108;-0,15221760245556568;-0,07401213480116764;7,93105578170139e-05;5,468197146343834e-05;0,009886562685535782;0,00988656268553578;0,009886562685535782;0,9889753387467397;-0,2251272779548095;0,9884191735343589;-0,23003173015270736;9,886562685535783e-07
300;0,1260126081725968;0,061008691557006424;-0,12600000000021105;-0,06099999999996492;1,2608172385741856e-05;8,691557041501374e-06;0,008176053253517557;0,008176053253517558;0,008176053253517558;0,9886382533520703;-0,23031944043170047;0,9885313738558598;-0,23127257422947475;8,176053253517559e-07
301;0,20218114599533815;0,09805594396428746;-0,20217560700275958;-0,09805212675518134;5,538992578574264e-06;3,817209106124486e-06;0,01297332955761179;0,01297332955761179;0,01297332955761179;0,9999999999959857;1,225433309963378e-17;0,9999704077051584;-0,0002594519963366128;1,297332955761179e-06
302;0,20207560700220709;0,0980521267547865;-0,2020000000000229;-0,09800000000004427;7,560700218417482e-05;5,212675474222661e-05;0,01296813484774242;0,01296813484774242;0,01296813484774242;0,9999704077051584;-0,0002594519963366128;0,9995662596966768;-0,0038044717462014667;1,2968134847742421e-06
303;0,0;0,0;0,0;0,0;0,0;0,0;;;;;;;;
304;0,0;0,0;0,0;0,0;0,0;0,0;;;;;;;;
305;0,2761151853371817;0,13407983403883106;-0,2760270338624213;-0,13401905987698048;8,815147476043395e-05;6,077416185057416e-05;0,017931994086207187;0,01793199408620719;0,01793199408620719;0,9882695529495084;-0,10559739696085763;0,987928772444628;-0,1086155524277798;1,793199408620719e-06
306;0,07700747431208038;0,0370054363051421;-0,07699946069779469;-0,036999911058564476;8,013614285692916e-06;5,525246577625653e-06;0,004977415849534227;0,0049774158495342275;0,0049774158495342275;0,9910226757001963;-0,07571975458448123;0,9909111352181983;-0,0767319307889521;4,977415849534228e-07
307;-0,5923663453163134;-0,2862556050792207;0,5924630874392339;0,28632230553059135;9,674212292054563e-05;6,670045137063818e-05;0,03834668831389225;0,03834668831389226;0,03834668831389226;0,9905474467163069;-0,07868279907669717;0,9907222875613945;-0,07711868972611324;3,834668831389226e-06
308;-1,1357586326826852;-0,5485288355229051;1,1363401887674813;0,5489297989520944;0,0005815560847961532;0,00040096342918927164;0,07282684301374687;0,07282684301374688;0,07282684301374688;0,9999078710195096;0,0048781263701672;1,0004612747237627;0,009787931025605741;7,282684301374688e-06
309;0,0600025858529755;0,02800215453554409;-0,06000046932630086;-0,028000695414882034;2,116526674637853e-06;1,4591206620555297e-06;0,0038531243923592856;0,0038531243923592843;0,0038531243923592856;0,9921628491067462;-0,06403676968223188;0,9921248647031035;-0,06440639553003029;3,8531243923592854e-07
310;0,14201942028753475;0,06901339092007537;-0,14200600959375095;-0,06900414383519195;1,3410693783799665e-05;9,247084883423629e-06;0,00921612402653215;0,00921612402653215;0,00921612402653215;0,989174222243881;-0,1089825040905646;0,9890733404579651;-0,10987365907450097;9,21612402653215e-07
311;-0,12199914823135308;-0,058999853930639654;0,12201964902525826;0,05901398854093814;2,0500793905184334e-05;1,413461029848434e-05;0,007894423024917444;0,007894423024917446;0,007894423024917446;0,9910870085100263;-0,07407550543306596;0,9912669890163059;-0,07246947837818868;7,894423024917446e-07
312;0,1390102581692376;0,0670070726511633;-0,13900005777000293;-0,06700003983450833;1,0200399234661095e-05;7,032816654969909e-06;0,009033087298600553;0,009033087298600551;0,009033087298600553;0,9863192585201431;-0,25107099874934397;0,9862410114093085;-0,25177874039603415;9,033087298600553e-07
313;0,16011814483064937;0,07801250894378706;-0,1601126891899863;-0,0780087474402008;5,455640663065697e-06;3,761503586260928e-06;0,010401078994091274;0,010401078994091277;0,010401078994091277;0,9886746227439269;-0,23000033571983142;0,9886382533520703;-0,23031944043170047;1,0401078994091277e-06
314;0,1321150123637901;0,0640108194912631;-0,1320990914484668;-0,06399984255374883;1,592091532331974e-05;1,0976937514270424e-05;0,008520492537639448;0,008520492537639448;0,008520492537639448;0,994754834346209;-0,04058638712248348;0,9946253176807819;-0,04173264381618374;8,520492537639448e-07
315;0,122007549513468;0,05900520448872107;-0,12200000000086227;-0,05900000000005083;7,549512605731223e-06;5,204488670237928e-06;0,007911007448095773;0,00791100744809577;0,007911007448095773;0,9890815182387152;-0,2199526738765805;0,9890153806908455;-0,2205439254539791;7,911007448095772e-07
316;0,13111752149715739;0,0640120789832088;-0,1311023875454581;-0,06400164538195091;1,513395169927545e-05;1,0433601257894831e-05;0,008522743524474127;0,008522743524474127;0,008522743524474127;0,9884191735343589;-0,23003173015270736;0,9882960375880746;-0,23110642068828655;8,522743524474125e-07
317;0,13100238754483842;0,06400164538319075;-0,13099999999978976;-0,06400000000118818;2,3875450486654515e-06;1,6453820025769117e-06;0,008517494193924254;0,008517494193924254;0,008517494193924254;0,9882960375880746;-0,23110642068828655;0,9882766006164388;-0,23127553157976086;8,517494193924254e-07
318;0,1520332930272253;0,07302295458187033;-0,1520104361560589;-0,07300719503389633;2,2856871166404558e-05;1,5759547974003585e-05;0,00984672367387346;0,00984672367387346;0,00984672367387346;0,9889215567958831;-0,09880865914578743;0,9887607439609135;-0,10027299033514685;9,846723673873462e-07
319;0,12912253609426017;0,06301553773589746;-0,12910764780469744;-0,06300527346144878;1,4888289562725587e-05;1,0264274448681943e-05;0,008323078436945944;0,008323078436945946;0,008323078436945946;0,9966621593146898;-0,029476995164506522;0,996538118702654;-0,03055166989051551;8,323078436945946e-07
320;0,12843701004893127;0,062025516411440794;-0,12842570205823467;-0,062017720270002026;1,130799069659627e-05;7,796141438767834e-06;0,0082642205126288;0,008264220512628801;0,008264220512628801;0,9964314646039338;-0,03154317902656581;0,9963366412364705;-0,0323879961386738;8,2642205126288e-07
321;-0,04010058622276692;-0,01900040421874978;0,04010204172521781;0,019001407805488757;1,455502450890822e-06;1,0035867389762698e-06;0,0025892057145602146;0,002589205714560214;0,0025892057145602146;0,9894723336444332;-0,09388442215516811;0,9895112453094237;-0,09351811548737203;2,5892057145602147e-07
322;0,12602312378481362;0,06101594307463574;-0,1259999999999727;-0,06099999999999849;2,3123784840928252e-05;1,5943074637245203e-05;0,008118020668770112;0,008118020668770112;0,008118020668770112;0,9957954312241853;-0,03678148129148372;0,9955980016778294;-0,03853031651581632;8,118020668770112e-07
323;0,1260124434625956;0,061010505546243585;-0,12600000000010064;-0,061000000000038836;1,2443462494959867e-05;1,0505546204749028e-05;0,00816478946896783;0,008164789468967832;0,008164789468967832;0,9900066765657459;-0,09668858661472582;0,989895108273532;-0,09833926167027092;8,164789468967832e-07
324;0,12601117365065806;0,06100774195818315;-0,12599992824977835;-0,060999987618806886;1,1245400879711376e-05;7,75433937626191e-06;0,008187348224957775;0,008187348224957773;0,008187348224957775;0,9872623406265134;-0,11132064100509226;0,9871671380423046;-0,11217158175078047;8,187348224957776e-07
325;0,0;0,0;0,0;0,0;0,0;0,0;;;;;;;;
326;-0,1991222410306046;-0,09601603722004351;0,1991688193649564;0,09604815142047207;4,657833435178782e-05;3,211420042856239e-05;0,012782063920255804;0,012782063920255809;0,012782063920255809;0,9985136042753394;-0,007584598095218044;0,9987661159520883;-0,0053312832833334114;1,2782063920255808e-06
327;0,03800058947604194;0,01800074395491339;-0,03799969745748087;-0,01799999096622874;8,920185610716835e-07;7,529886846512068e-07;0,0024469379730864198;0,0024469379730864206;0,0024469379730864206;0,9921248647031035;-0,06440639553003029;0,9920982380347125;-0,06481332664400116;2,446937973086421e-07
328;0,8656933672807818;0,41779351929945496;-0,864711423402012;-0,41711653384039354;0,0009819438787698198;0,0006769854590614188;0,05556864073027371;0,05556864073027371;0,05556864073027371;0,9987114883389717;-0,005765442674743627;0,9974869701380995;-0,016680930548549616;5,5568640730273716e-06
329;0,12201033818915398;0,05900712718506844;-0,12199999999984315;-0,05900000000002468;1,0338189310829526e-05;7,127185043760698e-06;0,007927796433692394;0,007927796433692394;0,007927796433692394;0,9870112832413527;-0,27076696930889216;0,986920906498204;-0,2715766902955522;7,927796433692395e-07
330;0,11500746745833844;0,05600514911902851;-0,11499999999994767;-0,05599999999999255;7,467458390766901e-06;5,1491190359645445e-06;0,007411068504861427;0,007411068504861425;0,007411068504861427;0,996538118702654;-0,03055166989051551;0,9964682539017853;-0,031160868982451215;7,411068504861427e-07
331;0,12201578624840952;0,059010883441935086;-0,1220000000000359;-0,05900000000009218;1,5786248373617084e-05;1,0883441842905739e-05;0,0079114905685642;0,007911490568564198;0,0079114905685642;0,9890932752357435;-0,21984500000267715;0,9889549857991659;-0,2210815026058836;7,9114905685642e-07
332;-0,4514979253262831;-0,21827593297146614;0,4517003738419928;0,2184155144378378;0,0002024485157097189;0,00013958146637166324;0,02896954272670855;0,028969542726708545;0,02896954272670855;0,999452600906485;0,0008815657728218021;0,9999369304858894;0,005169608114903804;2,896954272670855e-06
333;0,10932540911409848;0,0530175182949386;-0,10931584217314969;-0,053010922712300956;9,566940948793623e-06;6,5955826376445925e-06;0,007040753562658379;0,007040753562658379;0,007040753562658379;0,9963366412364705;-0,0323879961386738;0,9962424539939219;-0,033218037594394914;7,040753562658379e-07
334;0,19402192836433732;0,09401973287738899;-0,19399846558251702;-0,09399992700115244;2,3462781820304812e-05;1,9805876236553277e-05;0,012549481020789968;0,012549481020789968;0,012549481020789968;0,9918965396404488;-0,06641329468628442;0,9917596667447418;-0,06843108136414666;1,2549481020789969e-06
335;-0,02110000002259185;-0,010000000015689826;0,021100586222859926;0,010000404218762757;5,862002680767642e-07;4,0420307293072277e-07;0,0013624817575297503;0,0013624817575297503;0,0013624817575297503;0,9894425513476188;-0,0941646536875366;0,9894723336444332;-0,09388442215516811;1,36248175752975e-07
336;-0,1860322486731036;-0,08902223232127708;0,1861229667785553;0,08908477791342012;9,071810545169257e-05;6,254559214304012e-05;0,012047585820581921;0,012047585820581925;0,012047585820581925;0,9883303323582241;-0,10421327729267375;0,9888518731057198;-0,09942074156996553;1,2047585820581924e-06
337;0,10310469172151357;0,050003960855477446;-0,10310000000974805;-0,05000000000665743;4,691711765522633e-06;3,960848820018514e-06;0,006679762528865727;0,006679762528865727;0,006679762528865727;0,9904369013918648;-0,0949308402887934;0,9903854753187001;-0,09568914344460415;6,679762528865727e-07
338;0,10100462851035492;0,04900319163068203;-0,10099999999969357;-0,04899999999993564;4,628510661353058e-06;3,1916307463922267e-06;0,006562921597683121;0,006562921597683121;0,006562921597683121;0,9876052585070149;-0,2395238185462396;0,9875563689149306;-0,23995825600873322;6,562921597683121e-07
339;0,10100071066448961;0,049000490201857545;-0,10099999999896635;-0,04899999999826667;7,106655232624881e-07;4,902035908721514e-07;0,006574787440156828;0,006574787440156829;0,006574787440156829;0,9857815709249685;-0,25561468984236374;0,9857740773208762;-0,2556814690253705;6,574787440156828e-07
340;0,0;0,0;0,0;0,0;0,0;0,0;;;;;;;;
341;0,09921576713411467;0,04801087097334268;-0,09920749002091736;-0,048005164392194224;8,277113197313613e-06;5,706581148456902e-06;0,006387651838790379;0,006387651838790379;0,006387651838790379;0,9962424539939219;-0,033218037594394914;0,9961526442557165;-0,03401415719238801;6,387651838790379e-07
342;0,0;0,0;0,0;0,0;0,0;0,0;;;;;;;;
343;-0,24401991401218512;-0,11801458749033852;0,24409000377655926;0,11806291203376473;7,008976437414272e-05;4,832454342620918e-05;0,015679647972203656;0,015679647972203656;0,015679647972203656;0,9980847681895293;-0,011068915281817178;0,9983945779723111;-0,008324385504821234;1,5679647972203657e-06
344;-0,005100000701521686;-0,0020000271033785736;0,005100064324439754;0,002000070968195466;6,362291806848858e-08;4,386481689249572e-08;0,0003190507977121443;0,0003190507977121443;0,0003190507977121443;0,9913188668552958;-0,07128868193366313;0,9913324832464699;-0,07110451573354384;3,190507977121443e-08
345;-0,42524252840433885;-0,20616869503136634;0,42547980086758236;0,2063322787258366;0,0002372724632435097;0,000163583694470254;0,02731556006236142;0,02731556006236142;0,02731556006236142;0,9988708705561102;-0,004153717768429134;0,9994729798379602;0,0011393445829135584;2,731556006236142e-06
346;0,04900284515258749;0,02400212975951949;-0,04899966681578316;-0,02399993850618306;3,1783368043269977e-06;2,1912533364303044e-06;0,0031614505887280295;0,00316145058872803;0,00316145058872803;0,996483668261059;-0,0252314190867632;0,9964139393529384;-0,02582976239138814;3,1614505887280297e-07
347;-9,999999998999947e-05;3,7599741946523934e-14;0,00010000002265198924;1,5586568416399286e-11;2,266198977063892e-11;1,562416815834581e-11;5,8351078512300025e-06;5,835107851230004e-06;5,835107851230004e-06;0,989442327120288;-0,09417360567445245;0,9894425513476188;-0,0941646536875366;5,835107851230004e-10
348;0,0;0,0;0,0;0,0;0,0;0,0;;;;;;;;
349;0,0;0,0;0,0;0,0;0,0;0,0;;;;;;;;
350;-0,730410339432917;-0,3532831237021689;0,7306075065833266;0,35341906384417504;0,0001971671504096273;0,00013594014200613014;0,04740978309557243;0,04740978309557243;0,04740978309557243;0,988066207402337;-0,10413134093756853;0,98835444198406;-0,101552704886268;4,740978309557243e-06
351;0,086010364968635;0,041007146138349854;-0,0859999999998584;-0,04100000000002756;1,0364968776599426e-05;7,146138322290663e-06;0,005567047049117635;0,005567047049117635;0,005567047049117635;0,9881942268918333;-0,10547594497192127;0,9880653026065428;-0,10667260705771317;5,567047049117634e-07
352;0,07510609632495574;0,036004203398477555;-0,07510096047664823;-0,03600066216826415;5,135848307510904e-06;3,541230213406632e-06;0,004863693292927448;0,0048636932929274485;0,0048636932929274485;0,9887037651322634;-0,10074768211356147;0,9886306185384858;-0,10141718605656384;4,863693292927448e-07
353;-0,18201923044309662;-0,08801391682954751;0,18203747658860917;0,0880264969353455;1,8246145512545997e-05;1,2580105797993513e-05;0,01177580555794283;0,011775805557942831;0,011775805557942831;0,9912669890163059;-0,07246947837818868;0,9913743760085186;-0,07151098638893952;1,177580555794283e-06
354;-0,1821374760544825;-0,08802649699392744;0,18214204373570406;0,08802964482164258;4,567681221562259e-06;3,147827715141438e-06;0,011781048728030402;0,011781048728030402;0,011781048728030402;0,9913743760085186;-0,07151098638893952;0,9914012430463874;-0,07127121170700089;1,1781048728030403e-06
355;0,08100873126115772;0,039006019627869565;-0,08100000000009219;-0,0389999999999576;8,73126106552824e-06;6,019627911961478e-06;0,0052399232631363596;0,0052399232631363596;0,0052399232631363596;0,9906596744741809;-0,08975924010735051;0,990544221413163;-0,09080174780026555;5,23992326313636e-07
356;0,08100600959368251;0,03900414383505945;-0,08099999999982514;-0,03899999999988901;6,0095938573673235e-06;4,143835170437871e-06;0,005248136715634677;0,005248136715634676;0,005248136715634677;0,9890733404579651;-0,10987365907450097;0,9889939973305031;-0,11059158160057468;5,248136715634677e-07
357;0,08100506925779562;0,039003494802387316;-0,08099999999978855;-0,039000000000117864;5,069258007070476e-06;3,49480226945198e-06;0,0052146593846537125;0,0052146593846537125;0,0052146593846537125;0,9954105451451484;-0,04090908291148383;0,9953431904317983;-0,041514312256182254;5,214659384653712e-07
358;0,07900080249944488;0,03800067765020878;-0,07899999999995748;-0,0380000000014244;8,024994874039626e-07;6,776487843779266e-07;0,005116067980286929;0,005116067980286928;0,005116067980286929;0,9893046260971557;-0,2228259756126504;0,9892931500201225;-0,222997743708752;5,116067980286929e-07
359;-0,13810029972158042;-0,06700020668835496;0,13811774722529538;0,06701223695552888;1,7447503714962398e-05;1,2030267173918086e-05;0,008964513716414732;0,008964513716414733;0,008964513716414733;0,9885688463515124;-0,10194494722092688;0,9887037651322634;-0,10074768211356147;8,964513716414734e-07
360;0,055002128923926835;0,027001658913478235;-0,05499961977934296;-0,026999928942383473;2,509144583877354e-06;1,7299710947625557e-06;0,0035655150429883694;0,003565515042988369;0,0035655150429883694;0,9921628491067462;-0,06403676968223188;0,9921140326983048;-0,06445496495386686;3,5655150429883693e-07
361;-0,39727593477348344;-0,19112270737895656;0,3976139034725142;0,19135572882515195;0,000337968699030744;0,00023302144619538612;0,02547359525322316;0,025473595253223156;0,02547359525322316;0,9991902075318189;-0,0015394863558599583;1,0001094468925862;0,0067014748703250054;2,547359525322316e-06
362;0,6825528521563625;0,3310040750358787;-0,6820459837228059;-0,33065460623900794;0,0005068684335566287;0,0003494687968707555;0,04388718080303258;0,04388718080303257;0,04388718080303258;0,99793556961404;-0,012486472985477256;0,9971349977970035;-0,019537123411546755;4,3887180803032585e-06
363;0,6819459804478736;0,3306546118175326;-0,6812703163212785;-0,33018876404762304;0,0006756641265950325;0,00046584776990954424;0,04388197073715705;0,04388197073715705;0,04388197073715705;0,9971349977970035;-0,019537123411546755;0,9960677095221143;-0,02895096706298188;4,388197073715705e-06
364;-0,5150371190966841;-0,24902841069638554;0,5153667595393442;0,24925567521881534;0,00032964044266003967;0,00022726452242979867;0,033367451853255715;0,03336745185325571;0,033367451853255715;0,9898627713558644;-0,08479889550708232;0,9905474467163069;-0,07868279907669717;3,336745185325571e-06
365;0,07100693317706551;0,03400478019320197;-0,07100000000006161;-0,03400000000002828;6,933177003898283e-06;4,780193173688219e-06;0,004590935577676715;0,004590935577676717;0,004590935577676717;0,9900903048422905;-0,08831582024284465;0,9899857016778802;-0,08927418387199416;4,590935577676717e-07
366;-0,2710075341056582;-0,13100614728628726;0,27108065909859075;0,13105656451807662;7,312499293254948e-05;5,0417231789362527e-05;0,017410741203842773;0,017410741203842776;0,017410741203842776;0,9981703187677571;-0,010485140888776705;0,9984613993302424;-0,007903612568109708;1,7410741203842775e-06
367;-0,27118065878914005;-0,131056564153326;0,2712754478284364;0,1311219164505542;9,478903929632798e-05;6,535229722820501e-05;0,01741594728004079;0,01741594728004079;0,01741594728004079;0,9984613993302424;-0,007903612568109708;0,9988385951011;-0,004557659561096538;1,741594728004079e-06
368;0,06810711161238694;0,03300490349481208;-0,06810206956727251;-0,03300142687915963;5,042045114436733e-06;3,476615652454884e-06;0,004386430792574152;0,004386430792574153;0,004386430792574153;0,9961526442557165;-0,03401415719238801;0,9960729673699168;-0,0347181197381353;4,3864307925741534e-07
369;0,06800412714982736;0,03300284544053667;-0,06799999999988994;-0,032999999999940924;4,127149937416252e-06;2,845440595748705e-06;0,004371175543967146;0,004371175543967145;0,004371175543967146;0,9983934159997649;-0,014172970919933912;0,9983279653138317;-0,014747535931483946;4,3711755439671466e-07
370;-0,05899999999985835;-0,02900000000006655;0,059003043319139095;0,029002098115648432;3,0433192807419185e-06;2,098115581883331e-06;0,0038218796431094323;0,0038218796431094314;0,0038218796431094323;0,9931269049396747;-0,060213371844505065;0,9931821453455659;-0,05974235090510029;3,8218796431094324e-07
371;-0,4281575325420117;-0,2071098063272892;0,4284025510946927;0,2072787304388924;0,0002450185526809978;0,00016892411160318588;0,027757856425460522;0,027757856425460522;0,027757856425460522;0,989264803774062;-0,09001435273352817;0,9898765785780858;-0,0845518064907793;2,7757856425460525e-06
372;-0,3150999364880352;-0,15206970040630322;0,3151682112049745;0,15211676924271225;6,827471693932052e-05;4,7068836409036585e-05;0,02037324481117391;0,020373244811173908;0,02037324481117391;0,9915011676588696;-0,07037393496658162;0,991733393599212;-0,06829211736569281;2,0373244811173913e-06
373;0,08501043615597284;0,04100719503394383;-0,0850042080777792;-0,04100290144148611;6,228078193643016e-06;4,293592457717266e-06;0,005511212305476534;0,005511212305476534;0,005511212305476534;0,9887607439609135;-0,10027299033514685;0,9886824366961041;-0,10097798537209993;5,511212305476534e-07
374;-0,9650911020636387;-0,46593149266747536;0,9666156843387674;0,46698264104868575;0,0015245822751287497;0,0010511483812103983;0,062146956474467635;0,06214695647446764;0,06214695647446764;0,9955972365007838;-0,03330234642571606;0,9972973161598565;-0,018157178160002764;6,214695647446764e-06
375;0,062004776425798123;0,030004032378857317;-0,061999999999862374;-0,029999999999938246;4,7764259357499506e-06;4,032378919070767e-06;0,004004003105366067;0,004004003105366067;0,004004003105366067;0,9932429482589143;-0,059359968335536806;0,9931556261441836;-0,060648704682655596;4,004003105366067e-07
376;1,0892594602038472;0,5264269165602817;-1,088614861501955;-0,5259824873595242;0,0006445987018921517;0,00044442920075749015;0,06999222058980424;0,06999222058980423;0,06999222058980424;0,99793556961404;-0,012486472985477256;0,9972973161598565;-0,018157178160002764;6,999222058980424e-06
377;0,06000073243750145;0,029000504914253107;-0,05999999999991396;-0,0289999999998311;7,324375874903644e-07;5,049144220087287e-07;0,0038524918908172286;0,003852491890817228;0,0038524918908172286;0,99872001950833;-0,0321463983528789;0,9987068438680973;-0,032263209698723164;3,852491890817229e-07
378;-0,24601110532498421;-0,11900773024577688;0,24606571517120623;0,1190453832251981;5,460984622202014e-05;3,765297942122381e-05;0,015981644653174733;0,015981644653174733;0,015981644653174733;0,9872623406265134;-0,11132064100509226;0,9874991704651043;-0,1092006395482548;1,5981644653174732e-06
379;0,06800264965086429;0,0330018270424786;-0,06800000000028747;-0,03299999999966031;2,6496505768219825e-06;1,827042818293434e-06;0,0044145732215670665;0,0044145732215670665;0,0044145732215670665;0,9885554615459455;-0,10202978427339018;0,9885138535096738;-0,10239884103851753;4,4145732215670666e-07
380;0,05600220085148454;0,027001517480334886;-0,05600000000017671;-0,027000000000156878;2,200851307830598e-06;1,5174801780079572e-06;0,003598609868427503;0,0035986098684275027;0,003598609868427503;0,9974653257122262;-0,022385780792154347;0,9974229462763966;-0,02276461216780558;3,598609868427503e-07
381;0,056000550774856786;0,02700037993779422;-0,05600000000064273;-0,02700000000021358;5,507742140559158e-07;3,799375806398664e-07;0,0035893742276816563;0,0035893742276816563;0,0035893742276816563;0,9999999999959857;1,225433309963378e-17;0,9999893657815256;-9,495730518646978e-05;3,5893742276816563e-07
382;0,05310368958756904;0,02600254391194962;-0,05310133424317868;-0,026000919925056456;2,3553443903590043e-06;1,6239868931636203e-06;0,00342598915005014;0,0034259891500501394;0,00342598915005014;0,9964314646039338;-0,03154317902656581;0,9963837810375973;-0,03195282069355396;3,42598915005014e-07
383;-0,3932746234537485;-0,19012177338902841;0,39349831554697556;0,1902760015901043;0,00022369209322709027;0,00015422820107588442;0,025249106232856;0,025249106232856002;0,025249106232856002;0,9988385951011;-0,004557659561096538;0,999452600906485;0,0008815657728218021;2,5249106232856003e-06
384;0,0519999686901015;0,025000124337710743;-0,05199972155342024;-0,02499995394525198;2,471366812584197e-07;1,7039245876412923e-07;0,0033569841392253916;0,003356984139225392;0,003356984139225392;0,992309556788572;-0,06305610799670192;0,9923044563603604;-0,06310226760673492;3,356984139225392e-07
385;-0,07110433677571691;-0,034003252682365086;0,0711071048267588;0,03400516116078522;2,768051041893149e-06;1,908478420131754e-06;0,0045866130883510684;0,0045866130883510684;0,0045866130883510684;0,9921210508123407;-0,06442024447828441;0,9921628491067462;-0,06403676968223188;4,5866130883510687e-07
386;0,0;0,0;0,0;0,0;0,0;0,0;;;;;;;;
387;-0,07099950440265966;-0,03399991996100954;0,07100433772540952;0,034003252157986136;4,833322749864255e-06;3,33219697659648e-06;0,0045813638842880505;0,00458136388428805;0,0045813638842880505;0,9920479776891237;-0,06508822348760537;0,9921210508123407;-0,06442024447828441;4,581363884288051e-07
388;-9,999999990633067e-05;5,592910987834923e-16;0,00010000001284648479;8,921250277840033e-12;1,2940154115880127e-11;8,921809568938816e-12;5,8402643932150605e-06;5,840264393215057e-06;5,8402643932150605e-06;0,9885687184291924;-0,10195005904060943;0,9885688463515124;-0,10194494722092688;5,840264393215061e-10
389;0,0;0,0;0,0;0,0;0,0;0,0;;;;;;;;
390;0,05000182251498116;0,024001256404965438;-0,05000000000000806;-0,02399999999999588;1,8225149731043722e-06;1,2564049695594492e-06;0,0032129331653178;0,0032129331653177997;0,0032129331653178;0,9966621593146898;-0,029476995164506522;0,996622864792669;-0,02983237683545569;3,2129331653178004e-07
391;-0,998663505260584;-0,48246198095998616;1,000495749419319;0,4837252518984302;0,0018322441587349525;0,0012632709384440277;0,06463345311871899;0,06463345311871899;0,06463345311871899;0,9907222875613945;-0,07711868972611324;0,9926869288108643;-0,05956582455354461;6,463345311871899e-06
392;-0,2761682974890911;-0,13304806452095302;0,2762767534534821;0,1331228428971657;0,00010845596439101879;7,47783762126697e-05;0,017720331435543923;0,01772033143554392;0,017720331435543923;0,9987661159520883;-0,0053312832833334114;0,9991902075318189;-0,0015394863558599583;1,7720331435543924e-06
393;0,9434355453713579;0,45530546817316114;-0,9426928509181115;-0,45479342417123353;0,0007426944532463731;0,000512044001927614;0,060507175400120544;0,060507175400120544;0,060507175400120544;0,999562066639899;0,0018079261440469888;0,9987114883389717;-0,005765442674743627;6,050717540012055e-06
394;0,045000747191953926;0,022000515163740884;-0,04500000000006835;-0,021999999999978467;7,471918855722626e-07;5,151637624163652e-07;0,0029185474729991508;0,0029185474729991495;0,0029185474729991508;0,9909020414974699;-0,10446685264095264;0,9908842864439407;-0,1046208599279672;2,9185474729991507e-07
395;0,04500014052254959;0,02200009693037931;-0,045000000001558266;-0,022000000001666308;1,4052099132216833e-07;9,692871300037709e-08;0,0029236117312187644;0,002923611731218765;0,002923611731218765;0,9891712178988369;-0,1084836183605065;0,9891678841875646;-0,10851262765428067;2,9236117312187647e-07
396;0,05200420807789373;0,025002901441447702;-0,05200000000000409;-0,025000000000014653;4,208077889637785e-06;2,9014414330494342e-06;0,0033695930911255604;0,00336959309112556;0,0033695930911255604;0,9886824366961041;-0,10097798537209993;0,9885959140929313;-0,10176399965400944;3,3695930911255607e-07
397;0,043000299708540295;0,021000206678774672;-0,043000000000274215;-0,02099999999957945;2,997082660799455e-07;2,0667919522349143e-07;0,002794817545099683;0,0027948175450996835;0,0027948175450996835;0,9885688463515124;-0,10194494722092688;0,9885614093824411;-0,10200983187140737;2,7948175450996833e-07
398;0,04100080308111009;0,02000055373137685;-0,04099999999979787;-0,01999999999987976;8,030813122214542e-07;5,537314970889551e-07;0,0026664696345271234;0,0026664696345271234;0,0026664696345271234;0,9877520804508232;-0,23821611853364907;0,98773119571512;-0,23839897011791975;2,6664696345271234e-07
399;-0,04099999999995329;-0,020000000000120283;0,04100099538527348;0,020000686212727388;9,953853201891127e-07;6,862126071052743e-07;0,002642389119625864;0,0026423891196258637;0,002642389119625864;0,996732548170877;-0,028856173203042294;0,9967586687262971;-0,028629666414783966;2,642389119625864e-07
400;0,0;0,0;0,0;0,0;0,0;0,0;;;;;;;;
401;0,040001372776646525;0,019000946415212848;-0,04000000000019079;-0,01899999999999758;1,3727764557325273e-06;9,464152152666161e-07;0,0025668657704482046;0,0025668657704482033;0,0025668657704482046;0,9960729673699168;-0,0347181197381353;0,9960359433868712;-0,03506211116091957;2,5668657704482046e-07
402;0,00010000000869390942;5,8990005463886136e-12;-0,00010000000016760995;-1,9711366912153622e-14;8,526299471686184e-12;5,87928917947646e-12;5,8400823735030415e-06;5,84008237350304e-06;5,8400823735030415e-06;0,9885996163400445;-0,10169484106208042;0,9885995320490863;-0,10169820964635182;5,840082373503042e-10
403;0,0;0,0;0,0;0,0;0,0;0,0;;;;;;;;
404;0,0;0,0;0,0;0,0;0,0;0,0;;;;;;;;
405;0,03710068175155696;0,01800046996507664;-0,037100242565136325;-0,018000167219923844;4,391864206337859e-07;3,0274515279773984e-07;0,002391821037625292;0,002391821037625292;0,002391821037625292;0,995396562940514;-0,09979909026734003;0,9953838350027877;-0,09991117422653706;2,391821037625292e-07
406;0,0340010055287838;0,01700069330251925;-0,03399999999998968;-0,017000000000022667;1,0055287941249103e-06;6,933024965828649e-07;0,002202725928421449;0,002202725928421449;0,002202725928421449;0,9963837810375973;-0,03195282069355396;0,9963520810887783;-0,03220968379034846;2,202725928421449e-07
407;0,03400008101607513;0,017000055884008092;-0,03399999999913974;-0,01700000000006361;8,101693538958843e-08;5,588394448238776e-08;0,002219918339170779;0,0022199183391707787;0,002219918339170779;0,9886382533520703;-0,23031944043170047;0,9886357187480536;-0,2303401686121603;2,219918339170779e-07
408;0,03310096047603287;0,01600066216828859;-0,03310000000831725;-0,016000000005664764;9,604677156244135e-07;6,621626238260958e-07;0,0021470622359162366;0,002147062235916237;0,002147062235916237;0,9886306185384858;-0,10141718605656384;0,9885996163400445;-0,10169484106208042;2,147062235916237e-07
409;0,031000196912699965;0,015000135744354862;-0,030999999999247796;-0,014999999999762304;1,969134521689897e-07;1,3574459255781546e-07;0,001997533698013896;0,0019975336980138955;0,001997533698013896;0,9953838350027877;-0,09991117422653706;0,9953770029175235;-0,09997177306314749;1,9975336980138961e-07
410;-0,4634023643574002;-0,22427869464796943;0,46381759595633476;0,22456498291864394;0,0004152315989345845;0,00028628827067450624;0,030027296657844975;0,030027296657844975;0,030027296657844975;0,9898765785780858;-0,0845518064907793;0,9908350378982727;-0,07601269169985733;3,0027296657844973e-06
411;0,029103700703885974;0,014002551468094933;-0,029101465530436365;-0,014001010408933298;2,2351734496085796e-06;1,5410591616346614e-06;0,001866684086226;0,0018666840862260007;0,0018666840862260007;0,9989203551868208;-0,009511029741341668;0,9988373936077898;-0,010255504658148295;1,8666840862260007e-07
412;0,029000061838307705;0,014000052202333548;-0,029000000000879593;-0,014000000000532076;6,183742811208259e-08;5,2201801471751796e-08;0,0018787052903512502;0,0018787052903512502;0,0018787052903512502;0,9896261203610263;-0,1023176296914399;0,989623711566488;-0,10235343964598594;1,8787052903512501e-07
413;-0,1259991198748871;-0,06099984824771645;0,12600772797590687;0,0610057839055956;8,608101019769165e-06;5,935657879152512e-06;0,008156490243956045;0,008156490243956045;0,008156490243956045;0,9908962506879826;-0,07500219034596227;0,990969401473114;-0,07435084490047576;8,156490243956044e-07
414;-0,12610772686374733;-0,061005784595223884;0,12610882199642057;0,06100653999695834;1,095132673240018e-06;7,55401734456318e-07;0,008161734470382234;0,008161734470382232;0,008161734470382234;0,990969401473114;-0,07435084490047576;0,9909787021872511;-0,07426777697716658;8,161734470382235e-07
415;0,028000696790857448;0,014000480463739376;-0,027999999999946634;-0,01400000000003223;6,967909108139547e-07;4,80463707146217e-07;0,001814566477655767;0,001814566477655767;0,001814566477655767;0,9960729673699168;-0,0347181197381353;0,9960463011325817;-0,03493431261969256;1,814566477655767e-07
416;0,026000236101094202;0,013000162798913313;-0,025999999999838673;-0,013000000000163608;2,3610125552894767e-07;1,627987497049982e-07;0,0016944704640477096;0,0016944704640477096;0,0016944704640477096;0,9904623388990679;-0,0926099846008429;0,9904526629182878;-0,09268887240027426;1,6944704640477095e-07
417;1,013759452198762;0,4895289802077875;-1,013435078374298;-0,48930537902515575;0,0003243738244640415;0,00022360118263176076;0,06500206151619768;0,06500206151619768;0,06500206151619768;0,9999078710195096;0,0048781263701672;0,999562066639899;0,0018079261440469888;6,500206151619768e-06
418;0,024001450976145686;0,012001000374518398;-0,023999999999996025;-0,011999999999975577;1,450976149661165e-06;1,0003745428213695e-06;0,0015510974119590524;0,0015510974119590521;0,0015510974119590524;0,9988373936077898;-0,010255504658148295;0,9987724346245176;-0,010780464997394181;1,5510974119590523e-07
419;0,024000820254410807;0,012000565526039363;-0,024000000000016595;-0,012000000000070551;8,202543942126272e-07;5,655259688111536e-07;0,0015509247459365163;0,0015509247459365165;0,0015509247459365165;0,9989203551868208;-0,009511029741341668;0,9988836289733545;-0,00980780862159815;1,5509247459365164e-07
420;0,024000357505270593;0,012000246438029182;-0,024000000000087323;-0,012000000000259322;3,575051832696574e-07;2,4643776985917853e-07;0,0015715633246507184;0,0015715633246507184;0,0015715633246507184;0,9857815709249685;-0,25561468984236374;0,9857657748780068;-0,2557439569392197;1,5715633246507183e-07
421;0,24111393685496457;0,11608244303269934;-0,24103542201350947;-0,11602830842581961;7,851484145510179e-05;5,413460687972438e-05;0,015579933079728294;0,015579933079728292;0,015579933079728294;0,9916624036325609;-0,06882610998278868;0,9913132291092166;-0,07197833180643118;1,5579933079728293e-06
422;0,0229999716858453;0,01100006591743733;-0,0229998386462635;-0,010999974179695848;1,3303958180249653e-07;9,173774148316105e-08;0,001485360188285641;0,0014853601882856404;0,001485360188285641;0,9909787021872511;-0,07426777697716658;0,990972498620065;-0,07432476646115693;1,485360188285641e-07
423;0,023000034124876816;0,011000037563072548;-0,022999973449014145;-0,010999995740541385;6,067586267102798e-08;4,1822531162208354e-08;0,0014875591875648407;0,0014875591875648407;0,0014875591875648407;0,9895154893857856;-0,09056803519667281;0,9895126645635215;-0,09059399306108279;1,4875591875648407e-07
424;0,022000616611393;0,010000425122643486;-0,02200000000002283;-0,0099999999999728;6,166113701681908e-07;4,2512267068618714e-07;0,0014046683756525396;0,00140466837565254;0,00140466837565254;0,993310989974926;-0,05946924222376362;0,9932806869446925;-0,05978186603318859;1,40466837565254e-07
425;0,021300535817357975;0,01000036944641966;-0,02130012765570554;-0,010000088032640145;4,0816165243484637e-07;2,814137795154048e-07;0,0013642588630806726;0,0013642588630806726;0,0013642588630806726;0,9958358991572492;-0,08444115588376923;0,9958152021006503;-0,0846390541711889;1,3642588630806725e-07
426;0,02100031608988956;0,010000297123227685;-0,020999851563298397;-0,009999976866760173;4,6452659116166806e-07;3,2025646751199233e-07;0,0013571383993100418;0,001357138399310042;0,001357138399310042;0,989513173143512;-0,08760861303279531;0,9894894734785161;-0,08782890620160957;1,357138399310042e-07
427;0,021000127607274256;0,010000087999676726;-0,02099999999992177;-0,010000000000249807;1,2760735248681931e-07;8,799942691900542e-08;0,0013485346529736506;0,0013485346529736506;0,0013485346529736506;0,9958152021006503;-0,0846390541711889;0,9958086497368446;-0,08469962361308003;1,3485346529736504e-07
428;0,02100007011580546;0,01000005920459317;-0,02099999999847479;-0,010000000000465713;7,011733067080472e-08;5,920412745642756e-08;0,0013486538484181025;0,0013486538484181025;0,0013486538484181025;0,9957244388309581;-0,038008250765732256;0,9957206390699114;-0,03806566423999764;1,3486538484181025e-07
429;0,020999983905447404;0,010000035141312862;-0,020999913392784654;-0,009999986515692416;7,051266275037715e-08;4,8625620445094664e-08;0,0013556190337324428;0,0013556190337324428;0,0013556190337324428;0,9906046402531661;-0,07875927434920132;0,9906010385126446;-0,0787927419974835;1,3556190337324427e-07
430;0,021000080959929862;0,010000055818018326;-0,021000000000779662;-0,009999999999397675;8,095915019976085e-08;5,5818620650974204e-08;0,0013586220437194986;0,0013586220437194986;0,0013586220437194986;0,9884191735343589;-0,23003173015270736;0,9884150475346287;-0,23007013188302625;1,3586220437194988e-07
431;0,02099994685200551;0,010000018556249579;-0,02099989650469401;-0,009999983852960472;5,034731150044269e-08;3,4703289106957635e-08;0,0013550471810609152;0,0013550471810609152;0,0013550471810609152;0,9910209628483919;-0,0747316594243385;0,9910183903536398;-0,07475551973144143;1,3550471810609152e-07
432;0,0;0,0;0,0;0,0;0,0;0,0;;;;;;;;
433;-0,6490654860839301;-0,3140453436071949;0,6494103853311584;0,3142831316181143;0,0003448992472282475;0,00023778801091939306;0,04215673039012517;0,042156730390125186;0,042156730390125186;0,9874991704651043;-0,1092006395482548;0,988066207402337;-0,10413134093756853;4,215673039012519e-06
434;0,019000328714270175;0,009000226622434567;-0,01900000000033162;-0,008999999999930541;3,2871393855493647e-07;2,2662250402649686e-07;0,0012182375968428556;0,0012182375968428554;0,0012182375968428556;0,9963837810375973;-0,03195282069355396;0,9963651044455231;-0,03212747908327499;1,2182375968428554e-07
435;0,019000292943865574;0,009000201974937987;-0,018999999999964153;-0,008999999999936188;2,929439014212609e-07;2,0197500179980343e-07;0,001218292750787182;0,0012182927507871815;0,001218292750787182;0,9963366412364705;-0,0323879961386738;0,9963199974837541;-0,03254368119757563;1,2182927507871818e-07
436;0,018100411142683525;0,009000283433716281;-0,018100166010256023;-0,009000114444377559;2,451324275024036e-07;1,689893387221003e-07;0,0011783288799441301;0,0011783288799441301;0,0011783288799441301;0,9904623388990679;-0,0926099846008429;0,9904478976585989;-0,09272952118873055;1,1783288799441301e-07
437;0,018000166009733087;0,009000114444220077;-0,01799999999965841;-0,009000000000070113;1,660100746765647e-07;1,1444414996404639e-07;0,0011731122194846354;0,001173112219484635;0,0011731122194846354;0,9904478976585989;-0,09272952118873055;0,9904380710967556;-0,09280957943732678;1,1731122194846353e-07
438;0,018000015065141758;0,009000010369820883;-0,018000000005631803;-0,009000000000977965;1,5059509955034356e-08;1,0368842917954368e-08;0,001171127691082419;0,0011711276910824186;0,001171127691082419;0,9921173057538644;-0,09355547988199486;0,9921164131166736;-0,0935627095535648;1,1711276910824191e-07
439;0,017000201527356748;0,008000138952249677;-0,01700000000000383;-0,007999999999762388;2,0152735291656398e-07;1,389524872889153e-07;0,0010889461800158804;0,0010889461800158806;0,0010889461800158806;0,9961526442557165;-0,03401415719238801;0,9961398395251622;-0,03413588456262171;1,0889461800158807e-07
440;-0,14920879313117774;-0,0720066059645237;0,14924812470235865;0,07203372328285779;3,9331571180911684e-05;2,711731833408837e-05;0,009652328794552311;0,009652328794552306;0,009652328794552311;0,9909787021872511;-0,07426777697716658;0,9912610779663146;-0,07173435907048274;9,652328794552311e-07
441;0,015000162917664945;0,007000112317030548;-0,015000000000209391;-0,007000000000014238;1,6291745555396808e-07;1,1231701630993324e-07;0,000957691540965579;0,0009576915409655792;0,0009576915409655792;0,997916313107089;-0,01840067950551957;0,9979045495551837;-0,018514502932883273;9,576915409655791e-08
442;0,014000274412373698;0,007000193525856746;-0,013999991019998104;-0,006999998144933778;2,833923755940493e-07;1,9538092296822462e-07;0,0009130600345899872;0,0009130600345899871;0,0009130600345899872;0,989765456042263;-0,08886369868084802;0,9897439032012546;-0,08903946097932221;9,130600345899872e-08
443;0,014000180346395748;0,007000124342867988;-0,013999999999917039;-0,007000000000015361;1,803464787092368e-07;1,2434285262714895e-07;0,0009068480379457627;0,0009068480379457627;0,0009068480379457627;0,996538118702654;-0,03055166989051551;0,9965243087014599;-0,030663541176075025;9,068480379457627e-08
444;0,01400017688110741;0,007000121945143143;-0,013999999999904622;-0,006999999999824804;1,7688120278885888e-07;1,2194531833886052e-07;0,0009071987130075836;0,0009071987130075839;0,0009071987130075839;0,9961526442557165;-0,03401415719238801;0,9961391050805654;-0,03412385163715931;9,071987130075839e-08
445;0,014200398149140626;0,0060002745045824694;-0,01420038484148532;-0,006000265325214396;1,3307655305841437e-08;9,179368073812533e-09;0,0008997044427013868;0,0008997044427013868;0,0008997044427013868;0,9892649488095341;-0,10765855183899226;0,9892639329116454;-0,10767072708257835;8,997044427013869e-08
446;0,014100384841868333;0,006000265326447062;-0,014100077875640061;-0,006000053691792694;3,0696622827126874e-07;2,1163465436808276e-07;0,0008943313847427773;0,000894331384742777;0,0008943313847427773;0,9892639329116454;-0,10767072708257835;0,9892403488669921;-0,10794943678089167;8,943313847427773e-08
447;0,0;0,0;0,0;0,0;0,0;0,0;;;;;;;;
448;0,01300005777008429;0,006000039834090408;-0,01300000000026951;-0,006000000000106484;5,776981478085308e-08;3,983398392387594e-08;0,0008381762338766964;0,0008381762338766966;0,0008381762338766966;0,9862410114093085;-0,25177874039603415;0,9862362485542154;-0,25182659552911485;8,381762338766965e-08
449;0,373442269296584;0,18123744060511895;-0,37325623033649696;-0,18110917902773058;0,00018603896008700938;0,00012826157738837773;0,024187355712736742;0,024187355712736742;0,024187355712736742;0,9908350378982727;-0,07601269169985733;0,9903018575200355;-0,08073076444120446;2,418735571273674e-06
450;0,012000150862269254;0,0060001040268776555;-0,0119999999998132;-0,006000000000035883;1,5086245605359927e-07;1,0402684177263088e-07;0,000776835866298259;0,000776835866298259;0,000776835866298259;0,99713102767838;-0,025336329306780606;0,9971175416035236;-0,02544555502817787;7,76835866298259e-08
451;0,0;0,0;0,0;0,0;0,0;0,0;;;;;;;;
452;-0,3480893033759473;-0,16906278065361657;0,34824304913251575;0,16916878319986897;0,00015374575656845746;0,00010600254625239836;0,0223778436557221;0,022377843655722093;0,0223778436557221;0,9983945779723111;-0,008324385504821234;0,9988708705561102;-0,004153717768429134;2,23778436557221e-06
453;-0,010100000006781627;-0,005000000005575188;0,010100098819434728;0,005000083427133014;9,881265310152099e-08;8,342155782565391e-08;0,0006585393999828245;0,0006585393999828245;0,0006585393999828245;0,9880446418956761;-0,23338503980447292;0,9880556504606968;-0,23322783139778847;6,585393999828245e-08
454;0,010000041645027139;0,005000028708544429;-0,010000000000316674;-0,005000000000275938;4,1644710464805446e-08;2,8708268490738875e-08;0,0006495631020534766;0,0006495631020534765;0,0006495631020534766;0,9937450482005261;-0,05483524320520345;0,9937405963343017;-0,054871389407053536;6,495631020534767e-08
455;0,010000075039062773;0,005000051738812545;-0,009999999999994326;-0,004999999999891233;7,503906844681663e-08;5,17389213122027e-08;0,0006479370886790109;0,0006479370886790109;0,0006479370886790109;0,9962424539939219;-0,033218037594394914;0,9962344117093471;-0,033283213937646806;6,479370886790109e-08
456;0,0;0,0;0,0;0,0;0,0;0,0;;;;;;;;
457;0,009000052542519303;0,0040000749391231;-0,008999935290626818;-0,003999994099574362;1,1725189248516787e-07;8,083954873734644e-08;0,0005736002897262838;0,0005736002897262838;0,0005736002897262838;0,9913324832464699;-0,07110451573354384;0,9913183939065808;-0,07125723165928627;5,736002897262838e-08
458;0,009000072459083464;0,004000049958042163;-0,008999999999956633;-0,003999999999902736;7,245912683057076e-08;4,9958139427402903e-08;0,0005748138612226238;0,0005748138612226237;0,0005748138612226238;0,9892403488669921;-0,10794943678089167;0,9892316603042696;-0,10804381849064584;5,748138612226238e-08
459;0,0;0,0;0,0;0,0;0,0;0,0;;;;;;;;
460;0,8767736267679018;0,4248461762813944;-0,8752596653991261;-0,4238023838660449;0,0015139613687756848;0,0010437924153495204;0,05666461506257711;0,056664615062577105;0,05666461506257711;0,9926869288108643;-0,05956582455354461;0,9908350378982727;-0,07601269169985733;5,666461506257711e-06
461;0,006000045650569339;0,0030000314752716096;-0,005999999999839085;-0,0029999999998402437;4,5650730254136185e-08;3,1475431365880074e-08;0,00038909764361724536;0,00038909764361724536;0,00038909764361724536;0,9953838350027877;-0,09991117422653706;0,9953756877265797;-0,09997725532405949;3,890976436172454e-08
462;0,005000001662306344;0,0020000265574767052;-0,0049999628327010255;-0,0019999997857652395;3,882960531841756e-08;2,6771711465756187e-08;0,00031363600962563927;0,0003136360096256394;0,0003136360096256394;0,9913188668552958;-0,07128868193366313;0,9913103999283405;-0,07139971444066977;3,136360096256394e-08
463;0,005000014554318411;0,002000010034504336;-0,005000000000103466;-0,0020000000003221933;1,4554214945207422e-08;1,0034182142733966e-08;0,0003112755213696432;0,0003112755213696432;0,0003112755213696432;0,9988373936077898;-0,010255504658148295;0,9988341959797189;-0,010297118016553752;3,112755213696432e-08
464;0,005000022946642409;0,0020000158215164945;-0,0050000000001816395;-0,0020000000001975256;2,2946460769696087e-08;1,582131896890951e-08;0,0003119903888903161;0,0003119903888903161;0,0003119903888903161;0,996550584545542;-0,03049165873175803;0,9965455545691113;-0,030557279204066375;3,119903888903161e-08
465;0,005000005416314626;0,0020000037331725203;-0,004999999999155659;-0,0019999999992445666;5,417158967062352e-09;3,7339279537230985e-09;0,0003142947068946708;0,0003142947068946708;0,0003142947068946708;0,9892403488669921;-0,10794943678089167;0,9892391701833423;-0,10796491713735643;3,1429470689467085e-08
466;0,00020000004798837587;3,3067164712342003e-11;-0,0002000000037589469;-2,5724558736708506e-12;4,422942895721156e-11;3,049470883867115e-11;1,1595533117032843e-05;1,1595533117032843e-05;1,1595533117032843e-05;0,9958152021006503;-0,0846390541711889;0,9958149818790012;-0,08464779025949946;1,1595533117032843e-09
467;-9,999905105516356e-05;-5,398222640303681e-10;9,999905844424034e-05;5,449167848099812e-10;7,389076777200056e-12;5,094520779613078e-12;5,804646461943164e-06;5,804646461943164e-06;5,804646461943164e-06;0,9946252441861868;-0,041735562766206054;0,9946253176807819;-0,04173264381618374;5,804646461943164e-10
468;0,00010000000974110073;6,5629772398311254e-12;-0,00010000000005269563;1,1685334055073112e-13;9,688405093921833e-12;6,6798305803818565e-12;5,8295516222520365e-06;5,829551622252038e-06;5,829551622252038e-06;0,9903854753187001;-0,09568914344460415;0,9903853793661505;-0,09569297070523901;5,829551622252038e-10
469;-9,999926343199042e-05;-4,189494396605748e-10;9,99992664009245e-05;4,2099642019933013e-10;2,9689340856663485e-12;2,0469805387553445e-12;5,817695226685824e-06;5,817695226685824e-06;5,817695226685824e-06;0,992396463068424;-0,062263550016536696;0,9923964925323231;-0,06226237718160333;5,817695226685824e-10
470;-9,999999968016e-05;-3,7685809965182985e-14;0,00010000000754613283;5,460657196406292e-12;7,865972833482303e-12;5,422971386441109e-12;5,844510069046901e-06;5,844510069046898e-06;5,844510069046901e-06;0,9878505820372052;-0,24789872771240712;0,9878506597412656;-0,24789562057891468;5,844510069046901e-10
471;-9,999999987749345e-05;1,4873445217450804e-13;0,00010000000645994456;5,408345741001891e-12;6,582451109789916e-12;5,557080193176399e-12;5,843362556760813e-06;5,8433625567608126e-06;5,843362556760813e-06;0,9880445768581233;-0,23338822377668772;0,9880446418956761;-0,23338503980447292;5,843362556760813e-10
472;0,00010000000329650482;2,5666048339211538e-12;-9,999999961071896e-05;-2,5379014991821692e-14;3,6857858616307776e-12;2,541225818929332e-12;5,7977666406725915e-06;5,7977666406725915e-06;5,7977666406725915e-06;0,9958149818790012;-0,08464779025949946;0,9958149451753944;-0,08464924627459305;5,797766640672591e-10
