;p_from_mw;q_from_mvar;p_to_mw;q_to_mvar;pl_mw;ql_mvar;i_from_ka;i_to_ka;i_ka;vm_from_pu;va_from_degree;vm_to_pu;va_to_degree;loading_percent
0;-3,8604845945211546;-1,88905267464905;3,8649587189736394;1,8943308446553146;0,004474124452484851;0,005278170006264737;0,2485048305927732;0,24850483059277323;0,24850483059277323;0,9985271250572721;-0,03693258977598162;1,0;0,0;2,4850483059277323e-05
1;-3,7969956466440165;-1,8566011099018922;3,8003838618015107;1,8600521695376657;0,003388215157494212;0,0034510596357735235;0,24464644709284095;0,24464644709284092;0,24464644709284095;0,9974509778438181;-0,05876072022476667;0,9985271250572721;-0,03693258977598162;2,4464644709284096e-05
2;-5,49136748420572;-2,6945996685174203;5,512605030013219;2,709242218753502;0,021237545807498925;0,014642550236081853;0,3546303597494319;0,3546303597494319;0,3546303597494319;0,9958456872604792;-0,03534993199991649;1,0;0,0;3,546303597494319e-05
3;-5,41172060487017;-2,6513624784453778;5,4323674842199345;2,665599668497719;0,020646879349764724;0,014237190052341031;0,35081891516969915;0,35081891516969926;0,35081891516969926;0,9917632772854698;-0,07039638370267048;0,9958456872604792;-0,03534993199991649;3,5081891516969926e-05
4;2,2458914757677917;1,1026592343568495;-2,2370312332535534;-1,0936374867861836;0,008860242514238337;0,009021747570665983;0,1444516748263223;0,1444516748263223;0,1444516748263223;1,0;0,0;0,9952334240584666;-0,09649200059548338;1,444516748263223e-05
5;-5,111986710551197;-2,503583455881147;5,124697292630291;2,512346405381219;0,01271058207909359;0,008762949500071837;0,332253532604027;0,332253532604027;0,332253532604027;0,9891098744883223;-0,09327797011398166;0,9917632772854698;-0,07039638370267048;3,32253532604027e-05
6;-2,2011424288609986;-1,0688847559090662;2,2156306967880206;1,0836371168928332;0,014488267927021958;0,014752360983766977;0,14308155010429655;0,14308155010429663;0,14308155010429663;0,987370266425551;-0,2577475380494068;0,9952334240584666;-0,09649200059548338;1,4308155010429664e-05
7;-3,7882127044232647;-1,8477601654229205;3,796895646644916;1,8566011099017068;0,008682942221651224;0,00884094447878625;0,24464124718431804;0,24464124718431804;0,24464124718431804;0,9946940571407082;-0,11487731437926595;0,9974509778438181;-0,05876072022476667;2,4464124718431805e-05
8;-3,1251174934386867;-1,5484669173891727;3,1267642869161136;1,5504096951972315;0,001646793477426911;0,0019427778080587377;0,20149793323088622;0,20149793323088624;0,20149793323088624;0,9993300129404643;-0,016575516748507074;1,0;0,0;2,0149793323088624e-05
9;-3,738553364945157;-1,8170739408532062;3,7510120217076772;1,8297596947928303;0,012458656762520004;0,012685753939624123;0,24224252539995256;0,24224252539995253;0,24224252539995256;0,9907007588414686;-0,19674479139086226;0,9946940571407082;-0,11487731437926595;2,4224252539995257e-05
10;-3,0891017013310513;-1,5118970700601202;3,1250174934392376;1,5484669173894834;0,035915792108186295;0,03656984732936319;0,20149275650385867;0,20149275650385873;0,20149275650385873;0,9854681817338053;-0,2968132116286128;0,9993300129404643;-0,016575516748507074;2,0149275650385872e-05
11;3,089001701386806;1,5118970700141885;-3,058087331659633;-1,4804188050349305;0,030914369727172986;0,031478264979257986;0,20148749433478877;0,2014874943347888;0,2014874943347888;0,9854681817338053;-0,2968132116286128;0,9735555667277028;-0,5444238832101034;2,014874943347888e-05
12;-3,6035186829644585;-1,74687322850779;3,6125533649455717;1,756073940852821;0,009034681981113124;0,009200712345031059;0,23408438573054804;0,23408438573054802;0,23408438573054804;0,9877051386121463;-0,25862459847203295;0,9907007588414686;-0,19674479139086226;2,3408438573054802e-05
13;3,783758555610575;1,8577322515375272;-3,763236518006554;-1,843583594789404;0,020522037604020937;0,014148656748123267;0,24336528049798528;0,24336528049798525;0,24336528049798528;1,0;0,0;0,9941508250167788;-0,049986516177762216;2,433652804979853e-05
14;3,5053417096446964;1,716003315199612;-3,4873374512758795;-1,7035902290741058;0,018004258368816917;0,012413086125506068;0,22759369614599487;0,22759369614599495;0,22759369614599495;0,9900539529233983;-0,0853226745646253;0,984567692086348;-0,13304523452206976;2,2759369614599493e-05
15;3,6372365180220316;1,7825835947685253;-3,62334170959386;-1,7730033152656604;0,01389480842817159;0,009580279502864997;0,2352355338476592;0,23523553384765916;0,2352355338476592;0,9941508250167788;-0,049986516177762216;0,9900539529233983;-0,0853226745646253;2,352355338476592e-05
16;3,3613374514029957;1,642590228916238;-3,344713940475047;-1,6311286264020313;0,01662351092794845;0,011461602514206692;0,21938478110255322;0,2193847811025532;0,21938478110255322;0,984567692086348;-0,13304523452206976;0,9793131191326995;-0,1792238724669402;2,193847811025532e-05
17;2,499675080472997;1,2237104717276424;-2,4695522723048127;-1,2029415433568045;0,030122808168184356;0,02076892837083788;0,1606843990202904;0,1606843990202904;0,1606843990202904;1,0;0,0;0,9869997921477676;-0,11282060307906044;1,606843990202904e-05
18;2,44845220102998;1,192941482993371;-2,422485221537309;-1,1750377375949468;0,025966979492670905;0,01790374539842432;0,15931861883327314;0,15931861883327308;0,15931861883327314;0,9869997921477676;-0,11282060307906044;0,9757000631605967;-0,21329492786826879;1,5931861883327315e-05
19;-2,8092829955149012;-1,3708273016497055;2,8174913714339773;1,3777565988310432;0,008208375919076083;0,0069292971813377235;0,18625677160078066;0,1862567716007806;0,18625677160078066;0,9689516512989192;-0,3213960514915436;0,9721806142168519;-0,27339091280751426;1,8625677160078067e-05
20;-3,1983238245470433;-1,5643533690736346;3,207173906283813;1,5718247546206763;0,0088500817367696;0,007471385547041631;0,2109227862042357;0,21092278620423574;0,21092278620423574;0,9745747500657147;-0,2379622263987858;0,9776497642431098;-0,19267494306958244;2,1092278620423574e-05
21;-2,755576202987964;-1,3419378507263298;2,76018231941198;1,3458268351994636;0,0046061164240160934;0,003888984473133794;0,18297417721543263;0,18297417721543266;0,18297417721543266;0,9671075809909357;-0,34900489058848283;0,9689516512989192;-0,3213960514915436;1,8297417721543266e-05
22;1,655233258085019;0,8056574620659944;-1,643453846322177;-0,7975360085461433;0,01177941176284203;0,008121453519851163;0,10628391356571586;0,10628391356571583;0,10628391356571586;1,0;0,0;0,9923165021007505;-0,06734622039619523;1,0628391356571586e-05
23;1,9230095395404874;0,9318299539964414;-1,9099915525508733;-0,9228544882744641;0,013017986989614094;0,008975465721977272;0,12337304881711034;0,12337304881711035;0,12337304881711035;1,0;0,0;0,9926867227110621;-0,06483529686935965;1,2337304881711036e-05
24;1,8878909351638489;0,9128540626168227;-1,8852812847179408;-0,9110547960987136;0,002609650445908107;0,0017992665181090217;0,1219626522447246;0,12196265224472459;0,1219626522447246;0,9926867227110621;-0,06483529686935965;0,9912038025960191;-0,07807452334771178;1,219626522447246e-05
25;-3,0657030928843287;-1,4977648554297383;3,072323824684596;1,5033533689511922;0,006620731800267343;0,005588513521453953;0,20262971613789443;0,20262971613789443;0,20262971613789443;0,9721806142168519;-0,27339091280751426;0,9745747500657147;-0,2379622263987858;2,0262971613789445e-05
26;-1,8687097806325752;-0,9025925094512345;1,8722812847185302;0,905054796098613;0,0035715040859549685;0,0024622866473784644;0,12112880888110174;0,12112880888110172;0,12112880888110174;0,9891604218869949;-0,0963650892514698;0,9912038025960191;-0,07807452334771178;1,2112880888110173e-05
27;-2,625029064559226;-1,277803059555556;2,6295762032632535;1,2809378502090865;0,004547138704027454;0,003134790653530395;0,1746170279332022;0,17461702793320222;0,17461702793320222;0,9653020917939258;-0,3652322784136295;0,9671075809909357;-0,34900489058848283;1,746170279332022e-05
28;-2,6159021190741467;-1,271579597847291;2,624929064924547;1,2778030591469287;0,009026945850400203;0,006223461299637689;0,17461165022210054;0,1746116502221005;0,17461165022210054;0,9617179171495253;-0,3976303848517005;0,9653020917939258;-0,3652322784136295;1,7461165022210053e-05
29;1,2027117937634468;0,5829557256957355;-1,2014112245643283;-0,5818578092909573;0,0013005691991185842;0,0010979164047781875;0,07815164204486472;0,07815164204486469;0,07815164204486472;0,9873813311231451;-0,11109213109484543;0,9861630140407524;-0,1291498028179398;7,815164204486472e-06
30;1,1604112245644214;0,5618578092912676;-1,1590132602013314;-0,5606775985164618;0,0013979643630899208;0,00118021077480579;0,07548094326749978;0,07548094326749978;0,07548094326749978;0,9861630140407524;-0,1291498028179398;0,9848072513323406;-0,14930994825426963;7,548094326749979e-06
31;1,5174538463223943;0,7365360085459254;-1,514391101390879;-0,7344244481723861;0,00306274493151526;0,002111560373539323;0,09813905119546416;0,09813905119546416;0,09813905119546416;0,9923165021007505;-0,06734622039619523;0,9901531734005216;-0,08648633267811574;9,813905119546417e-06
32;4,253655351919432;2,0873549918906926;-4,236040681783759;-2,0752110582849106;0,017614670135672306;0,012143933605782031;0,27657259651853944;0,2765725965185394;0,27657259651853944;0,9891098744883223;-0,09327797011398166;0,9846922479541925;-0,1314438732484493;2,7657259651853942e-05
33;3,286713238504444;1,603128142016876;-3,2766223790790616;-1,5961703710437305;0,010090859425382348;0,006957770973145427;0,21558779189229302;0,21558779189229296;0,21558779189229302;0,9793131191326995;-0,1792238724669402;0,9760675434420274;-0,2079885394011716;2,1558779189229302e-05
34;2,786436115580215;1,3590419469132178;-2,785551369954066;-1,3584316035793293;0,0008847456261489306;0,0006103433338884301;0,18337865714056606;0,1833786571405661;0,1833786571405661;0,9760675434420274;-0,2079885394011716;0,9757329444620939;-0,21095995352684663;1,8337865714056608e-05
35;2,7854513699756924;1,3584316035683774;-2,7853404048971515;-1,3583549367868404;0,00011096507854091442;7,66667815370603e-05;0,18337333878189063;0,18337333878189066;0,18337333878189066;0,9757329444620939;-0,21095995352684663;0,975690961637668;-0,2113346987644223;1,8337333878189064e-05
36;2,776340404903425;1,354354936741347;-2,773592893457168;-1,3524604469079191;0,002747511446256734;0,0018944898334278815;0,18279091637189152;0,18279091637189154;0,18279091637189154;0,975690961637668;-0,2113346987644223;0,9746486689042606;-0,22058316346593967;1,8279091637189152e-05
37;2,316538774576417;1,1242665516328256;-2,3131106593535584;-1,1219027560846295;0,0034281152228587963;0,0023637955481961015;0,15051491545922746;0,15051491545922743;0,15051491545922746;0,9877051386121463;-0,25862459847203295;0,986126273851955;-0,2726609851577461;1,5051491545922747e-05
38;1,1165396049066771;0,543121263032873;-1,1130460913399185;-0,5407126025162569;0,0034935135667586437;0,0024086605166161457;0,07168545635119168;0,07168545635119167;0,07168545635119168;1,0;0,0;0,9966213693385275;-0,029533450032944133;7,168545635119169e-06
39;2,730592601468787;1,3314602451225581;-2,713192555753851;-1,319463831694974;0,017400045714935697;0,011996413427584063;0,1799561836103681;0,17995618361036805;0,1799561836103681;0,9746486689042606;-0,22058316346593967;0,9679446510675116;-0,28053203901417356;1,799561836103681e-05
40;1,396386295103608;0,6774203905836175;-1,3947698736265988;-0,6763059221507687;0,0016164214770091334;0,001114468432848792;0,09049753200181512;0,09049753200181512;0,09049753200181512;0,9901531734005216;-0,08648633267811574;0,9889150392709474;-0,0974709663218273;9,049753200181513e-06
41;1,394669873619452;0,6763059221512822;-1,3945981392713476;-0,6762562977049906;7,173434810447965e-05;4,962444629152962e-05;0,09049227880501706;0,09049227880501706;0,09049227880501706;0,9889150392709474;-0,0974709663218273;0,9888600439462815;-0,09796454616354953;9,049227880501706e-06
42;1,1129460913399567;0,5407126025163289;-1,112585553837078;-0,5404639719083153;0,0003605375028787883;0,00024863060801361136;0,07168024564334066;0,07168024564334065;0,07168024564334066;0,9966213693385275;-0,029533450032944133;0,9962726575536136;-0,03259444766106532;7,168024564334067e-06
43;1,1124855538372644;0,5404639719081571;-1,1108919601620457;-0,5391185103235674;0,0015935936752187185;0,0013454615845897022;0,07167503306581599;0,07167503306581598;0,07167503306581599;0,9962726575536136;-0,03259444766106532;0,9946445396886651;-0,05643702558872113;7,167503306581599e-06
44;1,1107919601623608;0,5391185103238606;-1,1101572352198188;-0,5385827155617295;0,0006347249425420198;0,0005357947621310588;0,07166981099047916;0,07166981099047914;0,07166981099047916;0,9946445396886651;-0,05643702558872113;0,9939960938769619;-0,06595042964423994;7,166981099047916e-06
45;2,6900924928723797;1,30846378739787;-2,6790962025682794;-1,300882049151197;0,01099629030410032;0,007581738246672964;0,17843014100977134;0,17843014100977136;0,17843014100977136;0,9679446510675116;-0,28053203901417356;0,9636721443831888;-0,31916576503340416;1,7843014100977136e-05
46;2,263110659354077;1,097902756084062;-2,2598288602469583;-1,0956398501969569;0,003281799107118566;0,0022629058871050933;0,14726781048039242;0,14726781048039242;0,14726781048039242;0,986126273851955;-0,2726609851577461;0,9845815066153687;-0,2864300612998399;1,4726781048039242e-05
47;1,3625981392741964;0,6612562977035757;-1,3607117937628719;-0,6599557256957678;0,0018863455113244942;0,0013005720078079763;0,0884290507505458;0,08842905075054582;0,08842905075054582;0,9888600439462815;-0,09796454616354953;0,9873813311231451;-0,11109213109484543;8,842905075054581e-06
48;1,4015615284428122;0,681904989228741;-1,396056335052003;-0,6781093428963634;0,005505193390809238;0,0037956463323776113;0,08998831650731114;0,08998831650731115;0,08998831650731115;1,0;0,0;0,9957587216625431;-0,03708642226705755;8,998831650731114e-06
49;1,004157235219578;0,487582715561729;-1,0033615649254615;-0,4869108918722761;0,000795670294116535;0,0006718236894528995;0,064837413417473;0,064837413417473;0,064837413417473;0,9939960938769619;-0,06595042964423994;0,9930974666602299;-0,07914340924797833;6,4837413417473e-06
50;2,6789962029825825;1,3008820487027197;-2,673411001810367;-1,2970312396865817;0,005585201172215282;0,0038508090161379904;0,17842475164195898;0,17842475164195906;0,17842475164195906;0,9636721443831888;-0,31916576503340416;0,9615021765388012;-0,33891721480047643;1,7842475164195906e-05
51;1,3959563350520303;0,6781093428960178;-1,3953881714746503;-0,6777175310745923;0,0005681635773799876;0,00039181182142544735;0,0899831011465519;0,0899831011465519;0,0899831011465519;0,9957587216625431;-0,03708642226705755;0,9953209740642333;-0,04093416034092756;8,99831011465519e-06
52;-2,5778258319028327;-1,2529067864924588;2,5788009820349815;1,2535788133838948;0,0009751501321488831;0,0006720268914359728;0,17213603724679769;0,17213603724679769;0,17213603724679769;0,9613252206686256;-0,4011901159596203;0,9617179171495253;-0,3976303848517005;1,721360372467977e-05
53;1,8969467556743813;0,9187014011040768;-1,8943206108236836;-0,915603740686754;0,002626144850697676;0,003097660417322845;0,1249937793846934;0,12499377938469339;0,1249937793846934;0,9735555667277028;-0,5444238832101034;0,9718404715450167;-0,5891723656184615;1,2499377938469342e-05
54;-2,6130822643696985;-1,2632577031121355;2,6374110028169233;1,2800312387561272;0,02432873844722483;0,016773535643991755;0,17603430340148743;0,17603430340148743;0,17603430340148743;0,9519228111411195;-0,42710981336266696;0,9615021765388012;-0,33891721480047643;1,7603430340148743e-05
55;0,8310006849679371;0,4016669817208222;-0,8305285525209978;-0,401268458016308;0,00047213244693933287;0,0003985237045142087;0,05411056421175242;0,05411056421175243;0,05411056421175243;0,9848072513323406;-0,14930994825426963;0,9841686636459225;-0,15883518102571184;5,411056421175243e-06
56;0,8304285525219457;0,4012684580164054;-0,8301951231170221;-0,4010713866903528;0,00023342940492354636;0,00019707132605262245;0,05410528210429787;0,054105282104297873;0,054105282104297873;0,9841686636459225;-0,15883518102571184;0,9838528953397777;-0,16355073009982943;5,410528210429787e-06
57;0,801095060552653;0,38707133387490217;-0,8004118924457169;-0,38649455811978856;0,0006831681069361384;0,0005767757551136121;0,0522102687751484;0,05221026877514838;0,0522102687751484;0,9838528953397777;-0,16355073009982943;0,9828952257165079;-0,177868565043112;5,22102687751484e-06
58;-3,825139665793242;-1,874763248398928;3,833040681864623;1,880211058195469;0,00790101607138105;0,0054478097965409145;0,25032322782098476;0,2503232278209847;0,25032322782098476;0,9825028745133061;-0,1504284528107416;0,9846922479541925;-0,1314438732484493;2,5032322782098478e-05
59;0,8881356165874118;0,43113132503379514;-0,887594750297559;-0,43049338274256593;0,0005408662898528371;0,0006379422912292099;0,057727891765540953;0,05772789176554095;0,057727891765540953;0,987370266425551;-0,2577475380494068;0,9866050730493671;-0,2773615084491848;5,772789176554096e-06
60;0,5403313586857299;0,26222846392393456;-0,5400834021636418;-0,26205749375398324;0,0002479565220880886;0,0001709701699513233;0,03505750433363627;0,035057504333636275;0,035057504333636275;0,9891098744883223;-0,09327797011398166;0,9886195696449969;-0,09762577863270634;3,5057504333636275e-06
61;-0,0011000000069343757;-5,281097589199626e-12;0,0011000030493201521;2,5737629448153743e-09;3,0423857764680373e-09;2,5684818472261747e-09;6,671623467819048e-05;6,67162346781905e-05;6,67162346781905e-05;0,9519201783127027;-0,4272435976906794;0,9519228111411195;-0,42710981336266696;6,6716234678190495e-09
62;-2,158424749644528;-1,0479432131310593;2,1603836522967943;1,0492937021819628;0,001958902652266392;0,001350489050903514;0,14496901001262083;0,14496901001262083;0,14496901001262083;0,9555681140728941;-0,4536710647845605;0,9565048366582213;-0,44509940307657364;1,4496901001262084e-05
63;3,2968164082137097;1,6170243501772565;-3,2892739062540097;-1,6118247545586584;0,007542501959699965;0,005199595618598174;0,21631601225523975;0,21631601225523978;0,21631601225523978;0,9800682290325333;-0,1716074695286306;0,9776497642431098;-0,19267494306958244;2,1631601225523977e-05
64;1,0393680321446765;0,5057013131092737;-1,0379735688189713;-0,5045239760847661;0,001394463325705253;0,0011773370245076187;0,0670475096839622;0,06704750968396221;0,06704750968396221;0,9953209740642333;-0,04093416034092756;0,9937977377310291;-0,06320453287114992;6,7047509683962214e-06
65;-2,0982129252833346;-1,018729068487366;2,101424749884919;1,02094321297355;0,003211824601584201;0,0022141444861840665;0,14115844402355202;0,14115844402355204;0,14115844402355204;0,9539908074488487;-0,46811531669392054;0,9555681140728941;-0,4536710647845605;1,4115844402355204e-05
66;0,5799140105460553;0,2814922671255925;-0,5795556733705505;-0,2812452203468098;0,00035833717550481925;0,000247046778782678;0,037693353895566974;0,037693353895566974;0,037693353895566974;0,987370266425551;-0,2577475380494068;0,9867112618239724;-0,26359724611673263;3,769335389556697e-06
67;0,8013615649254457;0,38891089187245936;-0,8009855416797926;-0,3885934362183413;0,00037602324565311207;0,00031745565411805954;0,05178480741573041;0,05178480741573042;0,05178480741573042;0,9930974666602299;-0,07914340924797833;0,9925657852462346;-0,08695790582524582;5,178480741573042e-06
68;0,8008855416797914;0,38859343621799963;-0,800568391487109;-0,38832567233480425;0,00031715019268241385;0,00026776388319538214;0,05177957409573685;0,05177957409573685;0,05177957409573685;0,9925657852462346;-0,08695790582524582;0,9921173057579379;-0,09355547988337803;5,1779574095736855e-06
69;0,328083360084092;0,1590574647512391;-0,3280177322685739;-0,15901222576379592;6,562781551811003e-05;4,5238987443185774e-05;0,02129289380403309;0,021292893804033087;0,02129289380403309;0,9886195696449969;-0,09762577863270634;0,9884059362068468;-0,09952410932736287;2,129289380403309e-06
70;0,782468376421327;0,3793256619701434;-0,7824504003521908;-0,3793105282709132;1,79760691362274e-05;1,5133699230174269e-05;0,05060329642572724;0,05060329642572724;0,05060329642572724;0,9921173057579379;-0,09355547988337803;0,9920913184541357;-0,093936089605315;5,060329642572724e-06
71;-0,5200515140650449;-0,25203551371948785;0,5205882343103753;0,2524055875266945;0,0005367202453303577;0,00037007380720666117;0,03381842196426665;0,03381842196426664;0,03381842196426665;0,9866050262950475;-0,2684241293849244;0,9877051386121463;-0,25862459847203295;3,3818421964266646e-06
72;0,9229735688189077;0,44852397608465056;-0,9223351048223073;-0,44798499219974486;0,0006384639966003913;0,0005389838849056972;0,05961652844861466;0,059616528448614675;0,059616528448614675;0,9937977377310291;-0,06320453287114992;0,9930134880262539;-0,07469945728637892;5,961652844861468e-06
73;-1,4829705408316165;-0,7182200502697269;1,4853092539402228;0,7198324095415803;0,0023387131086063384;0,0016123592718534363;0,10077675373470632;0,10077675373470632;0,10077675373470632;0,9439897038622548;-0,5605442084089787;0,9455982391746225;-0,5455576232030442;1,0077675373470631e-05
74;0,0;0,0;0,0;0,0;0,0;0,0;;;;;;;;
75;-0,000100000000032007;-1,970883434981578e-14;0,00010000003176554868;2,1898406235544714e-11;3,173354168415493e-11;2,18786974011949e-11;5,845372571407017e-06;5,845372571407016e-06;5,845372571407017e-06;0,9877048251784001;-0,25863713403827077;0,9877051386121463;-0,25862459847203295;5,845372571407017e-10
76;1,7625167555700882;0,8526009538029973;-1,760439887641915;-0,8511690229742702;0,0020768679281732982;0,0014319308287270571;0,11631510151883258;0,11631510151883259;0,11631510151883259;0,9718404715450167;-0,5891723656184615;0,9706029647444427;-0,6004423574350121;1,163151015188326e-05
77;0,5184128426949071;0,251436916215111;-0,5182481165941798;-0,2512425871629487;0,0001647261007272638;0,0001943290521622676;0,03371685175065621;0,033716851750656224;0,033716851750656224;0,9866050730493671;-0,2773615084491848;0,9862060819840776;-0,2876045768555221;3,371685175065622e-06
78;0,2020177322693341;0,0980122257660809;-0,20200000000104182;-0,09799999999670246;1,7732268292269815e-05;1,2225769378440554e-05;0,013115804719971076;0,013115804719971074;0,013115804719971076;0,9884059362068468;-0,09952410932736287;0,9883122173381458;-0,10035587306088681;1,3115804719971076e-06
79;-0,8040744924770509;-0,39076493577518306;0,8043351048222354;0,39098499219985944;0,0002606123451844855;0,00022005642467637365;0,05199738487526998;0,051997384875269996;0,051997384875269996;0,9926464207576611;-0,0800815274158454;0,9930134880262539;-0,07469945728637892;5,199738487527e-06
80;-0,9311463491745932;-0,4507903265812879;0,9315663993857302;0,4510799744643159;0,0004200502111370019;0,00028964788302798805;0,06069334053249684;0,060693340532496844;0,060693340532496844;0,9841017964861954;-0,2907295168267412;0,9845815066153687;-0,2864300612998399;6,069334053249684e-06
81;0,43624811659385854;0,2112425871629938;-0,43615695417595424;-0,21114975802361755;9,116241790430024e-05;9,282913937624926e-05;0,02837568422224847;0,028375684222248468;0,02837568422224847;0,9862060819840776;-0,2876045768555221;0,9859568271939808;-0,2927856568233861;2,837568422224847e-06
82;0,580450400356873;0,2813105282714345;-0,5803345333183076;-0,28123063454546277;0,00011586703856536484;7,989372597172473e-05;0,03753745360013436;0,037537453600134364;0,037537453600134364;0,9920913184541357;-0,093936089605315;0,9918773577020358;-0,09583411824565018;3,753745360013437e-06
83;0,9995009161975471;0,4832126954844804;-0,99902418861425;-0,48281023131358847;0,0004767275832970874;0,0004024641708919585;0,06733339335815582;0,06733339335815582;0,06733339335815582;0,9519228111411195;-0,42710981336266696;0,9514045980220694;-0,4351054961351378;6,733339335815582e-06
84;0,39915695417579705;0,19314975802381987;-0,3990806158323306;-0,19307202398726933;7,633834346643109e-05;7,773403655053635e-05;0,02596628326673716;0,02596628326673716;0,02596628326673716;0,9859568271939808;-0,2927856568233861;0,9857287584323964;-0,29753146515542767;2,596628326673716e-06
85;-1,309500063726203;-0,6335857680672861;1,311852861095535;0,6352078608123396;0,002352797369331805;0,0016220927450535383;0,08914460421021494;0,08914460421021496;0,08914460421021496;0,9421604219087911;-0,5776608631283454;0,9439897038622548;-0,5605442084089787;8,914460421021495e-06
86;-0,7235750003331495;-0,35134324471135914;0,7240744924768764;0,3517649357746347;0,0004994921437269095;0,0004216910632755533;0,04682090613582852;0,046820906135828524;0,046820906135828524;0,9918652095359928;-0,09155213623939372;0,9926464207576611;-0,0800815274158454;4,682090613582853e-06
87;0,6603953065758026;0,3192725183244475;-0,6601999533277111;-0,319137849276827;0,000195353248091501;0,0001346690476204948;0,044488907590494876;0,04448890759049486;0,044488907590494876;0,9519228111411195;-0,42710981336266696;0,9516185007968957;-0,4299394120821502;4,448890759049487e-06
88;0,00010000000588049527;5,021736354754364e-12;-0,00010000000007383478;-1,2007789866732644e-13;5,806660490978444e-12;4,901658456087038e-12;5,905492173750614e-06;5,905492173750613e-06;5,905492173750614e-06;0,9776497642431098;-0,19267494306958244;0,9776497074743093;-0,19267775151283478;5,905492173750614e-10
89;1,3465903588962127;0,653162611111513;-1,33197055589286;-0,6430828295031463;0,014619803003352638;0,010079781608366645;0,08935244235831558;0,08935244235831556;0,08935244235831558;0,9670521084750114;-0,2912992418861589;0,955711773091606;-0,3954576971694005;8,935244235831558e-06
90;0,8750860397172067;0,4237724863027258;-0,8747508398164148;-0,42348944947395245;0,00033519990079189377;0,000283036828773342;0,058970654859664524;0,058970654859664524;0,058970654859664524;0,9519228111411195;-0,42710981336266696;0,9515066755510658;-0,4335147650161836;5,897065485966453e-06
91;1,0690088846752457;0,5172471610737609;-1,067665496448442;-0,5163209150710312;0,0013433882268036879;0,0009262460027297248;0,06931579129433262;0,0693157912943326;0,06931579129433262;0,9891604218869949;-0,0963650892514698;0,9878171839256087;-0,10837830553077249;6,931579129433261e-06
92;1,0852616525989034;0,5265593184287801;-1,084542980192647;-0,5260638427368313;0,0007186724062564487;0,0004954756919488545;0,0707339297724564;0,0707339297724564;0,0707339297724564;0,9845815066153687;-0,2864300612998399;0,9838772127685995;-0,29270719156296204;7,0733929772456406e-06
93;0,32108061583100284;0,1550720239866087;-0,32104239507857907;-0,15503975682622628;3,8220752423767657e-05;3,226716038240429e-05;0,020884458075563033;0,020884458075563033;0,020884458075563033;0,9857287584323964;-0,29753146515542767;0,9855948191341298;-0,29952964734514803;2,0884458075563033e-06
94;0,0;0,0;0,0;0,0;0,0;0,0;;;;;;;;
95;-0,20200000000005838;-0,09799999999989525;0,20205151406500535;0,09803551371958408;5,1514064946966975e-05;3,551371968882333e-05;0,013142119256602906;0,013142119256602906;0,013142119256602906;0,9863333144298964;-0,2708392720651051;0,9866050262950475;-0,2684241293849244;1,3142119256602906e-06
96;0,4543345333192915;0,2202306345455665;-0,4541545788682439;-0,22010657091538416;0,00017995445104762586;0,00012406363018233058;0,029388982085931607;0,029388982085931607;0,029388982085931607;0,9918773577020358;-0,09583411824565018;0,9914529305920596;-0,09959704319591049;2,9388982085931604e-06
97;1,5134398876747983;0,7321690229658375;-1,50740821642089;-0,7280104912253426;0,006031671253908355;0,004158531740494964;0,10000639398143044;0,10000639398143042;0,10000639398143044;0,9706029647444427;-0,6004423574350121;0,9664230416439632;-0,6386643612742757;1,0000639398143043e-05
98;1,5073082164619078;0,7280104911872676;-1,506101891987172;-0,727178874314856;0,001206324474735787;0,0008316168724116224;0,10000101444960922;0,10000101444960922;0,10000101444960922;0,9664230416439632;-0,6386643612742757;0,9655870881094282;-0,6463449814355955;1,0000101444960922e-05
99;-0,25315150276818477;-0,12310445436728713;0,25328706898799946;0,12319791693023227;0,00013556621981469785;9,346256294513744e-05;0,01691702732205417;0,016917027322054166;0,01691702732205417;0,9607018437822433;-0,40685331178474804;0,9612574181314802;-0,4018154775283595;1,691702732205417e-06
100;-0,5127112513614522;-0,24842142066713668;0,5128490340181732;0,2485164053785097;0,0001377826567209306;9,498471137300846e-05;0,03379633554768824;0,03379633554768823;0,03379633554768824;0,9732729897363677;-0,5469776562182117;0,9735555667277028;-0,5444238832101034;3,379633554768824e-06
101;-0,24805187642722473;-0,12003576670572787;0,248151502772724;0,12010445436879695;9,962634549925964e-05;6,868766306908358e-05;0,01656798460921935;0,01656798460921935;0,01656798460921935;0,9602850747773015;-0,41068406191010853;0,9607018437822433;-0,40685331178474804;1,6567984609219349e-06
102;-2,2994930696239355;-1,1163001949348725;2,310221072664955;1,1236966752634467;0,010728003041019285;0,0073964803285742065;0,15428899060521153;0,15428899060521153;0,15428899060521153;0,9565048366582213;-0,44509940307657364;0,9613252206686256;-0,4011901159596203;1,5428899060521152e-05
103;1,6626496651147995;0,8080283829512764;-1,662059167573732;-0,8076213165612642;0,0005904975410675473;0,0004070663900122007;0,109386938671503;0,10938693867150298;0,109386938671503;0,9757000631605967;-0,21329492786826879;0,9753258347714833;-0,21664394408054855;1,09386938671503e-05
104;-0,7286708896477578;-0,3524625589566317;0,7291463491755413;0,352790326582083;0,000475459527783495;0,0003277676254512807;0,0475214264136104;0,0475214264136104;0,0475214264136104;0,9834083833093592;-0,2969561308105702;0,9841017964861954;-0,2907295168267412;4,75214264136104e-06
105;0,37315457886842907;0,18110657091551224;-0,3730330253868974;-0,18102276989757507;0,00012155348153164436;8,380101793717398e-05;0,024153882473607547;0,024153882473607544;0,024153882473607547;0,9914529305920596;-0,09959704319591049;0,9911040806898369;-0,10268085297409907;2,4153882473607547e-06
106;-0,44854816139428577;-0,21730898465310444;0,4487112513615772;0,21742142067175207;0,00016308996729141878;0,00011243601864763253;0,02957790236279108;0,02957790236279108;0,02957790236279108;0,9728908042764306;-0,5504340961294738;0,9732729897363677;-0,5469776562182117;2,957790236279108e-06
107;0,2675047596780039;0,12921011076353747;-0,2674873026560089;-0,12919807802408795;1,745702199501542e-05;1,2032739449524543e-05;0,017841705088444907;0,01784170508844491;0,01784170508844491;0,9613252206686256;-0,4011901159596203;0,9612574181314802;-0,4018154775283595;1,7841705088444912e-06
108;0,19904239507927338;0,09603975682677277;-0,19901037196930801;-0,09600715047285134;3,2023109965362284e-05;3,2606353921424414e-05;0,012945996985204189;0,012945996985204187;0,012945996985204189;0,9855948191341298;-0,29952964734514803;0,9854030065294713;-0,3035360279376254;1,2945996985204188e-06
109;-0,14800388329304706;-0,0710026772891023;0,14801646985352088;0,07101135574494499;1,2586560473815123e-05;8,678455842694999e-06;0,009660058462116991;0,009660058462116991;0,009660058462116991;0,9810949467476876;-0,19429280007152006;0,9811852065919375;-0,19346200053623291;9,660058462116991e-07
110;0,5777955729358788;0,28119412926342946;-0,5768357687233694;-0,2805323764274448;0,0009598042125094075;0,0006617528359846858;0,03757432288860545;0,03757432288860545;0,03757432288860545;0,987370266425551;-0,2577475380494068;0,9855992549943603;-0,273381246748886;3,7574322888605457e-06
111;-3,614816408111492;-1,771024350276581;3,6231396658723205;1,7767632483111044;0,00832325776082854;0,005738898034523432;0,23712998414373332;0,23712998414373337;0,23712998414373337;0,9800682290325333;-0,1716074695286306;0,9825028745133061;-0,1504284528107416;2,3712998414373335e-05
112;1,5940591675967608;0,774621316541488;-1,5908004230749317;-0,7723746352438364;0,00325874452182906;0,002246681297651598;0,10491267370866933;0,10491267370866934;0,10491267370866934;0,9753258347714833;-0,21664394408054855;0,9731725283818189;-0,23596813927183813;1,0491267370866936e-05
113;1,590700423143342;0,7723746351667397;-1,585511196579144;-0,7687969511908124;0,005189226564197957;0,0035776839759272816;0,10490733687008258;0,10490733687008258;0,10490733687008258;0,9731725283818189;-0,23596813927183813;0,9697436283180042;-0,2669156766318429;1,0490733687008259e-05
114;0,3542479664494913;0,17117095666441084;-0,3540913762562999;-0,17106299844427966;0,0001565901931914193;0,00010795822013118239;0,022997735676011023;0,022997735676011023;0,022997735676011023;0,9877051386121463;-0,25862459847203295;0,9872332676528212;-0,2628612333559867;2,2997735676011024e-06
115;0,517317543560502;0,24985904080589488;-0,5172061516060366;-0,24976498342261932;0,00011139195446541184;9,405738327555868e-05;0,03399467722037556;0,03399467722037556;0,03399467722037556;0,9757000631605967;-0,21329492786826879;0,9754602363964214;-0,21691105594165608;3,399467722037556e-06
116;0,5171061516070345;0,24976498342233555;-0,5169492189500402;-0,24963251950558818;0,00015693265699434633;0,0001324639167473718;0,03398934750005928;0,03398934750005927;0,03398934750005928;0,9754602363964214;-0,21691105594165608;0,975122342474602;-0,22200364617613297;3,398934750005928e-06
117;0,5168492189518942;0,24963251950416923;-0,5166164577180297;-0,24943599945080822;0,0002327612338645091;0,00019652005336101563;0,033984015899101154;0,03398401589910116;0,03398401589910116;0,975122342474602;-0,22200364617613297;0,9746210693842079;-0,22956694708841313;3,398401589910116e-06
118;-0,12600056582772087;-0,061000389935510435;0,12605187640264118;0,06103576685720651;5,1310574920304663e-05;3,537692169607726e-05;0,008420292045640113;0,008420292045640113;0,008420292045640113;0,9598627132031318;-0,41456366858574956;0,9602850747773015;-0,41068406191010853;8,420292045640113e-07
119;-0,3844635530023372;-0,18625065000764607;0,3845481613936618;0,1863089846577522;8,460839132462539e-05;5,8334650106128816e-05;0,0253578120096618;0,0253578120096618;0,0253578120096618;0,9726595326599039;-0,5525273661211983;0,9728908042764306;-0,5504340961294738;2,53578120096618e-06
120;1,0458619342836195;0,5060769053685691;-1,0452533912645965;-0,5056573103961379;0,0006085430190230223;0,00041959497243115873;0,06947128307583472;0,06947128307583472;0,06947128307583472;0,9655870881094282;-0,6463449814355955;0,9649799626813959;-0,6519029649138307;6,947128307583472e-06
121;-0,3773887236607118;-0,1831990641001897;0,37746355300291773;0,18325065000832075;7,482934220592874e-05;5,1585908131035474e-05;0,024906247521379092;0,024906247521379092;0,024906247521379092;0,9724512638240465;-0,5544020319757854;0,9726595326599039;-0,5525273661211983;2,490624752137909e-06
122;0,5515717081237532;0,2673409749188755;-0,5512018090121003;-0,2670859484613471;0,0003698991116529715;0,0002550264575283956;0,035678680491727004;0,03567868049172701;0,03567868049172701;0,9918652095359928;-0,09155213623939372;0,9911465871200624;-0,09792775131250674;3,5678680491727013e-06
123;-0,3771425518603304;-0,18309828033547845;0,37728872366177785;0,18319906409982592;0,0001461718014474367;0,00010078376434746739;0,024900906642920426;0,02490090664292042;0,024900906642920426;0,9720443243574157;-0,5580665493976619;0,9724512638240465;-0,5544020319757854;2,4900906642920427e-06
124;1,5555111966350985;0,7547969511349236;-1,5548140901319474;-0,7543163195650355;0,0006971065031511348;0,0004806315698880903;0,10293655366498487;0,10293655366498487;0,10293655366498487;0,9697436283180042;-0,2669156766318429;0,9692741781361194;-0,2711622822980427;1,0293655366498488e-05
125;-0,27100603217293917;-0,1310041580988238;0,27109137625631363;0,13106299844407593;8,53440833744612e-05;5,884034525213688e-05;0,017609487389608543;0,017609487389608543;0,017609487389608543;0,9868973842915283;-0,26587381695645157;0,9872332676528212;-0,2628612333559867;1,7609487389608542e-06
126;-0,2460170757826315;-0,11801177352264279;0,24608378395732325;0,11805776396026076;6,670817469175971e-05;4,5990437617965396e-05;0,01605551255217889;0,016055512552178887;0,01605551255217889;0,9811852065919375;-0,19346200053623291;0,9814730186767316;-0,19081383574434035;1,605551255217889e-06
127;0,7461730217851598;0,36073980282000506;-0,7455133271749798;-0,36028496549643346;0,0006596946101800061;0,00045483732357159967;0,05006814819951922;0,05006814819951922;0,05006814819951922;0,955711773091606;-0,3954576971694005;0,9547986228418619;-0,4039244545391692;5,0068148199519225e-06
128;0,24241801297708485;0,11715031370585352;-0,2423512173264548;-0,11710426034344923;6,679565063005821e-05;4,6053362404291365e-05;0,0159317745974084;0,0159317745974084;0,0159317745974084;0,9757000631605967;-0,21329492786826879;0,9754095019612968;-0,21593484619280834;1,5931774597408401e-06
129;0,24225121732691957;0,11710426034261298;-0,24216221603234644;-0,11704289693294831;8,900129457312111e-05;6,136340966467202e-05;0,015926445313378803;0,015926445313378803;0,015926445313378803;0,9754095019612968;-0,21593484619280834;0,9750222101557998;-0,2194523262266598;1,5926445313378805e-06
130;-0,07099999999997444;-0,03399999999980065;0,07100388329287693;0,034002677289120584;3,883292902490121e-06;2,677289319935605e-06;0,004632813131465988;0,004632813131465989;0,004632813131465989;0,9810368884392765;-0,194829534465896;0,9810949467476876;-0,19429280007152006;4,6328131314659885e-07
131;0,5027356694102593;0,24453229258361625;-0,5026228998780203;-0,24443709000276173;0,00011276953223893216;9,520258085451982e-05;0,03274848781979977;0,03274848781979976;0,03274848781979977;0,9855992549943603;-0,273381246748886;0,9853470592773872;-0,27710108830591;3,2748487819799767e-06
132;0,5025228998785172;0,2444370900030433;-0,5022504424379414;-0,24420708844979597;0,0002724574405758018;0,00023000155324734428;0,032743218639632254;0,032743218639632254;0,032743218639632254;0,9853470592773872;-0,27710108830591;0,9847376575902371;-0,28609375367002726;3,274321863963225e-06
133;-0,6022305086694593;-0,29115893103198837;0,602670889647449;0,2914625589566215;0,0004403809779897072;0,0003036279246331208;0,039302781215579195;0,039302781215579195;0,039302781215579195;0,9826318216728311;-0,30394627734587243;0,9834083833093592;-0,2969561308105702;3,9302781215579195e-06
134;0,8575383165359548;0,416060626871072;-0,8565264292626447;-0,41536294833371473;0,0010118872733101414;0,0006976785373572492;0,05593141102701894;0,05593141102701894;0,05593141102701894;0,9838772127685995;-0,29270719156296204;0,9826231143783362;-0,3039021059237191;5,593141102701894e-06
135;-9,999999981986072e-05;2,4173512033447814e-14;0,00010000000748413872;5,259708861034119e-12;7,664277998603412e-12;5,283882373067567e-12;6,065112659158949e-06;6,0651126591589475e-06;6,065112659158949e-06;0,951920105354898;-0,42724662513204803;0,9519201783127027;-0,4272435976906794;6,06511265915895e-10
136;0,43961645771723407;0,21243599945941333;-0,43935253906358873;-0,21221318947395654;0,0002639186536453342;0,00022280998545678998;0,02892338559366538;0,028923385593665384;0,028923385593665384;0,9746210693842079;-0,22956694708841313;0,9739532337544073;-0,23964064499514273;2,8923385593665383e-06
137;0,6134226080957887;0,2971876848368993;-0,6132935400444646;-0,2970987124401081;0,0001290680513241771;8,897239679117597e-05;0,039353433401324966;0,03935343340132497;0,03935343340132497;1,0;0,0;0,9997726803673762;-0,0020007473367535215;3,9353433401324975e-06
138;0,613193540044534;0,2970987124405757;-0,6127096859037239;-0,2967651192333856;0,0004838541408100916;0,0003335932071900638;0,03934823637107398;0,03934823637107398;0,03934823637107398;0,9997726803673762;-0,0020007473367535215;0,9989203551908377;-0,00951102974113792;3,934823637107398e-06
139;-0,04400000000997523;-0,02099999994265012;0,044000565808304554;0,02100039004163504;5,657983293202995e-07;3,9009898492037287e-07;0,002932586879384785;0,0029325868793847847;0,002932586879384785;0,9598493523541222;-0,41469099964391193;0,9598627132031318;-0,41456366858574956;2,932586879384785e-07
140;-0,6814481089740372;-0,33023999878681143;0,6817184329810505;0,33042637812954007;0,0002703240070133228;0,00018637934272863754;0,04532599715099555;0,04532599715099554;0,04532599715099555;0,9645665648460487;-0,6556718473756725;0,9649799626813959;-0,6519029649138307;4,532599715099555e-06
141;0,48586772822715246;0,2344603766777199;-0,48584019335213213;-0,23444139749690718;2,7534875020329697e-05;1,8979180812728202e-05;0,031688948562393744;0,03168894856239375;0,03168894856239375;0,9828952257165079;-0,177868565043112;0,9828350165823863;-0,1784130387604393;3,1688948562393747e-06
142;0,4857401933545633;0,23444139749764267;-0,4855860916978863;-0,23433514957019366;0,00015410165667700815;0,00010624792744901024;0,03168365808748516;0,031683658087485175;0,031683658087485175;0,9828350165823863;-0,1784130387604393;0,9824979683412236;-0,1814631785574062;3,1683658087485176e-06
143;1,4718140901649592;0,7143163195482148;-1,4691068163732837;-0,7124497450051168;0,0027072737916755685;0,0018665745430980207;0,09744848631055224;0,09744848631055225;0,09744848631055225;0,9692741781361194;-0,2711622822980427;0,9673483644160831;-0,28860950372689076;9,744848631055224e-06
144;1,4690068164098595;0,7124497449642414;-1,4685903586535547;-0,7121626112991555;0,0004164577563048333;0,00028713366508592575;0,09744311613688167;0,09744311613688168;0,09744311613688168;0,9673483644160831;-0,28860950372689076;0,9670521084750114;-0,2912992418861589;9,744311613688168e-06
145;-0,07710000001534116;-0,036999999920292355;0,07714747302823213;0,03703273097158793;4,747301289097228e-05;3,273105129557308e-05;0,0051696551331023004;0,0051696551331023004;0,0051696551331023004;0,9550756238605769;-0,40146313029405245;0,955711773091606;-0,3954576971694005;5,1696551331023e-07
146;0,0;0,0;0,0;0,0;0,0;0,0;;;;;;;;
147;-1,5353092527907521;-0,7438324105057837;1,5479200268409905;0,7525271165541014;0,01261077405023836;0,00869470604831768;0,104163034068542;0,104163034068542;0,104163034068542;0,9455982391746225;-0,5455576232030442;0,9539908074488487;-0,46811531669392054;1,04163034068542e-05
148;0,5002928994225904;0,2422019510776252;-0,5002209309333157;-0,24215231997794617;7,196848927470967e-05;4,963109967903723e-05;0,033638965799222105;0,0336389657992221;0,033638965799222105;0,9539908074488487;-0,46811531669392054;0,9538425127716014;-0,4694877104435637;3,3638965799222106e-06
149;0,16516221603116765;0,08004289694380952;-0,16511883136017363;-0,0800129840564744;4,338467099401777e-05;2,99128873351151e-05;0,01086790582332852;0,01086790582332852;0,01086790582332852;0,9750222101557998;-0,2194523262266598;0,9747455026866934;-0,22194970146600365;1,0867905823328522e-06
150;0,19427440090369102;0,09405129570587499;-0,19423242555792897;-0,09402235511180648;4,1975345762057525e-05;2,8940594068507797e-05;0,012629530389347445;0,012629530389347445;0,012629530389347445;0,9867112618239724;-0,26359724611673263;0,9864809015272769;-0,26565718504381464;1,2629530389347444e-06
151;0,16501883136017043;0,08001298405585294;-0,1650013656581326;-0,08000094142951879;1,7465702037838815e-05;1,2042626334154982e-05;0,010862575887441177;0,010862575887441177;0,010862575887441177;0,9747455026866934;-0,22194970146600365;0,9746340473763861;-0,22295452750419756;1,0862575887441176e-06
152;-0,3782608385685985;-0,18211088977111048;0,3784018495009081;0,18220811195954645;0,00014101093230961537;9,722218843596919e-05;0,02451358665616197;0,024513586656161972;0,024513586656161972;0,9887618527407984;-0,09997074883821933;0,9891604218869949;-0,0963650892514698;2,4513586656161972e-06
153;0,0;0,0;0,0;0,0;0,0;0,0;;;;;;;;
154;0,333281272466514;0,1621939246408025;-0,3330956016790038;-0,16206591085570662;0,00018567078751019483;0,00012801378509588734;0,02168783604068956;0,021687836040689565;0,021687836040689565;0,9867112618239724;-0,26359724611673263;0,9861177044331435;-0,26883434980026705;2,1687836040689567e-06
155;0,0;0,0;0,0;0,0;0,0;0,0;;;;;;;;
156;-0,2610479247104458;-0,1270330411755104;0,2611425518587598;0,12709828034531023;9,4627148313986e-05;6,523916979983557e-05;0,0172502072099424;0,0172502072099424;0,0172502072099424;0,9716639992510445;-0,5614708572416204;0,9720443243574157;-0,5580665493976619;1,7250207209942399e-06
157;0,4404859492597233;0,21233505132149827;-0,44045426728014175;-0,2123132033887455;3,1681979581532627e-05;2,1847932752783183e-05;0,028734937394916046;0,028734937394916043;0,028734937394916046;0,9824979683412236;-0,1814631785574062;0,9824215650955913;-0,18215728607287654;2,8734937394916047e-06
158;0,5595051649452054;0,2707620022390505;-0,5592320385067738;-0,2705736712216801;0,00027312643843158124;0,00018833101737042446;0,03592555745219696;0,03592555745219695;0,03592555745219696;0,9989203551908377;-0,00951102974113792;0,9983934160037831;-0,014172970919612962;3,5925557452196958e-06
159;0,6055253542120821;0,2933622069490049;-0,605114056213671;-0,293078630764054;0,0004112979984111087;0,00028357618495089554;0,03953378163802216;0,03953378163802217;0,03953378163802217;0,9826231143783362;-0,3039021059237191;0,9819019974524474;-0,3103680687185939;3,953378163802217e-06
160;0,1710330253864606;0,08302276989748306;-0,17100074719169012;-0,08300051516401612;3,227819477047422e-05;2,225473346693929e-05;0,011075024102837928;0,011075024102837927;0,011075024102837928;0,9911040806898369;-0,10268085297409907;0,9909020415015481;-0,10446685264219914;1,107502410283793e-06
161;0,16723242555770254;0,081022355111873;-0,16720000004910368;-0,08100000003371882;3,2425508598860064e-05;2,2355078154179253e-05;0,01087569937036453;0,010875699370364528;0,01087569937036453;0,9864809015272769;-0,26565718504381464;0,9862742471766196;-0,2675014913479653;1,087569937036453e-06
162;-0,00010000000001233202;-2,144672107033411e-14;0,00010000002354448204;1,6245732820990316e-11;2,353215002416989e-11;1,6224286099919982e-11;5,8739771037435734e-06;5,8739771037435734e-06;5,8739771037435734e-06;0,9828949944201701;-0,1778778608721118;0,9828952257165079;-0,177868565043112;5,873977103743573e-10
163;0,3683525390634964;0,17821318948242446;-0,36811792727429526;-0,17801513483831663;0,00023461178920114456;0,0001980546441078257;0,024256909026000376;0,024256909026000372;0,024256909026000376;0,9739532337544073;-0,23964064499514273;0,9732452776479166;-0,25030490483344353;2,4256909026000375e-06
164;-0,1450000000005645;-0,07000000000014105;0,14500603217276029;0,0700041580994216;6,0321721957745655e-06;4,158099280560101e-06;0,009419899841793667;0,009419899841793667;0,009419899841793667;0,986853009877902;-0,2662730955376738;0,9868973842915283;-0,26587381695645157;9,419899841793667e-07
165;0,0;0,0;0,0;0,0;0,0;0,0;;;;;;;;
166;-0,4221354538802258;-0,20309338862071596;0,4224542672805303;0,20331320338889516;0,00031881340030454064;0,00021981476817919954;0,02755238190019057;0,02755238190019056;0,02755238190019057;0,9816198483993741;-0,1894730871943327;0,9824215650955913;-0,18215728607287654;2,7552381900190567e-06
167;0,4956500614200246;0,23931029538356818;-0,4956015719062549;-0,23927686348898547;4,848951376967836e-05;3,3431894582713895e-05;0,03324984315049458;0,03324984315049458;0,03324984315049458;0,955711773091606;-0,3954576971694005;0,955610710829203;-0,3963971240581854;3,324984315049458e-06
168;-0,2021059976392004;-0,09800506307471317;0,20212025858466165;0,098017103937854;1,4260945461253005e-05;1,2040863140827529e-05;0,013088263757414575;0,013088263757414575;0,013088263757414575;0,9908223210896355;-0,10270221253522539;0,9909021004868673;-0,10152590020569581;1,3088263757414574e-06
169;-0,20200000000130558;-0,09800000000063064;0,2020059976382245;0,09800506307426252;5,997636918914084e-06;5,063073631877968e-06;0,013083020950219139;0,013083020950219139;0,013083020950219139;0,9907887554719773;-0,10319660314060346;0,9908223210896355;-0,10270221253522539;1,3083020950219137e-06
170;0,5452116379693877;0,2641458920659482;-0,5450026558128359;-0,2640018312920834;0,00020898215655174024;0,00014406077386480698;0,035408934407851866;0,035408934407851866;0,035408934407851866;0,9878171839256087;-0,10837830553077249;0,9874081148233734;-0,11202363963992745;3,5408934407851866e-06
171;0,44822093092168924;0,2171523200836862;-0,44813621995785596;-0,21709391941277187;8,471096383327881e-05;5,840067091433809e-05;0,030146615203929437;0,03014661520392944;0,03014661520392944;0,9538425127716014;-0,4694877104435637;0,9536477470529484;-0,4712853695402073;3,014661520392944e-06
172;-0,377120258584594;-0,18301710393760934;0,3772018090123233;0,18308594846152304;8,155042772928223e-05;6,884452391370255e-05;0,024423785658617705;0,024423785658617702;0,024423785658617705;0,9909021004868673;-0,10152590020569581;0,9911465871200624;-0,09792775131250674;2,4423785658617707e-06
173;0,34825044243771847;0,16920708844972238;-0,34811045912866745;-0,1690889026520752;0,0001399833090510172;0,00011818579764716342;0,022700387622237174;0,022700387622237174;0,022700387622237174;0,9847376575902371;-0,28609375367002726;0,9842860723360568;-0,29277469655357014;2,2700387622237176e-06
174;0,06301431124382836;0,030009866428281337;-0,06300241953911755;-0,030001667686540515;1,1891704710817463e-05;8,198741740822468e-06;0,004287327894960779;0,00428732789496078;0,00428732789496078;0,9398950632791138;-0,5989907126573265;0,9397030114603199;-0,6008702550372139;4,2873278949607793e-07
175;0,4633026172045725;0,22422980580404692;-0,46316584639551595;-0,22411433776542114;0,00013677080905655226;0,0001154680386257767;0,031231419700324243;0,031231419700324243;0,031231419700324243;0,9515066755510658;-0,4335147650161836;0,951186104639519;-0,43845353686425853;3,123141970032424e-06
176;-0,37008425613179646;-0,17805808948859436;0,37013545388013064;0,17809338862014074;5,119774833417523e-05;3,529913154637354e-05;0,0241588423111082;0,0241588423111082;0,0241588423111082;0,9814730186767316;-0,19081383574434035;0,9816198483993741;-0,1894730871943327;2,41588423111082e-06
177;0,4911279113568028;0,23757082578118424;-0,49091073577987526;-0,23742107526306355;0,00021717557692751965;0,0001497505181206893;0,03154917962904004;0,03154917962904004;0,03154917962904004;0,9983934160037831;-0,014172970919612962;0,997916313111108;-0,01840067950507287;3,1549179629040038e-06
178;-0,1840219223176999;-0,09001511340490298;0,18404792470976158;0,09003304118274032;2,6002392061685864e-05;1,7927777837337122e-05;0,012174253531624045;0,012174253531624046;0,012174253531624046;0,9715158695451469;-0,5627792584269962;0,9716639992510445;-0,5614708572416204;1,2174253531624045e-06
179;0,2470956016790583;0,12006591085575183;-0,24702467986397414;-0,12001701531679033;7,09218150841684e-05;4,889553896149368e-05;0,0160843574740137;0,016084357474013697;0,0160843574740137;0,9861177044331435;-0,26883434980026705;0,9858120244954054;-0,2715428138945237;1,60843574740137e-06
180;0,47581057286269207;0,23042096294558106;-0,4756115583392233;-0,2302837492937353;0,0001990145234687657;0,00013721365184576895;0,03058637546782176;0,030586375467821756;0,03058637546782176;0,997916313111108;-0,01840067950507287;0,9974653257162466;-0,022385780791589503;3,058637546782176e-06
181;-0,1680016145065621;-0,08200111312848736;0,16802192231708238;0,08201511340639481;2,0307810520286962e-05;1,4000277907447178e-05;0,011111221391307463;0,011111221391307465;0,011111221391307465;0,9713891315735382;-0,5639050781658198;0,9715158695451469;-0,5627792584269962;1,1111221391307465e-06
182;0,0;0,0;0,0;0,0;0,0;0,0;;;;;;;;
183;0,05100136565424746;0,025000941447137864;-0,051000000001232206;-0,02499999999223652;1,365653015256152e-06;9,414549013431195e-07;0,0033646703418844207;0,0033646703418844202;0,0033646703418844207;0,9746340473763861;-0,22295452750419756;0,9746058953726775;-0,22320091132474845;3,364670341884421e-07
184;-0,40300000000001934;-0,19499999999913326;0,4031140562133167;0,19507863076445586;0,00011405621329735327;7,863076532260704e-05;0,026332356375061504;0,026332356375061504;0,026332356375061504;0,9816017983590168;-0,313067816814821;0,9819019974524474;-0,3103680687185939;2,6332356375061505e-06
185;0,13900941787901475;0,06700649216497383;-0,13900085451168737;-0,06700058890749709;8,563367327379945e-06;5,903257476735924e-06;0,009314589294864183;0,009314589294864183;0,009314589294864183;0,9565048366582213;-0,44509940307657364;0,9564411348143527;-0,4456932661610243;9,314589294864184e-07
186;-0,02800000000062481;-0,013999999995286849;0,028000702144823236;0,014000484169237092;7,021441984257637e-07;4,841739502433468e-07;0,0018456211325368654;0,0018456211325368654;0,0018456211325368654;0,9792866998961923;-0,17944175728362174;0,9793131191326995;-0,1792238724669402;1,8456211325368652e-07
187;-0,8244928288175858;-0,39827083100721805;0,8263313607540332;0,3995384044401725;0,0018385319364474517;0,0012675734329544719;0,056245493490335405;0,056245493490335405;0,056245493490335405;0,9398950632791138;-0,5989907126573265;0,9421604219087911;-0,5776608631283454;5,62454934903354e-06
188;0,5156852274670966;0,24956533873897327;-0,515399245532836;-0,24932392023785666;0,0002859819342605485;0,00024141850111661367;0,034765841978613536;0,034765841978613536;0,034765841978613536;0,9514045980220694;-0,4351054961351378;0,9508024675741297;-0,44438527109900094;3,4765841978613534e-06
189;0,49523050866985546;0,23915893103236974;-0,49513205845194547;-0,2390910526924999;9,845021790999553e-05;6,787833986984793e-05;0,03231286922828325;0,032312869228283254;0,032312869228283254;0,9826318216728311;-0,30394627734587243;0,9824206783439297;-0,3058543682853241;3,2312869228283255e-06
190;0,3531362199292698;0,1710939196144446;-0,35301555241704297;-0,17101072049067823;0,00012066751222683525;8,319912376636429e-05;0,0237564297384184;0,0237564297384184;0,0237564297384184;0,9536477470529484;-0,4712853695402073;0,953295673372572;-0,47453694332117086;2,37564297384184e-06
191;0,40633896115195905;0,19624489269397713;-0,40626668285049133;-0,19618386218296505;7,227830146772085e-05;6,1030511012083455e-05;0,02738343837139567;0,027383438371395678;0,027383438371395678;0,9514045980220694;-0,4351054961351378;0,9512114134212853;-0,4380929144477801;2,7383438371395675e-06
192;0,0;0,0;0,0;0,0;0,0;0,0;;;;;;;;
193;0,00010000000400793917;3,712944974538521e-12;-9,999999998995067e-05;-3,2035313734920043e-13;4,017988497256528e-12;3,3925918371893206e-12;5,939138042234155e-06;5,939138042234156e-06;5,939138042234156e-06;0,9721112528852571;-0,27419683503619613;0,9721112138259396;-0,27419877884804966;5,939138042234155e-10
194;0,2761104591284521;0,13408890265218265;-0,2760280793838222;-0,13401935979374222;8,237974462993458e-05;6,954285844043562e-05;0,018004549221371725;0,018004549221371718;0,018004549221371725;0,9842860723360568;-0,29277469655357014;0,9839510310072815;-0,29773584296518574;1,8004549221371722e-06
195;0,4195093574883884;0,20328223181326854;-0,4193792242832072;-0,20319250586380824;0,0001301332051812376;8,972594946030088e-05;0,026982562177041317;0,026982562177041314;0,026982562177041317;0,9974653257162466;-0,022385780791589503;0,9971310276824007;-0,025336329306150752;2,6982562177041317e-06
196;-0,4873212994153037;-0,2361525787592662;0,4874481089683515;0,23623999882418736;0,00012680955304777974;8,74200649211565e-05;0,03242263610358331;0,03242263610358331;0,03242263610358331;0,9642954713246815;-0,6581437613955022;0,9645665648460487;-0,6556718473756725;3,242263610358331e-06
197;0,0;0,0;0,0;0,0;0,0;0,0;;;;;;;;
198;-0,4090387821932822;-0,19802674039829563;0,40918626359225474;0,1981284240283315;0,00014748139897252655;0,00010168363003587588;0,026891647932225635;0,026891647932225638;0,026891647932225638;0,97568742025777;-0,2114237406433863;0,9760675434420274;-0,2079885394011716;2,689164793222564e-06
199;-0,22300129104354202;-0,10800088954538356;0,2230483962596382;0,10803336467492546;4,710521609618823e-05;3,247512954189513e-05;0,015036188024416914;0,01503618802441691;0,015036188024416914;0,9514013623861269;-0,43194972652095387;0,9516185007968957;-0,4299394120821502;1,5036188024416914e-06
200;0,4072790734206752;0,19719240183687167;-0,407138312699093;-0,1970953624045241;0,00014076072158220043;9,703943234756762e-05;0,026200576987728586;0,026200576987728583;0,026200576987728586;0,9971310276824007;-0,025336329306150752;0,9967586687303185;-0,028629666414086465;2,6200576987728585e-06
201;-0,05270025819151233;-0,025000178007658906;0,05270302367020382;0,025002084588330524;2,765478691491019e-06;1,9065806716178635e-06;0,0034654293386966652;0,0034654293386966652;0,0034654293386966652;0,9717852300669719;-0,5897001040233417;0,9718404715450167;-0,5891723656184615;3,4654293386966654e-07
202;0,0;0,0;0,0;0,0;0,0;0,0;;;;;;;;
203;0,0;0,0;0,0;0,0;0,0;0,0;;;;;;;;
204;0,041101130169913486;0,020000954172300894;-0,041100000007134;-0,01999999998948472;1,130162779486299e-06;9,541828161728494e-07;0,0027146537896162734;0,0027146537896162734;0,0027146537896162734;0,9721417456398563;-0,2737412261515156;0,9721112528852571;-0,27419683503619613;2,7146537896162734e-07
205;0,04120265519701621;0,020002005775597898;-0,0412011301701533;-0,020000954170696653;1,5250268629099506e-06;1,0516049012455897e-06;0,002719995247601109;0,002719995247601109;0,002719995247601109;0,9721806142168519;-0,27339091280751426;0,9721417456398563;-0,2737412261515156;2,719995247601109e-07
206;0,00020000004929702857;3,4066887190474916e-11;-0,00020000001172055916;-8,160588510610893e-12;3,757646941542937e-11;2,5906298679864023e-11;1,17077052990213e-05;1,1707705299021304e-05;1,1707705299021304e-05;0,9862742471766196;-0,2675014913479653;0,9862740618731313;-0,26750891295358253;1,1707705299021304e-09
207;0,00010000001176608918;8,173409702902858e-12;-0,00010000000011750566;-1,4245616317376566e-13;1,1648583519204697e-11;8,030953539729092e-12;5,853852995228038e-06;5,853852995228038e-06;5,853852995228038e-06;0,9862740618731313;-0,26750891295358253;0,9862739469861835;-0,2675135143504646;5,853852995228038e-10
208;0,0;0,0;0,0;0,0;0,0;0,0;;;;;;;;
209;-0,272066670188499;-0,13104596694189521;0,2721587937472483;0,13110947983010374;9,212355874926859e-05;6,35128882085223e-05;0,017639576387964095;0,017639576387964092;0,017639576387964095;0,9883999872314218;-0,10324125400281312;0,9887618527407984;-0,09997074883821933;1,7639576387964096e-06
210;-0,29504707892563004;-0,14303245576034557;0,2951494697513836;0,14310304660441214;0,00010239082575358438;7,05908440665759e-05;0,020148808613309362;0,020148808613309362;0,020148808613309362;0,9395428183966956;-0,6022842649856532;0,9398950632791138;-0,5989907126573265;2,014880861330936e-06
211;0,3151515570342317;0,15210448485576836;-0,31507741345486096;-0,1520533700044057;7,414357937074456e-05;5,11148513626658e-05;0,021230832493053783;0,021230832493053783;0,021230832493053783;0,9516185007968957;-0,4299394120821502;0,9513765000488899;-0,43220051795539854;2,123083249305378e-06
212;0,35026668281046247;0,1691838621970517;-0,3501260928309632;-0,16908693588312543;0,00014058997949928376;9,692631392627105e-05;0,02361000248193825;0,023610002481938248;0,02361000248193825;0,9512114134212853;-0,4380929144477801;0,9507987542387034;-0,4419435267414334;2,361000248193825e-06
213;0,3411658463225045;0,16511433791475552;-0,34107878732153996;-0,16505431912510643;8,70590009645622e-05;6,001878964909113e-05;0,02300578672105642;0,023005786721056416;0,02300578672105642;0,951186104639519;-0,43845353686425853;0,9509238282713888;-0,4408877848548426;2,300578672105642e-06
214;0,4383992455259583;0,2123239203721435;-0,4380849169958039;-0,21205854163396778;0,0003143285301544507;0,00026537873817572555;0,029578447814832157;0,029578447814832157;0,029578447814832157;0,9508024675741297;-0,44438527109900094;0,9500245058969179;-0,45637275301291935;2,9578447814832158e-06
215;0,11902467986369712;0,05801701531709675;-0,11901874432480125;-0,05801292358390046;5,935538895870951e-06;4,091733196293079e-06;0,007754816064686269;0,007754816064686267;0,007754816064686269;0,9858120244954054;-0,2715428138945237;0,9857589541886135;-0,2720090227073038;7,754816064686268e-07
216;-0,04900000000117972;-0,023999999995090518;0,049001614503403304;0,02400111314026246;1,6145022235861117e-06;1,1131451719409435e-06;0,0032430301621909413;0,0032430301621909404;0,0032430301621909413;0,9713546019453126;-0,5642090806527074;0,9713891315735382;-0,5639050781658198;3,243030162190941e-07
217;-0,273116203622372;-0,13201117397107467;0,27329210023499884;0,1321324472312768;0,00017589661262684686;0,00012127326020211493;0,017717994039548282;0,01771799403954829;0,01771799403954829;0,9884723950103621;-0,10252588015395799;0,9891604218869949;-0,0963650892514698;1,7717994039548287e-06
218;-0,0006000004195128031;-2,882515819485531e-10;0,0006000005031118397;3,4589031579934e-10;8,359903654747702e-11;5,763873385078688e-11;3,5646811792119526e-05;3,564681179211952e-05;3,5646811792119526e-05;0,9717850946665211;-0,5897056081085348;0,9717852300669719;-0,5897001040233417;3,5646811792119525e-09
219;-0,000500000147921337;-1,0118914970648848e-10;0,0005000004188442159;2,8798139451845245e-10;2,7092287896608724e-10;1,8679224481196396e-10;2,9705680607680418e-05;2,9705680607680425e-05;2,9705680607680425e-05;0,9717845681091899;-0,5897270128988682;0,9717850946665211;-0,5897056081085348;2,9705680607680426e-09
220;-0,0003000001181461333;-8,076311699430801e-11;0,0003000001460124972;9,997604092579961e-11;2,7866363893052498e-11;1,9212923931491595e-11;1,7823411766484288e-05;1,7823411766484294e-05;1,7823411766484294e-05;0,9717844778422072;-0,5897306822938274;0,9717845681091899;-0,5897270128988682;1,7823411766484293e-09
221;-0,00020000000243948816;-1,7057524258695602e-12;0,0002000001170012502;8,069224773856219e-11;1,1456176204080806e-10;7,898649531269263e-11;1,1882276782711406e-05;1,1882276782711406e-05;1,1882276782711406e-05;0,9717839211957433;-0,5897533102444098;0,9717844778422072;-0,5897306822938274;1,1882276782711406e-09
222;-9,999999966771017e-05;-2,7966677105446835e-13;0,0001000000019899081;1,880744408596372e-12;2,322197921694573e-12;1,6010776375419036e-12;5,941138437112213e-06;5,941138437112213e-06;5,941138437112213e-06;0,9717838986289976;-0,5897542275943007;0,9717839211957433;-0,5897533102444098;5,941138437112214e-10
223;0,0;0,0;0,0;0,0;0,0;0,0;;;;;;;;
224;0,3883178719773785;0,18815021300416693;-0,38824083699918005;-0,18809709996858287;7,703497819844252e-05;5,3113035584057e-05;0,026505723546853054;0,026505723546853058;0,026505723546853058;0,9398950632791138;-0,5989907126573265;0,9396936114742129;-0,6008776562595126;2,6505723546853055e-06
225;0,2712924672335181;0,13113269420065088;-0,2711652710259401;-0,1310450001061588;0,00012719620757795091;8,76940944920801e-05;0,01820498200940252;0,018204982009402522;0,018204982009402522;0,955610710829203;-0,3963971240581854;0,955126496198572;-0,40088684942757374;1,8204982009402523e-06
226;0,10301874432479728;0,050012923583735595;-0,10299999999992746;-0,04999999999996759;1,874432486982658e-05;1,2923583768004177e-05;0,0067071618289283345;0,006707161828928335;0,006707161828928335;0,9857589541886135;-0,2720090227073038;0,9855652205477892;-0,2737303675954711;6,707161828928335e-07
227;0,0;0,0;0,0;0,0;0,0;0,0;;;;;;;;
228;0,0;0,0;0,0;0,0;0,0;0,0;;;;;;;;
229;0,3482093595607347;0,1691443402985034;-0,3480951945156319;-0,1690656329931107;0,00011416504510275427;7,870730539269455e-05;0,023408297260224534;0,023408297260224534;0,023408297260224534;0,9547986228418619;-0,4039244545391692;0,9544605239257924;-0,40702098845099904;2,3408297260224533e-06
230;-0,3563217995782928;-0,17215292076601918;0,35644822261240344;0,1722596437572957;0,00012642303411064537;0,00010672299127650886;0,02402159424081014;0,024021594240810136;0,02402159424081014;0,9511214892562393;-0,4394627173074171;0,9515066755510658;-0,4335147650161836;2,402159424081014e-06
231;-0,14300062581428546;-0,0690005283214843;0,14301306831157024;0,06901103283459636;1,2442497284770315e-05;1,0504513112061242e-05;0,009419954301602284;0,009419954301602284;0,009419954301602284;0,9731486157321007;-0,25176751019591187;0,9732452776479166;-0,25030490483344353;9,419954301602284e-07
232;0,018000854473269445;0,009000589122629556;-0,018000000006476762;-0,008999999966491956;8,544667926824179e-07;5,891561375998694e-07;0,0012148728212203262;0,001214872821220326;0,0012148728212203262;0,9564411348143527;-0,4456932661610243;0,9563922931162452;-0,446105577984495;1,2148728212203262e-07
233;0,30913588707203254;0,14909368030500394;-0,30909499893797004;-0,1490654935913098;4,0888134062500026e-05;2,8186713694144938e-05;0,020353545370361943;0,02035354537036194;0,020353545370361943;0,9735555667277028;-0,5444238832101034;0,9734163657163164;-0,5456971684419754;2,0353545370361943e-06
234;-0,3161402000417428;-0,1530277149325387;0,3161819076032119;0,1530564665281046;4,170756146909538e-05;2,8751595565895682e-05;0,020556483450361616;0,02055648345036162;0,02055648345036162;0,9864644526291743;-0,2786186576727433;0,9866050730493671;-0,2773615084491848;2,0556483450361617e-06
235;0,3211556549620545;0,15510731818104842;-0,3210673626485764;-0,1550464435900868;8,829231347812216e-05;6,087459096162928e-05;0,02115051164556233;0,021150511645562326;0,02115051164556233;0,9735555667277028;-0,5444238832101034;0,9732662725261126;-0,5470621965988385;2,115051164556233e-06
236;0,2790787873022937;0,1350543192620712;-0,2790399337580607;-0,1350275310455275;3,885354423299736e-05;2,678821654369945e-05;0,018823960493829808;0,018823960493829808;0,018823960493829808;0,9509238282713888;-0,4408877848548426;0,9507807708170631;-0,44221640780977645;1,8823960493829808e-06
237;0,0;0,0;0,0;0,0;0,0;0,0;;;;;;;;
238;0,36343495829013633;0,17523093226124287;-0,3633582818356086;-0,1751780664157135;7,667645452774652e-05;5,286584552935403e-05;0,024139933564935653;0,02413993356493566;0,02413993356493566;0,9649799626813959;-0,6519029649138307;0,964759862960866;-0,6539367724390981;2,413993356493566e-06
239;-0,3651431195134783;-0,1770297266594055;0,36532129941160846;0,17715257878297952;0,00017817989813018187;0,00012285212357401876;0,024308831837630655;0,024308831837630655;0,024308831837630655;0,963787382098436;-0,6627743724405901;0,9642954713246815;-0,6581437613955022;2,4308831837630657e-06
240;0,0;0,0;0,0;0,0;0,0;0,0;;;;;;;;
241;0,0;0,0;0,0;0,0;0,0;0,0;;;;;;;;
242;0,2651260928074846;0,12808693606836724;-0,26503495614030137;-0,1280241003908565;9,113666718324476e-05;6,283567751075303e-05;0,01787950863453938;0,01787950863453938;0,01787950863453938;0,9507987542387034;-0,4419435267414334;0,9504455034698028;-0,44523980062694624;1,7879508634539381e-06
243;0,2710949989378824;0,13106549359359732;-0,27102154679578516;-0,13101485410219835;7,345214209725226e-05;5,0639491398968284e-05;0,017859698476561613;0,017859698476561613;0,017859698476561613;0,9734163657163164;-0,5456971684419754;0,9731313372119181;-0,5482894393358171;1,7859698476561612e-06
244;0,21307741342002678;0,10305337022533251;-0,21302990303059063;-0,10302061553787861;4,75103894361506e-05;3,2754687453895315e-05;0,014363695332322046;0,014363695332322048;0,014363695332322048;0,9513765000488899;-0,43220051795539854;0,9511472601631683;-0,4343315759861728;1,4363695332322046e-06
245;-0,2962167842457791;-0,14308051627563426;0,29632179954051013;0,14315292080168682;0,00010501529473105897;7,240452605256076e-05;0,01997635921629943;0,01997635921629943;0,01997635921629943;0,9507571711517957;-0,4428614688517868;0,9511214892562393;-0,4394627173074171;1,997635921629943e-06
246;0,194165271015761;0,0940450001826917;-0,19410000004802408;-0,09399999979689949;6,527096773692453e-05;4,500038579220711e-05;0,013041069175161141;0,013041069175161143;0,013041069175161143;0,955126496198572;-0,40088684942757374;0,9547795872814349;-0,4040874730649139;1,3041069175161145e-06
247;0,18201555235232286;0,08801072087260374;-0,18200536014491567;-0,08800369517623566;1,0192207407194731e-05;7,025696368082035e-06;0,012244570223528728;0,01224457022352873;0,01224457022352873;0,953295673372572;-0,47453694332117086;0,9532379872205611;-0,47507209706738074;1,2244570223528731e-06
248;-0,2580024833487869;-0,1250017121133312;0,25803878218757587;0,12502674043472314;3,629883878897289e-05;2,5028321391951103e-05;0,016967038435814437;0,016967038435814437;0,016967038435814437;0,9755391287179664;-0,21276195067099898;0,97568742025777;-0,2114237406433863;1,6967038435814437e-06
249;0,3213582818348175;0,1551780664229209;-0,32125325502863644;-0,15510565867691903;0,0001050268061810744;7,240774600186795e-05;0,021356101146912897;0,021356101146912908;0,021356101146912908;0,964759862960866;-0,6539367724390981;0,9644190595468598;-0,6570741426961448;2,1356101146912907e-06
250;0,0;0,0;0,0;0,0;0,0;0,0;;;;;;;;
251;-0,16010101548291253;-0,07800070006380563;0,16011620362260962;0,07801117397117265;1,5188139697086545e-05;1,0473907367011814e-05;0,010403070829933437;0,010403070829933437;0,010403070829933437;0,9883711593585984;-0,10341494454580255;0,9884723950103621;-0,10252588015395799;1,0403070829933436e-06
252;0,3160849169292768;0,15305854179473594;-0,3160000001377598;-0,1529999992239508;8,491679151700904e-05;5,854257078513614e-05;0,02134275782159114;0,02134275782159114;0,02134275782159114;0,9500245058969179;-0,45637275301291935;0,949748739803452;-0,4589318474089841;2,134275782159114e-06
253;0,30211186719799765;0,14607712965359465;-0,30204363493911157;-0,14603008579794674;6,823225888608064e-05;4,704385564791025e-05;0,019721074115904607;0,01972107411590461;0,01972107411590461;0,9824206783439297;-0,3058543682853241;0,9821808904019803;-0,3080149126641376;1,9721074115904608e-06
254;0,0;0,0;0,0;0,0;0,0;0,0;;;;;;;;
255;0,2360437075971225;0,11403013266133104;-0,2360166723493495;-0,11401149397826502;2,7035247773005144e-05;1,863868306602179e-05;0,015323291539958438;0,015323291539958437;0,015323291539958438;0,9877051386121463;-0,25862459847203295;0,9875828695621481;-0,25972255928398347;1,5323291539958438e-06
256;0,2440673626480122;0,11804644359601467;-0,24401631137578994;-0,1180112454548382;5,1051272222268906e-05;3,519814117647346e-05;0,016082838990606654;0,01608283899060665;0,016082838990606654;0,9732662725261126;-0,5470621965988385;0,9730462739356129;-0,5490615013489789;1,6082838990606654e-06
257;-0,029000076463022124;-0,014000052655942742;0,02900129096681912;0,014000889976107695;1,2145037969965577e-06;8,373201649536366e-07;0,0019542759094308302;0,0019542759094308307;0,0019542759094308307;0,9513582962332474;-0,4323518943115846;0,9514013623861269;-0,43194972652095387;1,9542759094308309e-07
258;0,22609519449494042;0,1100656331236427;-0,2260140108576399;-0,11000965972665301;8,118363730053035e-05;5,597339698969195e-05;0,015210901200597796;0,015210901200597794;0,015210901200597796;0,9544605239257924;-0,40702098845099904;0,9540904758407157;-0,41039279075150803;1,5210901200597794e-06
259;0,07701117607587463;0,03700770476993957;-0,07700000006993087;-0,03699999957329512;1,1176005943761003e-05;7,705196644454404e-06;0,005248438391560468;0,005248438391560469;0,005248438391560469;0,9398950632791138;-0,5989907126573265;0,9397475408205651;-0,6004019859698267;5,248438391560469e-07
260;0,0;0,0;0,0;0,0;0,0;0,0;;;;;;;;
261;0,0;0,0;0,0;0,0;0,0;0,0;;;;;;;;
262;0,16801219139192944;0,08200840451753076;-0,16800355605522843;-0,08200245074229504;8,635336701007246e-06;5,953775235725822e-06;0,011456704055136078;0,01145670405513608;0,01145670405513608;0,9421604219087911;-0,5776608631283454;0,9421081540442268;-0,5781397604383897;1,145670405513608e-06
263;0,27530396761164616;0,13214062530979057;-0,2752478809690314;-0,13210195897583402;5,608664261474994e-05;3,8666333956549614e-05;0,018465453218905505;0,018465453218905505;0,018465453218905505;0,9547986228418619;-0,4039244545391692;0,9545882143129986;-0,40591169047157705;1,8465453218905503e-06
264;0,050002419529953386;0,024001667754488414;-0,050000000045665995;-0,02399999972126047;2,4194842873914713e-06;1,6680332279445098e-06;0,0034077258651167884;0,0034077258651167884;0,0034077258651167884;0,9397030114603199;-0,6008702550372139;0,9396538271453009;-0,6013421203030079;3,4077258651167885e-07
265;0,27514788097293996;0,13210195897259097;-0,2750731497552558;-0,13205043430266916;7,473121768414304e-05;5,152466992180971e-05;0,01846000071686116;0,01846000071686116;0,01846000071686116;0,9545882143129986;-0,40591169047157705;0,9543077671933755;-0,40856008523278764;1,846000071686116e-06
266;-0,22403549695807035;-0,10802447257365039;0,22420910468245092;0,10814416928102084;0,0001736077243805756;0,00011969670737045635;0,015039423336363817;0,015039423336363813;0,015039423336363817;0,9548108060521548;-0,4038582874409039;0,955610710829203;-0,3963971240581854;1,5039423336363816e-06
267;-0,2660608054765904;-0,12904192165372175;0,26613323426475527;0,12909185887565766;7,242878816487996e-05;4,993722193591399e-05;0,018173404520093514;0,018173404520093518;0,018173404520093518;0,9394173461124782;-0,6034586014592438;0,9396936114742129;-0,6008776562595126;1,8173404520093518e-06
268;-0,19410000000793837;-0,0940000000053584;0,19414020004180985;0,09402771493295671;4,020003387147919e-05;2,771492759831573e-05;0,012625019524848582;0,012625019524848582;0,012625019524848582;0,9862437537957929;-0,2805900442899179;0,9864644526291743;-0,2786186576727433;1,2625019524848583e-06
269;0,194028079383993;0,09401935979382489;-0,19400000000003623;-0,09399999999968779;2,8079383956769455e-05;1,9359794137099873e-05;0,012651134658356442;0,012651134658356442;0,012651134658356442;0,9839510310072815;-0,29773584296518574;0,98379718600614;-0,29911197167894255;1,2651134658356442e-06
270;-0,018000000000007167;-0,00899999999989308;0,018000289415797923;0,009000199535518477;2,894157907565309e-07;1,9953562539754e-07;0,0011755515137882127;0,0011755515137882129;0,0011755515137882129;0,988382891121147;-0,10338086925590637;0,9883999872314218;-0,10324125400281312;1,1755515137882129e-07
271;0,021000625809091285;0,010000528340142019;-0,021000000000897346;-0,009999999996689619;6,258081939394811e-07;5,283434523998404e-07;0,001379982652360982;0,0013799826523609817;0,001379982652360982;0,9731486157321007;-0,25176751019591187;0,9731154732749787;-0,25227977956278386;1,379982652360982e-07
272;0,24604363493959244;0,11903008579815438;-0,24601136531729592;-0,11900783702809002;3,2269622296521305e-05;2,224877006436199e-05;0,016066621532436497;0,016066621532436497;0,016066621532436497;0,9821808904019803;-0,3080149126641376;0,982041686415089;-0,3092676121810817;1,6066621532436495e-06
273;0,0;0,0;0,0;0,0;0,0;0,0;;;;;;;;
274;0,15703993371045355;0,0760275313237867;-0,15700177648948527;-0,07600122435968787;3,8157220968282335e-05;2,6306964098832264e-05;0,010594820944056315;0,010594820944056315;0,010594820944056315;0,9507807708170631;-0,44221640780977645;0,9505311507939767;-0,4445325160602257;1,0594820944056316e-06
275;0,18679689094649593;0,09006680524783248;-0,18676082134198538;-0,09004193353926203;3,606960451055241e-05;2,487170857044807e-05;0,012011835388891293;0,012011835388891294;0,012011835388891294;0,9967586687303185;-0,028629666414086465;0,996550584549565;-0,030491658730957227;1,2011835388891295e-06
276;0,309128985083679;0,1490944039558033;-0,30903663390927477;-0,14903073091626884;9,235117440420382e-05;6,367303953447312e-05;0,020521159478430927;0,020521159478430927;0,020521159478430927;0,9655870881094282;-0,6463449814355955;0,9652752408449028;-0,6492226878331544;2,0521159478430927e-06
277;0,24425325502694972;0,11810565869195275;-0,24419829217825711;-0,11806776637812406;5,4962848692607924e-05;3,7892313828682966e-05;0,016241938605934318;0,016241938605934318;0,016241938605934318;0,9644190595468598;-0,6570741426961448;0,9641845326397805;-0,6592260405076754;1,6241938605934317e-06
278;0,24409829217902118;0,11806776637703525;-0,24402602188789638;-0,11801794115991047;7,22702911248041e-05;4,982521712477983e-05;0,016236547891488446;0,016236547891488446;0,016236547891488446;0,9641845326397805;-0,6592260405076754;0,9638760454476755;-0,6620553110424877;1,6236547891488445e-06
279;-0,17300876999523732;-0,08400604522722092;0,17304707882533338;0,08403245643641388;3,830883009606212e-05;2,6411209192958585e-05;0,011821245601954054;0,011821245601954054;0,011821245601954054;0,9393181662834514;-0,6043767600001332;0,9395428183966956;-0,6022842649856532;1,1821245601954052e-06
280;0,16003495610112276;0,07702410063422313;-0,16000177264127177;-0,07700122175082381;3,318345985098281e-05;2,2878883399315986e-05;0,010788717981787982;0,010788717981787984;0,010788717981787984;0,9504455034698028;-0,44523980062694624;0,9502323961912773;-0,4472482523912811;1,0788717981787984e-06
281;0,1816607983945582;0,08804191771771142;-0,18164069963393187;-0,08802806032395168;2,0098760626335865e-05;1,3857393759739156e-05;0,011695387645974605;0,011695387645974605;0,011695387645974605;0,996550584549565;-0,030491658730957227;0,9964314646079582;-0,03154317902571475;1,1695387645974606e-06
282;0,17924042636842533;0,0870278709440405;-0,1792243586110219;-0,08701679414137398;1,6067757403426253e-05;1,1076802666529217e-05;0,011541173478640235;0,011541173478640235;0,011541173478640235;0,9967586687303185;-0,028629666414086465;0,9966621593187106;-0,029476995163815925;1,1541173478640236e-06
283;0,11502984833500003;0,05602057808061635;-0,11500405396531463;-0,05600279435102898;2,579436968540294e-05;1,7783729587370067e-05;0,0077663725874483995;0,007766372587448397;0,0077663725874483995;0,9511472601631683;-0,4343315759861728;0,9509169788250428;-0,43643434646224705;7,766372587448399e-07
284;0,3614538584790905;0,17417502300510473;-0,36138149771802686;-0,17412513268557525;7,236076106365008e-05;4,9890319529483085e-05;0,023450743795975202;0,0234507437959752;0,023450743795975202;0,9878171839256087;-0,10837830553077249;0,9876033755027425;-0,11031115365065687;2,34507437959752e-06
285;0,1740338513304291;0,08502553773631066;-0,17401967294054907;-0,08501356513264041;1,4178389880020736e-05;1,1972603670251658e-05;0,011377501813728626;0,01137750181372863;0,01137750181372863;0,9828952257165079;-0,177868565043112;0,9828039109299367;-0,1792097352804126;1,137750181372863e-06
286;-0,2431000000238724;-0,11799999995521376;0,2431431195097177;0,11802972668446697;4,311948584531655e-05;2,9726729253207185e-05;0,01619075259538408;0,016190752595384078;0,01619075259538408;0,9636027664722878;-0,6644519820252215;0,963787382098436;-0,6627743724405901;1,619075259538408e-06
287;0,0;0,0;0,0;0,0;0,0;0,0;;;;;;;;
288;0,1720323364929407;0,08202229286459145;-0,17201039319736694;-0,0820071656003361;2,1943295573756405e-05;1,5127264255357376e-05;0,011148516105276868;0,01114851610527687;0,01114851610527687;0,98698796061827;-0,11595156137187981;0,9868516699624567;-0,11721766649185045;1,1148516105276868e-06
289;0,17002019125503637;0,08201392303848969;-0,17001034105525303;-0,08200712979725981;9,850199783334457e-06;6,793241229874347e-06;0,011093510008535385;0,011093510008535385;0,011093510008535385;0,9824206783439297;-0,3058543682853241;0,9823591447215243;-0,3064125731183635;1,1093510008535384e-06
290;0,0;0,0;0,0;0,0;0,0;0,0;;;;;;;;
291;-0,19114210998343917;-0,09202903285302655;0,1912167842098551;0,09208051651159652;7,467422641593835e-05;5,1483658569967394e-05;0,012887891601630523;0,012887891601630523;0,012887891601630523;0,9503557089170999;-0,4466390920305719;0,9507571711517957;-0,4428614688517868;1,2887891601630523e-06
292;-0,1910020762553022;-0,09200143092967798;0,1910421099895563;0,0920290328476863;4,00337342541246e-05;2,7601918008324233e-05;0,012882418172913421;0,012882418172913416;0,012882418172913421;0,9501403818657777;-0,44866406405852094;0,9503557089170999;-0,4466390920305719;1,2882418172913422e-06
293;0,14902154679346452;0,07201485411189104;-0,1490078006142609;-0,0720053775792582;1,374617920363308e-05;9,476532632834989e-06;0,009819562921165757;0,00981956292116576;0,00981956292116576;0,9731313372119181;-0,5482894393358171;0,9730343235929889;-0,5491727559011413;9,81956292116576e-07
294;0,0950040539579986;0,0460027943974302;-0,09500000004041914;-0,04599999978190733;4,05391757946072e-06;2,7946155228691927e-06;0,006408831909048241;0,0064088319090482414;0,0064088319090482414;0,9509169788250428;-0,43643434646224705;0,9508731372008895;-0,436840650343727;6,408831909048242e-07
295;-0,19412776471450335;-0,09401914087788324;0,19415651191978175;0,09403895930501303;2,8747205278401022e-05;1,9818427129794647e-05;0,01321989679756558;0,013219896797565578;0,01321989679756558;0,942009701850572;-0,579070113572968;0,9421604219087911;-0,5776608631283454;1,321989679756558e-06
296;-0,1940000001620753;-0,09399999904297429;0,19402776472075167;0,09401914087267305;2,7764558676368623e-05;1,9141829698754442e-05;0,013214381025577511;0,013214381025577508;0,013214381025577511;0,9418640674064863;-0,580430599656874;0,942009701850572;-0,579070113572968;1,321438102557751e-06
297;0,15501667234916955;0,07501149397765121;-0,1549999999999312;-0,07499999999987976;1,667234923835581e-05;1,149397777144845e-05;0,010067662522773474;0,01006766252277347;0,010067662522773474;0,9875828695621481;-0,25972255928398347;0,987468094556191;-0,26074881777623504;1,0067662522773472e-06
298;0,15402013933028905;0,07401621796536605;-0,15400507130412353;-0,07400349621244544;1,5068026165521164e-05;1,2721752920608065e-05;0,00991224739627447;0,009912247396274472;0,009912247396274472;0,9953209740642333;-0,04093416034092756;0,9952097736738014;-0,04259064550956477;9,912247396274473e-07
299;0,15229722879148183;0,07406703448576822;-0,15221765981275626;-0,07401217434174948;7,956897872557489e-05;5,486014401874517e-05;0,009902656486827748;0,00990265648682775;0,00990265648682775;0,987370266425551;-0,2577475380494068;0,9868131958448033;-0,26266795761056977;9,90265648682775e-07
300;-0,0341000810651235;-0,01700005591477352;0,03410101548259971;0,017000700063865597;9,344174762074275e-07;6,441490920765236e-07;0,0022258101506213734;0,002225810150621374;0,002225810150621374;0,9883420130171637;-0,10365489912093351;0,9883711593585984;-0,10341494454580255;2,2258101506213739e-07
301;0,2021811459944729;0,09805594396402739;-0,20217560700189444;-0,09805212675492135;5,538992578463242e-06;3,8172091060412194e-06;0,012973329557508208;0,012973329557508208;0,012973329557508208;1,0;0,0;0,9999704077091732;-0,00025945199633370104;1,2973329557508209e-06
302;0,2020756070021373;0,09805212675466503;-0,2019999999999538;-0,0979999999999233;7,560700218350869e-05;5,212675474172701e-05;0,012968134847683669;0,012968134847683667;0,012968134847683669;0,9999704077091732;-0,00025945199633370104;0,9995662597006932;-0,003804471746170219;1,296813484768367e-06
303;-0,13810030040142385;-0,0670002071579048;0,1381202594154292;0,0670139682456482;1,9959014005338505e-05;1,3761087743396905e-05;0,008974678306638468;0,008974678306638466;0,008974678306638468;0,9874492128960911;-0,1116804331582311;0,9876033755027425;-0,11031115365065687;8,974678306638468e-07
304;0,1261099095368242;0,06100836561484003;-0,12610000000438384;-0,06100000000299309;9,909532440344204e-06;8,36561184693746e-06;0,008228961994113231;0,008228961994113233;0,008228961994113233;0,9828952257165079;-0,177868565043112;0,9828070785751746;-0,17918365519875257;8,228961994113233e-07
305;0,0;0,0;0,0;0,0;0,0;0,0;;;;;;;;
306;-0,021000000000052536;-0,00999999999998402;0,02100060592906278;0,010000417777415126;6,05929010244477e-07;4,177774311064225e-07;0,0013686757791775727;0,001368675779177573;0,001368675779177573;0,9811545526933944;-0,1937494274258015;0,9811852065919375;-0,19346200053623291;1,368675779177573e-07
307;-0,07700000003262084;-0,03699999981665115;0,07700177260693113;0,03700122194722897;1,7725743102908753e-06;1,2221305778215008e-06;0,005190656410620816;0,005190656410620816;0,005190656410620816;0,9502087376981682;-0,44747214475958763;0,9502323961912773;-0,4472482523912811;5,190656410620816e-07
308;-0,12200000011506948;-0,05899999931410358;0,12200760275210745;0,05900524107753334;7,60263703797337e-06;5,24176342975996e-06;0,008326793806891723;0,008326793806891723;0,008326793806891723;0,9396303322828732;-0,6014733161669793;0,9396936114742129;-0,6008776562595126;8,326793806891723e-07
309;0,02200029765990733;0,010000205200660566;-0,02200000000080259;-0,009999999996277752;2,97659104739334e-07;2,05204382814142e-07;0,0014449763607358795;0,0014449763607358795;0,0014449763607358795;0,9655870881094282;-0,6463449814355955;0,965572868153913;-0,6464958618973685;1,4449763607358795e-07
310;0,1420196729397795;0,06901356513201756;-0,14200608778023188;-0,06900419774763634;1,358515954760775e-05;9,367384381217536e-06;0,009275878667776611;0,00927587866777661;0,009275878667776611;0,9828039109299367;-0,1792097352804126;0,9827023750531811;-0,18011248143010075;9,275878667776611e-07
311;0,06000536009602555;0,029003695453112703;-0,06000000002450447;-0,028999999863445633;5,360071521076648e-06;3,6955896670701205e-06;0,004036643044437939;0,004036643044437939;0,004036643044437939;0,9532379872205611;-0,47507209706738074;0,9531459613350284;-0,4759273008500156;4,0366430444379386e-07
312;0,13901034105503943;0,0670071297977123;-0,13900005823651057;-0,06700004015585158;1,0282818528856152e-05;7,0896418607191425e-06;0,009069507580556371;0,009069507580556371;0,009069507580556371;0,9823591447215243;-0,3064125731183635;0,9822805821274755;-0,3071260328598088;9,069507580556372e-07
313;0,0;0,0;0,0;0,0;0,0;0,0;;;;;;;;
314;0,1321176801524226;0,06401218922605424;-0,1321000001071518;-0,06399999942739969;1,7680045270779265e-05;1,218979865455494e-05;0,008978884199714366;0,008978884199714366;0,008978884199714366;0,9439897038622548;-0,5605442084089787;0,9438532193782021;-0,5618171054179651;8,978884199714366e-07
315;0,12200780061477916;0,05900537758185167;-0,12200000000236894;-0,05899999998980963;7,800612410222008e-06;5,377592042041246e-06;0,00804149295662073;0,00804149295662073;0,00804149295662073;0,9730343235929889;-0,5491727559011413;0,9729670951593248;-0,5497836713837431;8,04149295662073e-07
316;0,13111757859043718;0,06401211834154512;-0,13110239532523515;-0,06400165074272765;1,518326520202895e-05;1,0467598817467949e-05;0,008536617776513163;0,008536617776513164;0,008536617776513164;0,9868131958448033;-0,26266795761056977;0,9866898594436411;-0,26374614941560465;8,536617776513164e-07
317;0,13100239532536723;0,06400165074323598;-0,13100000000057832;-0,06399999999980809;2,395324788906361e-06;1,6507434278945077e-06;0,008531359900912291;0,008531359900912288;0,008531359900912291;0,9866898594436411;-0,26374614941560465;0,9866703908303669;-0,26391581133870934;8,531359900912292e-07
318;0,19406638077273766;0,09304576740667243;-0,1940291237355637;-0,09302007911099812;3,725703717397111e-05;2,56882956743143e-05;0,012571512107245037;0,012571512107245037;0,012571512107245037;0,9883999872314218;-0,10324125400281312;0,9881946968264853;-0,10512014516616375;1,2571512107245038e-06
319;0,12912253609547447;0,06301553773642199;-0,12910764780591155;-0,06300527346197318;1,4888289562919876e-05;1,0264274448806843e-05;0,00832307843698891;0,008323078436988911;0,008323078436988911;0,9966621593187106;-0,029476995163815925;0,9965381187066739;-0,0305516698898343;8,323078436988912e-07
320;0,12843701004809685;0,06202551641180723;-0,1284257020574004;-0,06201772027036859;1,1307990696457493e-05;7,796141438642934e-06;0,008264220512561118;0,008264220512561118;0,008264220512561118;0,9964314646079582;-0,03154317902571475;0,9963366412404956;-0,03238799613778512;8,264220512561117e-07
321;-0,04010058711194552;-0,019000404831770814;0,04010204482175635;0,019001409940511457;1,4577098108245479e-06;1,005108740643329e-06;0,0025911683164316643;0,002591168316431665;0,002591168316431665;0,9887229115809518;-0,10033761099334021;0,9887618527407984;-0,09997074883821933;2,591168316431665e-07
322;0,12602331226857175;0,06101607302688477;-0,12600000000012118;-0,060999999999115824;2,3312268450564888e-05;1,607302776894526e-05;0,0081510388030413;0,008151038803041301;0,008151038803041301;0,9917632772854698;-0,07039638370267048;0,9915650447372062;-0,07215947095772872;8,151038803041301e-07
323;0,12601257523334303;0,061010616795082115;-0,12600000000003672;-0,06099999999974978;1,2575233306305611e-05;1,0616795332332729e-05;0,00820790639232987;0,00820790639232987;0,00820790639232987;0,9848072513323406;-0,14930994825426963;0,9846950938617737;-0,15097810124408828;8,20790639232987e-07
324;0,12601136531751594;0,06100783702832177;-0,12600000000022896;-0,06099999999980628;1,1365317286987642e-05;7,837028515492173e-06;0,008230885751331437;0,008230885751331438;0,008230885751331438;0,982041686415089;-0,3092676121810817;0,9819459775769482;-0,3101276265031791;8,230885751331438e-07
325;0,059003292209266395;0,029002269792112914;-0,05899999999991693;-0,028999999999840227;3,2922093494633375e-06;2,269792272687615e-06;0,0038269715028115825;0,003826971502811584;0,003826971502811584;0,9918652095359928;-0,09155213623939372;0,9918055303578681;-0,09206174467952227;3,826971502811584e-07
326;0,1980731497428302;0,09505043438539927;-0,19802278354851058;-0,09501570858247574;5,036619431961209e-05;3,4725802923532556e-05;0,01329164019378669;0,013291640193786692;0,013291640193786692;0,9543077671933755;-0,40856008523278764;0,9540452679109762;-0,4110427855985893;1,3291640193786692e-06
327;0,0;0,0;0,0;0,0;0,0;0,0;;;;;;;;
328;-0,14700449456315032;-0,07100309855476865;0,1470354969477214;0,07102447265160312;3,100238457107163e-05;2,1374096834475553e-05;0,009873792350494591;0,009873792350494593;0,009873792350494593;0,9545932113805998;-0,40588040140058235;0,9548108060521548;-0,4038582874409039;9,873792350494593e-07
329;0,12201037196904471;0,05900715047261071;-0,12200000000006186;-0,05899999999973908;1,0371968982847424e-05;7,150472871628177e-06;0,00794073776977921;0,00794073776977921;0,00794073776977921;0,9854030065294713;-0,3035360279376254;0,985312482254991;-0,3043483944162491;7,94073776977921e-07
330;0,11500746745834824;0,05600514911870374;-0,11499999999995755;-0,05599999999966783;7,4674583906836345e-06;5,149119035909033e-06;0,007411068504823803;0,0074110685048238015;0,007411068504823803;0,9965381187066739;-0,0305516698898343;0,9964682539058056;-0,031160868981767696;7,411068504823803e-07
331;0,12201631137363793;0,05901124546477395;-0,12200000000204633;-0,058999999989605055;1,631137159159579e-05;1,124547516889729e-05;0,00804200038780901;0,008042000387809013;0,008042000387809013;0,9730462739356129;-0,5490615013489789;0,9729057032360026;-0,550339129773715;8,042000387809013e-07
332;-0,18002436079895637;-0,08701679480357685;0,1800608054041154;0,0870419221373664;3,6444605159030585e-05;2,5127333789551343e-05;0,012291389078860343;0,012291389078860342;0,012291389078860343;0,939211854451484;-0,6053960532932777;0,9394173461124782;-0,6034586014592438;1,2291389078860344e-06
333;0,10932540911347738;0,053017518295112594;-0,10931584217252874;-0,05301092271247507;9,566940948640967e-06;6,595582637526631e-06;0,007040753562601951;0,007040753562601952;0,007040753562601952;0,9963366412404956;-0,03238799613778512;0,9962424539979475;-0,033218037593475504;7,040753562601952e-07
334;0,23203663390882512;0,11203073093500183;-0,2320012488945229;-0,1120008610236134;3,538501430222496e-05;2,9869911388438752e-05;0,015411528110460081;0,01541152811046008;0,015411528110460081;0,9652752408449028;-0,6492226878331544;0,9651072144234734;-0,6517833811013884;1,5411528110460083e-06
335;-0,021100000022499992;-0,010000000015541575;0,02110058711180259;0,010000404831631091;5,870893025963775e-07;4,048160895161329e-07;0,001363514539728238;0,0013635145397282375;0,001363514539728238;0,9886931067086788;-0,10061826751357739;0,9887229115809518;-0,10033761099334021;1,363514539728238e-07
336;-0,21913494793818836;-0,10502409355579605;0,21926123830271213;0,1051111644397367;0,0001262903645237734;8,707088394065143e-05;0,014214714818745486;0,014214714818745486;0,014214714818745486;0,98698796061827;-0,11595156137187981;0,9876033755027425;-0,11031115365065687;1,4214714818745487e-06
337;0,10310485895930961;0,05000410202158019;-0,10310000001472205;-0,049999999991042515;4,858944587557423e-06;4,1020305376754385e-06;0,006797767939153045;0,006797767939153044;0,006797767939153045;0,9732452776479166;-0,25030490483344353;0,973192943073014;-0,25109023572795336;6,797767939153046e-07
338;0,10100466365672597;0,04900321586583439;-0,10099999999998059;-0,04899999999979275;4,663656745382272e-06;3,215866041642035e-06;0,006587791884333705;0,006587791884333707;0,006587791884333707;0,9838772127685995;-0,29270719156296204;0,98382813790848;-0,29314492771376516;6,587791884333707e-07
339;0,10100071524374396;0,04900049335940485;-0,10100000000220775;-0,04899999999936713;7,152415362060571e-07;4,933600377191039e-07;0,006595921176550879;0,006595921176550881;0,006595921176550881;0,9826231143783362;-0,3039021059237191;0,9826155966870952;-0,3039693150981188;6,595921176550881e-07
340;0,0;0,0;0,0;0,0;0,0;0,0;;;;;;;;
341;0,09921576713353814;0,04801087097384677;-0,09920749002034095;-0,04800516439269839;8,277113197188712e-06;5,706581148380574e-06;0,006387651838747216;0,006387651838747216;0,006387651838747216;0,9962424539979475;-0,033218037593475504;0,9961526442597428;-0,034014157191431714;6,387651838747215e-07
342;0,0;0,0;0,0;0,0;0,0;0,0;;;;;;;;
343;0,1040140108336622;0,05100965986312008;-0,10400000002366094;-0,05099999987920677;1,401081000125537e-05;9,659983913314074e-06;0,007010364990797784;0,007010364990797786;0,007010364990797786;0,9540904758407157;-0,41039279075150803;0,9539518455595032;-0,4116313945279531;7,010364990797785e-07
344;-0,005100041298520716;-0,0020000284685125574;0,005100108965950271;0,0020000751218176415;6,76674295546284e-08;4,665330508414958e-08;0,000329035595074877;0,000329035595074877;0,000329035595074877;0,9612433756187563;-0,40201135171150937;0,9612574181314802;-0,4018154775283595;3,2903559507487703e-08
345;-0,07700000007218813;-0,03699999955974327;0,07700876990407972;0,03700604577969268;8,769831891589086e-06;6,046219949408516e-06;0,0052514843339154064;0,0052514843339154064;0,0052514843339154064;0,9392024726309001;-0,6054841888497132;0,9393181662834514;-0,6043767600001332;5,251484333915407e-07
346;0,049003555955671574;0,024002451325155685;-0,04900000004227699;-0,023999999757694585;3,555913394584498e-06;2,4515674610994798e-06;0,0033439673432966847;0,003343967343296685;0,003343967343296685;0,9421081540442268;-0,5781397604383897;0,9420343995608713;-0,5788091830397076;3,343967343296685e-07
347;-0,00010000000005581289;-5,0814561882367977e-14;0,00010000002275217196;1,5698678465775355e-11;2,2696359074374402e-11;1,5647863903892987e-11;5,839530958917436e-06;5,839530958917436e-06;5,839530958917436e-06;0,9886928823113801;-0,10062723307713178;0,9886931067086788;-0,10061826751357739;5,839530958917436e-10
348;0,0;0,0;0,0;0,0;0,0;0,0;;;;;;;;
349;0,038001248884832486;0,018000861056198206;-0,0380000000012633;-0,01799999999283449;1,2488835691853994e-06;8,610633637148868e-07;0,002515477316445032;0,002515477316445033;0,002515477316445033;0,9651072144234734;-0,6517833811013884;0,9650728491259207;-0,6521152344629315;2,5154773164450327e-07
350;-0,08100000000351171;-0,03899999997991228;0,0810024833402941;0,0390017121573929;2,48333678239121e-06;1,712177480621413e-06;0,005320696649965786;0,005320696649965785;0,005320696649965786;0,9755067898218405;-0,21305853080042844;0,9755391287179664;-0,21276195067099898;5,320696649965785e-07
351;0,08601039319732386;0,04100716560045532;-0,08600000000004837;-0,04099999999996562;1,0393197275485044e-05;7,16560048970305e-06;0,005574622688423912;0,00557462268842391;0,005574622688423912;0,9868516699624567;-0,11721766649185045;0,9867225702363724;-0,11841758720350458;5,574622688423912e-07
352;0,0;0,0;0,0;0,0;0,0;0,0;;;;;;;;
353;0,0;0,0;0,0;0,0;0,0;0,0;;;;;;;;
354;-9,999999852121119e-05;1,112142397895503e-12;9,999999972383864e-05;-2,833490229642001e-13;1,2026274480393326e-12;8,287933749313029e-13;6,04507384725683e-06;6,045073847256831e-06;6,045073847256831e-06;0,9550756123745754;-0,40146360515768614;0,9550756238605769;-0,40146313029405245;6,045073847256831e-10
355;0,08100906642743154;0,039006250668170823;-0,08100000000571292;-0,03899999996912178;9,066421718620377e-06;6,250699049040187e-06;0,005339546808623155;0,005339546808623154;0,005339546808623155;0,9721806142168519;-0,27339091280751426;0,9720629661090224;-0,274473433654821;5,339546808623155e-07
356;0,08100608778086292;0,03900419774786469;-0,08100000000002144;-0,038999999999903744;6,087780841476653e-06;4,197747960947573e-06;0,005282166464499209;0,0052821664644992095;0,0052821664644992095;0,9827023750531811;-0,18011248143010075;0,9826225174513097;-0,1808397436282058;5,282166464499209e-07
357;0,0810050713034109;0,03900349621248213;-0,08099999999959825;-0,0389999999998118;5,0713038126509735e-06;3,496212670324461e-06;0,005215711521192651;0,005215711521192651;0,005215711521192651;0,9952097736738014;-0,04259064550956477;0,9951424053705951;-0,043196119090756414;5,215711521192651e-07
358;0,07900083160309743;0,038000702216224466;-0,0790000000016302;-0,037999999993067704;8,316014672299366e-07;7,022231567621606e-07;0,005208006866923254;0,005208006866923255;0,005208006866923255;0,9718404715450167;-0,5891723656184615;0,9718287892356605;-0,5893503626676094;5,208006866923255e-07
359;0,0;0,0;0,0;0,0;0,0;0,0;;;;;;;;
360;0,05500264921233769;0,027001826531089543;-0,05500000000238516;-0,026999999989617492;2,6492099525279866e-06;1,8265414720511353e-06;0,003663680714665777;0,0036636807146657774;0,0036636807146657774;0,9655870881094282;-0,6463449814355955;0,9655369276999283;-0,6467865223304965;3,6636807146657773e-07
361;0,0;0,0;0,0;0,0;0,0;0,0;;;;;;;;
362;0,0;0,0;0,0;0,0;0,0;0,0;;;;;;;;
363;-9,999999984788953e-05;7,000781243879709e-14;0,00010000001244414302;8,614686781420426e-12;1,2596253494466872e-11;8,684694593859223e-12;5,991580359919246e-06;5,991580359919247e-06;5,991580359919247e-06;0,9636026450944524;-0,664456957988073;0,9636027664722878;-0,6644519820252215;5,991580359919247e-10
364;0,0;0,0;0,0;0,0;0,0;0,0;;;;;;;;
365;0,07100694622127554;0,0340047891867745;-0,07099999999999877;-0,03400000000001187;6,946221276768472e-06;4,789186762631237e-06;0,004595252305435855;0,004595252305435853;0,004595252305435855;0,9891604218869949;-0,0963650892514698;0,9890557203669068;-0,09732525578186117;4,5952523054358545e-07
366;0,00010000000874139201;6,046757990846985e-12;-9,999999992067503e-05;3,48307251452556e-14;8,820716983974457e-12;6,081588715992241e-12;6,0469487130739736e-06;6,0469487130739736e-06;6,0469487130739736e-06;0,9547795872814349;-0,4040874730649139;0,9547795030630353;-0,4040909575582727;6,046948713073974e-10
367;0,0;0,0;0,0;0,0;0,0;0,0;;;;;;;;
368;0,06810711161181919;0,033004903494625065;-0,06810206956670488;-0,03300142687897269;5,042045114311833e-06;3,4766156523785563e-06;0,004386430792522084;0,004386430792522084;0,004386430792522084;0,9961526442597428;-0,034014157191431714;0,9960729673739441;-0,03471811973716557;4,386430792522083e-07
369;0,0680041271499164;0,03300284544057414;-0,067999999999979;-0,03299999999997842;4,1271499374023746e-06;2,8454405957209494e-06;0,004371175543955132;0,0043711755439551315;0,004371175543955132;0,9983934160037831;-0,014172970919612962;0,9983279653178501;-0,014747535931154167;4,3711755439551325e-07
370;0,0;0,0;0,0;0,0;0,0;0,0;;;;;;;;
371;0,03500177643929733;0,017001224644488087;-0,035000000015243525;-0,016999999917414008;1,7764240538079012e-06;1,224727074079085e-06;0,002363522617391552;0,002363522617391552;0,002363522617391552;0,9505311507939767;-0,4445325160602257;0,9504790469293735;-0,44501183062299876;2,363522617391552e-07
372;0,0;0,0;0,0;0,0;0,0;0,0;;;;;;;;
373;0,12702912373564168;0,061020079110871026;-0,1270152232680805;-0,06101049622818658;1,3900467561167584e-05;9,582882684447402e-06;0,008233506211589928;0,008233506211589926;0,008233506211589928;0,9881946968264853;-0,10512014516616375;0,988077739207656;-0,10618511984761626;8,233506211589928e-07
374;0,12202602188331885;0,05901794118589065;-0,1220000000056552;-0,05899999997338382;2,602187766365116e-05;1,794121250682512e-05;0,008119209487923051;0,008119209487923051;0,008119209487923051;0,9638760454476755;-0,6620553110424877;0,9636539190352665;-0,6640937695732295;8,119209487923051e-07
375;0,06200480628746245;0,03000405758880216;-0,062000000000040224;-0,030000000000065072;4,8062874222279395e-06;4,057588737088613e-06;0,0040164998123025505;0,0040164998123025505;0,0040164998123025505;0,9901531734005216;-0,08648633267811574;0,9900655787472447;-0,0877831252955588;4,0164998123025504e-07
376;0,0;0,0;0,0;0,0;0,0;0,0;;;;;;;;
377;0,06000073271995121;0,029000505109376823;-0,059999999999345834;-0,02899999999985311;7,327206053772684e-07;5,051095237143532e-07;0,003853236130882855;0,003853236130882855;0,003853236130882855;0,9985271250572721;-0,03693258977598162;0,9985139468717146;-0,037049446257775474;3,853236130882855e-07
378;0,0;0,0;0,0;0,0;0,0;0,0;;;;;;;;
379;0,06800265581184593;0,03300183129167929;-0,06799999999949918;-0,033000000000067725;2,6558123467496086e-06;1,831291611562036e-06;0,004419703292064947;0,004419703292064947;0,004419703292064947;0,9874081148233734;-0,11202363963992745;0,9873664584353449;-0,11239355461139405;4,4197032920649473e-07
380;0,05600220085111454;0,027001517480189353;-0,05599999999980676;-0,027000000000011376;2,2008513077820258e-06;1,5174801779767322e-06;0,0035986098683900495;0,003598609868390049;0,0035986098683900495;0,9974653257162466;-0,022385780791589503;0,9974229462804172;-0,022764612167236645;3,5986098683900495e-07
381;0,05600055077502475;0,027000379937362595;-0,05600000000081071;-0,026999999999781962;5,50774214042038e-07;3,799375806329275e-07;0,0035893742276651595;0,0035893742276651595;0,0035893742276651595;1,0;0,0;0,9999893657855402;-9,49573051874337e-05;3,5893742276651593e-07
382;0,053103689586721084;0,02600254391198521;-0,053101334242330794;-0,0260009199250921;2,3553443902896154e-06;1,6239868931081092e-06;0,003425989149993083;0,0034259891499930826;0,003425989149993083;0,9964314646079582;-0,03154317902571475;0,9963837810416224;-0,03195282069267921;3,425989149993083e-07
383;-0,12200000011694674;-0,05899999929096892;0,12202436075009118;0,05901679513105756;2,4360633144440702e-05;1,6795840088637548e-05;0,008332301545409641;0,008332301545409643;0,008332301545409643;0,9390092267420505;-0,6073044041555921;0,939211854451484;-0,6053960532932777;8,332301545409643e-07
384;0,05200025768828363;0,025000177663730503;-0,051999999999664;-0,024999999996063883;2,5768861963010314e-07;1,77667666620418e-07;0,0034279012604521188;0,003427901260452119;0,003427901260452119;0,9717852300669719;-0,5897001040233417;0,9717800218920568;-0,5897482346843732;3,427901260452119e-07
385;-0,07110510316940256;-0,03400351821971843;0,07110802576039489;0,03400553324825485;2,9225909923269455e-06;2,015028536424268e-06;0,004712909276605885;0,004712909276605884;0,004712909276605885;0,9655441388709953;-0,6467498634353789;0,9655870881094282;-0,6463449814355955;4,712909276605885e-07
386;0,0;0,0;0,0;0,0;0,0;0,0;;;;;;;;
387;-0,07100000000299658;-0,033999999986933475;0,07100510316959467;0,03400351822008056;5,1031665980888485e-06;3,5182331470859363e-06;0,004707515545871977;0,004707515545871978;0,004707515545871978;0,9654690536361598;-0,6474551364513537;0,9655441388709953;-0,6467498634353789;4,707515545871978e-07
388;-0,00010000000004101448;8,107840923378182e-14;0,00010000001301053005;8,86097489310532e-12;1,296951557109606e-11;8,942053302339102e-12;5,8468864703699214e-06;5,8468864703699214e-06;5,8468864703699214e-06;0,9874490848287245;-0,1116855565767146;0,9874492128960911;-0,1116804331582311;5,846886470369922e-10
389;0,0;0,0;0,0;0,0;0,0;0,0;;;;;;;;
390;0,05000182251518971;0,024001256405140763;-0,050000000000216614;-0,0240000000001712;1,8225149730974333e-06;1,2564049695629187e-06;0,0032129331653201246;0,0032129331653201246;0,0032129331653201246;0,9966621593187106;-0,029476995163815925;0,9966228647966898;-0,02983237683476566;3,2129331653201245e-07
391;0,0;0,0;0,0;0,0;0,0;0,0;;;;;;;;
392;0,12102278353375111;0,058015708668016336;-0,12100000002568509;-0,05799999986170797;2,2783508066018254e-05;1,570880630836352e-05;0,008121858479011193;0,008121858479011193;0,008121858479011193;0,9540452679109762;-0,4110427855985893;0,9538509522578376;-0,41288593754166303;8,121858479011193e-07
393;-0,07000000001524885;-0,03399999992269838;0,07000449454834522;0,034003098638062966;4,494533096366382e-06;3,0987153645870014e-06;0,004706998726647385;0,004706998726647385;0,004706998726647385;0,9545270164485414;-0,40648677075297823;0,9545932113805998;-0,40588040140058235;4,706998726647385e-07
394;0,04500074719221058;0,02200051516414012;-0,045000000000325;-0,022000000000377697;7,471918855792015e-07;5,151637624233041e-07;0,002918547473010789;0,0029185474730107895;0,0029185474730107895;0,9909020415015481;-0,10446685264219914;0,990884286448019;-0,10462085992921002;2,9185474730107894e-07
395;0,04500014243690247;0,022000098251221817;-0,045000000000542995;-0,022000000001324214;1,4243635947791544e-07;9,82498976030699e-08;0,00294346940432188;0,00294346940432188;0,00294346940432188;0,9824979683412236;-0,1814631785574062;0,9824946119868103;-0,1814925832603459;2,94346940432188e-07
396;0,09401522326820086;0,04501049622824671;-0,09400147501942722;-0,045001016903084494;1,3748248773634564e-05;9,479325162216334e-06;0,006090588598583325;0,006090588598583325;0,006090588598583325;0,988077739207656;-0,10618511984761626;0,9879213891204919;-0,10762177695220938;6,090588598583325e-07
397;0,043000300389044586;0,021000207149049138;-0,04300000000072588;-0,021000000000888776;3,0038831870526916e-07;2,071481603610481e-07;0,0027979865368849264;0,0027979865368849264;0,0027979865368849264;0,9874492128960911;-0,1116804331582311;0,9874417674943771;-0,1117454650340184;2,797986536884926e-07
398;0,04100080826199074;0,020000557303754732;-0,04099999999992539;-0,02000000000008364;8,082620653535044e-07;5,573036710934676e-07;0,0026750566311984666;0,0026750566311984675;0,0026750566311984675;0,9845815066153687;-0,2864300612998399;0,9845605546232301;-0,2866140924517836;2,6750566311984673e-07
399;-0,04100000000016791;-0,019999999999946488;0,041000995385488105;0,02000068621255359;9,953853201960516e-07;6,862126071018049e-07;0,0026423891196219623;0,0026423891196219623;0,0026423891196219623;0,9967325481748985;-0,028856173202346333;0,9967586687303185;-0,028629666414086465;2,642389119621962e-07
400;0,0;0,0;0,0;0,0;0,0;0,0;;;;;;;;
401;0,04000137277664512;0,019000946415237367;-0,040000000000189405;-0,019000000000022117;1,3727764557117106e-06;9,464152152492689e-07;0,0025668657704383618;0,0025668657704383618;0,0025668657704383618;0,9960729673739441;-0,03471811973716557;0,9960359433908987;-0,035062111159938125;2,5668657704383615e-07
402;-0,03299999999969982;-0,01599999999994232;0,03300115073146657;0,0160007934842495;1,1507317667497352e-06;7,934843071800979e-07;0,002145486236592914;0,002145486236592914;0,002145486236592914;0,9869037108186649;-0,11670514566220858;0,9869408902474817;-0,11637402372334468;2,1454862365929138e-07
403;-0,03310115073157465;-0,016000793484271827;0,03310261144530647;0,01600180069121326;1,4607137318184416e-06;1,007206941433525e-06;0,0021507515560963844;0,0021507515560963844;0,0021507515560963844;0,9869408902474817;-0,11637402372334468;0,98698796061827;-0,11595156137187981;2,1507515560963843e-07
404;0,0;0,0;0,0;0,0;0,0;0,0;;;;;;;;
405;0,03710068271493428;0,018000470628831977;-0,03710024290791633;-0,01800016745588174;4,398070179503777e-07;3,031729502375735e-07;0,0023935103358660482;0,0023935103358660482;0,0023935103358660482;0,9946940571407082;-0,11487731437926595;0,9946813202134729;-0,11498955671569998;2,393510335866048e-07
406;0,034001005528411066;0,017000693302418816;-0,03399999999961697;-0,01699999999992225;1,0055287940971547e-06;6,933024965655177e-07;0,00220272592839063;0,0022027259283906304;0,0022027259283906304;0,9963837810416224;-0,03195282069267921;0,9963520810928037;-0,032209683789472796;2,2027259283906306e-07
407;0,034000081067174226;0,01700005591619191;-0,03400000000166414;-0,016999999998741525;8,106551008940643e-08;5,591745038530105e-08;0,002220583729099901;0,002220583729099901;0,002220583729099901;0,9883420130171637;-0,10365489912093351;0,9883394776534344;-0,10367563972919613;2,220583729099901e-07
408;0,0;0,0;0,0;0,0;0,0;0,0;;;;;;;;
409;0,03100019719292615;0,015000135936833059;-0,031000000001223306;-0,01500000000042514;1,9719170284496212e-07;1,3593640791828565e-07;0,0019989445180829206;0,0019989445180829206;0,0019989445180829206;0,9946813202134729;-0,11498955671569998;0,994674483302836;-0,11505024118156058;1,998944518082921e-07
410;0,0;0,0;0,0;0,0;0,0;0,0;;;;;;;;
411;0,029103700703853867;0,014002551467933114;-0,02910146553040429;-0,014001010408771499;2,2351734495773545e-06;1,5410591616155794e-06;0,0018666840862127667;0,0018666840862127667;0,0018666840862127667;0,9989203551908377;-0,00951102974113792;0,9988373936118073;-0,010255504657953855;1,8666840862127666e-07
412;0,029000062563568317;0,014000052814493541;-0,02899999999828631;-0,013999999998253758;6,256528200729305e-08;5,281623978274641e-08;0,0018897295415531376;0,0018897295415531373;0,0018897295415531376;0,9838528953397777;-0,16355073009982943;0,9838504724104199;-0,16358696155236604;1,889729541553138e-07
413;0,00010000000457264911;3,635295194056602e-12;-0,00010000000010742824;-5,563323067005006e-13;4,4652208634147345e-12;3,0789628873561014e-12;5,874502821315067e-06;5,874502821315065e-06;5,874502821315067e-06;0,9828070785751746;-0,17918365519875257;0,9828070346906693;-0,17918541931444487;5,874502821315067e-10
414;0,0;0,0;0,0;0,0;0,0;0,0;;;;;;;;
415;0,02800069679085004;0,014000480463690367;-0,027999999999939237;-0,013999999999983226;6,967909108035464e-07;4,804637071410128e-07;0,0018145664776467757;0,001814566477646776;0,001814566477646776;0,9960729673739441;-0,03471811973716557;0,9960463011366093;-0,034934312618723797;1,814566477646776e-07
416;0,0260002467037036;0,013000170092049521;-0,02600000000299532;-0,01299999998466585;2,4670070827848e-07;1,701073836703898e-07;0,0017320883994477406;0,0017320883994477406;0,0017320883994477406;0,9689516512989192;-0,3213960514915436;0,9689417605073773;-0,3214784808182732;1,7320883994477406e-07
417;0,0;0,0;0,0;0,0;0,0;0,0;;;;;;;;
418;0,0240014509761091;0,012001000374494029;-0,023999999999959453;-0,011999999999951222;1,4509761496472873e-06;1,0003745428074917e-06;0,0015510974119502922;0,0015510974119502918;0,0015510974119502922;0,9988373936118073;-0,010255504657953855;0,9987724346285356;-0,010780464997190365;1,5510974119502923e-07
419;0,024000820254450463;0,01200056552587833;-0,024000000000056254;-0,011999999999909531;8,202543942091578e-07;5,655259687990105e-07;0,0015509247459281677;0,0015509247459281675;0,0015509247459281677;0,9989203551908377;-0,00951102974113792;0,9988836289773717;-0,00980780862139182;1,5509247459281678e-07
420;0,024000359807189182;0,012000248024521114;-0,023999999999972123;-0,011999999999898538;3,598072170589439e-07;2,4802462257611513e-07;0,001576614981010331;0,0015766149810103312;0,0015766149810103312;0,9826231143783362;-0,3039021059237191;0,9826072675563116;-0,3040322053789377;1,5766149810103312e-07
421;0,0;0,0;0,0;0,0;0,0;0,0;;;;;;;;
422;0,023000141277495324;0,011000097388796655;-0,023000000004118514;-0,010999999973423392;1,4127337680941432e-07;9,741537326281302e-08;0,0015306345317597661;0,001530634531759766;0,0015306345317597661;0,9616730174398609;-0,39805985438701497;0,9616666247874025;-0,3981203712366116;1,5306345317597663e-07
423;0,02300006340905483;0,01100004369367037;-0,02299999999856689;-0,010999999986222444;6,341048794031301e-08;4,3707447926547016e-08;0,0015207114723167195;0,0015207114723167193;0,0015207114723167195;0,9679446510675116;-0,28053203901417356;0,9679417632903641;-0,28055916680439874;1,5207114723167194e-07
424;0,022000617387224166;0,010000425657505446;-0,022000000000030478;-0,009999999999943287;6,173871936882014e-07;4,2565756215931505e-07;0,0014055517782603842;0,001405551778260384;0,0014055517782603842;0,9926867227110621;-0,06483529686935965;0,9926564006230905;-0,06514831401160871;1,4055517782603843e-07
425;0,021300536465908015;0,01000036989324879;-0,021300127809909055;-0,010000088138633912;4,0865599896036664e-07;2,81754614877075e-07;0,0013650847767119998;0,0013650847767119993;0,0013650847767119998;0,9952334240584666;-0,09649200059548338;0,9952127144719897;-0,09669013856007912;1,3650847767119998e-07
426;0,021000472174814228;0,010000325529400755;-0,02100000000009749;-0,010000000000120605;4,721747167389656e-07;3,2552928014989435e-07;0,0013682649849998966;0,0013682649849998966;0,0013682649849998966;0,9814730186767316;-0,19081383574434035;0,98144912471548;-0,19103775699608186;1,3682649849998967e-07
427;0,021000127761833437;0,010000088106454294;-0,020999999999928787;-0,010000000000446515;1,2776190464955373e-07;8,810600777946209e-08;0,0013493510474394137;0,0013493510474394137;0,0013493510474394137;0,9952127144719897;-0,09669013856007912;0,995206158141423;-0,0967507813604115;1,3493510474394135e-07
428;0,021000071363688623;0,010000060254985278;-0,021000000001256347;-0,009999999999546358;7,136243227595651e-08;6,025543891965968e-08;0,001360575451178388;0,001360575451178388;0,001360575451178388;0,9869997921477676;-0,11282060307906044;0,9869959587982255;-0,11287903606348837;1,360575451178388e-07
429;0,02100007645907456;0,010000052673964038;-0,021000000008102163;-0,009999999953277836;7,645097239647458e-08;5,2720686202073486e-08;0,0014115478576879495;0,0014115478576879495;0,0014115478576879495;0,9513582962332474;-0,4323518943115846;0,9513545458962213;-0,432388180580244;1,4115478576879496e-07
430;0,021000081223530847;0,010000056000299061;-0,02100000000065196;-0,00999999999984631;8,122287888795432e-08;5,600045275069854e-08;0,0013608331359152644;0,0013608331359152646;0,0013608331359152646;0,9868131958448033;-0,26266795761056977;0,9868090631302058;-0,26270648443602257;1,3608331359152645e-07
431;0,021000054666179366;0,01000003762665999;-0,021000000008601062;-0,009999999952399235;5,465757830364071e-08;3,7674260754475e-08;0,001411859458242467;0,0014118594582424667;0,001411859458242467;0,9511472601631683;-0,4343315759861728;0,9511445798134672;-0,434357479080496;1,411859458242467e-07
432;0,0;0,0;0,0;0,0;0,0;0,0;;;;;;;;
433;0,0;0,0;0,0;0,0;0,0;0,0;;;;;;;;
434;0,019000328713829995;0,009000226622506904;-0,018999999999891454;-0,009000000000002884;3,287139385410587e-07;2,2662250401955797e-07;0,0012182375968166777;0,001218237596816678;0,001218237596816678;0,9963837810416224;-0,03195282069267921;0,9963651044495484;-0,032127479082390234;1,2182375968166778e-07
435;0,019000292944097986;0,009000201975055966;-0,01900000000019656;-0,009000000000054166;2,9294390142473037e-07;2,0197500179980343e-07;0,0012182927507973583;0,001218292750797358;0,0012182927507973583;0,9963366412404956;-0,03238799613778512;0,9963199974877791;-0,032543681196679754;1,2182927507973583e-07
436;0,018100429602797057;0,00900029614779026;-0,018100173465136572;-0,009000119571666456;2,56137660484268e-07;1,765761238042146e-07;0,0012044890557840213;0,001204489055784021;0,0012044890557840213;0,9689516512989192;-0,3213960514915436;0,9689368894470577;-0,3215209544886776;1,2044890557840213e-07
437;0,018000173465316516;0,009000119571301342;-0,018000000002210227;-0,00899999998917485;1,7346310628857387e-07;1,1958212649265665e-07;0,0011991565823803849;0,0011991565823803853;0,0011991565823803853;0,9689368894470577;-0,3215209544886776;0,9689268447248461;-0,3216046069198976;1,1991565823803852e-07
438;0,018000015062618013;0,009000010367605827;-0,01800000000310806;-0,008999999998762912;1,505950995156491e-08;1,0368842914484921e-08;0,0011711276908886023;0,0011711276908886025;0,0011711276908886025;0,9921173057579379;-0,09355547988337803;0,992116413120747;-0,09356270955495066;1,1711276908886024e-07
439;0,01700020152719184;0,008000138952431075;-0,016999999999838925;-0,00799999999994379;2,0152735291309454e-07;1,3895248728544585e-07;0,0010889461800073076;0,0010889461800073076;0,0010889461800073076;0,9961526442597428;-0,034014157191431714;0,9961398395291887;-0,03413588456164852;1,0889461800073075e-07
440;-0,023100141278139433;-0,011000097389329156;0,023101137346974197;0,011000784133205994;9,960688347639135e-07;6,867438768383416e-07;0,0015360527685408262;0,0015360527685408262;0,0015360527685408262;0,9616730174398609;-0,39805985438701497;0,9617179171495253;-0,3976303848517005;1,5360527685408264e-07
441;0,01500016291742747;0,007000112316973866;-0,01499999999997192;-0,006999999999957557;1,6291745555049864e-07;1,1231701630906588e-07;0,0009576915409478849;0,0009576915409478849;0,0009576915409478849;0,997916313111108;-0,01840067950507287;0,9979045495592029;-0,018514502932437397;9,57691540947885e-08
442;0,014000292252909894;0,007000201485050003;-0,014000000000809228;-0,0069999999959130844;2,9225210066569085e-07;2,0148913691848958e-07;0,0009272227389717498;0,0009272227389717498;0,0009272227389717498;0,9746486689042606;-0,22058316346593967;0,9746267817520189;-0,22076442060735305;9,272227389717498e-08
443;0,01400018034689819;0,007000124342814725;-0,01400000000041947;-0,006999999999962096;1,8034647871964515e-07;1,2434285262975103e-07;0,0009068480379667607;0,0009068480379667606;0,0009068480379667607;0,9965381187066739;-0,0305516698898343;0,9965243087054797;-0,03066354117539876;9,068480379667608e-08
444;0,014000176880979912;0,007000121945277951;-0,013999999999777126;-0,006999999999959612;1,7688120278538944e-07;1,2194531833886052e-07;0,0009071987130008016;0,0009071987130008016;0,0009071987130008016;0,9961526442597428;-0,034014157191431714;0,9961391050845918;-0,03412385163619881;9,071987130008017e-08
445;0,01420040332651933;0,00600027807785637;-0,01420038984581193;-0,006000268779120242;1,3480707399329828e-08;9,298736128315888e-09;0,0009055354037826152;0,0009055354037826153;0,0009055354037826153;0,9828952257165079;-0,177868565043112;0,9828942032345943;-0,17788089860327985;9,055354037826153e-08
446;0,01410038984677033;0,006000268778026773;-0,01410007888876672;-0,006000054391284659;3,109580036103621e-07;2,1438674211414488e-07;0,0009001275254243854;0,0009001275254243854;0,0009001275254243854;0,9828942032345943;-0,17788089860327985;0,9828704663420705;-0,178163232498226;9,001275254243855e-08
447;0,0;0,0;0,0;0,0;0,0;0,0;;;;;;;;
448;0,013000058236653976;0,006000040155775884;-0,013000000000054582;-0,005999999999930259;5,823659939355186e-08;4,0155845625229614e-08;0,0008415556857374267;0,0008415556857374266;0,0008415556857374267;0,9822805821274755;-0,3071260328598088;0,9822758000689725;-0,30717427466422603;8,415556857374267e-08
449;-0,03800000001550968;-0,017999999910290356;0,03800207619065988;0,018001431295950512;2,076175150196591e-06;1,4313856601562425e-06;0,0025551619662099387;0,0025551619662099387;0,0025551619662099387;0,9500841400662057;-0,4492156492009671;0,9501403818657777;-0,44866406405852094;2,5551619662099386e-07
450;0,012000150862714325;0,006000104026873466;-0,012000000000258268;-0,006000000000031693;1,5086245605706872e-07;1,0402684177349825e-07;0,0007768358663180677;0,0007768358663180678;0,0007768358663180678;0,9971310276824007;-0,025336329306150752;0,9971175416075444;-0,025445555027547882;7,768358663180678e-08
451;0,0;0,0;0,0;0,0;0,0;0,0;;;;;;;;
452;0,0;0,0;0,0;0,0;0,0;0,0;;;;;;;;
453;-0,010100000006512441;-0,005000000005573933;0,010100099312329188;0,005000083843480054;9,930581674685857e-08;8,38379061209038e-08;0,0006601807053675874;0,0006601807053675874;0,0006601807053675874;0,9855882189922125;-0,2735392397575479;0,9855992549943603;-0,273381246748886;6,601807053675874e-08
454;0,010000042077629383;0,0050000290061939815;-0,00999999999998329;-0,00499999999947625;4,207764609312492e-08;2,900671773175406e-08;0,0006529307794463067;0,0006529307794463067;0,0006529307794463067;0,9886195696449969;-0,09762577863270634;0,98861509469795;-0,09766230060636655;6,529307794463067e-08
455;0,010000075039379207;0,005000051738892919;-0,010000000000310757;-0,004999999999971606;7,503906845028607e-08;5,173892131307006e-08;0,000647937088694878;0,0006479370886948781;0,0006479370886948781;0,9962424539979475;-0,033218037593475504;0,9962344117133727;-0,033283213936727216;6,479370886948781e-08
456;0,0;0,0;0,0;0,0;0,0;0,0;;;;;;;;
457;0,009000124706986086;0,00400008596849884;-0,00900000000156381;-0,003999999990099272;1,247054222767996e-07;8,597839956745595e-08;0,0005915508736963451;0,000591550873696345;0,0005915508736963451;0,9612574181314802;-0,4018154775283595;0,9612428878770746;-0,40197790205655076;5,915508736963451e-08
458;0,009000073401203158;0,004000050607786505;-0,008999999999815817;-0,003999999999990034;7,340138734150681e-08;5,060779647084179e-08;0,0005785392368807594;0,0005785392368807594;0,0005785392368807594;0,9828704663420705;-0,178163232498226;0,9828617214686493;-0,1782588415394525;5,785392368807594e-08
459;0,04200147501948454;0,020001016903078043;-0,042000000000027946;-0,020000000000007095;1,4750194565968378e-06;1,0169030709474003e-06;0,002718705256398135;0,0027187052563981346;0,002718705256398135;0,9879213891204919;-0,10762177695220938;0,9878838235512452;-0,1079715099020511;2,718705256398135e-07
460;0,0;0,0;0,0;0,0;0,0;0,0;;;;;;;;
461;0,006000045715247272;0,003000031520057774;-0,006000000000009592;-0,0030000000001495926;4,5715237679579135e-08;3,1519908181339845e-08;0,0003893724566049856;0,0003893724566049856;0,0003893724566049856;0,9946813202134729;-0,11498955671569998;0,9946731671829827;-0,11505573118930645;3,893724566049856e-08
462;0,005000041298563872;0,002000028468612912;-0,0050000000005609915;-0,001999999995024059;4,12980028802884e-08;2,8473588853036857e-08;0,0003234513415190172;0,0003234513415190172;0,0003234513415190172;0,9612433756187563;-0,40201135171150937;0,9612346437216971;-0,4021294430464867;3,234513415190172e-08
463;0,005000014554104227;0,0020000100340582206;-0,004999999999889284;-0,001999999999876079;1,4554214942605337e-08;1,0034182141432924e-08;0,00031127552134731955;0,00031127552134731955;0,00031127552134731955;0,9988373936118073;-0,010255504657953855;0,9988341959837367;-0,010297118016367261;3,1127552134731954e-08
464;0,005000022946336775;0,0020000158213938145;-0,004999999999876008;-0,0020000000000748477;2,2946460767094e-08;1,5821318966741105e-08;0,00031199038886997653;0,0003119903888699765;0,00031199038886997653;0,996550584549565;-0,030491658730957227;0,9965455545731348;-0,03055727920326375;3,1199038886997655e-08
465;0,0050000054879630225;0,0020000037833037532;-0,005000000000360249;-0,0020000000008204405;5,487602773232569e-09;3,782483312675389e-09;0,0003163316236048234;0,0003163316236048233;0,0003163316236048234;0,9828704663420705;-0,178163232498226;0,9828692800194742;-0,1781789141583338;3,163316236048235e-08
466;0,00020000004824893697;3,277773141982821e-11;-0,00020000000396593997;-2,2460891899170267e-12;4,428299700130929e-11;3,053164222991118e-11;1,1602552903047077e-05;1,160255290304708e-05;1,160255290304708e-05;0,9952127144719897;-0,09669013856007912;0,9952124941170212;-0,09669888522903346;1,160255290304708e-09
467;-9,999999982112619e-05;-7,655577480304156e-14;0,00010000000802669181;5,7340182584781946e-12;8,205565621508676e-12;5,657462483675153e-12;6,116950217239332e-06;6,116950217239332e-06;6,116950217239332e-06;0,9438531419297114;-0,5618203469049319;0,9438532193782021;-0,5618171054179651;6,116950217239332e-10
468;0,00010000001013394709;7,1015403042419314e-12;-0,00010000000010020543;-1,8361170080622365e-13;1,0033741659797382e-11;6,917928603435708e-12;5,932537137753188e-06;5,932537137753188e-06;5,932537137753188e-06;0,973192943073014;-0,25109023572795336;0,9731928454253557;-0,2510941994086606;5,932537137753188e-10
469;-0,0001000000004716226;-1,2978225773523002e-13;0,00010000000356788246;2,264549655727174e-12;3,0962598614571804e-12;2,134767397991944e-12;5,941134575867577e-06;5,941134575867579e-06;5,941134575867579e-06;0,9717845380202152;-0,5897282360304438;0,9717845681091899;-0,5897270128988682;5,941134575867579e-10
470;-9,999999993146946e-05;-8,239195695874165e-14;0,0001000000078230956;5,523049273200586e-12;7,891626141085482e-12;5,440657316241844e-12;5,854032658095127e-06;5,854032658095127e-06;5,854032658095127e-06;0,9862436759651275;-0,28059316155669034;0,9862437537957929;-0,2805900442899179;5,854032658095127e-10
471;-9,999999981978498e-05;6,047099606434393e-14;0,00010000000643508843;5,524344003506287e-12;6,615303452055764e-12;5,584814999570631e-12;5,857926213170259e-06;5,857926213170258e-06;5,857926213170259e-06;0,9855881537925637;-0,2735424396206326;0,9855882189922125;-0,2735392397575479;5,857926213170259e-10
472;0,00010000000339925499;2,3086528945123262e-12;-9,999999970900513e-05;2,3565069301837966e-13;3,690249860788079e-12;2,544303587530706e-12;5,801276533686148e-06;5,801276533686147e-06;5,801276533686148e-06;0,9952124941170212;-0,09669888522903346;0,9952124573911946;-0,09670034300756251;5,801276533686147e-10
