;p_from_mw;q_from_mvar;p_to_mw;q_to_mvar;pl_mw;ql_mvar;i_from_ka;i_to_ka;i_ka;vm_from_pu;va_from_degree;vm_to_pu;va_to_degree;loading_percent
0;-3,8952503788552284;-1,9067191712952356;3,899806177464143;1,9120936931324195;0,004555798608914419;0,005374521837183899;0,2507627731083987;0,2507627731083987;0,2507627731083987;0,9985136524137131;-0,03725662058522014;1,0;0,0;2,5076277310839868e-05
1;-3,831698601259004;-1,874203611472853;3,8351496461164913;1,8777186661713645;0,003451044857487151;0,003515054698511433;0,2469043404966459;0,24690434049664578;0,2469043404966459;0,9974275213420425;-0,05927818436989254;0,9985136524137131;-0,03725662058522014;2,469043404966459e-05
2;-5,50820968826833;-2,702840355128775;5,529578182233081;2,7175731895713398;0,021368493964750712;0,01473283444256479;0,35572198373685526;0,35572198373685526;0,35572198373685526;0,9958329009984539;-0,03545957551662547;1,0;0,0;3,5572198373685525e-05
3;-5,428434123273864;-2,6595144290245454;5,449209688281772;2,6738403551101118;0,02077556500790756;0,014325926085566376;0,3519104902279725;0,35191049022797244;0,3519104902279725;0,9917377912970807;-0,0706168033077315;0,9958329009984539;-0,03545957551662547;3,5191049022797244e-05
4;2,2457895734600015;1,1026573527095138;-2,236929984665652;-1,0936362707747846;0,008859588794349449;0,00902108193472917;0,1444463458144697;0,1444463458144697;0,1444463458144697;1,0;0,0;0,9952335707597806;-0,09648368483648444;1,444463458144697e-05
5;-5,128616609356377;-2,5116777573083144;5,1414108098338485;2,5204983551361897;0,012794200477471485;0,008820597827875254;0,33334462996496556;0,33334462996496556;0,33334462996496556;0,9890756777739376;-0,0935753342058608;0,9917377912970807;-0,0706168033077315;3,333446299649655e-05
6;-2,201042259345932;-1,0688846386386004;2,2155294482009222;1,0836359008809435;0,01448718885499023;0,014751262242343133;0,14307622171809656;0,14307622171809656;0,14307622171809656;0,9873706565283548;-0,25772512190807484;0,9952335707597806;-0,09648368483648444;1,4307622171809658e-05
7;-3,822655015068211;-1,8651990998183965;3,831498601232418;1,874203611454574;0,008843586164207107;0,009004511636177437;0,24689394113812194;0,24689394113812196;0,24689394113812196;0,9946450772746311;-0,11589125806683498;0,9974275213420425;-0,05927818436989254;2,4689394113812197e-05
8;-2,994876515066509;-1,4822288580362937;2,9963881367812064;1,4840121691568129;0,0015116217146973199;0,0017833111205192154;0,1930512365880162;0,1930512365880162;0,1930512365880162;0,9993582268512292;-0,015897489509996733;1,0;0,0;1,9305123658801622e-05
9;-3,7727628958816544;-1,8342758524397065;3,7854543322847936;1,847198629141843;0,012691436403139189;0,012922776702136485;0,24449510227834625;0,2444951022783462;0,24449510227834625;0,9906144602734486;-0,19849547196121722;0,9946450772746311;-0,11589125806683498;2,444951022783463e-05
10;-2,961808830071351;-1,4486608052023853;2,9947765150665933;1,4822288580368315;0,03296768499524205;0,033568052834446194;0,19304605883577222;0,19304605883577222;0,19304605883577222;0,9860791502184874;-0,28457363362476623;0,9993582268512292;-0,015897489509996733;1,9304605883577223e-05
11;2,961708830109805;1,4486608051707741;-2,933332095492646;-1,4197664631735676;0,028376734617159283;0,02889434199720653;0,193040799271559;0,19304079927155904;0,19304079927155904;0,9860791502184874;-0,28457363362476623;0,9746665947883895;-0,5217042901445312;1,9304079927155904e-05
12;-3,637553552377336;-1,7638972688148673;3,6467628958825022;1,7732758524390329;0,009209343505166334;0,009378583624165548;0,2363362535717763;0,2363362535717763;0,2363362535717763;0,9875898909906512;-0,2609555609382307;0,9906144602734486;-0,19849547196121722;2,363362535717763e-05
13;3,800245840499656;1,8651721416420628;-3,7795473909207034;-1,8509018599107032;0,020698449578952616;0,01427028173135958;0,2444090530660473;0,2444090530660473;0,2444090530660473;1,0;0,0;0,9941258617953126;-0,05024918650378242;2,444090530660473e-05
14;3,5215290275063222;1,72323639081206;-3,503359338092279;-1,710709247791226;0,018169689414043066;0,01252714302083402;0,2286369207187389;0,22863692071873895;0,22863692071873895;0,9900109076891832;-0,08577916010939161;0,9844996322533908;-0,13377457754767155;2,2863692071873894e-05
15;3,653547390935928;1,7899018598904464;-3,639529027456299;-1,7802363908771917;0,014018363479629148;0,009665469013254713;0,2362790967218809;0,23627909672188094;0,23627909672188094;0,9941258617953126;-0,05024918650378242;0,9900109076891832;-0,08577916010939161;2,3627909672188094e-05
16;3,3773593382171407;1,649709247636049;-3,3605774413822536;-1,6381384409761575;0,016781896834887178;0,01157080665989163;0,22042743336506135;0,22042743336506126;0,22042743336506135;0,9844996322533908;-0,13377457754767155;0,9792202233397187;-0,18022954737202265;2,2042743336506135e-05
17;2,656453511290948;1,3022263796145381;-2,622415763146129;-1,278758197326307;0,03403774814481908;0,02346818228823122;0,170807287133912;0,17080728713391194;0,170807287133912;1,0;0,0;0,9861798067961492;-0,11959749033510089;1,70807287133912e-05
18;2,6013156918202114;1,268758136775865;-2,571944458013683;-1,248507221868411;0,029371233806528174;0,0202509149074539;0,16944037756579702;0,16944037756579705;0,16944037756579705;0,9861798067961492;-0,11959749033510089;0,9741615279738248;-0,22633005660848934;1,6944037756579705e-05
19;-2,8088468110661466;-1,370560898221812;2,817050720943528;1,3774864252870591;0,008203909877381399;0,006925527065247072;0,1862060950909984;0,1862060950909984;0,1862060950909984;0,9690575857932716;-0,3200353321814716;0,9722856575487332;-0,2720455101123841;1,862060950909984e-05
20;-3,1566009461201046;-1,5439296139243235;3,165220315959516;1,5512062286673534;0,008619369839411473;0,007276614743029874;0,20815536869070808;0,20815536869070808;0,20815536869070808;0,9746471040127691;-0,23710406782001164;0,9776817652406355;-0,19241169478372694;2,081553686907081e-05
21;-2,755142551637466;-1,3416735860093933;2,7597461351020867;1,3455604318827061;0,004603583464620531;0,003886845873312783;0,18292386043524614;0,1829238604352461;0,18292386043524614;0,9672140298920489;-0,34763525909540655;0,9690575857932716;-0,3200353321814716;1,8292386043524615e-05
22;1,6573367482781691;0,8066630241717689;-1,645527481152007;-0,7985209865217078;0,011809267126162037;0,008142037650061162;0,10641851862276602;0,10641851862276602;0,10641851862276602;1,0;0,0;0,9923067825744699;-0,06743613347500721;1,0641851862276603e-05
23;1,8881334367640363;0,9142948621922642;-1,8755866744146994;-0,9056442900663192;0,012546762349336937;0,008650572125945;0,12111954108864986;0,12111954108864985;0,12111954108864986;1,0;0,0;0,9928205970553599;-0,06375535748989515;1,2111954108864985e-05
24;1,8534860571940581;0,8956438645233764;-1,8509719453849307;-0,8939104686932804;0,0025141118091274173;0,0017333958300960184;0,11970932574133228;0,11970932574133226;0,11970932574133228;0,9928205970553599;-0,06375535748989515;0,9913651308122048;-0,07676899814707287;1,1970932574133228e-05
25;-3,024159785254601;-1,4774926747544632;3,030600946248271;1,4829296138108872;0,006441160993670092;0,005436939056423951;0,1998629141608434;0,19986291416084342;0,19986291416084342;0,9722856575487332;-0,2720455101123841;0,9746471040127691;-0,23710406782001164;1,9986291416084343e-05
26;-1,8345320771475893;-0,8855389351809629;1,8379719453850958;0,8879104686934859;0,003439868237506527;0,0023715335125229497;0,11887561443008522;0,11887561443008522;0,11887561443008522;0,9893598360707238;-0,09474436150492584;0,9913651308122048;-0,07676899814707287;1,1887561443008522e-05
27;-2,624597985501061;-1,2775405682225662;2,6291425518930516;1,2806735855280085;0,004544566391990745;0,0031330173054422428;0,17456763060296876;0,17456763060296876;0,17456763060296876;0,9654090558972339;-0,36385800499218385;0,9672140298920489;-0,34763525909540655;1,7456763060296875e-05
28;-2,615476146631217;-1,271320627213891;2,6244979858468516;1,2775405678383895;0,009021839215634486;0,006219940624498488;0,1745622534448419;0,1745622534448419;0,1745622534448419;0,9618259039867517;-0,39624677121846535;0,9654090558972339;-0,36385800499218385;1,7456225344484192e-05
29;1,2047662689779162;0,5839274935124235;-1,2034612286284863;-0,582825802645449;0,001305040349429909;0,0011016908669744252;0,07828586325153336;0,0782858632515334;0,0782858632515334;0,9873644877664383;-0,11124957214518467;0,9861440834124706;-0,12933974987908645;7,828586325153341e-06
30;1,1624612286287845;0,5628258026454923;-1,161058289985613;-0,561641392408165;0,0014029386431715363;0,0011844102373272936;0,07561511333618169;0,0756151133361817;0,0756151133361817;0,9861440834124706;-0,12933974987908645;0,9847859168555178;-0,14953752265855952;7,5615113336181704e-06
31;1,5195274811520343;0,7375209865214313;-1,5164563338825021;-0,735403633290701;0,0030711472695321707;0,0021173532307302567;0,09827357638825752;0,09827357638825752;0,09827357638825752;0,9923067825744699;-0,06743613347500721;0,9901404923480309;-0,08660416428265647;9,827357638825753e-06
32;4,27028522777725;2,0954492774995193;-4,252531548092483;-2,0832095077116364;0,017753679684767043;0,012239769787882882;0,2776617647520179;0,2776617647520179;0,2776617647520179;0,9890756777739376;-0,0935753342058608;0,984640663378109;-0,13189677646450287;2,7766176475201793e-05
33;3,261470991608376;1,5901336527161745;-3,2515342871061184;-1,5832821734476568;0,009936704502257587;0,006851479268517702;0,21393472038442182;0,2139347203844218;0,21393472038442182;0,9792202233397187;-0,18022954737202265;0,9759996154610039;-0,20880759718943606;2,1393472038442185e-05
34;2,761347997650166;1,3461537314261134;-2,7604791528629096;-1,3455543573140385;0,0008688447872562399;0,0005993741120748908;0,181723325570721;0,181723325570721;0,181723325570721;0,9759996154610039;-0,20880759718943606;0,9756680464172016;-0,21175609831245207;1,81723325570721e-05
35;2,760379152866478;1,3455543573071456;-2,7602701821348163;-1,3454790684379978;0,00010897073166171722;7,528886914776045e-05;0,18171800636403027;0,18171800636403027;0,18171800636403027;0,9756680464172016;-0,21175609831245207;0,9756264437800147;-0,21212794993520726;1,8171800636403027e-05
36;2,7512701821607366;1,341479068406291;-2,7485722089205815;-1,3396187366208507;0,0026979732401550827;0,0018603317854402057;0,18113554151326008;0,18113554151326008;0,18113554151326008;0,9756264437800147;-0,21212794993520726;0,9745936196786292;-0,2213046968119082;1,8113554151326007e-05
37;2,3165412601392172;1,1242682654443639;-2,313112336827806;-1,1219039126931571;0,003428923311411314;0,002364352751206722;0,15053265439233088;0,15053265439233088;0,15053265439233088;0,9875898909906512;-0,2609555609382307;0,9860108401174197;-0,27499522906581375;1,5053265439233087e-05
38;1,1165396049066771;0,543121263032873;-1,1130460913399185;-0,5407126025162569;0,0034935135667586437;0,0024086605166161457;0,07168545635119168;0,07168545635119167;0,07168545635119168;1,0;0,0;0,9966213693385275;-0,029533450032944133;7,168545635119169e-06
39;2,7055719168878416;1,3186185348261883;-2,6884905473390304;-1,306841831800575;0,01708136954881123;0,011776703025613289;0,1783006490126279;0,17830064901262793;0,17830064901262793;0,9745936196786292;-0,2213046968119082;0,9679514653039952;-0,28077696321267337;1,7830064901262794e-05
40;1,3984515274719986;0,6783995755978697;-1,3968303002873883;-0,6772817937906964;0,0016212271846103299;0,001117781807173257;0,0906319591653156;0,09063195916531562;0,09063195916531562;0,9901404923480309;-0,08660416428265647;0,9889005215913091;-0,09760622063847386;9,063195916531561e-06
41;1,3967303002845481;0,6772817937871498;-1,3966583526541727;-0,6772320217962735;7,194763037543517e-05;4,9771990876301686e-05;0,09062670585720789;0,09062670585720786;0,09062670585720789;0,9889005215913091;-0,09760622063847386;0,9888454446857823;-0,09810058404914578;9,06267058572079e-06
42;1,1129460913399567;0,5407126025163289;-1,112585553837078;-0,5404639719083153;0,0003605375028787883;0,00024863060801361136;0,07168024564334066;0,07168024564334065;0,07168024564334066;0,9966213693385275;-0,029533450032944133;0,9962726575536136;-0,03259444766106532;7,168024564334067e-06
43;1,1124855538372644;0,5404639719081571;-1,1108919601620457;-0,5391185103235674;0,0015935936752187185;0,0013454615845897022;0,07167503306581599;0,07167503306581598;0,07167503306581599;0,9962726575536136;-0,03259444766106532;0,9946445396886651;-0,05643702558872113;7,167503306581599e-06
44;1,1107919601623608;0,5391185103238606;-1,1101572352198188;-0,5385827155617295;0,0006347249425420198;0,0005357947621310588;0,07166981099047916;0,07166981099047914;0,07166981099047916;0,9946445396886651;-0,05643702558872113;0,9939960938769619;-0,06595042964423994;7,166981099047916e-06
45;2,665390484435271;1,2958417875301367;-2,654597300983023;-1,2884000876913506;0,010793183452248112;0,0074416998387860644;0,17677461486645119;0,17677461486645116;0,17677461486645119;0,9679514653039952;-0,28077696321267337;0,9637187172854165;-0,31909673002361794;1,767746148664512e-05
46;2,26311233682883;1,0979039126935526;-2,25982976400988;-1,09564047330729;0,003282572818950058;0,002263439386262611;0,14728516927182878;0,14728516927182878;0,14728516927182878;0,9860108401174197;-0,27499522906581375;0,9844658907732383;-0,2887675344077431;1,4728516927182878e-05
47;1,3646583526560367;0,6622320217942204;-1,362766268977574;-0,6609274935124896;0,0018920836784628303;0,0013045282817307768;0,08856344695973915;0,08856344695973914;0,08856344695973915;0,9888454446857823;-0,09810058404914578;0,9873644877664383;-0,11124957214518467;8,856344695973915e-06
48;1,3416971041704642;0,6522546006513039;-1,3366537010541386;-0,6487773432359437;0,005043403116325562;0,003477257415360202;0,08613143412657584;0,08613143412657584;0,08613143412657584;1,0;0,0;0,995940689464564;-0,035564241605567724;8,613143412657584e-06
49;1,004157235219578;0,487582715561729;-1,0033615649254615;-0,4869108918722761;0,000795670294116535;0,0006718236894528995;0,064837413417473;0,064837413417473;0,064837413417473;0,9939960938769619;-0,06595042964423994;0,9930974666602299;-0,07914340924797833;6,4837413417473e-06
50;2,649397243165622;1,2864000471329862;-2,6439354815052174;-1,2826343455230769;0,005461761660404463;0,0037657016099093;0,17644203696955107;0,17644203696955116;0,17644203696955116;0,9637187172854165;-0,31909673002361794;0,9615728731623734;-0,33863152273783415;1,7644203696955115e-05
51;1,3365537010548372;0,6487773432362091;-1,3360331992496932;-0,6484183994945688;0,000520501805143958;0,00035894374164024967;0,086126218987209;0,086126218987209;0,086126218987209;0,995940689464564;-0,035564241605567724;0,9955217231089775;-0,03925326582662243;8,6126218987209e-06
52;-2,461501048734657;-1,196648607157873;2,4623900237654035;1,1972612462857166;0,000888975030746586;0,000612639127843595;0,1643542126753412;0,1643542126753412;0,1643542126753412;0,961450955142465;-0,39964314358612174;0,9618259039867517;-0,39624677121846535;1,643542126753412e-05
53;1,77219389761871;0,8580506987876968;-1,76990726946328;-0,8553535141581705;0,002286628155429904;0,0026971846295262836;0,11663444704626862;0,1166344470462686;0,11663444704626862;0,9746665947883895;-0,5217042901445312;0,9730662582106846;-0,563417487565861;1,166344470462686e-05
54;-2,584151650137313;-1,249236496469566;2,6079354824622825;1,2656343446407319;0,02378383232496928;0,016397848171165963;0,17405176374524825;0,17405176374524825;0,17405176374524825;0,9521014215497808;-0,42583067823678183;0,9615728731623734;-0,33863152273783415;1,7405176374524825e-05
55;0,8330457142067325;0,4026307751524449;-0,8325712455934298;-0,4022302795062022;0,0004744686133026921;0,0004004956462426712;0,05424427170429128;0,05424427170429129;0,05424427170429129;0,9847859168555178;-0,14953752265855952;0,9841457551910546;-0,1590874096182633;5,424427170429129e-06
56;0,8324712455947662;0,40223027950621715;-0,8322366610426496;-0,4020322329543175;0,00023458455211655682;0,00019804655189964437;0,05423898941136401;0,05423898941136401;0,05423898941136401;0,9841457551910546;-0,1590874096182633;0,9838292085474951;-0,16381517857755382;5,4238989411364e-06
57;0,8031365984741523;0,3880321801346737;-0,8024499279823142;-0,3874524474342984;0,0006866704918381261;0,0005797327003753128;0,05234393037855963;0,05234393037855963;0,05234393037855963;0,9838292085474951;-0,16381517857755382;0,9828690936738039;-0,17817149500619528;5,234393037855963e-06
58;-3,782801156713831;-1,853879345066928;3,790528451814158;1,8592073729519505;0,007727295100327325;0,005328027885022513;0,24755598282214558;0,24755598282214558;0,24755598282214558;0,9824755024998518;-0,15067604567233422;0,984640663378109;-0,13189677646450287;2,4755598282214558e-05
59;0,8881356157658088;0,43113132413860067;-0,8875947499045788;-0,4304933823529243;0,0005408658612300332;0,000637941785676388;0,057727868891602134;0,05772786889160214;0,05772786889160214;0,9873706565283548;-0,25772512190807484;0,9866054634554761;-0,27733907679480413;5,772786889160214e-06
60;0,5403313816301156;0,26222847974528896;-0,5400834079390776;-0,2620574977370595;0,00024797369103801703;0,00017098200822945886;0,03505871803454136;0,035058718034541365;0,035058718034541365;0,9890756777739376;-0,0935753342058608;0,988585355955787;-0,09792344352485569;3,5058718034541368e-06
61;-0,0012000000371447112;-2,621211634993236e-11;0,0012000036564788858;3,0817727221468008e-09;3,6193341745958257e-09;3,0555606057968684e-09;7,276771344077655e-05;7,276771344077655e-05;7,276771344077655e-05;0,9520985499110477;-0,4259765700607636;0,9521014215497808;-0,42583067823678183;7,276771344077656e-09
62;-0,6075076155069032;-0,29334997048435013;0,607661075610094;0,29345576756868696;0,0001534601031907279;0,00010579708433683388;0,0405757437320246;0,040575743732024605;0,040575743732024605;0,9599214686436144;-0,4137736314304305;0,9601835619631982;-0,4113502467932451;4,05757437320246e-06
63;3,2546710517337534;1,596273625859241;-3,2473203159307036;-1,5912062286110558;0,0073507358030497905;0,005067397248185168;0,2135484183961539;0,2135484183961539;0,2135484183961539;0,9800692815224786;-0,17161169757579323;0,9776817652406355;-0,19241169478372694;2,135484183961539e-05
64;0,9800130680414663;0,4764021880713351;-0,9787742415331242;-0,4753562542785085;0,0012388265083420613;0,001045933792826581;0,06319523718123417;0,06319523718123414;0,06319523718123417;0,9955217231089775;-0,03925326582662243;0,9940861280510841;-0,06026667601064621;6,319523718123416e-06
65;-0,5502895343572516;-0,2661996313338429;0,5505076155061929;0,26634997054390774;0,00021808114894128483;0,00015033921006485373;0,03678239599333633;0,03678239599333634;0,03678239599333634;0,9595105581919128;-0,4175556857345118;0,9599214686436144;-0,4137736314304305;3,6782395993336335e-06
66;0,5798138432002924;0,28149215175253567;-0,5794556065397636;-0,28124517427133855;0,0003582366605288101;0,00024697748119711926;0,03768806695836115;0,03768806695836115;0,03768806695836115;0,9873706565283548;-0,25772512190807484;0,9867117375366904;-0,26357141620898167;3,7688066958361148e-06
67;0,8013615649254457;0,38891089187245936;-0,8009855416797926;-0,3885934362183413;0,00037602324565311207;0,00031745565411805954;0,05178480741573041;0,05178480741573042;0,05178480741573042;0,9930974666602299;-0,07914340924797833;0,9925657852462346;-0,08695790582524582;5,178480741573042e-06
68;0,8008855416797914;0,38859343621799963;-0,800568391487109;-0,38832567233480425;0,00031715019268241385;0,00026776388319538214;0,05177957409573685;0,05177957409573685;0,05177957409573685;0,9925657852462346;-0,08695790582524582;0,9921173057579379;-0,09355547988337803;5,1779574095736855e-06
69;0,328083365858308;0,15905746873167212;-0,3280177334976241;-0,15901222661112607;6,563236068390932e-05;4,524212054604626e-05;0,02129363112901963;0,021293631129019625;0,02129363112901963;0,988585355955787;-0,09792344352485569;0,9883717151199338;-0,09982190564784192;2,129363112901963e-06
70;0,782468376421327;0,3793256619701434;-0,7824504003521908;-0,3793105282709132;1,79760691362274e-05;1,5133699230174269e-05;0,05060329642572724;0,05060329642572724;0,05060329642572724;0,9921173057579379;-0,09355547988337803;0,9920913184541357;-0,093936089605315;5,060329642572724e-06
71;-0,520051526122185;-0,2520355220314628;0,5205883719475296;0,2524056824273054;0,000536845825344634;0,0003701603958425892;0,033822378093697;0,033822378093697016;0,033822378093697016;0,986489649976748;-0,27075738166767144;0,9875898909906512;-0,2609555609382307;3,3822378093697017e-06
72;0,8637742415329002;0,4193562542784743;-0,8632155803639447;-0,4188846390130984;0,0005586611689554211;0,00047161526537586873;0,05576641414648645;0,05576641414648646;0,05576641414648646;0,9940861280510841;-0,06026667601064621;0,993352594855767;-0,07103140601794217;5,576641414648647e-06
73;-1,5128492561378017;-0,7324122057553132;1,5152784847210776;0,7340869683481603;0,0024292285832758775;0,0016747625928471566;0,10270842769202554;0,10270842769202554;0,10270842769202554;0,9448292248093015;-0,5522152888557462;0,9464685553522444;-0,5369406913104708;1,0270842769202554e-05
74;0,00010000002645622742;1,8254161655816584e-11;-0,00010000000000429448;-1,644044956731561e-14;2,645193294275889e-11;1,8237721206249268e-11;5,78839474128314e-06;5,78839474128314e-06;5,78839474128314e-06;0,9974275213420425;-0,05927818436989254;0,9974272575032366;-0,05928863381165607;5,78839474128314e-10
75;0,0;0,0;0,0;0,0;0,0;0,0;;;;;;;;
76;1,6387034753947765;0,7923507698117717;-1,63691297609196;-0,791116280552374;0,001790499302816384;0,0012344892593976198;0,1079987533258133;0,10799875332581328;0,1079987533258133;0,9730662582106846;-0,563417487565861;0,971917261269985;-0,5738794905444378;1,0799875332581328e-05
77;0,518412842366038;0,25143691586905004;-0,5182481163959326;-0,2512425869709836;0,00016472597010541712;0,0001943288980664204;0,033716838382528466;0,033716838382528466;0,033716838382528466;0,9866054634554761;-0,27733907679480413;0,9862064725484184;-0,2875821370901782;3,371683838252847e-06
78;0,20201773349724736;0,09801222661299729;-0,2020000000007874;-0,09799999999684081;1,7733496459948483e-05;1,2226616156477133e-05;0,01311625892380266;0,01311625892380266;0,01311625892380266;0,9883717151199338;-0,09982190564784192;0,988277993005716;-0,10065372698530245;1,3116258923802659e-06
79;-0,7449921088683332;-0,3616959436596755;0,7452155803645164;0,3618846390126619;0,00022347149618318074;0,00018869535298637885;0,048149865487446285;0,048149865487446285;0,048149865487446285;0,9930127222568984;-0,07602111260323276;0,993352594855767;-0,07103140601794217;4,814986548744628e-06
80;-0,9311466197106262;-0,45079051309660945;0,9315667689492872;0,4510802292645997;0,0004201492386610717;0,00028971616799022826;0,06070049438802995;0,06070049438802995;0,06070049438802995;0,9839861240969523;-0,29306800034562946;0,9844658907732383;-0,2887675344077431;6,070049438802995e-06
81;0,4362481163962299;0,21124258697066176;-0,4361569540506296;-0,21114975790491144;9,116234560030412e-05;9,282906575031058e-05;0,028375672969392546;0,028375672969392546;0,028375672969392546;0,9862064725484184;-0,2875821370901782;0,9859572178571807;-0,29276321295310664;2,8375672969392546e-06
82;0,580450400356873;0,2813105282714345;-0,5803345333183076;-0,28123063454546277;0,00011586703856536484;7,989372597172473e-05;0,03753745360013436;0,037537453600134364;0,037537453600134364;0,9920913184541357;-0,093936089605315;0,9918773577020358;-0,09583411824565018;3,753745360013437e-06
83;0,9995003509810595;0,48321223888500714;-0,9990238028528362;-0,4828099262141335;0,0004765481282232864;0,0004023126708736502;0,06732071897464807;0,06732071897464806;0,06732071897464807;0,9521014215497808;-0,42583067823678183;0,9515833059919357;-0,43382335928249577;6,732071897464808e-06
84;0,3991569540504553;0,19314975790517228;-0,3990806157675402;-0,1930720239302801;7,633828291508937e-05;7,773397489216349e-05;0,025966272968552896;0,025966272968552896;0,025966272968552896;0,9859572178571807;-0,29276321295310664;0,9857291491860548;-0,2975090175232388;2,5966272968552896e-06
85;-1,3392751825575957;-0,6477065008296191;1,3417316078127017;0,6494000379089322;0,0024564252551060317;0,0016935370793130788;0,09108661754350894;0,09108661754350895;0,09108661754350895;0,9429601408136886;-0,569708876257167;0,9448292248093015;-0,5522152888557462;9,108661754350895e-06
86;-0,6645712980887711;-0,3223406785222644;0,6649921088683793;0,32269594365970317;0,000420810779608205;0,0003552651374387761;0,04297529946737628;0,04297529946737628;0,04297529946737628;0,9922957551427544;-0,08656346085814959;0,9930127222568984;-0,07602111260323276;4,2975299467376276e-06
87;0,6313656278727399;0,3052520583543814;-0,631187135686259;-0,3051290126768926;0,00017849218648091636;0,0001230456774888311;0,04252565665536229;0,042525656655362294;0,042525656655362294;0,9521014215497808;-0,42583067823678183;0,9518105392519;-0,42853454621071285;4,2525656655362295e-06
88;0,00010000000577814281;5,097054499913201e-12;-9,999999997186242e-05;-1,957169244705383e-13;5,806280383249297e-12;4,901337575442662e-12;5,905298872048075e-06;5,905298872048074e-06;5,905298872048075e-06;0,9776817652406355;-0,19241169478372694;0,9776817084736932;-0,19241450304312857;5,905298872048076e-10
89;1,4718612668943312;0,7144177678058452;-1,4542977858182853;-0,7023084354510506;0,017563481076045884;0,01210933235479461;0,09793568520764016;0,09793568520764016;0,09793568520764016;0,9645034813759731;-0,3133516377616352;0,9520734387591818;-0,4277492281094561;9,793568520764016e-06
90;0,8750856687390534;0,42377219575256436;-0,8747505949081921;-0,42348926537499615;0,0003350738308612877;0,0002829303775682135;0,05895956427534117;0,05895956427534117;0,05895956427534117;0,9521014215497808;-0,42583067823678183;0,9516853642308469;-0,43223322551619925;5,895956427534117e-06
91;1,06900822342002;0,5172467051590331;-1,0676653784772914;-0,5163208337425121;0,001342844942728627;0,0009258714165210069;0,0693017737627879;0,0693017737627879;0,0693017737627879;0,9893598360707238;-0,09474436150492584;0,9880168697610495;-0,1067527289397266;6,93017737627879e-06
92;1,085262186608606;0,5265596866083413;-1,0845433446262442;-0,5260640940052134;0,0007188419823618286;0,0004955926031279256;0,0707422743789466;0,07074227437894659;0,0707422743789466;0,9844658907732383;-0,2887675344077431;0,9837615138322955;-0,29504614018964453;7,074227437894661e-06
93;0,32108061576794666;0,15507202393026673;-0,32104239504584264;-0,15503975679548118;3,822072210402094e-05;3,2267134785546325e-05;0,020884449791977892;0,020884449791977892;0,020884449791977892;0,9857291491860548;-0,2975090175232388;0,9855952099409158;-0,2995071981285941;2,088444979197789e-06
94;0,0;0,0;0,0;0,0;0,0;0,0;;;;;;;;
95;-0,2020000000000531;-0,09799999999980576;0,20205152612215077;0,09803552203167631;5,15261220976615e-05;3,552203187055791e-05;0,013143657159323339;0,01314365715932334;0,01314365715932334;0,9862179063154226;-0,27317308946958735;0,986489649976748;-0,27075738166767144;1,3143657159323341e-06
96;0,4543345333192915;0,2202306345455665;-0,4541545788682439;-0,22010657091538416;0,00017995445104762586;0,00012406363018233058;0,029388982085931607;0,029388982085931607;0,029388982085931607;0,9918773577020358;-0,09583411824565018;0,9914529305920596;-0,09959704319591049;2,9388982085931604e-06
97;1,3899129761116569;0,6721162805493797;-1,3848403206828153;-0,6686189416326139;0,00507265542884161;0,0034973389167657354;0,09171209574494738;0,09171209574494736;0,09171209574494738;0,971917261269985;-0,5738794905444378;0,9680840961321793;-0,6089100840275029;9,171209574494737e-06
98;1,3847403207078333;0,6686189416091446;-1,3837258075176029;-0,6679195557441064;0,0010145131902303817;0,000699385865038149;0,09170672514711155;0,09170672514711155;0,09170672514711155;0,9680840961321793;-0,6089100840275029;0,9673174910454336;-0,6159461852781561;9,170672514711155e-06
99;-1,8357710679912238;-0,8931474468693057;1,8429576230874967;0,8981020281725374;0,007186555096272862;0,0049545813032316754;0,12317106239156572;0,12317106239156575;0,12317106239156575;0,9569350050000934;-0,440532561448295;0,9609803695062;-0,4038882268938146;1,2317106239156575e-05
100;-0,5127098531652979;-0,24842045670956564;0,5128473208903354;0,24851522431309805;0,00013746772503742122;9,476760353241409e-05;0,03375768908056704;0,033757689080567026;0,03375768908056704;0,9743843409486462;-0,5242522426632314;0,9746665947883895;-0,5217042901445312;3,375768908056704e-06
101;-1,8252961536895331;-0,8863727508725244;1,830771068562317;0,8901474462729124;0,005474914872783954;0,003774695400387995;0,12282061508696192;0,12282061508696192;0,12282061508696192;0,9538446928995357;-0,46878888872769026;0,9569350050000934;-0,440532561448295;1,2282061508696193e-05
102;-0,6077610755867688;-0,29345576759204445;0,6085032361825394;0,29396745427094184;0,0007421605957705912;0,0005116866788973939;0,0405811584001813;0,0405811584001813;0,0405811584001813;0,9601835619631982;-0,4113502467932451;0,961450955142465;-0,39964314358612174;4,05811584001813e-06
103;1,8420958182872857;0,8964726958047832;-1,8413683050759302;-0,8959711760590828;0,0007275132113555571;0,0005015197457003406;0,12141626350983924;0,12141626350983921;0,12141626350983924;0,9741615279738248;-0,22633005660848934;0,9737461114689674;-0,23004013735457832;1,2141626350983923e-05
104;-0,7286710480098645;-0,352462668142426;0,7291466197107593;0,35279051309667636;0,0004755717008948501;0,00032784495425036697;0,04752703184537555;0,047527031845375545;0,04752703184537555;0,9832926291227108;-0,29929607938715136;0,9839861240969523;-0,29306800034562946;4,752703184537556e-06
105;0,37315457886842907;0,18110657091551224;-0,3730330253868974;-0,18102276989757507;0,00012155348153164436;8,380101793717398e-05;0,024153882473607547;0,024153882473607544;0,024153882473607547;0,9914529305920596;-0,09959704319591049;0,9911040806898369;-0,10268085297409907;2,4153882473607547e-06
106;-0,4485471361109913;-0,21730827778469486;0,44870985316458223;0,21742045671253263;0,0001627170535909439;0,0001121789278377694;0,02954406730354492;0,029544067303544905;0,02954406730354492;0,9740025927085271;-0,5277007993720217;0,9743843409486462;-0,5242522426632314;2,954406730354492e-06
107;1,8528978126297786;0,902681152807471;-1,852057747558299;-0,9021021145196894;0,0008400650714794899;0,000579038287781608;0,12376781981488758;0,12376781981488758;0,12376781981488758;0,961450955142465;-0,39964314358612174;0,9609803695062;-0,4038882268938146;1,2376781981488758e-05
108;0,19904239504517843;0,09603975679512854;-0,19901037196062146;-0,0960071504670783;3,2023084556964676e-05;3,260632805023034e-05;0,01294599184927186;0,012945991849271863;0,012945991849271863;0,9855952099409158;-0,2995071981285941;0,9854033974123553;-0,30351357554312247;1,2945991849271863e-06
109;-0,1480038827591478;-0,07100267692118219;0,1480164675906292;0,07101135418488155;1,2584831481393666e-05;8,6772636993665e-06;0,009659394947192368;0,009659394947192368;0,009659394947192368;0,9811623354571525;-0,1937206715693568;0,9812525891017532;-0,19288998614248196;9,65939494719237e-07
110;0,5777955716662462;0,28119412831395246;-0,5768357682168113;-0,28053237600408204;0,000959803449434915;0,0006617523098704226;0,037574307952220484;0,03757430795222049;0,03757430795222049;0,9873706565283548;-0,25772512190807484;0,9855996458012649;-0,2733588182416502;3,7574307952220495e-06
111;-3,5726710516380744;-1,7502736259499572;3,5808011567869387;1,7558793449845003;0,008130105148864253;0,0056057190345431;0,23436237006624258;0,2343623700662426;0,2343623700662426;0,9800692815224786;-0,17161169757579323;0,9824755024998518;-0,15067604567233422;2,343623700662426e-05
112;1,7733683051213889;0,8629711760166837;-1,7693199227433802;-0,8601800934652635;0,004048382378008641;0,002791082551420243;0,11693474180070577;0,11693474180070576;0,11693474180070577;0,9737461114689674;-0,23004013735457832;0,9713458593441882;-0,25154071138841555;1,1693474180070576e-05
113;1,7692199228771313;0,8601800933136712;-1,7627732100825022;-0,855735442308861;0,00644671279462905;0,004444651004810174;0,11692939626593957;0,11692939626593961;0,11692939626593961;0,9713458593441882;-0,25154071138841555;0,9675237355143415;-0,2859975314347581;1,169293962659396e-05
114;0,38838020248704097;0,1881931812458326;-0,38819173787645506;-0,18806324779660505;0,00018846461058591446;0,0001299334492275428;0,02523002633806983;0,025230026338069828;0,02523002633806983;0,9875898909906512;-0,2609555609382307;0,9870721296159978;-0,26557097639276833;2,523002633806983e-06
115;0,5384223677703517;0,25994746487272574;-0,5383013386173446;-0,2598452700105695;0,0001210291530070462;0,00010219486215623519;0,03543472012096406;0,035434720120964054;0,03543472012096406;0,9741615279738248;-0,22633005660848934;0,9739115521896541;-0,23010768616000912;3,5434720120964065e-06
116;0,5382013386189819;0,25984527000847096;-0,5380308266714962;-0,25970134406693157;0,00017051194748574083;0,0001439259415393912;0,03542938150677477;0,03542938150677477;0,03542938150677477;0,9739115521896541;-0,23010768616000912;0,9735593576398505;-0,23542795533242908;3,542938150677477e-06
117;0,5379308266745315;0,2597013440645999;-0,5376779216511408;-0,2594878166319307;0,00025290502339070375;0,0002135274326691694;0,03542404090953548;0,035424040909535465;0,03542404090953548;0,9735593576398505;-0,23542795533242908;0,973036867132508;-0,2433298338928484;3,542404090953548e-06
118;-1,693788845305073;-0,8208177792268996;1,703296154507961;0,8273727502778646;0,009507309202888115;0,0065549710509650305;0,11461792014592236;0,11461792014592237;0,11461792014592237;0,9480947418580531;-0,5218217605304276;0,9538446928995357;-0,46878888872769026;1,1461792014592237e-05
119;-0,38446272125031866;-0,18625007657103412;0,38454713611076197;0,18630827778808398;8,441486044330482e-05;5,8201217049858034e-05;0,025328794029465196;0,025328794029465192;0,025328794029465196;0,9737715857597901;-0,5297892921732259;0,9740025927085271;-0,5277007993720217;2,5328794029465195e-06
120;0,9234943347306663;0,44682345936889856;-0,9230215749521821;-0,44649748795846633;0,0004727597784842663;0,0003259714104322242;0,06123221050114351;0,06123221050114349;0,06123221050114351;0,9673174910454336;-0,6159461852781561;0,9667823712889356;-0,6208370341491802;6,12322105011435e-06
121;-0,3773880630777434;-0,18319860866406615;0,3774627212510197;0,18325007657163184;7,465817327628743e-05;5,146790756568875e-05;0,024877745222980568;0,024877745222980575;0,024877745222980575;0,9735635552737223;-0,5316596777986556;0,9737715857597901;-0,5297892921732259;2,4877745222980576e-06
122;0,551571298088589;0,2673406785224603;-0,5512017204980068;-0,26708587373721276;0,0003695775905822041;0,00025480478524753103;0,035663170936466294;0,035663170936466294;0,035663170936466294;0,9922957551427544;-0,08656346085814959;0,9915774451231366;-0,09293354128257549;3,5663170936466293e-06
123;-0,37714222563866445;-0,18309805543797156;0,37728806307822127;0,18319860866366747;0,00014583743955681738;0,00010055322569590963;0,02487241044566798;0,024872410445667972;0,02487241044566798;0,9731570815154797;-0,5353158231187236;0,9735635552737223;-0,5316596777986556;2,487241044566798e-06
124;1,732773210191923;0,841735442196842;-1,73190383177904;-0,841136034919013;0,0008693784128830373;0,0005994072778290338;0,11495410458200969;0,11495410458200966;0,11495410458200969;0,9675237355143415;-0,2859975314347581;0,9669994441265111;-0,2907376700474088;1,149541045820097e-05
125;-0,2710060341432352;-0,13100415945808588;0,27109140611379356;0,1310630190301135;8,537197055835666e-05;5,885957202761416e-05;0,017612364208263686;0,017612364208263686;0,017612364208263686;0,986736191381757;-0,2685845440079611;0,9870721296159978;-0,26557097639276833;1,7612364208263687e-06
126;-0,225016467590826;-0,1080113541847721;0,22507227963704893;0,1080498325338201;5,581204622293057e-05;3,847834904799341e-05;0,01468583411709808;0,014685834117098083;0,014685834117098083;0,9812525891017532;-0,19288998614248196;0,9815158591484878;-0,1904719110770808;1,4685834117098084e-06
127;0,7461812656412367;0,36074548594441436;-0,7455165034971266;-0,36028715472604006;0,0006647621441100426;0,00045833121837429713;0,050260082958654514;0,05026008295865452;0,05026008295865452;0,9520734387591818;-0,4277492281094561;0,9511567877939829;-0,4362808829208393;5,026008295865452e-06
128;0,1913262721639401;0,09208706095635416;-0,19128459711119006;-0,09205832740425285;4,167505275004535e-05;2,873355210131212e-05;0,012584273262244702;0,012584273262244702;0,012584273262244702;0,9741615279738248;-0,22633005660848934;0,9739320742222676;-0,22843979306126913;1,2584273262244702e-06
129;0,19118459711187447;0,09205832740363099;-0,19112907753516595;-0,09202004851626973;5,551957670851815e-05;3,827888736125662e-05;0,012578931901518854;0,012578931901518852;0,012578931901518854;0,9739320742222676;-0,22843979306126913;0,9736262580285516;-0,23124944898631086;1,2578931901518854e-06
130;-0,07099999999995457;-0,033999999999945914;0,07100388275938349;0,03400267692146896;3,882759428919247e-06;2,676921523045439e-06;0,004632494900491447;0,004632494900491446;0,004632494900491447;0,9811042811368106;-0,19425733223334954;0,9811623354571525;-0,1937206715693568;4,632494900491447e-07
131;0,5027356689046749;0,24453229216094363;-0,502622899462124;-0,24443708965580582;0,00011276944255089738;9,520250513780915e-05;0,03274847479700832;0,03274847479700833;0,03274847479700833;0,9855996458012649;-0,2733588182416502;0,985347450184597;-0,2770786568478708;3,274847479700833e-06
132;0,502522899462119;0,24443708965550742;-0,5022504422382352;-0,24420708828518586;0,0002724572238838041;0,00023000137032155865;0,0327432056188893;0,032743205618889305;0,032743205618889305;0,985347450184597;-0,2770786568478708;0,9847380487398093;-0,28607131507222733;3,2743205618889307e-06
133;-0,602230563091672;-0,2911589685547065;0,6026710480101063;0,29146266814279265;0,00044048491843429183;0,00030369958808612596;0,03930741914017021;0,03930741914017021;0,03930741914017021;0,9825159758444942;-0,306287873095941;0,9832926291227108;-0,29929607938715136;3,930741914017021e-06
134;0,8575386798730694;0,41606087738288783;-0,8565265536457369;-0,41536303409092074;0,0010121262273324882;0,0006978432919670929;0,05593801465128677;0,05593801465128677;0,05593801465128677;0,9837615138322955;-0,29504614018964453;0,9825072673660181;-0,30624369131302204;5,593801465128677e-06
135;-0,00020000000737453917;-5,230538819382398e-12;0,00020000003802017233;2,635815461475185e-11;3,0645633166542785e-11;2,1127615795369452e-11;1,2127954170255905e-05;1,2127954170255903e-05;1,2127954170255905e-05;0,9520984040227529;-0,4259826226754646;0,9520985499110477;-0,4259765700607636;1,2127954170255905e-09
136;0,46067792165012644;0,22248781664623163;-0,46038722692229894;-0,22224240129879416;0,0002906947278275007;0,0002454153474374665;0,030355169450572664;0,030355169450572664;0,030355169450572664;0,973036867132508;-0,2433298338928484;0,9723360124984138;-0,2539289291165068;3,0355169450572666e-06
137;0,6134226080957887;0,2971876848368993;-0,6132935400444646;-0,2970987124401081;0,0001290680513241771;8,897239679117597e-05;0,039353433401324966;0,03935343340132497;0,03935343340132497;1,0;0,0;0,9997726803673762;-0,0020007473367535215;3,9353433401324975e-06
138;0,613193540044534;0,2970987124405757;-0,6127096859037239;-0,2967651192333856;0,0004838541408100916;0,0003335932071900638;0,03934823637107398;0,03934823637107398;0,03934823637107398;0,9997726803673762;-0,0020007473367535215;0,9989203551908377;-0,00951102974113792;3,934823637107398e-06
139;-1,611006304798581;-0,7802782428845907;1,611788845966941;0,7808177787927346;0,0007825411683599626;0,0005395359081439288;0,109062049324342;0,10906204932434199;0,109062049324342;0,9475974054649199;-0,5264434430325604;0,9480947418580531;-0,5218217605304276;1,09062049324342e-05
140;-0,6814468087927588;-0,33023910244479326;0,6817161238178957;0,330424786128335;0,0002693150251369403;0,00018568368354171527;0,04524132863675002;0,04524132863675002;0,04524132863675002;0,9663697457044638;-0,6245918707698663;0,9667823712889356;-0,6208370341491802;4,524132863675001e-06
141;0,4648013433857773;0,22441460666141047;-0,4647761380404271;-0,22439723317391538;2,5205345350165498e-05;1,7373487495087048e-05;0,030318841379588974;0,030318841379588967;0,030318841379588974;0,9828690936738039;-0,17817149500619528;0,9828114858768454;-0,1786917369042351;3,0318841379588973e-06
142;0,46467613803681485;0,224397233173343;-0,4645350759487945;-0,2242999755914522;0,00014106208802033837;9,72575818908028e-05;0,03031355131829691;0,03031355131829691;0,03031355131829691;0,9828114858768454;-0,1786917369042351;0,9824890019832304;-0,18160598931190433;3,031355131829691e-06
143;1,6489038318464229;0,801136034880292;-1,645488456907806;-0,7987812483289066;0,0034153749386167664;0,002354786551385324;0,10945313408103878;0,10945313408103878;0,10945313408103878;0,9669994441265111;-0,2907376700474088;0,964836254576402;-0,31033021971657315;1,0945313408103878e-05
144;1,6453884569849686;0,7987812482458295;-1,644863066370185;-0,7984190090257872;0,0005253906147835163;0,00036223922004230413;0,10944775094346848;0,10944775094346848;0,10944775094346848;0,964836254576402;-0,31033021971657315;0,9645034813759731;-0,3133516377616352;1,0944775094346848e-05
145;-0,07710000002499504;-0,03699999985950647;0,07714783705427601;0,037032981887902654;4,783702928097544e-05;3,2982028396182084e-05;0,005189437378105482;0,005189437378105482;0,005189437378105482;0,9514348551939422;-0,4338006791925398;0,9520734387591818;-0,4277492281094561;5,189437378105482e-07
146;0,0;0,0;0,0;0,0;0,0;0,0;;;;;;;;
147;0,0;0,0;0,0;0,0;0,0;0,0;;;;;;;;
148;0,50028953435476;0,24219963138938225;-0,500218392540292;-0,2421505703833671;7,114181446798984e-05;4,906100601514973e-05;0,03344520875237183;0,03344520875237183;0,03344520875237183;0,9595105581919128;-0,4175556857345118;0,9593631176993178;-0,4189123326017791;3,3445208752371827e-06
149;0,11412907753213762;0,05502004853468288;-0,1141083434145142;-0,05500575276361324;2,0734117623419368e-05;1,4295771069643137e-05;0,007513122866053656;0,007513122866053657;0,007513122866053657;0,9736262580285516;-0,23124944898631086;0,9734350274378957;-0,23300147296602952;7,513122866053658e-07
150;0,19417433434596487;0,09405124981765822;-0,19413239407043495;-0,09402233340333939;4,194027552992252e-05;2,8916414318833072e-05;0,012624253326019474;0,012624253326019474;0,012624253326019474;0,9867117375366904;-0,26357141620898167;0,9864814663374957;-0,2656277929208811;1,2624253326019473e-06
151;0,11400834341524904;0,05500575276359836;-0,11400000000603001;-0,05499999997110482;8,343409219027653e-06;5,75279249354077e-06;0,007507780596426548;0,00750778059642655;0,00750778059642655;0,9734350274378957;-0,23300147296602952;0,9733580170570808;-0,23370569949377837;7,507780596426549e-07
152;-0,3782321996124972;-0,1820911442442196;0,37837313057292127;0,18218831129479074;0,00014093096042405717;9,716705057113972e-05;0,024506634444217686;0,024506634444217683;0,024506634444217686;0,9889613807577352;-0,09834856702338612;0,9893598360707238;-0,09474436150492584;2,4506634444217687e-06
153;0,0;0,0;0,0;0,0;0,0;0,0;;;;;;;;
154;0,33328127219402187;0,16219392445345265;-0,3330956015858703;-0,1620659107920184;0,00018567060815155578;0,00012801366143425086;0,021687825565432788;0,02168782556543279;0,02168782556543279;0,9867117375366904;-0,26357141620898167;0,9861181804325587;-0,2688085148396197;2,1687825565432794e-06
155;-1,5652784844108594;-0,7580869684830559;1,56700630496848;0,7592782428483645;0,0017278205576205519;0,0011912743653086366;0,10609159595340692;0,1060915959534069;0,10609159595340692;0,9464685553522444;-0,5369406913104708;0,9475974054649199;-0,5264434430325604;1,0609159595340693e-05
156;-0,2610478150230518;-0,12703296556130864;0,2611422256374365;0,12709805544526376;9,4410614384699e-05;6,508988395512172e-05;0,017230459206888066;0,017230459206888062;0,017230459206888066;0,9727771918124285;-0,5387123470563646;0,9731570815154797;-0,5353158231187236;1,7230459206888065e-06
157;0,41943493350833094;0,20229987734054003;-0,4194062008118004;-0,2022800632370686;2,8732696530531232e-05;1,9814103471432754e-05;0,02736480094465203;0,027364800944652025;0,02736480094465203;0,9824890019832304;-0,18160598931190433;0,9824162393233153;-0,18226608129141286;2,7364800944652028e-06
158;0,5595051649452054;0,2707620022390505;-0,5592320385067738;-0,2705736712216801;0,00027312643843158124;0,00018833101737042446;0,03592555745219696;0,03592555745219695;0,03592555745219696;0,9989203551908377;-0,00951102974113792;0,9983934160037831;-0,014172970919612962;3,5925557452196958e-06
159;0,6055254783462499;0,2933622925338565;-0,6051140831679378;-0,29307864934662065;0,0004113951783121239;0,00028364318723583803;0,03953845180672618;0,03953845180672618;0,03953845180672618;0,9825072673660181;-0,30624369131302204;0,981786065251504;-0,31271118011692917;3,953845180672618e-06
160;0,1710330253864606;0,08302276989748306;-0,17100074719169012;-0,08300051516401612;3,227819477047422e-05;2,225473346693929e-05;0,011075024102837928;0,011075024102837927;0,011075024102837928;0,9911040806898369;-0,10268085297409907;0,9909020415015481;-0,10446685264219914;1,107502410283793e-06
161;0,1671323940701986;0,08102233340340707;-0,16710000000933295;-0,0810000000062246;3,239406086563701e-05;2,2333397182466852e-05;0,010870424217048608;0,01087042421704861;0,01087042421704861;0,9864814663374957;-0,2656277929208811;0,9862749047783876;-0,26746838691922703;1,087042421704861e-06
162;-0,00010000000003399679;-1,9513591455528652e-14;0,0001000000235673982;1,6244662425137234e-11;2,3533401410317373e-11;1,6225148833681705e-11;5,874133279519746e-06;5,874133279519747e-06;5,874133279519747e-06;0,9828688623713165;-0,1781807913295032;0,9828690936738039;-0,17817149500619528;5,874133279519747e-10
163;0,3893872269220998;0,1882424013126984;-0,38912426049441506;-0,18802041024215266;0,0002629664276847521;0,00022199107054574063;0,025680927037490225;0,02568092703749023;0,02568092703749023;0,9723360124984138;-0,2539289291165068;0,9715865554384878;-0,2652520959530515;2,5680927037490227e-06
164;-0,14500000000030033;-0,07000000000040088;0,1450060341436618;0,07000415945844617;6,034143361477451e-06;4,159458045285835e-06;0,009421438812051711;0,009421438812051711;0,009421438812051711;0,986691809718481;-0,26898395305774814;0,986736191381757;-0,2685845440079611;9,421438812051712e-07
165;0,0;0,0;0,0;0,0;0,0;0,0;;;;;;;;
166;-0,40111830740775756;-0,19308156711911603;0,40140620081269457;0,19328006323629954;0,0002878934049370119;0,00019849611718350535;0,026182235445168716;0,026182235445168706;0,026182235445168716;0,9816543673724927;-0,18920914451012133;0,9824162393233153;-0,18226608129141286;2,6182235445168714e-06
167;0,6179686837716998;0,2985299669842075;-0,6178927154743257;-0,2984775893893011;7,596829737410715e-05;5,2377594906394265e-05;0,04161806487118589;0,04161806487118589;0,04161806487118589;0,9520734387591818;-0,4277492281094561;0,9519469373302701;-0,42892799763296197;4,161806487118589e-06
168;-0,20210599242253355;-0,09800505867190236;0,20212024096847442;0,09801708906582648;1,4248545940870327e-05;1,2030393924125637e-05;0,013082572567951659;0,013082572567951653;0,013082572567951659;0,9912533200853935;-0,09770385287316191;0,9913330647916957;-0,09652856316507888;1,3082572567951657e-06
169;-0,20200000000185003;-0,0980000000006919;0,20200599242397993;0,09800505867211319;5,992422129896813e-06;5,058671421295791e-06;0,013077332040464325;0,013077332040464325;0,013077332040464325;0,9912197690631555;-0,09819781363334511;0,9912533200853935;-0,09770385287316191;1,3077332040464326e-06
170;0,5452115523587483;0,2641458330499244;-0,5450026547383511;-0,26400183055062243;0,00020889762039721926;0,00014400249930196507;0,035401771983152266;0,035401771983152266;0,035401771983152266;0,9880168697610495;-0,1067527289397266;0,9876078834050489;-0,11039658908708758;3,5401771983152264e-06
171;0,44821839253351786;0,2171505704451906;-0,44813465471890446;-0,21709284067406026;8,37378146134049e-05;5,772977113033262e-05;0,029972954696396843;0,029972954696396843;0,029972954696396843;0,9593631176993178;-0,4189123326017791;0,9591694739571897;-0,42068935798088924;2,9972954696396844e-06
172;-0,3771202409687732;-0,18301708906532907;0,37720172049805234;0,18308587373707286;8,147952927911595e-05;6,878467174378788e-05;0,024413166553833604;0,024413166553833607;0,024413166553833607;0,9913330647916957;-0,09652856316507888;0,9915774451231366;-0,09293354128257549;2,4413166553833605e-06
173;0,3482504422383311;0,1692070882853545;-0,3481104590406678;-0,16908890258175027;0,00013998319766334033;0,00011818570360422331;0,022700378590649217;0,022700378590649214;0,022700378590649217;0,9847380487398093;-0,28607131507222733;0,9842864636653097;-0,29275225264562327;2,2700378590649218e-06
174;0,09263325611364757;0,04402292771024776;-0,09260761736727541;-0,04400525106378071;2,56387463721669e-05;1,7676646467047752e-05;0,0062952507651972585;0,00629525076519726;0,00629525076519726;0,9406158487843316;-0,5918061540466271;0,9403338889694475;-0,594578118174384;6,29525076519726e-07
175;0,4633025033802428;0,22422971940777636;-0,46316578400103076;-0,22411429478852712;0,000136719379212058;0,00011542461924923808;0,031225547182305996;0,031225547182306;0,031225547182306;0,9516853642308469;-0,43223322551619925;0,9513648536001716;-0,43717014201622184;3,1225547182306e-06
176;-0,3490727517704186;-0,16805015803414922;0,34911830740777333;0,16808156711927477;4,5555637354754985e-05;3,1409085125555514e-05;0,022788815484863636;0,02278881548486364;0,02278881548486364;0,9815158591484878;-0,1904719110770808;0,9816543673724927;-0,18920914451012133;2,278881548486364e-06
177;0,4911279113568028;0,23757082578118424;-0,49091073577987526;-0,23742107526306355;0,00021717557692751965;0,0001497505181206893;0,03154917962904004;0,03154917962904004;0,03154917962904004;0,9983934160037831;-0,014172970919612962;0,997916313111108;-0,01840067950507287;3,1549179629040038e-06
178;-0,18402187214078566;-0,09001507881905897;0,18404781502212558;0,09003296556624821;2,5942881339918733e-05;1,7886747189235774e-05;0,012160314167471823;0,012160314167471821;0,012160314167471823;0,9726292317146987;-0,54001775497509;0,9727771918124285;-0,5387123470563646;1,2160314167471823e-06
179;0,24709560158619498;0,12006591079229914;-0,24702467983963616;-0,12001701530058101;7,092174655881633e-05;4,889549171813168e-05;0,01608434970357775;0,01608434970357775;0,01608434970357775;0,9861181804325587;-0,2688085148396197;0,985812500642498;-0,2715169763182856;1,608434970357775e-06
180;0,47581057286269207;0,23042096294558106;-0,4756115583392233;-0,2302837492937353;0,0001990145234687657;0,00013721365184576895;0,03058637546782176;0,030586375467821756;0,03058637546782176;0,997916313111108;-0,01840067950507287;0,9974653257162466;-0,022385780791589503;3,058637546782176e-06
181;-0,16800161080980336;-0,0820011105851018;0,16802187214144318;0,08201507882030121;2,0261331639820357e-05;1,396823519940471e-05;0,01109849887343817;0,01109849887343817;0,01109849887343817;0,9725026388604957;-0,5411409984169231;0,9726292317146987;-0,54001775497509;1,1098498873438172e-06
182;0,0;0,0;0,0;0,0;0,0;0,0;;;;;;;;
183;0,0;0,0;0,0;0,0;0,0;0,0;;;;;;;;
184;-0,4030000000002757;-0,19499999999914455;0,40311408316783875;0,19507864934683528;0,00011408316756306158;7,864934769072351e-05;0,026335467680356522;0,02633546768035652;0,026335467680356522;0,9814858306877265;-0,31541156603438814;0,981786065251504;-0,31271118011692917;2,633546768035652e-06
185;0,0;0,0;0,0;0,0;0,0;0,0;;;;;;;;
186;-0,06910219922653944;-0,034001856904344235;0,06910644994481097;0,03400478805019936;4,250718271522902e-06;2,931145855124273e-06;0,004541094705273793;0,004541094705273792;0,004541094705273793;0,9791552793537209;-0,18078994775235788;0,9792202233397187;-0,18022954737202265;4,541094705273793e-07
187;-0,8540350011142307;-0,41223095888922806;0,8560040630175183;0,4135885260366732;0,0019690619032876056;0,0013575671474451156;0,05820788606377021;0,05820788606377022;0,05820788606377022;0,9406158487843316;-0,5918061540466271;0,9429601408136886;-0,569708876257167;5,820788606377022e-06
188;0,5156849692829909;0,24956512577332352;-0,5153990950783525;-0,2493237982147482;0,0002858742046384366;0,00024132755857531052;0,034759293201667825;0,03475929320166783;0,03475929320166783;0,9515833059919357;-0,43382335928249577;0,9509812889828005;-0,4430996466191656;3,475929320166783e-06
189;0,49523056309182906;0,23915896855498284;-0,49513208963315375;-0,23909107419133369;9,847345867530777e-05;6,789436364915136e-05;0,03231668299078825;0,032316682990788256;0,032316682990788256;0,9825159758444942;-0,306287873095941;0,9823048075946919;-0,3081964141144828;3,231668299078826e-06
190;0,35313465470133;0,1710928407922193;-0,3530153736449291;-0,1710105976168083;0,00011928105640091058;8,224317541097315e-05;0,02361955611538782;0,023619556115387817;0,02361955611538782;0,9591694739571897;-0,42068935798088924;0,9588194287854598;-0,4239035886846315;2,361955611538782e-06
191;0,4063388335746381;0,1962448005572078;-0,40626658246806596;-0,19618379300908131;7,225110657216316e-05;6,100754812649045e-05;0,027378286342417322;0,027378286342417325;0,027378286342417325;0,9515833059919357;-0,43382335928249577;0,9513901577402052;-0,436809655077315;2,7378286342417324e-06
192;-0,0411008242583509;-0,020000695956192062;0,041102199226067046;0,020001856909278744;1,3749677161487006e-06;1,1609530866825424e-06;0,0026952891282179445;0,0026952891282179445;0,0026952891282179445;0,9791179141650079;-0,18134431223968148;0,9791552793537209;-0,18078994775235788;2,6952891282179447e-07
193;-0,041000000001396045;-0,01999999999456398;0,04100082425831086;0,02000069595655211;8,242569148123047e-07;6,959619881299894e-07;0,0026899881922744415;0,002689988192274441;0,0026899881922744415;0,9790954651629955;-0,181676055820655;0,9791179141650079;-0,18134431223968148;2,6899881922744417e-07
194;0,2761104590406744;0,13408890258166936;-0,2760280793616079;-0,13401935977857593;8,237967906649102e-05;6,954280309343086e-05;0,018004542056746172;0,01800454205674617;0,018004542056746172;0,9842864636653097;-0,29275225264562327;0,9839514224698629;-0,29771339511083716;1,8004542056746172e-06
195;0,4195093574883884;0,20328223181326854;-0,4193792242832072;-0,20319250586380824;0,0001301332051812376;8,972594946030088e-05;0,026982562177041317;0,026982562177041314;0,026982562177041317;0,9974653257162466;-0,022385780791589503;0,9971310276824007;-0,025336329306150752;2,6982562177041317e-06
196;-0,48732047275869944;-0,23615200884264287;0,48744680878897034;0,23623910247007657;0,00012633603027090157;8,709362743369864e-05;0,03236204439140689;0,03236204439140689;0,03236204439140689;0,96609915882012;-0,6270545659635677;0,9663697457044638;-0,6245918707698663;3,2362044391406894e-06
197;-0,051000000006926144;-0,02499999996482405;0,05100179994344951;0,02500124084591858;1,7999365233695164e-06;1,240881094530244e-06;0,0034000420521074354;0,0034000420521074354;0,0034000420521074354;0,9644667626249417;-0,313676405489987;0,9645034813759731;-0,3133516377616352;3,400042052107435e-07
198;-0,4090387875977321;-0,19802674412705085;0,4091862895465676;0,19812844192554926;0,0001475019488355045;0,00010169779849841798;0,02689352139029203;0,026893521390292028;0,02689352139029203;0,9756194657943649;-0,21224327680340882;0,9759996154610039;-0,20880759718943606;2,6893521390292033e-06
199;-0,19400000007473456;-0,0939999995860466;0,1940356398515009;0,09402457024856024;3,563977676634966e-05;2,4570662513642705e-05;0,013078885422652219;0,01307888542265222;0,01307888542265222;0,9516216610160927;-0,43028070194520457;0,9518105392519;-0,42853454621071285;1,307888542265222e-06
200;0,4072790734206752;0,19719240183687167;-0,407138312699093;-0,1970953624045241;0,00014076072158220043;9,703943234756762e-05;0,026200576987728586;0,026200576987728583;0,026200576987728586;0,9971310276824007;-0,025336329306150752;0,9967586687303185;-0,028629666414086465;2,6200576987728585e-06
201;-0,05210025704065048;-0,025000177216563318;0,05210296457107372;0,025002043846448642;2,7075304232376807e-06;1,866629885324128e-06;0,0034289295496793626;0,003428929549679363;0,003428929549679363;0,9730115596948717;-0,5639246821895417;0,9730662582106846;-0,563417487565861;3,428929549679363e-07
202;0,0;0,0;0,0;0,0;0,0;0,0;;;;;;;;
203;0,0;0,0;0,0;0,0;0,0;0,0;;;;;;;;
204;0,0;0,0;0,0;0,0;0,0;0,0;;;;;;;;
205;0,00010000000727671022;4,813018007591894e-12;-0,00010000000000842012;1,989392712124102e-13;7,268290095762027e-12;5,011957278804304e-12;5,9380728978077545e-06;5,938072897807755e-06;5,938072897807755e-06;0,9722856575487332;-0,2720455101123841;0,9722855868801951;-0,2720483817521752;5,938072897807756e-10
206;0,00010000000943173671;6,4316173734452604e-12;-0,00010000000003763474;4,494667488640547e-14;9,394101978515285e-12;6,476564048331666e-12;5,853847855669742e-06;5,853847855669741e-06;5,853847855669742e-06;0,9862749047783876;-0,26746838691922703;0,9862748121267242;-0,2674720977167366;5,853847855669742e-10
207;0,0;0,0;0,0;0,0;0,0;0,0;;;;;;;;
208;-0,00010000000007369722;-1,9757615665462426e-14;0,00010000000733135149;5,023666981810327e-12;7,257654262185324e-12;5,003909366144865e-12;6,063977306104241e-06;6,063977306104242e-06;6,063977306104242e-06;0,9520983349227464;-0,4259854897041311;0,9520984040227529;-0,4259826226754646;6,063977306104243e-10
209;-0,2720380901788533;-0,13102626205523632;0,2721301556160177;0,13108973487259037;9,206543716444582e-05;6,347281735405441e-05;0,017634011026024;0,017634011026024004;0,017634011026024004;0,9885996304187866;-0,10161775207005638;0,9889613807577352;-0,09834856702338612;1,7634011026024004e-06
210;-0,29504700668689054;-0,14303240608340703;0,29514924047886965;0,14310288866438842;0,00010223379197910054;7,048258098138471e-05;0,02013335186936894;0,020133351869368946;0,020133351869368946;0,940263874123876;-0,5950946587728722;0,9406158487843316;-0,5918061540466271;2,0133351869368945e-06
211;0,31515149580139007;0,15210444267422027;-0,3150773821687241;-0,15205334846822408;7,411363266596194e-05;5,109420599619385e-05;0,021226544477206268;0,02122654447720626;0,021226544477206268;0,9518105392519;-0,42853454621071285;0,9515685873819868;-0,43079473953583103;2,122654447720627e-06
212;0,35026658242876013;0,1691837930224769;-0,35012604535859676;-0,16908690318559483;0,00014053707016337125;9,68898368820803e-05;0,023605559394646963;0,02360555939464696;0,023605559394646963;0,9513901577402052;-0,436809655077315;0,9509775762168263;-0,4406588199941357;2,360555939464696e-06
213;0,3411657839311737;0,16511429493207622;-0,3410787576760098;-0,16505429871750044;8,702625516388007e-05;5,9996214575780416e-05;0,023001459691403613;0,023001459691403613;0,023001459691403613;0,9513648536001716;-0,43717014201622184;0,9511026265630399;-0,43960347511291936;2,3001459691403614e-06
214;0,43839909507201463;0,2123237983438176;-0,4380848849859961;-0,212058519604695;0,0003142100860185071;0,00026527873912260413;0,02957287446807022;0,029572874468070227;0,029572874468070227;0,9509812889828005;-0,4430996466191656;0,950203473903981;-0,45508261665946076;2,9572874468070225e-06
215;0,11902467984019707;0,058017015300445327;-0,11901874430703747;-0,0580129235712034;5,935533159598383e-06;4,091729241928466e-06;0,0077548123174483756;0,007754812317448375;0,0077548123174483756;0,985812500642498;-0,2715169763182856;0,9857594303613506;-0,271983184680691;7,754812317448376e-07
216;-0,0490000000007955;-0,023999999996621887;0,04900161080769087;0,024001110593988875;1,6108068953690768e-06;1,11059736698782e-06;0,003239316656582468;0,003239316656582469;0,003239316656582469;0,9724681487712391;-0,5414443051170895;0,9725026388604957;-0,5411409984169231;3,239316656582469e-07
217;-0,23900937862407967;-0,11500646760180792;0,23914377973384623;0,11509913147129788;0,00013440110976656316;9,266386948995897e-05;0,015487711160529893;0,015487711160529896;0,015487711160529896;0,9887585810480221;-0,1001899313402785;0,9893598360707238;-0,09474436150492584;1,5487711160529897e-06
218;0,0;0,0;0,0;0,0;0,0;0,0;;;;;;;;
219;0,00010000001128365979;8,001344440349107e-12;-9,999999970966907e-05;-2,146574209513721e-14;1,1573990721445819e-11;7,97987869825397e-12;6,13985664439605e-06;6,13985664439605e-06;6,13985664439605e-06;0,9403319454743705;-0,5946597632315352;0,9403318366404477;-0,5946643353647222;6,13985664439605e-10
220;0,00030000004368959895;3,0565044142929197e-11;-0,00030000001392791245;-1,0045358852617763e-11;2,976168649634209e-11;2,0519685290311434e-11;1,8419568709940497e-05;1,841956870994049e-05;1,8419568709940497e-05;0,9403320387605856;-0,5946558442610826;0,9403319454743705;-0,5946597632315352;1,8419568709940497e-09
221;0,00040000053218372837;3,67943072874796e-10;-0,0004000000427693666;-3,05082735341735e-11;4,894143617391496e-10;3,374347993406225e-10;2,4559423995926947e-05;2,4559423995926943e-05;2,4559423995926947e-05;0,9403331892908691;-0,5946075103560782;0,9403320387605856;-0,5946558442610826;2,4559423995926947e-09
222;0,0005000005946912912;4,111495593108112e-10;-0,0005000005326878154;-3,684002408705099e-10;6,200347581284543e-11;4,2749318440301275e-11;3,069927185703643e-05;3,0699271857036433e-05;3,0699271857036433e-05;0,9403333058986598;-0,5946026116560921;0,9403331892908691;-0,5946075103560782;3,069927185703643e-09
223;0,0006000009651573148;6,669670007682338e-10;-0,0006000005931162527;-4,104711929994246e-10;3,7204106212874316e-10;2,5649580776880917e-10;3,6839118829107765e-05;3,6839118829107765e-05;3,6839118829107765e-05;0,9403338889694475;-0,594578118174384;0,9403333058986598;-0,5946026116560921;3,6839118829107762e-09
224;0,26616870433336526;0,12904736778959716;-0,26613255786278733;-0,12902244600960913;3,614647057792464e-05;2,492177998802969e-05;0,01815635355585002;0,01815635355585002;0,01815635355585002;0,9406158487843316;-0,5918061540466271;0,9404778494360504;-0,5930955398047248;1,8156353555850019e-06
225;0,3935819947870276;0,19033230610223875;-0,39331216928834783;-0,19014627773529155;0,00026982549867976546;0,0001860283669471996;0,026515185322953227;0,02651518532295323;0,02651518532295323;0,9519469373302701;-0,42892799763296197;0,951241670490436;-0,4354860759779286;2,651518532295323e-06
226;0,10301874430674986;0,05001292357115974;-0,10299999999999608;-0,04999999999988217;1,8744306753776252e-05;1,2923571277564938e-05;0,00670715858775006;0,006707158587750059;0,00670715858775006;0,9857594303613506;-0,271983184680691;0,9855656968141471;-0,2737045279055347;6,70715858775006e-07
227;0,0;0,0;0,0;0,0;0,0;0,0;;;;;;;;
228;0,1390861231544915;0,0670593806182406;-0,13903761252043412;-0,06702593371770418;4,851063405739153e-05;3,344690053641575e-05;0,00926858478597788;0,009268584785977878;0,00926858478597788;0,9618259039867517;-0,39624677121846535;0,9614632293287799;-0,3996098273095897;9,268584785977879e-07
229;0,3482109682457299;0,169145449063332;-0,34809592613772117;-0,16906613709599638;0,00011504210800872272;7,931196733562684e-05;0,023498041318504952;0,023498041318504945;0,023498041318504952;0,9511567877939829;-0,4362808829208393;0,9508173926264526;-0,43940118304401576;2,349804131850495e-06
230;-0,3563217160680797;-0,17215286321885853;0,35644809152971374;0,17225954605070481;0,0001263754616340207;0,00010668283184628313;0,024017074201151428;0,024017074201151428;0,024017074201151428;0,9513002504206526;-0,4381789429354444;0,9516853642308469;-0,43223322551619925;2,4017074201151427e-06
231;-0,16400297312916023;-0,07900243867313629;0,16401938491980184;0,07901629424135874;1,6411790641601698e-05;1,3855568222448378e-05;0,010818648300952255;0,010818648300952258;0,010818648300952258;0,971475559582775;-0,26693901871955544;0,9715865554384878;-0,2652520959530515;1,0818648300952259e-06
232;-0,12100000002393395;-0,05799999986489998;0,12103761251836774;0,058025933736334134;3,761249443379189e-05;2,5933871434152822e-05;0,008060264431387179;0,008060264431387179;0,008060264431387179;0,9611399861931622;-0,40265250912320205;0,9614632293287799;-0,3996098273095897;8,060264431387178e-07
233;0,30913557712993384;0,14909346663921605;-0,3090947822484115;-0,14906534421025164;4,0794881522310256e-05;2,8122428964411084e-05;0,020330322211900592;0,020330322211900592;0,020330322211900592;0,9746665947883895;-0,5217042901445312;0,9745275526068303;-0,522974673766508;2,033032221190059e-06
234;-0,3161402000100909;-0,15302771491082406;0,3161819075385337;0,15305646648362292;4,1707528442791464e-05;2,8751572798857428e-05;0,020556475311488385;0,020556475311488392;0,020556475311488392;0,9864648430909595;-0,27859622502330184;0,9866054634554761;-0,27733907679480413;2,055647531148839e-06
235;0,3211552999008639;0,15510707338825824;-0,32106720897302476;-0,15504633764594508;8,809092783912398e-05;6,073574231316159e-05;0,021126376810232727;0,021126376810232723;0,021126376810232727;0,9746665947883895;-0,5217042901445312;0,974377630706166;-0,5243365903200962;2,1126376810232728e-06
236;0,27907875765700074;0,13505429884971212;-0,2790399187285052;-0,1350275207102295;3,883892849554371e-05;2,6778139482624974e-05;0,018820419607811376;0,01882041960781138;0,01882041960781138;0,9511026265630399;-0,43960347511291936;0,9509595960188663;-0,44093159850195324;1,8820419607811377e-06
237;0,0;0,0;0,0;0,0;0,0;0,0;;;;;;;;
238;0,24120545113842984;0,1160727018278746;-0,24117182746125185;-0,11604951942938252;3,362367717799075e-05;2,3182398492083145e-05;0,015985552922864174;0,015985552922864174;0,015985552922864174;0,9667823712889356;-0,6208370341491802;0,9666366375225778;-0,6221877552506194;1,5985552922864175e-06
239;-0,3651429584221211;-0,17702961563036376;0,3653204727569492;0,17715200885893392;0,00017751433482809942;0,00012239322857016122;0,024263388430605673;0,024263388430605676;0,024263388430605676;0,9655920194432502;-0,6316678935544718;0,96609915882012;-0,6270545659635677;2,426338843060568e-06
240;0,0;0,0;0,0;0,0;0,0;0,0;;;;;;;;
241;0,0;0,0;0,0;0,0;0,0;0,0;;;;;;;;
242;0,26512604533608436;0,1280869033640109;-0,2650349429756403;-0,128024091339847;9,110236044407305e-05;6,281202416391629e-05;0,017876143110035547;0,017876143110035554;0,017876143110035554;0,9509775762168263;-0,4406588199941357;0,9506243919426364;-0,44395385387013847;1,7876143110035556e-06
243;0,271094782248412;0,131065344211539;-0,2710214976422996;-0,13101482022306238;7,32846061123893e-05;5,0523988476630644e-05;0,017839318878221582;0,01783931887822158;0,017839318878221582;0,9745275526068303;-0,522974673766508;0,9742428493504048;-0,5255610347258092;1,783931887822158e-06
244;0,21307738213536026;0,10305334868016265;-0,21302989094031816;-0,10302060722573814;4,7491195042104195e-05;3,2741454424514704e-05;0,014360793543012862;0,014360793543012857;0,014360793543012862;0,9515685873819868;-0,43079473953583103;0,9513393938084724;-0,4329249370776607;1,4360793543012862e-06
245;-0,2962167402638118;-0,14308048598018897;0,29632171603094426;0,14315286325328716;0,0001049757671324758;7,23772730981953e-05;0,01997259932671327;0,019972599326713275;0,019972599326713275;0,9509360008890808;-0,44157641677312015;0,9513002504206526;-0,4381789429354444;1,9972599326713272e-06
246;0,31631216928153055;0,1531462778630438;-0,31613755376232155;-0,15302589102028422;0,0001746155192089982;0,00012038684275958444;0,021330183543650415;0,021330183543650415;0,021330183543650415;0,951241670490436;-0,4354860759779286;0,9506742759188289;-0,44074903657081754;2,1330183543650416e-06
247;0,18201537360674408;0,08801059784107332;-0,18200529851698635;-0,08800365287628886;1,0075089757727307e-05;6,9449647844554985e-06;0,012174016382079815;0,01217401638207982;0,01217401638207982;0,9588194287854598;-0,4239035886846315;0,9587620750249825;-0,42443259378394466;1,2174016382079822e-06
248;-0,2580024836948873;-0,12500171235297888;0,2580387875921149;0,12502674416220214;3,630389722758531e-05;2,5031809223252655e-05;0,016968220618701034;0,016968220618701034;0,016968220618701034;0,9754711639222668;-0,21358167328553157;0,9756194657943649;-0,21224327680340882;1,6968220618701032e-06
249;0,19917182746009637;0,09604951943416652;-0,19913166019478123;-0,09602182725490026;4,016726531513859e-05;2,7692179266264327e-05;0,013207116904351434;0,013207116904351437;0,013207116904351437;0,9666366375225778;-0,6221877552506194;0,9664258932205633;-0,6241304089109833;1,3207116904351439e-06
250;0,0;0,0;0,0;0,0;0,0;0,0;;;;;;;;
251;-0,12600000000003203;-0,06099999999997845;0,1260093786243317;0,06100646760194315;9,378624299671845e-06;6,467601964696423e-06;0,008174831942969035;0,008174831942969031;0,008174831942969035;0,9886790593121354;-0,10089981261735141;0,9887585810480221;-0,1001899313402785;8,174831942969035e-07
252;0,31608488492122083;0,1530585197594357;-0,31600000013291185;-0,1529999992520144;8,488478830898094e-05;5,852050742130577e-05;0,021338735642507288;0,021338735642507288;0,021338735642507288;0,950203473903981;-0,45508261665946076;0,949927759780751;-0,4576407468695339;2,1338735642507288e-06
253;0,30211189361339197;0,1460771478660124;-0,3020436452435715;-0,14603009290241525;6,824836982044502e-05;4,7054963597137345e-05;0,019723402238858365;0,019723402238858365;0,019723402238858365;0,9823048075946919;-0,3081964141144828;0,9820649913447903;-0,3103574683550419;1,9723402238858364e-06
254;0,0;0,0;0,0;0,0;0,0;0,0;;;;;;;;
255;0,23604371780281358;0,11403013969744058;-0,23601667624234374;-0,11401149666226515;2,704156046984263e-05;1,8643035175430756e-05;0,015325080420328046;0,015325080420328048;0,015325080420328048;0,9875898909906512;-0,2609555609382307;0,9874676076665558;-0,2620537780517739;1,5325080420328048e-06
256;0,24406720897254724;0,11804633765006298;-0,24401627415961194;-0,11801121980366165;5,0934812935304885e-05;3,5117846401325203e-05;0,016064484253499805;0,016064484253499805;0,016064484253499805;0,974377630706166;-0,5243365903200962;0,9741578831939656;-0,5263313358978849;1,6064484253499805e-06
257;0,0;0,0;0,0;0,0;0,0;0,0;;;;;;;;
258;0,2260959261025341;0,11006613732576115;-0,22601411857885773;-0,11000973378002533;8,180752367636934e-05;5,640354573581419e-05;0,015269236303134528;0,015269236303134532;0,015269236303134532;0,9508173926264526;-0,43940118304401576;0,950445925358327;-0,4427988836338098;1,5269236303134531e-06
259;0,19908380042201496;0,09605777452169725;-0,19900911308430935;-0,09600628200936605;7,468733770560343e-05;5,149251233120544e-05;0,01356782649026522;0,01356782649026522;0,01356782649026522;0,9406158487843316;-0,5918061540466271;0,9402343929051589;-0,5954157908043787;1,3567826490265222e-06
260;0,0;0,0;0,0;0,0;0,0;0,0;;;;;;;;
261;0,0;0,0;0,0;0,0;0,0;0,0;;;;;;;;
262;0,3621711198768483;0,17611797494550477;-0,36213111951859617;-0,17609039603913113;4,000035825213466e-05;2,757890637364313e-05;0,024657667801881798;0,0246576678018818;0,0246576678018818;0,9429601408136886;-0,569708876257167;0,9428476726261666;-0,5707488604740775;2,46576678018818e-06
263;0,275305535245397;0,13214170586251597;-0,27524901758986176;-0,1321027423866956;5,651765553527088e-05;3,896347582038606e-05;0,01853626880477873;0,01853626880477873;0,01853626880477873;0,9511567877939829;-0,4362808829208393;0,9509455723141101;-0,43828336903161325;1,8536268804778734e-06
264;0,07900761639623852;0,03800525045907058;-0,07900157909984655;-0,03800108824522973;6,037296391966929e-06;4,162213840849804e-06;0,005383001443908427;0,005383001443908427;0,005383001443908427;0,9403338889694475;-0,594578118174384;0,9402561850491395;-0,5953190873483428;5,383001443908427e-07
265;0,2751490175957121;0,1321027423817597;-0,27507371208563136;-0,1320508217564783;7,530551008072539e-05;5,1920625281393074e-05;0,01853079541857435;0,018530795418574345;0,01853079541857435;0,9509455723141101;-0,43828336903161325;0,9506640496474492;-0,4409520982910707;1,853079541857435e-06
266;-0,2240357713568453;-0,10802466155157736;0,2242107207127039;0,10814528326888614;0,00017494935585860016;0,00012062171730878313;0,015097423437826584;0,015097423437826584;0,015097423437826584;0,9511439476019694;-0,436446751997734;0,9519469373302701;-0,42892799763296197;1,5097423437826585e-06
267;-0,14400377281531254;-0,0700026003836172;0,14402496780086355;0,07001721361578918;2,1194985551004075e-05;1,4613232171972745e-05;0,00983098982431819;0,009830989824318187;0,00983098982431819;0,9403283821539219;-0,5944823915904803;0,9404778494360504;-0,5930955398047248;9,830989824318192e-07
268;-0,1941000000081112;-0,09400000000553892;0,19414020001014462;0,0940277149111873;4,0200002033419224e-05;2,7714905648387744e-05;0,012625014525399365;0,012625014525399365;0,012625014525399365;0,9862441443449741;-0,28056761007949976;0,9864648430909595;-0,27859622502330184;1,2625014525399364e-06
269;0,19402807936152255;0,09401935977848584;-0,19399999999991538;-0,09399999999975808;2,8079361607175057e-05;1,9359778727759402e-05;0,012651129623555551;0,012651129623555548;0,012651129623555551;0,9839514224698629;-0,29771339511083716;0,9837975775299476;-0,2990895227294346;1,2651129623555552e-06
270;-0,06000160273004894;-0,029001105102162;0,06000477545362371;0,029003292513502123;3,1727235747722182e-06;2,1874113401224027e-06;0,003892213650489332;0,003892213650489332;0,003892213650489332;0,988543137801775;-0,10212389518153513;0,9885996304187866;-0,10161775207005638;3,8922136504893316e-07
271;0,042002973120951935;0,020002438705049294;-0,042000461026697786;-0,020000317849867413;2,5120942541492775e-06;2,120855181881459e-06;0,0027648461464992715;0,0027648461464992715;0,0027648461464992715;0,971475559582775;-0,26693901871955544;0,9714091573356916;-0,2679671293795198;2,7648461464992717e-07
272;0,24604364524330818;0,11903009290306778;-0,24601136800099857;-0,1190078388792723;3,227724230961404e-05;2,2254023795478806e-05;0,01606851837272247;0,01606851837272247;0,01606851837272247;0,9820649913447903;-0,3103574683550419;0,9819257709232522;-0,311610463607691;1,606851837272247e-06
273;0,02900157905649857;0,014001088505693529;-0,029000078301228794;-0,014000053825674822;1,5007552697753057e-06;1,0346800187067268e-06;0,0019774618388025047;0,0019774618388025047;0,0019774618388025047;0,9402561850491395;-0,5953190873483428;0,9402035923114566;-0,5958160517897333;1,9774618388025046e-07
274;0,1570399186825271;0,07602752097812181;-0,15700177581880473;-0,07600122391242602;3,814286372236242e-05;2,62970656957906e-05;0,010592827523714916;0,010592827523714916;0,010592827523714916;0,9509595960188663;-0,44093159850195324;0,9507100229622162;-0,4432468355295949;1,0592827523714916e-06
275;0,18679689094649593;0,09006680524783248;-0,18676082134198538;-0,09004193353926203;3,606960451055241e-05;2,487170857044807e-05;0,012011835388891293;0,012011835388891294;0,012011835388891294;0,9967586687303185;-0,028629666414086465;0,996550584549565;-0,030491658730957227;1,2011835388891295e-06
276;0,0770057023369881;0,03700393155930137;-0,07700000000204736;-0,03699999999047764;5,70233494073813e-06;3,9315688237298585e-06;0,0050992587020410405;0,0050992587020410405;0,0050992587020410405;0,9673174910454336;-0,6159461852781561;0,9672400179544485;-0,6166664026384321;5,09925870204104e-07
277;0,1221316601932965;0,05902182726546679;-0,12211797829636742;-0,05901239473522973;1,3681896929088055e-05;9,43253023706625e-06;0,008103570313846249;0,008103570313846249;0,008103570313846249;0,9664258932205633;-0,6241304089109833;0,9663088848436294;-0,6252032319124571;8,103570313846248e-07
278;0,12201797829662975;0,059012394734911114;-0,12200000000364333;-0,05899999998268807;1,7978292986414735e-05;1,2394752223046646e-05;0,00809819113091751;0,00809819113091751;0,00809819113091751;0,9663088848436294;-0,6252032319124571;0,9661550235290896;-0,6266114277219135;8,098191130917511e-07
279;-0,17300875653001943;-0,08400603601934326;0,17304700659274333;0,08403240671261976;3,825006272389908e-05;2,6370693276503432e-05;0,011812174975568088;0,011812174975568086;0,011812174975568088;0,9400393943910954;-0,5971839449235421;0,940263874123876;-0,5950946587728722;1,1812174975568088e-06
280;0,16003494293751588;0,07702409157414133;-0,1600017719713132;-0,07700122130469382;3,317096620267246e-05;2,2870269447514135e-05;0,010786686802109705;0,010786686802109704;0,010786686802109705;0,9506243919426364;-0,44395385387013847;0,9504113247858167;-0,44596154963435874;1,0786686802109705e-06
281;0,1816607983945582;0,08804191771771142;-0,18164069963393187;-0,08802806032395168;2,0098760626335865e-05;1,3857393759739156e-05;0,011695387645974605;0,011695387645974605;0,011695387645974605;0,996550584549565;-0,030491658730957227;0,9964314646079582;-0,03154317902571475;1,1695387645974606e-06
282;0,17924042636842533;0,0870278709440405;-0,1792243586110219;-0,08701679414137398;1,6067757403426253e-05;1,1076802666529217e-05;0,011541173478640235;0,011541173478640235;0,011541173478640235;0,9967586687303185;-0,028629666414086465;0,9966621593187106;-0,029476995163815925;1,1541173478640236e-06
283;0,11502983627083585;0,05602056977489059;-0,11500405232485932;-0,056002793231849035;2,578394597653466e-05;1,7776543041553294e-05;0,007764803202581978;0,007764803202581979;0,007764803202581979;0,9513393938084724;-0,4329249370776607;0,9511091590046412;-0,43502685807669855;7,764803202581978e-07
284;0,36145382611910387;0,1741750006930537;-0,361381494618424;-0,17412513054757808;7,233150067986749e-05;4,9870145475611194e-05;0,023446001950160087;0,023446001950160087;0,023446001950160087;0,9880168697610495;-0,1067527289397266;0,9878031045714829;-0,10868479568244445;2,3446001950160084e-06
285;0,17403385313113873;0,08502553909396843;-0,17401967398698837;-0,08501356585337254;1,4179144150361367e-05;1,197324059588889e-05;0,01137780444322977;0,01137780444322977;0,01137780444322977;0,9828690936738039;-0,17817149500619528;0,9827777764583195;-0,17951273657135797;1,137780444322977e-06
286;-0,24310000002051393;-0,11799999997187886;0,24314295841968941;0,11802961564740015;4,2958399175480055e-05;2,961567552128841e-05;0,01616048142228057;0,016160481422280562;0,01616048142228057;0,965407748986757;-0,6333392370857354;0,9655920194432502;-0,6316678935544718;1,6160481422280568e-06
287;0,0;0,0;0,0;0,0;0,0;0,0;;;;;;;;
288;0,17203232340893274;0,08202228384443487;-0,17201038899141738;-0,08200716270053347;2,1934417515356852e-05;1,5121143901397627e-05;0,01114626058284991;0,01114626058284991;0,01114626058284991;0,9871876031322144;-0,11433136220906402;0,9870513400503622;-0,11559695521209838;1,114626058284991e-06
289;0,1700201960195345;0,08201392632466242;-0,1700103434951966;-0,08200713148029143;9,852524337911062e-06;6,794844370994202e-06;0,011094818913364765;0,011094818913364765;0,011094818913364765;0,9823048075946919;-0,3081964141144828;0,9822432667120022;-0,3087547506530424;1,1094818913364764e-06
290;0,021000461025151088;0,010000317854394725;-0,021000000001094532;-0,00999999999375929;4,610240565555701e-07;3,1786063543585985e-07;0,001382439503818008;0,0013824395038180082;0,0013824395038180082;0,9714091573356916;-0,2679671293795198;0,9713860665094556;-0,26818580477993653;1,3824395038180082e-07
291;-0,19114209412343164;-0,09202902193631167;0,19121674022941193;0,09208048620743065;7,464610598029164e-05;5,146427111897556e-05;0,012885464745210191;0,012885464745210191;0,012885464745210191;0,9505346142534434;-0,4453526186699711;0,9509360008890808;-0,44157641677312015;1,2885464745210191e-06
292;-0,19100207547058579;-0,09200143040735483;0,19104209412913908;0,09202902193117272;4,0018658553298e-05;2,75915238178992e-05;0,012879992346623325;0,012879992346623325;0,012879992346623325;0,9503193277495678;-0,44737682833380554;0,9505346142534434;-0,4453526186699711;1,2879992346623325e-06
293;0,14902149764015304;0,0720148202299882;-0,14900778281882304;-0,07200536531528343;1,3714821330002014e-05;9,454914704776218e-06;0,009808356300875929;0,009808356300875933;0,009808356300875933;0,9742428493504048;-0,5255610347258092;0,9741459464492662;-0,5264423366914028;9,808356300875932e-07
294;0,09500405231712704;0,04600279327539915;-0,09500000003779416;-0,04599999978922076;4,0522793328806594e-06;2,7934861783901477e-06;0,006407536827454748;0,006407536827454747;0,006407536827454748;0,9511091590046412;-0,43502685807669855;0,9510653262399087;-0,4354329977722807;6,407536827454748e-07
295;-0,00010000000001961408;-8,813730711282645e-14;0,00010000000618601316;4,339275111606294e-12;6,1663990835172586e-12;4,251137804493467e-12;6,122743474675284e-06;6,122743474675285e-06;6,122743474675285e-06;0,9429600826670059;-0,5697113119795564;0,9429601408136886;-0,569708876257167;6,122743474675285e-10
296;0,0;0,0;0,0;0,0;0,0;0,0;;;;;;;;
297;0,15501667624272933;0,07501149666159246;-0,1550000000002075;-0,07499999999977734;1,66762425218292e-05;1,1496661815116327e-05;0,010068837941291296;0,010068837941291292;0,010068837941291296;0,9874676076665558;-0,2620537780517739;0,9873528192603642;-0,26308027616536817;1,0068837941291295e-06
298;0,15402013120625893;0,07401621142362715;-0,1540050692582692;-0,07400349480243709;1,5061947989725155e-05;1,2716621190053679e-05;0,009910247981795545;0,009910247981795543;0,009910247981795545;0,9955217231089775;-0,03925326582662243;0,9954105451491777;-0,0409090829112072;9,910247981795546e-07
299;0,1522972287140746;0,07406703443322546;-0,15221765979831023;-0,07401217433261637;7,956891576438307e-05;5,48601006090943e-05;0,009902652568947675;0,009902652568947675;0,009902652568947675;0,9873706565283548;-0,25772512190807484;0,9868135861680101;-0,262645537578866;9,902652568947675e-07
300;0,0;0,0;0,0;0,0;0,0;0,0;;;;;;;;
301;0,2021811459944729;0,09805594396402739;-0,20217560700189444;-0,09805212675492135;5,538992578463242e-06;3,8172091060412194e-06;0,012973329557508208;0,012973329557508208;0,012973329557508208;1,0;0,0;0,9999704077091732;-0,00025945199633370104;1,2973329557508209e-06
302;0,2020756070021373;0,09805212675466503;-0,2019999999999538;-0,0979999999999233;7,560700218350869e-05;5,212675474172701e-05;0,012968134847683669;0,012968134847683667;0,012968134847683669;0,9999704077091732;-0,00025945199633370104;0,9995662597006932;-0,003804471746170219;1,296813484768367e-06
303;-0,13800030026685833;-0,06700020706450019;0,13802022782463433;0,06701394646420168;1,9927557775994975e-05;1,373939970149285e-05;0,008967603286295317;0,008967603286295317;0,008967603286295317;0,9876490567931614;-0,11005017672679956;0,9878031045714829;-0,10868479568244445;8,967603286295317e-07
304;0,14921432809280608;0,07201202356890238;-0,14920046682267743;-0,07200032190625585;1,3861270128645575e-05;1,1701662646523836e-05;0,009732400855323639;0,009732400855323639;0,009732400855323639;0,9828690936738039;-0,17817149500619528;0,9827648672385161;-0,17973265220532086;9,73240085532364e-07
305;0,0;0,0;0,0;0,0;0,0;0,0;;;;;;;;
306;0,0;0,0;0,0;0,0;0,0;0,0;;;;;;;;
307;-0,07700000003218656;-0,036999999823753106;0,07700177193910136;0,03700122149418412;1,7719069148047772e-06;1,2216704310119564e-06;0,005189679146446945;0,005189679146446945;0,005189679146446945;0,9503876707469824;-0,44618535770648743;0,9504113247858167;-0,44596154963435874;5,189679146446945e-07
308;-0,12200000010794765;-0,058999999363866414;0,1220075900693201;0,059005232387849604;7,5899613724561554e-06;5,233023983190754e-06;0,008319849395139;0,008319849395139;0,008319849395139;0,9404146230186169;-0,5936902066503045;0,9404778494360504;-0,5930955398047248;8,319849395139e-07
309;0,25410832890927665;0,1220801396953675;-0,25406796746305255;-0,12205231475895542;4,036144622410198e-05;2,78249364120825e-05;0,0168261407076014;0,0168261407076014;0,0168261407076014;0,9673174910454336;-0,6159461852781561;0,9671513145905957;-0,6174915644105624;1,68261407076014e-06
310;0,14201967398693935;0,06901356585356101;-0,14200608810464038;-0,06900419797082054;1,3585882298966512e-05;9,367882740474176e-06;0,009276125409999118;0,00927612540999912;0,00927612540999912;0,9827777764583195;-0,17951273657135797;0,9826762378806551;-0,18041553073913763;9,27612540999912e-07
311;0,06000529848637869;0,029003653038379804;-0,06000000001479163;-0,028999999919802684;5,29847158706187e-06;3,6531185771196406e-06;0,004013380715416414;0,004013380715416414;0,004013380715416414;0,9587620750249825;-0,42443259378394466;0,9586705794665691;-0,4252779701800797;4,0133807154164137e-07
312;0,13901034349606345;0,06700713148041589;-0,13900005825081474;-0,06700004016541718;1,0285245248708996e-05;7,091314998708409e-06;0,00907057770815024;0,00907057770815024;0,00907057770815024;0,9822432667120022;-0,3087547506530424;0,982164694848193;-0,3094683787556005;9,070577708150241e-07
313;0,03410033176306714;0,017000228766765473;-0,03410008127397841;-0,017000056061914882;2,504890887350397e-07;1,7270485059076024e-07;0,002228691323532264;0,0022286913235322636;0,002228691323532264;0,9870721296159978;-0,26557097639276833;0,9870643261420291;-0,26563533995655164;2,228691323532264e-07
314;0,13211764873125473;0,06401216761222314;-0,13210000010003414;-0,06399999947250336;1,76486312205848e-05;1,2168139719784254e-05;0,008970903775477952;0,00897090377547795;0,008970903775477952;0,9448292248093015;-0,5522152888557462;0,9446928616329433;-0,5534859244946666;8,970903775477951e-07
315;0,12200778281846665;0,05900536531709407;-0,12200000000130877;-0,05899999999275641;7,782817157880872e-06;5,365324337661126e-06;0,008032315337318843;0,008032315337318843;0,008032315337318843;0,9741459464492662;-0,5264423366914028;0,9740787947423969;-0,5270518586108064;8,032315337318842e-07
316;0,1311175785763961;0,06401211833218043;-0,13110239532320872;-0,06400165074164606;1,5183253187389667e-05;1,0467590534371518e-05;0,008536614398969772;0,008536614398969772;0,008536614398969772;0,9868135861680101;-0,262645537578866;0,9866902498156465;-0,2637237285308456;8,536614398969771e-07
317;0,13100239532355407;0,06400165074198848;-0,13100000000066062;-0,06399999999986683;2,3953228934503468e-06;1,6507421216477303e-06;0,008531356525456063;0,008531356525456064;0,008531356525456064;0,9866902498156465;-0,2637237285308456;0,986670781210075;-0,26389339031970194;8,531356525456065e-07
318;0,15203331472543447;0,07302296954188339;-0,15201044295861563;-0,07300719972352956;2,287176681883829e-05;1,5769818353827958e-05;0,00984993166948409;0,009849931669484089;0,00984993166948409;0,9885996304187866;-0,10161775207005638;0,9884387651916864;-0,10308303725603626;9,849931669484091e-07
319;0,12912253609547447;0,06301553773642199;-0,12910764780591155;-0,06300527346197318;1,4888289562919876e-05;1,0264274448806843e-05;0,00832307843698891;0,008323078436988911;0,008323078436988911;0,9966621593187106;-0,029476995163815925;0,9965381187066739;-0,0305516698898343;8,323078436988912e-07
320;0,12843701004809685;0,06202551641180723;-0,1284257020574004;-0,06201772027036859;1,1307990696457493e-05;7,796141438642934e-06;0,008264220512561118;0,008264220512561118;0,008264220512561118;0,9964314646079582;-0,03154317902571475;0,9963366412404956;-0,03238799613778512;8,264220512561117e-07
321;-0,04010058687501215;-0,019000404668317445;0,04010204399661651;0,019001409371482533;1,457121604361844e-06;1,0047031650875504e-06;0,0025906454772143435;0,0025906454772143435;0,0025906454772143435;0,9889224474553496;-0,09871528115497565;0,9889613807577352;-0,09834856702338612;2,5906454772143434e-07
322;0,1260233134671821;0,06101607385338582;-0,12600000000006498;-0,06099999999917646;2,331346711711979e-05;1,607385420935442e-05;0,008151248354761453;0,008151248354761451;0,008151248354761453;0,9917377912970807;-0,0706168033077315;0,9915395536525137;-0,07237998119880754;8,151248354761452e-07
323;0,1260125757782688;0,06101061725528088;-0,12599999999997089;-0,060999999999832646;1,257577829791301e-05;1,061725544823644e-05;0,008208084249548343;0,008208084249548345;0,008208084249548345;0,9847859168555178;-0,14953752265855952;0,9846737569545911;-0,1512057479353744;8,208084249548345e-07
324;0,12601136800133458;0,06100783887894419;-0,1260000000000341;-0,06099999999964974;1,1368001300471331e-05;7,838879294452816e-06;0,008231857589756057;0,008231857589756055;0,008231857589756057;0,9819257709232522;-0,311610463607691;0,9818300507845362;-0,31247068100947073;8,231857589756056e-07
325;0,0;0,0;0,0;0,0;0,0;0,0;;;;;;;;
326;0,19807371206391533;0,09505082190189694;-0,19802295872958947;-0,09501582917891442;5,075333432585927e-05;3,4992722982518654e-05;0,013342625536197302;0,013342625536197302;0,013342625536197302;0,9506640496474492;-0,4409520982910707;0,950400543432107;-0,4434538718814742;1,3342625536197303e-06
327;0,2320679674638633;0,1120523147648041;-0,23203270930741976;-0,11202255193922792;3,525815644353503e-05;2,9762825576179486e-05;0,015383877579402527;0,015383877579402527;0,015383877579402527;0,9671513145905957;-0,6174915644105624;0,9669835886581066;-0,6200424792737361;1,5383877579402526e-06
328;-0,1470045293265115;-0,07100312238501126;0,14703577133919463;0,07102466168960445;3,1242012683119214e-05;2,1539304593184982e-05;0,009911877869647156;0,009911877869647158;0,009911877869647158;0,9509255136111086;-0,438484490952608;0,9511439476019694;-0,436446751997734;9,911877869647158e-07
329;0,12201037196087908;0,059007150467125125;-0,12200000000012627;-0,05899999999992732;1,0371960752805776e-05;7,1504671978056544e-06;0,007940734619332607;0,007940734619332607;0,007940734619332607;0,9854033974123553;-0,30351357554312247;0,9853128731737902;-0,3043259413771958;7,940734619332607e-07
330;0,11500746745834824;0,05600514911870374;-0,11499999999995755;-0,05599999999966783;7,4674583906836345e-06;5,149119035909033e-06;0,007411068504823803;0,0074110685048238015;0,007411068504823803;0,9965381187066739;-0,0305516698898343;0,9964682539058056;-0,031160868981767696;7,411068504823803e-07
331;0,12201627415794616;0,05901121981083363;-0,12200000000157843;-0,05899999999278828;1,6274156367734882e-05;1,1219818045353491e-05;0,008032821032579537;0,008032821032579535;0,008032821032579537;0,9741578831939656;-0,5263313358978849;0,974017472946078;-0,5276060497683438;8,032821032579537e-07
332;-0,058000000051137174;-0,027999999695366398;0,058003772738245425;0,028002600836683166;3,772687108251349e-06;2,601141316768696e-06;0,003954665321675982;0,003954665321675982;0,003954665321675982;0,9402622718203563;-0,5951071169616343;0,9403283821539219;-0,5944823915904803;3,9546653216759823e-07
333;0,10932540911347738;0,053017518295112594;-0,10931584217252874;-0,05301092271247507;9,566940948640967e-06;6,595582637526631e-06;0,007040753562601951;0,007040753562601952;0,007040753562601952;0,9963366412404956;-0,03238799613778512;0,9962424539979475;-0,033218037593475504;7,040753562601952e-07
334;0,0;0,0;0,0;0,0;0,0;0,0;;;;;;;;
335;-0,02110000002275689;-0,010000000015778115;0,021100586875153936;0,010000404668513983;5,868523970456452e-07;4,0465273586781647e-07;0,001363239405468294;0,0013632394054682948;0,0013632394054682948;0,9888926485972026;-0,09899582442653043;0,9889224474553496;-0,09871528115497565;1,3632394054682948e-07
336;-0,21923493380580408;-0,10502408381235283;0,21936126679361184;0,10511118408291392;0,00012633298780775903;8,710027056109404e-05;0,014217113365602984;0,014217113365602985;0,014217113365602985;0,9871876031322144;-0,11433136220906402;0,9878031045714829;-0,10868479568244445;1,4217113365602984e-06
337;0,10310487556862302;0,050004116030842635;-0,10310000001740462;-0,04999999998061288;4,87555121840566e-06;4,116050229756307e-06;0,006809374547294903;0,006809374547294903;0,006809374547294903;0,9715865554384878;-0,2652520959530515;0,9715341315064568;-0,26604011076334166;6,809374547294903e-07
338;0,1010046647546225;0,049003216622706146;-0,10100000000072963;-0,04900000000011671;4,664753892866247e-06;3,216622589438667e-06;0,006588566743490819;0,006588566743490818;0,006588566743490819;0,9837615138322955;-0,29504614018964453;0,9837124331999615;-0,2954839793148163;6,588566743490819e-07
339;0,10100071540843009;0,049000493474632575;-0,10099999999821377;-0,0489999999982425;7,154102163176024e-07;4,934763900774075e-07;0,006596698910462454;0,006596698910462454;0,006596698910462454;0,9825072673660181;-0,30624369131302204;0,9824997487883559;-0,3063109163376903;6,596698910462454e-07
340;0,0;0,0;0,0;0,0;0,0;0,0;;;;;;;;
341;0,09921576713353814;0,04801087097384677;-0,09920749002034095;-0,04800516439269839;8,277113197188712e-06;5,706581148380574e-06;0,006387651838747216;0,006387651838747216;0,006387651838747216;0,9962424539979475;-0,033218037593475504;0,9961526442597428;-0,034014157191431714;6,387651838747215e-07
342;0,0051000582127960145;0,002000040131124624;-0,005100041086943759;-0,002000028323980446;1,7125852255425733e-08;1,180714417816503e-08;0,0003281916553066954;0,0003281916553066954;0,0003281916553066954;0,9637187172854165;-0,31909673002361794;0,9637151541656933;-0,31914630141988765;3,281916553066954e-08
343;0,10401411853813346;0,051009734019750674;-0,10400000003975424;-0,05099999978830999;1,4118498379220301e-05;9,734231440683416e-06;0,007037254576709736;0,007037254576709736;0,007037254576709736;0,950445925358327;-0,4427988836338098;0,9503067633326466;-0,44404700604593406;7,037254576709736e-07
344;0,0;0,0;0,0;0,0;0,0;0,0;;;;;;;;
345;-0,07700000006778253;-0,03699999958988969;0,07700875644454125;0,037006036533413514;8,756376758720097e-06;6,036943523822502e-06;0,0052474542371308405;0,005247454237130841;0,005247454237130841;0,9399237895244887;-0,5982896749045242;0,9400393943910954;-0,5971839449235421;5,247454237130842e-07
346;0,2431311194358485;0,11809039657051773;-0,2430440048109576;-0,11803033678950801;8,711462489091604e-05;6,005978100971643e-05;0,016551294852433906;0,016551294852433902;0,016551294852433906;0,9428476726261666;-0,5707488604740775;0,942482801494509;-0,5741342089454764;1,6551294852433906e-06
347;-0,00010000000001399546;6,688730190060496e-14;0,00010000002270119595;1,557466226703804e-11;2,2687200493362765e-11;1,5641549568938644e-11;5,8383526369020075e-06;5,838352636902007e-06;5,8383526369020075e-06;0,9888924242451835;-0,09900478637225811;0,9888926485972026;-0,09899582442653043;5,838352636902008e-10
348;0,0;0,0;0,0;0,0;0,0;0,0;;;;;;;;
349;-0,19400000000534523;-0,09399999997431378;0,19403270930563257;0,09402255194058577;3,2709300287342424e-05;2,2551966271988633e-05;0,012873453136183493;0,012873453136183495;0,012873453136183495;0,9668074715190746;-0,6216454719539828;0,9669835886581066;-0,6200424792737361;1,2873453136183494e-06
350;-0,08100000000385099;-0,038999999980543223;0,08100248368671552;0,03900171239663587;2,483682864526382e-06;1,7124160926473841e-06;0,005321067387807119;0,005321067387807122;0,005321067387807122;0,9754388227728152;-0,21387829474549871;0,9754711639222668;-0,21358167328553157;5,321067387807122e-07
351;0,08601038899185601;0,04100716270102619;-0,08600000000012374;-0,041000000000052536;1,0388991732265818e-05;7,162700973652181e-06;0,00557349470595081;0,005573494705950809;0,00557349470595081;0,9870513400503622;-0,11559695521209838;0,9869222664467123;-0,11679639044672446;5,57349470595081e-07
352;0,04200160273066485;0,02000110510238142;-0,042000000000292186;-0,02000000000018996;1,6027303726615094e-06;1,105102191461399e-06;0,0027170042634195877;0,0027170042634195877;0,0027170042634195877;0,988543137801775;-0,10212389518153513;0,9885022927558827;-0,10250407786514065;2,717004263419588e-07
353;0,0;0,0;0,0;0,0;0,0;0,0;;;;;;;;
354;-9,999999992000604e-05;-4,453032812316035e-14;0,00010000000113185507;8,796787953813432e-13;1,211849034749718e-12;8,351484672581829e-13;6,068206063427286e-06;6,068206063427285e-06;6,068206063427286e-06;0,951434843663988;-0,4338011576973584;0,9514348551939422;-0,4338006791925398;6,068206063427286e-10
355;0,08100906446765732;0,039006249319200825;-0,08100000000533435;-0,03899999997102569;9,064462322974642e-06;6,249348175134395e-06;0,005338969797621775;0,005338969797621775;0,005338969797621775;0,9722856575487332;-0,2720455101123841;0,9721680221544267;-0,27312779703814516;5,338969797621774e-07
356;0,08100608810467474;0,03900419797102874;-0,08099999999993136;-0,03899999999972556;6,08810474338195e-06;4,197971303181169e-06;0,005282306982123269;0,0052823069821232695;0,0052823069821232695;0,9826762378806551;-0,18041553073913763;0,9825963781543858;-0,18114283162827788;5,28230698212327e-07
357;0,08100506925805233;0,0390034948021637;-0,0810000000000453;-0,03899999999989429;5,069258007028843e-06;3,4948022694103464e-06;0,0052146593846403915;0,005214659384640394;0,005214659384640394;0,9954105451491777;-0,0409090829112072;0,995343190435828;-0,04151431225590824;5,214659384640394e-07
358;0,07900082950933274;0,03800070045054185;-0,0790000000017586;-0,03799999999551594;8,295075741432401e-07;7,004550259120945e-07;0,005201446102490587;0,005201446102490587;0,005201446102490587;0,9730662582106846;-0,563417487565861;0,9730545906180794;-0,5635950364407928;5,201446102490588e-07
359;0,0;0,0;0,0;0,0;0,0;0,0;;;;;;;;
360;0,12611744154843338;0,06101202511575212;-0,12610364089843457;-0,06100251003011682;1,380064999881303e-05;9,51508563529907e-06;0,008361981460483805;0,008361981460483803;0,008361981460483805;0,9673174910454336;-0,6159461852781561;0,9672031050607461;-0,6169913737934729;8,361981460483805e-07
361;0,0;0,0;0,0;0,0;0,0;0,0;;;;;;;;
362;0,0;0,0;0,0;0,0;0,0;0,0;;;;;;;;
363;-9,999999996417226e-05;4,478973852776232e-14;0,00010000001251336841;8,607460406228286e-12;1,2549196152177554e-11;8,652250144756049e-12;5,9803781567068595e-06;5,980378156706861e-06;5,980378156706861e-06;0,9654076278358565;-0,6333441944592841;0,965407748986757;-0,6333392370857354;5,980378156706861e-10
364;0,0;0,0;0,0;0,0;0,0;0,0;;;;;;;;
365;0,07100694342083949;0,034004787255915936;-0,07100000000001723;-0,03399999999997281;6,9434208222612925e-06;4,787255943126956e-06;0,004594325895824502;0,004594325895824502;0,004594325895824502;0,9893598360707238;-0,09474436150492584;0,9892551556586718;-0,09570414097334001;4,5943258958245024e-07
366;0,12213755369953926;0,05902589139489329;-0,12212118164973898;-0,059014603415277214;1,6372049800275623e-05;1,1287979616074473e-05;0,008238267130330133;0,008238267130330131;0,008238267130330133;0,9506742759188289;-0,44074903657081754;0,9505365478477789;-0,44203300516168625;8,238267130330132e-07
367;0,12202118165172646;0,059014603413790605;-0,1220000000444166;-0,05899999975595255;2,1181607309850303e-05;1,4603657838056783e-05;0,008232798701793479;0,008232798701793479;0,008232798701793479;0,9505365478477789;-0,44203300516168625;0,950358234478664;-0,44369223242423395;8,232798701793478e-07
368;0,06810711161181919;0,033004903494625065;-0,06810206956670488;-0,03300142687897269;5,042045114311833e-06;3,4766156523785563e-06;0,004386430792522084;0,004386430792522084;0,004386430792522084;0,9961526442597428;-0,034014157191431714;0,9960729673739441;-0,03471811973716557;4,386430792522083e-07
369;0,0680041271499164;0,03300284544057414;-0,067999999999979;-0,03299999999997842;4,1271499374023746e-06;2,8454405957209494e-06;0,004371175543955132;0,0043711755439551315;0,004371175543955132;0,9983934160037831;-0,014172970919612962;0,9983279653178501;-0,014747535931154167;4,3711755439551325e-07
370;-0,05900000000071965;-0,028999999997067826;0,05900309635489953;0,029002134675802628;3,0963541798809113e-06;2,1346787348018592e-06;0,0038550371150617214;0,0038550371150617214;0,0038550371150617214;0,9845849437225729;-0,13237600526267362;0,984640663378109;-0,13189677646450287;3,8550371150617214e-07
371;0,03500177577013481;0,017001224186512582;-0,035000000014545035;-0,016999999920300306;1,7757555897737753e-06;1,2242662122755044e-06;0,002363077881658171;0,002363077881658172;0,002363077881658172;0,9507100229622162;-0,4432468355295949;0,9506579289018255;-0,44372596973711526;2,363077881658172e-07
372;0,0;0,0;0,0;0,0;0,0;0,0;;;;;;;;
373;0,08501044295871267;0,04100719972364297;-0,08500421082125202;-0,041002903332755705;6,232137460648879e-06;4,2963908872678536e-06;0,005513008031023745;0,005513008031023745;0,005513008031023745;0,9884387651916864;-0,10308303725603626;0,9883604324118035;-0,10378849170111033;5,513008031023745e-07
374;0,0;0,0;0,0;0,0;0,0;0,0;;;;;;;;
375;0,0620048064102973;0,030004057692579952;-0,06199999999974115;-0,029999999999890108;4,806410556147667e-06;4,0576926898447385e-06;0,004016551262009863;0,004016551262009862;0,004016551262009863;0,9901404923480309;-0,08660416428265647;0,990052896572696;-0,08790099012014471;4,016551262009862e-07
376;0,12200911302571366;0,05900628240514204;-0,1220000001089262;-0,05899999935444317;9,11291678745707e-06;6,283050698871473e-06;0,00832211592828791;0,00832211592828791;0,00832211592828791;0,9402343929051589;-0,5954157908043787;0,9401585005227087;-0,5961297702458532;8,32211592828791e-07
377;0,06000073274092711;0,02900050512340746;-0,0600000000005483;-0,02900000000025271;7,327403788101594e-07;5,051231547516244e-07;0,0038532881228808503;0,0038532881228808503;0,0038532881228808503;0,9985136524137131;-0,03725662058522014;0,9985004740503415;-0,03737348022049245;3,8532881228808507e-07
378;0,0;0,0;0,0;0,0;0,0;0,0;;;;;;;;
379;0,06800265473752377;0,0330018305507045;-0,06799999999956893;-0,03299999999993025;2,6547379548408356e-06;1,8305507742469307e-06;0,004418809220285179;0,004418809220285178;0,004418809220285179;0,9876078834050489;-0,11039658908708758;0,9875662354437937;-0,11076635441813144;4,4188092202851795e-07
380;0,05600220085111454;0,027001517480189353;-0,05599999999980676;-0,027000000000011376;2,2008513077820258e-06;1,5174801779767322e-06;0,0035986098683900495;0,003598609868390049;0,0035986098683900495;0,9974653257162466;-0,022385780791589503;0,9974229462804172;-0,022764612167236645;3,5986098683900495e-07
381;0,05600055077502475;0,027000379937362595;-0,05600000000081071;-0,026999999999781962;5,50774214042038e-07;3,799375806329275e-07;0,0035893742276651595;0,0035893742276651595;0,0035893742276651595;1,0;0,0;0,9999893657855402;-9,49573051874337e-05;3,5893742276651593e-07
382;0,053103689586721084;0,02600254391198521;-0,053101334242330794;-0,0260009199250921;2,3553443902896154e-06;1,6239868931081092e-06;0,003425989149993083;0,0034259891499930826;0,003425989149993083;0,9964314646079582;-0,03154317902571475;0,9963837810416224;-0,03195282069267921;3,425989149993083e-07
383;0,0;0,0;0,0;0,0;0,0;0,0;;;;;;;;
384;0,052000257041342146;0,02500017721580688;-0,05200000000187289;-0,024999999995707706;2,570394692577582e-07;1,7722009917550685e-07;0,003423580878331732;0,003423580878331732;0,003423580878331732;0,9730115596948717;-0,5639246821895417;0,9730063580841214;-0,5639726916039637;3,423580878331732e-07
385;0,0;0,0;0,0;0,0;0,0;0,0;;;;;;;;
386;0,0;0,0;0,0;0,0;0,0;0,0;;;;;;;;
387;0,0001000000082355587;5,664470929995458e-12;-0,00010000000002925079;-6,865223636836259e-15;8,206307906973541e-12;5,657605706358622e-12;5,969607716651987e-06;5,969607716651987e-06;5,969607716651987e-06;0,9671495082116552;-0,6174956878808954;0,9671494288443937;-0,6174989294499194;5,969607716651987e-10
388;0,0;0,0;0,0;0,0;0,0;0,0;;;;;;;;
389;0,00010000000738922959;4,994957802950152e-12;-0,00010000000026278477;-8,186667553808143e-14;7,126444820002541e-12;4,913091127412071e-12;5,84843559643079e-06;5,84843559643079e-06;5,84843559643079e-06;0,9871876031322144;-0,11433136220906402;0,9871875327808386;-0,11433417720271231;5,84843559643079e-10
390;0,05000182251518971;0,024001256405140763;-0,050000000000216614;-0,0240000000001712;1,8225149730974333e-06;1,2564049695629187e-06;0,0032129331653201246;0,0032129331653201246;0,0032129331653201246;0,9966621593187106;-0,029476995163815925;0,9966228647966898;-0,02983237683476566;3,2129331653201245e-07
391;0,0;0,0;0,0;0,0;0,0;0,0;;;;;;;;
392;0,12102295870464606;0,05801582932917683;-0,1210000000430685;-0,05799999975777035;2,2958661577560102e-05;1,5829571406479614e-05;0,008153018044071198;0,008153018044071198;0,008153018044071198;0,950400543432107;-0,4434538718814742;0,9502054822818634;-0,4453111905844063;8,153018044071199e-07
393;-0,07000000002528493;-0,033999999863534594;0,07000452930071777;0,03400312253169014;4,529275432832436e-06;3,1226681555460156e-06;0,004725156043908859;0,004725156043908858;0,004725156043908859;0,9508590633307125;-0,4390955471610924;0,9509255136111086;-0,438484490952608;4,725156043908859e-07
394;0,04500074719221058;0,02200051516414012;-0,045000000000325;-0,022000000000377697;7,471918855792015e-07;5,151637624233041e-07;0,002918547473010789;0,0029185474730107895;0,0029185474730107895;0,9909020415015481;-0,10446685264219914;0,990884286448019;-0,10462085992921002;2,9185474730107894e-07
395;0,04500014244091796;0,022000098253587664;-0,04500000000195865;-0,022000000001896742;1,4243895931492778e-07;9,825169092203545e-08;0,0029434962671861333;0,0029434962671861325;0,0029434962671861333;0,9824890019832304;-0,18160598931190433;0,9824856455981861;-0,18163539455155278;2,9434962671861333e-07
396;0,052004210820637116;0,025002903332494365;-0,05199999999986711;-0,02499999999986372;4,210820770005064e-06;2,9033326306437957e-06;0,0033706910847308186;0,003370691084730819;0,003370691084730819;0,9883604324118035;-0,10378849170111033;0,9882738816148796;-0,10457501827258348;3,370691084730819e-07
397;0,04300030026729344;0,02100020706348782;-0,043000000000527235;-0,020999999999150226;3,0026676620803494e-07;2,0706433759287712e-07;0,0027974203752369827;0,0027974203752369822;0,0027974203752369827;0,9876490567931614;-0,11005017672679956;0,9876416128979957;-0,11011518228756001;2,797420375236983e-07
398;0,0410008084523032;0,020000557434833997;-0,04100000000037373;-0,02000000000024996;8,08451929470988e-07;5,574345840371475e-07;0,0026753708037070244;0,002675370803707024;0,0026753708037070244;0,9844658907732383;-0,2887675344077431;0,9844449363203882;-0,28895160878844417;2,675370803707024e-07
399;-0,04100000000016791;-0,019999999999946488;0,041000995385488105;0,02000068621255359;9,953853201960516e-07;6,862126071018049e-07;0,0026423891196219623;0,0026423891196219623;0,0026423891196219623;0,9967325481748985;-0,028856173202346333;0,9967586687303185;-0,028629666414086465;2,642389119621962e-07
400;0,0;0,0;0,0;0,0;0,0;0,0;;;;;;;;
401;0,04000137277664512;0,019000946415237367;-0,040000000000189405;-0,019000000000022117;1,3727764557117106e-06;9,464152152492689e-07;0,0025668657704383618;0,0025668657704383618;0,0025668657704383618;0,9960729673739441;-0,03471811973716557;0,9960359433908987;-0,035062111159938125;2,5668657704383615e-07
402;-0,032999999999930536;-0,01599999999990962;0,03300115026623165;0,016000793163256092;1,15026630111148e-06;7,931633464706989e-07;0,0021450522731104585;0,0021450522731104585;0,0021450522731104585;0,9871033703736913;-0,11508464170413206;0,987140542282288;-0,11475365369750362;2,1450522731104585e-07
403;-0,03310115026637708;-0,016000793163242308;0,03310261038925712;0,016001799962773306;1,4601228800342758e-06;1,0067995309982758e-06;0,002150316527694833;0,002150316527694833;0,002150316527694833;0,987140542282288;-0,11475365369750362;0,9871876031322144;-0,11433136220906402;2,150316527694833e-07
404;0,19404400478324288;0,09403033700780063;-0,1940000001528735;-0,09399999909444019;4,400463036938196e-05;3,0337913360434232e-05;0,013208942133698935;0,013208942133698937;0,013208942133698937;0,942482801494509;-0,5741342089454764;0,9422518878384821;-0,5762901875840629;1,3208942133698938e-06
405;0,037100682782599405;0,01800047067520797;-0,03710024293226333;-0,01800016747239717;4,39850336077241e-07;3,032028107995133e-07;0,002393628205548369;0,002393628205548369;0,002393628205548369;0,9946450772746311;-0,11589125806683498;0,9946323397201587;-0,11600351145810577;2,393628205548369e-07
406;0,034001005528411066;0,017000693302418816;-0,03399999999961697;-0,01699999999992225;1,0055287940971547e-06;6,933024965655177e-07;0,00220272592839063;0,0022027259283906304;0,0022027259283906304;0,9963837810416224;-0,03195282069267921;0,9963520810928037;-0,032209683789472796;2,2027259283906306e-07
407;0,03400008127031976;0,017000056060977233;-0,03399999999480533;-0,016999999998669833;8,127551442971281e-08;5,606230740057283e-08;0,002223458136409939;0,0022234581364099395;0,0022234581364099395;0,9870643261420291;-0,26563533995655164;0,9870617874964289;-0,2656561342942798;2,2234581364099394e-07
408;0,0;0,0;0,0;0,0;0,0;0,0;;;;;;;;
409;0,03100019721180827;0,015000135950786113;-0,03100000000068334;-0,015000000000989349;1,972111249304298e-07;1,3594979676387342e-07;0,001999042957090874;0,0019990429570908735;0,001999042957090874;0,9946323397201587;-0,11600351145810577;0,9946255024728348;-0,11606420190094437;1,9990429570908738e-07
410;0,0;0,0;0,0;0,0;0,0;0,0;;;;;;;;
411;0,029103700703853867;0,014002551467933114;-0,02910146553040429;-0,014001010408771499;2,2351734495773545e-06;1,5410591616155794e-06;0,0018666840862127667;0,0018666840862127667;0,0018666840862127667;0,9989203551908377;-0,00951102974113792;0,9988373936118073;-0,010255504657953855;1,8666840862127666e-07
412;0,02900006256738792;0,014000052817456194;-0,028999999999093196;-0,01399999999867315;6,256829472583991e-08;5,2818783043487305e-08;0,0018897750391900139;0,0018897750391900132;0,0018897750391900139;0,9838292085474951;-0,16381517857755382;0,9838267855598022;-0,16385141177473678;1,8897750391900138e-07
413;0,023200466823044354;0,011000321906798831;-0,0232001724197275;-0,011000118902981458;2,944033168535143e-07;2,0300381737246853e-07;0,0015084155223748772;0,001508415522374877;0,0015084155223748772;0,9827648672385161;-0,17973265220532086;0,9827513565249025;-0,17986051765359892;1,5084155223748772e-07
414;0,02310017242398679;0,011000118901360548;-0,023100135280479453;-0,011000093280474103;3,7143507335829495e-08;2,5620886445407165e-08;0,0015031092540023537;0,001503109254002354;0,001503109254002354;0,9827513565249025;-0,17986051765359892;0,9827496453149468;-0,17987655788581186;1,503109254002354e-07
415;0,02800069679085004;0,014000480463690367;-0,027999999999939237;-0,013999999999983226;6,967909108035464e-07;4,804637071410128e-07;0,0018145664776467757;0,001814566477646776;0,001814566477646776;0,9960729673739441;-0,03471811973716557;0,9960463011366093;-0,034934312618723797;1,814566477646776e-07
416;0,026000246649566825;0,013000170055993477;-0,02600000000279387;-0,012999999985799792;2,466467729535238e-07;1,700701936849236e-07;0,0017318990488477005;0,0017318990488477;0,0017318990488477005;0,9690575857932716;-0,3200353321814716;0,9690476960829836;-0,3201177434871262;1,7318990488477004e-07
417;0,0;0,0;0,0;0,0;0,0;0,0;;;;;;;;
418;0,0240014509761091;0,012001000374494029;-0,023999999999959453;-0,011999999999951222;1,4509761496472873e-06;1,0003745428074917e-06;0,0015510974119502922;0,0015510974119502918;0,0015510974119502922;0,9988373936118073;-0,010255504657953855;0,9987724346285356;-0,010780464997190365;1,5510974119502923e-07
419;0,024000820254450463;0,01200056552587833;-0,024000000000056254;-0,011999999999909531;8,202543942091578e-07;5,655259687990105e-07;0,0015509247459281677;0,0015509247459281675;0,0015509247459281677;0,9989203551908377;-0,00951102974113792;0,9988836289773717;-0,00980780862139182;1,5509247459281678e-07
420;0,024000359891723607;0,012000248083050152;-0,023999999999649385;-0,011999999999933285;3,5989207422190694e-07;2,4808311686712325e-07;0,001576800884990634;0,001576800884990634;0,001576800884990634;0,9825072673660181;-0,30624369131302204;0,9824914186754408;-0,3063738214504841;1,5768008849906342e-07
421;0,0;0,0;0,0;0,0;0,0;0,0;;;;;;;;
422;0,023000135278680126;0,011000093281270367;-0,02300000000006413;-0,010999999999597844;1,3527861599665902e-07;9,328167252346808e-08;0,0014978072197804214;0,0014978072197804214;0,0014978072197804214;0,9827496453149468;-0,17987655788581186;0,9827433897648633;-0,17993450679379466;1,4978072197804213e-07
423;0,02300006341201325;0,011000043693335244;-0,023000000002418104;-0,010999999986502702;6,340959514752886e-08;4,370683254206753e-08;0,0015207007668813478;0,0015207007668813478;0,0015207007668813478;0,9679514653039952;-0,28077696321267337;0,9679485775471772;-0,2808040906209463;1,5207007668813478e-07
424;0,022000617220626583;0,01000042554281831;-0,021999999999931828;-0,010000000000048819;6,172206947555048e-07;4,2554276949088865e-07;0,0014053622386601616;0,0014053622386601616;0,0014053622386601616;0,9928205970553599;-0,06375535748989515;0,9927902790563462;-0,06406829021927285;1,4053622386601617e-07
425;0,021300536464899794;0,010000369893910123;-0,021300127809021328;-0,01000008813937832;4,08655878466474e-07;2,8175453180290244e-07;0,0013650845754565346;0,0013650845754565343;0,0013650845754565346;0,9952335707597806;-0,09648368483648444;0,9952128611763565;-0,09668182274261622;1,3650845754565347e-07
426;0,021000472133492914;0,010000325500815942;-0,02099999999999555;-0,00999999999995348;4,7213349736383026e-07;3,2550086246155296e-07;0,0013682052610735013;0,0013682052610735013;0,0013682052610735013;0,9815158591484878;-0,1904719110770808;0,9814919662301934;-0,19069581278167763;1,3682052610735013e-07
427;0,021000127761485167;0,010000088105783884;-0,020999999999618192;-0,009999999999802084;1,2776186697482927e-07;8,810598180024332e-08;0,0013493508484965602;0,0013493508484965606;0,0013493508484965606;0,9952128611763565;-0,09668182274261622;0,9952063048467564;-0,09674246552507237;1,3493508484965605e-07
428;0,021000071481249435;0,010000060354365806;-0,021000000000094533;-0,009999999998682485;7,148115490143714e-08;6,035568332098118e-08;0,0013617067464320042;0,001361706746432004;0,0013617067464320042;0,9861798067961492;-0,11959749033510089;0,9861759702592415;-0,11965602053162112;1,3617067464320042e-07
429;0,02100007829484515;0,010000053870411944;-0,0210000000190475;-0,009999999891323963;7,827579764918546e-08;5,3979087980687845e-08;0,0014282947877612211;0,0014282947877612214;0,0014282947877612214;0,9402035923114566;-0,5958160517897333;0,9401997974795621;-0,5958532041805432;1,4282947877612213e-07
430;0,021000081222456727;0,01000005600057229;-0,020999999999642097;-0,010000000000163845;8,122281463032732e-08;5,600040844586096e-08;0,001360832597602893;0,0013608325976028931;0,0013608325976028931;0,9868135861680101;-0,262645537578866;0,9868094534550472;-0,2626840643738346;1,360832597602893e-07
431;0,021000054644625486;0,010000037614265433;-0,021000000009122496;-0,009999999955220704;5,4635502989841545e-08;3,765904472985415e-08;0,0014115743159080617;0,001411574315908062;0,001411574315908062;0,9513393938084724;-0,4329249370776607;0,9513367140001008;-0,43295082971015436;1,411574315908062e-07
432;0,07110364089693245;0,0340025100371845;-0,07110000000969738;-0,0339999999963768;3,6408872350762733e-06;2,5100408077016745e-06;0,004704720890441405;0,004704720890441407;0,004704720890441407;0,9672031050607461;-0,6169913737934729;0,9671495082116552;-0,6174956878808954;4,704720890441407e-07
433;0,0;0,0;0,0;0,0;0,0;0,0;;;;;;;;
434;0,019000328713829995;0,009000226622506904;-0,018999999999891454;-0,009000000000002884;3,287139385410587e-07;2,2662250401955797e-07;0,0012182375968166777;0,001218237596816678;0,001218237596816678;0,9963837810416224;-0,03195282069267921;0,9963651044495484;-0,032127479082390234;1,2182375968166778e-07
435;0,019000292944097986;0,009000201975055966;-0,01900000000019656;-0,009000000000054166;2,9294390142473037e-07;2,0197500179980343e-07;0,0012182927507973583;0,001218292750797358;0,0012182927507973583;0,9963366412404956;-0,03238799613778512;0,9963199974877791;-0,032543681196679754;1,2182927507973583e-07
436;0,0181004295089265;0,009000296083874903;-0,01810017342726622;-0,009000119546356508;2,560816602797944e-07;1,7653751839541432e-07;0,0012043573779180845;0,0012043573779180843;0,0012043573779180845;0,9690575857932716;-0,3200353321814716;0,9690428255552151;-0,32016020787161314;1,2043573779180844e-07
437;0,018000173427922237;0,009000119546185008;-0,018000000002740744;-0,00899999999020314;1,734251814933252e-07;1,1955598186799699e-07;0,001199025487492118;0,0011990254874921177;0,001199025487492118;0,9690428255552151;-0,32016020787161314;0,9690327819311187;-0,3202438420138037;1,199025487492118e-07
438;0,018000015062618013;0,009000010367605827;-0,01800000000310806;-0,008999999998762912;1,505950995156491e-08;1,0368842914484921e-08;0,0011711276908886023;0,0011711276908886025;0,0011711276908886025;0,9921173057579379;-0,09355547988337803;0,992116413120747;-0,09356270955495066;1,1711276908886024e-07
439;0,01700020152719184;0,008000138952431075;-0,016999999999838925;-0,00799999999994379;2,0152735291309454e-07;1,3895248728544585e-07;0,0010889461800073076;0,0010889461800073076;0,0010889461800073076;0,9961526442597428;-0,034014157191431714;0,9961398395291887;-0,03413588456164852;1,0889461800073075e-07
440;0,0;0,0;0,0;0,0;0,0;0,0;;;;;;;;
441;0,01500016291742747;0,007000112316973866;-0,01499999999997192;-0,006999999999957557;1,6291745555049864e-07;1,1231701630906588e-07;0,0009576915409478849;0,0009576915409478849;0,0009576915409478849;0,997916313111108;-0,01840067950507287;0,9979045495592029;-0,018514502932437397;9,57691540947885e-08
442;0,014000292285884147;0,007000201507867092;-0,014000000000765763;-0,00699999999596657;2,9228511838445825e-07;2,0151190052199175e-07;0,0009272751148386304;0,0009272751148386303;0,0009272751148386304;0,9745936196786292;-0,2213046968119082;0,9745717312900513;-0,22148597443070728;9,272751148386305e-08
443;0,01400018034689819;0,007000124342814725;-0,01400000000041947;-0,006999999999962096;1,8034647871964515e-07;1,2434285262975103e-07;0,0009068480379667607;0,0009068480379667606;0,0009068480379667607;0,9965381187066739;-0,0305516698898343;0,9965243087054797;-0,03066354117539876;9,068480379667608e-08
444;0,014000176880979912;0,007000121945277951;-0,013999999999777126;-0,006999999999959612;1,7688120278538944e-07;1,2194531833886052e-07;0,0009071987130008016;0,0009071987130008016;0,0009071987130008016;0,9961526442597428;-0,034014157191431714;0,9961391050845918;-0,03412385163619881;9,071987130008017e-08
445;0,014200403347511643;0,006000278090923876;-0,01420038986608735;-0,00600026879169325;1,3481424292888233e-08;9,299230625987864e-09;0,0009055594811496445;0,0009055594811496444;0,0009055594811496445;0,9828690936738039;-0,17817149500619528;0,9828680711647033;-0,17818382922221696;9,055594811496445e-08
446;0,014100389867817309;0,006000268792108625;-0,014100078893277237;-0,006000054393965621;3,1097454007179837e-07;2,1439814300392573e-07;0,0009001514590860453;0,0009001514590860454;0,0009001514590860454;0,9828680711647033;-0,17818382922221696;0,982844333641034;-0,17846617813089202;9,001514590860454e-08
447;0,0;0,0;0,0;0,0;0,0;0,0;;;;;;;;
448;0,013000058249616574;0,006000040164623871;-0,012999999999273374;-0,005999999999301489;5,8250343199992005e-08;4,016532238141496e-08;0,0008416549832308927;0,0008416549832308929;0,0008416549832308929;0,982164694848193;-0,3094683787556005;0,9821599122254416;-0,3095166319450028;8,41654983230893e-08
449;-0,03800000001493572;-0,017999999913488933;0,038002075408176225;0,01800143076007399;2,0753932405068176e-06;1,4308465850557117e-06;0,0025546807702841014;0,0025546807702841014;0,0025546807702841014;0,9502630965416397;-0,4479282057554343;0,9503193277495678;-0,44737682833380554;2,5546807702841013e-07
450;0,012000150862714325;0,006000104026873466;-0,012000000000258268;-0,006000000000031693;1,5086245605706872e-07;1,0402684177349825e-07;0,0007768358663180677;0,0007768358663180678;0,0007768358663180678;0,9971310276824007;-0,025336329306150752;0,9971175416075444;-0,025445555027547882;7,768358663180678e-08
451;0,0;0,0;0,0;0,0;0,0;0,0;;;;;;;;
452;0,0;0,0;0,0;0,0;0,0;0,0;;;;;;;;
453;-0,010100000006455502;-0,005000000005405238;0,010100099312193495;0,00500008384324487;9,930573799214748e-08;8,383783963242242e-08;0,0006601804435815526;0,0006601804435815526;0,0006601804435815526;0,9855886098034933;-0,27351681112502196;0,9855996458012649;-0,2733588182416502;6,601804435815526e-08
454;0,010000042081209958;0,005000029008865331;-0,010000000000651276;-0,005000000000139773;4,208055868169802e-08;2,9008725557951032e-08;0,0006529533768118281;0,0006529533768118281;0,0006529533768118281;0,988585355955787;-0,09792344352485569;0,9885808808538662;-0,09795996802652075;6,529533768118282e-08
455;0,010000075039379207;0,005000051738892919;-0,010000000000310757;-0,004999999999971606;7,503906845028607e-08;5,173892131307006e-08;0,000647937088694878;0,0006479370886948781;0,0006479370886948781;0,9962424539979475;-0,033218037593475504;0,9962344117133727;-0,033283213936727216;6,479370886948781e-08
456;0,0;0,0;0,0;0,0;0,0;0,0;;;;;;;;
457;0,009000124778895557;0,004000086018177636;-0,009000000001556114;-0,003999999990194639;1,2477733944346592e-07;8,602798299769954e-08;0,0005917214217328089;0,0005917214217328089;0,0005917214217328089;0,9609803695062;-0,4038882268938146;0,9609658350626233;-0,4040507450902098;5,9172142173280886e-08
458;0,009000073405254898;0,004000050610491047;-0,008999999999964117;-0,0040000000000032865;7,340529078157798e-08;5,061048776074106e-08;0,0005785546198560491;0,0005785546198560491;0,0005785546198560491;0,982844333641034;-0,17846617813089202;0,9828355885350923;-0,17856179225649751;5,785546198560491e-08
459;0,0;0,0;0,0;0,0;0,0;0,0;;;;;;;;
460;0,0;0,0;0,0;0,0;0,0;0,0;;;;;;;;
461;0,006000045719602888;0,0030000315228693804;-0,0059999999998625484;-0,00299999999985669;4,5719740339976445e-08;3,152301269061103e-08;0,0003893916314817358;0,0003893916314817359;0,0003893916314817359;0,9946323397201587;-0,11600351145810577;0,9946241862881675;-0,11606969244942589;3,893916314817359e-08
462;0,005000041086853074;0,002000028324101411;-0,0050000000004281646;-0,0019999999963884775;4,1086424909866914e-08;2,8327712933619992e-08;0,00032262172445733964;0,00032262172445733954;0,00032262172445733964;0,9637151541656933;-0,31914630141988765;0,963706444664998;-0,31926378775455355;3,2262172445733966e-08
463;0,005000014554104227;0,0020000100340582206;-0,004999999999889284;-0,001999999999876079;1,4554214942605337e-08;1,0034182141432924e-08;0,00031127552134731955;0,00031127552134731955;0,00031127552134731955;0,9988373936118073;-0,010255504657953855;0,9988341959837367;-0,010297118016367261;3,1127552134731954e-08
464;0,005000022946336775;0,0020000158213938145;-0,004999999999876008;-0,0020000000000748477;2,2946460767094e-08;1,5821318966741105e-08;0,00031199038886997653;0,0003119903888699765;0,00031199038886997653;0,996550584549565;-0,030491658730957227;0,9965455545731348;-0,03055727920326375;3,1199038886997655e-08
465;0,005000005489153659;0,002000003782830479;-0,0050000000012590615;-0,0020000000001460195;5,487894597089316e-09;3,7826844595002795e-09;0,0003163400345536805;0,0003163400345536805;0,0003163400345536805;0,982844333641034;-0,17846617813089202;0,9828431472868945;-0,1784818606249334;3,163400345536805e-08
466;0,00020000004792570747;3,294774413721522e-11;-0,00020000000364272364;-2,416111020796213e-12;4,4282983828252895e-11;3,0531633116419005e-11;1,160255117396287e-05;1,1602551173962872e-05;1,1602551173962872e-05;0,9952128611763565;-0,09668182274261622;0,9952126408214207;-0,09669056940896308;1,1602551173962872e-09
467;-9,999999963104947e-05;-2,434391706298525e-14;0,00010000000782203536;5,671754167568138e-12;8,190985880556813e-12;5,647410250505153e-12;6,111513464304087e-06;6,111513464304084e-06;6,111513464304087e-06;0,9446927842532887;-0,5534891602221379;0,9446928616329433;-0,5534859244946666;6,111513464304087e-10
468;0,00010000000998082811;6,992187425526725e-12;-9,99999999127937e-05;-5,061514875371394e-14;1,0068034418859485e-11;6,941572276773011e-12;5,9426664292146694e-06;5,9426664292146694e-06;5,9426664292146694e-06;0,9715341315064568;-0,26604011076334166;0,9715340336920737;-0,26604408799088824;5,942666429214669e-10
469;-9,999999947253631e-05;-9,000842576320077e-14;0,00010000000277939025;2,3699733772460237e-12;3,306853936188049e-12;2,279964951482823e-12;6,139856122246131e-06;6,139856122246132e-06;6,139856122246132e-06;0,9403319143789672;-0,5946610695551889;0,9403319454743705;-0,5946597632315352;6,139856122246132e-10
470;-9,999999998372162e-05;-7,552201037207062e-14;0,00010000000787534151;5,5161750156397296e-12;7,891619893370463e-12;5,440653005267659e-12;5,8540303429774594e-06;5,8540303429774594e-06;5,8540303429774594e-06;0,9862440665143397;-0,2805707273438009;0,9862441443449741;-0,28056761007949976;5,854030342977459e-10
471;-0,00010000000029274637;-5,453279906042155e-14;0,00010000000690804462;5,639343401894782e-12;6,615298247885336e-12;5,58481060283436e-12;5,857923918056977e-06;5,857923918056977e-06;5,857923918056977e-06;0,9855885446038702;-0,27352001098556805;0,9855886098034933;-0,27351681112502196;5,857923918056977e-10
472;0,00010000000363359759;2,3647103108173257e-12;-9,999999994334881e-05;1,7959253606247712e-13;3,690248776585907e-12;2,544302846879803e-12;5,801275692114226e-06;5,801275692114226e-06;5,801275692114226e-06;0,9952126408214207;-0,09669056940896308;0,9952126040955994;-0,09669202718706321;5,801275692114226e-10
