;p_from_mw;q_from_mvar;p_to_mw;q_to_mvar;pl_mw;ql_mvar;i_from_ka;i_to_ka;i_ka;vm_from_pu;va_from_degree;vm_to_pu;va_to_degree;loading_percent
0;-3,1481135943194944;-1,53688277899429;3,151084558236556;1,5403876552674614;0,002970963917061642;0,003504876273171309;0,20250208246632767;0,20250208246632764;0,20250208246632767;0,9988002950320601;-0,030158887586605638;1,0000000000283469;4,3023647118785403e-20;2,0250208246632765e-05
1;-3,085779046614657;-1,505607026057253;3,088012862000105;1,507882274160502;0,002233815385447979;0,0022752481032490834;0,19864473624827036;0,1986447362482703;0,19864473624827036;0,9979267719524678;-0,047920149836124366;0,9988002950320601;-0,030158887586605638;1,9864473624827036e-05
2;-2,3425097488579723;-1,137115665125252;2,346339920712812;1,1397564355940093;0,0038301718548399144;0,0026407704687572142;0,15060274184780306;0,15060274184780306;0,15060274184780306;0,9982369420710713;-0,015442404885781164;1,0000000000283469;4,3023647118785403e-20;1,5060274184780306e-05
3;-2,2798944572520288;-1,1056227172649726;2,2835097488579734;1,1081156651248656;0,0036152916059446483;0,0024929478598929578;0,1468004739381007;0,14680047393810072;0,14680047393810072;0,9965297383234967;-0,030467296661599343;0,9982369420710713;-0,015442404885781164;1,4680047393810073e-05
4;2,247005436466467;1,1026761508313434;-2,2381380571986718;-1,0936471364179292;0,00886737926779535;0,009029014413414194;0,14450983962769806;0,14450983962769806;0,14450983962769806;1,0000000000283469;4,3023647118785403e-20;0,995231825673886;-0,09658320290073995;1,4450983962769806e-05
5;-1,9909753601130626;-0,9652996492584307;1,992871367546602;0,9666067976870767;0,0018960074335394594;0,0013071484286459878;0,12832370946069466;0,1283237094606947;0,1283237094606947;0,9955055683134872;-0,039496121199040474;0,9965297383234967;-0,030467296661599343;1,2832370946069472e-05
6;-2,2022374723963107;-1,0688824103974;2,2167375207304607;1,0836467665222955;0,014500048334149973;0,014764356124895572;0,14313970807144138;0,14313970807144136;0,14313970807144138;0,9873660160965788;-0,25799338113651227;0,995231825673886;-0,09658320290073995;1,4313970807144138e-05
7;-3,0798548281568;-1,4997786448242107;3,0855790465884034;1,5056070260395162;0,005724218431603312;0,005828381215305489;0,1986343371297756;0,19863433712977557;0,1986343371297756;0,995688900436935;-0,09354503112064833;0,9979267719524678;-0,047920149836124366;1,986343371297756e-05
8;-2,532642574843633;-1,2460325720903793;2,5337208638423063;1,2473046659904417;0,001078288998673127;0,0012720939000623321;0,1630491781152665;0,16304917811526648;0,1630491781152665;0,9994585236168181;-0,013500058614447358;1,0000000000283469;4,3023647118785403e-20;1,630491781152665e-05
9;-3,034478225502936;-1,4734532226256993;3,0426541468056727;1,4817781751348866;0,00817592130273681;0,0083249525091873;0,19623800771529246;0,19623800771529246;0,19623800771529246;0,992454563256275;-0,15986887965576532;0,995688900436935;-0,09354503112064833;1,9623800771529247e-05
10;-2,509025885178557;-1,2220876247484433;2,5325425748439057;1,2460325720898056;0,0235166896653487;0,02394494734136221;0,16304399485744817;0,16304399485744817;0,16304399485744817;0,9882510978817016;-0,24145367022603847;0,9994585236168181;-0,013500058614447358;1,6304399485744816e-05
11;2,508925885178466;1,2220876247484131;-2,4886842385304724;-1,2014767592374793;0,020241646647993772;0,02061086551093383;0,1630387426386554;0,16303874263865537;0,1630387426386554;0,9882510978817016;-0,24145367022603847;0,9786168066104977;-0,441848772438041;1,630387426386554e-05
12;-2,9026448604191977;-1,4065126577832603;2,908478225503125;1,4124532226258253;0,005833365083927511;0,005940564842564999;0,18809428033967235;0,18809428033967235;0,18809428033967235;0,9900477219189566;-0,20952662231901176;0,992454563256275;-0,15986887965576532;1,8809428033967237e-05
13;1,8390007096051812;0,8932730065831592;-1,8341729709887327;-0,8899445838469876;0,004827738616448585;0,003328422736171621;0,11803756851078537;0,11803756851078538;0,11803756851078538;1,0000000000283469;4,3023647118785403e-20;0,9971647347797394;-0,024860419100511805;1,180375685107854e-05
14;1,5871383993853616;0,7698522884203307;-1,5834987200195136;-0,7673429013346762;0,00363967936584797;0,002509387085654513;0,10233028268157378;0,1023302826815738;0,1023302826815738;0,9952512277291395;-0,041716102598079376;0,9927857747833821;-0,06351101082730737;1,023302826815738e-05
15;1,708172970988719;0,8289445838470102;-1,7051383993858347;-0,8268522884204574;0,0030345716028843395;0,0020922954265527594;0,10993230607558149;0,10993230607558149;0,10993230607558149;0,9971647347797394;-0,024860419100511805;0,9952512277291395;-0,041716102598079376;1,099323060755815e-05
16;1,4574987200196516;0,7063429013346111;-1,454434551871426;-0,7042302142191229;0,0030641681482257432;0,0021126871154881766;0,094189267015209;0,09418926701520898;0,094189267015209;0,9927857747833821;-0,06351101082730737;0,9905308540864265;-0,0835391993258408;9,4189267015209e-06
17;1,0405107159892144;0,48373464059031757;-1,0353903500998363;-0,4802042754332836;0,005120365889378142;0,0035303651570339767;0,066248566085634;0,066248566085634;0,066248566085634;1,0000000000283469;4,3023647118785403e-20;0,9946569353225493;-0,05234584405101088;6,6248566085634e-06
18;1,0143016613025615;0,47019599282381497;-1,0099934894534413;-0,4672255891254919;0,004308171849120246;0,0029704036983230764;0,06489366829833758;0,06489366829833758;0,06489366829833758;0,9946569353225493;-0,05234584405101088;0,9900683332316884;-0,09780941585254964;6,489366829833757e-06
19;0,276290411559807;0,13407502699834273;-0,27621588494398613;-0,1340121135701526;7,452661582085796e-05;6,291342819012002e-05;0,017747580413794654;0,017747580413794657;0,017747580413794657;0,9990445584827519;-0,04644526661981578;0,998737090379522;-0,050936279910372445;1,7747580413794656e-06
20;-0,12599999999995662;-0,06099999999999212;0,12601315419087383;0,06101110498577927;1,3154190917213926e-05;1,110498578714425e-05;0,008131710880734012;0,008131710880734012;0,008131710880734012;0,9939218540780554;-0,05512961387036608;0,9940402727018028;-0,05338489068085433;8,131710880734013e-07
21;0,32545117815780494;0,15912634408365173;-0,32539090194020376;-0,1590754523447612;6,027621760118507e-05;5,089173889052945e-05;0,020931258606860785;0,02093125860686078;0,020931258606860785;0,999255579793031;-0,043401163051030124;0,9990445584827519;-0,04644526661981578;2,0931258606860786e-06
22;0,8933484382396822;0,4336193437175855;-0,8899208630958799;-0,431256161856162;0,0034275751438023194;0,00236318186142348;0,05733228198538305;0,05733228198538305;0,05733228198538305;1,0000000000283469;4,3023647118785403e-20;0,9958558430531368;-0,03645897444763207;5,733228198538305e-06
23;1,759433193139118;0,851433140607271;-1,7485412055215117;-0,8439234801978678;0,010891987617606347;0,007509660409403263;0,11285010048477985;0,11285010048477988;0,11285010048477988;1,0000000000283469;4,3023647118785403e-20;0,993310990007509;-0,05946924221963925;1,1285010048477988e-05
24;1,7264405889103;0,8339230550751942;-1,7242617992187261;-0,832420852606585;0,0021787896915739235;0,001502202468609104;0,11144057559954022;0,11144057559954021;0,11144057559954022;0,993310990007509;-0,05946924221963925;0,991956088871651;-0,07158888574333598;1,1144057559954023e-05
25;0,0;0,0;0,0;0,0;0,0;0,0;;;;;;;;
26;-1,7082838018930564;-0,8243677447632133;1,7112617992191763;0,826420852606732;0,002977997326119919;0,0020531078435187533;0,11060735900059686;0,11060735900059687;0,11060735900059687;0,9900903048749803;-0,08831582023671664;0,991956088871651;-0,07158888574333598;1,1060735900059688e-05
27;0,4515765488048633;0,22021276109959542;-0,4514509617061676;-0,22012618154070776;0,00012558709869570084;8,657955888766167e-05;0,02901950530990726;0,029019505309907274;0,029019505309907274;0,9995556577192811;-0,04080329191239321;0,999255579793031;-0,043401163051030124;2,9019505309907277e-06
28;0,4519259680669617;0,22038471803273613;-0,4516765489167648;-0,22021276060058093;0,00024941915019693894;0,00017195743215520087;0,02902469707247752;0,029024697072477516;0,02902469707247752;1,0001515188845627;-0,03564557647108279;0,9995556577192811;-0,04080329191239321;2,9024697072477517e-06
29;0,0;0,0;0,0;0,0;0,0;0,0;;;;;;;;
30;-0,040999879430315384;-0,01999999365634879;0,04100158418109737;0,02000143286702852;1,7047507819833996e-06;1,4392106797329884e-06;0,0026358440870725606;0,002635844087072562;0,002635844087072562;0,9992050881905256;-0,049292384300446676;0,9992524697232116;-0,04860650344465705;2,635844087072562e-07
31;0,7639208630958358;0,3702561618561131;-0,7631505874451068;-0,3697251076621954;0,0007702756507290687;0,0005310541939176905;0,04921636388428722;0,04921636388428721;0,04921636388428722;0,9958558430531368;-0,03645897444763207;0,994771021941098;-0,04604839501719189;4,921636388428722e-06
32;0,8139103528540924;0,39456537120259405;-0,8132766715373012;-0,3941284976319245;0,0006336813167912014;0,00043687357066957144;0,052457470005901716;0,052457470005901716;0,052457470005901716;0,9955055683134872;-0,039496121199040474;0,9946682517240858;-0,04689407369394786;5,245747000590172e-06
33;1,4244345518715233;0,6902302142192763;-1,4225865385512113;-0,6889559864358913;0,0018480133203120364;0,0012742277833850402;0,09225982679647554;0,09225982679647554;0,09225982679647554;0,9905308540864265;-0,0835391993258408;0,989142441623005;-0,09589412889678725;9,225982679647555e-06
34;0,07520375524023999;0,036002589503195355;-0,07520313211026562;-0,036002159635881215;6,231299743697516e-07;4,2986731414035306e-07;0,0048666363681495114;0,0048666363681495114;0,0048666363681495114;0,989142441623005;-0,09589412889678725;0,9891335717933026;-0,0959756693079058;4,866636368149511e-07
35;0,07510313209430498;0,036002159635157745;-0,0751030541056011;-0,03600210575205324;7,798870388375789e-08;5,3883104506047275e-08;0,004861372293206407;0,004861372293206409;0,004861372293206409;0,9891335717933026;-0,0959756693079058;0,9891324599608038;-0,0959859035430499;4,861372293206409e-07
36;0,06610305410622051;0,03200210575430707;-0,06610154301451295;-0,03200106381219568;1,511091707567802e-06;1,041942111389138e-06;0,004286770822063498;0,004286770822063497;0,004286770822063498;0,9891324599608038;-0,0959859035430499;0,9891080271987446;-0,09620385803235586;4,286770822063498e-07
37;1,6578636162212075;0,8040429715866066;-1,6561165788364398;-0,8028383331995683;0,001747037384767669;0,001204638387038326;0,10744913730644567;0,10744913730644566;0,10744913730644567;0,9900477219189566;-0,20952662231901176;0,9889206473467544;-0,21953623329271768;1,0744913730644567e-05
38;1,0377347849715512;0,5046632846262227;-1,0347172948993575;-0,502582826354833;0,0030174900721937625;0,0020804582713896957;0,06662278175704833;0,06662278175704833;0,06662278175704833;1,0000000000283469;4,3023647118785403e-20;0,9968600177932213;-0,027458669744994866;6,662278175704834e-06
39;0,023101259244498906;0,011000868171197265;-0,0231000607334682;-0,011000041861079612;1,1985110307047298e-06;8,263101176526899e-07;0,0014935253467831101;0,0014935253467831104;0,0014935253467831104;0,9891080271987446;-0,09620385803235586;0,9890524638163558;-0,09672059549728594;1,4935253467831103e-07
40;0,645145825684512;0,31272108766404466;-0,6448040956201977;-0,31248547623803324;0,0003417300643142607;0,00023561142601141727;0,04161031692394217;0,04161031692394215;0,04161031692394217;0,994771021941098;-0,04604839501719189;0,9942017573627218;-0,05108269945069135;4,161031692394217e-06
41;0,6447040956149609;0,3124854762393552;-0,6446889321985358;-0,31247498647867766;1,5163416425045817e-05;1,0489760677523385e-05;0,04160509115660262;0,04160509115660262;0,04160509115660262;0,9942017573627218;-0,05108269945069135;0,9941764732004902;-0,05130868269499946;4,160509115660262e-06
42;1,034617294899143;0,5025828263550178;-1,0343058873916864;-0,5023680763295677;0,00031140750745661805;0,00021475002545012778;0,0666175721456356;0,06661757214563559;0,0666175721456356;0,9968600177932213;-0,027458669744994866;0,9965359378174782;-0,030303808777848343;6,661757214563561e-06
43;1,0342058873909392;0,502368076329109;-1,0328294658996666;-0,501205971917232;0,0013764214912725947;0,0011621044118769186;0,06661236081045048;0,06661236081045048;0,06661236081045048;0,9965359378174782;-0,030303808777848343;0,9950228342416766;-0,05245839449557014;6,6612360810450475e-06
44;1,0327294658999804;0,5012059719171688;-1,0321812462124993;-0,5007431994351654;0,0005482196874810885;0,0004627724820033263;0,06660714066702457;0,06660714066702456;0,06660714066702457;0,9950228342416766;-0,05245839449557014;0,9944201960002325;-0,06129669842671629;6,6607140667024576e-06
45;0,0;0,0;0,0;0,0;0,0;0,0;;;;;;;;
46;1,6061165788367675;0,7788383331999593;-1,6044732473761858;-0,7777052033784083;0,0016433314605817095;0,0011331298215510044;0,1042112051941152;0,10421120519411518;0,1042112051941152;0,9889206473467544;-0,21953623329271768;0,9878275453733613;-0,2292584025567923;1,042112051941152e-05
47;0,6126889322002151;0,2974749864771563;-0,6123115443618969;-0,29721479021106556;0,00037738783831819944;0,00026019626609075086;0,03955289640850621;0,0395528964085062;0,03955289640850621;0,9941764732004902;-0,05130868269499946;0,9935150431523246;-0,057136999943519916;3,9552896408506216e-06
48;1,019338684323519;0,49507471570806655;-1,016428671266555;-0,493068359236507;0,0029100130569641447;0,002006356471559556;0,06542553852584435;0,06542553852584435;0,06542553852584435;1,0000000000283469;4,3023647118785403e-20;0,9969166830341931;-0,027054027219900828;6,5425538525844355e-06
49;0,9261812462123715;0,44974319943523083;-0,9255049147962013;-0,449172139448872;0,0006763314161701839;0,0005710599863588128;0,05977765711022191;0,059777657110221906;0,05977765711022191;0,9944201960002325;-0,06129669842671629;0,9935916893840935;-0,07345312648797243;5,977765711022192e-06
50;2,2459444587423016;1,090283315508914;-2,2422357696670283;-1,0877262986909415;0,0037086890752733304;0,0025570168179724906;0,1453938052813367;0,14539380528133664;0,1453938052813367;0,9913830358840067;-0,1128359407340076;0,9896148051462095;-0,1284852972297516;1,453938052813367e-05
51;1,0163286712662083;0,49306835923661646;-1,0160283563453811;-0,4928612587803127;0,0003003149208271605;0,00020710045630373264;0,06542032794006437;0,06542032794006439;0,06542032794006439;0,9969166830341931;-0,027054027219900828;0,9965984518128419;-0,029857043556777346;6,542032794006439e-06
52;0,0;0,0;0,0;0,0;0,0;0,0;;;;;;;;
53;1,3275544301936888;0,6397667788492328;-1,3262838690398606;-0,638268092669391;0,0012705611538281758;0,001498686179841835;0,08694144377623135;0,08694144377623139;0,08694144377623139;0,9786168066104977;-0,441848772438041;0,9774248080209962;-0,47293203025013725;8,694144377623138e-06
54;-2,190165326651275;-1,0596464821007667;2,206235843105712;1,0707263570869114;0,016070516454437023;0,011079874986144711;0,14307126866712155;0,14307126866712155;0,14307126866712155;0,9818290324641914;-0,19798687426714245;0,9896148051462095;-0,1284852972297516;1,4307126866712155e-05
55;-0,36901283203518037;-0,1790116983717171;0,36910338328054393;0,17908813204617569;9,055124536355708e-05;7,643367445858695e-05;0,02369721736369663;0,023697217363696624;0,02369721736369663;0,9992524697232116;-0,04860650344465705;0,9995322434052494;-0,04452194773167476;2,369721736369663e-06
56;-0,3692033831121023;-0,17908813192743392;0,3692481813983771;0,1791259526025282;4,479828627479421e-05;3,782067509428e-05;0,023702414283664583;0,02370241428366459;0,02370241428366459;0,9995322434052494;-0,04452194773167476;0,9996706303944043;-0,042500797427631944;2,370241428366459e-06
57;-0,398348156691885;-0,19312599954834037;0,3985119853722605;0,19326431456901183;0,00016382868037551068;0,0001383150206714645;0,025567431655723487;0,025567431655723484;0,025567431655723487;0,9996706303944043;-0,042500797427631944;1,0001397838924182;-0,03564591989558741;2,556743165572349e-06
58;-0,4101883182765433;-0,19906757739637124;0,41027667153773173;0,19912849763213708;8,835326118844522e-05;6,092023576584338e-05;0,026471037896510837;0,026471037896510837;0,026471037896510837;0,9944368719682949;-0,04893329796208821;0,9946682517240858;-0,04689407369394786;2,6471037896510834e-06
59;0,889138238882793;0,43113420501012295;-0,8885963777032866;-0,4304950892640178;0,0005418611795063866;0,0006391157461051455;0,05778096079251237;0,057780960792512354;0,05778096079251237;0,9873660160965788;-0,25799338113651227;0,9866002684279891;-0,27764506942463035;5,778096079251237e-06
60;0,8590650072586912;0,4167342780556257;-0,8584463674386956;-0,4163077155507455;0,0006186398199955478;0,0004265625048801569;0,055374799111884386;0,05537479911188438;0,055374799111884386;0,9955055683134872;-0,039496121199040474;0,9947311338101569;-0,046328995357007845;5,537479911188439e-06
61;0,0;0,0;0,0;0,0;0,0;0,0;;;;;;;;
62;-2,603520190179046;-1,2668374801411906;2,606104540163173;1,2686191594672287;0,0025843499841271544;0,0017816793260381214;0,16651156770398712;0,16651156770398712;0,16651156770398712;1,003921456243171;-0,003346420513747665;1,0049975201568067;0,005970680095897395;1,6651156770398712e-05
63;0,0;0,0;0,0;0,0;0,0;0,0;;;;;;;;
64;0,6600082686283605;0,32084508237884174;-0,6594475975503269;-0,32037171114951546;0,0005606710780335922;0,0004733712293262804;0,04251411864070843;0,04251411864070843;0,04251411864070843;0,9965984518128419;-0,029857043556777346;0,995632650393394;-0,04397149009328749;4,251411864070843e-06
65;-2,5422437407485763;-1,236889349580176;2,5465203346893026;1,239837517076259;0,004276593940726325;0,002948167496082954;0,16288457555565883;0,1628845755556588;0,16288457555565883;1,0021011514494267;-0,019125993833272095;1,003921456243171;-0,003346420513747665;1,6288457555565885e-05
66;0,5800064171228311;0,28148703071214304;-0,5796479869738481;-0,2812399198350757;0,0003584301489829578;0,000247110877067358;0,03769824350117926;0,03769824350117926;0,03769824350117926;0,9873660160965788;-0,25799338113651227;0,9867069330578194;-0,2638465487810313;3,7698243501179255e-06
67;0,3463379535650801;0,1681156162971096;-0,3462677824089045;-0,1680563746663289;7,017115617563574e-05;5,9241630780720866e-05;0,02237043013569867;0,022370430135698668;0,02237043013569867;0,9935916893840935;-0,07345312648797243;0,9933620024062269;-0,07682515664368603;2,2370430135698672e-06
68;0,34616778240863016;0,16805637466639345;-0,3461086134859492;-0,16800641946892828;5,91689226809855e-05;4,995519746517352e-05;0,022365201487142834;0,022365201487142834;0,022365201487142834;0,9933620024062269;-0,07682515664368603;0,9931682777542987;-0,07966937791240122;2,2365201487142837e-06
69;0,6464463258761318;0,3133076868995018;-0,6461946848110539;-0,31313422406376107;0,0002516410650779122;0,00017346283574071197;0,04169475930984633;0,04169475930984633;0,04169475930984633;0,9947311338101569;-0,046328995357007845;0,9943128153171904;-0,05002699580938079;4,169475930984633e-06
70;0,3280085984645702;0,1590064091259519;-0,3280054463218775;-0,1590037553989841;3,1521426926972573e-06;2,6537269678106323e-06;0,021190166955430283;0,021190166955430283;0,021190166955430283;0,9931682777542987;-0,07966937791240122;0,9931573955866968;-0,07982859652082253;2,1190166955430286e-06
71;-0,3179999999998362;-0,15399999999991004;0,31819950333015523;0,15413755947832347;0,00019950333031903966;0,0001375594784134293;0,02061837455938229;0,02061837455938228;0,02061837455938229;0,9893770401733624;-0,21549833550325595;0,9900477219189566;-0,20952662231901176;2,0618374559382287e-06
72;0,5444475975505308;0,2643717111491091;-0,5442263191971027;-0,26418491053511806;0,00022127835342811153;0,00018680061399106718;0,03509683406283814;0,03509683406283815;0,03509683406283815;0,995632650393394;-0,04397149009328749;0,9951709859193868;-0,050732112340435134;3,509683406283815e-06
73;-1,91937160466356;-0,9311881757350454;1,9229372007934535;0,9336463746302247;0,003565596129893489;0,0024581988951792866;0,12443368553616892;0,12443368553616889;0,12443368553616892;0,9898275533192005;-0,12661471443164224;0,9918138998789022;-0,10905047731070859;1,2443368553616893e-05
74;0,00010000002642944867;1,8208167212612265e-11;-0,0001000000000039763;1,1310320919325445e-14;2,642547236532313e-11;1,821947753353159e-11;5,785498876340679e-06;5,7854988763406805e-06;5,7854988763406805e-06;0,9979267719524678;-0,047920149836124366;0,9979265082456574;-0,047930588825043155;5,785498876340681e-10
75;0,0;0,0;0,0;0,0;0,0;0,0;;;;;;;;
76;0,7082995410416807;0,3407619750899781;-0,7079686374350415;-0,3405338281436768;0,00033090360663923235;0,00022814694630129972;0,046428260713374046;0,046428260713374046;0,046428260713374046;0,9774248080209962;-0,47293203025013725;0,9769310056235158;-0,4774634925581433;4,642826071337405e-06
77;0,5194144693022399;0,2514386221854524;-0,5192492253544605;-0,25124368222386934;0,0001652439477793921;0,0001949399615830405;0,03376980775279855;0,033769807752798545;0,03376980775279855;0,9866002684279891;-0,27764506942463035;0,9862007841817043;-0,2879218023484345;3,3769807752798553e-06
78;0,5201946848108808;0,2521342240634857;-0,5200785453064494;-0,2520541499988762;0,00011613950443145615;8,007406460946997e-05;0,03356624648220578;0,033566246482205776;0,03356624648220578;0,9943128153171904;-0,05002699580938079;0,9940729825301124;-0,052148636911659066;3,356624648220578e-06
79;-0,4261534549713181;-0,20712338527979668;0,4262263191976665;0,20718491053534696;7,286422634839029e-05;6,15252555502821e-05;0,02749420641767872;0,027494206417678725;0,027494206417678725;0,9949768940802944;-0,05357132995830248;0,9951709859193868;-0,050732112340435134;2,7494206417678727e-06
80;-1,1338175925702563;-0,5492530969565068;1,1344365849446085;0,5496799264785214;0,0006189923743522563;0,00042682952201456015;0,07367719567194878;0,07367719567194878;0,07367719567194878;0,9872451902339379;-0,2344521516633061;0,9878275453733613;-0,2292584025567923;7,367719567194877e-06
81;0,4372492253547136;0,21124368222385617;-0,43715772245425233;-0,2111505063768841;9,150290046128218e-05;9,31758469720767e-05;0,02842862501427328;0,02842862501427328;0,02842862501427328;0,9862007841817043;-0,2879218023484345;0,9859511445562738;-0,29312558576368697;2,842862501427328e-06
82;0,12600544631845478;0,061003755396319595;-0,1259999999999644;-0,06099999999976841;5,4463184903930095e-06;3,7553965511819e-06;0,008138350164932306;0,008138350164932305;0,008138350164932306;0,9931573955866968;-0,07982859652082253;0,9931110104142159;-0,08024068627496542;8,138350164932307e-07
83;0,8390342044828492;0,4058548797442444;-0,8387183519281053;-0,4055882298984564;0,0003158525547438673;0,0002666498457880029;0,05480719282704484;0,05480719282704483;0,05480719282704484;0,9818290324641914;-0,19798687426714245;0,9814071992309843;-0,2042908928150741;5,480719282704484e-06
84;0,4001577224537944;0,19315050637652909;-0,40008107256033637;-0,1930724550939219;7,664989345801398e-05;7,80512826071833e-05;0,02601921576306712;0,026019215763067136;0,026019215763067136;0,9859511445562738;-0,29312558576368697;0,9857226911492373;-0,29789410739679256;2,6019215763067135e-06
85;-1,7444526736503283;-0,8455550573379674;1,7482559988896558;0,8481771897656075;0,003803325239327471;0,0026221324276400892;0,11334034516038448;0,11334034516038449;0,11334034516038449;0,9875015016191193;-0,14727420185943882;0,9898275533192005;-0,12661471443164224;1,1334034516038448e-05
86;-0,3460398438781555;-0,16802747029227558;0,3461534549709995;0,16812338527941384;0,0001136110928439682;9,591498713826252e-05;0,022329852392061554;0,022329852392061558;0,022329852392061558;0,9946043228413;-0,05902896670683921;0,9949768940802944;-0,05357132995830248;2,232985239206156e-06
87;0,43722159293599244;0,2111534320631626;-0,437141134222575;-0,21109796690753016;8,045871341744171e-05;5,5465155632428154e-05;0,028551436620694728;0,028551436620694735;0,028551436620694735;0,9818290324641914;-0,19798687426714245;0,9816337489283102;-0,19975202689651575;2,8551436620694734e-06
88;-0,20801315419106467;-0,10101110498625199;0,20804318847374945;0,10103645825010389;3,0034282684776592e-05;2,5353263851904395e-05;0,01343078859154538;0,013430788591545378;0,01343078859154538;0,9940402727018028;-0,05338489068085433;0,9942040204639235;-0,05098511838351095;1,343078859154538e-06
89;0,4620686021769704;0,2025145566809849;-0,4604721780682716;-0,20141388477956973;0,0015964241086987574;0,0011006719014151622;0,029526352925362695;0,029526352925362695;0,029526352925362695;0,9864841912067004;-0,13544744087319233;0,9827614514108477;-0,1773160039271538;2,9526352925362697e-06
90;0,8369090551862239;0,40563883329737366;-0,8366207617040948;-0,4053954034134595;0,00028829348212910944;0,0002434298839141813;0,05468918126706322;0,054689181267063236;0,054689181267063236;0,9818290324641914;-0,19798687426714245;0,9814430754103793;-0,20373790160926689;5,468918126706324e-06
91;0,897298532793501;0,4338952835864983;-0,896354048532204;-0,4332440758758659;0,0009444842612970072;0,0006512077106324288;0,058120424698696056;0,05812042469869606;0,05812042469869606;0,9900903048749803;-0,08831582023671664;0,9889640558934614;-0,09839290351813776;5,812042469869606e-06
92;0,22703585947370353;0,1100247232527669;-0,2270046278037704;-0,11000319114281507;3,1231669933129425e-05;2,153210995183008e-05;0,01474551362917242;0,01474551362917242;0,01474551362917242;0,9878275453733613;-0,2292584025567923;0,9876807346498713;-0,2305659027442795;1,474551362917242e-06
93;0,32208107256046703;0,15507245509370712;-0,3220426578599018;-0,15504002419620844;3,8414700565203574e-05;3,243089749868644e-05;0,020937379277826403;0,020937379277826403;0,020937379277826403;0,9857226911492373;-0,29789410739679256;0,9855884544613162;-0,2999068573849838;2,0937379277826402e-06
94;0,31807854530695945;0,1540541499993368;-0,31799999999999523;-0,15400000000013583;7,854530696421724e-05;5,4149999200975296e-05;0,020526451094366488;0,020526451094366488;0,020526451094366488;0,9940729825301124;-0,052148636911659066;0,9938077605806868;-0,05449956088139522;2,0526451094366485e-06
95;0,0;0,0;0,0;0,0;0,0;0,0;;;;;;;;
96;0,0;0,0;0,0;0,0;0,0;0,0;;;;;;;;
97;0,4609686374355613;0,22153382814366746;-0,4604176776611997;-0,22115396929311515;0,0005509597743616479;0,00037985885055230595;0,030225179058853777;0,03022517905885378;0,03022517905885378;0,9769310056235158;-0,4774634925581433;0,9756681615959842;-0,4890982327091743;3,0225179058853785e-06
98;0,46031767766142656;0,221153969293287;-0,4602075136362062;-0,2210780243348411;0,00011016402522034952;7,594495844590043e-05;0,030219845111289497;0,030219845111289497;0,030219845111289497;0,9756681615959842;-0,4890982327091743;0,9754156199610672;-0,49142659436602015;3,0219845111289496e-06
99;-0,2531394668130083;-0,1230965104338563;0,25326488417584575;0,12318297613441663;0,00012541736283744331;8,646570056032588e-05;0,01627148311740895;0,016271483117408957;0,016271483117408957;0,9987653691081022;-0,048053679493411404;0,9992997422440042;-0,04339234827235775;1,6271483117408956e-06
100;-0,512704920648541;-0,24841705607445355;0,5128412773572872;0,2485110577647407;0,0001363567087462325;9,400169028714322e-05;0,0336209972498523;0,03362099724985229;0,0336209972498523;0,9783356957512865;-0,4443761908186733;0,9786168066104977;-0,441848772438041;3,3620997249852296e-06
101;-0,24804731106096803;-0,12003297100478141;0,2481394789206152;0,12009651639388018;9,216785964716312e-05;6,354538909876528e-05;0,015935743606898072;0,015935743606898072;0,015935743606898072;0,9983645044499954;-0,0515978697126769;0,9987653691081022;-0,048053679493411404;1,5935743606898074e-06
102;2,5436014820976753;1,2401439987914327;-2,531691405489545;-1,2319325313816059;0,011910076608130371;0,008211467409826811;0,1625671422189017;0,16256714221890176;0,16256714221890176;1,0049975201568067;0,005970680095897395;0,9999177870621649;-0,03801475673328098;1,6256714221890175e-05
103;0,7674874088462491;0,35007556672024653;-0,7673679920840657;-0,3499932453778051;0,0001194167621834108;8,232134244146039e-05;0,04919138691658674;0,049191386916586755;0,049191386916586755;0,9900683332316884;-0,09780941585254964;0,9899007187346762;-0,09953083584356057;4,919138691658676e-06
104;-0,9310457601724402;-0,4507210187090728;0,9318175925699824;0,45125309695633825;0,0007718323975421937;0,0005320782472654773;0,06054721794237934;0,06054721794237933;0,06054721794237934;0,9863616644324386;-0,2423437993010178;0,9872451902339379;-0,2344521516633061;6,054721794237934e-06
105;-0,08100000000025781;-0,03899999999995404;0,08100569703141287;0,03900392762920823;5,697031155063592e-06;3,927629254191212e-06;0,005229107195244684;0,005229107195244685;0,005229107195244685;0,9925930976662222;-0,06532120876795168;0,9926685845597026;-0,06464101486902703;5,229107195244685e-07
106;-0,44854351915555774;-0,2173057841080624;0,4487049206488475;0,2174170560741477;0,00016140149328974784;0,00011127196608531897;0,02942439367403418;0,029424393674034176;0,02942439367403418;0,9779554939443437;-0,44779693652883545;0,9783356957512865;-0,4443761908186733;2,942439367403418e-06
107;2,5315913879342773;1,2319325576029319;-2,530142164837756;-1,2309336401512818;0,0014492230965212904;0,0009989174516500388;0,16256195006763463;0,16256195006763463;0,16256195006763463;0,9999177870621649;-0,03801475673328098;0,9992997422440042;-0,04339234827235775;1,625619500676346e-05
108;0,20004265785941783;0,09604002419627942;-0,20001037256850868;-0,0960071508862549;3,228529090915089e-05;3,287331002452265e-05;0,012998884957920247;0,012998884957920249;0,012998884957920249;0,9855884544613162;-0,2999068573849838;0,9853959941055807;-0,30395155071607916;1,2998884957920248e-06
109;-1,5880620042494082;-0,791136868580233;1,5894847042520965;0,7921178227635816;0,001422700002688293;0,000980954183348537;0,10270294272613945;0,1027029427261394;0,10270294272613945;0,9973847066794218;-0,05771361919174687;0,9983464764661891;-0,0498532611837478;1,0270294272613945e-05
110;0,5777955867601078;0,28119413961046624;-0,5768357742335543;-0,28053238104222683;0,0009598125265535273;0,0006617585682394123;0,03757448562695336;0,037574485626953355;0,03757448562695336;0,9873660160965788;-0,25799338113651227;0,9855949969939043;-0,273627224567378;3,757448562695336e-06
111;0,0;0,0;0,0;0,0;0,0;0,0;;;;;;;;
112;0,6993698130739003;0,3169919418381941;-0,6987760012547827;-0,31658254923334284;0,0005938118191176622;0,0004093926048512886;0,04478444710154293;0,044784447101542925;0,04478444710154293;0,9899007187346762;-0,09953083584356057;0,9889856008878707;-0,10907109703450188;4,478444710154293e-06
113;0,6986800205440985;0,31657963861391125;-0,6977345565609347;-0,3159277936230375;0,0009454639831637524;0,0006518449908737289;0,04477927323452;0,04477927323452001;0,04477927323452001;0,9889856008878707;-0,10907109703450188;0,9875284243600964;-0,12429606287339617;4,4779273234520006e-06
114;0,5145382399505637;0,24930213654633296;-0,5142091024648318;-0,24907521877827934;0,000329137485731934;0,00022691776805361386;0,03334198653508668;0,03334198653508669;0,03334198653508669;0,9900477219189566;-0,20952662231901176;0,9893634948653215;-0,21561323728418205;3,3341986535086686e-06
115;0,0;0,0;0,0;0,0;0,0;0,0;;;;;;;;
116;-9,999963089610751e-05;-1,9886037491329285e-10;9,999963546409058e-05;2,0271612389058402e-10;4,567983076758479e-12;3,855748977291173e-12;5,798937223809107e-06;5,798937223809106e-06;5,798937223809107e-06;0,9956102573381748;-0,08255828136239463;0,9956103028177279;-0,08255607217811348;5,798937223809107e-10
117;-0,00019999926597048703;-4,014601289400544e-10;0,0001999992930797705;4,243484671062626e-10;2,7109283459551825e-11;2,288833816620816e-11;1,1597874160123129e-05;1,1597874160123127e-05;1,1597874160123129e-05;0,9956103028177279;-0,08255607217811348;0,9956104377698681;-0,08254951514464129;1,1597874160123129e-09
118;-0,1260001776372974;-0,061000301191981;0,12604764531176885;0,061033028562615214;4,74676744714464e-05;3,272737063421405e-05;0,0080988376267149;0,008098837626714902;0,008098837626714902;0,9979582671376279;-0,05518702693673167;0,9983645044499954;-0,0515978697126769;8,098837626714901e-07
119;-0,3844597870286197;-0,18624805361288538;0,38454351915577345;0,18630578410821436;8,373212715373501e-05;5,7730495328978115e-05;0,025226158556069727;0,025226158556069724;0,025226158556069727;0,9777254231149489;-0,44986857608142455;0,9779554939443437;-0,44779693652883545;2,5226158556069726e-06
120;0,0;0,0;0,0;0,0;0,0;0,0;;;;;;;;
121;-0,3773857327009205;-0,18319700198431882;0,37745978702906025;0,18324805361267074;7,405432813972768e-05;5,105162835192245e-05;0,024776933725314105;0,024776933725314098;0,024776933725314105;0,9775182356623383;-0,4517238617378585;0,9777254231149489;-0,44986857608142455;2,4776933725314104e-06
122;0,17403656977936058;0,08402521298631992;-0,17400000000001528;-0,08399999999989956;3,6569779345296816e-05;2,521298642035874e-05;0,011218332559993938;0,011218332559993938;0,011218332559993938;0,9946043228413;-0,05902896670683921;0,9943784207010329;-0,06104702599189829;1,1218332559993937e-06
123;-0,3771410748141862;-0,18309726204693014;0,377285732700883;0,18319700198458905;0,00014465788669681956;9,973993765891032e-05;0,02477162052791513;0,02477162052791513;0,02477162052791513;0,9771134090957987;-0,45535047180545796;0,9775182356623383;-0,4517238617378585;2,477162052791513e-06
124;0,667737381781946;0,3019257544564153;-0,6676166171151219;-0,3018424912661562;0,00012076466682409137;8,326319025908635e-05;0,042843999006428296;0,0428439990064283;0,0428439990064283;0,9875284243600964;-0,12429606287339617;0,9873339131359883;-0,12633807567370284;4,28439990064283e-06
125;-0,27100600620343285;-0,13100414019920567;0,27109098290231354;0,13106272725179133;8,497669888068993e-05;5,8587052585656885e-05;0,01757154433769806;0,017571544337698055;0,01757154433769806;0,9890283352364858;-0,2186128574953619;0,9893634948653215;-0,21561323728418205;1,7571544337698056e-06
126;-2,2048978434842628;-1,0889604314474357;2,210131632842791;1,0925687487805182;0,005233789358528362;0,0036083173330825336;0,1422141355105337;0,14221413551053366;0,1422141355105337;0,9983464764661891;-0,0498532611837478;1,0009003181647094;-0,028527979325524335;1,422141355105337e-05
127;0,519607514305154;0,2503502250392547;-0,5193053714108552;-0,25014190764017596;0,0003021428942987514;0,00020831739907872793;0,03388412332147094;0,03388412332147095;0,03388412332147095;0,9827614514108477;-0,1773160039271538;0,982143593551351;-0,1829345844227682;3,388412332147095e-06
128;0,24241167035753441;0,11714596572041096;-0,24234680303330272;-0,11710124187442905;6,486732423169328e-05;4,472384598190604e-05;0,01570012293358191;0,01570012293358191;0,01570012293358191;0,9900683332316884;-0,09780941585254964;0,9897819970196273;-0,10037324374384643;1,5700122933581912e-06
129;0,24224680304491897;0,11710124188210641;-0,24216037113360722;-0,11704164997608571;8,643191131174621e-05;5,9591906020700636e-05;0,01569487102867529;0,01569487102867529;0,01569487102867529;0,9897819970196273;-0,10037324374384643;0,9894003366510687;-0,10378927086196196;1,569487102867529e-06
130;-1,5093346487688781;-0,7529437183088978;1,5110637431107183;0,7541358214880345;0,0017290943418402094;0,0011921031791366499;0,09775839286789603;0,09775839286789602;0,09775839286789603;0,996156617794213;-0,0677178614166207;0,9973847066794218;-0,05771361919174687;9,775839286789603e-06
131;0,5027356749204848;0,2445322971980421;-0,5026229044110488;-0,24443709379221595;0,00011277050943592215;9,520340582613862e-05;0,032748629709412745;0,03274862970941273;0,032748629709412745;0,9855949969939043;-0,273627224567378;0,9853428001840601;-0,27734709827464993;3,2748629709412746e-06
132;0,50252290441068;0,24443709379194145;-0,5022504446091423;-0,24420709024563092;0,00027245980153778326;0,000230003546310531;0,03274336050641614;0,03274336050641613;0,03274336050641614;0,9853428001840601;-0,27734709827464993;0,9847333958562614;-0,286339841429625;3,2743360506416137e-06
133;-0,8042643696978031;-0,38918227616593576;0,8050457601722137;0,3897210187091682;0,0007813904744106148;0,00053874254323244;0,05235317974632091;0,0523531797463209;0,05235317974632091;0,98532718840328;-0,2516061482675593;0,9863616644324386;-0,2423437993010178;5,2353179746320906e-06
134;0,0;0,0;0,0;0,0;0,0;0,0;;;;;;;;
135;0,0;0,0;0,0;0,0;0,0;0,0;;;;;;;;
136;-0,07719978856941864;-0,036999991829347136;0,07720756365119585;0,037006555843803;7,775081777211534e-06;6,564014455867628e-06;0,0049643977111243;0,004964397711124301;0,004964397711124301;0,9956104377698681;-0,08254951514464129;0,9957249728619484;-0,08083710585853317;4,9643977111243e-07
137;0,6134226080973607;0,2971876848355181;-0,6132935400460436;-0,29709871243873187;0,00012906805131707166;8,897239678623547e-05;0,03935343340025632;0,039353433400256335;0,039353433400256335;1,0000000000283469;4,3023647118785403e-20;0,9997726803957296;-0,0020007473366812837;3,935343340025634e-06
138;0,6131935400459078;0,2970987124386382;-0,6127096859051245;-0,2967651192314668;0,0004838541407832242;0,00033359320717141205;0,03934823636998067;0,03934823636998067;0,03934823636998067;0,9997726803957296;-0,0020007473366812837;0,9989203552192153;-0,00951102974080393;3,934823636998067e-06
139;-0,04399987857229293;-0,02099998082604499;0,04400040199449281;0,021000341708108935;5,234221998814959e-07;3,608820639440513e-07;0,0028206300343402496;0,0028206300343402487;0,0028206300343402496;0,9979454163620581;-0,05530482126296571;0,9979582671376279;-0,05518702693673167;2,82063003434025e-07
140;-0,681435244933181;-0,3302315378925479;0,681696200366166;0,3304114579174787;0,00026095543298498836;0,00017992002493083525;0,04453364373957027;0,04453364373957027;0,04453364373957027;0,981708576003734;-0,18675882117518883;0,9821147469074681;-0,18312036620040714;4,453364373957027e-06
141;0,0;0,0;0,0;0,0;0,0;0,0;;;;;;;;
142;-9,999965258105778e-05;-1,9755343645261364e-10;9,999965769056675e-05;2,010762716313739e-10;5,1095089666436735e-12;3,5228351787602633e-12;5,769275078961411e-06;5,76927507896141e-06;5,769275078961411e-06;1,0007293038807383;-0,029995887912275365;1,0007293550133398;-0,029993869475272907;5,76927507896141e-10
143;0,584618489925062;0,26184116317622036;-0,5842184751590954;-0,26156536640187394;0,00040001476596662755;0,00027579677434641514;0,037458209949289015;0,03745820994928902;0,03745820994928902;0,9873339131359883;-0,12633807567370284;0,9865974732900566;-0,13423244828289624;3,7458209949289024e-06
144;0,5841201994744305;0,2615641158027158;-0,5840586760852237;-0,2615216974878592;6,15233892068412e-05;4,241831485662928e-05;0,03745293115551056;0,03745293115551055;0,03745293115551056;0,9865974732900566;-0,13423244828289624;0,9864841912067004;-0,13544744087319233;3,7452931155510556e-06
145;1,35797718185078;0,679609722801983;-1,3441480739398188;-0,670075016390048;0,013829107910961147;0,00953470641193499;0,08823385565066913;0,08823385565066913;0,08823385565066913;0,9936445930062192;-0,08814550860170196;0,9827614514108477;-0,1773160039271538;8,823385565066914e-06
146;-1,4349661396842162;-0,7166172513014298;1,4383376331959636;0,718941781297434;0,003371493511747481;0,0023245299960041876;0,09319662395336051;0,0931966239533605;0,09319662395336051;0,9936445930062192;-0,08814550860170196;0,996156617794213;-0,0677178614166207;9,319662395336051e-06
147;-1,9729370921428062;-0,9576463042324129;1,9918796605373208;0,9707065702663877;0,01894256839451458;0,01306026603397481;0,12766215796894145;0,12766215796894145;0,12766215796894145;0,9918138998789022;-0,10905047731070859;1,0021011514494267;-0,019125993833272095;1,2766215796894146e-05
148;0,5003641813976267;0,24218285072619847;-0,5002989442602407;-0,2421378617191898;6,523713738604275e-05;4,4989007008666704e-05;0,03202719397429564;0,03202719397429565;0,03202719397429565;1,0021011514494267;-0,019125993833272095;1,0019599640032866;-0,020370582682855323;3,202719397429565e-06
149;0,16516038651209322;0,08004165253480672;-0,16511825463019228;-0,08001260342119942;4,213188190094197e-05;2,9049113607293453e-05;0,010709843909393425;0,010709843909393427;0,010709843909393427;0,9894003366510687;-0,10378927086196196;0,9891276536393852;-0,10621456788827593;1,0709843909393427e-06
150;0,2975352476346069;0,14416219075932485;-0,2974367599330798;-0,14409428679000924;9,848770152715014e-05;6,790396931560805e-05;0,019345549147056187;0,01934554914705619;0,01934554914705619;0,9867069330578194;-0,2638465487810313;0,9863540565039047;-0,2669955744235362;1,934554914705619e-06
151;0,16501825465090664;0,08001260341503283;-0,16500129329391175;-0,08000090853532128;1,6961356994887877e-05;1,1694879711546258e-05;0,010704591471723958;0,010704591471723958;0,010704591471723958;0,9891276536393852;-0,10621456788827593;0,9890178193300837;-0,10719038183369785;1,0704591471723959e-06
152;-0,5496508798185148;-0,26524191150030474;0,5499484345754286;0,2654470652722347;0,0002975547569138426;0,00020515377192997786;0,035609339285901286;0,035609339285901286;0,035609339285901286;0,9895112453421331;-0,09351811548087682;0,9900903048749803;-0,08831582023671664;3,5609339285901286e-06
153;0,20818831827673698;0,10106757739631565;-0,2081431884736985;-0,10103645824975874;4,5129803038473915e-05;3,11191465569155e-05;0,013436012548789086;0,013436012548789086;0,013436012548789086;0,9944368719682949;-0,04893329796208821;0,9942040204639235;-0,05098511838351095;1,3436012548789085e-06
154;0,23011273933927714;0,11207772907541722;-0,23002419864291512;-0,11201668323278186;8,854069636202166e-05;6,104584263535995e-05;0,014976691992561082;0,014976691992561079;0,014976691992561082;0,9867069330578194;-0,2638465487810313;0,9862970268182529;-0,26745475083122905;1,4976691992561083e-06
155;0,0;0,0;0,0;0,0;0,0;0,0;;;;;;;;
156;-0,26104742807912595;-0,12703269880746315;0,26114107481382315;0,12709726204681854;9,364673469719476e-05;6,456323935538633e-05;0,017160611501283736;0,017160611501283736;0,017160611501283736;0,9767350593924407;-0,4587195357677799;0,9771134090957987;-0,45535047180545796;1,7160611501283736e-06
157;-0,04520002376103608;-0,022000074533204964;0,045200346499193175;0,022000297093841836;3,2273815709499276e-07;2,2256063687137173e-07;0,00290020874530052;0,002900208745300519;0,00290020874530052;1,0007293550133398;-0,029993869475272907;1,0007370708760364;-0,029926769552481296;2,90020874530052e-07
158;0,5595051649468872;0,27076200223751024;-0,5592320385084705;-0,27057367122015;0,00027312643841670425;0,0001883310173602104;0,03592555745122508;0,03592555745122509;0,03592555745122509;0,9989203552192153;-0,00951102974080393;0,9983934160321752;-0,014172970919125692;3,5925557451225085e-06
159;0,0;0,0;0,0;0,0;0,0;0,0;;;;;;;;
160;-0,2830056970314917;-0,13700392762900623;0,28309370475366097;0,13706460600379874;8,800772216926989e-05;6,0678374792511036e-05;0,018287336296738455;0,01828733629673845;0,018287336296738455;0,9926685845597026;-0,06464101486902703;0,9930021439131693;-0,061677650604174405;1,8287336296738453e-06
161;0,2704367599330881;0,13109428678981236;-0,2703519243903904;-0,13103579872688886;8,483554269766991e-05;5,8488062923495177e-05;0,017591493694086222;0,017591493694086215;0,017591493694086222;0,9863540565039047;-0,2669955744235362;0,9860197818137819;-0,26997541681161474;1,7591493694086223e-06
162;0,5878111194144013;0,2849553215699563;-0,586844724040912;-0,2842890384220689;0,0009663953734893038;0,0006662831478874143;0,03764253526027898;0,03764253526027898;0,03764253526027898;1,0019192999082989;-0,020006715322148098;1,0001397838924182;-0,03564591989558741;3,7642535260278978e-06
163;-0,14820736931406678;-0,07100654831099118;0,14824357367615842;0,07103711131924252;3,620436209164635e-05;3,0563008251341395e-05;0,009528861037181407;0,009528861037181403;0,009528861037181407;0,9957249728619484;-0,08083710585853317;0,9960028150137736;-0,07668244768273591;9,528861037181407e-07
164;-0,14500000000027197;-0,07000000000039766;0,14500600620442497;0,07000414019937692;6,006204153002903e-06;4,140198979263321e-06;0,009399601996693669;0,00939960199669367;0,00939960199669367;0,9889840564402186;-0,21901041728959647;0,9890283352364858;-0,2186128574953619;9,39960199669367e-07
165;-0,0009999999999379858;-7,516736008580519e-14;0,0010000004516352236;3,115052739001348e-10;4,5169723777299664e-10;3,11430106540049e-10;5,859071209898903e-05;5,859071209898904e-05;5,859071209898904e-05;0,9853955490050852;-0,3039693943387365;0,9853959941055807;-0,30395155071607916;5,8590712098989036e-09
166;0,06320722848785859;0,03100506365030205;-0,06320030178370654;-0,031000287841424598;6,926704152046548e-06;4,7758088774531304e-06;0,004061198202255213;0,004061198202255212;0,004061198202255213;1,000855379409251;-0,02891976019209878;1,0007370708760364;-0,029926769552481296;4,061198202255213e-07
167;0,5477930969542052;0,2644092385734652;-0,5477370901783568;-0,2643706237786258;5,600677584838287e-05;3,8614794839408884e-05;0,03573435705013732;0,03573435705013731;0,03573435705013732;0,9827614514108477;-0,1773160039271538;0,982652839438055;-0,17829856305513203;3,5734357050137323e-06
168;-0,20210596689254312;-0,09800503712057952;0,20212015473624814;0,09801701626212947;1,4187843705021352e-05;1,1979141549947614e-05;0,013054675369767801;0,013054675369767796;0,013054675369767801;0,9933714364204829;-0,07668795842896448;0,9934510110780265;-0,07551767499961401;1,3054675369767802e-06
169;-0,20199999999979162;-0,09800000000069352;0,20200596689275985;0,09800503712095608;5,966892968223281e-06;5,0371202625631994e-06;0,01304944601624241;0,01304944601624241;0,01304944601624241;0,9933379569423995;-0,07717981486825311;0,9933714364204829;-0,07668795842896448;1,304944601624241e-06
170;0,5452111469818204;0,2641455536047308;-0,5450026496506156;-0,26400182704272324;0,00020849733120476;0,00014372656200756229;0,035367837317477516;0,035367837317477516;0,035367837317477516;0,9889640558934614;-0,09839290351813776;0,9885554615786858;-0,10202978426630616;3,536783731747752e-06
171;0,44829908509060273;0,21713788501744255;-0,44822229522313956;-0,2170849452375564;7,67898674631784e-05;5,29397798861575e-05;0,028702564728728328;0,028702564728728324;0,028702564728728328;1,0019599640032866;-0,020370582682855323;1,0017745303921255;-0,022000908924142224;2,8702564728728327e-06
172;0,0;0,0;0,0;0,0;0,0;0,0;;;;;;;;
173;0,3482504446093058;0,16920709024576633;-0,34811046008663143;-0,16908890342347516;0,00013998452267438566;0,00011818682229117194;0,022700486025622912;0,022700486025622912;0,022700486025622912;0,9847333958562614;-0,286339841429625;0,9842818086443751;-0,2930208421694866;2,270048602562291e-06
174;0,0;0,0;0,0;0,0;0,0;0,0;;;;;;;;
175;0,4632828578050173;0,22421590618675563;-0,4631543153378213;-0,2241073848826146;0,00012854246719601337;0,00010852130414101824;0,030277382979657024;0,030277382979657024;0,030277382979657024;0,9814430754103793;-0,20373790160926689;0,981132297483678;-0,20837980795646996;3,027738297965702e-06
176;0,11521188721869996;0,05600834440703135;-0,11520709735472902;-0,056005041956359164;4,789863970941499e-06;3,3024506721837654e-06;0,007389452783302091;0,007389452783302092;0,007389452783302092;1,0009003181647094;-0,028527979325524335;1,000855379409251;-0,02891976019209878;7,389452783302092e-07
177;0,4911279113581946;0,2375708257793744;-0,4909107357812791;-0,23742107526126197;0,00021717557691552924;0,00014975051811244589;0,031549179628169735;0,03154917962816973;0,031549179628169735;0,9983934160321752;-0,014172970919125692;0,9979163131395136;-0,018400679504460386;3,1549179628169732e-06
178;-0,18402169513658206;-0,09001495680638218;0,18404742807875166;0,09003269880754974;2,5732942169592876e-05;1,774200116756719e-05;0,012111011392696793;0,012111011392696791;0,012111011392696793;0,9765876991895581;-0,4600143841343187;0,9767350593924407;-0,4587195357677799;1,2111011392696793e-06
179;0,14402419864257934;0,07001668323268564;-0,1440001082661279;-0,07000007463434423;2,4090376451429973e-05;1,6608598341419367e-05;0,009374229659050649;0,00937422965905065;0,00937422965905065;0,9862970268182529;-0,26745475083122905;0,9861188660305692;-0,26903081669876006;9,374229659050651e-07
180;0,47581057286402084;0,2304209629441366;-0,475611558340563;-0,23028374929229828;0,00019901452345783;0,00013721365183833045;0,03058637546698388;0,030586375466983885;0,030586375466983885;0,9979163131395136;-0,018400679504460386;0,9974653257446646;-0,022385780790849;3,0586375466983887e-06
181;-0,16800159777088455;-0,08200110160943729;0,16802169513652157;0,08201495680588229;2,009736563701736e-05;1,3855196445006213e-05;0,011053500026271616;0,011053500026271614;0,011053500026271616;0,9764616196076386;-0,4611285390230544;0,9765876991895581;-0,4600143841343187;1,1053500026271616e-06
182;0,45336382459105096;0,22025085220714163;-0,4530838623394392;-0,220057823142174;0,0002799622516117539;0,00019302906496762584;0,02941978182726639;0,02941978182726639;0,02941978182726639;0,989142441623005;-0,09589412889678725;0,988482732501998;-0,10172808307289721;2,941978182726639e-06
183;0,0510013160830588;0,025000912388122406;-0,05099998986659109;-0,024999998120017828;1,3262164677077526e-06;9,142681045778978e-07;0,0033157329433283296;0,003315732943328329;0,0033157329433283296;0,9890178193300837;-0,10719038183369785;0,9889900767828355;-0,10742965088577086;3,3157329433283295e-07
184;0,0;0,0;0,0;0,0;0,0;0,0;;;;;;;;
185;3,80540024381114;1,8695880296064376;-3,799544671133378;-1,8655514220583636;0,005855572677762044;0,0040366075480740005;0,24357129856557264;0,24357129856557264;0,24357129856557264;1,0049975201568067;0,005970680095897395;1,0033298854398172;-0,00811940413681507;2,4357129856557264e-05
186;0,0;0,0;0,0;0,0;0,0;0,0;;;;;;;;
187;-1,2573883353903108;-0,6088211611865961;1,2612915105575075;0,6115122001878908;0,0039031751671967374;0,0026910390012946372;0,08195230318448406;0,08195230318448407;0,08195230318448407;0,9842002600411127;-0,17674800936604276;0,9875015016191193;-0,14727420185943882;8,195230318448407e-06
188;0,5156421154106944;0,24953111411751025;-0,5153734021064813;-0,2493042733441552;0,00026871330421307515;0,0002268407733550526;0,03369985535727792;0,03369985535727792;0,03369985535727792;0,9814071992309843;-0,2042908928150741;0,980823533650558;-0,2130115216272068;3,3699855357277924e-06
189;0,49522924789320033;0,23915806175407636;-0,49513133609943355;-0,23909055464077936;9,791179376678061e-05;6,75071132970051e-05;0,03222438856250982;0,0322243885625098;0,03222438856250982;0,98532718840328;-0,2516061482675593;0,9851166232482281;-0,253503812074198;3,2224388562509824e-06
190;0,35322255158441085;0,17108498997668384;-0,35311315853982117;-0,1710095644931545;0,00010939304458967847;7,542548352934553e-05;0,02261938788394085;0,022619387883940856;0,022619387883940856;1,0017745303921255;-0,022000908924142224;1,0014393136968867;-0,02495025060470473;2,2619387883940855e-06
191;0,24607649248465616;0,11905712846404433;-0,24605156393566302;-0,11903607924106933;2,4928548993136124e-05;2,1049222974994786e-05;0,01608172050959339;0,01608172050959339;0,01608172050959339;0,9814071992309843;-0,2042908928150741;0,9812937252783319;-0,20598692253801656;1,6081720509593389e-06
192;0,028000536020062958;0,014000517415657578;-0,027999915985129388;-0,01399999388956927;6,200349335697131e-07;5,235260883088705e-07;0,0018099525454283172;0,0018099525454283176;0,0018099525454283176;0,9986080974405622;-0,052404724037397356;0,9985829388269746;-0,052754232989393225;1,8099525454283177e-07
193;0,02810091090911867;0,014000834516105379;-0,028100535612041854;-0,014000517633717114;3,752970768149122e-07;3,168823882650912e-07;0,0018151255286758122;0,0018151255286758122;0,0018151255286758122;0,998623276915075;-0,05219254166149934;0,9986080974405622;-0,052404724037397356;1,8151255286758123e-07
194;0,2761104600864695;0,13408890342339416;-0,2760280796274929;-0,1340193599619207;8,238045897662749e-05;6,954346147347579e-05;0,01800462728341802;0,018004627283418024;0,018004627283418024;0,9842818086443751;-0,2930208421694866;0,9839467658629218;-0,2979820315788952;1,8004627283418022e-06
195;0,419509357489385;0,20328223181216312;-0,41937922428421104;-0,2031925058627078;0,00013013320517396565;8,972594945533263e-05;0,026982562176296583;0,026982562176296587;0,026982562176296587;0,9974653257446646;-0,022385780790849;0,9971310277108282;-0,025336329305301473;2,698256217629659e-06
196;-0,4873130571150461;-0,23614718813791805;0,4874354699854958;0,2362315772144878;0,00012241287044972848;8,438907656974082e-05;0,031855606422263566;0,03185560642226356;0,031855606422263566;0,9814422236804243;-0,18914513248727458;0,981708576003734;-0,18675882117518883;3,1855606422263562e-06
197;0,0;0,0;0,0;0,0;0,0;0,0;;;;;;;;
198;-0,8124519960668193;-0,3933116424064486;0,8130189587237796;0,39370254472671534;0,0005669626569603237;0,00039090232026672833;0,05272614504481898;0,05272614504481898;0,05272614504481898;0,9883971373467973;-0,10254124757302932;0,989142441623005;-0,09589412889678725;5,272614504481898e-06
199;0,0;0,0;0,0;0,0;0,0;0,0;;;;;;;;
200;0,4072790734219081;0,1971924018360851;-0,4071383127003336;-0,19709536240374279;0,00014076072157448438;9,703943234232182e-05;0,026200576987026027;0,026200576987026034;0,026200576987026034;0,9971310277108282;-0,025336329305301473;0,9967586687587563;-0,028629666413106977;2,6200576987026034e-06
201;-0,5385960746583848;-0,25930726207752375;0,5388835058726275;0,2595054233575879;0,0002874312142426838;0,00019816128006416855;0,03532961089935212;0,035329610899352125;0,035329610899352125;0,9768611090302108;-0,47809153335746996;0,9774248080209962;-0,47293203025013725;3,532961089935212e-06
202;0,0;0,0;0,0;0,0;0,0;0,0;;;;;;;;
203;-0,45409444878804184;-0,2200651189907572;0,4543115443623574;0,2202147902110181;0,00021709557431554005;0,00014967122026091073;0,029338934257778233;0,02933893425777823;0,029338934257778233;0,9930021439131693;-0,061677650604174405;0,9935150431523246;-0,057136999943519916;2,9338934257778233e-06
204;0,06910382709873274;0,034003394855304916;-0,06910078681880633;-0,03400082798359864;3,0402799264112046e-06;2,5668717062790614e-06;0,0044524672745149116;0,0044524672745149116;0,0044524672745149116;0,9986733450021656;-0,051477697634102745;0,998623276915075;-0,05219254166149934;4,452467274514912e-07
205;0,06920794788351918;0,03400619722748137;-0,06920385193686436;-0,034003372806691017;4,095946654819604e-06;2,8244207903524443e-06;0,0044576559342919915;0,0044576559342919915;0,0044576559342919915;0,998737090379522;-0,050936279910372445;0,9986733450021656;-0,051477697634102745;4,457655934291991e-07
206;0,10335192439026551;0,05003579872690613;-0,10333953166943087;-0,0500272548287601;1,2392720834641935e-05;8,543898146029516e-06;0,006723526626436411;0,006723526626436412;0,006723526626436412;0,9860197818137819;-0,26997541681161474;0,9858920304738296;-0,2711181979077862;6,723526626436412e-07
207;0,10323953166970243;0,05002725482870488;-0,10322418894079015;-0,050016676998128375;1,534272891227928e-05;1,0577830576508074e-05;0,006718256155009005;0,006718256155009005;0,006718256155009005;0,9858920304738296;-0,2711181979077862;0,9857337355444642;-0,27253108736569165;6,718256155009006e-07
208;0,10312418894064496;0,05001667699820676;-0,10311529462390932;-0,05001054466491707;8,894316735633123e-06;6,132333289693426e-06;0,006712985745100175;0,006712985745100176;0,006712985745100176;0,9857337355444642;-0,27253108736569165;0,985641892416541;-0,2733490936673331;6,712985745100176e-07
209;-0,44330427869878647;-0,21407189673210733;0,44354883809320356;0,2142405036952863;0,00024455939441708763;0,00016860696317896884;0,028740543280138274;0,028740543280138274;0,028740543280138274;0,9889215568286123;-0,09880865913886769;0,9895112453421331;-0,09351811548087682;2,8740543280138275e-06
210;-0,5213944695439484;-0,25327273991392024;0,5216864391232041;0,2534740311808843;0,000291969579255702;0,0002012912669640543;0,034024178719601686;0,034024178719601686;0,034024178719601686;0,9836053697070543;-0,18203176218604092;0,9842002600411127;-0,17674800936604276;3,402417871960169e-06
211;0,3151414921085008;0,1520980286307906;-0,3150718180876133;-0,15204999510918663;6,967402088747798e-05;4,803352160398511e-05;0,020580962763040916;0,020580962763040916;0,020580962763040916;0,9816337489283102;-0,19975202689651575;0,9813991558607;-0,20187692357168802;2,058096276304092e-06
212;0,1900518278303734;0,09203602071531988;-0,19001289789750067;-0,09200918142771072;3,892993287271662e-05;2,6839287609159435e-05;0,012423978076551483;0,012423978076551483;0,012423978076551483;0,9812937252783319;-0,20598692253801656;0,9810765425065187;-0,20793776026727215;1,2423978076551484e-06
213;0,3411548604623989;0,16510728426302052;-0,3410730403964297;-0,16505087721407583;8,182006596918479e-05;5,640704894468995e-05;0,02230283967033;0,022302839670329998;0,02230283967033;0,981132297483678;-0,20837980795646996;0,9808780351412307;-0,21066767216018809;2,2302839670330004e-06
214;0,4383736587401118;0,21230428595262013;-0,4380783159852967;-0,21205493637062814;0,00029534275481513106;0,0002493495819919922;0,028671250799330316;0,02867125079933032;0,02867125079933032;0,980823533650558;-0,2130115216272068;0,9800694341056376;-0,22427571077954062;2,8671250799330323e-06
215;0,016000108266406937;0,008000074634802281;-0,01600000000001505;-0,008000000000098087;1,0826639188638021e-07;7,463470419466489e-08;0,0010473413626716811;0,0010473413626716811;0,0010473413626716811;0,9861188660305692;-0,26903081669876006;0,9861116879384753;-0,2690895487660576;1,0473413626716812e-07
216;-0,04900000000019619;-0,02400000000010772;0,049001597770893704;0,024001101609453197;1,597770697511769e-06;1,101609345476734e-06;0,0032261821962582963;0,0032261821962582967;0,0032261821962582967;0,9764272693654891;-0,4614293911600471;0,9764616196076386;-0,4611285390230544;3,2261821962582967e-07
217;-0,11299999999996603;-0,05400000000001877;0,11302990134681068;0,05402061571149912;2,9901346844649068e-05;2,0615711480348464e-05;0,007305184493524877;0,0073051844935248765;0,007305184493524877;0,9898068284336263;-0,09092654245314986;0,9900903048749803;-0,08831582023671664;7,305184493524877e-07
218;-0,48642881147334543;-0,23426088636638848;0,48649581963984356;0,23430708625136112;6,700816649812813e-05;4,619988497264749e-05;0,031914197195656496;0,03191419719565649;0,031914197195656496;0,9767156272358246;-0,47942314609019204;0,9768611090302108;-0,47809153335746996;3,1914197195656496e-06
219;-0,48601621105102255;-0,2340453588525473;0,4863288114728882;0,23426088636639172;0,00031260042186564974;0,00021552751384443236;0,03190887158473089;0,031908871584730894;0,031908871584730894;0,9760368239487652;-0,48563834608931594;0,9767156272358246;-0,47942314609019204;3,190887158473089e-06
220;-0,4857269562991014;-0,2339838206934891;0,4858162110476701;0,234045358851189;8,925474856869009e-05;6,15381576998808e-05;0,031898213017582944;0,031898213017582944;0,031898213017582944;0,9758429421783326;-0,48741328009001655;0,9760368239487652;-0,48563834608931594;3,1898213017582944e-06
221;-0,48480162576510794;-0,233414782951745;0,48562695629886876;0,2339838206932161;0,0008253305337608263;0,0005690377414711012;0,031892882905684664;0,031892882905684664;0,031892882905684664;0,9740498573981103;-0,5038536705091533;0,9758429421783326;-0,48741328009001655;3,189288290568466e-06
222;-0,48463472948277014;-0,2333686602069208;0,4847016257655394;0,23341478295181234;6,689628276923543e-05;4,6122744891546885e-05;0,03188754245108047;0,03188754245108047;0,03188754245108047;0,9739044981814016;-0,5051884150876573;0,9740498573981103;-0,5038536705091533;3,188754245108047e-06
223;-0,48425607309207575;-0,23317654647665526;0,4845347294835296;0,23336866020681046;0,00027865639145385757;0,00019211373015520783;0,03188220134693192;0,03188220134693193;0,03188220134693193;0,9732989094118842;-0,5107496284312034;0,9739044981814016;-0,5051884150876573;3,1882201346931925e-06
224;0,3361932941572929;0,16306482569577507;-0,33614061293599995;-0,1630285037593433;5,2681221292927294e-05;3,6321936431771285e-05;0,021919144476935788;0,02191914447693579;0,02191914447693579;0,9842002600411127;-0,17674800936604276;0,9840336570986425;-0,17823414266698492;2,191914447693579e-06
225;0,39355180651887434;0,19031173025447706;-0,3932986224070397;-0,19013717511757558;0,00025318411183461453;0,00017455513690148305;0,025684516638269025;0,025684516638269036;0,025684516638269036;0,982652839438055;-0,17829856305513203;0,9819696681504011;-0,18445289264228037;2,568451663826904e-06
226;0,0;0,0;0,0;0,0;0,0;0,0;;;;;;;;
227;0,0;0,0;0,0;0,0;0,0;0,0;;;;;;;;
228;-0,6151738335296785;-0,2994179409426394;0,6160546522987619;0,30002524402850056;0,0008808187690834135;0,000607303085861155;0,039494646561982184;0,03949464656198218;0,039494646561982184;1,0001515188845627;-0,03564557647108279;1,0016978384080841;-0,02221861045237126;3,949464656198218e-06
229;0,12201308400851112;0,059009093653670575;-0,12199985844844514;-0,058999975729754676;1,322556006597142e-05;9,117923915898107e-06;0,007967283734614866;0,007967283734614866;0,007967283734614866;0,982143593551351;-0,1829345844227682;0,9820285477637625;-0,18397049299522433;7,967283734614866e-07
230;-0,3182432295050966;-0,1540994344187059;0,3183380854781269;0,15417950932952784;9,485597303032778e-05;8,007491082193119e-05;0,02080755561061243;0,02080755561061243;0,02080755561061243;0,9811093521967011;-0,20871582576985445;0,9814430754103793;-0,20373790160926689;2,080755561061243e-06
231;0,3734285464954912;0,1801093377625343;-0,37334759985968874;-0,18004099898956114;8,094663580243688e-05;6,833877297315882e-05;0,024026716308720986;0,024026716308720983;0,024026716308720986;0,9962493493142418;-0,07303476318353075;0,9960028150137736;-0,07668244768273591;2,4026716308720984e-06
232;0,6350114735793703;0,3096849910936104;-0,6340546078992908;-0,30902523076926924;0,0009568656800794662;0,0006597603243411743;0,040654508093951096;0,040654508093951096;0,040654508093951096;1,0033298854398172;-0,00811940413681507;1,0016978384080841;-0,02221861045237126;4,06545080939511e-06
233;0,3091344836900125;0,1490927128429135;-0,3090940177924273;-0,149064817202876;4,04658975852179e-05;2,789564003749523e-05;0,02024818092202019;0,020248180922020194;0,020248180922020194;0,9786168066104977;-0,441848772438041;0,9784783262166444;-0,4431089194381116;2,0248180922020195e-06
234;-0,3161402004331769;-0,15302771520301567;0,3161819084010959;0,1530564670787726;4,1707967918969135e-05;2,875187575693272e-05;0,020556583613962568;0,02055658361396257;0,02055658361396257;0,9864596473226018;-0,2789022308942828;0,9866002684279891;-0,27764506942463035;2,055658361396257e-06
235;0,32115404728938485;0,15510620978120465;-0,32106666682555557;-0,15504596388001451;8,738046382927855e-05;6,024590119013684e-05;0,02104101094549872;0,02104101094549872;0,02104101094549872;0,9786168066104977;-0,441848772438041;0,978329010173336;-0,4444598585657324;2,104101094549872e-06
236;0,27907322271271107;0,13505090888886495;-0,27903670749553444;-0,13502573287045586;3,651521717662476e-05;2,5176018409095446e-05;0,018248729175528482;0,018248729175528482;0,018248729175528482;0,9808780351412307;-0,21066767216018809;0,9807393493325873;-0,21191636618739826;1,8248729175528482e-06
237;0,0;0,0;0,0;0,0;0,0;0,0;;;;;;;;
238;0,04200093505588854;0,020000670844281948;-0,041999950993648595;-0,01999999236634907;9,840622399448495e-07;6,784779328777857e-07;0,0027347418878348583;0,0027347418878348575;0,0027347418878348583;0,9821147469074681;-0,18312036620040714;0,9820898314838333;-0,18335374845919972;2,7347418878348586e-07
239;-0,3651411986217235;-0,177028621455293;0,365313198793874;0,17714721275894468;0,00017200017215052155;0,00011859130365168835;0,023883566337326773;0,023883566337326766;0,023883566337326773;0,9809430232459087;-0,19361525958732054;0,9814422236804243;-0,18914513248727458;2,388356633732677e-06
240;2,4516556034011945;1,2101735285404427;-2,4493419685459443;-1,208578483204123;0,0023136348552501573;0,0015950453363196004;0,15754918292638134;0,15754918292638134;0,15754918292638134;1,0019192999082989;-0,020006715322148098;1,0009003181647094;-0,028527979325524335;1,5754918292638136e-05
241;0,7242382171209004;0,35071623909858024;-0,7237971356887987;-0,3504121282343131;0,0004410814321017531;0,0003041108642671264;0,0472736153785308;0,047273615378530795;0,0472736153785308;0,9827614514108477;-0,1773160039271538;0,9821147469074681;-0,18312036620040714;4,72736153785308e-06
242;0,10501314816767675;0,051009223763009516;-0,10499969138272026;-0,050999945760796035;1,3456784956483725e-05;9,278002213480852e-06;0,006870362687873678;0,006870362687873676;0,006870362687873678;0,9810765425065187;-0,20793776026727215;0,9809407579702497;-0,20914815235018014;6,870362687873678e-07
243;0,2710940177922336;0,13106481720289345;-0,27102132423270275;-0,13101470069468124;7,269355953082313e-05;5,011650821221125e-05;0,017767235432160324;0,01776723543216032;0,017767235432160324;0,9784783262166444;-0,4431089194381116;0,9781947733750762;-0,44567443076733865;1,7767235432160324e-06
244;0,21307211839384374;0,10305004480199495;-0,21302747273225248;-0,10301926511972022;4,464566159126382e-05;3,077968227473138e-05;0,013923920056058857;0,013923920056058857;0,013923920056058857;0,9813991558607;-0,20187692357168802;0,9811769347060374;-0,20387954669631222;1,3923920056058855e-06
245;-0,25816849742045156;-0,12504761812496165;0,2582435338898918;0,12509935325573854;7,503646944023723e-05;5,173513077688652e-05;0,01688597947358954;0,01688597947358954;0,01688597947358954;0,98080134351747;-0,21148146929153397;0,9811093521967011;-0,20871582576985445;1,688597947358954e-06
246;0,3162987117381024;0,15313719025322678;-0,31613486843232536;-0,15302423020031083;0,00016384330577706718;0,00011296005291594469;0,02066177003983214;0,02066177003983214;0,02066177003983214;0,9819696681504011;-0,18445289264228037;0,9814200540622027;-0,1893914312350882;2,066177003983214e-06
247;0,18211362071870354;0,08800964552195165;-0,1821043768992304;-0,08800327356872258;9,243819473148118e-06;6,3719532290701375e-06;0,011660982606324527;0,011660982606324527;0,011660982606324527;1,0014393136968867;-0,02495025060470473;1,001384378748475;-0,025436073111635198;1,1660982606324528e-06
248;-0,6612196232530371;-0,3201514196093195;0,6614519960670671;0,32031164240614535;0,00023237281402999077;0,0001602227968258707;0,0429291546252382;0,04292915462523819;0,0429291546252382;0,9880219511925692;-0,10588912898963947;0,9883971373467973;-0,10254124757302932;4,29291546252382e-06
249;0,0;0,0;0,0;0,0;0,0;0,0;;;;;;;;
250;3,043534445437747;1,4978658975052361;-3,039565792077849;-1,4951294470030485;0,003968653359897711;0,002736450502187626;0,1951960828287897;0,1951960828287897;0,1951960828287897;1,0033298854398172;-0,00811940413681507;1,0019192999082989;-0,020006715322148098;1,951960828287897e-05
251;0,0;0,0;0,0;0,0;0,0;0,0;;;;;;;;
252;0,3160788528232429;0,15305484472813796;-0,31599906584472637;-0,1529998387069012;7,978697851651617e-05;5,5006021236758684e-05;0,02068805954993735;0,02068805954993735;0,02068805954993735;0,9800694341056376;-0,22427571077954062;0,9798021272803509;-0,22668024730513556;2,068805954993735e-06
253;0,3021112552386349;0,14607670772228967;-0,3020433962249862;-0,14602992120672342;6,785901364869673e-05;4,6786515566249465e-05;0,019667060874753794;0,019667060874753794;0,019667060874753794;0,9851166232482281;-0,253503812074198;0,9848774920603229;-0,2556525443464992;1,9667060874753794e-06
254;-0,1029999999998791;-0,04999999999995862;0,10301529462367663;0,050010544665134354;1,5294623797526552e-05;1,0544665175735157e-05;0,006707715780900284;0,006707715780900283;0,006707715780900284;0,9854838283394759;-0,27475348401287336;0,985641892416541;-0,2733490936673331;6,707715780900284e-07
255;0,23604350091682103;0,11402999017277327;-0,23601659350653134;-0,1140114396236262;2,6907410289683797e-05;1,855054914706722e-05;0,015287020146902813;0,015287020146902813;0,015287020146902813;0,9900477219189566;-0,20952662231901176;0,989925742290982;-0,21061939279856348;1,5287020146902812e-06
256;0,24406666682542988;0,11804596387985412;-0,24401614286607012;-0,11801112930322306;5,0523959359755066e-05;3,483457663105982e-05;0,01599956289615145;0,01599956289615145;0,01599956289615145;0,978329010173336;-0,4444598585657324;0,9781101507339424;-0,44643851990117794;1,5999562896151448e-06
257;0,19405210005251014;0,09403591954562905;-0,19400000000014847;-0,09400000000009516;5,2100052361669924e-05;3,5919545533891206e-05;0,012799868852722508;0,01279986885272251;0,01279986885272251;0,9726476170978594;-0,5166542539135807;0,9723654843576487;-0,5192068531243553;1,279986885272251e-06
258;0,0;0,0;0,0;0,0;0,0;0,0;;;;;;;;
259;0,3985085992903834;0,19228231194445694;-0,3982352549633088;-0,19209385715995206;0,0002733443270745983;0,0001884547845048823;0,025956242569588957;0,025956242569588953;0,025956242569588957;0,9842002600411127;-0,17674800936604276;0,9834705095407936;-0,1833497298554952;2,5956242569588956e-06
260;-0,37712015473691;-0,18301701626237532;0,37716696123110344;0,1830565231511601;4,680649419341876e-05;3,950688878479047e-05;0,024361113569793775;0,024361113569793775;0,024361113569793775;0,9934510110780265;-0,07551767499961401;0,9935916893840935;-0,07345312648797243;2,4361113569793776e-06
261;0,0;0,0;0,0;0,0;0,0;0,0;;;;;;;;
262;0,16801061737561426;0,08200756429795344;-0,16800275696604777;-0,08200214480900472;7,860409566490256e-06;5,4194889487213516e-06;0,01093056584046613;0,010930565840466132;0,010930565840466132;0,9875015016191193;-0,14727420185943882;0,9874516341062004;-0,14771012635527678;1,093056584046613e-06
263;0,27529242869833614;0,13213283853121405;-0,27523942650259264;-0,132096298626069;5,300219574350118e-05;3,653990514504435e-05;0,017950526057998926;0,017950526057998923;0,017950526057998926;0,982143593551351;-0,1829345844227682;0,9819390526524084;-0,18481267483511263;1,7950526057998927e-06
264;0,27320275626190277;0,13213978637426696;-0,27313523468718404;-0,13209323586314337;6,752157471873188e-05;4,655051112359421e-05;0,018002156327486495;0,018002156327486495;0,018002156327486495;0,9732989094118842;-0,5107496284312034;0,973038961479242;-0,5131114014327233;1,8002156327486493e-06
265;0,27513942656866514;0,1320962986649211;-0,2750688051450496;-0,13204760756026684;7,062142361552448e-05;4,8691104654247086e-05;0,01794522542176342;0,017945225421763425;0,017945225421763425;0,9819390526524084;-0,18481267483511263;0,9816664262252168;-0,18731554028970074;1,7945225421763425e-06
266;-0,15400784288048;-0,07400550098641667;0,15408528359480833;0,07405889376346382;7,744071432833066e-05;5,339277704714818e-05;0,010044569710226459;0,010044569710226455;0,010044569710226459;0,982118710237844;-0,18318620700820273;0,982652839438055;-0,17829856305513203;1,0044569710226458e-06
267;-0,14400302802129666;-0,07000230204340546;0,1440223875181672;0,07001564976764998;1,9359496870541282e-05;1,3347724244522352e-05;0,009395669188549817;0,009395669188549819;0,009395669188549819;0,983890808309772;-0,17950091368466975;0,9840336570986425;-0,17823414266698492;9,39566918854982e-07
268;-0,1941000000077103;-0,09400000000551091;0,19414020043340807;0,09402771520324428;4,0200425697772824e-05;2,7715197733368946e-05;0,012625081052189938;0,012625081052189936;0,012625081052189938;0,9862389474136507;-0,2808736367220827;0,9864596473226018;-0,2789022308942828;1,2625081052189939e-06
269;0,19402807962788454;0,0940193599620556;-0,19400000000041784;-0,09400000000002659;2,8079627466703894e-05;1,935996202900858e-05;0,012651189514802654;0,012651189514802652;0,012651189514802654;0,9839467658629218;-0,2979820315788952;0,9837929201946924;-0,29935817222482963;1,2651189514802656e-06
270;-0,23122384354927009;-0,11201644035456895;0,23127098567170679;0,11204894215019821;4,7142122436699685e-05;3,250179562926114e-05;0,015003242170849033;0,015003242170849036;0,015003242170849036;0,988703765165;-0,10074768210645617;0,9889215568286123;-0,09880865913886769;1,5003242170849038e-06
271;-0,4954282152011024;-0,2391093213759803;0,49576220844609764;0,23939129778000756;0,0003339932449952232;0,0002819764040272732;0,03188025936591684;0,03188025936591684;0,03188025936591684;0,9962493493142418;-0,07303476318353075;0,9970160647510695;-0,061714258897234205;3,188025936591684e-06
272;0,24604339622437088;0,11902992120671972;-0,2460113031363717;-0,119007794150847;3,209308799917432e-05;2,2127055872719903e-05;0,01602261420804912;0,016022614208049117;0,01602261420804912;0,9848774920603229;-0,2556525443464992;0,984738669362682;-0,2568983924881675;1,6022614208049118e-06
273;0,22313523468717084;0,10809323586302569;-0,22305217319231802;-0,1080359699844513;8,306149485282077e-05;5,726587857439458e-05;0,014711367483567437;0,014711367483567437;0,014711367483567437;0,973038961479242;-0,5131114014327233;0,9726476170978594;-0,5166542539135807;1,4711367483567437e-06
274;0,15703706689390334;0,07602579456033132;-0,15700120661175826;-0,07600107118868563;3,5860282145083744e-05;2,4723371645690717e-05;0,010270985213168365;0,010270985213168366;0,010270985213168366;0,9807393493325873;-0,21191636618739826;0,9804973590857214;-0,21409308504455402;1,0270985213168366e-06
275;0,18679689094669472;0,09006680524767405;-0,18676082134218625;-0,090041933539105;3,606960450847074e-05;2,4871708569046413e-05;0,012011835388554978;0,01201183538855498;0,01201183538855498;0,9967586687587563;-0,028629666413106977;0,9965505845780089;-0,030491658729888873;1,201183538855498e-06
276;0,27109393996355363;0,1310685233733909;-0,2710242763808452;-0,1310204926679394;6,966358270843465e-05;4,803070545150723e-05;0,017823114089389837;0,017823114089389833;0,017823114089389837;0,9754156199610672;-0,49142659436602015;0,9751447330441777;-0,4938854869789892;1,7823114089389836e-06
277;-0,0769997745217893;-0,036999962842073734;0,07700502237866569;0,03700358080301312;5,247856876389179e-06;3,6179609393879875e-06;0,0050187347001879575;0,005018734700187958;0,005018734700187958;0,9827565532931692;-0,18983253406580552;0,9828289944180595;-0,18916987297742333;5,018734700187959e-07
278;-0,07710502199232121;-0,03700358100731183;0,07711194152675413;0,03700835153334898;6,919534432922592e-06;4,7705260371455616e-06;0,005024030105744329;0,005024030105744327;0,005024030105744329;0,9828289944180595;-0,18916987297742333;0,9829244036280606;-0,18829432825952871;5,024030105744329e-07
279;-0,3992085104907916;-0,19414435189752305;0,3993948239892491;0,19427280178155487;0,000186313498457491;0,00012844988403182267;0,026069695357657872;0,026069695357657865;0,026069695357657872;0,983109890491742;-0,18642184261312092;0,9836053697070543;-0,18203176218604092;2,606969535765787e-06
280;0,0;0,0;0,0;0,0;0,0;0,0;;;;;;;;
281;0,1816607983955764;0,08804191771718514;-0,18164069963495105;-0,0880280603234261;2,0098760625336665e-05;1,3857393759045267e-05;0,011695387645680577;0,011695387645680578;0,011695387645680578;0,9965505845780089;-0,030491658729888873;0,9964314646364051;-0,03154317902462335;1,169538764568058e-06
282;0,17924042636825263;0,08702787094351204;-0,1792243586108502;-0,08701679414084615;1,6067757402427052e-05;1,107680266589084e-05;0,011541173478288593;0,011541173478288595;0,011541173478288595;0,9967586687587563;-0,028629666413106977;0,9966621593471513;-0,029476995162805348;1,1541173478288595e-06
283;0,11502771041380679;0,056019276946565055;-0,11500347173937564;-0,05600256577909335;2,423867443114569e-05;1,6711167471705757e-05;0,007528530158910583;0,007528530158910581;0,007528530158910583;0,9811769347060374;-0,20387954669631222;0,9809537056772584;-0,2058555295318529;7,528530158910582e-07
284;0,190142901550217;0,0910985222704079;-0,1901229667785732;-0,09108477791348799;1,9934771643775884e-05;1,3744356919920264e-05;0,012308657622506984;0,012308657622506986;0,012308657622506986;0,9889640558934614;-0,09839290351813776;0,9888518731384497;-0,09942074156304745;1,2308657622506985e-06
285;0,17403218344642185;0,08502463669822996;-0,17401849004103737;-0,08501307362816685;1,3693405384485047e-05;1,156307006311419e-05;0,011181219901479822;0,011181219901479824;0,011181219901479824;1,0001397838924182;-0,03564591989558741;1,000050044446471;-0,036941224813153976;1,1181219901479825e-06
286;-0,24309971689963775;-0,11799995037592945;0,24314134070876778;0,11802864598025402;4,1623809130031386e-05;2,8695604324571744e-05;0,01590747174076092;0,01590747174076092;0,01590747174076092;0,9807616377456421;-0,19523468759157672;0,9809430232459087;-0,19361525958732054;1,590747174076092e-06
287;-0,2510010630959394;-0,12200073314359568;0,2510838623393057;0,12205782314212865;8,279924336629385e-05;5,7089998532974806e-05;0,016306241871643874;0,016306241871643878;0,016306241871643878;0,9881306976272325;-0,10483731797119694;0,988482732501998;-0,10172808307289721;1,6306241871643878e-06
288;0,17203224867337455;0,08202223232154608;-0,17201036496923194;-0,08200714613841839;2,1883704142605653e-05;1,5086183127691055e-05;0,01113336779517918;0,011133367795179178;0,01113336779517918;0,9883303323909705;-0,1042132772854005;0,9881942269245841;-0,10547594496455506;1,113336779517918e-06
289;0,17002008086187775;0,08201384691763024;-0,1700102845156835;-0,08200709081680663;9,796346194246297e-06;6,756100823610001e-06;0,011063142901666793;0,011063142901666793;0,011063142901666793;0,9851166232482281;-0,253503812074198;0,9850552580672648;-0,25405896564615743;1,1063142901666792e-06
290;-0,5167623214900279;-0,2493911471916361;0,517028649805428;0,24957477163891606;0,0002663283154000773;0,00018362444727995642;0,03322714392351022;0,03322714392351023;0,03322714392351023;0,9970160647510695;-0,061714258897234205;0,9975715169335617;-0,056762485458745286;3,322714392351023e-06
291;-0,15312371626021126;-0,07401658575761284;0,15316880605792696;0,07404767262468868;4,508979771569721e-05;3,1086867075841296e-05;0,010014647144371086;0,010014647144371086;0,010014647144371086;0,9804893092124806;-0,21429876764039904;0,98080134351747;-0,21148146929153397;1,0014647144371086e-06
292;-0,152999548439298;-0,07399992258862506;0,1530237165509509;0,07401658569159779;2,4168111652900226e-05;1,666310297272766e-05;0,01000934597316285;0,010009345973162852;0,010009345973162852;0,9803219633469394;-0,21580804160889838;0,9804893092124806;-0,21429876764039904;1,0009345973162851e-06
293;0,1490213242323702;0,07201470069445383;-0,14900772003764443;-0,07200532204505955;1,3604194725763685e-05;9,378649394278793e-06;0,009768718084507058;0,009768718084507057;0,009768718084507058;0,9781947733750762;-0,44567443076733865;0,9780982620867037;-0,446548625464904;9,76871808450706e-07
294;0,09500352983995203;0,04600257780936267;-0,0949997204236511;-0,04599995174365735;3,8094163009316784e-06;2,626065705321756e-06;0,006212560650585052;0,006212560650585052;0,006212560650585052;0,9809537056772584;-0,2058555295318529;0,9809112067047179;-0,20623732847182707;6,212560650585053e-07
295;-0,1941247155467942;-0,09401732705248336;0,19415088189439836;0,09403536622701261;2,616634760416181e-05;1,8039174529249635e-05;0,012612518112281092;0,012612518112281089;0,012612518112281092;0,9873577063414651;-0,1485569842311499;0,9875015016191193;-0,14727420185943882;1,261251811228109e-06
296;-0,1939994439301521;-0,0939999036346403;0,19402471585058909;0,09401732695488123;2,5271920436997775e-05;1,7423320240933515e-05;0,012607255681962384;0,012607255681962384;0,012607255681962384;0,9872187629756325;-0,14979534344444406;0,9873577063414651;-0,1485569842311499;1,2607255681962383e-06
297;0,155016593507053;0,07501143962373463;-0,15500000000008538;-0,07500000000010933;1,6593506967615967e-05;1,143962362530615e-05;0,010043829708552299;0,010043829708552299;0,010043829708552299;0,989925742290982;-0,21061939279856348;0,9898112389885023;-0,21164079875385572;1,0043829708552298e-06
298;0,15402008771645395;0,07401617640147028;-0,1540050583064166;-0,0740034872516813;1,502941003736491e-05;1,2689149788983056e-05;0,009899537763064924;0,009899537763064924;0,009899537763064924;0,9965984518128419;-0,029857043556777346;0,9964873940067048;-0,03150928422356349;9,899537763064924e-07
299;0,1522972296307268;0,07406703506472181;-0,15221765996600908;-0,07401217444773452;7,956966471772686e-05;5,486061698729838e-05;0,009902699173875963;0,009902699173875958;0,009902699173875963;0,9873660160965788;-0,25799338113651227;0,9868089431144403;-0,2629138430836466;9,902699173875962e-07
300;0,1260125906156757;0,06100867945426832;-0,1259999999998462;-0,0609999999999968;1,259061582950527e-05;8,679454271520726e-06;0,008170358798374836;0,008170358798374834;0,008170358798374836;0,9893271508029878;-0,2159318977631584;0,9892203457463671;-0,21688370448987584;8,170358798374837e-07
301;0,20218114599477557;0,09805594396390797;-0,2021756070021974;-0,09805212675480213;5,538992578185686e-06;3,81720910584693e-06;0,01297332955715317;0,01297332955715317;0,01297332955715317;1,0000000000283469;4,3023647118785403e-20;0,9999704077375208;-0,00025945199631750593;1,297332955715317e-06
302;0,20207560700217453;0,09805212675476252;-0,2019999999999953;-0,0980000000000237;7,560700217923433e-05;5,212675473882655e-05;0,012968134847320434;0,012968134847320434;0,012968134847320434;0,9999704077375208;-0,00025945199631750593;0,9995662597290522;-0,0038044717459542973;1,2968134847320434e-06
303;0,0;0,0;0,0;0,0;0,0;0,0;;;;;;;;
304;0,0;0,0;0,0;0,0;0,0;0,0;;;;;;;;
305;0,0;0,0;0,0;0,0;0,0;0,0;;;;;;;;
306;-0,5380286002758948;-0,25957476263039714;0,5384152356725084;0,2598413409589472;0,00038663539661354385;0,0002665783285500378;0,034573274517595724;0,034573274517595724;0,034573274517595724;0,9975715169335617;-0,056762485458745286;0,9983464764661891;-0,0498532611837478;3,457327451759572e-06
307;-0,07700000000025277;-0,03699999999971243;0,07700169066087187;0,037001165653545554;1,6906606190997264e-06;1,1656538331239474e-06;0,005069303288173196;0,005069303288173198;0,005069303288173198;0,9729556111114998;-0,5139100075609242;0,9729787164888863;-0,5136964613992528;5,069303288173197e-07
308;-0,19200104293802664;-0,09300100703258148;0,1920182256824534;0,09301285395897145;1,7182744426746943e-05;1,1846926389974533e-05;0,012518201768974316;0,012518201768974316;0,012518201768974316;0,9839385162535705;-0,17908582527812558;0,9840336570986425;-0,17823414266698492;1,2518201768974316e-06
309;0,06000311279357514;0,028002288759996472;-0,06000092292896597;-0,028000779080606816;2,1898646091686458e-06;1,5096793896558769e-06;0,003919311565918836;0,003919311565918836;0,003919311565918836;0,9754156199610672;-0,49142659436602015;0,975376983089735;-0,49180902868988624;3,9193115659188365e-07
310;0,14201863325391606;0,06901303649152715;-0,1420055128074576;-0,06900398954108107;1,312044645845889e-05;9,046950446081614e-06;0,009115846305376749;0,00911584630537675;0,00911584630537675;1,000050044446471;-0,036941224813153976;0,9999502603182668;-0,0378130944781897;9,115846305376752e-07
311;0,06010470715006839;0,029003330216704554;-0,06009983708573669;-0,028999972470571612;4,8700643316967884e-06;3,357746132942596e-06;0,003847710634826685;0,0038477106348266854;0,0038477106348266854;1,001384378748475;-0,025436073111635198;1,001296668935777;-0,026215325447769364;3,8477106348266856e-07
312;0,13901028451591912;0,06700709081647772;-0,1390000579178584;-0,06700003993665328;1,0226598060714132e-05;7,0508798244439674e-06;0,009044680203650086;0,009044680203650086;0,009044680203650086;0,9850552580672648;-0,25405896564615743;0,9849769105352713;-0,25476852491864904;9,044680203650086e-07
313;0,16011811956189143;0,07801249152585994;-0,16011267151772585;-0,07800873525983504;5,448044165579091e-06;3,756266024904087e-06;0,010393835179902389;0,010393835179902389;0,010393835179902389;0,9893634948653215;-0,21561323728418205;0,9893271508029878;-0,2159318977631584;1,0393835179902389e-06
314;0,13211570511378104;0,06401102170186314;-0,13209962514201484;-0,06399993510026239;1,6079971766197465e-05;1,1086601600748813e-05;0,008562948362635398;0,008562948362635398;0,008562948362635398;0,9898275533192005;-0,12661471443164224;0,9896973913177853;-0,1277724247548696;8,562948362635399e-07
315;0,1220077200371109;0,059005322045552644;-0,12199999999933156;-0,05900000000011014;7,72003777933794e-06;5,322045442505974e-06;0,007999853776396415;0,007999853776396417;0,007999853776396417;0,9780982620867037;-0,446548625464904;0,9780313817651928;-0,4471532310677856;7,999853776396417e-07
316;0,13111757874291965;0,06401211844645731;-0,13110239534681228;-0,06400165075739152;1,5183396107371072e-05;1,0467689065790653e-05;0,008536654576445245;0,008536654576445245;0,008536654576445245;0,9868089431144403;-0,2629138430836466;0,9866856061815935;-0,2639920441829704;8,536654576445246e-07
317;0,1310023953442115;0,06400165075682822;-0,13099999999877093;-0,06399999999916822;2,3953454405534202e-06;1,650757659996116e-06;0,008531396678008337;0,008531396678008337;0,008531396678008337;0,9866856061815935;-0,2639920441829704;0,9866661374843936;-0,26416170756881424;8,531396678008338e-07
318;0,15203329302714955;0,07302295458185488;-0,15201043615598467;-0,07300719503388195;2,2856871164878e-05;1,5759547972934995e-05;0,0098467236735432;0,0098467236735432;0,0098467236735432;0,9889215568286123;-0,09880865913886769;0,9887607439936481;-0,10027299032813;9,846723673543201e-07
319;0,12912253609563018;0,06301553773600772;-0,1291076478060681;-0,06300527346155953;1,4888289562087209e-05;1,026427444819622e-05;0,008323078436748984;0,008323078436748982;0,008323078436748984;0,9966621593471513;-0,029476995162805348;0,9965381187351183;-0,03055166988877272;8,323078436748984e-07
320;0,1284370100481575;0,06202551641152211;-0,12842570205746176;-0,06201772027008391;1,1307990695735848e-05;7,796141438198845e-06;0,008264220512321166;0,008264220512321166;0,008264220512321166;0,9964314646364051;-0,03154317902462335;0,9963366412689453;-0,03238799613666276;8,264220512321166e-07
321;-0,04010058622321044;-0,019000404218680836;0,04010204172566126;0,019001407805419764;1,4555024508214331e-06;1,0035867389276976e-06;0,0025892057144962836;0,002589205714496284;0,002589205714496284;0,9894723336771436;-0,09388442214866405;0,9895112453421331;-0,09351811548087682;2,589205714496284e-07
322;0,12602308970566922;0,06101591957826256;-0,12599999999994516;-0,06100000000003417;2,3089705724066434e-05;1,5919578228384967e-05;0,008112036419579697;0,008112036419579697;0,008112036419579697;0,9965297383234967;-0,030467296661599343;0,996332454314236;-0,03221355501707006;8,112036419579696e-07
323;0,12601184253587747;0,06101029461369619;-0,1259996283899708;-0,06099998267084058;1,2214145906658258e-05;1,0311942855611989e-05;0,008089206479833147;0,008089206479833145;0,008089206479833147;0,9992524697232116;-0,04860650344465705;0,9991419342175915;-0,05022675943594468;8,089206479833147e-07
324;0,12601130313665596;0,06100779415138712;-0,12600000000038852;-0,06100000000019844;1,1303136267432068e-05;7,794151188685039e-06;0,008208338786163014;0,008208338786163014;0,008208338786163014;0,984738669362682;-0,2568983924881675;0,9846432227015258;-0,2577537020243861;8,208338786163014e-07
325;0,059003274098797326;0,029002257306121375;-0,058999999999956275;-0,029000000000020627;3,274098841050954e-06;2,2573061007474804e-06;0,003816430863990174;0,0038164308639901754;0,0038164308639901754;0,9946043228413;-0,05902896670683921;0,9945448080379257;-0,05953577194866155;3,816430863990175e-07
326;0,19806889476946887;0,09504762244979002;-0,19802129901652452;-0,0950148067733414;4,759575294435714e-05;3,281567644862482e-05;0,012920910218799975;0,012920910218799975;0,012920910218799975;0,9816664262252168;-0,18731554028970074;0,9814112486429972;-0,189661742857165;1,2920910218799976e-06
327;0,038000922928411965;0,018000779081015886;-0,03799999999984397;-0,017999999999953255;9,229285679937527e-07;7,790810626316647e-07;0,00248897227875436;0,002488972278754361;0,002488972278754361;0,975376983089735;-0,49180902868988624;0,9753498990394759;-0,49223006210396886;2,488972278754361e-07
328;-0,0769999104347125;-0,03699998522710176;0,07700793236223662;0,0370055158163797;8,021927524110017e-06;5,5305892779425325e-06;0,005022567787768609;0,00502256778776861;0,00502256778776861;0,9820080597763539;-0,18419920238533302;0,982118710237844;-0,18318620700820273;5,02256778776861e-07
329;0,1220103721162338;0,05900715057455114;-0,12199999999960222;-0,05899999999988991;1,037211663158788e-05;7,1505746612257615e-06;0,007940794289221434;0,007940794289221436;0,007940794289221436;0,9853959941055807;-0,30395155071607916;0,9853054691867781;-0,30476392875796965;7,940794289221437e-07
330;0,115007467458542;0,05600514911908818;-0,11500000000015172;-0,05600000000005252;7,467458390281179e-06;5,149119035659233e-06;0,007411068504632111;0,007411068504632111;0,007411068504632111;0,9965381187351183;-0,03055166988877272;0,996468253934252;-0,031160868980673335;7,411068504632111e-07
331;0,12201614286608121;0,05901112930321828;-0,12200000000010158;-0,05900000000011158;1,6142865979631993e-05;1,1129303106698074e-05;0,008000353363302463;0,008000353363302463;0,008000353363302463;0,9781101507339424;-0,44643851990117794;0,9779703080088493;-0,447702951594497;8,000353363302462e-07
332;-0,057999831188544994;-0,02799997139530671;0,058003277135321295;0,028002347260115548;3,4459467763009455e-06;2,3758648088380296e-06;0,0037795372002401026;0,0037795372002401018;0,0037795372002401026;0,9838276255989108;-0,18007153578754836;0,983890808309772;-0,17950091368466975;3,779537200240103e-07
333;0,10932540911394235;0,05301751829499124;-0,10931584217299421;-0,05301092271235405;9,566940948141367e-06;6,5955826371866255e-06;0,007040753562422082;0,007040753562422082;0,007040753562422082;0,9963366412689453;-0,03238799613666276;0,9962424540263999;-0,03321803759232291;7,040753562422083e-07
334;0,1940242763808156;0,09402049266798358;-0,19400000000002637;-0,09400000000018885;2,427638078922323e-05;2,0492667794733133e-05;0,0127652106403796;0,012765210640379603;0,012765210640379603;0,9751447330441777;-0,4938854869789892;0,9750055073370731;-0,49597324196024867;1,2765210640379601e-06
335;-0,02110000002284816;-0,010000000015584147;0,021100586223116207;0,010000404218657057;5,862002680455392e-07;4,042030729099061e-07;0,0013624817574955804;0,0013624817574955802;0,0013624817574955804;0,98944255138033;-0,09416465368102694;0,9894723336771436;-0,09388442214866405;1,3624817574955805e-07
336;-0,18603224867315063;-0,08902223232167185;0,1861229667785965;0,08908477791381086;9,07181054458639e-05;6,254559213901556e-05;0,01204758582019518;0,01204758582019518;0,01204758582019518;0,9883303323909705;-0,1042132772854005;0,9888518731384497;-0,09942074156304745;1,204758582019518e-06
337;0,10310435853988209;0,05000390321086123;-0,1030997191448378;-0,049999986528996454;4,639395044289674e-06;3,91668186477262e-06;0,006642415504219255;0,006642415504219255;0,006642415504219255;0,9960028150137736;-0,07668244768273591;0,9959516764558202;-0,07743229438119938;6,642415504219256e-07
338;0,1010046278035006;0,049003191143114584;-0,10100000000028105;-0,049000000000191016;4,627803219553472e-06;3,191142923568424e-06;0,006562420025671858;0,006562420025671855;0,006562420025671858;0,9876807346498713;-0,2305659027442795;0,9876318487941839;-0,23100027380873528;6,562420025671858e-07
339;0,1010007072879785;0,04900048787204291;-0,1009999999974828;-0,048999999996482024;7,072904956995085e-07;4,878755608880847e-07;0,006559156670988685;0,0065591566709886865;0,0065591566709886865;0,9881306976272325;-0,10483731797119694;0,9881232218382889;-0,10490378001502772;6,559156670988686e-07
340;-0,20200000000032817;-0,09800000000003725;0,2020351218049868;0,09802421441194478;3,512180465864434e-05;2,4214411907530486e-05;0,013158009662261114;0,013158009662261114;0,013158009662261114;0,9851421588626637;-0,2532532566413338;0,98532718840328;-0,2516061482675593;1,3158009662261115e-06
341;0,09921576713398406;0,0480108709732322;-0,0992074900207873;-0,048005164392084125;8,277113196758501e-06;5,706581148075263e-06;0,0063876518385725355;0,0063876518385725355;0,0063876518385725355;0,9962424540263999;-0,03321803759232291;0,9961526442881975;-0,03401415719026808;6,387651838572535e-07
342;-2,246044469025409;-1,0902833003191439;2,2494058692841494;1,0926007638182826;0,0033614002587403213;0,00231746349913875;0,145399044461921;0,145399044461921;0,145399044461921;0,9913830358840067;-0,1128359407340076;0,9929856687560649;-0,0987013145293154;1,4539904446192102e-05
343;-0,1219996428017709;-0,05899993880799002;0,12201773319696016;0,05901241152916017;1,8090395189254704e-05;1,2472721170150858e-05;0,007965866707913468;0,007965866707913466;0,007965866707913468;0,9822017146251762;-0,19451350700778805;0,9823591092960805;-0,19309627536138238;7,965866707913467e-07
344;-2,2545059169134096;-1,0946007554094217;2,2677771683925028;1,1037506189135828;0,013271251479093138;0,009149863504161138;0,14571658416328526;0,1457165841632853;0,1457165841632853;0,9929856687560649;-0,0987013145293154;0,9992997422440042;-0,04339234827235775;1,457165841632853e-05
345;-0,30308421385160883;-0,14705851767979758;0,3032087887485757;0,14714440384461203;0,00012457489696687807;8,588616481444711e-05;0,01979254806777277;0,019792548067772774;0,019792548067772774;0,9826735890950152;-0,19031313617457002;0,983109890491742;-0,18642184261312092;1,9792548067772773e-06
346;0,04900309699391977;0,02400220576677586;-0,04899986021710748;-0,023999974222913202;3,236776812291786e-06;2,231543862658142e-06;0,0031903829605362554;0,003190382960536255;0,0031903829605362554;0,9874516341062004;-0,14771012635527678;0,9873812670753003;-0,1483194724516217;3,1903829605362554e-07
347;-9,999999999344997e-05;-5,0291630171635284e-14;0,00010000002265543969;1,5674459811885298e-11;2,2661989716428813e-11;1,5624168181713663e-11;5,835107851238432e-06;5,835107851238432e-06;5,835107851238432e-06;0,9894423271529993;-0,09417360566794446;0,98944255138033;-0,09416465368102694;5,835107851238433e-10
348;0,0;0,0;0,0;0,0;0,0;0,0;;;;;;;;
349;0,0;0,0;0,0;0,0;0,0;0,0;;;;;;;;
350;-0,4841329697930206;-0,23409167495329636;0,48421962325248563;0,23415141960934344;8,665345946501368e-05;5,974465604707824e-05;0,031429946471004146;0,03142994647100414;0,031429946471004146;0,9878308721295874;-0,107600537674359;0,9880219511925692;-0,10588912898963947;3,1429946471004145e-06
351;0,08601036496858133;0,041007146138321;-0,08599999999980544;-0,040999999999999204;1,0364968775891659e-05;7,146138321798001e-06;0,005567047048929575;0,005567047048929575;0,005567047048929575;0,9881942269245841;-0,10547594496455506;0,988065302639298;-0,10667260705026593;5,567047048929575e-07
352;0,07510609632445085;0,0360042033988061;-0,07510096047614372;-0,036000662168592934;5,135848307136204e-06;3,5412302131637707e-06;0,004863693292748115;0,004863693292748114;0,004863693292748115;0,988703765165;-0,10074768210645617;0,9886306185712248;-0,1014171860493891;4,863693292748115e-07
353;9,999963082276741e-05;2,1526868973581503e-10;-9,999962644815202e-05;-2,1225253903707958e-10;4,374615388902728e-12;3,016150698735458e-12;5,766004778172776e-06;5,766004778172776e-06;5,766004778172776e-06;1,001296668935777;-0,026215325447769364;1,0012966251326725;-0,026217053575883276;5,766004778172775e-10
354;0,0;0,0;0,0;0,0;0,0;0,0;;;;;;;;
355;0,08100837388587832;0,0390058864560512;-0,08099978335668885;-0,03899996385347416;8,590529189472784e-06;5,922602577042302e-06;0,005197522749748288;0,005197522749748288;0,005197522749748288;0,998737090379522;-0,050936279910372445;0,9986225715342458;-0,051961984140207064;5,197522749748288e-07
356;0,08100566956893457;0,039004019142191614;-0,08099979004941624;-0,03899996499804417;5,879519518331433e-06;4,054144147440375e-06;0,005191029501723694;0,005191029501723693;0,005191029501723694;0,9999502603182668;-0,0378130944781897;0,9998717805507578;-0,038515477805479946;5,191029501723693e-07
357;0,08100505830612154;0,039003487251911544;-0,08099999999980753;-0,038999999999859855;5,058306314004168e-06;3,487252051688483e-06;0,005209023428927896;0,005209023428927896;0,005209023428927896;0,9964873940067048;-0,03150928422356349;0,9964201120898272;-0,03211320611094924;5,209023428927897e-07
358;0,07900082212481643;0,03800069422238169;-0,0789999999988327;-0,03800000000053826;8,221259837348782e-07;6,942218434280445e-07;0,005178251170445405;0,005178251170445405;0,005178251170445405;0,9774248080209962;-0,47293203025013725;0,9774131924580048;-0,4731079991786432;5,178251170445405e-07
359;-0,13810029972069884;-0,06700020668875728;0,1381177472244125;0,0670122369559303;1,7447503713657886e-05;1,203026717301603e-05;0,00896451371608176;0,00896451371608176;0,00896451371608176;0,9885688463842539;-0,10194494721369855;0,988703765165;-0,10074768210645617;8,964513716081761e-07
360;0,055002596085436437;0,027001789913702445;-0,05500000000012073;-0,02699999999988698;2,596085315706431e-06;1,7899138154663097e-06;0,003626760773159857;0,003626760773159857;0,003626760773159857;0,9754156199610672;-0,49142659436602015;0,9753659650326966;-0,49185928148664537;3,626760773159857e-07
361;0,0;0,0;0,0;0,0;0,0;0,0;;;;;;;;
362;0,0;0,0;0,0;0,0;0,0;0,0;;;;;;;;
363;-9,99998391721135e-05;-9,150932977733491e-11;9,999985133142902e-05;9,989277029652304e-11;1,2159315519516198e-11;8,383440519188128e-12;5,886745449981121e-06;5,8867454499811216e-06;5,8867454499811216e-06;0,9807615184914842;-0,19523949094993803;0,9807616377456421;-0,19523468759157672;5,886745449981121e-10
364;0,0;0,0;0,0;0,0;0,0;0,0;;;;;;;;
365;0,07100693317711818;0,034004780193192634;-0,07100000000011472;-0,034000000000019244;6,933177003454194e-06;4,780193173389846e-06;0,0045909355775276715;0,0045909355775276715;0,0045909355775276715;0,9900903048749803;-0,08831582023671664;0,9899857017105735;-0,08927418386581032;4,5909355775276713e-07
366;0,12213509382286514;0,0590242694428186;-0,12211973216863113;-0,05901367809708134;1,5361654234005706e-05;1,0591345737255564e-05;0,00798000814071392;0,00798000814071392;0,00798000814071392;0,9814200540622027;-0,1893914312350882;0,9812866436326141;-0,19059619769881891;7,98000814071392e-07
367;0,12201973230981741;0,05901367803522017;-0,12199985791862607;-0,058999975637453406;1,9874391191346263e-05;1,3702397766761354e-05;0,007974711075633986;0,007974711075633984;0,007974711075633986;0,9812866436326141;-0,19059619769881891;0,981113920173673;-0,19215304290690818;7,974711075633987e-07
368;0,06810711161248213;0,03300490349438794;-0,06810206956736803;-0,03300142687873571;5,042045114103666e-06;3,4766156522328395e-06;0,00438643079242537;0,00438643079242537;0,00438643079242537;0,9961526442881975;-0,03401415719026808;0,9960729674024005;-0,034718119735993175;4,38643079242537e-07
369;0,06800412714990602;0,0330028454405454;-0,06799999999996886;-0,03299999999994985;4,127149937152574e-06;2,845440595554416e-06;0,004371175543829559;0,004371175543829559;0,004371175543829559;0,9983934160321752;-0,014172970919125692;0,9983279653462442;-0,014747535930635974;4,371175543829559e-07
370;0,0;0,0;0,0;0,0;0,0;0,0;;;;;;;;
371;0,03500156639866167;0,017001132883595595;-0,03499989691803128;-0,01699998188694966;1,669480630392406e-06;1,1509966459342935e-06;0,002291274555631133;0,0022912745556311325;0,002291274555631133;0,9804973590857214;-0,21409308504455402;0,9804468479261302;-0,2145435446080296;2,291274555631133e-07
372;0,0;0,0;0,0;0,0;0,0;0,0;;;;;;;;
373;0,08501043615561812;0,04100719503382446;-0,08500420807742494;-0,041002901441367055;6,228078193185049e-06;4,2935924574050155e-06;0,005511212305272393;0,005511212305272394;0,005511212305272394;0,9887607439936481;-0,10027299032813;0,9886824367288415;-0,10097798536503293;5,511212305272394e-07
374;-0,19911158546032856;-0,0960082904048459;0,19917813267917453;0,09605417248186145;6,654721884596926e-05;4,588207701554381e-05;0,012984026304022383;0,012984026304022385;0,012984026304022385;0,9829244036280606;-0,18829432825952871;0,9832795593955146;-0,1850749211945305;1,2984026304022385e-06
375;0,06200476176044594;0,030004019997926384;-0,06200000000000295;-0,02999999999998519;4,761760442992258e-06;4,019997941192427e-06;0,003997851453223456;0,003997851453223456;0,003997851453223456;0,994771021941098;-0,04604839501719189;0,9946838339866925;-0,04733317478729477;3,997851453223456e-07
376;0,32123547926864543;0,15509389495353818;-0,3211777772142767;-0,15505411132097752;5,7702054368724554e-05;3,97836325606582e-05;0,02094115815674173;0,020941158156741732;0,020941158156741732;0,9834705095407936;-0,1833497298554952;0,9832795593955146;-0,1850749211945305;2,0941158156741733e-06
377;0,06000073231946296;0,02900050483324502;-0,05999999999960871;-0,028999999999983792;7,323198542505405e-07;5,048332612292428e-07;0,0038521822503647116;0,003852182250364711;0,0038521822503647116;0,9988002950320601;-0,030158887586605638;0,9987871204508074;-0,03027568015624751;3,852182250364712e-07
378;0,0;0,0;0,0;0,0;0,0;0,0;;;;;;;;
379;0,06800264965082832;0,03300182704288166;-0,06800000000025168;-0,03300000000006347;2,6496505766415712e-06;1,8270428181893505e-06;0,004414573221429247;0,004414573221429248;0,004414573221429248;0,9885554615786858;-0,10202978426630616;0,9885138535424154;-0,10239884103140375;4,4145732214292475e-07
380;0,05600220085153288;0,027001517480151855;-0,0560000000002252;-0,02699999999997395;2,2008513076779423e-06;1,5174801779038738e-06;0,0035986098683083926;0,0035986098683083926;0,0035986098683083926;0,9974653257446646;-0,022385780790849;0,9974229463088363;-0,022764612166476714;3,598609868308393e-07
381;0,05600055077453741;0,027000379937957442;-0,05600000000032338;-0,027000000000376827;5,507742140281602e-07;3,7993758061558025e-07;0,0035893742275529823;0,003589374227552983;0,003589374227552983;1,0000000000283469;4,3023647118785403e-20;0,9999893658138872;-9,495730517295328e-05;3,589374227552983e-07
382;0,05310368958699702;0,026002543911649533;-0,05310133424260687;-0,026000919924756512;2,3553443901508375e-06;1,623986893021373e-06;0,0034259891499010815;0,0034259891499010815;0,0034259891499010815;0,9964314646364051;-0,03154317902462335;0,9963837810700706;-0,03195282069158105;3,4259891499010813e-07
383;0,0;0,0;0,0;0,0;0,0;0,0;;;;;;;;
384;0,05200025502013931;0,025000175826371634;-0,052000000002547946;-0,02500000000028948;2,5501759136348223e-07;1,75826082152164e-07;0,0034100893150969375;0,003410089315096938;0,003410089315096938;0,9768611090302108;-0,47809153335746996;0,9768559279178428;-0,4781391651308125;3,4100893150969376e-07
385;-0,0711050008187441;-0,03400344767199654;0,07110786479492152;0,03400542228758261;2,8639761774224004e-06;1,9746155860700387e-06;0,0046654093946857725;0,0046654093946857725;0,0046654093946857725;0,975373103596208;-0,491823357734694;0,9754156199610672;-0,49142659436602015;4,665409394685772e-07
386;0,0;0,0;0,0;0,0;0,0;0,0;;;;;;;;
387;-0,07100000000018167;-0,03399999999973825;0,0710050008188212;0,03400344767199466;5,000818639536164e-06;3,447672256413903e-06;0,004660070016648632;0,004660070016648632;0,004660070016648632;0,9752987751226608;-0,492514487031258;0,975373103596208;-0,491823357734694;4,660070016648632e-07
388;-9,999999999752319e-05;-4,319829095605499e-14;0,00010000001293767734;8,965007875445867e-12;1,2940154156537709e-11;8,921809584489812e-12;5,8402643983475135e-06;5,8402643983475135e-06;5,8402643983475135e-06;0,9885687184619338;-0,1019500590333821;0,9885688463842539;-0,10194494721369855;5,840264398347514e-10
389;0,0;0,0;0,0;0,0;0,0;0,0;;;;;;;;
390;0,05000182251501526;0,024001256405041298;-0,05000000000004229;-0,024000000000071808;1,8225149729725332e-06;1,2564049694900603e-06;0,0032129331652168366;0,0032129331652168375;0,0032129331652168375;0,9966621593471513;-0,029476995162805348;0,9966228648251317;-0,029832376833737767;3,212933165216837e-07
391;-0,1600016906611543;-0,07700116565347975;0,16005038301991137;0,0770347374028827;4,869235875706868e-05;3,357174940295249e-05;0,01053649324132724;0,010536493241327242;0,010536493241327242;0,9729787164888863;-0,5136964613992528;0,9732989094118842;-0,5107496284312034;1,053649324132724e-06
392;0,12102138876324064;0,05801482163666369;-0,12099985867180918;-0,057999977037881165;2,1530091431465337e-05;1,4844598782523533e-05;0,00789528946870104;0,00789528946870104;0,00789528946870104;0,9814112486429972;-0,189661742857165;0,9812223536760908;-0,1914035132261936;7,895289468701039e-07
393;0,0;0,0;0,0;0,0;0,0;0,0;;;;;;;;
394;0,04500074403434635;0,022000512987109973;-0,04499999999970691;-0,022000000000162948;7,440346394341213e-07;5,129869470252291e-07;0,002912374810019323;0,002912374810019322;0,002912374810019323;0,9930021439131693;-0,061677650604174405;0,9929844264111983;-0,06183100714772232;2,912374810019323e-07
395;0,045000024433223484;0,022000074154168416;-0,044999887140068105;-0,021999979451955403;1,372931553791923e-07;9,470221301252635e-08;0,0028898382599073778;0,002889838259907376;0,0028898382599073778;1,0007293550133398;-0,029993869475272907;1,0007260598126915;-0,03002221235886933;2,889838259907378e-07
396;0,05200420807785497;0,0250029014414948;-0,051999999999965636;-0,025000000000061945;4,208077889332473e-06;2,9014414328551452e-06;0,0033695930910131377;0,003369593091013139;0,003369593091013139;0,9886824367288415;-0,10097798536503293;0,9885959141256717;-0,10176399964688514;3,3695930910131393e-07
397;0,04300029970855699;0,021000206679478127;-0,04300000000029092;-0,02100000000028292;2,997082660730066e-07;2,066791952061442e-07;0,002794817545026024;0,002794817545026024;0,002794817545026024;0,9885688463842539;-0,10194494721369855;0,9885614094151828;-0,10200983186416267;2,794817545026024e-07
398;0,04100080295856499;0,02000055364687785;-0,04099999999995578;-0,019999999999985557;8,029586092070384e-07;5,536468922935633e-07;0,0026662659214163114;0,002666265921416312;0,002666265921416312;0,9878275453733613;-0,2292584025567923;0,9878066622332121;-0,22944122620370286;2,666265921416312e-07
399;-0,040999999999870945;-0,019999999999711204;0,041000995385191065;0,020000686212318253;9,953853201197238e-07;6,862126070497632e-07;0,0026423891195251348;0,0026423891195251343;0,0026423891195251348;0,9967325482033371;-0,028856173201356385;0,9967586687587563;-0,028629666413106977;2,642389119525135e-07
400;0,0;0,0;0,0;0,0;0,0;0,0;;;;;;;;
401;0,04000137277635746;0,019000946415127208;-0,039999999999901836;-0,01899999999991201;1,372776455621505e-06;9,464152151972272e-07;0,00256686577034723;0,00256686577034723;0,00256686577034723;0,9960729674024005;-0,034718119735993175;0,9960359434193561;-0,03506211115875979;2,56686577034723e-07
402;0,0001000000083460006;5,8996364939277646e-12;-9,99999998197012e-05;-2,0347345181064354e-14;8,526299403923548e-12;5,8792891487467e-12;5,8400823529914696e-06;5,840082352991472e-06;5,840082352991472e-06;0,9885996163727847;-0,10169484105488304;0,9885995320818266;-0,1016982096391485;5,840082352991472e-10
403;0,0;0,0;0,0;0,0;0,0;0,0;;;;;;;;
404;0,0;0,0;0,0;0,0;0,0;0,0;;;;;;;;
405;0,03710068135010287;0,01800046968798951;-0,03710024242154774;-0,01800016712059161;4,3892855512706053e-07;3,025673979001331e-07;0,0023911187632401237;0,0023911187632401237;0,0023911187632401237;0,995688900436935;-0,09354503112064833;0,9956761762363235;-0,09365704927223911;2,391118763240124e-07
406;0,03400100552865205;0,017000693302455707;-0,033999999999858005;-0,016999999999959173;1,0055287940416435e-06;6,933024965342927e-07;0,0022027259283411847;0,002202725928341185;0,002202725928341185;0,9963837810700706;-0,03195282069158105;0,9963520811212526;-0,032209683788358236;2,202725928341185e-07
407;0,03400008090533272;0,017000055807301323;-0,03400000000118754;-0,01700000000115738;8,090414518185929e-08;5,580614394207206e-08;0,0022183725372758928;0,0022183725372758923;0,0022183725372758928;0,9893271508029878;-0,2159318977631584;0,9893246179638989;-0,21595259708632006;2,2183725372758925e-07
408;0,0331009604760724;0,016000662168297625;-0,033100000008356834;-0,016000000005673847;9,604677155689023e-07;6,621626237775236e-07;0,0021470622358474435;0,002147062235847443;0,0021470622358474435;0,9886306185712248;-0,1014171860493891;0,9885996163727847;-0,10169484105488304;2,1470622358474436e-07
409;0,031000196799367087;0,01500013566488353;-0,031000000001531323;-0,014999999999992497;1,9679783576365129e-07;1,3566489103292168e-07;0,00199694719271457;0,0019969471927145706;0,0019969471927145706;0,9956761762363235;-0,09365704927223911;0,9956693461570606;-0,09371761252889639;1,9969471927145704e-07
410;0,0;0,0;0,0;0,0;0,0;0,0;;;;;;;;
411;0,02910370070385364;0,014002551468061494;-0,02910146553040418;-0,014001010408899959;2,2351734494593933e-06;1,5410591615357822e-06;0,0018666840861629428;0,0018666840861629424;0,0018666840861629428;0,9989203552192153;-0,00951102974080393;0,9988373936401871;-0,010255504657564;1,8666840861629428e-07
412;0,028999975163246344;0,014000047367994853;-0,028999914562539524;-0,01399999621020639;6,060070682073482e-08;5,115778846376262e-08;0,0018598237693437302;0,0018598237693437296;0,0018598237693437302;0,9996706303944043;-0,042500797427631944;0,9996682458082968;-0,042535891143078174;1,8598237693437305e-07
413;-0,1259996652326232;-0,06099994232771939;0,12600812093141303;0,06100577289767089;8,455698789822108e-06;5,830569951500997e-06;0,008083964461272363;0,008083964461272363;0,008083964461272363;0,9997899356017095;-0,03885558389676728;0,9998624359322391;-0,038215767259663094;8,083964461272363e-07
414;-0,1261081205070054;-0,06100577316185507;0,1261091962508929;0,061006515189573104;1,0757438874964276e-06;7,420277180342216e-07;0,008089162072499602;0,008089162072499602;0,008089162072499602;0,9998624359322391;-0,038215767259663094;0,9998716539445496;-0,038134169517867175;8,089162072499602e-07
415;0,028000696790885064;0,014000480463666724;-0,027999999999974292;-0,013999999999959607;6,967909107723214e-07;4,804637071167267e-07;0,0018145664775961394;0,0018145664775961394;0,0018145664775961394;0,9960729674024005;-0,034718119735993175;0,9960463011650662;-0,034934312617542124;1,8145664775961393e-07
416;0,026000163634136538;0,013000145903708026;-0,025999931573034634;-0,0129999858907629;2,320611019041019e-07;1,6001294512665853e-07;0,0016799100564209755;0,0016799100564209757;0,0016799100564209757;0,9990445584827519;-0,04644526661981578;0,9990349656458432;-0,04652280434764393;1,6799100564209756e-07
417;0,070001397635397;0,03400106776909176;-0,06999979682657706;-0,033999964280714105;1,6008088199459536e-06;1,1034883776531168e-06;0,004566400131358815;0,004566400131358815;0,004566400131358815;0,9839385162535705;-0,17908582527812558;0,9839142147969819;-0,1793016880009401;4,5664001313588154e-07
418;0,02400145097621427;0,012001000374553164;-0,024000000000064692;-0,012000000000010405;1,4509761495778983e-06;1,0003745427589195e-06;0,0015510974119131867;0,0015510974119131867;0,0015510974119131867;0,9988373936401871;-0,010255504657564;0,9987724346569168;-0,010780464996768133;1,5510974119131867e-07
419;0,024000820254479166;0,012000565525896546;-0,024000000000085005;-0,011999999999927777;8,202543941605855e-07;5,655259687695202e-07;0,001550924745886063;0,001550924745886063;0,001550924745886063;0,9989203552192153;-0,00951102974080393;0,9988836290057502;-0,009807808621042007;1,5509247458860631e-07
420;0,024000355807319403;0,012000245267572308;-0,02399999999999545;-0,01200000000018174;3,5580732395470993e-07;2,4526739056743296e-07;0,0015678270585049268;0,0015678270585049272;0,0015678270585049272;0,9881306976272325;-0,10483731797119694;0,9881149391341213;-0,10496597116410646;1,5678270585049273e-07
421;0,0;0,0;0,0;0,0;0,0;0,0;;;;;;;;
422;0,023000069311240677;0,011000080301855336;-0,022999938626701192;-0,010999990188038555;1,3068453948508751e-07;9,011381678185326e-08;0,0014721547000238068;0,0014721547000238065;0,0014721547000238068;0,9998716539445496;-0,038134169517867175;0,9998655055308407;-0,03819015037399058;1,472154700023807e-07
423;0,023000060733461784;0,01100004186275914;-0,02300000000065173;-0,011000000000975401;6,073281005533615e-08;4,186178373909166e-08;0,001488257098921211;0,001488257098921211;0,001488257098921211;0,9890524638163558;-0,09672059549728594;0,9890496376689167;-0,09674657774700543;1,488257098921211e-07
424;0,02200061661131958;0,010000425122621039;-0,02199999999994945;-0,00999999999995038;6,166113701300269e-07;4,2512267065843157e-07;0,0014046683756020382;0,001404668375602038;0,0014046683756020382;0,993310990007509;-0,05946924221963925;0,9932806869772767;-0,059781866029042646;1,4046683756020382e-07
425;0,02130053646839386;0,010000369895527965;-0,02130012781108215;-0,010000088140007989;4,0865731170888764e-07;2,8175551997598747e-07;0,0013650869692828553;0,0013650869692828555;0,0013650869692828555;0,995231825673886;-0,09658320290073995;0,9952111160541457;-0,09678134150176164;1,3650869692828557e-07
426;0,021000400873419936;0,010000304737590913;-0,020999946853334343;-0,00999999172457603;4,540200855933374e-07;3,130130148826238e-07;0,0013417029728185804;0,001341702972818581;0,001341702972818581;1,0009003181647094;-0,028527979325524335;1,000876888052698;-0,028743290827846428;1,341702972818581e-07
427;0,02100012776254457;0,010000088106352873;-0,021000000000229512;-0,010000000000062074;1,2776231505737257e-07;8,81062907995972e-08;0,001349353214679418;0,001349353214679418;0,001349353214679418;0,9952111160541457;-0,09678134150176164;0,9952045597130486;-0,09684198449689652;1,3493532146794183e-07
428;0,021000068929663294;0,010000059285660837;-0,02099999866175297;-0,009999999954390252;7,026791032371804e-08;5,933127058578569e-08;0,0013501012146871706;0,0013501012146871709;0,0013501012146871709;0,9946569353225493;-0,05234584405101088;0,9946531314836007;-0,05240338082044342;1,350101214687171e-07
429;0,02100007314134889;0,010000050438922112;-0,021000000000494175;-0,010000000000897204;7,314085471304965e-08;5,043802490771465e-08;0,0013806516490810846;0,0013806516490810846;0,0013806516490810846;0,9726476170978594;-0,5166542539135807;0,972643948848879;-0,5166889690916803;1,3806516490810844e-07
430;0,02100008122391141;0,010000056001159902;-0,02100000000033244;-0,010000000000224466;8,122357897030752e-08;5,6000935435771004e-08;0,0013608390005739116;0,0013608390005739118;0,0013608390005739118;0,9868089431144403;-0,2629138430836466;0,9868048103820323;-0,2629523702411685;1,3608390005739116e-07
431;0,020999989242340648;0,010000025723698416;-0,02099993787952179;-0,009999990320442523;5,136281885920191e-08;3,5403255892879626e-08;0,0013686446370252837;0,0013686446370252841;0,0013686446370252841;0,9811769347060374;-0,20387954669631222;0,9811743363973529;-0,20390388830147452;1,3686446370252842e-07
432;0,0;0,0;0,0;0,0;0,0;0,0;;;;;;;;
433;-0,4030000000002123;-0,1949999999999988;0,4031329697927172;0,1950916749535576;0,00013296979250487784;9,167495355877353e-05;0,026175639006915375;0,026175639006915375;0,026175639006915375;0,9874787914821832;-0,11074840396992709;0,9878308721295874;-0,107600537674359;2,6175639006915377e-06
434;0,019000328714181086;0,009000226622640448;-0,019000000000242552;-0,009000000000136434;3,287139385341198e-07;2,266225040143538e-07;0,0012182375968035934;0,0012182375968035934;0,0012182375968035934;0,9963837810700706;-0,03195282069158105;0,9963651044779969;-0,03212747908128864;1,2182375968035933e-07
435;0,019000292944130536;0,009000201975143717;-0,019000000000229132;-0,009000000000141926;2,929439014039137e-07;2,0197500179112982e-07;0,0012182927507664522;0,0012182927507664518;0,0012182927507664522;0,9963366412689453;-0,03238799613666276;0,9963199975162293;-0,032543681195551066;1,2182927507664522e-07
436;0,018100356370288718;0,009000269016563641;-0,018100115432678254;-0,009000102919046961;2,4093761046353745e-07;1,6609751667985562e-07;0,0011682033262253244;0,0011682033262253244;0,0011682033262253244;0,9990445584827519;-0,04644526661981578;0,9990302413367906;-0,04656275747035793;1,1682033262253243e-07
437;0,018000115800189804;0,009000102710584905;-0,017999952630954014;-0,008999990224854586;1,6316923578951759e-07;1,1248573031884257e-07;0,0011630314956049645;0,0011630314956049648;0,0011630314956049648;0,9990302413367906;-0,04656275747035793;0,9990204992151905;-0,046641445576996225;1,1630314956049648e-07
438;0,018000015026351446;0,00900001034759147;-0,017999999998696677;-0,009000000000681631;1,5027654769877996e-08;1,034690983933717e-08;0,00116988839959787;0,00116988839959787;0,00116988839959787;0,9931682777542987;-0,07966937791240122;0,9931673860616995;-0,07967659229115477;1,16988839959787e-07
439;0,0170002015270259;0,008000138952334736;-0,016999999999673002;-0,007999999999847459;2,0152735289921675e-07;1,3895248727677223e-07;0,0010889461799651228;0,0010889461799651226;0,0010889461799651228;0,9961526442881975;-0,03401415719026808;0,9961398395576437;-0,034135884560483276;1,0889461799651228e-07
440;-0,1492092653522259;-0,0720065955105061;0,14924790059363427;0,07203323274132928;3,86352414083746e-05;2,663723082317604e-05;0,00956650437668545;0,009566504376685454;0,009566504376685454;0,9998716539445496;-0,038134169517867175;1,0001515188845627;-0,03564557647108279;9,566504376685455e-07
441;0,015000162917443088;0,007000112317081237;-0,014999999999987546;-0,007000000000064935;1,6291745554182502e-07;1,1231701630212698e-07;0,00095769154092407;0,0009576915409240703;0,0009576915409240703;0,9979163131395136;-0,018400679504460386;0,9979045495876088;-0,018514502931813306;9,576915409240702e-08
442;0,014000283769504174;0,00700019564106654;-0,013999999999941722;-0,007000000000097347;2,837695624521852e-07;1,9564096919322954e-07;0,0009136674604729928;0,0009136674604729928;0,0009136674604729928;0,9891080271987446;-0,09620385803235586;0,9890864600198602;-0,09637985434861138;9,136674604729928e-08
443;0,014000180346320466;0,00700012434291972;-0,013999999999841767;-0,007000000000067101;1,8034647869882847e-07;1,243428526193427e-07;0,0009068480379136594;0,0009068480379136594;0,0009068480379136594;0,9965381187351183;-0,03055166988877272;0,9965243087339248;-0,030663541174325168;9,068480379136594e-08
444;0,01400017688103279;0,007000121945372226;-0,013999999999830013;-0,007000000000053892;1,7688120277671582e-07;1,2194531833365635e-07;0,0009071987129800726;0,0009071987129800727;0,0009071987129800727;0,9961526442881975;-0,03401415719026808;0,9961391051130467;-0,03412385163502892;9,071987129800728e-08
445;0,014200351055476297;0,006000266722325786;-0,014200338035722694;-0,006000257741546841;1,3019753603363271e-08;8,980778945164025e-09;0,000889918993683487;0,0008899189936834871;0,0008899189936834871;1,0001397838924182;-0,03564591989558741;1,0001387790435816;-0,035657831730319604;8,899189936834871e-08
446;0,014100338406740782;0,006000257528715861;-0,014100038081509104;-0,006000050472627111;3,0032523167834724e-07;2,070560887502959e-07;0,0008846043752996651;0,0008846043752996648;0,0008846043752996651;1,0001387790435816;-0,035657831730319604;1,0001154515022193;-0,03593051145610552;8,846043752996652e-08
447;0,0;0,0;0,0;0,0;0,0;0,0;;;;;;;;
448;0,013000057919064641;0,006000039936531705;-0,013000000000871873;-0,006000000000236804;5,79181927678335e-08;3,993629490127437e-08;0,0008392519439636196;0,0008392519439636195;0,0008392519439636196;0,9849769105352713;-0,25476852491864904;0,9849721415675592;-0,25481650296390496;8,392519439636195e-08
449;0,0;0,0;0,0;0,0;0,0;0,0;;;;;;;;
450;0,012000150862659563;0,006000104026984656;-0,012000000000203511;-0,006000000000142884;1,5086245605186455e-07;1,0402684177176352e-07;0,0007768358662959637;0,0007768358662959637;0,0007768358662959637;0,9971310277108282;-0,025336329305301473;0,997117541635972;-0,02544555502669261;7,768358662959636e-08
451;0,0;0,0;0,0;0,0;0,0;0,0;;;;;;;;
452;-0,2260174306195148;-0,11001235516885934;0,22608443910888762;0,11005855527644337;6,700848937282733e-05;4,6200107584035144e-05;0,01477343820824966;0,014773438208249662;0,014773438208249662;0,9823591092960805;-0,19309627536138238;0,9826735890950152;-0,19031313617457002;1,4773438208249662e-06
453;-0,010100000006708968;-0,005000000005544993;0,010100099313383789;0,005000083844175534;9,930667482088706e-08;8,383863054056001e-08;0,0006601835575757812;0,000660183557575781;0,0006601835575757812;0,985583960944077;-0,27378521894120045;0,9855949969939043;-0,273627224567378;6,601835575757812e-08
454;0,010000041562493725;0,005000028651430243;-0,0100000000003086;-0,005000000000051562;4,156218512407772e-08;2,865137868103551e-08;0,0006489191787435481;0,0006489191787435483;0,0006489191787435483;0,9947311338101569;-0,046328995357007845;0,9947266863571459;-0,04636506992997255;6,489191787435483e-08
455;0,010000075039211631;0,005000051738976014;-0,010000000000143188;-0,005000000000054703;7,503906844334718e-08;5,173892131133534e-08;0,0006479370886698405;0,0006479370886698404;0,0006479370886698405;0,9962424540263999;-0,03321803759232291;0,9962344117418254;-0,033283213935571196;6,479370886698404e-08
456;0,0;0,0;0,0;0,0;0,0;0,0;;;;;;;;
457;0,009000090053610913;0,004000077250036959;-0,008999974663101614;-0,003999997693822534;1,1539050929869343e-07;7,955621442526373e-08;0,0005690290998751927;0,0005690290998751927;0,0005690290998751927;0,9992997422440042;-0,04339234827235775;0,9992857651896565;-0,043542640317048;5,690290998751927e-08
458;0,009000046909780936;0,004000046694659424;-0,008999976018260636;-0,003999997817332154;7,089152029987611e-08;4,887732726974875e-08;0,0005685619987983199;0,0005685619987983201;0,0005685619987983201;1,0001154515022193;-0,03593051145610552;1,0001068574378906;-0,036022851122508685;5,6856199879832005e-08
459;0,0;0,0;0,0;0,0;0,0;0,0;;;;;;;;
460;0,0380029338107606;0,018002022699792012;-0,03800000000001472;-0,01799999999996111;2,933810745876786e-06;2,0226998309023914e-06;0,0024944258214524193;0,0024944258214524197;0,0024944258214524197;0,9732989094118842;-0,5107496284312034;0,9732174995649715;-0,5115290839812647;2,4944258214524194e-07
461;0,006000045623995452;0,0030000314568785743;-0,006000000000068787;-0,0029999999999278455;4,562392666527387e-08;3,1456950728720595e-08;0,0003889833985092555;0,00038898339850925546;0,0003889833985092555;0,9956761762363235;-0,09365704927223911;0,9956680313522825;-0,0937230915709022;3,889833985092555e-08
462;0,005000023766536697;0,002000026598755663;-0,004999985066883666;-0,001999999916641945;3,86996530307715e-08;2,6682113717698547e-08;0,0003131107419214642;0,0003131107419214643;0,0003131107419214643;0,9929856687560649;-0,0987013145293154;0,9929772160121559;-0,09881197575508541;3,1311074192146425e-08
463;0,005000014554125612;0,002000010034037034;-0,00499999999991067;-0,0019999999998548926;1,4554214942605337e-08;1,0034182141432924e-08;0,00031127552133916825;0,00031127552133916825;0,00031127552133916825;0,9988373936401871;-0,010255504657564;0,9988341960121164;-0,010297118015972958;3,1127552133916824e-08
464;0,005000022946274126;0,002000015821493588;-0,00499999999981336;-0,0020000000001746225;2,2946460765359278e-08;1,5821318965440062e-08;0,0003119903888598484;0,00031199038885984846;0,00031199038885984846;0,9965505845780089;-0,030491658729888873;0,9965455546015788;-0,0305572792021792;3,119903888598485e-08
465;0,004999991527681171;0,002000003573948531;-0,004999986227717894;-0,0019999999208009755;5,299963277277664e-09;3,6531475552936676e-09;0,0003108763664292154;0,0003108763664292155;0,0003108763664292155;1,0001154515022193;-0,03593051145610552;1,0001142856379532;-0,035945656881947605;3,108763664292155e-08
466;0,0002000000481698217;3,3459114900940876e-11;-0,0002000000038866825;-2,927374611064329e-12;4,4283139221529266e-11;3,0531740289876547e-11;1,160257153342568e-05;1,1602571533425675e-05;1,160257153342568e-05;0,9952111160541457;-0,09678134150176164;0,9952108956988232;-0,09679008819876832;1,160257153342568e-09
467;-9,99996085998692e-05;-2,229727521514324e-10;9,999961606279616e-05;2,2811819015707688e-10;7,46292695068089e-12;5,145438005644467e-12;5,833581634078143e-06;5,8335816340781435e-06;5,8335816340781435e-06;0,9896973174569935;-0,127775372875469;0,9896973913177853;-0,1277724247548696;5,833581634078144e-10
468;9,999967881636113e-05;1,947586784040681e-10;-9,999966923601048e-05;-1,8815334772906812e-10;9,580350645828697e-12;6,605330674999978e-12;5,796952085975307e-06;5,796952085975308e-06;5,796952085975308e-06;0,9959516764558202;-0,07743229438119938;0,9959515810397248;-0,07743607895872642;5,796952085975308e-10
469;-0,00010000000013494848;1,496314828131172e-13;0,00010000000320428839;1,9665755211993577e-12;3,0693399075609404e-12;2,116207004012475e-12;5,915251079911103e-06;5,915251079911101e-06;5,915251079911103e-06;0,9760367939908781;-0,48563955858657865;0,9760368239487652;-0,48563834608931594;5,915251079911103e-10
470;-9,999999999837397e-05;-4,7442488918205876e-14;0,00010000000789007704;5,4881528401097215e-12;7,89170306522962e-12;5,440710351191516e-12;5,854061191327643e-06;5,854061191327643e-06;5,854061191327643e-06;0,9862388695826061;-0,2808767540192414;0,9862389474136507;-0,2808736367220827;5,854061191327643e-10
471;-0,0001000000001370404;-1,4265858574761556e-13;0,00010000000675240105;5,727521877154729e-12;6,6153606572728896e-12;5,584863291407113e-12;5,857951539933712e-06;5,857951539933713e-06;5,857951539933713e-06;0,9855838957441464;-0,2737884188319365;0,985583960944077;-0,27378521894120045;5,857951539933714e-10
472;0,00010000000282883271;2,3903138452665005e-12;-9,999999913857102e-05;1,5399790297666593e-13;3,6902616921442866e-12;2,5443117482431664e-12;5,801285818082728e-06;5,801285818082728e-06;5,801285818082728e-06;0,9952108956988232;-0,09679008819876832;0,9952108589729376;-0,09679154598197973;5,801285818082728e-10
