;p_from_mw;q_from_mvar;p_to_mw;q_to_mvar;pl_mw;ql_mvar;i_from_ka;i_to_ka;i_ka;vm_from_pu;va_from_degree;vm_to_pu;va_to_degree;loading_percent
0;-3,357389903297957;-1,6404888837444047;3,360770682304849;1,6444772230365938;0,003380779006892265;0,003988339292189114;0,21601762979493458;0,21601762979493463;0,21601762979493463;0,998720019564549;-0,03214639834911505;1,0000000000521292;3,818796318236873e-20;2,1601762979493464e-05
1;-3,29474104963121;-1,6088929951485598;3,2972891708608265;1,6114883788281162;0,0025481212296165623;0,0025953836795564733;0,2121599799340285;0,2121599799340285;0,2121599799340285;0,9977869532502057;-0,05110016901712185;0,998720019564549;-0,03214639834911505;2,121599799340285e-05
2;-2,972227766575691;-1,445342233619993;2,9784040361804016;1,4496005570052974;0,006176269604710516;0,004258323385304408;0,1912435826937454;0,19124358269374542;0,19124358269374542;0,9977609243528458;-0,019520747451588934;1,0000000000521292;3,818796318236873e-20;1,9124358269374544e-05
3;-2,9073337602581417;-1,412277983197936;2,9132277665756257;1,4163422336200067;0,005894006317483935;0,004064250422070703;0,1874394882085712;0,18743948820857118;0,1874394882085712;0,9955808797903036;-0,03863115465541321;0,9977609243528458;-0,019520747451588934;1,8743948820857122e-05
4;1,6548905007694164;0,8100086733029344;-1,6500855339414557;-0,8051161212381774;0,004804966827960611;0,0048925520647569165;0,10637632286696286;0,10637632286696283;0,10637632286696286;1,0000000000521292;3,818796318236873e-20;0,9964910532317065;-0,07121312572898307;1,0637632286696286e-05
5;-2,617024248314415;-1,270996333225953;2,6203106265018183;1,2732620332478046;0,003286378187403294;0,0022657000218515577;0,1689451221371306;0,16894512213713056;0,1689451221371306;0,9942323613297405;-0,050477466173117984;0,9955808797903036;-0,03863115465541321;1,689451221371306e-05
6;-1,6208814307575752;-0,7871699402778539;1,6286849988290073;0,7951157522776753;0,007803568071432121;0,007945811999821362;0,105007909775833;0,10500790977583303;0,10500790977583303;0,9907209706723294;-0,18939918166171354;0,9964910532317065;-0,07121312572898307;1,0500790977583303e-05
7;-3,288011369524952;-1,602244495396337;3,294541049605247;1,608892995130699;0,006529680080295197;0,006648499734361879;0,21214958100875325;0,21214958100875325;0,21214958100875325;0,99539656299693;-0,09979909025562676;0,9977869532502057;-0,05110016901712185;2,1214958100875327e-05
8;-1,1706180171683467;-0,5711753211589164;1,1708475103119296;0,5714460619607027;0,00022949314358289286;0,00027074080178624005;0,07522044256621262;0,07522044256621263;0,07522044256621263;0,9997505618174644;-0,006274918521748537;1,0000000000521292;3,818796318236873e-20;7,522044256621263e-06
9;-3,2414698689843915;-1,5747329416093154;3,2508106877751226;1,5842440254309926;0,00934081879073112;0,009511083821677202;0,20975254951340347;0,20975254951340347;0,20975254951340347;0,9919391976697128;-0,1706730850714243;0,99539656299693;-0,09979909025562676;2,097525495134035e-05
10;-1,1655133130311444;-0,5660794773674277;1,1705180171681988;0,571175321158633;0,00500470413705445;0,005095843791205312;0,07521525252047191;0,0752152525204719;0,07521525252047191;0,9945843800981742;-0,11173492546652526;0,9997505618174644;-0,006274918521748537;7,521525252047192e-06
11;1,1654133130310296;0,5660794773673673;-1,161105907722093;-0,5616935025962694;0,004307405308936474;0,0043859747710979224;0,07521003092477875;0,07521003092477875;0,07521003092477875;0,9945843800981742;-0,11173492546652526;0,9901403149822846;-0,20338510009272062;7,521003092477875e-06
12;-3,1087684183417252;-1,50690833839813;3,1154698689843148;1,5137329416089331;0,006701450642589535;0,006824603210803026;0,2016045930817547;0,20160459308175474;0,20160459308175474;0,9893593268304997;-0,2239052417877407;0,9919391976697128;-0,1706730850714243;2,0160459308175474e-05
13;1,6754490455568636;0,8134450933897801;-1,6714425556573103;-0,8106828700936635;0,004006489899553323;0,0027622232961166393;0,10753018837913474;0,10753018837913474;0,10753018837913474;1,0000000000521292;3,818796318236873e-20;0,9974171881452283;-0,02266924128694151;1,0753018837913473e-05
14;1,4249602504506775;0,6909713547590811;-1,4220293056735416;-0,688950606711458;0,0029309447771359576;0,002020748047623089;0,0918282754930815;0,09182827549308151;0,09182827549308151;0,9956865760899155;-0,03792271350252314;0,9934741838835628;-0,05748289890511384;9,182827549308151e-06
15;1,5454425556574138;0,7496828700935346;-1,54296025045055;-0,7479713547591483;0,0024823052068638773;0,0017115153343862932;0,09942697643710413;0,0994269764371041;0,09942697643710413;0,9974171881452283;-0,02266924128694151;0,9956865760899155;-0,03792271350252314;9,942697643710412e-06
16;1,296029305673402;0,6279506067113855;-1,2936100208534138;-0,6262825546918367;0,00241928481998821;0,0016680520195487825;0,08369290074908849;0,08369290074908849;0,08369290074908849;0,9934741838835628;-0,05748289890511384;0,9914705704169733;-0,07527241857062408;8,369290074908848e-06
17;1,3224651721980003;0,6332188615667;-1,3141045028622895;-0,6274543876306664;0,00836066933571078;0,005764473936033632;0,08465380987875211;0,08465380987875211;0,08465380987875211;1,0000000000521292;3,818796318236873e-20;0,9931598064318972;-0,06250184387082693;8,465380987875211e-06
18;1,2930043271414955;0,6174544858129828;-1,2859062435141067;-0,6125604902630821;0,00709808362738884;0,004893995549900665;0,08329642669669336;0,08329642669669336;0,08329642669669336;0,9931598064318972;-0,06250184387082693;0,9872588550948027;-0,11711105218886982;8,329642669669336e-06
19;-0,35656724047609956;-0,17412377804180568;0,35669414670229144;0,1742309089729563;0,00012690622619188074;0,0001071309311506119;0,02315927272693089;0,023159272726930892;0,023159272726930892;0,9892330006603421;-0,10666607786150363;0,9896344847478521;-0,10080931484036088;2,3159272726930893e-06
20;-0,689918563588948;-0,3354189845332013;0,6903166635058061;0,3357550670749855;0,00039809991685813007;0,0003360825417841884;0,04473484141678847;0,04473484141678848;0,04473484141678848;0,9900663791535212;-0,09447337557896214;0,9907181195190391;-0,08490534986792238;4,473484141678848e-06
21;-0,30741186721723474;-0,14907712640402954;0,30746659162300116;0,14912333069952186;5,4724405766426454e-05;4,620429549231919e-05;0,019944027973990763;0,01994402797399077;0,01994402797399077;0,9890320940784731;-0,10963299524663211;0,9892330006603421;-0,10666607786150363;1,994402797399077e-06
22;1,2722293037575172;0,6187615507911617;-1,2652725218964933;-0,6139651159886806;0,006956781861023886;0,004796434802481042;0,08167890910690377;0,08167890910690377;0,08167890910690377;1,0000000000521292;3,818796318236873e-20;0,9940954018863228;-0,051765536725684604;8,167890910690378e-06
23;1,759433193137885;0,8514331406049824;-1,7485412055208198;-0,8439234801959526;0,010891987617065224;0,007509660409029784;0,1128501004819744;0,1128501004819744;0,1128501004819744;1,0000000000521292;3,818796318236873e-20;0,9933109900314584;-0,059469242217029664;1,128501004819744e-05
24;1,7264405889100471;0,833923055073543;-1,72426179921858;-0,832420852605008;0,00217878969146712;0,0015022024685350521;0,11144057559679836;0,11144057559679832;0,11144057559679836;0,9933109900314584;-0,059469242217029664;0,9919560888956338;-0,07158888574018837;1,1144057559679837e-05
25;-0,5637028960668211;-0,27423694108238583;0,5639185635891467;0,2744189845333237;0,00021566752232560216;0,00018204345093786323;0,03657147804874491;0,0365714780487449;0,03657147804874491;0,9896344847478521;-0,10080931484036088;0,9900663791535212;-0,09447337557896214;3,657147804874491e-06
26;-1,7082838018925688;-0,8243677447615048;1,71126179921854;0,8264208526049215;0,002977997325971149;0,002053107843416724;0,11060735899784353;0,11060735899784353;0,11060735899784353;0,9900903048990097;-0,08831582023282489;0,9919560888956338;-0,07158888574018837;1,1060735899784353e-05
27;-0,18139120037295486;-0,08806287871241725;0,181411867216968;0,08807712640391453;2,0666844013139674e-05;1,4247691497284998e-05;0,011772117055967675;0,011772117055967677;0,011772117055967677;0,9889103956034628;-0,11071010329099182;0,9890320940784731;-0,10963299524663211;1,1772117055967677e-06
28;-0,18125020678188303;-0,08803461643678245;0,18129120037331606;0,08806287871220145;4,099359143303061e-05;2,8262275418994287e-05;0,011766865310638563;0,011766865310638565;0,011766865310638565;0,9886688837432765;-0,11284564678243149;0,9889103956034628;-0,11071010329099182;1,1766865310638566e-06
29;0,8275678689900895;0,401479056127234;-0,8269557207876446;-0,4009622919642234;0,0006121482024449287;0,0005167641630106079;0,05361664862775933;0,053616648627759333;0,053616648627759333;0,9904641308739589;-0,08383977397668606;0,9896282083934885;-0,09616817026875144;5,3616648627759335e-06
30;0,7859557207874623;0,3809622919641889;-0,7853186317110343;-0,3804244389170272;0,0006370890764280102;0,000537853047161696;0,05095529824579483;0,050955298245794825;0,05095529824579483;0,9896282083934885;-0,09616817026875144;0,9887128541783626;-0,1097015246413224;5,095529824579483e-06
31;1,1392725218965762;0,5529651159887394;-1,1375523327823636;-0,551779159191884;0,001720189114212678;0,001185956796855403;0,07354862153860602;0,07354862153860602;0,07354862153860602;0,9940954018863228;-0,051765536725684604;0,9924741238890151;-0,06607692896822573;7,3548621538606015e-06
32;1,4399565037326136;0,7002601679005904;-1,4379656015084024;-0,6988875969560192;0,0019909022242112773;0,0013725709445712164;0,09298156582537798;0,09298156582537799;0,09298156582537799;0,9942323613297405;-0,050477466173117984;0,9927479369458121;-0,0635098031616947;9,2981565825378e-06
33;1,1944037112167987;0,5782778704330919;-1,1931072496858157;-0,5773839443532793;0,0012964615309829508;0,0008939260798125348;0,07727515835603328;0,07727515835603327;0,07727515835603328;0,9914705704169733;-0,07527241857062408;0,9903077173661605;-0,0856307542281607;7,727515835603328e-06
34;0,0521012591706359;0,025000868354486148;-0,05210096052806236;-0,025000662335378974;2,9864257353878765e-07;2,0601910717329974e-07;0,0033691119001731874;0,003369111900173188;0,003369111900173188;0,9903077173661605;-0,0856307542281607;0,9903015760099046;-0,08568681416703315;3,369111900173188e-07
35;0,05200096052003063;0,0250006623322257;-0,05200092317877718;-0,025000636532814223;3,734125345045136e-08;2,5799411478705236e-08;0,0033638566184033317;0,0033638566184033317;0,0033638566184033317;0,9903015760099046;-0,08568681416703315;0,9903008065315855;-0,08569383667998473;3,363856618403332e-07
36;0,0430009231702461;0,021000636526754126;-0,04300028309596236;-0,021000195176737242;6,400742837350815e-07;4,4135001688386244e-07;0,002789973282130233;0,002789973282130233;0,002789973282130233;0,9903008065315855;-0,08569383667998473;0,9902848965470893;-0,08583235543586354;2,789973282130233e-07
37;1,206445778874071;0,5846864006114455;-1,2055195797491443;-0,5840477565677313;0,000926199124926752;0,0006386440437141649;0,07823552781248569;0,07823552781248569;0,07823552781248569;0,9893593268304997;-0,2239052417877407;0,988538717764632;-0,23120977830911904;7,82355278124857e-06
38;1,1165396048910934;0,5431212630345312;-1,113046091324774;-0,5407126025182178;0,0034935135663194394;0,002408660516313388;0,07168545634668756;0,07168545634668755;0,07168545634668756;1,0000000000521292;3,818796318236873e-20;0,9966213693908657;-0,029533450028240576;7,1685456346687564e-06
39;0,0;0,0;0,0;0,0;0,0;0,0;;;;;;;;
40;1,0195475489515669;0,4947751205618153;-1,0186897587248764;-0,49418370294997943;0,0008577902266904136;0,0005914176118358427;0,06592497538676798;0,06592497538676799;0,06592497538676799;0,9924741238890151;-0,06607692896822573;0,9915721549853055;-0,07405053045252072;6,5924975386768e-06
41;1,0185897587339678;0,49418370295140884;-1,018551692927531;-0,4941573697565451;3,806580643694879e-05;2,6333194863725762e-05;0,065919736753939;0,065919736753939;0,065919736753939;0,9915721549853055;-0,07405053045252072;0,9915320920283648;-0,07440865829520925;6,5919736753939e-06
42;1,1129460913245994;0,5407126025180156;-1,1125855538217662;-0,5404639719100333;0,00036053750283326913;0,0002486306079823031;0,0716802456388188;0,07168024563881881;0,07168024563881881;0,9966213693908657;-0,029533450028240576;0,9962726576059735;-0,03259444765587751;7,168024563881881e-06
43;1,1124855538222238;0,5404639719098288;-1,1108919601472054;-0,5391185103254083;0,0015935936750184343;0,0013454615844205042;0,07167503306130739;0,07167503306130736;0,07167503306130739;0,9962726576059735;-0,03259444765587751;0,9946445397411245;-0,056437025580168755;7,167503306130738e-06
44;1,110791960147353;0,5391185103261998;-1,1101572352048912;-0,5385827155641361;0,0006347249424618617;0,0005357947620637793;0,07166981098597472;0,07166981098597473;0,07166981098597473;0,9946445397411245;-0,056437025580168755;0,9939960939294611;-0,06595042963433179;7,166981098597473e-06
45;-0,023099887420325354;-0,011000013804192625;0,023100641468692902;0,011000533706558778;7,540483675481935e-07;5,199023661531937e-07;0,0014775586283160688;0,001477558628316069;0,001477558628316069;0,9997337263178534;-0,00016000015948257;0,9997690624543772;0,00016516462860139688;1,477558628316069e-07
46;1,1555195797489461;0,5600477565680223;-1,1546684877766646;-0,5594609013183008;0,0008510919722815036;0,000586855249721463;0,0749963419797642;0,0749963419797642;0,0749963419797642;0,988538717764632;-0,23120977830911904;0,98775208050769;-0,23821611850581859;7,49963419797642e-06
47;0,9865516929192304;0,4791573697528422;-0,9855678689898484;-0,4784790561271123;0,0009838239293820106;0,0006783136257298983;0,06386207601593889;0,06386207601593889;0,06386207601593889;0,9915320920283648;-0,07440865829520925;0,9904641308739589;-0,08383977397668606;6,3862076015938886e-06
48;1,3416971041697565;0,6522546006513096;-1,3366537010539608;-0,6487773432363149;0,005043403115795764;0,0034772574149947166;0,08613143412204928;0,08613143412204928;0,08613143412204928;1,0000000000521292;3,818796318236873e-20;0,9959406895169064;-0,0355642416017759;8,613143412204928e-06
49;1,0041572352048405;0,48758271556367;-1,0033615649108256;-0,4869108918743029;0,0007956702940148386;0,0006718236893670793;0,06483741341332774;0,06483741341332774;0,06483741341332774;0,9939960939294611;-0,06595042963433179;0,9930974667127848;-0,07914340923615214;6,483741341332774e-06
50;-0,4253500702133086;-0,20451877671293262;0,4254803949581603;0,20460863125657866;0,00013032474485169532;8,985454364604517e-05;0,02725518488094007;0,027255184880940073;0,027255184880940073;0,9997690624543772;0,00016516462860139688;1,0001003469991547;0,0031391219608792975;2,7255184880940072e-06
51;1,336553701053656;0,6487773432358059;-1,3360331992485677;-0,6484183994942039;0,0005205018050882249;0,000358943741602058;0,08612621898261076;0,08612621898261076;0,08612621898261076;0,9959406895169064;-0,0355642416017759;0,9955217231613421;-0,039253265822439404;8,612621898261075e-06
52;0,0;0,0;0,0;0,0;0,0;0,0;;;;;;;;
53;0,0;0,0;0,0;0,0;0,0;0,0;;;;;;;;
54;0,4621658404238226;0,22208135213582933;-0,46148012966938784;-0,22160858640628148;0,0006857107544347429;0,0004727657295478527;0,02955343673361068;0,029553436733610695;0,029553436733610695;1,0017077594426806;0,017591570097051753;1,0001003469991547;0,0031391219608792975;2,9553436733610696e-06
55;0,45730615565323385;0,22141390585134416;-0,4571642122062465;-0,2212940923780453;0,00014194344698736927;0,00011981347329886871;0,029669334988859736;0,02966933498885974;0,02966933498885974;0,9887128541783626;-0,1097015246413224;0,9883626478049455;-0,11488870457840128;2,966933498885974e-06
56;0,4570642122062594;0,22129409237907025;-0,45699404439701835;-0,22123485364169745;7,016780924107291e-05;5,923873737279095e-05;0,029664077220002798;0,029664077220002787;0,029664077220002798;0,9883626478049455;-0,11488870457840128;0,9881894875963368;-0,11745494225631836;2,96640772200028e-06
57;0,42789398237966564;0,2072348012895179;-0,4277006082401987;-0,20707154203578787;0,00019337413946696191;0,00016325925373003591;0,02777738346116459;0,02777738346116459;0,02777738346116459;0,9881894875963368;-0,11745494225631836;0,9876798516781434;-0,12500834090475021;2,7777383461164586e-06
58;-0,9754601738952895;-0,4745391011038835;0,9759625555270326;0,4748854970041432;0,0005023816317430985;0,00034639590025969946;0,06312138997093665;0,06312138997093665;0,06312138997093665;0,9921961197709143;-0,06835170483075742;0,9927479369458121;-0,0635098031616947;6,312138997093666e-06
59;0,6886176732446376;0,33456152751699597;-0,688294611652245;-0,3341804820417543;0,0003230615923925928;0,0003810454752416481;0,04461525759265691;0,04461525759265691;0,04461525759265691;0,9907209706723294;-0,18939918166171354;0,9901294904746015;-0,2044925848934137;4,461525759265691e-06
60;0,8590677445816958;0,416736165325325;-0,8584475150257922;-0,41630850667094216;0,0006202295559035731;0,00042765865438282313;0,05544590254084473;0,05544590254084473;0,05544590254084473;0,9942323613297405;-0,050477466173117984;0,993456932377454;-0,057327865491148426;5,544590254084473e-06
61;-0,5794639835363347;-0,2801161681872455;0,5804080824988654;0,2809132074930864;0,0009440989625307816;0,0007970393058409075;0,03716491525601988;0,03716491525601989;0,03716491525601989;0,9998483098992064;-0,009660726451710263;1,0017077594426806;0,017591570097051753;3,7164915256019897e-06
62;-0,0569995717083624;-0,026999934558837844;0,05700081271637047;0,02700079012341888;1,2410080080654806e-06;8,555645810356949e-07;0,0036488502319179266;0,0036488502319179266;0,0036488502319179266;0,9979593831589422;-0,016097999375339064;0,9979829243577486;-0,01587821402435;3,6488502319179264e-07
63;0,0;0,0;0,0;0,0;0,0;0,0;;;;;;;;
64;0,9800130680419517;0,4764021880711451;-0,9787742415337392;-0,47535625427842804;0,0012388265082124983;0,0010459337927170576;0,06319523717793057;0,06319523717793057;0,06319523717793057;0,9955217231613421;-0,039253265822439404;0,994086128103524;-0,06026667600428032;6,319523717793058e-06
65;0,0;0,0;0,0;0,0;0,0;0,0;;;;;;;;
66;0,4764259324516267;0,23129365417314676;-0,4761856966145717;-0,23112802946616798;0,00024023583705495843;0,00016562470697878418;0,030862972062111003;0,030862972062111003;0,030862972062111003;0,9907209706723294;-0,18939918166171354;0,9901813780947051;-0,19417023453617938;3,0862972062111e-06
67;0,8013615649111057;0,3889108918741191;-0,8009855416655024;-0,3885934362200434;0,00037602324560326306;0,00031745565407570453;0,051784807412282065;0,051784807412282065;0,051784807412282065;0,9930974667127848;-0,07914340923615214;0,9925657852988238;-0,086957905812212;5,178480741228206e-06
68;0,8008855416651364;0,38859343621970927;-0,8005683914724964;-0,3883256723365497;0,0003171501926400033;0,00026776388315957744;0,051779574092269895;0,051779574092269895;0,051779574092269895;0,9925657852988238;-0,086957905812212;0,9921173058105559;-0,09355547986932579;5,17795740922699e-06
69;0,6464474733565081;0,3133084779464821;-0,6461951854034552;-0,31313456919376625;0,00025228795305287655;0,0001739087527158345;0,04174831679792996;0,04174831679792995;0,04174831679792996;0,993456932377454;-0,057327865491148426;0,9930380765350797;-0,06103536209493631;4,174831679792995e-06
70;0,7824683764287503;0,37932566197031914;-0,7824504003596155;-0,37931052827109046;1,7976069134784112e-05;1,5133699228675468e-05;0,05060329642343662;0,0506032964234366;0,05060329642343662;0,9921173058105559;-0,09355547986932579;0,992091318506755;-0,09393608959122278;5,060329642343662e-06
71;-0,9738598036508422;-0,4725927779374567;0,9757402267931724;0,47388934790569615;0,0018804231423301676;0,0012965699682394582;0,0633005004722182;0,06330050047221819;0,0633005004722182;0,9872999760143527;-0,24215507834674505;0,9893593268304997;-0,2239052417877407;6,33005004722182e-06
72;0,8637742415337548;0,4193562542780726;-0,8632155803648576;-0,41888463901274603;0,0005586611688972454;0,00047161526532657483;0,055766414143579135;0,05576641414357915;0,05576641414357915;0,994086128103524;-0,06026667600428032;0,9933525949082452;-0,07103140601046863;5,576641414357915e-06
73;0,29127556533177085;0,1401908658146105;-0,29119510749375294;-0,14013539644530476;8,045783801791107e-05;5,546936930572732e-05;0,018692012760907834;0,018692012760907834;0,018692012760907834;0,9984605757681222;-0,026992995364156284;0,9981623456215732;-0,02966813900671404;1,8692012760907835e-06
74;0,0001000000264161034;1,8201436622246022e-11;-9,999999998322456e-05;2,314741484421297e-14;2,643287883496645e-11;1,8224584037090235e-11;5,786309590663717e-06;5,7863095906637175e-06;5,7863095906637175e-06;0,9977869532502057;-0,05110016901712185;0,9977866895064423;-0,05111061093185408;5,786309590663717e-10
75;0,0;0,0;0,0;0,0;0,0;0,0;;;;;;;;
76;0,24713735095326064;0,11902656196746339;-0,24709844484755117;-0,1189997375115433;3,890610570947417e-05;2,6824455920088086e-05;0,015919907696791556;0,01591990769679156;0,01591990769679156;0,9947989557636177;-0,06010531014669915;0,9946296226501687;-0,06162732930083248;1,591990769679156e-06
77;0,31911328649276793;0,15512441704591776;-0,3190512598769014;-0,15505124361792452;6,202661586651725e-05;7,31734279932339e-05;0,020689731313518107;0,020689731313518107;0,020689731313518107;0,9901294904746015;-0,2044925848934137;0,9898845570773146;-0,2107421065312244;2,0689731313518105e-06
78;0,5201951854038785;0,25213456919352467;-0,5200787472950561;-0,25205428925179;0,00011643810882244754;8,027994173465114e-05;0,033609369596945694;0,033609369596945694;0,033609369596945694;0,9930380765350797;-0,06103536209493631;0,9927979356267064;-0,06316245501041746;3,3609369596945698e-06
79;-0,7449921088683129;-0,36169594365976127;0,7452155803644724;0,3618846390127277;0,000223471496159533;0,00018869535296645035;0,048149865484901924;0,048149865484901924;0,048149865484901924;0,9930127223093945;-0,07602111259523288;0,9933525949082452;-0,07103140601046863;4,814986548490192e-06
80;-0,6844064175680146;-0,33128019327330904;0,6846318197411452;0,3314356205544919;0,00022540217313060662;0,00015542728118284055;0,04446000295700608;0,044460002957006084;0,044460002957006084;0,9874006802197701;-0,24135689611772637;0,98775208050769;-0,23821611850581859;4,446000295700608e-06
81;0,23705125987672168;0,11505124361774002;-0,23702451869985322;-0,11502401353223246;2,6741176868461114e-05;2,723008550756245e-05;0,015368400969266383;0,015368400969266382;0,015368400969266383;0,9898845570773146;-0,2107421065312244;0,9897495148874758;-0,2135303776728135;1,5368400969266384e-06
82;0,5804504003586632;0,28131052827124825;-0,5803345333201098;-0,28123063454528463;0,00011586703855348546;7,98937259636201e-05;0,037537453598232434;0,03753745359823244;0,03753745359823244;0,992091318506755;-0,09393608959122278;0,9918773577546662;-0,09583411823137715;3,753745359823244e-06
83;0,9581633957475801;0,4642373489913398;-0,957767424858549;-0,4639030614419411;0,00039597088903109423;0,0003342875493986819;0,06136588343956326;0,061365883439563264;0,061365883439563264;1,0017077594426806;0,017591570097051753;1,0012353693450933;0,010690258932831086;6,136588343956327e-06
84;0,2000245186996669;0,09702401353207928;-0,20000547792951262;-0,09700462463973614;1,9040770154271636e-05;1,9388892343139008e-05;0,012968229271934723;0,012968229271934724;0,012968229271934724;0,9897495148874758;-0,2135303776728135;0,9896355721646307;-0,21588496900894472;1,2968229271934723e-06
85;0,46265135951913083;0,22338151007726179;-0,46239038629486046;-0,2232015869018705;0,0002609732242703777;0,00017992317539128333;0,029689355758282077;0,02968935575828207;0,029689355758282077;0,9990697173878;-0,021574751895870006;0,9984605757681222;-0,026992995364156284;2,9689355758282077e-06
86;-0,664571298089012;-0,3223406785223866;0,664992108868576;0,322695943659788;0,0004208107795639071;0,00035526513740136156;0,04297529946511681;0,0429752994651168;0,04297529946511681;0,9922957551952882;-0,08656346084904111;0,9930127223093945;-0,07602111259523288;4,297529946511681e-06
87;0,22402563260042002;0,10801852531003117;-0,22400535147528272;-0,1080045442790855;2,0281125137300293e-05;1,3981030945672823e-05;0,01433466163490924;0,014334661634909242;0,014334661634909242;1,0017077594426806;0,017591570097051753;1,0016097239452757;0,01671950636354434;1,4334661634909243e-06
88;-0,7723166635060422;-0,37575506707520223;0,7727337747428602;0,3761071690832188;0,0004171112368179797;0,00035210200801655267;0,050051699206929104;0,05005169920692912;0,05005169920692912;0,9907181195190391;-0,08490534986792238;0,9913284737130319;-0,07596286376595153;5,005169920692912e-06
89;-0,024691274374744006;-0,019455362405533944;0,024697501743263798;0,019459655932242886;6,227368519792081e-06;4,293526708942785e-06;0,0018441147907299826;0,0018441147907299826;0,0018441147907299826;0,9841635775735794;-0,14722252831096827;0,9843999093539912;-0,1481003380995883;1,8441147907299827e-07
90;0,5262249802343715;0,25518701456215975;-0,5261154593757473;-0,2550945370989019;0,00010952085862414584;9,247746325785622e-05;0,03370795689088527;0,03370795689088528;0,03370795689088528;1,0017077594426806;0,017591570097051753;1,0014698592366438;0,014120557666120923;3,370795689088528e-06
91;0,8972985327928954;0,43389528358586826;-0,8963540485316458;-0,4332440758752685;0,0009444842612496007;0,0006512077105997882;0,058120424697237695;0,05812042469723769;0,058120424697237695;0,9900903048990097;-0,08831582023282489;0,9889640559175191;-0,0983929035137714;5,8120424697237695e-06
92;0,22703586495534603;0,11002472703229316;-0,22700462851136344;-0,11000319163095928;3,1236443982590734e-05;2,1535401333871995e-05;0,014746640580146797;0,014746640580146794;0,014746640580146797;0,98775208050769;-0,23821611850581859;0,9876052585638898;-0,239523818518274;1,4746640580146798e-06
93;0,12200547792854238;0,059004624639599726;-0,1219999999994461;-0,05899999999969851;5,4779290962897464e-06;4,624639901217031e-06;0,00790645489097232;0,00790645489097232;0,00790645489097232;0,9896355721646307;-0,21588496900894472;0,989584858288099;-0,21663683658293093;7,90645489097232e-07
94;0,318078747295374;0,15405428925236203;-0,31799999999987205;-0,15400000000003977;7,874729550194637e-05;5,428925232225934e-05;0,020552827245100616;0,020552827245100613;0,020552827245100616;0,9927979356267064;-0,06316245501041746;0,9925323728693008;-0,06551942304177341;2,0552827245100617e-06
95;-0,6553175479404342;-0,3182189476577917;0,6558598036509867;0,3185927779374264;0,0005422557105525527;0,0003738302796347237;0,04263875942433131;0,04263875942433131;0,04263875942433131;0,9864183693333505;-0,24996684928295015;0,9872999760143527;-0,24215507834674505;4,263875942433131e-06
96;0,45433453331892537;0,22023063454555905;-0,4541545788678971;-0,22010657091539004;0,00017995445102825247;0,0001240636301690079;0,02938898208435282;0,029388982084352828;0,029388982084352828;0,9918773577546662;-0,09583411823137715;0,9914529306447127;-0,09959704318123065;2,938898208435283e-06
97;9,99991546559728e-05;5,044326660602456e-10;-9,999913433564306e-05;-4,904228282095254e-10;2,0320329742321876e-11;1,4009837850720223e-11;5,804626922960836e-06;5,804626922960837e-06;5,804626922960837e-06;0,9946296226501687;-0,06162732930083248;0,9946294205357479;-0,061635356357394706;5,804626922960838e-10
98;0,0;0,0;0,0;0,0;0,0;0,0;;;;;;;;
99;-0,20908114713690135;-0,10205673352521825;0,209166972358252;0,10211590346566307;8,582522135064385e-05;5,916994044481705e-05;0,013460332055920139;0,013460332055920135;0,013460332055920139;0,9979404582979535;-0,016037835529447066;0,9983826092341758;-0,012216023945101458;1,3460332055920137e-06
100;-0,5126908690617614;-0,24840736835689145;0,5128240606685702;0,24849918808682778;0,00013319160680880238;9,181972993632659e-05;0,03322850217233983;0,033228502172339844;0,033228502172339844;0,9898624860567891;-0,20585401489296895;0,9901403149822846;-0,20338510009272062;3,3228502172339845e-06
101;-0,20401866523514298;-0,09901364811876336;0,20408118043808393;0,09905674940060588;6,25152029409548e-05;4,310128184252526e-05;0,01312427752077916;0,013124277520779158;0,01312427752077916;0,9976102588666894;-0,018937585653241513;0,9979404582979535;-0,016037835529447066;1,3124277520779158e-06
102;-0,1781058547708086;-0,08500474181285693;0,1781645984496469;0,08504524296328483;5,874367883831888e-05;4,0501150427904586e-05;0,011417106816021871;0,011417106816021873;0,011417106816021873;0,9979829243577486;-0,01587821402435;0,9983392347061715;-0,012613530229350993;1,1417106816021874e-06
103;0,6696308402922958;0,31502320681895424;-0,6695384124063948;-0,31495949057420536;9,242788590102524e-05;6,371624474887927e-05;0,043277078105897655;0,04327707810589765;0,043277078105897655;0,9872588550948027;-0,11711105218886982;0,9871110948536378;-0,11852883459197182;4,327707810589766e-06
104;-0,48219973037810704;-0,23313770928520663;0,4824064175682781;0,23328019327295918;0,00020668719017108428;0,00014248398775254523;0,031332097644275775;0,03133209764427577;0,031332097644275775;0,9869435088811205;-0,24545323943044783;0,9874006802197701;-0,24135689611772637;3,1332097644275773e-06
105;0,37315457886787945;0,18110657091513796;-0,37303302538636113;-0,18102276989720997;0,00012155348151832168;8,380101792798689e-05;0,024153882472286493;0,024153882472286493;0,024153882472286493;0,9914529306447127;-0,09959704318123065;0,9911040807425091;-0,10268085295909082;2,415388247228649e-06
106;-0,4485332153410828;-0,21729868014565631;0,44869086906306466;0,21740736835694857;0,00015765372198184302;0,00010868821129225714;0,029080767371382977;0,029080767371382977;0,029080767371382977;0,9894867246129683;-0,20919552628238533;0,9898624860567891;-0,20585401489296895;2,908076737138298e-06
107;-0,1782645978910593;-0,08504524294766648;0,17827175284023375;0,08505017469600334;7,154949174442704e-06;4,931748336864383e-06;0,011422326064389803;0,011422326064389803;0,011422326064389803;0,9983392347061715;-0,012613530229350993;0,9983826092341758;-0,012216023945101458;1,1422326064389803e-06
108;0,0;0,0;0,0;0,0;0,0;0,0;;;;;;;;
109;-0,14800368345889606;-0,07100263871707604;0,14801623425570043;0,07101129251380506;1,2550796804372544e-05;8,653796729013452e-06;0,009646324571109364;0,009646324571109362;0,009646324571109364;0,9824905959810453;-0,16503163097316675;0,9825807275053158;-0,164203192529976;9,646324571109365e-07
110;0,300541253733463;0,146248177392099;-0,3002833353443729;-0,14607035130714494;0,0002579183890901171;0,0001778260849540636;0,019477848836839836;0,019477848836839843;0,019477848836839843;0,9907209706723294;-0,18939918166171354;0,9898029069766231;-0,19747119376561165;1,9477848836839843e-06
111;0,0;0,0;0,0;0,0;0,0;0,0;;;;;;;;
112;0,6015384308444384;0,28195952420910125;-0,6010914140129601;-0,2816513367006021;0,0004470168314782974;0,000308187508499147;0,038856594584142444;0,03885659458414243;0,038856594584142444;0,9871110948536378;-0,11852883459197182;0,9863153437717042;-0,12623931377916617;3,885659458414245e-06
113;0,6009913718366137;0,2816513979897963;-0,6002796637993114;-0,2811607147619406;0,00071170803730225;0,000490683227855726;0,03885129337579104;0,03885129337579104;0,03885129337579104;0,9863153437717042;-0,12623931377916617;0,9850482508321143;-0,1385387748793335;3,885129337579104e-06
114;0,5145388511745415;0,24930255794040926;-0,5142092546564677;-0,2490753237009752;0,00032959651807373813;0,00022723423943404875;0,03336522867285422;0,03336522867285423;0,03336522867285423;0,9893593268304997;-0,2239052417877407;0,9886746228007403;-0,23000033569281952;3,3365228672854228e-06
115;0,373762498105019;0,18039063408092126;-0,37370572003657765;-0,18034269169073103;5,6778068441343255e-05;4,7942390190236495e-05;0,02427025374274302;0,02427025374274302;0,02427025374274302;0,9872588550948027;-0,11711105218886982;0,9870876447779751;-0,11966521301316622;2,4270253742743016e-06
116;0,37360572009500925;0,18034269169703832;-0,3735257389220934;-0,18027518108686058;7,998117291585505e-05;6,751061017773452e-05;0,024264986158420397;0,024264986158420397;0,024264986158420397;0,9870876447779751;-0,11966521301316622;0,9868464364822468;-0,12326098868158449;2,42649861584204e-06
117;0,3734257388583507;0,18027518119670283;-0,3733071257385981;-0,18017503627035025;0,00011861311975258637;0,00010014492635257444;0,024259717389671517;0,024259717389671517;0,024259717389671517;0,9868464364822468;-0,12326098868158449;0,9864886145799786;-0,1285990026490085;2,425971738967152e-06
118;-0,08199938912727459;-0,03999988850657214;0,08201957588986099;0,040013806602801356;2,0186762586402174e-05;1,391809622921375e-05;0,005281497176014643;0,005281497176014643;0,005281497176014643;0,9973452195047844;-0,021234667520177067;0,9976102588666894;-0,018937585653241513;5,281497176014643e-07
119;-0,3844514281636363;-0,18624229062890768;0,38453321534026474;0,18629868014603593;8,178717662843393e-05;5,638951712824691e-05;0,02493145743344055;0,024931457433440548;0,02493145743344055;0,9892593416951375;-0,21121915139405883;0,9894867246129683;-0,20919552628238533;2,493145743344055e-06
120;-0,46020439242252015;-0,22107652632331154;0,4603176682914082;0,2211546308838725;0,00011327586888804086;7,810456056095427e-05;0,029972873358204213;0,029972873358204213;0,029972873358204213;0,9834462221450395;-0,15676926126181703;0,9837080490993387;-0,15437367894156115;2,9972873358204213e-06
121;-0,3773790940496019;-0,1831924248829446;0,3774514281634602;0,1832422906286833;7,23341138583189e-05;4,986574573870306e-05;0,024487470105016014;0,024487470105016014;0,024487470105016014;0,9890545748718698;-0,21303141825818916;0,9892593416951375;-0,21121915139405883;2,4487470105016015e-06
122;0,5515712980888747;0,2673406785225485;-0,5512017204983314;-0,2670858737373277;0,00036957759054334627;0,00025480478522083017;0,03566317093459543;0,03566317093459543;0,03566317093459543;0,9922957551952882;-0,08656346084904111;0,9915774451757082;-0,09293354127280364;3,566317093459543e-06
123;-0,37713779643515744;-0,18309500181408042;0,3772790940502748;0,18319242488339907;0,00014129761511738614;9,74230693186473e-05;0,024482218873425665;0,024482218873425665;0,024482218873425665;0,9886544779419385;-0,21657388604024488;0,9890545748718698;-0,21303141825818916;2,4482218873425664e-06
124;0,5702796613141371;0,2671607659981333;-0,570190027989006;-0,26709896682458195;8,96333251311221e-05;6,179917355136899e-05;0,03691091495298534;0,03691091495298534;0,03691091495298534;0,9850482508321143;-0,1385387748793335;0,9848802827719422;-0,14017102676541962;3,6910914952985337e-06
125;-0,27100601458358897;-0,13100414597540647;0,27109110982710694;0,13106281475840748;8,509524351796305e-05;5,8668783001009084e-05;0,017583796439867003;0,017583796439867;0,017583796439867003;0,9883392294731539;-0,23300413882962198;0,9886746228007403;-0,23000033569281952;1,7583796439867003e-06
126;0,0;0,0;0,0;0,0;0,0;0,0;;;;;;;;
127;-1,2464048867149553;-0,6091252049820304;1,2481470411267115;0,6103263620593561;0,0017421544117561805;0,0012011570773257096;0,08136420468241717;0,08136420468241717;0,08136420468241717;0,9843999093539912;-0,1481003380995883;0,9858848445913933;-0,13514163695980155;8,136420468241718e-06
128;0,2424128005512114;0,11714678569751909;-0,2423475628450562;-0,11710180648561452;6,523770615518565e-05;4,497921190456389e-05;0,015744881713733835;0,015744881713733835;0,015744881713733835;0,9872588550948027;-0,11711105218886982;0,9869717025445953;-0,11968949495128106;1,5744881713733834e-06
129;0,24224756287531357;0,11710180650511184;-0,24216063745154223;-0,1170418743387907;8,692542377133905e-05;5,993216632114995e-05;0,015739614857563523;0,015739614857563523;0,015739614857563523;0,9869717025445953;-0,11968949495128106;0,9865889540879942;-0,12312500805430356;1,5739614857563522e-06
130;-0,07099990935661118;-0,033999985296642034;0,07100378161477652;0,03400265497819591;3,872258165338316e-06;2,669681553879588e-06;0,004626226164557667;0,004626226164557667;0,004626226164557667;0,9824326202174571;-0,16556683976404438;0,9824905959810453;-0,16503163097316675;4,6262261645576673e-07
131;0,22618323687319147;0,11007026817435113;-0,22616059991530493;-0,1100511575442837;2,263695788654041e-05;1,9110630067431522e-05;0,014672509282341204;0,014672509282341204;0,014672509282341204;0,9898029069766231;-0,19747119376561165;0,9896899081099639;-0,19912924157361986;1,4672509282341205e-06
132;0,22606059991516367;0,11005115754375973;-0,2260059292761154;-0,11000500599850722;5,467063904826541e-05;4,615154525250409e-05;0,014667263930448817;0,014667263930448817;0,014667263930448817;0,9896899081099639;-0,19912924157361986;0,9894169022688475;-0,20313330415492853;1,4667263930448817e-06
133;-0,35604703804570087;-0,1720324330399045;0,3561997303779259;0,17213770928537842;0,0001526923322250351;0,00010527624547390646;0,02314289166119794;0,023142891661197935;0,02314289166119794;0,9864862600874347;-0,24956087796786774;0,9869435088811205;-0,24545323943044783;2,3142891661197936e-06
134;0,0;0,0;0,0;0,0;0,0;0,0;;;;;;;;
135;-0,10331410083422839;-0,050010115302800494;0,10332325527253593;0,05001642652679133;9,154438307540369e-06;6,3112239908347245e-06;0,006628558580338647;0,0066285585803386475;0,0066285585803386475;0,9997525896221802;-0,010505303418040228;0,9998483098992064;-0,009660726451710263;6,628558580338647e-07
136;0,29630717164269815;0,14317503832223127;-0,29619014547705597;-0,14307624046196388;0,00011702616564218671;9,879786026739668e-05;0,01925996846634793;0,019259968466347935;0,019259968466347935;0,9864886145799786;-0,1285990026490085;0,9860439050224579;-0,13522546237277522;1,9259968466347932e-06
137;0,613422608095962;0,2971876848358358;-0,6132935400446514;-0,297098712439054;0,00012906805131063237;8,897239678179458e-05;0,03935343339925573;0,03935343339925574;0,03935343339925574;1,0000000000521292;3,818796318236873e-20;0,9997726804195175;-0,0020007473365637345;3,935343339925574e-06
138;0,6131935400448685;0,2970987124396708;-0,6127096859041089;-0,29676511923251564;0,00048385414075957645;0,0003335932071551473;0,03934823636901644;0,03934823636901644;0,03934823636901644;0,9997726804195175;-0,0020007473365637345;0,9989203552430237;-0,009511029740227007;3,934823636901644e-06
139;0,0;0,0;0,0;0,0;0,0;0,0;;;;;;;;
140;-0,316006697385004;-0,15300510055530891;0,3160625910201266;0,1530436373434099;5,589363512265022e-05;3,853678810097905e-05;0,020610391277851886;0,020610391277851893;0,020610391277851893;0,9835200817139383;-0,15605864788640136;0,9837080490993387;-0,15437367894156115;2,0610391277851894e-06
141;0,1152158489161484;0,056010927210200734;-0,11521431121093308;-0,05600986730398008;1,5377052153264792e-06;1,059906220651774e-06;0,007488637674078719;0,007488637674078719;0,007488637674078719;0,9876798516781434;-0,12500834090475021;0,9876656168887674;-0,12513398666512823;7,488637674078719e-07
142;0,11511431120874484;0,0560098673017123;-0,11510571449701516;-0,056003940157099794;8,5967117296748e-06;5,9271446125053195e-06;0,0074833808136724545;0,007483380813672454;0,0074833808136724545;0,9876656168887674;-0,12513398666512823;0,9875859702961785;-0,12583605805133977;7,483380813672454e-07
143;0,4871900938826077;0,227099009909885;-0,48690703049692524;-0,22690384719253348;0,00028306338568245826;0,00019516271735151025;0,03151017799722954;0,03151017799722954;0,03151017799722954;0,9848802827719422;-0,14017102676541962;0,9842591245315785;-0,14628225173902099;3,151017799722954e-06
144;0,48680701194142445;0,22690387427142475;-0,4867634784237871;-0,22687385937007143;4,353351763736191e-05;3,001490135332019e-05;0,03150486092150107;0,03150486092150107;0,03150486092150107;0,9842591245315785;-0,14628225173902099;0,9841635775735794;-0,14722252831096827;3,150486092150107e-06
145;-0,430316007045047;-0,20814958544228637;0,4317220663505349;0,20911901620831352;0,0014060593054878723;0,0009694307660271517;0,028134551361186068;0,028134551361186064;0,028134551361186068;0,9809360379557808;-0,17920652762614814;0,9843999093539912;-0,1481003380995883;2,8134551361186068e-06
146;0,0;0,0;0,0;0,0;0,0;0,0;;;;;;;;
147;0,1971944290354554;0,09513464421763798;-0,1970080251855342;-0,0950061250105788;0,00018640384992119063;0,00012851920705918285;0,012663979192841361;0,012663979192841361;0,012663979192841361;0,9981623456215732;-0,02966813900671404;0,9971423697875896;-0,03877306317269866;1,266397919284136e-06
148;0,14700831434593004;0,07100617383927994;-0,14700263140877481;-0,07100225475714741;5,68293715522139e-06;3,919082132528007e-06;0,009452743400008422;0,00945274340000842;0,009452743400008422;0,9971423697875896;-0,03877306317269866;0,9971007038774213;-0,03914414146576984;9,452743400008422e-07
149;0,1651606778932191;0,08004188108572848;-0,16511830538419284;-0,08001266606439562;4,237250902625056e-05;2,9215021332851254e-05;0,010740383843754168;0,010740383843754166;0,010740383843754168;0,9865889540879942;-0,12312500805430356;0,9863154934870552;-0,12556414886665268;1,074038384375417e-06
150;0,1940737479225897;0,09405084550858524;-0,19403213606099823;-0,09402215552466991;4,1611861591461796e-05;2,8689983915322625e-05;0,01257472898543297;0,012574728985432972;0,012574728985432972;0,9901813780947051;-0,19417023453617938;0,9899520031259464;-0,19620868657152835;1,2574728985432973e-06
151;0,1650183054389989;0,08001266604853559;-0,1650012472108712;-0,08000090437604056;1,705822812769764e-05;1,1761672495030906e-05;0,010735116432479234;0,010735116432479238;0,010735116432479238;0,9863154934870552;-0,12556414886665268;0,986205345974497;-0,12654553500126567;1,0735116432479238e-06
152;-0,5496508798188323;-0,2652419114993399;0,5499484345757315;0,26544706527125983;0,00029755475689918764;0,00020515377191993034;0,035609339285028234;0,03560933928502825;0,03560933928502825;0,989511245366177;-0,09351811547679119;0,9900903048990097;-0,08831582023282489;3,5609339285028245e-06
153;0,7734601738948423;0,3765391011035504;-0,7728337747430069;-0,37610716908309605;0,0006263991518354883;0,00043193202045432866;0,05005693593514877;0,050056935935148775;0,050056935935148775;0,9921961197709143;-0,06835170483075742;0,9913284737130319;-0,07596286376595153;5,005693593514878e-06
154;0,2301119486921727;0,11207718395749773;-0,2300240289184477;-0,11201656622020992;8,79197737249926e-05;6,0617737287813056e-05;0,01492408495050991;0,014924084950509902;0,01492408495050991;0,9901813780947051;-0,19417023453617938;0,9897729117105741;-0,19775314895129742;1,4924084950509909e-06
155;0,04400096625476057;0,02100080114236201;-0,0439997454002375;-0,02099995940408619;1,2208545230665835e-06;8,417382758203751e-07;0,0028200942458353317;0,002820094245835332;0,002820094245835332;0,9981623456215732;-0,02966813900671404;0,9981323661640705;-0,029942882698695907;2,820094245835332e-07
156;-0,2610463257913427;-0,12703193884561267;0,26113779643508;0,1270950018139553;9,147064373732361e-05;6,306296834263092e-05;0,01696005700948867;0,016960057009488674;0,016960057009488674;0,9882805500549189;-0,2198647218933422;0,9886544779419385;-0,21657388604024488;1,6960057009488673e-06
157;0,07000557352363819;0,034003842919639586;-0,07000477922963873;-0,034003295173503915;7,942939994620701e-07;5,47746135670657e-07;0,004549825508391634;0,004549825508391635;0,004549825508391635;0,9875859702961785;-0,12583605805133977;0,9875738671978654;-0,12594329296231235;4,549825508391635e-07
158;0,5595051649456684;0,27076200223802727;-0,5592320385072654;-0,2705736712206766;0,0002731264384029375;0,0001883310173506625;0,03592555745031844;0,035925557450318446;0,035925557450318446;0,9989203552430237;-0,009511029740227007;0,9983934160559967;-0,014172970918269388;3,592555745031844e-06
159;0,20204552480957202;0,0980313878303324;-0,20200000000018306;-0,09800000000005606;4,552480938896375e-05;3,138783027634151e-05;0,013152676219489453;0,013152676219489446;0,013152676219489453;0,9857815709819666;-0,25561468981146923;0,9855416364466553;-0,2577498158509941;1,3152676219489453e-06
160;0,1710330253867877;0,08302276989728678;-0,17100074719202057;-0,08300051516382217;3,22781947671158e-05;2,2254733464607823e-05;0,011075024102261494;0,011075024102261495;0,011075024102261495;0,9911040807425091;-0,10268085295909082;0,9909020415542309;-0,10446685262701771;1,1075024102261496e-06
161;0,16703213606077294;0,08102215552438709;-0,16699999999980128;-0,08099999999975135;3,213606097166033e-05;2,215552463573356e-05;0,010827049370565873;0,010827049370565875;0,010827049370565875;0,9899520031259464;-0,19620868657152835;0,989746258375934;-0,19803271092251495;1,0827049370565876e-06
162;-0,12410651586894608;-0,06000449211835772;0,12415083589664187;0,060035048646645925;4,4320027695790576e-05;3,0556528288205875e-05;0,008061232671209624;0,008061232671209624;0,008061232671209624;0,9872988155423161;-0,12842271610369446;0,9876798516781434;-0,12500834090475021;8,061232671209625e-07
163;0,2251901879363009;0,10907624223868342;-0,22510460312478875;-0,10900399322919085;8,558481151216268e-05;7,224900949256985e-05;0,014650717455557686;0,01465071745555768;0,014650717455557686;0,9860439050224579;-0,13522546237277522;0,9856162588964043;-0,14157430456920894;1,4650717455557687e-06
164;-0,14500000000011964;-0,07000000000032806;0,14500601458342818;0,07000414597523005;6,01458330853899e-06;4,145974901989535e-06;0,009406156325758414;0,009406156325758414;0,009406156325758414;0,988294919801312;-0,23340225322804733;0,9883392294731539;-0,23300413882962198;9,406156325758415e-07
165;0,19903002637060263;0,09602146608596489;-0,19900860168530055;-0,09600669448351314;2,1424685302084967e-05;1,4771602451751908e-05;0,012760341127314372;0,012760341127314377;0,012760341127314377;0,9998483098992064;-0,009660726451710263;0,9997319609526735;-0,010696591322687478;1,2760341127314377e-06
166;-0,051999999999881516;-0,024999999999934196;0,052004779230227394;0,025003295173253608;4,779230345877683e-06;3,2951733194112875e-06;0,0033734155871262836;0,0033734155871262836;0,0033734155871262836;0,9874757129677678;-0,12683591437255937;0,9875738671978654;-0,12594329296231235;3,3734155871262837e-07
167;0,0;0,0;0,0;0,0;0,0;0,0;;;;;;;;
168;-0,20210599242300292;-0,09800505867221104;0,20212024096894235;0,09801708906613399;1,4248545939427038e-05;1,2030393922946025e-05;0,013082572567290037;0,013082572567290039;0,013082572567290039;0,991253320137982;-0,09770385286289147;0,9913330648442801;-0,096528563154928;1,308257256729004e-06
169;-0,20199999999997398;-0,09799999999952613;0,20200599242210313;0,09800505867094678;5,992422129147412e-06;5,058671420643535e-06;0,013077332039642536;0,013077332039642535;0,013077332039642536;0,9912197691157459;-0,09819781362301744;0,991253320137982;-0,09770385286289147;1,3077332039642537e-06
170;0,5452111469817017;0,264145553605248;-0,5450026496505069;-0,2640018270432472;0,000208497331194768;0,00014372656200078993;0,03536783731662408;0,03536783731662407;0,03536783731662408;0,9889640559175191;-0,0983929035137714;0,9885554616027533;-0,10202978426175426;3,536783731662408e-06
171;0,09500293284339092;0,0460023048902865;-0,09499945093476844;-0,04599990442415539;3,4819086224824325e-06;2,400466131105561e-06;0,006111916759263969;0,006111916759263969;0,006111916759263969;0,9971007038774213;-0,03914414146576984;0,9970612183105779;-0,03949320036489784;6,111916759263969e-07
172;-0,3771202409692104;-0,18301708906565575;0,377201720498481;0,1830858737373924;8,147952927062274e-05;6,87846717366547e-05;0,024413166552569844;0,024413166552569844;0,024413166552569844;0,9913330648442801;-0,096528563154928;0,9915774451757082;-0,09293354127280364;2,441316655256984e-06
173;0,07200592927622956;0,03500500599857882;-0,07200000000011293;-0,03500000000013467;5,929276116631299e-06;5,005998444149173e-06;0,004671926297672445;0,004671926297672444;0,004671926297672445;0,9894169022688475;-0,20313330415492853;0,9893239561939439;-0,20450015008757091;4,6719262976724445e-07
174;1,2746965563386172;0,615196773148405;-1,2703894625320529;-0,6122272451764132;0,004307093806564355;0,002969527971991792;0,08159373369196261;0,08159373369196261;0,08159373369196261;1,0015152203320965;1,9076863939584123e-05;0,9978573668248925;-0,03257682528409502;8,15937336919626e-06
175;0,306080872822687;0,14806573545008322;-0,30602699569350333;-0,14802024996618113;5,3877129183643735e-05;4,5485483902096835e-05;0,01960185814047179;0,019601858140471794;0,019601858140471794;1,0014698592366438;0,014120557666120923;1,0012686673475173;0,011173684343341326;1,9601858140471796e-06
176;0,0;0,0;0,0;0,0;0,0;0,0;;;;;;;;
177;0,49112791135713896;0,2375708257800875;-0,49091073578023425;-0,23742107526198258;0,00021717557690470457;0,00014975051810492412;0,03154917962737998;0,03154917962737998;0,03154917962737998;0,9983934160559967;-0,014172970918269388;0,9979163131633468;-0,0184006795033396;3,154917962737998e-06
178;-0,1840211909072298;-0,09001460918553267;0,18404632579136848;0,09003193884573225;2,5134884138688918e-05;1,7329660199585928e-05;0,011969448335198963;0,011969448335198963;0,011969448335198963;0,9881349123297495;-0,2211294886654024;0,9882805500549189;-0,2198647218933422;1,1969448335198961e-06
179;0,14402402891846894;0,07001656622037751;-0,14400010750699044;-0,07000007411134766;2,3921411478500243e-05;1,6492109029847546e-05;0,009341297347620037;0,009341297347620035;0,009341297347620037;0,9897729117105741;-0,19775314895129742;0,9895953768165823;-0,1993181626157957;9,341297347620036e-07
180;0,47581057286261547;0,23042096294460107;-0,47561155833916785;-0,23028374929276985;0,00019901452344761594;0,00013721365183122503;0,030586375466191924;0,03058637546619192;0,030586375466191924;0,9979163131633468;-0,0184006795033396;0,9974653257685094;-0,02238578078948144;3,0586375466191924e-06
181;-0,16800156063444593;-0,08200107600485168;0,16802119090711679;0,08201460918571903;1,9630272670850824e-05;1,3533180867345007e-05;0,010924294910373705;0,010924294910373705;0,010924294910373705;0,9880103065055796;-0,2222177527056461;0,9881349123297495;-0,2211294886654024;1,0924294910373703e-06
182;0,0;0,0;0,0;0,0;0,0;0,0;;;;;;;;
183;0,051001307141312784;0,025000914534112233;-0,05099997335014883;-0,024999995044157872;1,333791163952991e-06;9,194899543603363e-07;0,0033251883793371526;0,003325188379337152;0,0033251883793371526;0,986205345974497;-0,12654553500126567;0,9861775243137804;-0,1267861705422144;3,3251883793371526e-07
184;0,0;0,0;0,0;0,0;0,0;0,0;;;;;;;;
185;0,12100504290713959;0,05800395139572103;-0,12099909473820616;-0,057999850955860535;5,9481689334284216e-06;4,100439860495186e-06;0,007763062289034438;0,007763062289034436;0,007763062289034438;0,9979829243577486;-0,01587821402435;0,9979298513853492;-0,01635920754357102;7,763062289034439e-07
186;-0,06920215366185535;-0,03400181844416675;0,06920630963675456;0,0340046842583237;4,155974899208714e-06;2,86581415695486e-06;0,004490201765665732;0,004490201765665732;0,004490201765665732;0,9914063597066771;-0,07582181737857317;0,9914705704169733;-0,07527241857062408;4,490201765665732e-07
187;0,9479519401879457;0,4589001074735789;-0,9458096905850428;-0,45742313629371273;0,0021422496029028792;0,001476971179866171;0,06071376676798837;0,06071376676798835;0,06071376676798837;1,0015152203320965;1,9076863939584123e-05;0,9990697173878;-0,021574751895870006;6,071376676798837e-06
188;0,8807680461326399;0,4269031124892112;-0,8800143359932641;-0,4262668500183143;0,0007537101393758627;0,0006362624708968756;0,056439821438072135;0,05643982143807213;0,056439821438072135;1,0012353693450933;0,010690258932831086;1,0002577143925386;-0,003596129207300228;5,643982143807214e-06
189;0,24904703804572992;0,12003243304021508;-0,24902235272757728;-0,12001541328697396;2,4685318152639635e-05;1,7019753241115376e-05;0,016180299141617255;0,016180299141617255;0,016180299141617255;0,9864862600874347;-0,24956087796786774;0,9863805451059315;-0,25051726704331445;1,6180299141617254e-06
190;0,0;0,0;0,0;0,0;0,0;0,0;;;;;;;;
191;0,0;0,0;0,0;0,0;0,0;0,0;;;;;;;;
192;-0,04120080718653847;-0,020000681548578897;0,04120215366210565;0,020001818444338345;1,3464755671821482e-06;1,1368957594480589e-06;0,0026672169815465875;0,002667216981546588;0,002667216981546588;0,9913693926620387;-0,07636567058217303;0,9914063597066771;-0,07582181737857317;2,667216981546588e-07
193;-0,04110000000510873;-0,020000000004198597;0,04110080718649728;0,020000681548452404;8,071813885485168e-07;6,815442538075922e-07;0,002661979115521538;0,0026619791155215377;0,002661979115521538;0,9913471827982884;-0,07669113426023136;0,9913693926620387;-0,07636567058217303;2,661979115521538e-07
194;0,0;0,0;0,0;0,0;0,0;0,0;;;;;;;;
195;0,4195093574877129;0,203282231812962;-0,4193792242825457;-0,20319250586351145;0,0001301332051671933;8,972594945055867e-05;0,026982562175584625;0,026982562175584618;0,026982562175584625;0,9974653257685094;-0,02238578078948144;0,9971310277346817;-0,025336329303723655;2,6982562175584628e-06
196;-0,12199963774365896;-0,05899993750674217;0,1220072728487388;0,0590052010012165;7,635105079839555e-06;5,2634944743279455e-06;0,00795572651285419;0,007955726512854193;0,007955726512854193;0,983453570297779;-0,15665660097358305;0,9835200817139383;-0,15605864788640136;7,955726512854192e-07
197;0,0;0,0;0,0;0,0;0,0;0,0;;;;;;;;
198;-1,0590444401211379;-0,5127201182628824;1,0600059905143446;0,5133830759994167;0,0009615503932067782;0,0006629577365342421;0,0686649040327744;0,0686649040327744;0,0686649040327744;0,9893371063621733;-0,09427569285390384;0,9903077173661605;-0,0856307542281607;6,866490403277438e-06
199;0,0;0,0;0,0;0,0;0,0;0,0;;;;;;;;
200;0,40727907342048486;0,19719240183639036;-0,40713831269891776;-0,1970953624040532;0,0001407607215671014;9,703943233715928e-05;0,026200576986332786;0,026200576986332783;0,026200576986332786;0,9971310277346817;-0,025336329303723655;0,9967586687826197;-0,028629666411318273;2,620057698633279e-06
201;0,32633932561226153;0,15709724794564858;-0,32623764714034154;-0,1570271486135224;0,00010167847191999702;7,00993321261778e-05;0,021012919415252674;0,02101291941525267;0,021012919415252674;0,9951342196424199;-0,057089288725287825;0,9947989557636177;-0,06010531014669915;2,101291941525267e-06
202;0,0;0,0;0,0;0,0;0,0;0,0;;;;;;;;
203;0,0;0,0;0,0;0,0;0,0;0,0;;;;;;;;
204;-0,00010000000036590711;-1,0297091008833113e-13;0,0001000000055675357;4,49464324964298e-12;5,201628583699665e-12;4,391672339554649e-12;5,823896121882492e-06;5,823896121882494e-06;5,823896121882494e-06;0,9913471312320918;-0,07669365050298879;0,9913471827982884;-0,07669113426023136;5,823896121882495e-10
205;0,0;0,0;0,0;0,0;0,0;0,0;;;;;;;;
206;0,0;0,0;0,0;0,0;0,0;0,0;;;;;;;;
207;-9,999898045784229e-05;-5,766922555988741e-10;9,99989917942256e-05;5,845079670453946e-10;1,1336383315906605e-11;7,815711446520513e-12;5,774874007008724e-06;5,774874007008724e-06;5,774874007008724e-06;0,9997523446730363;-0,010514981848788692;0,9997524580104034;-0,0105105037683009;5,774874007008723e-10
208;-0,00019999797293156408;-1,1614702411489538e-09;0,00019999799926006384;1,179622859317465e-09;2,6328499764475405e-11;1,815261816851115e-11;1,15497473985869e-05;1,15497473985869e-05;1,15497473985869e-05;0,9997524580104034;-0,0105105037683009;0,9997525896221802;-0,010505303418040228;1,15497473985869e-09
209;-0,4433042786993552;-0,21407189673060242;0,4435488380937601;0,21424050369377312;0,0002445593944049307;0,00016860696317069768;0,028740543279430757;0,028740543279430757;0,028740543279430757;0,9889215568526711;-0,09880865913464229;0,989511245366177;-0,09351811547679119;2,8740543279430756e-06
210;-2,308907230958885;-1,1275748807079802;2,3144699686450267;1,131409973800507;0,005562737686141794;0,003835093092526831;0,1485125446467562;0,14851254464675623;0,14851254464675623;0,9989176921666107;-0,022333278103458903;1,0015152203320965;1,9076863939584123e-05;1,4851254464675623e-05
211;0,10200624779217445;0,0490047000298667;-0,10199924841153489;-0,04899987463157791;6,999380639555186e-06;4,825398288790805e-06;0,0065231904102742815;0,00652319041027428;0,0065231904102742815;1,0016097239452757;0,01671950636354434;1,0015353898684465;0,016051872581668566;6,523190410274281e-07
212;-0,05599963418917079;-0,026999937794401005;0,05600290159700866;0,027002190428613952;3,2674078378688853e-06;2,2526342129472465e-06;0,0035993205185182063;0,0035993205185182063;0,0035993205185182063;0,9972202961387112;-0,038296091717917966;0,9972831990945864;-0,037733882606792474;3,5993205185182064e-07
213;0,18402819925512615;0,08902013946461487;-0,18400534329991577;-0,0890043824865563;2,2855955210371315e-05;1,5756978058570348e-05;0,01178772343572086;0,011787723435720859;0,01178772343572086;1,0012686673475173;0,011173684343341326;1,0011342857734886;0,009987481891036556;1,178772343572086e-06
214;0,8030149281940964;0,38926692226016346;-0,8020616967944152;-0,3884621357970557;0,0009532313996811759;0,0008047864631077761;0,05150894428930464;0,051508944289304644;0,051508944289304644;1,0002577143925386;-0,003596129207300228;0,9989028449179116;-0,023422354330504686;5,150894428930465e-06
215;0,016000107507541262;0,008000074111484004;-0,016000000000517454;-0,008000000000259081;1,0750702380754595e-07;7,411122492258226e-08;0,0010436619333524363;0,0010436619333524366;0,0010436619333524366;0,9895953768165823;-0,1993181626157957;0,9895882239419459;-0,1993764827460724;1,0436619333524364e-07
216;-0,04900000000010216;-0,024000000000215325;0,049001560634401246;0,024001076005258755;1,5606342990831523e-06;1,0760050434301116e-06;0,003188469286210748;0,003188469286210748;0,003188469286210748;0,987976357805721;-0,22251161248701734;0,9880103065055796;-0,2222177527056461;3,188469286210748e-07
217;-0,11299999999993506;-0,05400000000006769;0,11302990134677825;0,05402061571154705;2,99013468431919e-05;2,061571147936314e-05;0,007305184493347079;0,00730518449334708;0,00730518449334708;0,9898068284576628;-0,09092654244912945;0,9900903048990097;-0,08831582023282489;7,305184493347081e-07
218;0,37847830238533003;0,18212429213732656;-0,37843924401778983;-0,18209736270197738;3,90583675402012e-05;2,692943534918224e-05;0,024365599462170904;0,024365599462170904;0,024365599462170904;0,9952452850606557;-0,05608927281246882;0,9951342196424199;-0,057089288725287825;2,4365599462170906e-06
219;0,37876065285531973;0,18225001619299439;-0,3785783022545584;-0,18212429156538326;0,00018235060076132736;0,00012572462761112346;0,024370826930327463;0,024370826930327463;0,024370826930327463;0,995763697186074;-0,051421402572836436;0,9952452850606557;-0,05608927281246882;2,437082693032746e-06
220;0,37901279676999816;0,18228596818180737;-0,3789606519092037;-0,18225001604796273;5,214486079446745e-05;3,595213384463558e-05;0,02438127678124294;0,02438127678124294;0,02438127678124294;0,9959118748787434;-0,05008628851902577;0,995763697186074;-0,051421402572836436;2,438127678124294e-06
221;0,3795953443723729;0,1826186658884597;-0,3791127976731059;-0,18228596611222092;0,0004825466992670058;0,0003326997762387873;0,024386501281002067;0,024386501281002063;0,024386501281002067;0,9972828157519005;-0,03774453733413964;0,9959118748787434;-0,05008628851902577;2,4386501281002065e-06
222;0,37973448738554877;0,18264565108241765;-0,37969534523541326;-0,182618663881777;3,914215013550715e-05;2,698720064064908e-05;0,024391718316117212;0,02439171831611722;0,02439171831611722;0,9973939971349114;-0,03674447084723491;0,9972828157519005;-0,03774453733413964;2,439171831611722e-06
223;0,37999765826137466;0,18275814529388765;-0,3798344872724773;-0,18264565052150275;0,00016317098889734316;0,0001124947723848968;0,024396934969357006;0,024396934969357003;0,024396934969357006;0,9978573668248925;-0,03257682528409502;0,9973939971349114;-0,03674447084723491;2,4396934969357006e-06
224;0,8844197419269118;0,42777461506415154;-0,8840680318447952;-0,427532122750353;0,00035171008211654087;0,00024249231379852576;0,056635415495421726;0,05663541549542172;0,056635415495421726;1,0015152203320965;1,9076863939584123e-05;1,0010848200715088;-0,0037824713313657403;5,663541549542172e-06
225;0,07700889588499754;0,037006363939104156;-0,07699955884924936;-0,03699992661749868;9,337035748180345e-06;6,437321605476387e-06;0,004932393122042642;0,004932393122042644;0,004932393122042644;1,0000884002419077;-0,01272516967787157;0,9999572549534332;-0,013904240349838344;4,932393122042645e-07
226;0,0;0,0;0,0;0,0;0,0;0,0;;;;;;;;
227;0,0;0,0;0,0;0,0;0,0;0,0;;;;;;;;
228;0,018000779978504973;0,009000537776214207;-0,018000000000020076;-0,009000000000047977;7,799784848966373e-07;5,377761662303526e-07;0,0011752662455875897;0,0011752662455875897;0,0011752662455875897;0,9886688837432765;-0,11284564678243149;0,9886227977930192;-0,11322196555094781;1,1752662455875897e-07
229;-1,3701465700362485;-0,6693264037315098;1,3718080639679378;0,670471865638627;0,0016614939316892396;0,0011454619071172845;0,08930024025429831;0,0893002402542983;0,08930024025429831;0,9858848445913933;-0,13514163695980155;0,9871751160253617;-0,1238867170500426;8,93002402542983e-06
230;-0,16501054657155165;-0,08000815156233494;0,16503504266006205;0,08002883051422685;2,449608851040619e-05;2,0678951891908715e-05;0,010573946132077409;0,010573946132077404;0,010573946132077409;1,0013002466124716;0,011646562863580344;1,0014698592366438;0,014120557666120923;1,0573946132077408e-06
231;0,0;0,0;0,0;0,0;0,0;0,0;;;;;;;;
232;0,0;0,0;0,0;0,0;0,0;0,0;;;;;;;;
233;0,30913136846423744;0,14909056521198716;-0,3090918398519453;-0,14906331570053472;3,9528612292116794e-05;2,724951145244292e-05;0,020012309355883478;0,02001230935588347;0,020012309355883478;0,9901403149822846;-0,20338510009272062;0,9900034477806079;-0,20461608191561273;2,001230935588348e-06
234;-0,31613991415563353;-0,1530275178355641;0,31618132516023256;0,15305606499618135;4,141100459903457e-05;2,854716061725937e-05;0,020483270807407326;0,020483270807407326;0,020483270807407326;0,9899893708839368;-0,2057407990049852;0,9901294904746015;-0,2044925848934137;2,0483270807407323e-06
235;0,3211504785898946;0,15510374929790818;-0,3210651222536364;-0,15504489896483828;8,535633625816885e-05;5,885033306990417e-05;0,02079588045645607;0,020795880456456067;0,02079588045645607;0,9901403149822846;-0,20338510009272062;0,9898558714694636;-0,2059357455289217;2,079588045645607e-06
236;0,12200579949618573;0,059004462132509365;-0,12199910158232255;-0,05899984414538617;6,697913863179528e-06;4,617987123194112e-06;0,007815656450757163;0,007815656450757165;0,007815656450757165;1,0011342857734886;0,009987481891036556;1,0010748909420646;0,009462704955788749;7,815656450757165e-07
237;0,0;0,0;0,0;0,0;0,0;0,0;;;;;;;;
238;0,0;0,0;0,0;0,0;0,0;0,0;;;;;;;;
239;0,0;0,0;0,0;0,0;0,0;0,0;;;;;;;;
240;0,12400651586820376;0,060004492118226525;-0,12400046666725248;-0,0600003217325047;6,049200951277478e-06;4,170385721827263e-06;0,00805596836104464;0,008055968361044644;0,008055968361044644;0,9872988155423161;-0,12842271610369446;0,9872467727831069;-0,12888820322304204;8,055968361044645e-07
241;0,7769853684711325;0,37454652224001644;-0,7764802600041802;-0,3741982668811328;0,0005051084669522865;0,00034825535888366455;0,05058849433411019;0,05058849433411018;0,05058849433411019;0,9843999093539912;-0,1481003380995883;0,9837080490993387;-0,15437367894156115;5,058849433411019e-06
242;-0,14100234662126448;-0,06800209573085174;0,14102576167775285;0,0680182396275277;2,341505648836839e-05;1,614389667596583e-05;0,009062679320767333;0,009062679320767333;0,009062679320767333;0,9972831990945864;-0,037733882606792474;0,9974622353910827;-0,036134826032558146;9,062679320767334e-07
243;0,2710918398521186;0,13106331569990248;-0,27102083019752127;-0,13101436011207956;7,100965459733155e-05;4,8955587822918645e-05;0,017560245760954288;0,017560245760954284;0,017560245760954288;0,9900034477806079;-0,20461608191561273;0,9897231983872667;-0,20712219132996001;1,7560245760954288e-06
244;0,0;0,0;0,0;0,0;0,0;0,0;;;;;;;;
245;-0,10499922838096976;-0,05099986267638404;0,10501115285647758;0,05100808420258917;1,192447550782405e-05;8,22152620513078e-06;0,0067314667367978755;0,006731466736797876;0,006731466736797876;1,0011774409931053;0,01057398342406656;1,0013002466124716;0,011646562863580344;6,731466736797876e-07
246;0,0;0,0;0,0;0,0;0,0;0,0;;;;;;;;
247;-0,17099948615819827;-0,08299990940209322;0,17100800757083626;0,08300578338556214;8,521412637990666e-06;5,873983468920874e-06;0,01119606001680529;0,011196060016805294;0,011196060016805294;0,9801826005812779;-0,1859633877212669;0,9802353592222479;-0,18549214896068023;1,1196060016805292e-06
248;-0,9076073457011563;-0,4394187383841724;0,9080444401216876;0,4397201182629971;0,0004370944205313032;0,0003013798788247257;0,05887722179808127;0,05887722179808128;0,05887722179808128;0,9888225407720238;-0,09886372477183422;0,9893371063621733;-0,09427569285390384;5,887722179808128e-06
249;-0,0419997577524114;-0,01999996190689948;0,04200142171693769;0,02000110907994184;1,6639645262842007e-06;1,1471730423616433e-06;0,002688090718430256;0,0026880907184302556;0,002688090718430256;0,9991297363103844;-0,021225940602767224;0,9991725966277223;-0,02083140265591954;2,688090718430256e-07
250;0,0;0,0;0,0;0,0;0,0;0,0;;;;;;;;
251;0,0;0,0;0,0;0,0;0,0;0,0;;;;;;;;
252;0,6800586931373822;0,32946722275283624;-0,6797030761358595;-0,329222056477567;0,00035561700152275666;0,0002451662752692152;0,04367621609516169;0,04367621609516169;0,04367621609516169;0,9989028449179116;-0,023422354330504686;0,9983384972715662;-0,02839824246143084;4,367621609516169e-06
253;0,05600232330789074;0,027001601843038524;-0,05599999999969715;-0,026999999999906422;2,3233081935872257e-06;1,6018431321027093e-06;0,0036390590488942455;0,003639059048894244;0,0036390590488942455;0,9863805451059315;-0,25051726704331445;0,9863363054044706;-0,25091711723140664;3,6390590488942456e-07
254;-0,1029992381493679;-0,04999986481155507;0,10301410375056755;0,050010113693081115;1,4865601199648415e-05;1,0248881526044029e-05;0,006612969074841149;0,006612969074841149;0,006612969074841149;0,9995967581696835;-0,011870298391760672;0,9997525896221802;-0,010505303418040228;6,612969074841149e-07
255;0,23604356149985098;0,11403003193935146;-0,23601661661729473;-0,11401145555601543;2,694488255625127e-05;1,857638333603584e-05;0,015297661081639607;0,01529766108163961;0,01529766108163961;0,9893593268304997;-0,2239052417877407;0,989237262294818;-0,22499953368099976;1,529766108163961e-06
256;0,244065122253259;0,11804489896472528;-0,2440157688195777;-0,11801087142631847;4,9353433681287306e-05;3,4027538406811164e-05;0,015813140006816453;0,015813140006816453;0,015813140006816453;0,9898558714694636;-0,2059357455289217;0,9896395621471914;-0,20786858218356669;1,5813140006816453e-06
257;0,19404837390376498;0,09403397177940369;-0,19399879226339142;-0,09399978851262539;4,958164037355273e-05;3,418326677830097e-05;0,01248667722386724;0,012486677223867242;0,012486677223867242;0,997024194657699;-0,03994887509724865;0,996748965218763;-0,04237810945369285;1,2486677223867241e-06
258;-1,4938075410303717;-0,7294719366538834;1,4971243664765583;0,7317587766331967;0,003316825446186611;0,0022868399793132266;0,09722590651990322;0,09722590651990323;0,09722590651990323;0,9871751160253617;-0,1238867170500426;0,9895409239166921;-0,10327490169874953;9,722590651990323e-06
259;0,8068212919723952;0,39012017304388036;-0,8057383901898822;-0,3893735761627691;0,0010829017825129128;0,0007465968811112833;0,051663202756503254;0,051663202756503254;0,051663202756503254;1,0015152203320965;1,9076863939584123e-05;1,0000625534789969;-0,012833953165630617;5,166320275650326e-06
260;0,0;0,0;0,0;0,0;0,0;0,0;;;;;;;;
261;0,0;0,0;0,0;0,0;0,0;0,0;;;;;;;;
262;0,1680098810302664;0,08200729973626282;-0,16800220166189528;-0,0820020050691506;7,67936837112182e-06;5,294667112215601e-06;0,010803956008674056;0,01080395600867406;0,01080395600867406;0,9990697173878;-0,021574751895870006;0,9990204274912089;-0,02200063615284663;1,080395600867406e-06
263;0,0;0,0;0,0;0,0;0,0;0,0;;;;;;;;
264;0,48638282589395815;0,2352654878835043;-0,48617921718855434;-0,23512511661187385;0,0002036087054038127;0,0001403712716304406;0,03126089580369933;0,03126089580369933;0,03126089580369933;0,9978573668248925;-0,03257682528409502;0,9974059640719796;-0,03657713267143129;3,126089580369933e-06
265;-9,99992597222394e-05;-4,196607222512937e-10;9,999926706224606e-05;4,247214108367503e-10;7,3400066542351e-12;5,060688585456585e-12;5,785340316974257e-06;5,785340316974256e-06;5,785340316974257e-06;0,997946470849997;-0,031107606310332797;0,99794654410009;-0,031104706745756102;5,785340316974257e-10
266;0,07712760793839732;0,03701926609755763;-0,0771088951729072;-0,03700636427292424;1,8712765490119798e-05;1,2901824633392012e-05;0,004937597102081573;0,0049375971020815725;0,004937597102081573;1,000350940222281;-0,010357642019647038;1,0000884002419077;-0,01272516967787157;4,937597102081573e-07
267;-0,460466715754509;-0,22325418453449944;0,4606579009484473;0,22338600031800815;0,00019118519393829247;0,0001318157835087097;0,029526217332713996;0,02952621733271399;0,029526217332713996;1,00063598187834;-0,007722017373900571;1,0010848200715088;-0,0037824713313657403;2,9526217332713994e-06
268;-0,194100000007936;-0,09400000000529864;0,194139914155032;0,09402751783526986;3,991414709600405e-05;2,751782997122143e-05;0,012580047347963157;0,012580047347963157;0,012580047347963157;0,9897694582164049;-0,20769816901285973;0,9899893708839368;-0,2057407990049852;1,2580047347963157e-06
269;0,19402577393955261;0,09401850899859432;-0,19399856265028198;-0,0939997477266485;2,721128927063443e-05;1,8761271945819114e-05;0,01245403982720629;0,01245403982720629;0,01245403982720629;0,9995114806383385;-0,012609326977905358;0,9993600323880749;-0,013942910695972706;1,245403982720629e-06
270;-0,23122384354926262;-0,1120164403533709;0,23127098567169682;0,11204894214899841;4,714212243420168e-05;3,250179562751254e-05;0,015003242170452968;0,015003242170452964;0,015003242170452968;0,9887037651890647;-0,10074768210217606;0,9889215568526711;-0,09880865913464229;1,5003242170452967e-06
271;0,26724708385357776;0,12818600525321022;-0,2671476132755159;-0,12810202644127713;9,947057806186654e-05;8,397881193308865e-05;0,01739804000982415;0,01739804000982415;0,01739804000982415;0,9835954129938927;-0,15240404520166098;0,9831772705568819;-0,15872789848723629;1,7398040009824146e-06
272;0,0;0,0;0,0;0,0;0,0;0,0;;;;;;;;
273;0,2231273100603027;0,10808848623186405;-0,22304826330600216;-0,10803398827415821;7,904675430053798e-05;5,4497957705845756e-05;0,014351430555143839;0,014351430555143842;0,014351430555143842;0,9974059640719796;-0,03657713267143129;0,997024194657699;-0,03994887509724865;1,4351430555143843e-06
274;0,0;0,0;0,0;0,0;0,0;0,0;;;;;;;;
275;0,18679689094673682;0,09006680524842191;-0,18676082134222988;-0,0900419335398539;3,6069604506944186e-05;2,487170856800558e-05;0,012011835388288414;0,012011835388288414;0,012011835388288414;0,9967586687826197;-0,028629666411318273;0,9965505846018764;-0,030491658727985243;1,2011835388288415e-06
276;0,27109160446753233;0,13106726872531563;-0,2710230751598227;-0,1310200200644597;6,85293077096194e-05;4,724866085592527e-05;0,017677419020518743;0,01767741902051874;0,017677419020518743;0,9834462221450395;-0,15676926126181703;0,9831775495946767;-0,15918813395943768;1,7677419020518742e-06
277;-0,11900097920000648;-0,05700103543507099;0,1190130907227774;0,05700938532290789;1,2111522770918981e-05;8,349887836898995e-06;0,007624346453810036;0,007624346453810035;0,007624346453810036;0,9991725966277223;-0,02083140265591954;0,999282626093742;-0,019833462279143683;7,624346453810037e-07
278;-0,11911309001211452;-0,05700938565328244;0,11912904774203474;0,057020387371218235;1,595772992021849e-05;1,1001717935797684e-05;0,0076295575106608265;0,007629557510660828;0,007629557510660828;0,999282626093742;-0,019833462279143683;0,9994274917347883;-0,01851705183230765;7,629557510660828e-07
279;-1,9074569820848466;-0,9335742224094893;1,911606524332142;0,9364350361715776;0,004149542247295468;0,0028608137620883545;0,12303081220486999;0,12303081220486997;0,12303081220486999;0,9965784412972206;-0,04239674862011888;0,9989176921666107;-0,022333278103458903;1,2303081220487e-05
280;-0,24602507863049258;-0,11901811787752176;0,24609642165182385;0,1190673064996161;7,134302133127157e-05;4,918862209433994e-05;0,015819208739765712;0,015819208739765712;0,015819208739765712;0,9974622353910827;-0,036134826032558146;0,9977748080920594;-0,03336614501572937;1,5819208739765712e-06
281;0,1816607983962061;0,0880419177180626;-0,18164069963558158;-0,08802806032430413;2,0098760624531753e-05;1,3857393758476277e-05;0,011695387645455472;0,011695387645455474;0,011695387645455474;0,9965505846018764;-0,030491658727985243;0,996431464660275;-0,03154317902265056;1,1695387645455472e-06
282;0,17924042636758253;0,08702787094383303;-0,179224358610181;-0,08701679414116777;1,6067757401538874e-05;1,1076802665266339e-05;0,011541173477985492;0,011541173477985495;0,011541173477985495;0,9967586687826197;-0,028629666411318273;0,9966621593710173;-0,02947699516095021;1,1541173477985494e-06
283;-0,09799943790945373;-0,04699993355145931;0,09801637827816735;0,04701161295824412;1,6940368713622145e-05;1,1679406784807778e-05;0,006293861635845142;0,0062938616358451435;0,0062938616358451435;0,9970114444363649;-0,04011271653601329;0,9971978918103326;-0,038423296702876295;6,293861635845144e-07
284;0,19014290155008803;0,09109852227018717;-0,1901229667784453;-0,09108477791326797;1,9934771642721172e-05;1,374435691919862e-05;0,012308657622195206;0,012308657622195207;0,012308657622195207;0,9889640559175191;-0,0983929035137714;0,9888518731625103;-0,09942074155863365;1,2308657622195207e-06
285;0,17403352399860944;0,08502529079456983;-0,17401948270334922;-0,08501343395718633;1,404129526022535e-05;1,1856837383500407e-05;0,011322362155584544;0,011322362155584544;0,011322362155584544;0,9876798516781434;-0,12500834090475021;0,9875889794440658;-0,12633654670587333;1,1322362155584544e-06
286;0,12200939006788383;0,059006835156444074;-0,12199929997272324;-0,05899987900840338;1,0090095160592005e-05;6,956148040693222e-06;0,007832093812034348;0,007832093812034348;0,007832093812034348;0,9990646306253773;-0,021599989974084473;0,9989753448728943;-0,022390277729479005;7,832093812034349e-07
287;-0,453046592975089;-0,22003212447030077;0,4533175479402538;0,22021894765774638;0,00027095496516482687;0,0001868231874456172;0,029497774600367312;0,029497774600367305;0,029497774600367312;0,9857815709819666;-0,25561468981146923;0,9864183693333505;-0,24996684928295015;2,9497774600367313e-06
288;0,17203224867334085;0,08202223232137103;-0,1720103649691994;-0,08200714613824407;2,1883704141467675e-05;1,5086183126955532e-05;0,011133367794901811;0,011133367794901811;0,011133367794901811;0,9883303324150448;-0,10421327728078059;0,9881942269486618;-0,10547594495988152;1,113336779490181e-06
289;0,17002002941955746;0,08201381144371321;-0,1700102581692269;-0,08200707265038179;9,771250330553594e-06;6,738793331420578e-06;0,011048963269789044;0,011048963269789044;0,011048963269789044;0,9863805451059315;-0,25051726704331445;0,9863192585770961;-0,2510709987202633;1,1048963269789043e-06
290;0,24614768624451835;0,11810199074307662;-0,24608568264042832;-0,11805924133615264;6,200360409003292e-05;4,274940692397533e-05;0,016032188439546218;0,016032188439546218;0,016032188439546218;0,9831772705568819;-0,15872789848723629;0,9829093613862342;-0,16118831923027865;1,603218843954622e-06
291;0,0;0,0;0,0;0,0;0,0;0,0;;;;;;;;
292;9,999915050150614e-05;4,916496543826444e-10;-9,999914241070025e-05;-4,860713148769791e-10;8,09080589797475e-12;5,578339505665227e-12;5,791355613834915e-06;5,791355613834914e-06;5,791355613834915e-06;0,9969088467569627;-0,041020445905716636;0,9969087660980458;-0,041023642063438566;5,791355613834915e-10
293;0,14902083019720916;0,072014360112298;-0,1490075411787803;-0,07200519874353262;1,3289018428869204e-05;9,161368765386868e-06;0,009654896188190938;0,00965489618819094;0,00965489618819094;0,9897231983872667;-0,20712219132996001;0,98962781162231;-0,2079761372175299;9,65489618819094e-07
294;-0,11801625560209836;-0,05701158726576561;0,11802193902246379;0,05701550519810264;5,683420365429348e-06;3,917932337026142e-06;0,00758833181876083;0,007588331818760829;0,00758833181876083;0,9971978918103326;-0,038423296702876295;0,9972497948566218;-0,03796184048022774;7,58833181876083e-07
295;-0,19412357581144007;-0,09401682746733656;0,1941491392413554;0,09403445098823386;2,556342991533178e-05;1,762352089730579e-05;0,01246636423298859;0,012466364232988589;0,01246636423298859;0,9989275884109011;-0,022827986400407944;0,9990697173878;-0,021574751895870006;1,246636423298859e-06
296;-0,19399888681222924;-0,09399980541025504;0,19402357642405565;0,09401682726716332;2,4689611826417268e-05;1,7021856908272515e-05;0,012461162767762634;0,012461162767762636;0,012461162767762636;0,9987902551113138;-0,02403781301254467;0,9989275884109011;-0,022827986400407944;1,2461162767762635e-06
297;0,15501661661761937;0,07501145555612992;-0,15500000000007633;-0,07499999999999046;1,6616617543041556e-05;1,1455556139461365e-05;0,01005082153734189;0,01005082153734189;0,01005082153734189;0,989237262294818;-0,22499953368099976;0,9891226792827342;-0,22602236203272824;1,005082153734189e-06
298;0,15402013120654284;0,07401621142327869;-0,15400506925855467;-0,07400349480208997;1,5061947988170843e-05;1,2716621188721411e-05;0,009910247981280351;0,009910247981280351;0,009910247981280351;0,9955217231613421;-0,039253265822439404;0,995410545201548;-0,04090908290686342;9,91024798128035e-07
299;0,15229657132750632;0,0740665811958013;-0,15221754039387098;-0,0740120920158393;7,903093363534341e-05;5,448917996199454e-05;0,009869118835113709;0,009869118835113712;0,009869118835113712;0,9907209706723294;-0,18939918166171354;0,990165786776207;-0,19428635628923221;9,869118835113712e-07
300;0,12601260817277105;0,06100869155708792;-0,12600000000038666;-0,0610000000000474;1,2608172384381833e-05;8,69155704052299e-06;0,008176053253058922;0,00817605325305892;0,008176053253058922;0,9886382534088861;-0,2303194404046489;0,9885313739126814;-0,23127257420231181;8,176053253058921e-07
301;0,20218114599532064;0,09805594396339778;-0,2021756070027427;-0,09805212675429215;5,538992577935886e-06;3,817209105638764e-06;0,012973329556860097;0,012973329556860097;0,012973329556860097;1,0000000000521292;3,818796318236873e-20;0,9999704077613037;-0,00025945199630827585;1,2973329556860097e-06
302;0,20207560700218458;0,0980521267546966;-0,20200000000000898;-0,0979999999999603;7,560700217559835e-05;5,2126754736300795e-05;0,012968134847010865;0,012968134847010863;0,012968134847010865;0,9999704077613037;-0,00025945199630827585;0,9995662597528449;-0,0038044717457786023;1,2968134847010864e-06
303;0,0;0,0;0,0;0,0;0,0;0,0;;;;;;;;
304;0,0;0,0;0,0;0,0;0,0;0,0;;;;;;;;
305;0,2761112879145202;0,13407777090248293;-0,2760251687696616;-0,13401839788731446;8,611914485862071e-05;5,937301516847904e-05;0,017724077899830538;0,01772407789983054;0,01772407789983054;0,9998483098992064;-0,009660726451710263;0,9995114806383385;-0,012609326977905358;1,772407789983054e-06
306;0,2250857093630216;0,10805924566689232;-0,22501613619010835;-0,10801127618373174;6,957317291325649e-05;4,796948316057592e-05;0,01466596397547514;0,014665963975475142;0,014665963975475142;0,9829093613862342;-0,16118831923027865;0,9825807275053158;-0,164203192529976;1,4665963975475143e-06
307;0,28654403686069163;0,13911092997049818;-0,2865216912405997;-0,1390955234143746;2,2345620091956953e-05;1,5406556123587212e-05;0,018429614976781482;0,018429614976781486;0,018429614976781486;0,9978588606576936;-0,03262848564411802;0,9977748080920594;-0,03336614501572937;1,8429614976781487e-06
308;-0,423229577766974;-0,2040905867197134;0,4233101298305154;0,2041461246677638;8,055206354140587e-05;5,5537948050410346e-05;0,027104039227873414;0,027104039227873414;0,027104039227873414;1,0008788793171772;-0,005615700409365251;1,0010848200715088;-0,0037824713313657403;2,7104039227873412e-06
309;0,060002881577838445;0,028002226730932844;-0,0600007273464398;-0,02800074161686257;2,1542313986475103e-06;1,485114070273047e-06;0,0038872935026994424;0,0038872935026994424;0,0038872935026994424;0,9834462221450395;-0,15676926126181703;0,9834079009058035;-0,1571454723562128;3,8872935026994425e-07
310;0,14201948270294626;0,06901343395784212;-0,14200602890909717;-0,0690041571541411;1,3453793849094176e-05;9,276803701024905e-06;0,009230921803464142;0,009230921803464139;0,009230921803464142;0,9875889794440658;-0,12633654670587333;0,9874879356775936;-0,12723056517967737;9,230921803464141e-07
311;-0,29300764062011986;-0,14200571988532917;0,29312862575926985;0,1420891350838676;0,00012098513914998721;8,341519853843904e-05;0,01917790084136043;0,019177900841360424;0,01917790084136043;0,9802353592222479;-0,18549214896068023;0,9806726434422504;-0,18157000228536302;1,917790084136043e-06
312;0,13901025816915266;0,06700707265093346;-0,1390000577699192;-0,06700003983427934;1,0200399233467605e-05;7,032816654123364e-06;0,009033087298068638;0,009033087298068634;0,009033087298068638;0,9863192585770961;-0,2510709987202633;0,9862410114662662;-0,2517787403668705;9,033087298068638e-07
313;0,16011814482784875;0,07801250894277349;-0,16011268918718644;-0,07800874743918775;5,455640662316297e-06;3,76150358574745e-06;0,010401078993320637;0,010401078993320637;0,010401078993320637;0,9886746228007403;-0,23000033569281952;0,9886382534088861;-0,2303194404046489;1,0401078993320638e-06
314;0,1321150435103561;0,0640107629760058;-0,13209924055451366;-0,06399986736760005;1,580295584244218e-05;1,089560840575321e-05;0,00848886930953733;0,008488869309537331;0,008488869309537331;0,9984605757681222;-0,026992995364156284;0,9983315398022169;-0,02813076146658486;8,488869309537332e-07
315;0,12200754117858789;0,05900519874347493;-0,12199999999974427;-0,05899999999993985;7,5411788436202665e-06;5,198743535078654e-06;0,007906639837764236;0,007906639837764236;0,007906639837764236;0,98962781162231;-0,2079761372175299;0,9895617105885627;-0,2085667361672496;7,906639837764237e-07
316;0,13111745972005562;0,06401203639453257;-0,13110237912798714;-0,06400163958030307;1,5080592068478227e-05;1,0396814229499118e-05;0,008507705415942233;0,008507705415942235;0,008507705415942235;0,990165786776207;-0,19428635628923221;0,9900428681001687;-0,19535725827523684;8,507705415942235e-07
317;0,13100237912673482;0,06400163958140555;-0,13099999999974696;-0,06400000000072842;2,3791269878614685e-06;1,6395806771291044e-06;0,008502465347241897;0,008502465347241897;0,008502465347241897;0,9900428681001687;-0,19535725827523684;0,9900234654244644;-0,19552577292335213;8,502465347241898e-07
318;0,15203329302750218;0,0730229545818917;-0,15201043615633833;-0,07300719503391948;2,2856871163851045e-05;1,5759547972227228e-05;0,00984672367332313;0,009846723673323135;0,009846723673323135;0,9889215568526711;-0,09880865913464229;0,9887607440177104;-0,10027299032384107;9,846723673323136e-07
319;0,1291225360948246;0,06301553773646061;-0,12910764780526338;-0,06300527346201297;1,4888289561226786e-05;1,0264274447641109e-05;0,008323078436519249;0,008323078436519247;0,008323078436519249;0,9966621593710173;-0,02947699516095021;0,9965381187589877;-0,03055166988683314;8,32307843651925e-07
320;0,12843701004963873;0,06202551641230525;-0,12842570205894324;-0,062017720270867265;1,1307990695486048e-05;7,796141437983739e-06;0,00826422051222021;0,008264220512220212;0,008264220512220212;0,996431464660275;-0,03154317902265056;0,9963366412928164;-0,03238799613465244;8,264220512220212e-07
321;-0,040100586223128384;-0,019000404218795636;0,04010204172557913;0,019001407805534512;1,4555024507451053e-06;1,0035867388756559e-06;0,002589205714431906;0,0025892057144319054;0,002589205714431906;0,9894723337011885;-0,09388442214455098;0,989511245366177;-0,09351811547679119;2,5892057144319056e-07
322;0,1260231337564524;0,06101594994975615;-0,12600000000005618;-0,06100000000006571;2,313375639623194e-05;1,5949949690438614e-05;0,008119770827052775;0,008119770827052777;0,008119770827052777;0,9955808797903036;-0,03863115465541321;0,9953834076800525;-0,04038074387172307;8,119770827052777e-07
323;0,12601247605793484;0,061010533065276915;-0,12599999999991812;-0,06099999999990217;1,2476058016713809e-05;1,0533065374747352e-05;0,008175476265979153;0,008175476265979155;0,008175476265979155;0,9887128541783626;-0,1097015246413224;0,9886011398546443;-0,11135652313460676;8,175476265979155e-07
324;0,12601123474198256;0,06100774698961362;-0,12599999999986758;-0,061000000000057945;1,1234742114979435e-05;7,746989555676431e-06;0,008183467184709933;0,008183467184709935;0,008183467184709935;0,9877309569226508;-0,10862241872259996;0,9876357994694341;-0,10947255336454417;8,183467184709934e-07
325;0,0;0,0;0,0;0,0;0,0;0,0;;;;;;;;
326;-0,07709958454180174;-0,0369999314759125;0,07710656304027808;0,03700474291672246;6,9784984763343605e-06;4,811440809965317e-06;0,004947547836948286;0,004947547836948285;0,004947547836948286;0,99794654410009;-0,031104706745756102;0,9980442549536679;-0,03022141448105585;4,947547836948285e-07
327;0,03800077871940683;0,018000762381942727;-0,03799987080926201;-0,017999995978534127;9,079101448219995e-07;7,664034086009297e-07;0,0024686382251583932;0,0024686382251583924;0,0024686382251583932;0,9834079009058035;-0,1571454723562128;0,9833810381146761;-0,15755965390388796;2,4686382251583933e-07
328;0,1541581339459259;0,07404054187644561;-0,15412716761824205;-0,07401919263845373;3,096632768384566e-05;2,1349237991880043e-05;0,009868048892407747;0,009868048892407747;0,009868048892407747;1,000568332537685;-0,008401312287365348;1,000350940222281;-0,010357642019647038;9,868048892407747e-07
329;0,12200917308525351;0,05900679001761669;-0,1219990964880299;-0,05899984317510249;1,0076597223615535e-05;6,946842514198026e-06;0,007826853401199556;0,007826853401199556;0,007826853401199556;0,9997319609526735;-0,010696591322687478;0,9996427349351987;-0,011485821003826514;7,826853401199557e-07
330;0,1150074674582845;0,05600514911866493;-0,11499999999989462;-0,055999999999629554;7,467458389878723e-06;5,1491190353747385e-06;0,00741106850443045;0,0074110685044304495;0,00741106850443045;0,9965381187589877;-0,03055166988683314;0,9964682539581232;-0,03116086897870769;7,41106850443045e-07
331;0,12201576882012616;0,05901087142644613;-0,122000000000016;-0,059000000000092076;1,5768820110159676e-05;1,087142635405186e-05;0,007907122158293955;0,007907122158293953;0,007907122158293955;0,9896395621471914;-0,20786858218356669;0,9895013490687918;-0,2091037198593495;7,907122158293956e-07
332;-0,3743282073846944;-0,18115844227089664;0,3744672031927609;0,18125427522201212;0,0001389958080664777;9,583295111548207e-05;0,024004087043222766;0,02400408704322277;0,02400408704322277;1,0002346425861315;-0,011263139326030572;1,00063598187834;-0,007722017373900571;2,400408704322277e-06
333;0,10932540911478969;0,05301751829573536;-0,1093158421738418;-0,05301092271309837;9,566940947891567e-06;6,5955826369923365e-06;0,007040753562316389;0,007040753562316387;0,007040753562316389;0,9963366412928164;-0,03238799613465244;0,9962424540502723;-0,03321803759026789;7,04075356231639e-07
334;0,19402322581876008;0,09402012696871104;-0,19399934475091166;-0,09399996800044275;2,3881067848424697e-05;2,0158968268291222e-05;0,012660850664079128;0,012660850664079128;0,012660850664079128;0,9831775495946767;-0,15918813395943768;0,9830394620739479;-0,16124189318598192;1,2660850664079127e-06
335;-0,02110000002265703;-0,010000000015741969;0,021100586222925044;0,01000040421881486;5,862002680143141e-07;4,0420307289082413e-07;0,0013624817574563347;0,001362481757456335;0,001362481757456335;0,9894425514043756;-0,09416465367688862;0,9894723337011885;-0,09388442214455098;1,362481757456335e-07
336;-0,1860322486730179;-0,08902223232131809;0,18612296677845908;0,0890847779134539;9,07181054411732e-05;6,254559213580979e-05;0,012047585819885806;0,012047585819885806;0,012047585819885806;0,9883303324150448;-0,10421327728078059;0,9888518731625103;-0,09942074155863365;1,2047585819885805e-06
337;0,10310467608052491;0,050003996687078195;-0,1030999383621345;-0,049999996998428484;4,737718390407375e-06;3,9996886497112305e-06;0,006712433294018525;0,006712433294018525;0,006712433294018525;0,9856162588964043;-0,14157430456920894;0,9855645812943209;-0,14234004295242764;6,712433294018525e-07
338;0,10100462851122317;0,04900319163059155;-0,10100000000056229;-0,0489999999998455;4,628510660881213e-06;3,191630746052221e-06;0,006562921597348528;0,006562921597348528;0,006562921597348528;0,9876052585638898;-0,239523818518274;0,9875563689718083;-0,23995825598072765;6,562921597348528e-07
339;0,10100071066750135;0,04900049020475772;-0,10100000000197809;-0,049000000001166874;7,106655232624881e-07;4,902035908443958e-07;0,006574787440009514;0,0065747874400095135;0,006574787440009514;0,9857815709819666;-0,25561468981146923;0,9857740773778746;-0,2556814689944649;6,574787440009515e-07
340;0,0;0,0;0,0;0,0;0,0;0,0;;;;;;;;
341;0,09921576713405905;0,0480108709741221;-0,09920749002086263;-0,048005164392974246;8,277113196425434e-06;5,706581147853218e-06;0,006387651838445848;0,006387651838445848;0,006387651838445848;0,9962424540502723;-0,03321803759026789;0,9961526443120716;-0,03401415718814718;6,387651838445847e-07
342;0,4021494289210949;0,1935182436826243;-0,40204381820664453;-0,19344543206930326;0,00010561071445036596;7,28116133210388e-05;0,02577243352646573;0,025772433526465723;0,02577243352646573;0,9997690624543772;0,00016516462860139688;0,9994851471096542;-0,00237956154749753;2,5772433526465726e-06
343;-1,619123765155201;-0,7907588816386949;1,622274827214407;0,7929314333183662;0,0031510620592059;0,0021725516796713418;0,10513261969149254;0,10513261969149255;0,10513261969149255;0,9895409239166921;-0,10327490169874953;0,9916194709073584;-0,08520929592273986;1,0513261969149255e-05
344;0,3969438184714947;0,19144540840522378;-0,3965387724290982;-0,19116614943656765;0,0004050460423964952;0,000279258968656132;0,02545688374763524;0,025456883747635238;0,02545688374763524;0,9994851471096542;-0,00237956154749753;0,9983826092341758;-0,012216023945101458;2,5456883747635244e-06
345;-1,8071165268987615;-0,8835811838568889;1,8114576185178592;0,8865740798523959;0,004341091619097792;0,0029928959955070056;0,1168384846983141;0,11683848469831405;0,1168384846983141;0,9940016456714431;-0,06460967776457935;0,9965784412972206;-0,04239674862011888;1,168384846983141e-05
346;0,04900288238016779;0,02400212812122631;-0,04899972016024066;-0,023999947979412396;3,1622199271330587e-06;2,180141813915709e-06;0,003153424776521323;0,003153424776521323;0,003153424776521323;0,9990204274912089;-0,02200063615284663;0,9989508756034053;-0,022595946083410794;3,153424776521323e-07
347;-0,0001000000000398202;-5,0226629450561224e-14;0,00010000002270180995;1,567439482028389e-11;2,2661989743533867e-11;1,562416819083333e-11;5,835107853802381e-06;5,83510785380238e-06;5,835107853802381e-06;0,9894423271770448;-0,09417360566380721;0,9894425514043756;-0,09416465367688862;5,83510785380238e-10
348;0,0;0,0;0,0;0,0;0,0;0,0;;;;;;;;
349;0,0;0,0;0,0;0,0;0,0;0,0;;;;;;;;
350;-0,7304103653199181;-0,3532829270128496;0,7306073457014676;0,3534187383839862;0,00019698038154947195;0,00013581137113660713;0,04738732304315383;0,04738732304315383;0,04738732304315383;0,9885344427506784;-0,10143992296485607;0,9888225407720238;-0,09886372477183422;4,738732304315383e-06
351;0,08601036496874111;0,041007146138453035;-0,08599999999996569;-0,04100000000013153;1,0364968775419814e-05;7,146138321506568e-06;0,005567047048805678;0,005567047048805678;0,005567047048805678;0,9881942269486618;-0,10547594495988152;0,9880653026633786;-0,10667260704554257;5,567047048805677e-07
352;0,07510609632504497;0,03600420339863643;-0,07510096047673802;-0,0360006621684234;5,1358483069557925e-06;3,541230213024993e-06;0,004863693292656735;0,004863693292656735;0,004863693292656735;0,9887037651890647;-0,10074768210217606;0,988630618595291;-0,10141718604510011;4,863693292656735e-07
353;-0,35312844580641173;-0,17108910368455166;0,3531986656643041;0,17113751792309848;7,021985789235075e-05;4,841423854681781e-05;0,023101226171970163;0,02310122617197016;0,023101226171970163;0,9806726434422504;-0,18157000228536302;0,9808833355692594;-0,17967907352212192;2,3101226171970164e-06
354;-0,3532986656747102;-0,17113751765513696;0,35331623669948675;0,1711496267661043;1,7571024776563693e-05;1,2109110967328807e-05;0,023106523284793398;0,0231065232847934;0,0231065232847934;0,9808833355692594;-0,17967907352212192;0,9809360379557808;-0,17920652762614814;2,3106523284793402e-06
355;0,08100874936447174;0,0390060321090999;-0,08099999999989843;-0,03900000000001482;8,749364573304441e-06;6,032109085077342e-06;0,0052453527120031596;0,00524535271200316;0,00524535271200316;0,9896344847478521;-0,10080931484036088;0,9895189120575488;-0,10185398382955281;5,24535271200316e-07
356;0,08100602890922781;0,039004157153741455;-0,0810000000000517;-0,03899999999995097;6,028909176114539e-06;4,15715379048498e-06;0,0052565639167230635;0,005256563916723064;0,005256563916723064;0,9874879356775936;-0,12723056517967737;0,9874084651445707;-0,12795079498088593;5,256563916723065e-07
357;0,08100506925813687;0,039003494802308136;-0,08100000000013034;-0,03900000000003907;5,0692580065292425e-06;3,4948022690634017e-06;0,005214659384374093;0,005214659384374092;0,005214659384374093;0,995410545201548;-0,04090908290686342;0,9953431904882019;-0,04151431225149974;5,214659384374093e-07
358;0,0790002287940543;0,03800064562242293;-0,078999435144198;-0,03799997544646794;7,936498563065886e-07;6,70175954994856e-07;0,005087780842810336;0,0050877808428103355;0,005087780842810336;0,9947989557636177;-0,06010531014669915;0,9947875431312615;-0,06027518341430607;5,087780842810337e-07
359;-0,13810029972053933;-0,06700020668777108;0,13811774722425202;0,06701223695494342;1,744750371268644e-05;1,2030267172336018e-05;0,00896451371582998;0,00896451371582998;0,00896451371582998;0,9885688464083225;-0,1019449472093918;0,9887037651890647;-0,10074768210217606;8,964513715829981e-07
360;0,055002391411534055;0,027001730270437042;-0,054999837568723835;-0,026999969481413304;2,5538428102198085e-06;1,7607890237386625e-06;0,0035971331256281812;0,0035971331256281812;0,0035971331256281812;0,9834462221450395;-0,15676926126181703;0,9833969728517047;-0,1571949072531915;3,597133125628181e-07
361;-0,2751392768485012;-0,13202785654326926;0,27530152236679195;0,13213972100118873;0,00016224551829074896;0,00011186445791946942;0,017649741890574163;0,017649741890574163;0,017649741890574163;0,9982808857539192;-0,028086304621346647;0,9989176921666107;-0,022333278103458903;1,7649741890574162e-06
362;0,3654455200334952;0,17723929651243014;-0,3653008315425682;-0,17713953864727663;0,00014468849092696967;9,975786515351026e-05;0,023448067447610917;0,023448067447610917;0,023448067447610917;1,0000625534789969;-0,012833953165630617;0,9996348192474211;-0,016590664596601128;2,3448067447610916e-06
363;0,36520083133037773;0,17713953965115573;-0,3650079988441505;-0,177006588114824;0,00019283248622720128;0,0001329515363317213;0,02344287075427919;0,02344287075427919;0,02344287075427919;0,9996348192474211;-0,016590664596601128;0,9990646306253773;-0,021599989974084473;2,344287075427919e-06
364;0,3637052421264405;0,17622238106790702;-0,36354350900150606;-0,1761108771483555;0,0001617331249344489;0,00011150391955153105;0,023372344933683092;0,02337234493368309;0,023372344933683092;0,9983384972715662;-0,02839824246143084;0,9978588606576936;-0,03262848564411802;2,3372344933683093e-06
365;0,07100693317707923;0,03400478019323402;-0,07100000000007613;-0,03400000000006087;6,933177003107249e-06;4,780193173146985e-06;0,004590935577415246;0,004590935577415245;0,004590935577415246;0,9900903048990097;-0,08831582023282489;0,9899857017346056;-0,08927418386186978;4,5909355774152457e-07
366;-0,19399888893726175;-0,09399980576017827;0,19403631182925743;0,0940256075899537;3,742289199568094e-05;2,5801829775420893e-05;0,0124552662218986;0,0124552662218986;0,0124552662218986;0,9992631098590853;-0,019827604972835127;0,9994713718358059;-0,017993668211479557;1,2455266221898599e-06
367;-0,1941363113116098;-0,09402560764990585;0,19418483260918157;0,09405906065548908;4,8521297571768596e-05;3,3453005583231055e-05;0,012460464831126577;0,012460464831126577;0,012460464831126577;0,9994713718358059;-0,017993668211479557;0,9997412763629133;-0,01561503939880971;1,2460464831126577e-06
368;0,06810711161269742;0,03300490349491689;-0,06810206956758351;-0,033001426879264786;5,042045113909377e-06;3,4766156521010005e-06;0,004386430792344842;0,004386430792344842;0,004386430792344842;0,9961526443120716;-0,03401415718814718;0,9960729674262762;-0,03471811973381729;4,3864307923448415e-07
369;0,0680041271501091;0,03300284544062481;-0,06800000000017213;-0,033000000000029374;4,127149936972163e-06;2,8454405954364548e-06;0,004371175543737834;0,004371175543737835;0,004371175543737835;0,9983934160559967;-0,014172970918269388;0,9983279653700671;-0,014747535929756736;4,3711755437378347e-07
370;-0,05899999999979178;-0,02900000000006391;0,059003045982127064;0,02900209995160046;3,045982335282693e-06;2,0999515365528743e-06;0,0038235514440984283;0,003823551444098428;0,0038235514440984283;0,9926926723761359;-0,06398123624472134;0,9927479369458121;-0,0635098031616947;3,8235514440984277e-07
371;-0,12199923954493569;-0,058999868386553286;0,12201883809017983;0,059013380289255554;1,9598545244137178e-05;1,3511902702267875e-05;0,007850518799525736;0,007850518799525738;0,007850518799525738;0,996630338575363;-0,04348128648816851;0,9968033582473869;-0,04194617069540326;7,850518799525738e-07
372;-0,21302134866969272;-0,10301540217570726;0,21305221769248672;0,10303668339149442;3,086902279400561e-05;2,128121578716391e-05;0,013699089101650476;0,013699089101650477;0,013699089101650477;0,9972497948566218;-0,03796184048022774;0,9974059640719796;-0,03657713267143129;1,3699089101650477e-06
373;0,08501043615610125;0,041007195033777706;-0,08500420807790833;-0,04100290144132048;6,228078192921371e-06;4,293592457224604e-06;0,005511212305162495;0,0055112123051624965;0,0055112123051624965;0,9887607440177104;-0,10027299032384107;0,9886824367529056;-0,10097798536071968;5,511212305162497e-07
374;-0,2411283492244354;-0,11602026622217877;0,24122267319049673;0,11608529943544128;9,432396606132154e-05;6,503321326251088e-05;0,015458076715371312;0,015458076715371315;0,015458076715371315;0,9994274917347883;-0,01851705183230765;0,9998502662297731;-0,01472751266852379;1,5458076715371316e-06
375;0,062004783830219436;0,030004038630003338;-0,06199999999995546;-0,030000000000164125;4,783830263976885e-06;4,038629839213381e-06;0,00400710536980299;0,00400710536980299;0,00400710536980299;0,9924741238890151;-0,06607692896822573;0,992386734117531;-0,06736766291497007;4,0071053698029895e-07
376;0,36329330719250214;0,17513435866566704;-0,36322197604142353;-0,1750851782277141;7,133115107860188e-05;4,91804379529337e-05;0,02328330756782093;0,023283307567820932;0,023283307567820932;1,0000625534789969;-0,012833953165630617;0,9998502662297731;-0,01472751266852379;2,3283307567820935e-06
377;0,060000732438037524;0,02900050491411703;-0,06000000000045011;-0,02899999999969506;7,324375874140365e-07;5,049144219670954e-07;0,003852491890624845;0,003852491890624845;0,003852491890624845;0,998720019564549;-0,03214639834911505;0,998706843924317;-0,0322632096949522;3,852491890624845e-07
378;-0,24601123474214914;-0,11900774698984852;0,24606579283220753;0,11904536428387785;5,455809005838752e-05;3,761729402933234e-05;0,015974069602633017;0,01597406960263302;0,01597406960263302;0,9877309569226508;-0,10862241872259996;0,987967674501432;-0,10650442488868653;1,5974069602633019e-06
379;0,0680026496503722;0,03300182704264067;-0,06799999999979572;-0,032999999999822595;2,6496505764750378e-06;1,8270428180783282e-06;0,004414573221291658;0,004414573221291658;0,004414573221291658;0,9885554616027533;-0,10202978426175426;0,9885138535664841;-0,10239884102683518;4,4145732212916586e-07
380;0,056002200851276045;0,027001517480090553;-0,05599999999996849;-0,026999999999912743;2,2008513075530423e-06;1,5174801778101987e-06;0,0035986098682074348;0,003598609868207435;0,003598609868207435;0,9974653257685094;-0,02238578078948144;0,9974229463326822;-0,02276461216508582;3,5986098682074356e-07
381;0,056000550773737605;0,027000379937178486;-0,05599999999952362;-0,026999999999597898;5,507742139865268e-07;3,799375805878247e-07;0,003589374227406493;0,0035893742274064923;0,003589374227406493;1,0000000000521292;3,818796318236873e-20;0,99998936583767;-9,495730517497444e-05;3,589374227406493e-07
382;0,05310368958685195;0,026002543911744037;-0,053101334242461905;-0,0260009199248511;2,355344390046754e-06;1,6239868929381063e-06;0,003425989149813869;0,0034259891498138687;0,003425989149813869;0,996431464660275;-0,03154317902265056;0,9963837810939418;-0,03195282068958216;3,425989149813869e-07
383;-0,316184135216392;-0,153058939304625;0,31632853791986115;0,1531585001289047;0,00014440270346915973;9,956082427969859e-05;0,0202865574342187;0,0202865574342187;0,0202865574342187;0,9997412763629133;-0,01561503939880971;1,0002346425861315;-0,011263139326030572;2,0286557434218697e-06
384;0,05199991888377999;0,025000114859030958;-0,05199967314850712;-0,024999945432796305;2,457352728732487e-07;1,6942623465299178e-07;0,003347452583637143;0,003347452583637142;0,003347452583637143;0,9951342196424199;-0,057089288725287825;0,9951291336957792;-0,05713518655501318;3,347452583637143e-07
385;-0,07110470731661003;-0,034003357377485235;0,07110752468486684;0,03400529985847213;2,817368256802233e-06;1,9424809868939796e-06;0,004627291589807737;0,004627291589807736;0,004627291589807737;0,9834040531482705;-0,15715956813581508;0,9834462221450395;-0,15676926126181703;4,627291589807737e-07
386;0,0;0,0;0,0;0,0;0,0;0,0;;;;;;;;
387;-0,07099978828553524;-0,03399996558894488;0,0710047077215923;0,034003357154293215;4,91943605705758e-06;3,391565348336012e-06;0,004621995832930872;0,004621995832930872;0,004621995832930872;0,9833303319530602;-0,15783944942120043;0,9834040531482705;-0,15715956813581508;4,621995832930872e-07
388;-0,0001000000000877603;-4,3049571119748314e-14;0,00010000001302791443;8,96485916756232e-12;1,2940154129432654e-11;8,921809596442572e-12;5,840264403475408e-06;5,840264403475405e-06;5,840264403475408e-06;0,9885687184860026;-0,1019500590290776;0,9885688464083225;-0,1019449472093918;5,840264403475407e-10
389;0,0;0,0;0,0;0,0;0,0;0,0;;;;;;;;
390;0,05000182251497216;0,024001256404910114;-0,049999999999999274;-0,023999999999940694;1,8225149728892664e-06;1,2564049694206714e-06;0,0032129331651343613;0,003212933165134361;0,0032129331651343613;0,9966621593710173;-0,02947699516095021;0,9966228648489988;-0,029832376831865213;3,212933165134361e-07
391;-0,04257417369777042;-0,019971713675006685;0,042577421244614624;0,01997395274971185;3,2475468442066946e-06;2,239074705166766e-06;0,002721093083671017;0,0027210930836710175;0,0027210930836710175;0,9977748080920594;-0,03336614501572937;0,9978573668248925;-0,03257682528409502;2,7210930836710175e-07
392;-0,1541061485632668;-0,07400467386665487;0,15413992776037005;0,07402796399664753;3,377919710326194e-05;2,3290129992664665e-05;0,009889396318238887;0,009889396318238887;0,009889396318238887;0,9980442549536679;-0,03022141448105585;0,9982808857539192;-0,028086304621346647;9,889396318238887e-07
393;0,231202113087785;0,11107109268511395;-0,23115769406607112;-0,11104046839064041;4,441902171387069e-05;3,062429447353576e-05;0,014797429656860725;0,014797429656860726;0,014797429656860726;1,0007762907806192;-0,006531392651922437;1,000568332537685;-0,008401312287365348;1,4797429656860726e-06
394;0,045000747191355404;0,02200051516360969;-0,04499999999946993;-0,021999999999847343;7,471918854751181e-07;5,151637623469763e-07;0,002918547472797283;0,0029185474727972827;0,002918547472797283;0,9909020415542309;-0,10446685262701771;0,9908842865007029;-0,1046208599140085;2,918547472797283e-07
395;0,04500014097264087;0,022000097239254033;-0,04500000000016308;-0,02199999999911424;1,409724777884369e-07;9,724013979445223e-08;0,002928304669155562;0,002928304669155562;0,002928304669155562;0,9875859702961785;-0,12583605805133977;0,9875826312336823;-0,1258651605501209;2,928304669155562e-07
396;0,052004208077888386;0,025002901441494755;-0,05199999999999925;-0,02500000000006203;4,208077889138184e-06;2,9014414327233062e-06;0,0033695930909328816;0,003369593090932881;0,0033695930909328816;0,9886824367529056;-0,10097798536071968;0,9885959141497379;-0,10176399964253653;3,3695930909328813e-07
397;0,043000299708898675;0,02100020667929148;-0,043000000000632616;-0,021000000000096282;2,997082660591288e-07;2,066791951992053e-07;0,0027948175449711266;0,002794817544971126;0,0027948175449711266;0,9885688464083225;-0,1019449472093918;0,9885614094392517;-0,10200983185986415;2,7948175449711265e-07
398;0,04100080308170192;0,020000553731502783;-0,041000000000389766;-0,02000000000000575;8,030813121520652e-07;5,537314970334439e-07;0,0026664696344079275;0,0026664696344079275;0,0026664696344079275;0,98775208050769;-0,23821611850581859;0,987731195771988;-0,23839897009006766;2,666469634407928e-07
399;-0,040999999999966494;-0,019999999999837665;0,04100099538528657;0,02000068621244469;9,953853200780904e-07;6,86212607025477e-07;0,002642389119470056;0,002642389119470056;0,002642389119470056;0,996732548227201;-0,0288561731995562;0,9967586687826197;-0,028629666411318273;2,6423891194700556e-07
400;0,0;0,0;0,0;0,0;0,0;0,0;;;;;;;;
401;0,04000137277625366;0,019000946415142474;-0,03999999999979812;-0,01899999999992733;1,3727764555382382e-06;9,464152151451855e-07;0,0025668657702806476;0,0025668657702806485;0,0025668657702806485;0,9960729674262762;-0,03471811973381729;0,9960359434432329;-0,035062111156558974;2,566865770280649e-07
402;0,00010000000887542175;5,986514064119358e-12;-0,00010000000034912228;-1,0722486776841389e-13;8,526299471686184e-12;5,8792891963509445e-12;5,840082383767927e-06;5,8400823837679255e-06;5,840082383767927e-06;0,9885996163968515;-0,10169484105058464;0,9885995321058934;-0,10169820963485528;5,840082383767927e-10
403;0,0;0,0;0,0;0,0;0,0;0,0;;;;;;;;
404;0,0;0,0;0,0;0,0;0,0;0,0;;;;;;;;
405;0,037100681749762957;0,018000469964343034;-0,037100242563342406;-0,0180001672191903;4,3918642055051915e-07;3,027451527352898e-07;0,002391821037377538;0,0023918210373775383;0,0023918210373775383;0,99539656299693;-0,09979909025562676;0,9953838350592048;-0,09991117421479898;2,3918210373775385e-07
406;0,03400100552911186;0,017000693302510403;-0,03400000000031784;-0,017000000000013893;1,0055287940208268e-06;6,933024965100065e-07;0,0022027259283136607;0,00220272592831366;0,0022027259283136607;0,9963837810939418;-0,03195282068958216;0,9963520811451244;-0,0322096837863534;2,2027259283136605e-07
407;0,034000081018015396;0,01700005588359619;-0,03400000000108001;-0,016999999999651707;8,101693538958843e-08;5,588394448238776e-08;0,0022199183391337913;0,002219918339133792;0,002219918339133792;0,9886382534088861;-0,2303194404046489;0,9886357188048693;-0,2303401685851097;2,219918339133792e-07
408;0,03310096047634967;0,01600066216842711;-0,03310000000863413;-0,01600000000580336;9,604677155342078e-07;6,62162623749768e-07;0,002147062235813047;0,0021470622358130465;0,002147062235813047;0,988630618595291;-0,10141718604510011;0,9885996163968515;-0,10169484105058464;2,147062235813047e-07
409;0,031000196913744837;0,015000135744151741;-0,03100000000029268;-0,014999999999559194;1,9691345215858136e-07;1,3574459254740712e-07;0,001997533697950101;0,001997533697950101;0,001997533697950101;0,9953838350592048;-0,09991117421479898;0,9953770029739408;-0,09997177305140938;1,997533697950101e-07
410;-0,15701862060676508;-0,07601334139460282;0,15706563823016417;0,07604575847010644;4,7017623399092656e-05;3,241707550362405e-05;0,010104186956539914;0,010104186956539916;0,010104186956539916;0,9968033582473869;-0,04194617069540326;0,9971258822788152;-0,03909270863878009;1,0104186956539916e-06
411;0,029103700703926073;0,014002551468173826;-0,0291014655304767;-0,014001010409012351;2,235173449372657e-06;1,5410591614750668e-06;0,0018666840861250394;0,0018666840861250385;0,0018666840861250394;0,9989203552430237;-0,009511029740227007;0,9988373936639972;-0,010255504656945661;1,866684086125039e-07
412;0,029000062015281408;0,014000052351990772;-0,028999999997922864;-0,013999999998295978;6,201735854374779e-08;5,235369479432428e-08;0,0018814365707049544;0,0018814365707049542;0,0018814365707049544;0,9881894875963368;-0,11745494225631836;0,9881870752998686;-0,1174908564080375;1,8814365707049548e-07
413;-0,12599999999986933;-0,06099999999996282;0,12600865343889964;0,06100596692036069;8,653439030309462e-06;5,966920397872111e-06;0,008177941746079272;0,008177941746079272;0,008177941746079272;0,9883030970812968;-0,11613070048082796;0,988376440232806;-0,11547592123307848;8,177941746079273e-07
414;-0,12610865344046576;-0,061005966921000486;0,1261097543410967;0,061006726301362675;1,1009006309348202e-06;7,593803621891437e-07;0,00818319977586797;0,00818319977586797;0,00818319977586797;0,988376440232806;-0,11547592123307848;0,9883857654053017;-0,11539241542402544;8,183199775867969e-07
415;0,028000696791024675;0,01400048046364982;-0,02800000000011393;-0,013999999999942728;6,967909107445658e-07;4,804637070924406e-07;0,0018145664775594441;0,001814566477559444;0,0018145664775594441;0,9960729674262762;-0,03471811973381729;0,9960463011889426;-0,03493431261535633;1,814566477559444e-07
416;0,026000236688256996;0,013000163204136939;-0,02599999999981051;-0,013000000000501813;2,366884464845287e-07;1,6320363512532798e-07;0,0016965762552195046;0,0016965762552195046;0,0016965762552195046;0,9892330006603421;-0,10666607786150363;0,9892233126548032;-0,10674516185535317;1,6965762552195045e-07
417;0,3012302724219701;0,14509070696832688;-0,3012017153260996;-0,14507102165487806;2,8557095870518356e-05;1,9685313448813968e-05;0,019286847629245114;0,01928684762924511;0,019286847629245114;1,0008788793171772;-0,005615700409365251;1,0007762907806192;-0,006531392651922437;1,9286847629245113e-06
418;0,02400145097612086;0,01200100037448476;-0,023999999999971364;-0,011999999999942057;1,4509761494946316e-06;1,0003745427034083e-06;0,0015510974118696143;0,0015510974118696146;0,0015510974118696146;0,9988373936639972;-0,010255504656945661;0,9987724346807287;-0,010780464996131158;1,5510974118696146e-07
419;0,024000820254429987;0,012000565525916749;-0,02400000000003587;-0,011999999999948005;8,202543941154827e-07;5,655259687434994e-07;0,001550924745847078;0,001550924745847078;0,001550924745847078;0,9989203552430237;-0,009511029740227007;0,9988836290295596;-0,009807808620453507;1,550924745847078e-07
420;0,024000357505421382;0,012000246437690798;-0,024000000000238154;-0,01199999999992097;3,5750518322802405e-07;2,464377698279535e-07;0,0015715633245588863;0,0015715633245588858;0,0015715633245588863;0,9857815709819666;-0,25561468981146923;0,9857657749350058;-0,25574395690831725;1,571563324558886e-07
421;0,3894548813570608;0,18732928536501536;-0,389246975969263;-0,18718593824454707;0,0002079053877978021;0,00014334712046829012;0,025352604467018307;0,0253526044670183;0,025352604467018307;0,9841635775735794;-0,14722252831096827;0,9835954129938927;-0,15240404520166098;2,5352604467018307e-06
422;0,02300013373981407;0,0110000922205679;-0,022999999999630233;-0,01099999999972472;1,3374018383721653e-07;9,22208431806959e-08;0,0014892660931960242;0,0014892660931960242;0,0014892660931960242;0,9883857654053017;-0,11539241542402544;0,9883795455270006;-0,11544970532243164;1,4892660931960242e-07
423;0,022999888465449213;0,011000013200828397;-0,022999829024240557;-0,01099997222931696;5,944120865658542e-08;4,097151143703237e-08;0,0014723467111576406;0,0014723467111576406;0,0014723467111576406;0,9997337263178534;-0,00016000015948257;0,9997309303828305;-0,00018542970726290656;1,4723467111576405e-07
424;0,022000616611319954;0,010000425122599035;-0,02199999999994986;-0,0099999999999284;6,166113700953324e-07;4,2512267063588016e-07;0,0014046683755676616;0,0014046683755676614;0,0014046683755676616;0,9933109900314584;-0,059469242217029664;0,9932806870012267;-0,05978186602641708;1,4046683755676617e-07
425;0,02130053511246293;0,010000368960656848;-0,021300127487364113;-0,010000087916813068;4,07625098817338e-07;2,810438437805818e-07;0,0013633618670586512;0,001363361867058651;0,0013633618670586512;0,9964910532317065;-0,07121312572898307;0,9964703697833713;-0,07141076387570112;1,363361867058651e-07
426;0,02100046666771865;0,010000321732745699;-0,02099999999999301;-0,010000000000125523;4,666677256397189e-07;3,217326201756382e-07;0,001360262520872574;0,001360262520872574;0,001360262520872574;0,9872467727831069;-0,12888820322304204;0,9872230185686797;-0,129109512935816;1,3602625208725738e-07
427;0,021000127439901435;0,010000087883471696;-0,02100000000029669;-0,009999999999725456;1,274396047440396e-07;8,78837462404275e-08;0,0013476479954678102;0,00134764799546781;0,0013476479954678102;0,9964703697833713;-0,07141076387570112;0,9964638217277261;-0,07147125369585645;1,34764799546781e-07
428;0,021000066958912614;0,010000059389975433;-0,0209999964790038;-0,00999999987970223;7,047990881539623e-08;5,9510273202334485e-08;0,0013521363105311805;0,0013521363105311805;0,0013521363105311805;0,9931598064318972;-0,06250184387082693;0,9931559968591345;-0,062559554224936;1,3521363105311807e-07
429;0,02099993812842913;0,01000002732953542;-0,020999868521132455;-0,009999979328256551;6,960729667659926e-08;4,800127886839256e-08;0,0013468880016334946;0,0013468880016334946;0,0013468880016334946;0,997024194657699;-0,03994887509724865;0,9970206161143187;-0,03998191297905182;1,3468880016334947e-07
430;0,021000080674521665;0,010000055622893826;-0,021000000000739396;-0,010000000001024793;8,067378226908617e-08;5,5621869032504434e-08;0,0013562254683129086;0,0013562254683129084;0,0013562254683129086;0,990165786776207;-0,19428635628923221;0,9901616680546382;-0,19432462266020903;1,3562254683129086e-07
431;0,02099991829518586;0,010000013575706214;-0,020999868551193616;-0,009999979288271729;4,9743992244777324e-08;3,428743448538607e-08;0,0013469038468657871;0,0013469038468657871;0,0013469038468657871;0,9970114444363649;-0,04011271653601329;0,9970088874012201;-0,04013629089995757;1,3469038468657872e-07
432;0,0;0,0;0,0;0,0;0,0;0,0;;;;;;;;
433;-0,6490657928315681;-0,3140453642838184;0,6494103653196058;0,3142829270132432;0,0003445724880377643;0,0002375627294247673;0,0421367559143928;0,042136755914392796;0,0421367559143928;0,987967674501432;-0,10650442488868653;0,9885344427506784;-0,10143992296485607;4,213675591439281e-06
434;0,0190003287141048;0,009000226622503044;-0,019000000000166287;-0,008999999999999047;3,287139385133031e-07;2,2662250399700656e-07;0,001218237596767004;0,001218237596767004;0,001218237596767004;0,9963837810939418;-0,03195282068958216;0,9963651045018685;-0,032127479079275434;1,2182375967670038e-07
435;0,019000292943877308;0,009000201975006448;-0,018999999999975925;-0,009000000000004671;2,92943901383097e-07;2,0197500177725203e-07;0,0012182927507205967;0,0012182927507205967;0,0012182927507205967;0,9963366412928164;-0,03238799613465244;0,9963199975401009;-0,032543681193531106;1,2182927507205968e-07
436;0,01810041216456743;0,009000284138507009;-0,01810016642247023;-0,009000114728874327;2,4574209719907536e-07;1,6940963268145814e-07;0,0011797932828645089;0,0011797932828645087;0,0011797932828645089;0,9892330006603421;-0,10666607786150363;0,9892185414725835;-0,10678591173901139;1,179793282864509e-07
437;0,01800016642282552;0,009000114729225045;-0,017999999999866567;-0,009000000000440609;1,6642295895194503e-07;1,147287844362882e-07;0,001174570139442919;0,001174570139442919;0,001174570139442919;0,9892185414725835;-0,10678591173901139;0,9892087026984872;-0,10686616909878882;1,1745701394429192e-07
438;0,01800001506052649;0,009000010368938468;-0,018000000001016547;-0,009000000000095555;1,5059509944626015e-08;1,0368842912750198e-08;0,0011711276907523085;0,0011711276907523085;0,0011711276907523085;0,9921173058105559;-0,09355547986932579;0,9921164131733652;-0,0935627095408947;1,1711276907523085e-07
439;0,017000201527433145;0,008000138952704051;-0,017000000000080246;-0,008000000000216773;2,0152735289921675e-07;1,3895248727850695e-07;0,0010889461799694952;0,0010889461799694952;0,0010889461799694952;0,9961526443120716;-0,03401415718814718;0,996139839581518;-0,03413588455835963;1,0889461799694952e-07
440;-0,14920988808152172;-0,07200681852159647;0,14924942680349473;0,07203407866092151;3,953872197301478e-05;2,726013932503879e-05;0,00967771376761112;0,00967771376761112;0,00967771376761112;0,9883857654053017;-0,11539241542402544;0,9886688837432765;-0,11284564678243149;9,67771376761112e-07
441;0,015000162917623848;0,007000112316982874;-0,015000000000168313;-0,006999999999966576;1,6291745553488612e-07;1,1231701629779017e-07;0,0009576915409082678;0,0009576915409082678;0,0009576915409082678;0,9979163131633468;-0,0184006795033396;0,9979045496114424;-0,018514502930692376;9,576915409082678e-08
442;0,014000283095432511;0,0070001951761036255;-0,01399999999997057;-0,006999999999883642;2,8309546194066337e-07;1,9517621998362683e-07;0,0009125815971554947;0,0009125815971554951;0,0009125815971554951;0,9902848965470893;-0,08583235543586354;0,990263355000089;-0,08600793367829941;9,125815971554951e-08
443;0,014000180346655471;0,007000124342910842;-0,014000000000176777;-0,007000000000058228;1,803464786936243e-07;1,2434285261413852e-07;0,000906848037909068;0,0009068480379090682;0,0009068480379090682;0,9965381187589877;-0,03055166988683314;0,9965243087577944;-0,030663541172382177;9,068480379090682e-08
444;0,014000176881191005;0,007000121945363664;-0,013999999999988235;-0,007000000000045335;1,7688120276977692e-07;1,2194531832845218e-07;0,0009071987129663101;0,0009071987129663103;0,0009071987129663103;0,9961526443120716;-0,03401415718814718;0,9961391051369212;-0,034123851632903435;9,071987129663103e-08
445;0,014200399431180932;0,006000275386725755;-0,014200386080774615;-0,0060002661778688435;1,3350406316905983e-08;9,20885691139961e-09;0,0009011484398973682;0,000901148439897368;0,0009011484398973682;0,9876798516781434;-0,12500834090475021;0,9876788341497666;-0,1250205552590941;9,011484398973682e-08
446;0,014100386078669291;0,006000266179625589;-0,014100078126307806;-0,006000053865091994;3,0795236148455085e-07;2,1231453359565194e-07;0,0008957667587877896;0,0008957667587877896;0,0008957667587877896;0,9876788341497666;-0,1250205552590941;0,9876552122533984;-0,1253001602837982;8,957667587877896e-08
447;0,0;0,0;0,0;0,0;0,0;0,0;;;;;;;;
448;0,013000057769427422;0,006000039833748941;-0,012999999999612651;-0,005999999999765024;5,776981477044474e-08;3,9833983916937044e-08;0,0008381762337849989;0,0008381762337849989;0,0008381762337849989;0,9862410114662662;-0,2517787403668705;0,9862362486111736;-0,2518265954999459;8,381762337849989e-08
449;0,15312988717250559;0,0740210980351285;-0,1530990465899182;-0,07399983549007676;3,084058258739919e-05;2,126254505174785e-05;0,009847992897609239;0,009847992897609242;0,009847992897609242;0,9971258822788152;-0,03909270863878009;0,9969088467569627;-0,041020445905716636;9,847992897609242e-07
450;0,012000150862237885;0,006000104026951709;-0,01199999999978185;-0,0060000000001099495;1,508624560345173e-07;1,0402684175962046e-07;0,000776835866254689;0,0007768358662546891;0,0007768358662546891;0,9971310277346817;-0,025336329303723655;0,9971175416598262;-0,0254455550250967;7,768358662546892e-08
451;0,0;0,0;0,0;0,0;0,0;0,0;;;;;;;;
452;-1,7262742568719225;-0,8439315468224203;1,7301170378138984;0,846581015488297;0,0038427809419758763;0,0026494686658766753;0,1118766569290933;0,1118766569290933;0,1118766569290933;0,9916194709073584;-0,08520929592273986;0,9940016456714431;-0,06460967776457935;1,1187665692909328e-05
453;-0,010100000006894948;-0,00500000000553879;0,010100098470988767;0,005000083132829057;9,846409381938925e-08;8,312729026741655e-08;0,0006573768828622138;0,0006573768828622136;0,0006573768828622138;0,989791917844994;-0,19762784762954708;0,9898029069766231;-0,19747119376561165;6,573768828622138e-08
454;0,010000041668906803;0,005000028724690219;-0,010000000000037576;-0,0049999999997676035;4,166886922660207e-08;2,8724922615866455e-08;0,0006497514857183433;0,0006497514857183434;0,0006497514857183434;0,993456932377454;-0,057327865491148426;0,9934524792201173;-0,05736403266189692;6,497514857183434e-08
455;0,010000075039097143;0,005000051739096391;-0,010000000000028703;-0,005000000000175083;7,503906843987773e-08;5,173892130786589e-08;0,0006479370886514997;0,0006479370886514997;0,0006479370886514997;0,9962424540502723;-0,03321803759026789;0,9962344117656979;-0,03328321393350662;6,479370886514997e-08
456;0,0;0,0;0,0;0,0;0,0;0,0;;;;;;;;
457;0,00900004655834133;0,004000073247320362;-0,008999930956706089;-0,00399999354554474;1,1560163524007572e-07;7,970177562204028e-08;0,0005695494282024073;0,0005695494282024073;0,0005695494282024073;0,9983826092341758;-0,012216023945101458;0,998368619395285;-0,01236659046830999;5,695494282024073e-08
458;0,009000072691662841;0,004000050118605053;-0,008999999999758805;-0,003999999999973542;7,269190403606796e-08;5,0118631510567835e-08;0,0005757364246047747;0,0005757364246047747;0,0005757364246047747;0,9876552122533984;-0,1253001602837982;0,9876465097457227;-0,12539484519506644;5,7573642460477466e-08
459;0,0;0,0;0,0;0,0;0,0;0,0;;;;;;;;
460;0,3484315923651971;0,16822973738547525;-0,34819528818782297;-0,16806681875812743;0,0002363041773741359;0,00016291862734782447;0,022386708568337327;0,022386708568337327;0,022386708568337327;0,9978573668248925;-0,03257682528409502;0,9971258822788152;-0,03909270863878009;2,238670856833733e-06
461;0,006000045650908799;0,003000031475442877;-0,006000000000178546;-0,0030000000000115113;4,565073025326882e-08;3,1475431365880074e-08;0,00038909764361724536;0,00038909764361724525;0,00038909764361724536;0,9953838350592048;-0,09991117421479898;0,995375687782997;-0,09997725531231823;3,890976436172454e-08
462;0,004999998726245048;0,0020000260107716074;-0,004999960528602699;-0,0019999996747774302;3,81976423486155e-08;2,633599417711796e-08;0,0003110732815333706;0,0003110732815333706;0,0003110732815333706;0,9994851471096542;-0,00237956154749753;0,9994767493659458;-0,0024887869607052838;3,110732815333706e-08
463;0,00500001455424478;0,0020000100340847636;-0,005000000000029837;-0,001999999999902622;1,4554214942605337e-08;1,0034182141432924e-08;0,00031127552133916814;0,00031127552133916825;0,00031127552133916825;0,9988373936639972;-0,010255504656945661;0,9988341960359265;-0,010297118015353919;3,1127552133916824e-08
464;0,005000022946570739;0,002000015821364537;-0,005000000000109973;-0,0020000000000455712;2,294646076622664e-08;1,5821318965873743e-08;0,00031199038886555467;0,0003119903888655547;0,0003119903888655547;0,9965505846018764;-0,030491658727985243;0,9965455546254461;-0,030557279200287567;3,119903888655547e-08
465;0,005000005434467285;0,0020000037461846898;-0,004999999999905789;-0,0020000000002615577;5,434561496132917e-09;3,745923132011247e-09;0,00031479913525516687;0,00031479913525516687;0,00031479913525516687;0,9876552122533984;-0,1253001602837982;0,9876540316780162;-0,12531569037056894;3,147991352551669e-08
466;0,0002000000483533431;3,324030319222551e-11;-0,00020000000418205556;-2,785680879595673e-12;4,4171287531509854e-11;3,045462231262984e-11;1,1587909209969299e-05;1,1587909209969297e-05;1,1587909209969299e-05;0,9964703697833713;-0,07141076387570112;0,9964701497065148;-0,07141948848004143;1,15879092099693e-09
467;-9,999920749119941e-05;-4,492406982810362e-10;9,999921482553829e-05;4,542974791235727e-10;7,334338878958215e-12;5,0567808425365055e-12;5,783106242472271e-06;5,78310624247227e-06;5,783106242472271e-06;0,9983314665803954;-0,02813365879245743;0,9983315398022169;-0,02813076146658486;5,783106242472271e-10
468;9,99999370021422e-05;4,775107773370402e-11;-9,99999272187378e-05;-4,100574828615408e-11;9,783404406158054e-12;6,745329447549936e-12;5,858062641751683e-06;5,858062641751684e-06;5,858062641751684e-06;0,9855645812943209;-0,14234004295242764;0,9855644848724616;-0,1423439077416515;5,858062641751685e-10
469;-9,9999138539147e-05;-4,884183173865847e-10;9,99991414880286e-05;4,904514724081505e-10;2,948881603855903e-12;2,033155021565772e-12;5,798015274175091e-06;5,798015274175092e-06;5,798015274175092e-06;0,9957636678218306;-0,05142256748660333;0,995763697186074;-0,051421402572836436;5,798015274175092e-10
470;-0,00010000000026695413;-4,134091665436642e-14;0,00010000000810245819;5,443306441413991e-12;7,835504055482556e-12;5,401965524759625e-12;5,833179748843673e-06;5,833179748843674e-06;5,833179748843674e-06;0,9897693806629839;-0,20770126411086348;0,9897694582164049;-0,20769816901285973;5,833179748843674e-10
471;-0,0001000000000321386;2,767243916641978e-14;0,00010000000659137028;5,509805296964638e-12;6,559231673433641e-12;5,5374777361310575e-12;5,833047298486191e-06;5,83304729848619e-06;5,833047298486191e-06;0,9897918529222516;-0,19763102037037328;0,989791917844994;-0,19762784762954708;5,833047298486191e-10
472;0,00010000000412783926;2,3638499097785493e-12;-0,00010000000044689852;1,740353754848814e-13;3,680940738304793e-12;2,5378852852634308e-12;5,79395472299658e-06;5,793954722996581e-06;5,793954722996581e-06;0,9964701497065148;-0,07141948848004143;0,9964701130270401;-0,07142094258114241;5,793954722996581e-10
