;p_from_mw;q_from_mvar;p_to_mw;q_to_mvar;pl_mw;ql_mvar;i_from_ka;i_to_ka;i_ka;vm_from_pu;va_from_degree;vm_to_pu;va_to_degree;loading_percent
0;-3,8604832560132656;-1,88905131307894;3,8649573767102083;1,894329478654754;0,004474120696942752;0,005278165575814064;0,2485047262963493;0,24850472629634932;0,24850472629634932;0,9985271257705685;-0,03693258673588577;1,0;0,0;2,4850472629634933e-05
1;-3,7969943110247475;-1,8565997512766728;3,8003825232933384;1,8600508079699603;0,0033882122685908733;0,003451056693287491;0,24464634279603678;0,24464634279603675;0,24464634279603678;0,9974509790729114;-0,058760717123002286;0,9985271257705685;-0,03693258673588577;2,4464634279603678e-05
2;-5,5008598221277865;-2,6991640662057264;5,522170874216499;2,7138572964697687;0,021311052088712756;0,014693230264042345;0,3552435436412942;0,35524354364129423;0,35524354364129423;0,9958385122248353;-0,035414319879776286;1,0;0,0;3,5524354364129424e-05
3;-5,42114070705874;-2,655877065513566;5,441859822142152;2,670164066186247;0,020719115083411843;0,01428700067268096;0,35143207163558743;0,3514320716355874;0,35143207163558743;0,9917489758370617;-0,07052579926682936;0,9958385122248353;-0,035414319879776286;3,514320716355875e-05
4;2,245891475768474;1,1026592343590096;-2,237031233254225;-1,0936374867883325;0,008860242514248995;0,009021747570677086;0,14445167482641258;0,1444516748264126;0,1444516748264126;1,0;0,0;0,9952334240584626;-0,0964920005953646;1,444516748264126e-05
5;-5,1213598759823435;-2,5080656837365782;5,13411739414652;2,5168609919862943;0,01275751816417614;0,008795308249716083;0,3328664199590653;0,33286641995906524;0,3328664199590653;0,9890906850735119;-0,09345254278078076;0,9917489758370617;-0,07052579926682936;3,328664199590653e-05
6;-2,201142428861458;-1,0688847559104393;2,2156306967884922;1,083637116894219;0,014488267927034393;0,014752360983779633;0,14308155010435708;0,14308155010435708;0,14308155010435708;0,9873702664255423;-0,2577475380491508;0,9952334240584626;-0,0964920005953646;1,4308155010435707e-05
7;-3,788111745290536;-1,847759190143427;3,796794310998385;1,856599751257043;0,008682565707848866;0,008840561113615975;0,24463594300271366;0,2446359430027137;0,2446359430027137;0,9946941081266857;-0,11487446475258577;0,9974509790729114;-0,058760717123002286;2,4463594300271375e-05
8;-3,1253596625209337;-1,548912738157257;3,127006848209021;1,5508559786694605;0,0016471856880873048;0,0019432405122035146;0,20152192680798556;0,20152192680798556;0,20152192680798556;0,9993299089577052;-0,016574277245154954;1,0;0,0;2,0152192680798555e-05
9;-3,73845295138104;-1,817073521085347;3,7509110625767415;1,8297587195135256;0,012458111195701616;0,012685198428178612;0,2422372214200262;0,2422372214200262;0,2422372214200262;0,9907008824648786;-0,1967377375748566;0,9946941081266857;-0,11487446475258577;2,4223722142002624e-05
10;-3,089335316186026;-1,5123341808217763;3,1252596625205853;1,5489127381567993;0,03592434633455932;0,03657855733502302;0,20151675029506658;0,20151675029506658;0,20151675029506658;0,98546601939893;-0,29677843378989505;0,9993299089577052;-0,016574277245154954;2,0151675029506657e-05
11;3,0892353162429567;1,5123341807747033;-3,0583135832453587;-1,4808484182148836;0,030921732997597928;0,03148576255981972;0,20151148833158014;0,2015114883315801;0,20151148833158014;0,98546601939893;-0,29677843378989505;0,9735516279443287;-0,5443604486063629;2,0151148833158014e-05
12;-3,603418678729462;-1,7468732255914359;3,6124529513813224;1,756073521084971;0,009034272651860409;0,009200295493535071;0,23407908290572593;0,2340790829057259;0,23407908290572593;0,9877053184906244;-0,25861424838006297;0,9907008824648786;-0,1967377375748566;2,3407908290572594e-05
13;3,7529795134564665;1,842290848811274;-3,732791394582423;-1,828372408067203;0,020188118874043592;0,013918440744070892;0,24137723449708137;0,24137723449708143;0,24137723449708143;1,0;0,0;0,9941986649808792;-0,04959945675490866;2,4137723449708142e-05
14;3,475130406629609;1,7009533444530425;-3,4574391508388693;-1,6887560588275958;0,017691255790739824;0,012197285625446641;0,22560667320772004;0,22560667320771996;0,22560667320772004;0,9901364478749237;-0,08464937198063326;0,9846981316371775;-0,131968145267302;2,2560667320772006e-05
15;3,6067913945958825;1,7673724080490383;-3,593130406584987;-1,7579533445112987;0,013660988010895547;0,00941906353773958;0,23324787657576654;0,23324787657576654;0,23324787657576654;0,9941986649808792;-0,04959945675490866;0,9901364478749237;-0,08464937198063326;2,3324787657576653e-05
16;3,331439150950193;1,6277560586895343;-3,315115239877943;-1,6165010247199763;0,016323911072249953;0,01125503396955807;0,2173988439890101;0,2173988439890101;0,2173988439890101;0,9846981316371775;-0,131968145267302;0,9794911643842312;-0,17773695477334547;2,173988439890101e-05
17;2,55659798473161;1,252104826990717;-2,5250824956469735;-1,2303756797041743;0,03151548908463653;0,021729147286542627;0,16435692616281986;0,16435692616281986;0,16435692616281986;1,0;0,0;0,9867023754898204;-0,11530534786978498;1,6435692616281986e-05
18;2,5039824243499265;1,2203756192767836;-2,476804629773295;-1,201637039584524;0,02717779457663161;0,01873857969225967;0,16299073610467163;0,1629907361046716;0,16299073610467163;0,9867023754898204;-0,11530534786978498;0,9751420202721623;-0,21807132690540468;1,6299073610467163e-05
19;-2,801957725023325;-1,367150556384662;2,8101203572478313;1,3740412379303404;0,008162632224506083;0,006890681545678401;0,18573706000820028;0,18573706000820026;0,18573706000820028;0,9691153030099575;-0,31941658935814876;0,9723352312902294;-0,2715474179698984;1,8573706000820027e-05
20;-3,1495399971545415;-1,5404586099131161;3,1581200376458582;1,5477020221692444;0,008580040491316776;0,007243412256128234;0,20767992935146773;0,20767992935146767;0,20767992935146773;0,9746910626123323;-0,23669021632507736;0,9777187884188752;-0,19210082034440915;2,0767992935146773e-05
21;-2,7482770336575686;-1,3382831428689457;2,752857049147028;1,3421500900942367;0,004580015489459299;0,0038669472252910175;0,18245502165867922;0,18245502165867925;0,18245502165867925;0,9672764789293204;-0,34694564449398346;0,9691153030099575;-0,31941658935814876;1,8245502165867922e-05
22;1,6790880717350092;0,817207725815706;-1,6669670341475906;-0,8088507343665136;0,01212103758741856;0,008356991449192441;0,1078141181196549;0,10781411811965488;0,1078141181196549;1,0;0,0;0,9922059251776497;-0,06833658980058839;1,078141181196549e-05
23;1,9229047128638115;0,9317576776482497;-1,9098882592242579;-0,9227832691197477;0,013016453639553616;0,008974408528501954;0,12336578273046808;0,1233657827304681;0,1233657827304681;1,0;0,0;0,9926871636275483;-0,06483526837917512;1,2336578273046811e-05
24;1,8877876418375392;0,9127828434622907;-1,8851783023162156;-0,9109837913162618;0,0026093395213235837;0,0017990521460288234;0,1219553864600219;0,1219553864600219;0,1219553864600219;0,9926871636275483;-0,06483526837917512;0,9912043339491726;-0,07807448194361705;1,219553864600219e-05
25;-3,0171294206224726;-1,4740474867595286;3,02353999728633;1,4794586097965374;0,006410576663857359;0,005411123037008858;0,19938784866301212;0,1993878486630121;0,19938784866301212;0,9723352312902294;-0,2715474179698984;0,9746910626123323;-0,23669021632507736;1,993878486630121e-05
26;-1,8686072266652514;-0,9025218000428242;1,8721783023165326;0,9049837913163346;0,0035710756512812303;0,002461991273510322;0,12112154340737083;0,12112154340737086;0,12112154340737086;0,9891610787094287;-0,09636502618488187;0,9912043339491726;-0,07807448194361705;1,2112154340737085e-05
27;-2,617756817573877;-1,2741669119260117;2,6222770339322916;1,2772831423545552;0,004520216358414597;0,003116230428543476;0,17409933104342584;0,1740993310434259;0,1740993310434259;0,9654763507868633;-0,3631252644145765;0,9672764789293204;-0,34694564449398346;1,740993310434259e-05
28;-2,60868331967658;-1,2679802986777413;2,6176568179356585;1,2741669115214709;0,00897349825907856;0,0061866128437295664;0,174093954225172;0,17409395422517202;0,17409395422517202;0,9619028183164292;-0,39542742099336403;0,9654763507868633;-0,3631252644145765;1,74093954225172e-05
29;1,22600554204315;0,5941191525624626;-1,224653692235405;-0,5929779460186462;0,0013518498077449426;0,001141206543816442;0,07967748127648805;0,07967748127648805;0,07967748127648805;0,9871897073041964;-0,11282668206615154;0,9859476313179033;-0,13124699394603542;7,967748127648805e-06
30;1,1836536922356065;0,5729779460186799;-1,1821986592249443;-0,5717495558806895;0,0014550330106621878;0,001228390137990365;0,07700619978708953;0,07700619978708953;0,07700619978708953;0,9859476313179033;-0,13124699394603542;0,9845645061259639;-0,15182695019415948;7,700619978708953e-06
31;1,540967034147845;0,7478507343661731;-1,5378080922586066;-0,7456728525429132;0,003158941889238376;0,002177881823259953;0,09966834766317273;0,09966834766317273;0,09966834766317273;0,9922059251776497;-0,06833658980058839;0,9900089036399278;-0,0877843402297661;9,966834766317272e-06
32;4,263028504477298;2,091837210867213;-4,2453358179194565;-2,0796394910568816;0,017692686557841952;0,012197719810331353;0,27718439808412965;0,27718439808412965;0,27718439808412965;0,9890906850735119;-0,09345254278078076;0,9846633015273083;-0,1317097135630941;2,7718439808412967e-05
33;3,2159087750762883;1,5684962249784438;-3,2062517397680983;-1,5618375810392613;0,009657035308189954;0,006658643939182474;0,21090263021929967;0,21090263021929964;0,21090263021929967;0,9794911643842312;-0,17773695477334547;0,9763161306528646;-0,20587385015166879;2,1090263021929967e-05
34;2,716065571195671;1,324709222369156;-2,715225379803739;-1,324129614852487;0,0008401913919322546;0,0005796075166688563;0,17870170239554986;0,1787017023955498;0,17870170239554986;0,9763161306528646;-0,20587385015166879;0,9759900655267587;-0,20876877754262507;1,7870170239554987e-05
35;2,715125379819478;1,3241296148472297;-2,715020002905527;-1,3240568089794094;0,00010537691395118287;7,280586782032472e-05;0,17869638543360453;0,17869638543360453;0,17869638543360453;0,9759900655267587;-0,20876877754262507;0,9759491534864385;-0,2091338717144536;1,786963854336045e-05
36;2,706020002913259;1,3200568089521938;-2,703411285871795;-1,3182580219371018;0,002608717041463926;0,0017987870150919516;0,1781141171107486;0,1781141171107486;0,1781141171107486;0,9759491534864385;-0,2091338717144536;0,974933527770792;-0,21814297709214858;1,781141171107486e-05
37;2,3165387706951934;1,1242665489600068;-2,3131106567333797;-1,1219027542813413;0,00342811396181375;0,002363794678665432;0,15051488777549885;0,15051488777549885;0,15051488777549885;0,9877053184906244;-0,25861424838006297;0,9861264540208846;-0,2726506299449001;1,5051488777549885e-05
38;1,1165396049066771;0,543121263032873;-1,1130460913399185;-0,5407126025162569;0,0034935135667586437;0,0024086605166161457;0,07168545635119168;0,07168545635119167;0,07168545635119168;1,0;0,0;0,9966213693385275;-0,029533450032944133;7,168545635119169e-06
39;2,660410994015048;1,2972578203156762;-2,6439034439442004;-1,285876735543212;0,01650755007084781;0,011381084772464245;0,17528021261084223;0,17528021261084228;0,17528021261084228;0,974933527770792;-0,21814297709214858;0,9684036874483918;-0,2765042686812759;1,7528021261084228e-05
40;1,4198032845708493;0,6886687937714027;-1,4181318109258585;-0,6875163687138444;0,001671473644990762;0,001152425057558304;0,0920257140772641;0,09202571407726409;0,0920257140772641;0,9900089036399278;-0,0877843402297661;0,9887498744360484;-0,09896097940132599;9,20257140772641e-06
41;1,4180318109205867;0,6875163687135452;-1,4179576332989448;-0,6874650540574777;7,417762164196873e-05;5,131465606744712e-05;0,09202045983159544;0,09202045983159546;0,09202045983159546;0,9887498744360484;-0,09896097940132599;0,9886939509680386;-0,09946319769345906;9,202045983159547e-06
42;1,1129460913399567;0,5407126025163289;-1,112585553837078;-0,5404639719083153;0,0003605375028787883;0,00024863060801361136;0,07168024564334066;0,07168024564334065;0,07168024564334066;0,9966213693385275;-0,029533450032944133;0,9962726575536136;-0,03259444766106532;7,168024564334067e-06
43;1,1124855538372644;0,5404639719081571;-1,1108919601620457;-0,5391185103235674;0,0015935936752187185;0,0013454615845897022;0,07167503306581599;0,07167503306581598;0,07167503306581599;0,9962726575536136;-0,03259444766106532;0,9946445396886651;-0,05643702558872113;7,167503306581599e-06
44;1,1107919601623608;0,5391185103238606;-1,1101572352198188;-0,5385827155617295;0,0006347249425420198;0,0005357947621310588;0,07166981099047916;0,07166981099047914;0,07166981099047916;0,9946445396886651;-0,05643702558872113;0,9939960938769619;-0,06595042964423994;7,166981099047916e-06
45;2,620803381041179;1,2748766913791019;-2,6103757933658938;-1,2676870630488306;0,010427587675285288;0,007189628330271258;0,1737548938121549;0,1737548938121549;0,1737548938121549;0,9684036874483918;-0,2765042686812759;0,9642431011793047;-0,3140946442717005;1,737548938121549e-05
46;2,2631106567332617;1,097902754280876;-2,259828858833543;-1,095639849226312;0,003281797899718608;0,002262905054563946;0,14726778338988844;0,1472677833898884;0,14726778338988844;0,9861264540208846;-0,2726506299449001;0,9845816870684991;-0,28641970104763537;1,4726778338988844e-05
47;1,385957633300971;0,6724650540589125;-1,3840055420432829;-0,6711191525625037;0,0019520912576882488;0,0013459014964088967;0,0899568832241261;0,0899568832241261;0,0899568832241261;0,9886939509680386;-0,09946319769345906;0,9871897073041964;-0,11282668206615154;8,99568832241261e-06
48;1,3416971041704642;0,6522546006513039;-1,3366537010541386;-0,6487773432359437;0,005043403116325562;0,003477257415360202;0,08613143412657584;0,08613143412657584;0,08613143412657584;1,0;0,0;0,995940689464564;-0,035564241605567724;8,613143412657584e-06
49;1,004157235219578;0,487582715561729;-1,0033615649254615;-0,4869108918722761;0,000795670294116535;0,0006718236894528995;0,064837413417473;0,064837413417473;0,064837413417473;0,9939960938769619;-0,06595042964423994;0,9930974666602299;-0,07914340924797833;6,4837413417473e-06
50;2,610275793716471;1,2676870626703924;-2,604979454600119;-1,2640354143603498;0,005296339116351856;0,00365164831004261;0,17374950777505116;0,17374950777505116;0,17374950777505116;0,9642431011793047;-0,3140946442717005;0,9621299737561075;-0,33330918527824344;1,7374950777505114e-05
51;1,3365537010548372;0,6487773432362091;-1,3360331992496932;-0,6484183994945688;0,000520501805143958;0,00035894374164024967;0,086126218987209;0,086126218987209;0,086126218987209;0,995940689464564;-0,035564241605567724;0,9955217231089775;-0,03925326582662243;8,6126218987209e-06
52;-2,5936965962426486;-1,2603002954800762;2,5946833199804904;1,2609802983477223;0,0009867237378418103;0,0006800028676461345;0,17315452565592013;0,17315452565592013;0,17315452565592013;0,9615078043341022;-0,39900987564328183;0,9619028183164292;-0,39542742099336403;1,7315452565592013e-05
53;1,946362308677877;0,943261524753457;-1,9435968369151386;-0,9399995217407959;0,0027654717627383363;0,0032620030126611077;0,12826662737396746;0,12826662737396746;0,12826662737396746;0,9735516279443287;-0,5443604486063629;0,9717914287223103;-0,5902558279586537;1,2826662737396748e-05
54;-2,5459254159994362;-1,2311407237127143;2,5689794554495906;1,2470354135789399;0,023054039450154384;0,015894689866225553;0,1713606209879193;0,1713606209879193;0,1713606209879193;0,9528048106232625;-0,4190425624643462;0,9621299737561075;-0,33330918527824344;1,713606209879193e-05
55;0,8541860777886039;0,41273893384814647;-0,8536870479768701;-0,4123177062656654;0,0004990298117337755;0,0004212275824810874;0,05563055385648412;0,05563055385648412;0,05563055385648412;0,9845645061259639;-0,15182695019415948;0,9839080021629788;-0,1616272358371823;5,563055385648412e-06
56;0,8535870479766966;0,4123177062661145;-0,8533403188079813;-0,4121094066970411;0,00024672916871526507;0,0002082995690734224;0,05562527000920577;0,05562527000920578;0,05562527000920578;0,9839080021629788;-0,1616272358371823;0,9835833741895519;-0,1664791222034658;5,5625270009205785e-06
57;0,8242402562082557;0,39810935385379786;-0,8235167451806078;-0,3974985179335201;0,000723511027647894;0,0006108359202777747;0,053729736987004624;0,05372973698700463;0,05372973698700463;0,9835833741895519;-0,1664791222034658;0,9825978707239152;-0,18122631561404542;5,372973698700463e-06
58;-3,7756351562609174;-1,8503298272707007;3,783332721787654;1,855637356391919;0,007697565526736394;0,005307529121218346;0,24707930720516222;0,24707930720516225;0,24707930720516225;0,982502312407299;-0,15045340147354402;0,9846633015273083;-0,1317097135630941;2,4707930720516227e-05
59;0,8881356165865054;0,4311313250341361;-0,8875947502966532;-0,43049338274290766;0,000540866289852171;0,0006379422912284327;0,0577278917655025;0,0577278917655025;0,0577278917655025;0,9873702664255423;-0,2577475380491508;0,9866050730493583;-0,2773615084488838;5,77278917655025e-06
60;0,5403313715591951;0,262228472802042;-0,5400834054030073;-0,26205749598921774;0,0002479661561878288;0,0001709768128242417;0,03505818538893788;0,03505818538893788;0,03505818538893788;0,9890906850735119;-0,09345254278078076;0,9886003707049446;-0,09780052008905753;3,505818538893788e-06
61;-0,001100000007066978;-5,234569686548055e-12;0,001100003043822734;2,568963369366451e-09;3,036755756146564e-09;2,563728799679903e-09;6,665447596205596e-05;6,665447596205596e-05;6,665447596205596e-05;0,9528021802320398;-0,41917609922138915;0,9528048106232625;-0,4190425624643462;6,665447596205595e-09
62;-2,174125302175376;-1,0552193698706094;2,1761119584909685;1,0565889926025047;0,001986656315592583;0,001369622731895337;0,14599235597575883;0,14599235597575883;0,14599235597575883;0,955712263613027;-0,45187406079624226;0,9566555800749121;-0,4432359608835201;1,4599235597575881e-05
63;3,247538064815432;1,5927468709283046;-3,2402200376209698;-1,5877020221048745;0,007318027194462395;0,005044848823430037;0,21307277491570192;0,21307277491570187;0,21307277491570192;0,9801009845550056;-0,1713469555903938;0,9777187884188752;-0,19210082034440915;2,1307277491570193e-05
64;0,9800130680414663;0,4764021880713351;-0,9787742415331242;-0,4753562542785085;0,0012388265083420613;0,001045933792826581;0,06319523718123417;0,06319523718123414;0,06319523718123417;0,9955217231089775;-0,03925326582662243;0,9940861280510841;-0,06026667601064621;6,319523718123416e-06
65;-2,1138667138349825;-1,0259729874073162;2,1171253024184375;1,0282193697101487;0,0032585885834550687;0,0022463823028324725;0,14218235987496175;0,14218235987496172;0,14218235987496175;0,9541235485831625;-0,4664338857545608;0,955712263613027;-0,45187406079624226;1,4218235987496175e-05
66;0,5799140105461632;0,2814922671260411;-0,5795556733706582;-0,28124522034725813;0,0003583371755050413;0,00024704677878295556;0,03769335389558444;0,03769335389558443;0,03769335389558444;0,9873702664255423;-0,2577475380491508;0,9867112618239634;-0,2635972461164629;3,769335389558444e-06
67;0,8013615649254457;0,38891089187245936;-0,8009855416797926;-0,3885934362183413;0,00037602324565311207;0,00031745565411805954;0,05178480741573041;0,05178480741573042;0,05178480741573042;0,9930974666602299;-0,07914340924797833;0,9925657852462346;-0,08695790582524582;5,178480741573042e-06
68;0,8008855416797914;0,38859343621799963;-0,800568391487109;-0,38832567233480425;0,00031715019268241385;0,00026776388319538214;0,05177957409573685;0,05177957409573685;0,05177957409573685;0,9925657852462346;-0,08695790582524582;0,9921173057579379;-0,09355547988337803;5,1779574095736855e-06
69;0,32808336332364746;0,15905746698482454;-0,3280177329576775;-0,15901222623928749;6,563036596995975e-05;4,524074553705071e-05;0,0212933075460873;0,021293307546087305;0,021293307546087305;0,9886003707049446;-0,09780052008905753;0,9883867331156523;-0,09969892453274858;2,1293307546087304e-06
70;0,782468376421327;0,3793256619701434;-0,7824504003521908;-0,3793105282709132;1,79760691362274e-05;1,5133699230174269e-05;0,05060329642572724;0,05060329642572724;0,05060329642572724;0,9921173057579379;-0,09355547988337803;0,9920913184541357;-0,093936089605315;5,060329642572724e-06
71;-0,5200515140460827;-0,25203551370646704;0,5205882340954421;0,2524055873785498;0,0005367200493593405;0,0003700736720827491;0,03381841579025541;0,033818415790255414;0,033818415790255414;0,9866052063743723;-0,2684137757196321;0,9877053184906244;-0,25861424838006297;3,381841579025541e-06
72;0,8637742415329002;0,4193562542784743;-0,8632155803639447;-0,4188846390130984;0,0005586611689554211;0,00047161526537586873;0,05576641414648645;0,05576641414648646;0,05576641414648646;0,9940861280510841;-0,06026667601064621;0,993352594855767;-0,07103140601794217;5,576641414648647e-06
73;-1,498325993997656;-0,7252582790283605;1,5007127217440106;0,7269037406273322;0,002386727746354511;0,0016454615989717203;0,10180598978019544;0,10180598978019544;0,10180598978019544;0,9440234130807263;-0,5598944858411377;0,945648322952877;-0,544734427070328;1,0180598978019543e-05
74;0,00010000002640058172;1,8221154426125088e-11;-9,999999994989296e-05;1,570895642716422e-14;2,6450688753003326e-11;1,8236863382552252e-11;5,788258608459013e-06;5,788258608459013e-06;5,788258608459013e-06;0,9974509790729114;-0,058760717123002286;0,9974507152403105;-0,05877116607327986;5,788258608459013e-10
75;0,0;0,0;0,0;0,0;0,0;0,0;;;;;;;;
76;1,8119929987380188;0,8769967466114106;-1,8097972325772305;-0,8754828394362567;0,002195766160788315;0,0015139071751538724;0,11959821780974499;0,11959821780974503;0,11959821780974503;0,9717914287223103;-0,5902558279586537;0,970518951942118;-0,6018294060635285;1,1959821780974502e-05
77;0,5184128426942283;0,25143691621511477;-0,5182481165935012;-0,25124258716295284;0,00016472610072704175;0,00019432905216193452;0,03371685175062087;0,03371685175062086;0,03371685175062087;0,9866050730493583;-0,2773615084488838;0,9862060819840692;-0,28760457685520635;3,371685175062087e-06
78;0,20201773295799755;0,0980122262411876;-0,20200000000053736;-0,0979999999966523;1,7732957460186993e-05;1,2226244535298858e-05;0,013116059591603097;0,013116059591603103;0,013116059591603103;0,9883867331156523;-0,09969892453274858;0,988293012425764;-0,10053072058986208;1,3116059591603103e-06
79;-0,7449921088683332;-0,3616959436596755;0,7452155803645164;0,3618846390126619;0,00022347149618318074;0,00018869535298637885;0,048149865487446285;0,048149865487446285;0,048149865487446285;0,9930127222568984;-0,07602111260323276;0,993352594855767;-0,07103140601794217;4,814986548744628e-06
80;-0,9311463487568963;-0,450790326292014;0,9315663988135022;0,45107997406848444;0,0004200500566059473;0,0002896477764704475;0,06069332936836664;0,060693329368366626;0,06069332936836664;0,9841019770275721;-0,2907191549977963;0,9845816870684991;-0,28641970104763537;6,069332936836663e-06
81;0,43624811659362944;0,21124258716299554;-0,43615695417572536;-0,21114975802361935;9,11624179040782e-05;9,282913937619375e-05;0,028375684222236686;0,028375684222236686;0,028375684222236686;0,9862060819840692;-0,28760457685520635;0,9859568271939727;-0,2927856568230683;2,8375684222236685e-06
82;0,580450400356873;0,2813105282714345;-0,5803345333183076;-0,28123063454546277;0,00011586703856536484;7,989372597172473e-05;0,03753745360013436;0,037537453600134364;0,037537453600134364;0,9920913184541357;-0,093936089605315;0,9918773577020358;-0,09583411824565018;3,753745360013437e-06
83;0,9994981282103224;0,4832104431579451;-0,9990222858121218;-0,48280872628026317;0,0004758423982005322;0,00040171687768192355;0,06727085217999973;0,06727085217999973;0,06727085217999973;0,9528048106232625;-0,4190425624643462;0,9522870789155333;-0,4270234387794797;6,727085217999973e-06
84;0,39915695417601693;0,19314975802381934;-0,3990806158325504;-0,19307202398726875;7,633834346654211e-05;7,773403655059186e-05;0,025966283266748956;0,025966283266748953;0,025966283266748956;0,9859568271939727;-0,2927856568230683;0,9857287584323882;-0,29753146515511225;2,5966283266748954e-06
85;-1,3248008528899669;-0,6405863097239111;1,3272083155346845;0,642246090434688;0,002407462644717695;0,0016597807107769924;0,09017425785784394;0,09017425785784394;0,09017425785784394;0,942173071909401;-0,5772358809649288;0,9440234130807263;-0,5598944858411377;9,017425785784394e-06
86;-0,6645712980887711;-0,3223406785222644;0,6649921088683793;0,32269594365970317;0,000420810779608205;0,0003552651374387761;0,04297529946737628;0,04297529946737628;0,04297529946737628;0,9922957551427544;-0,08656346085814959;0,9930127222568984;-0,07602111260323276;4,2975299467376276e-06
87;0,631365087426893;0,3052516859240343;-0,6311868590094165;-0,3051288220787952;0,0001782284174765003;0,000122863845239074;0,042494223634687744;0,042494223634687744;0,042494223634687744;0,9528048106232625;-0,4190425624643462;0,9525141433371151;-0,4217424385377454;4,249422363468774e-06
88;0,00010000000576214198;5,176500457434909e-12;-9,999999995630134e-05;-2,755340694056669e-13;5,805840630848137e-12;4,900966388029242e-12;5,905075255749507e-06;5,905075255749508e-06;5,905075255749508e-06;0,9777187884188752;-0,19210082034440915;0,9777187316540824;-0,19210362839113387;5,905075255749508e-10
89;1,3999842730879948;0,6791236548475319;-1,3841532772450076;-0,6682088032107704;0,015830995842987194;0,010914851636761536;0,09298005207531627;0,09298005207531627;0,09298005207531627;0,9661882963867502;-0,29885524881813913;0,95438755909995;-0,40736726159731657;9,298005207531627e-06
90;0,8369621983047798;0,4056785917088713;-0,8366560304882255;-0,40542006905517936;0,000306167816554348;0,0002585226536919172;0,05635906485058492;0,05635906485058492;0,05635906485058492;0,9528048106232625;-0,4190425624643462;0,9524070676676305;-0,4251495529817905;5,635906485058492e-06
91;1,0359765618064567;0,5011559277746329;-1,0347150172707302;-0,500286111767489;0,0012615445357264665;0,0008698160071438643;0,06717113858512641;0,06717113858512642;0,06717113858512642;0,9891610787094287;-0,09636502618488187;0,9878594173399831;-0,10801244875801533;6,717113858512643e-06
92;1,0852616517596867;0,5265593178549842;-1,0845429796180637;-0,5260638423454819;0,0007186721416230224;0,0004954755095023522;0,07073391674945129;0,07073391674945129;0,07073391674945129;0,9845816870684991;-0,28641970104763537;0,9838773933514107;-0,2926968290080399;7,073391674945129e-06
93;0,3210806158316728;0,1550720239868298;-0,321042395079249;-0,15503975682644727;3,822075242382317e-05;3,2267160382515314e-05;0,02088445807560417;0,020884458075604177;0,020884458075604177;0,9857287584323882;-0,29753146515511225;0,9855948191341215;-0,29952964734483833;2,0884458075604178e-06
94;0,0;0,0;0,0;0,0;0,0;0,0;;;;;;;;
95;-0,20200000000011603;-0,0979999999999781;0,2020515140462475;0,0980355137066956;5,1514046131462266e-05;3,551370671749099e-05;0,013142116856531303;0,0131421168565313;0,013142116856531303;0,9863334945588426;-0,2708289175179244;0,9866052063743723;-0,2684137757196321;1,3142116856531304e-06
96;0,4543345333192915;0,2202306345455665;-0,4541545788682439;-0,22010657091538416;0,00017995445104762586;0,00012406363018233058;0,029388982085931607;0,029388982085931607;0,029388982085931607;0,9918773577020358;-0,09583411824565018;0,9914529305920596;-0,09959704319591049;2,9388982085931604e-06
97;1,5627972326133024;0,7564828394255029;-1,5563632076869611;-0,7520469052127441;0,006434024926341264;0,004435934212758785;0,103288104107477;0,103288104107477;0,103288104107477;0,970518951942118;-0,6018294060635285;0,9662017209773656;-0,641256858441656;1,03288104107477e-05
98;1,5562632077319696;0,7520469051703509;-1,5549764087935798;-0,7511598107517446;0,0012867989383897882;0,0008870944186062379;0,10328272387509692;0,10328272387509689;0,10328272387509692;0,9662017209773656;-0,641256858441656;0,9653383071587723;-0,6491811163573152;1,0328272387509692e-05
99;-0,2531514450749587;-0,12310441459360145;0,25328695967991754;0,12319784157204242;0,00013551460495886403;9,342697844096082e-05;0,016913806560068828;0,01691380656006882;0,016913806560068828;0,9608845461335233;-0,40467091947502215;0,9614400147047122;-0,3996349997143064;1,691380656006883e-06
100;-0,4635471657437482;-0,22430829348546158;0,46365973023989426;0,22438589328235706;0,00011256449614605035;7,75997968954778e-05;0,03054731560720575;0,03054731560720575;0,03054731560720575;0,973296236688299;-0,5466763906572835;0,9735516279443287;-0,5443604486063629;3,054731560720575e-06
101;-0,24805185666611224;-0,12003575308458717;0,24815144507931863;0,1201044145951306;9,958841320639733e-05;6,86615105434385e-05;0,016564830215301914;0,016564830215301914;0,016564830215301914;0,9604678564792856;-0,40850021235048983;0,9608845461335233;-0,40467091947502215;1,6564830215301912e-06
102;-2,3152213728457607;-1,1235954833163662;2,3260919530523307;1,1310902642509586;0,010870580206570057;0,007494780934592438;0,1553108713266811;0,15531087132668106;0,1553108713266811;0,9566555800749121;-0,4432359608835201;0,9615078043341022;-0,39900987564328183;1,553108713266811e-05
103;1,7169676527500244;0,8346265243022888;-1,7163371636676432;-0,8341918892752854;0,0006304890823811693;0,00043463502700336054;0,11303038498881648;0,1130303849888165;0,1130303849888165;0,9751420202721623;-0,21807132690540468;0,9747553216320871;-0,2215317729522425;1,130303849888165e-05
104;-0,7286708894039574;-0,35246255878711125;0,7291463487566965;0,35279032629189194;0,0004754593527390716;0,00032776750478069605;0,04752141766589016;0,047521417665890166;0,047521417665890166;0,9834085639783872;-0,29694576669542644;0,9841019770275721;-0,2907191549977963;4,7521417665890164e-06
105;0,37315457886842907;0,18110657091551224;-0,3730330253868974;-0,18102276989757507;0,00012155348153164436;8,380101793717398e-05;0,024153882473607547;0,024153882473607544;0,024153882473607547;0,9914529305920596;-0,09959704319591049;0,9911040806898369;-0,10268085297409907;2,4153882473607547e-06
106;-0,3994179365338116;-0,19321920144992516;0,3995471657436099;0,19330829348963796;0,00012922920979829833;8,909203971280144e-05;0,026328983512563388;0,026328983512563384;0,026328983512563388;0,9729560622444459;-0,5497647728232803;0,973296236688299;-0,5466763906572835;2,6328983512563387e-06
107;0,2675046436351793;0,12921003076441961;-0,26748719325885323;-0,12919800260568282;1,745037632605584e-05;1,2028158736798744e-05;0,017838308708698222;0,017838308708698222;0,017838308708698222;0,9615078043341022;-0,39900987564328183;0,9614400147047122;-0,3996349997143064;1,7838308708698223e-06
108;0,1990423950793832;0,09603975682677243;-0,1990103719694178;-0,09600715047285102;3,2023109965417795e-05;3,2606353921410536e-05;0,012945996985210087;0,012945996985210088;0,012945996985210088;0,9855948191341215;-0,29952964734483833;0,9854030065294627;-0,30353602793730944;1,2945996985210087e-06
109;-0,1480038856528182;-0,0710026789157639;0,1480164798608257;0,0710113626445947;1,259420800750477e-05;8,683728830810589e-06;0,009662992719031609;0,00966299271903161;0,00966299271903161;0,9807970451290349;-0,19766051112017835;0,9808873323899461;-0,19682920687020636;9,662992719031611e-07
110;0,5777955729361561;0,2811941292641298;-0,5768357687236451;-0,2805323764281441;0,0009598042125110728;0,000661752835985685;0,03757432288863829;0,03757432288863829;0,03757432288863829;0,9873702664255423;-0,2577475380491508;0,9855992549943497;-0,27338124674855663;3,7574322888638284e-06
111;-3,565538064715618;-1,746746871023854;3,5736351563375903;1,7523298271847683;0,008097091621972474;0,005582956160914199;0,2338860540347337;0,2338860540347337;0,2338860540347337;0,9801009845550056;-0,1713469555903938;0,982502312407299;-0,15045340147354402;2,338860540347337e-05
112;1,6483371636974524;0,8011918892499191;-1,6448483154697748;-0,7987865671969128;0,003488848227677588;0,0024053220530063646;0,10855350152595401;0,10855350152595401;0,10855350152595401;0,9747553216320871;-0,2215317729522425;0,9725272576945684;-0,24152731531015362;1,0855350152595402e-05
113;1,6447483155567966;0,7987865670982087;-1,639192653107174;-0,794956245897973;0,005555662449622467;0,0038303212002357423;0,10854816136300897;0,10854816136300899;0,10854816136300899;0,9725272576945684;-0,24152731531015362;0,968979317233503;-0,27355674356405946;1,08548161363009e-05
114;0,3542479663588146;0,17117095660223802;-0,35409137622274534;-0,1710629984214887;0,00015659013606927896;0,00010795818074932351;0,022997731481366027;0,02299773148136602;0,022997731481366027;0,9877053184906244;-0,25861424838006297;0,9872334476173679;-0,26285088172012094;2,2997731481366027e-06
115;0,5173187140876965;0,24986002898276194;-0,5172071940285156;-0,24976586343014517;0,00011152005918091401;9,416555261676507e-05;0,03401421914836298;0,03401421914836297;0,03401421914836298;0,9751420202721623;-0,21807132690540468;0,974902055604349;-0,2216915959794;3,401421914836298e-06
116;0,517107194029807;0,24976586342926593;-0,5169500808945398;-0,2496332471741884;0,00015711313526722837;0,0001326162550775445;0,03400888637803288;0,034008886378032885;0,034008886378032885;0,974902055604349;-0,2216915959794;0,9745639673964078;-0,22679002143958465;3,4008886378032884e-06
117;0,5168500808965275;0,2496332471721735;-0,5166170519786076;-0,2494365011134595;0,00023302891791987523;0,00019674605871400352;0,03400355172359169;0,034003551723591686;0,03400355172359169;0,9745639673964078;-0,22679002143958465;0,9740624060943597;-0,23436199607496952;3,4003551723591696e-06
118;-0,1260005656117028;-0,061000389788601075;0,12605185664180205;0,0610357532347981;5,129103009923752e-05;3,5363446197027304e-05;0,008418688197152675;0,008418688197152675;0,008418688197152675;0,9600455753549596;-0,4123783419005795;0,9604678564792856;-0,40850021235048983;8,418688197152675e-07
119;-0,3353536181636982;-0,1621748560951859;0,33541793653353963;0,16221920145551427;6,43183698414429e-05;4,4345360328379435e-05;0,022109176833826023;0,022109176833826027;0,022109176833826027;0,972754440694734;-0,5515979185939652;0,9729560622444459;-0,5497647728232803;2,2109176833826024e-06
120;1,0457624328389719;0,5060772490963353;-1,0451536698299133;-0,505657502439126;0,0006087630090585439;0,0004197466572093411;0,069483838974571;0,06948383897457099;0,069483838974571;0,9653383071587723;-0,6491811163573152;0,9647310684844858;-0,654740183563608;6,9483838974571e-06
121;-0,32829703623895273;-0,15913584960546664;0,3283536181634804;0,1591748560950938;5,658192452767663e-05;3,9006489627152474e-05;0,021657643150168607;0,021657643150168607;0,021657643150168607;0,9725733529845291;-0,5532340141325183;0,972754440694734;-0,5515979185939652;2,165764315016861e-06
122;0,551571298088589;0,2673406785224603;-0,5512017204980068;-0,26708587373721276;0,0003695775905822041;0,00025480478524753103;0,035663170936466294;0,035663170936466294;0,035663170936466294;0,9922957551427544;-0,08656346085814959;0,9915774451231366;-0,09293354128257549;3,5663170936466293e-06
123;-0,32808651610376866;-0,15905964725144306;0,32819703623960567;0,15913584960521823;0,00011052013583701115;7,620235377517326e-05;0,021652301478491134;0,021652301478491134;0,021652301478491134;0,9722195333359338;-0,5564314970545232;0,9725733529845291;-0,5532340141325183;2,1652301478491135e-06
124;1,6091926531774443;0,7809562458263679;-1,6084453836095647;-0,7804410285046015;0,0007472695678796271;0,0005152173217664036;0,10657582542263648;0,1065758254226365;0,1065758254226365;0,968979317233503;-0,27355674356405946;0,9684932658191069;-0,27795542739765544;1,065758254226365e-05
125;-0,2710060321702509;-0,13100415809758972;0,27109137622248747;0,13106299842137392;8,534405223659114e-05;5,8840323784198345e-05;0,0176094841771848;0,0176094841771848;0,0176094841771848;0,9868975643173491;-0,2658634642218422;0,9872334476173679;-0,26285088172012094;1,7609484177184797e-06
126;-0,24601708615851103;-0,11801178067549606;0,24608383486109617;0,11805779905415054;6,674870258513432e-05;4,6018378654477665e-05;0,016060388995748354;0,01606038899574835;0,016060388995748354;0,9808873323899461;-0,19682920687020636;0,9811752318911243;-0,1941794339257423;1,6060388995748352e-06
127;0,7461760112706464;0,3607418637311261;-0,7455144790076923;-0,3602857594075572;0,0006615322629540676;0,0004561043235689066;0,050137834903448766;0,050137834903448766;0,050137834903448766;0,95438755909995;-0,40736726159731657;0,9534731378283365;-0,4158575531385856;5,0137834903448765e-06
128;0,24241826307824285;0,11715048613477257;-0,24235139080653928;-0,11710437994470609;6,68722717035719e-05;4,6106190066480535e-05;0,015940909621873042;0,015940909621873042;0,015940909621873042;0,9751420202721623;-0,21807132690540468;0,9748512924631539;-0,22071426848039918;1,5940909621873041e-06
129;0,24225139080715258;0,11710437994403217;-0,2421622874194343;-0,11704294614456566;8,910338771828119e-05;6,143379946650651e-05;0,015935577286563085;0,015935577286563085;0,015935577286563085;0,9748512924631539;-0,22071426848039918;0,9744637785855715;-0,22423577955933363;1,5935577286563087e-06
130;-0,07100000000000724;-0,03399999999977286;0,07100388565252523;0,034002678915901176;3,88565251799311e-06;2,678916128318054e-06;0,004634220441954661;0,00463422044195466;0,004634220441954661;0,9807389691842145;-0,19819757163258414;0,9807970451290349;-0,19766051112017835;4,6342204419546604e-07
131;0,5027356694109292;0,24453229258450973;-0,5026228998786899;-0,2444370900036549;0,00011276953223926522;9,520258085482514e-05;0,03274848781985829;0,03274848781985829;0,03274848781985829;0,9855992549943497;-0,27338124674855663;0,9853470592773765;-0,27710108830557606;3,2748487819858292e-06
132;0,5025228998783988;0,24443709000315617;-0,5022504424378229;-0,24420708844990885;0,0002724574405759128;0,00023000155324731653;0,032743218639629264;0,032743218639629264;0,032743218639629264;0,9853470592773765;-0,27710108830557606;0,9847376575902265;-0,28609375366968437;3,274321863962926e-06
133;-0,6022305085880937;-0,29115893097456663;0,6026708894038869;0,29146255878737076;0,00044038081579322874;0,0003036278128041303;0,0393027739777848;0,0393027739777848;0,0393027739777848;0,9826320024848721;-0,3039359106603587;0,9834085639783872;-0,29694576669542644;3,9302773977784795e-06
134;0,8575383159632984;0,4160606264804905;-0,856526429062892;-0,41536294820024355;0,0010118869004064335;0,0006976782802469716;0,05593140072101832;0,05593140072101833;0,05593140072101833;0,9838773933514107;-0,2926968290080399;0,9826232951922429;-0,3038917392538086;5,593140072101833e-06
135;-0,00010000000007152153;-7,379006177602902e-14;0,0001000000077216166;5,347894488306092e-12;7,650095075646679e-12;5,274104426530063e-12;6,059498243694157e-06;6,059498243694157e-06;6,059498243694157e-06;0,9528021073417715;-0,4191791210603962;0,9528021802320398;-0,41917609922138915;6,059498243694156e-10
136;0,4396170519782026;0,212436501124269;-0,439352829686839;-0,21221343479650884;0,00026422229136363606;0,0002230663277601741;0,028940018950484248;0,02894001895048425;0,02894001895048425;0,9740624060943597;-0,23436199607496952;0,9733941863529204;-0,24444726057143776;2,8940018950484252e-06
137;0,6134226080957887;0,2971876848368993;-0,6132935400444646;-0,2970987124401081;0,0001290680513241771;8,897239679117597e-05;0,039353433401324966;0,03935343340132497;0,03935343340132497;1,0;0,0;0,9997726803673762;-0,0020007473367535215;3,9353433401324975e-06
138;0,613193540044534;0,2970987124405757;-0,6127096859037239;-0,2967651192333856;0,0004838541408100916;0,0003335932071900638;0,03934823637107398;0,03934823637107398;0,03934823637107398;0,9997726803673762;-0,0020007473367535215;0,9989203551908377;-0,00951102974113792;3,934823637107398e-06
139;-0,04400000000998844;-0,02099999994426008;0,0440005655927944;0,02100038989464888;5,655828059641932e-07;3,8995038879885424e-07;0,0029320282871206855;0,002932028287120685;0,0029320282871206855;0,9600322170508941;-0,412505624456576;0,9600455753549596;-0,4123783419005795;2,9320282871206856e-07
140;-0,6813481389372416;-0,33024001943614395;0,6816185382881493;0,3304264507259627;0,00027039935090777956;0,000186431289818767;0,04533231327375945;0,045332313273759445;0,04533231327375945;0,9643176093870781;-0,6585091492044275;0,9647310684844858;-0,654740183563608;4,533231327375945e-06
141;0,48586813374777044;0,23446065626732834;-0,48584058215523673;-0,2344416655635032;2,7551592533703317e-05;1,899070382513357e-05;0,031698566910650317;0,03169856691065031;0,031698566910650317;0,9825978707239152;-0,18122631561404542;0,9825376433136103;-0,1817711189396975;3,1698566910650314e-06
142;0,48574058215458527;0,23444166556469023;-0,485586386936642;-0,23433535312988393;0,00015419521794324265;0,00010631243480629937;0,03169327483472644;0,03169327483472645;0,03169327483472645;0,9825376433136103;-0,1817711189396975;0,982200492764071;-0,18482310595161724;3,169327483472645e-06
143;1,5254453836526547;0,7404410284825077;-1,5225323795454473;-0,7384326097820526;0,0029130041072074064;0,0020084187004550946;0,10108333372225639;0,10108333372225638;0,10108333372225639;0,9684932658191069;-0,27795542739765544;0,9664956050913016;-0,296063382156811;1,0108333372225638e-05
144;1,5224323795941912;0,7384326097290778;-1,521984272773497;-0,7381236550948369;0,00044810682069429397;0,00030895463424085445;0,10107795891192853;0,10107795891192853;0,10107795891192853;0,9664956050913016;-0,296063382156811;0,9661882963867502;-0,29885524881813913;1,0107795891192852e-05
145;-0,07710000001842682;-0,03699999990080151;0,07714760503666285;0,03703282196535822;4,760501823602992e-05;3,2822064556708996e-05;0,005176837617781129;0,005176837617781129;0,005176837617781129;0,9537505260174078;-0,41338938253045027;0,95438755909995;-0,40736726159731657;5,176837617781129e-07
146;0,0;0,0;0,0;0,0;0,0;0,0;;;;;;;;
147;-1,5507127205724434;-0,750903741614911;1,5635738970174087;0,7597710917219732;0,012861176444965317;0,008867350107062189;0,10519209330452786;0,10519209330452786;0,10519209330452786;0,945648322952877;-0,544734427070328;0,9541235485831625;-0,4664338857545608;1,0519209330452786e-05
148;0,5002928178133009;0,24220189481168458;-0,5002208693730319;-0,24215227753825377;7,19484402690318e-05;4,9617273430807574e-05;0,03363427989572473;0,03363427989572473;0,03363427989572473;0,9541235485831625;-0,4664338857545608;0,9539752745638879;-0,46780589760638225;3,3634279895724724e-06
149;0,16516228741763758;0,08004294615781371;-0,16511885296731588;-0,08001299894859974;4,3434450321705453e-05;2,9947209213967985e-05;0,010874138922919663;0,010874138922919666;0,010874138922919666;0,9744637785855715;-0,22423577955933363;0,9741869124136926;-0,2267360187524583;1,0874138922919665e-06
150;0,19427440090402587;0,09405129570598568;-0,19423242555826367;-0,09402235511191707;4,19753457621963e-05;2,894059406860494e-05;0,012629530389368017;0,012629530389368017;0,012629530389368017;0,9867112618239634;-0,2635972461164629;0,9864809015272674;-0,26565718504355035;1,2629530389368016e-06
151;0,1650188529680285;0,08001299894822213;-0,16500136722593958;-0,0800009425042443;1,7485742088929612e-05;1,2056443977823128e-05;0,010868805930994114;0,010868805930994112;0,010868805930994114;0,9741869124136926;-0,2267360187524583;0,974075393179911;-0,22774199757013924;1,0868805930994113e-06
152;-0,41116494559650507;-0,19811372067937089;0,4113316186705648;0,19822863603201787;0,00016667307405970888;0,00011491535264698816;0,026650980380076447;0,026650980380076444;0,026650980380076447;0,9887277357230636;-0,10027707141827076;0,9891610787094287;-0,09636502618488187;2,665098038007645e-06
153;0,0;0,0;0,0;0,0;0,0;0,0;;;;;;;;
154;0,33328127246662337;0,16219392464102642;-0,33309560167911306;-0,16206591085593036;0,00018567078751030586;0,00012801378509605388;0,021687836040701246;0,02168783604070125;0,02168783604070125;0,9867112618239634;-0,2635972461164629;0,9861177044331342;-0,26883434979999216;2,168783604070125e-06
155;0,0;0,0;0,0;0,0;0,0;0,0;;;;;;;;
156;-0,21202416165284188;-0,10301665798680566;0,21208651610199641;0,1030596472617511;6,235444915453359e-05;4,29892749454347e-05;0,014002970165002133;0,014002970165002135;0,014002970165002135;0,9719108308469687;-0,55920557824917;0,9722195333359338;-0,5564314970545232;1,4002970165002135e-06
157;0,4404862444142422;0,2123352548229829;-0,44045454319500665;-0,21231339362254045;3,1701219235569233e-05;2,1861200442452322e-05;0,028743661066235944;0,02874366106623594;0,028743661066235944;0,982200492764071;-0,18482310595161724;0,9821240663217942;-0,18551763400757487;2,8743661066235946e-06
158;0,5595051649452054;0,2707620022390505;-0,5592320385067738;-0,2705736712216801;0,00027312643843158124;0,00018833101737042446;0,03592555745219696;0,03592555745219695;0,03592555745219696;0,9989203551908377;-0,00951102974113792;0,9983934160037831;-0,014172970919612962;3,5925557452196958e-06
159;0,6055253540179918;0,29336220681558123;-0,6051140561712324;-0,293078630735189;0,0004112978467594175;0,0002835760803922005;0,03953377434967395;0,03953377434967394;0,03953377434967395;0,9826232951922429;-0,3038917392538086;0,981902178399301;-0,3103576996672911;3,953377434967395e-06
160;0,1710330253864606;0,08302276989748306;-0,17100074719169012;-0,08300051516401612;3,227819477047422e-05;2,225473346693929e-05;0,011075024102837928;0,011075024102837927;0,011075024102837928;0,9911040806898369;-0,10268085297409907;0,9909020415015481;-0,10446685264219914;1,107502410283793e-06
161;0,16723242555792617;0,08102235511215233;-0,16720000004932722;-0,08100000003399807;3,242550859894333e-05;2,235507815426252e-05;0,01087569937038354;0,010875699370383542;0,010875699370383542;0,9864809015272674;-0,26565718504355035;0,9862742471766097;-0,2675014913476996;1,0875699370383542e-06
162;-9,999999992593912e-05;3,524169277282962e-14;0,00010000002347233397;1,6198865487408127e-11;2,3546394855070672e-11;1,6234107180180957e-11;5,87575468977825e-06;5,8757546897782505e-06;5,8757546897782505e-06;0,9825976393575823;-0,18123561707012278;0,9825978707239152;-0,18122631561404542;5,87575468977825e-10
163;0,36835282968623084;0,17821343480664675;-0,36811794790847807;-0,17801515224352987;0,0002348817777527712;0,00019828256311688053;0,024270862298948103;0,024270862298948107;0,024270862298948107;0,9733941863529204;-0,24444726057143776;0,9726858229873057;-0,2551237824223254;2,4270862298948106e-06
164;-0,14499999999984287;-0,0699999999996461;0,14500603216983762;0,07000415809740945;6,032169994757419e-06;4,1580977633570715e-06;0,009419898123248878;0,00941989812324888;0,00941989812324888;0,9868531899118186;-0,2662627426573883;0,9868975643173491;-0,2658634642218422;9,419898123248879e-07
165;0,0;0,0;0,0;0,0;0,0;0,0;;;;;;;;
166;-0,4221355361686522;-0,20309344535281112;0,42245454319466497;0,20331339362162149;0,0003190070260127853;0,00021994826881036045;0,027560747357370484;0,027560747357370484;0,027560747357370484;0,981322106199273;-0,19283787153938722;0,9821240663217942;-0,18551763400757487;2,7560747357370484e-06
167;0,5478296613783666;0,26443411708854087;-0,5477702664008945;-0,2643931662422401;5,939497747209366e-05;4,0950846300791266e-05;0,03679938386447733;0,03679938386447732;0,03679938386447733;0,95438755909995;-0,40736726159731657;0,9542757098790472;-0,4084091220490483;3,679938386447733e-06
168;-0,20210599242253355;-0,09800505867190236;0,20212024096847442;0,09801708906582648;1,4248545940870327e-05;1,2030393924125637e-05;0,013082572567951659;0,013082572567951653;0,013082572567951659;0,9912533200853935;-0,09770385287316191;0,9913330647916957;-0,09652856316507888;1,3082572567951657e-06
169;-0,20200000000185003;-0,0980000000006919;0,20200599242397993;0,09800505867211319;5,992422129896813e-06;5,058671421295791e-06;0,013077332040464325;0,013077332040464325;0,013077332040464325;0,9912197690631555;-0,09819781363334511;0,9912533200853935;-0,09770385287316191;1,3077332040464326e-06
170;0,5452116198583571;0,26414587958043123;-0,5450026555854225;-0,2640018311345459;0,00020896427293459752;0,00014404844588533638;0,035407419318268255;0,035407419318268255;0,035407419318268255;0,9878594173399831;-0,10801244875801533;0,987450365741312;-0,11165747105072674;3,5407419318268253e-06
171;0,44822086936078315;0,2171522776443159;-0,44813618199836874;-0,21709389324447956;8,4687362414404e-05;5,838439983635313e-05;0,03014241531983703;0,03014241531983703;0,03014241531983703;0,9539752745638879;-0,46780589760638225;0,9537805359796266;-0,46960305628627297;3,014241531983703e-06
172;-0,3771202409687732;-0,18301708906532907;0,37720172049805234;0,18308587373707286;8,147952927911595e-05;6,878467174378788e-05;0,024413166553833604;0,024413166553833607;0,024413166553833607;0,9913330647916957;-0,09652856316507888;0,9915774451231366;-0,09293354128257549;2,4413166553833605e-06
173;0,34825044243782727;0,1692070884500579;-0,34811045912877614;-0,1690889026524106;0,0001399833090511282;0,00011818579764730219;0,022700387622251756;0,02270038762225175;0,022700387622251756;0,9847376575902265;-0,28609375366968437;0,9842860723360459;-0,29277469655321836;2,2700387622251757e-06
174;0,13026160039781828;0,06204246939385548;-0,13021077945167125;-0,06200743086720047;5,082094614702881e-05;3,503852665500545e-05;0,008863107451405531;0,008863107451405531;0,008863107451405531;0,9398663627306967;-0,5990108837792305;0,939469336228584;-0,6028963561905331;8,863107451405533e-07
175;0,4633020443205787;0,22422937091022088;-0,46316553236566993;-0,22411412140785247;0,000136511954908769;0,00011524950236840859;0,031201851215066616;0,031201851215066623;0,031201851215066623;0,9524070676676305;-0,4251495529817905;0,952086800273926;-0,43007898657222626;3,120185121506662e-06
176;-0,37008430732296604;-0,17805812478051164;0,3701355361683856;0,17809344535245622;5,122884541958195e-05;3,532057194458038e-05;0,02416617813703272;0,024166178137032715;0,02416617813703272;0,9811752318911243;-0,1941794339257423;0,981322106199273;-0,19283787153938722;2,416617813703272e-06
177;0,4911279113568028;0,23757082578118424;-0,49091073577987526;-0,23742107526306355;0,00021717557692751965;0,0001497505181206893;0,03154917962904004;0,03154917962904004;0,03154917962904004;0,9983934160037831;-0,014172970919612962;0,997916313111108;-0,01840067950507287;3,1549179629040038e-06
178;-0,13501017655587283;-0,06600701573921292;0,13502416165125453;0,06601665799375789;1,3985095381696677e-05;9,642254544972584e-06;0,00892829244371031;0,008928292443710309;0,00892829244371031;0,9718021995711947;-0,5601661767317692;0,9719108308469687;-0,55920557824917;8,928292443710311e-07
179;0,24709560167950617;0,12006591085625426;-0,24702467986442173;-0,12001701531729256;7,092181508444595e-05;4,8895538961701845e-05;0,016084357474050293;0,016084357474050293;0,016084357474050293;0,9861177044331342;-0,26883434979999216;0,9858120244953955;-0,2715428138942396;1,6084357474050292e-06
180;0,47581057286269207;0,23042096294558106;-0,4756115583392233;-0,2302837492937353;0,0001990145234687657;0,00013721365184576895;0,03058637546782176;0,030586375467821756;0,03058637546782176;0,997916313111108;-0,01840067950507287;0,9974653257162466;-0,022385780791589503;3,058637546782176e-06
181;-0,11900000000273264;-0,05799999998835533;0,1190101765558171;0,05800701574080092;1,0176553084453865e-05;7,01575244559105e-06;0,007865577252606334;0,007865577252606337;0,007865577252606337;0,971712490122289;-0,5609659044528934;0,9718021995711947;-0,5601661767317692;7,865577252606338e-07
182;0,0;0,0;0,0;0,0;0,0;0,0;;;;;;;;
183;0,05100136722263125;0,025000942526017797;-0,05100000000261056;-0,024999999990853068;1,3672200206912843e-06;9,425351647288083e-07;0,003366600167793007;0,003366600167793007;0,003366600167793007;0,974075393179911;-0,22774199757013924;0,9740472250294495;-0,22798866409331153;3,366600167793007e-07
184;-0,4030000000001635;-0,1949999999993573;0,4031140561713982;0,1950786307356818;0,00011405617123472211;7,863073632449757e-05;0,026332351519527744;0,02633235151952775;0,02633235151952775;0,9816019793612258;-0,31305744676818087;0,981902178399301;-0,3103576996672911;2,633235151952775e-06
185;0,13900941490999;0,06700649011977239;-0,1390008542415621;-0,06700058872281359;8,560668427887164e-06;5,901396958801763e-06;0,00931312134889656;0,00931312134889656;0,00931312134889656;0,9566555800749121;-0,4432359608835201;0,9565918882702457;-0,4438296368162379;9,313121348896559e-07
186;-0,06920220667876656;-0,03400186319772386;0,06920646495341275;0,03400479955418924;4,258274646187776e-06;2,936356465380041e-06;0,004545129197135716;0,004545129197135716;0,004545129197135716;0,9794261681983417;-0,1782998748725107;0,9794911643842312;-0,17773695477334547;4,545129197135716e-07
187;-0,8397256599183062;-0,40522451905705614;0,841632151774427;0,4065389473675222;0,0019064918561207955;0,0013144283104660759;0,0572755963432364;0,05727559634323639;0,0572755963432364;0,9398663627306967;-0,5990108837792305;0,942173071909401;-0,5772358809649288;5,72755963432364e-06
188;0,5156839539519192;0,24956428820822632;-0,5153985034072286;-0,24932331829234572;0,00028545054469064635;0,00024096991588060113;0,03473352735761827;0,03473352735761827;0,03473352735761827;0,9522870789155333;-0,4270234387794797;0,9516855082257752;-0,4362860105390797;3,4733527357618268e-06
189;0,4952305085876872;0,23915893097440952;-0,49513205840604396;-0,2390910526595445;9,845018164322816e-05;6,787831486501639e-05;0,032312863276632;0,032312863276632006;0,032312863276632006;0,9826320024848721;-0,3039359106603587;0,9824208591948617;-0,30584400089747343;3,2312863276632005e-06
190;0,3531361819693089;0,17109389344553524;-0,353015548082336;-0,17101071750606778;0,00012063388697292066;8,317593946746693e-05;0,023753119520006003;0,023753119520006007;0,023753119520006007;0,9537805359796266;-0,46960305628627297;0,9534285113576971;-0,4728537244029125;2,3753119520006006e-06
191;0,4063383318657546;0,19624443817538018;-0,40626618770668127;-0,19618352093181782;7,214415907330629e-05;6,091724356235839e-05;0,027358015901420504;0,027358015901420504;0,027358015901420504;0,9522870789155333;-0,4270234387794797;0,9520940736776144;-0,4300053201156177;2,73580159014205e-06
192;-0,04120082705789567;-0,020000698320393317;0,04120220667873836;0,020001863202344337;1,3796208426924972e-06;1,1648819510205743e-06;0,002699845936530146;0,0026998459365301466;0,0026998459365301466;0,9793887489210702;-0,17885711461697548;0,9794261681983417;-0,1782998748725107;2,699845936530147e-07
193;-0,04110000000649008;-0,019999999999349205;0,04110082705771725;0,020000698320717214;8,270512271701946e-07;6,983213680089584e-07;0,0026945439972249938;0,0026945439972249938;0,0026945439972249938;0,9793662673562232;-0,1791905898306417;0,9793887489210702;-0,17885711461697548;2,6945439972249935e-07
194;0,2761104591290083;0,13408890265229187;-0,2760280793843781;-0,13401935979385127;8,237974463015663e-05;6,954285844060215e-05;0,018004549221404063;0,01800454922140407;0,01800454922140407;0,9842860723360459;-0,29277469655321836;0,9839510310072701;-0,29773584296484623;1,8004549221404068e-06
195;0,4195093574883884;0,20328223181326854;-0,4193792242832072;-0,20319250586380824;0,0001301332051812376;8,972594946030088e-05;0,026982562177041317;0,026982562177041314;0,026982562177041317;0,9974653257162466;-0,022385780791589503;0,9971310276824007;-0,025336329306150752;2,6982562177041317e-06
196;-0,48722130602737096;-0,23615258331282138;0,4873481389309429;0,23624001947514459;0,00012683290357196064;8,743616232320672e-05;0,032425621094391274;0,03242562109439127;0,032425621094391274;0,9640464875568494;-0,6609806315446095;0,9643176093870781;-0,6585091492044275;3,242562109439128e-06
197;0,0;0,0;0,0;0,0;0,0;0,0;;;;;;;;
198;-0,4090387624232991;-0,19802672678025396;0,4091861686552267;0,19812835858505606;0,00014740623192760482;0,00010163180480210476;0,02688479410745449;0,026884794107454493;0,026884794107454493;0,9759361043512651;-0,20930730160965513;0,9763161306528646;-0,20587385015166879;2,6884794107454494e-06
199;-0,1940000000679912;-0,09399999962783309;0,19403558719049083;0,09402453398960825;3,5587122499625146e-05;2,453436177515811e-05;0,013069220467821973;0,013069220467821973;0,013069220467821973;0,9523254046780394;-0,4234860150077379;0,9525141433371151;-0,4217424385377454;1,3069220467821973e-06
200;0,4072790734206752;0,19719240183687167;-0,407138312699093;-0,1970953624045241;0,00014076072158220043;9,703943234756762e-05;0,026200576987728586;0,026200576987728583;0,026200576987728586;0,9971310276824007;-0,025336329306150752;0,9967586687303185;-0,028629666414086465;2,6200576987728585e-06
201;-0,0525002578571422;-0,02500017777808797;0,05250300651052535;0,025002072759029027;2,7486533831500015e-06;1,8949809410563623e-06;0,003454871334092508;0,0034548713340925075;0,003454871334092508;0,9717363424517146;-0,590777197834254;0,9717914287223103;-0,5902558279586537;3,454871334092508e-07
202;0,0;0,0;0,0;0,0;0,0;0,0;;;;;;;;
203;0,0;0,0;0,0;0,0;0,0;0,0;;;;;;;;
204;-0,00010000000008295187;1,3366566620564928e-13;0,00010000000541262542;4,366113487547625e-12;5,329673551449088e-12;4,499779153753275e-12;5,895141783859655e-06;5,895141783859655e-06;5,895141783859655e-06;0,9793662151592002;-0,17919316801404872;0,9793662673562232;-0,1791905898306417;5,895141783859655e-10
205;0,0;0,0;0,0;0,0;0,0;0,0;;;;;;;;
206;0,00020000004929702657;3,4066888117764235e-11;-0,00020000001172055718;-8,160589442770652e-12;3,757646938832432e-11;2,5906298674993584e-11;1,1707705299021302e-05;1,1707705299021304e-05;1,1707705299021304e-05;0,9862742471766097;-0,2675014913476996;0,9862740618731215;-0,2675089129533155;1,1707705299021304e-09
207;0,00010000001154131438;8,062332024284987e-12;-9,999999989273088e-05;-3,1378512349163295e-14;1,1648583492099643e-11;8,030953511935823e-12;5,8538529820701105e-06;5,8538529820701105e-06;5,8538529820701105e-06;0,9862740618731215;-0,2675089129533155;0,9862739469861741;-0,2675135143501994;5,853852982070111e-10
208;0,0;0,0;0,0;0,0;0,0;0,0;;;;;;;;
209;-0,3050470508310725;-0,14703244013271377;0,30516291112110105;0,14711231787243967;0,00011586029002857989;7,987773972589762e-05;0,01978199573132033;0,01978199573132033;0,01978199573132033;0,9883219025617407;-0,10393861266480928;0,9887277357230636;-0,10027707141827076;1,9781995731320334e-06
210;-0,2950470818058668;-0,14303245773502857;0,29514947889194904;0,14310305289512515;0,00010239708608222875;7,059516009658151e-05;0,020149424568079027;0,020149424568079027;0,020149424568079027;0,9395141070798723;-0,6023046373360372;0,9398663627306967;-0,5990108837792305;2,014942456807903e-06
211;0,3151512717892002;0,15210428830983974;-0,31507726772246425;-0,1520532696389913;7,400406673596649e-05;5,1018670848446135e-05;0,02121084853713612;0,021210848537136128;0,021210848537136128;0,9525141433371151;-0,4217424385377454;0,9522723703815624;-0,42399929312212375;2,121084853713613e-06
212;0,35026618767151113;0,16918352094438474;-0,3501258586741731;-0,16908677455820995;0,00014032899733801285;9,674638617479525e-05;0,0235880782603808;0,023588078260380795;0,0235880782603808;0,9520940736776144;-0,4300053201156177;0,9516817977009955;-0,43384879302512885;2,3588078260380796e-06
213;0,34116553230188074;0,1651141215373264;-0,34107863811539246;-0,16505421637137246;8,68941864882733e-05;5,990516595394402e-05;0,022983999870238164;0,022983999870238164;0,022983999870238164;0,952086800273926;-0,43007898657222626;0,9518247722902958;-0,4325086297623278;2,2983999870238164e-06
214;0,4383985034015162;0,21232331840815413;-0,4380847591113208;-0,21205843292734536;0,00031374429019542793;0,00026488548080877417;0,029550946415938018;0,029550946415938015;0,029550946415938018;0,9516855082257752;-0,4362860105390797;0,9509082699309074;-0,4482512370597273;2,9550946415938017e-06
215;0,11902467986414393;0,058017015317094627;-0,11901874432524805;-0,058012923583898326;5,935538895884829e-06;4,091733196300018e-06;0,0077548160647098125;0,0077548160647098125;0,0077548160647098125;0,9858120244953955;-0,2715428138942396;0,9857589541886036;-0,27200902270702326;7,754816064709813e-07
216;0,0;0,0;0,0;0,0;0,0;0,0;;;;;;;;
217;-0,2731162035981264;-0,13201117395748885;0,273292099976798;0,13213244705638888;0,0001758963786716028;0,00012127309890003213;0,01771798225644014;0,017717982256440144;0,017717982256440144;0,9884730522903667;-0,10252580889956961;0,9891610787094287;-0,09636502618488187;1,7717982256440143e-06
218;-0,0004000001032093876;-7,143775074462222e-11;0,0004000001403682174;9,705751844856381e-11;3,715882977836302e-11;2,5619767703941596e-11;2,376572518990259e-05;2,3765725189902588e-05;2,376572518990259e-05;0,9717362521802697;-0,5907808675934196;0,9717363424517146;-0,590777197834254;2,376572518990259e-09
219;-0,0003000000055682466;-4,014292753594254e-12;0,0003000001031101915;7,126619451006507e-11;9,75419448987977e-11;6,725190175647082e-11;1,7824295419561807e-05;1,7824295419561813e-05;1,7824295419561813e-05;0,9717359362302047;-0,5907937117558719;0,9717362521802697;-0,5907808675934196;1,7824295419561815e-09
220;-0,00010000000054161437;-6,025597975765039e-13;0,00010000000363818412;2,737540876146535e-12;3,096569753543131e-12;2,1349810785700312e-12;5,941431912402973e-06;5,941431912402973e-06;5,941431912402973e-06;0,9717359061397243;-0,5907949350098681;0,9717359362302047;-0,5907937117558719;5,941431912402973e-10
221;0,0;0,0;0,0;0,0;0,0;0,0;;;;;;;;
222;0,00010000000163123903;2,115821126387536e-12;-9,999999914654105e-05;-4,027051405049739e-13;2,4846979806763744e-12;1,7131159858825622e-12;6,1454948649728655e-06;6,145494864972865e-06;6,1454948649728655e-06;0,9394691416931776;-0,6029045357147816;0,9394691183502071;-0,6029055172579179;6,145494864972865e-10
223;0,00020000004241055045;3,061778864696198e-11;-0,00020000000099665237;-2,0658562878143514e-12;4,1413898081276573e-11;2,855193235914763e-11;1,2290989590699532e-05;1,229098959069953e-05;1,2290989590699532e-05;0,939469336228584;-0,6028963561905331;0,9394691416931776;-0,6029045357147816;1,2290989590699532e-09
224;0,3362033804961983;0,1630712750399983;-0,33614560838875734;-0,1630314431081922;5,777210744095651e-05;3,983193180609468e-05;0,022953810246710338;0,02295381024671034;0,02295381024671034;0,9398663627306967;-0,5990108837792305;0,9396918954381901;-0,6006405655077721;2,295381024671034e-06
225;0,39357963857536793;0,19033068187513547;-0,3933111318845442;-0,19014556274646618;0,00026850669082373324;0,00018511912866928104;0,026450307711620435;0,02645030771162044;0,02645030771162044;0,9542757098790472;-0,4084091220490483;0,9535721687710655;-0,41493520771882864;2,6450307711620438e-06
226;0,10301874432490833;0,0500129235837911;-0,10300000000003848;-0,05000000000002309;1,8744324869854334e-05;1,2923583768011115e-05;0,006707161828935672;0,006707161828935673;0,006707161828935673;0,9857589541886036;-0,27200902270702326;0,9855652205477793;-0,2737303675951835;6,707161828935673e-07
227;0,0;0,0;0,0;0,0;0,0;0,0;;;;;;;;
228;0,0;0,0;0,0;0,0;0,0;0,0;;;;;;;;
229;0,3482099429199924;0,16914474238493377;-0,3480954598234835;-0,1690658158095436;0,00011448309650891053;7,892657539015913e-05;0,023440881068142908;0,023440881068142908;0,023440881068142908;0,9534731378283365;-0,4158575531385856;0,9531345682760359;-0,4189627054873196;2,344088106814291e-06
230;-0,3182532473585197;-0,15410565717586183;0,31835398616748495;0,15419069822163356;0,00010073880896527276;8,504104577172766e-05;0,021443078143765223;0,021443078143765223;0,021443078143765223;0,9520631510448809;-0,4304358420798552;0,9524070676676305;-0,4251495529817905;2,1443078143765224e-06
231;-0,14300062653572684;-0,06900052892469155;0,14301308335309196;0,06901104552745638;1,2456817365114059e-05;1,0516602764826244e-05;0,009425373459379572;0,009425373459379572;0,009425373459379572;0,9725891054629447;-0,256588070914473;0,9726858229873057;-0,2551237824223254;9,425373459379572e-07
232;0,01800085420392626;0,009000588937044677;-0,018000000006458097;-0,008999999966606737;8,54197468164869e-07;5,889704379393595e-07;0,0012146813446051285;0,0012146813446051287;0,0012146813446051287;0,9565918882702457;-0,4438296368162379;0,9565430542701063;-0,4442418186872842;1,2146813446051286e-07
233;0,30913588817328547;0,1490936810631736;-0,30909499970805815;-0,14906549412118714;4,0888465227317816e-05;2,8186941986474423e-05;0,020353627794845085;0,020353627794845088;0,020353627794845088;0,9735516279443287;-0,5443604486063629;0,9734124263692178;-0,5456337441426288;2,035362779484509e-06
234;-0,3161402000412907;-0,1530277149325412;0,31618190760275966;0,15305646652810706;4,1707561468984355e-05;2,8751595565867927e-05;0,02055648345033804;0,02055648345033804;0,02055648345033804;0,9864644526291657;-0,2786186576724411;0,9866050730493583;-0,2773615084488838;2,055648345033804e-06
235;0,321155656223417;0,1551073190498088;-0,3210673631947641;-0,15504644396575804;8,829302865293043e-05;6,087508405075437e-05;0,02115059730581095;0,02115059730581095;0,02115059730581095;0,9735516279443287;-0,5443604486063629;0,9732623325710664;-0,546998783349647;2,115059730581095e-06
236;0,2790786380980392;0,13505421648943322;-0,27903985811697024;-0,1350274789922256;3,87799810689371e-05;2,673749720760732e-05;0,01880613192508889;0,018806131925088888;0,01880613192508889;0,9518247722902958;-0,4325086297623278;0,9516818503301645;-0,4338347383275398;1,8806131925088892e-06
237;0,04900420426656505;0,024002898689818558;-0,04900000000200934;-0,023999999990316396;4,204264555711379e-06;2,898699502162233e-06;0,003263543830773415;0,0032635438307734156;0,0032635438307734156;0,9653383071587723;-0,6491811163573152;0,9652489549885589;-0,649972712671189;3,2635438307734154e-07
238;0,3634351315480122;0,17523105170740796;-0,3633584154452753;-0,1751781585257672;7,671610273690677e-05;5,289318164075629e-05;0,02414617395155464;0,024146173951554648;0,024146173951554648;0,9647310684844858;-0,654740183563608;0,9645109118637962;-0,6567750408819304;2,4146173951554647e-06
239;-0,36504311307614046;-0,1770297222165282;0,3652213060241976;0,17715258333781325;0,00017819294805715424;0,00012286112128503945;0,02430972201288474;0,024309722012884744;0,024309722012884744;0,963538371350779;-0,6656093610152267;0,9640464875568494;-0,6609806315446095;2,4309722012884744e-06
240;0,0;0,0;0,0;0,0;0,0;0,0;;;;;;;;
241;0,0;0,0;0,0;0,0;0,0;0,0;;;;;;;;
242;0,26512585865347843;0,12808677471877533;-0,2650348912086731;-0,12802405571442255;9,096744480535657e-05;6,271900435278477e-05;0,01786290160438752;0,017862901604387516;0,01786290160438752;0,9516817977009955;-0,43384879302512885;0,9513288750472703;-0,43713895040149237;1,7862901604387519e-06
243;0,27109499970766765;0,13106549412393684;-0,2710215469706048;-0,13101485422235573;7,345273706282907e-05;5,063990158110654e-05;0,017859770808586136;0,017859770808586136;0,017859770808586136;0,9734124263692178;-0,5456337441426288;0,9731273967104372;-0,548226036024238;1,7859770808586138e-06
244;0,2130772676919387;0,10305326982994154;-0,21302984672334035;-0,10302057679114238;4,742096859833289e-05;3,2693038799158636e-05;0,014350171778685932;0,01435017177868593;0,014350171778685932;0,9522723703815624;-0,42399929312212375;0,9520433463301251;-0,4261263423953157;1,4350171778685933e-06
245;-0,25817355610236237;-0,12505071279018498;0,2582532473249263;0,1251056572172333;7,969122256396011e-05;5,494442704831459e-05;0,017401845394948937;0,017401845394948937;0,017401845394948937;0,9517457325425532;-0,4333728911216067;0,9520631510448809;-0,4304358420798552;1,7401845394948936e-06
246;0,3163111318801999;0,15314556283592068;-0,3161373700583723;-0,1530257645658887;0,00017376182182760047;0,0001197982700319733;0,021277977894539078;0,021277977894539075;0,021277977894539078;0,9535721687710655;-0,41493520771882864;0,9530061629262717;-0,42017245946305354;2,1277977894539077e-06
247;0,18201554801776637;0,08801071788702465;-0,18200535865077755;-0,08800369414861486;1,0189366988822002e-05;7,02373840978654e-06;0,012242863913769834;0,012242863913769832;0,012242863913769834;0,9534285113576971;-0,4728537244029125;0,9533708332444114;-0,4733887290281162;1,2242863913769834e-06
248;-0,25800248208228566;-0,1250017112479085;0,2580387624183794;0,12502672681155338;3,6280336093763577e-05;2,5015563644897876e-05;0,016962713559760974;0,016962713559760968;0,016962713559760974;0,9757878506109359;-0,2106448296257961;0,9759361043512651;-0,20930730160965513;1,6962713559760974e-06
249;0,32135841544452903;0,15517815853341504;-0,32125333431971065;-0,15510571333897272;0,00010508112481838472;7,244519444232767e-05;0,021361622996073398;0,021361622996073398;0,021361622996073398;0,9645109118637962;-0,6567750408819304;0,964170020328478;-0,6599140315023259;2,1361622996073397e-06
250;0,0;0,0;0,0;0,0;0,0;0,0;;;;;;;;
251;-0,16010101547879882;-0,07800070006384464;0,1601162035982926;0,07801117395727919;1,5188119493775298e-05;1,0473893434545523e-05;0,010403063910833442;0,010403063910833442;0,010403063910833442;0,9883718167059352;-0,10341487210884738;0,9884730522903667;-0,10252580889956961;1,0403063910833442e-06
252;0,31608475905255057;0,15305843306693118;-0,3160000001206721;-0,15299999932631844;8,475893187848138e-05;5,843374061273443e-05;0,021322910585011737;0,021322910585011737;0,021322910585011737;0,9509082699309074;-0,4482512370597273;0,9506327602819102;-0,4508055754931438;2,132291058501174e-06
253;0,3021118671584792;0,14607712962555242;-0,30204363492473385;-0,14603008578723825;6,82322337453578e-05;4,70438383141647e-05;0,01972107048270255;0,01972107048270255;0,01972107048270255;0,9824208591948617;-0,30584400089747343;0,9821810712970891;-0,3080045444806596;1,9721070482702546e-06
254;0,0;0,0;0,0;0,0;0,0;0,0;;;;;;;;
255;0,23604370758133048;0,11403013265049934;-0,23601667234340856;-0,11401149397422485;2,703523792191298e-05;1,8638676274496113e-05;0,01532328874821143;0,01532328874821143;0,01532328874821143;0,9877053184906244;-0,25861424838006297;0,9875830494629027;-0,25971220879205176;1,532328874821143e-06
256;0,244067363193836;0,11804644397157789;-0,24401631150803538;-0,11801124554525298;5,1051685800634905e-05;3,519842632490611e-05;0,016082904135913047;0,016082904135913047;0,016082904135913047;0,9732623325710664;-0,546998783349647;0,9730423330894304;-0,5489981042906555;1,6082904135913046e-06
257;0,0;0,0;0,0;0,0;0,0;0,0;;;;;;;;
258;0,22609545979799497;0,11006581597169818;-0,22601404991964805;-0,11000968658908962;8,140987834692748e-05;5,612938260855793e-05;0,015232081182768711;0,015232081182768713;0,015232081182768713;0,9531345682760359;-0,4189627054873196;0,9527640049219507;-0,42234389935459354;1,5232081182768712e-06
259;0,077111200372059;0,03700772151816898;-0,07710000007990021;-0,0369999995776123;1,1200292158786151e-05;7,721940556683349e-06;0,005254137902270977;0,005254137902270977;0,005254137902270977;0,9398663627306967;-0,5990108837792305;0,9397186918253719;-0,6004282921990456;5,254137902270977e-07
260;0,0;0,0;0,0;0,0;0,0;0,0;;;;;;;;
261;0,0;0,0;0,0;0,0;0,0;0,0;;;;;;;;
262;0,16801219106626292;0,08200840428879702;-0,16800355596147978;-0,08200245067346087;8,635104783133452e-06;5,953615336146134e-06;0,011456550208664266;0,011456550208664266;0,011456550208664266;0,942173071909401;-0,5772358809649288;0,9421208047467182;-0,5777147654146642;1,1456550208664266e-06
263;0,27530453608410055;0,13214101716281362;-0,2752482931424791;-0,13210224307575744;5,624294162143162e-05;3,877408705618701e-05;0,01849116454634482;0,018491164546344814;0,01849116454634482;0,9534731378283365;-0,4158575531385856;0,9532624363162429;-0,4178503193082013;1,849116454634482e-06
264;0,07900763042948021;0,038005260093422095;-0,0790015820139321;-0,03800109021384769;6,048415548104424e-06;4,169879574404678e-06;0,0053879562196779895;0,00538795621967799;0,00538795621967799;0,939469336228584;-0,6028963561905331;0,9393915607856008;-0,6036386898701519;5,387956219677991e-07
265;0,2751482931466378;0,13210224307175397;-0,2750733536722481;-0,13205057481581362;7,493947438969029e-05;5,1668255940356955e-05;0,018485704461732894;0,018485704461732894;0,018485704461732894;0,9532624363162429;-0,4178503193082013;0,9529815986930381;-0,4205060880366306;1,8485704461732893e-06
266;-0,15400850684181072;-0,07400586468109023;0,15409062783871036;0,07406248435610725;8,212099689963726e-05;5,661967501702225e-05;0,01034364884655007;0,010343648846550067;0,01034364884655007;0,9537256766289655;-0,4135919594636152;0,9542757098790472;-0,4084091220490483;1,034364884655007e-06
267;-0,14400377914093715;-0,07000260467528764;0,14402500960939613;0,07001724237173544;2,1230468458977025e-05;1,4637696447800108e-05;0,009839215501854586;0,009839215501854582;0,009839215501854586;0,9395423030948263;-0,6020297385495726;0,9396918954381901;-0,6006405655077721;9,839215501854585e-07
268;-0,19410000000793726;-0,09400000000558285;0,19414020004180874;0,09402771493318121;4,020003387147919e-05;2,7714927598357364e-05;0,01262501952485436;0,012625019524854359;0,01262501952485436;0,9862437537957842;-0,2805900442896071;0,9864644526291657;-0,2786186576724411;1,2625019524854361e-06
269;0,19402807938421449;0,09401935979393564;-0,19400000000025766;-0,09399999999979852;2,8079383956824966e-05;1,935979413711375e-05;0,012651134658371118;0,012651134658371118;0,012651134658371118;0,9839510310072701;-0,29773584296484623;0,9837971860061285;-0,29911197167859827;1,2651134658371119e-06
270;-0,09300608628243626;-0,04500419647507723;0,09301371736985271;0,045009457673148505;7,631087416457016e-06;5,26119807127412e-06;0,006036341032175831;0,0060363410321758295;0,006036341032175831;0,9882342835009255;-0,10472155256371198;0,9883219025617407;-0,10393861266480928;6,03634103217583e-07
271;0,021000626529429346;0,010000528947559529;-0,02100000000095033;-0,009999999996000838;6,265284790141212e-07;5,289515586908572e-07;0,0013807765817678847;0,0013807765817678845;0,0013807765817678847;0,9725891054629447;-0,256588070914473;0,9725559439383129;-0,2571009298668392;1,3807765817678846e-07
272;0,2460436349239194;0,11903008578710984;-0,2460113653135139;-0,11900783702524399;3,2269610405505356e-05;2,2248761865850675e-05;0,016066618572223156;0,016066618572223156;0,016066618572223156;0,9821810712970891;-0,3080045444806596;0,9820418673358455;-0,3092572435361011;1,6066618572223155e-06
273;0,0290015819675017;0,014001090497652063;-0,029000078448018194;-0,01400005391187511;1,503519483504745e-06;1,036585776952384e-06;0,001979282126432538;0,001979282126432538;0,001979282126432538;0,9393915607856008;-0,6036386898701519;0,9393389196353297;-0,6041365696059909;1,9792821264325379e-07
274;0,1570398580755143;0,07602747923325703;-0,15700177311665758;-0,07600122208926367;3,808495885671004e-05;2,6257143993360654e-05;0,010584783958490862;0,010584783958490862;0,010584783958490862;0,9516818503301645;-0,4338347383275398;0,9514324667857768;-0,43614646158635934;1,0584783958490861e-06
275;0,18679689094649593;0,09006680524783248;-0,18676082134198538;-0,09004193353926203;3,606960451055241e-05;2,487170857044807e-05;0,012011835388891293;0,012011835388891294;0,012011835388891294;0,9967586687303185;-0,028629666414086465;0,996550584549565;-0,030491658730957227;1,2011835388891295e-06
276;0,2710959130912819;0,13106996259089387;-0,2710247863243932;-0,13102092306898977;7,112676688869612e-05;4,903952190410399e-05;0,01800931598724912;0,018009315987249117;0,01800931598724912;0,9653383071587723;-0,6491811163573152;0,965064590185817;-0,6516916255342451;1,800931598724912e-06
277;0,24425333431745297;0,11810571335466885;-0,24419834303337487;-0,11806780143700636;5,499128407809861e-05;3,791191766248925e-05;0,016246139498697562;0,016246139498697566;0,016246139498697566;0,964170020328478;-0,6599140315023259;0,963935432760626;-0,6620670413723232;1,6246139498697567e-06
278;0,24409834303464598;0,11806780143618587;-0,2440260353540064;-0,1180179504416543;7,230768063956616e-05;4,985099453155839e-05;0,01624074739130996;0,016240747391309956;0,01624074739130996;0,963935432760626;-0,6620670413723232;0,9636268657788454;-0,6648977748430445;1,624074739130996e-06
279;-0,1730087705326082;-0,08400604559118449;0,17304708170553293;0,0840324584155909;3,831117292471542e-05;2,6412824406407687e-05;0,011821607068614674;0,011821607068614676;0,011821607068614676;0,9392894480972255;-0,6043972602757087;0,9395141070798723;-0,6023046373360372;1,1821607068614677e-06
280;0,1600348911741371;0,07702405592520001;-0,16000176934078697;-0,07700121953120757;3,3121833350135965e-05;2,28363939924342e-05;0,010778695218656438;0,010778695218656436;0,010778695218656438;0,9513288750472703;-0,43713895040149237;0,9511159657474677;-0,43914367309970426;1,0778695218656437e-06
281;0,1816607983945582;0,08804191771771142;-0,18164069963393187;-0,08802806032395168;2,0098760626335865e-05;1,3857393759739156e-05;0,011695387645974605;0,011695387645974605;0,011695387645974605;0,996550584549565;-0,030491658730957227;0,9964314646079582;-0,03154317902571475;1,1695387645974606e-06
282;0,17924042636842533;0,0870278709440405;-0,1792243586110219;-0,08701679414137398;1,6067757403426253e-05;1,1076802666529217e-05;0,011541173478640235;0,011541173478640235;0,011541173478640235;0,9967586687303185;-0,028629666414086465;0,9966621593187106;-0,029476995163815925;1,1541173478640236e-06
283;0,11502979213597743;0,05602053937483851;-0,11500404632716123;-0,05600278912516853;2,5745808816202143e-05;1,775024966997607e-05;0,007759058598416992;0,007759058598416991;0,007759058598416992;0,9520433463301251;-0,4261263423953157;0,95181328186125;-0,4282251554174023;7,759058598416992e-07
284;0,3285033974117233;0,15814023218691717;-0,3284436556714876;-0,15809904225931282;5,974174023570811e-05;4,118992760435147e-05;0,021308064049157763;0,021308064049157766;0,021308064049157766;0,9878594173399831;-0,10801244875801533;0,9876651561603336;-0,10977295130768515;2,130806404915777e-06
285;0,1740338718311865;0,08502555320216344;-0,17401968485495115;-0,0850135733479499;1,418697623534193e-05;1,1979854213542418e-05;0,011380946368730485;0,011380946368730483;0,011380946368730485;0,9825978707239152;-0,18122631561404542;0,9825065282912429;-0,18256829782287734;1,1380946368730485e-06
286;-0,24300000001205452;-0,11799999994378246;0,24304311307208062;0,1180297222430527;4,311306002610649e-05;2,972229927024339e-05;0,016189546148657686;0,016189546148657686;0,016189546148657686;0,9633537649230532;-0,6672855046395539;0,963538371350779;-0,6656093610152267;1,6189546148657687e-06
287;0,0;0,0;0,0;0,0;0,0;0,0;;;;;;;;
288;0,17203232636053456;0,08202228587893591;-0,17201038994067597;-0,0820071633546596;2,1936419858592515e-05;1,5122524276309224e-05;0,011146769329659105;0,011146769329659103;0,011146769329659105;0,9871425654935548;-0,11459390149468307;0,9870062961922279;-0,11585960999976813;1,1146769329659105e-06
289;0,17002019124864132;0,0820139230340309;-0,17001034105248536;-0,08200712979530266;9,85019615595828e-06;6,793238728250439e-06;0,011093507965911797;0,011093507965911794;0,011093507965911797;0,9824208591948617;-0,30584400089747343;0,9823593255837865;-0,3064022055249896;1,1093507965911798e-06
290;0,0;0,0;0,0;0,0;0,0;0,0;;;;;;;;
291;-0,15312566802431418;-0,0740176968950568;0,15317355606891173;0,07405071299520238;4,788804459754381e-05;3,3016100145583094e-05;0,01032072153599254;0,01032072153599254;0,01032072153599254;0,9514241615150606;-0,4363649137149992;0,9517457325425532;-0,4333728911216067;1,032072153599254e-06
292;-0,15300000005722386;-0,07399999968651158;0,15302566802826917;0,07401769689226652;2,5667971045306714e-05;1,769720575493794e-05;0,010315258407143486;0,010315258407143488;0,010315258407143488;0,95125170110962;-0,4379678390220687;0,9514241615150606;-0,4363649137149992;1,0315258407143488e-06
293;0,1490215469684175;0,07201485423239147;-0,1490078006778535;-0,07200537762298749;1,3746290563998453e-05;9,476609403979985e-06;0,009819602696147015;0,009819602696147015;0,009819602696147015;0,9731273967104372;-0,548226036024238;0,9730303826985442;-0,5491093597439479;9,819602696147014e-07
294;0,09500404632027837;0,04600278916522939;-0,0950000000347879;-0,045999999810976376;4,046285490472146e-06;2,789354253011911e-06;0,006402796288256628;0,00640279628825663;0,00640279628825663;0,95181328186125;-0,4282251554174023;0,9517694815256963;-0,4286306944072373;6,40279628825663e-07
295;-0,1941277639689293;-0,09401914035977897;0,19415651040178336;0,09403895825439658;2,8746432854054316e-05;1,9817894617607523e-05;0,01321971919004812;0,013219719190048121;0,013219719190048121;0,9420223538761081;-0,5786450935615453;0,942173071909401;-0,5772358809649288;1,321971919004812e-06
296;-0,1940000001624773;-0,09399999903910468;0,1940277639751324;0,09401914035447102;2,7763812655123843e-05;1,9141315366344447e-05;0,013214203492133906;0,013214203492133907;0,013214203492133907;0,9418767213886095;-0,5800055430956065;0,9420223538761081;-0,5786450935615453;1,3214203492133907e-06
297;0,15501667234292843;0,07501149397338563;-0,1549999999997657;-0,07499999999980274;1,6672343162743575e-05;1,1493973582896166e-05;0,010067660688384245;0,010067660688384245;0,010067660688384245;0,9875830494629027;-0,25971220879205176;0,9874682744778582;-0,2607384669103633;1,0067660688384243e-06
298;0,15402013120625893;0,07401621142362715;-0,1540050692582692;-0,07400349480243709;1,5061947989725155e-05;1,2716621190053679e-05;0,009910247981795545;0,009910247981795543;0,009910247981795545;0,9955217231089775;-0,03925326582662243;0,9954105451491777;-0,0409090829112072;9,910247981795546e-07
299;0,1522972287929652;0,07406703448525642;-0,15221765981423854;-0,07401217434123696;7,956897872665736e-05;5,486014401946682e-05;0,009902656486892751;0,009902656486892751;0,009902656486892751;0,9873702664255423;-0,2577475380491508;0,9868131958447913;-0,26266795761055844;9,902656486892752e-07
300;-0,03410008106233423;-0,01700005591594047;0,034101015478567344;0,0170007000641756;9,344162331115236e-07;6,441482351300654e-07;0,002225808670074563;0,002225808670074563;0,002225808670074563;0,9883426703838876;-0,10365482636467198;0,9883718167059352;-0,10341487210884738;2,2258086700745627e-07
301;0,2021811459944729;0,09805594396402739;-0,20217560700189444;-0,09805212675492135;5,538992578463242e-06;3,8172091060412194e-06;0,012973329557508208;0,012973329557508208;0,012973329557508208;1,0;0,0;0,9999704077091732;-0,00025945199633370104;1,2973329557508209e-06
302;0,2020756070021373;0,09805212675466503;-0,2019999999999538;-0,0979999999999233;7,560700218350869e-05;5,212675474172701e-05;0,012968134847683669;0,012968134847683667;0,012968134847683669;0,9999704077091732;-0,00025945199633370104;0,9995662597006932;-0,003804471746170219;1,296813484768367e-06
303;-0,1380003003503633;-0,06700020712297229;0,1380202334769047;0,06701395036215552;1,993312654141599e-05;1,3743239183225398e-05;0,008968856199262333;0,008968856199262337;0,008968856199262337;0,9875110868590727;-0,11113871384706188;0,9876651561603336;-0,10977295130768515;8,968856199262337e-07
304;0,14921433600891315;0,07201203020883504;-0,1492004670838988;-0,07200032208394593;1,3868925014343114e-05;1,1708124889112104e-05;0,009735087843337055;0,009735087843337056;0,009735087843337056;0,9825978707239152;-0,18122631561404542;0,982493615512869;-0,18278833486602897;9,735087843337058e-07
305;0,0;0,0;0,0;0,0;0,0;0,0;;;;;;;;
306;-0,02099999999996001;-0,009999999999990827;0,021000606297064132;0,010000418031216207;6,062971041227716e-07;4,1803122538021376e-07;0,0013690914422967305;0,0013690914422967305;0,0013690914422967305;0,9808566691818896;-0,19711680836234913;0,9808873323899461;-0,19682920687020636;1,3690914422967305e-07
307;-0,07700000002821339;-0,036999999841086706;0,07700176931051102;0,03700121970193215;1,769282297628405e-06;1,2198608454472293e-06;0,00518583414516243;0,005185834145162432;0,005185834145162432;0,951092329233775;-0,43936714966659135;0,9511159657474677;-0,43914367309970426;5,185834145162432e-07
308;-0,1920017556818643;-0,09300120903459025;0,19202059879079075;0,09301420072665445;1,884310892644181e-05;1,2991692064201477e-05;0,013109072378593179;0,013109072378593177;0,013109072378593179;0,9395922638561894;-0,6015745377582575;0,9396918954381901;-0,6006405655077721;1,310907237859318e-06
309;0,060003178132962444;0,02800233678997197;-0,060000942303683996;-0,028000795422817887;2,235829278447732e-06;1,5413671540821794e-06;0,003960230608976374;0,003960230608976375;0,003960230608976375;0,9653383071587723;-0,6491811163573152;0,9652992669032854;-0,6495715771743691;3,960230608976375e-07
310;0,1420196848552654;0,06901357334781207;-0,1420060914681649;-0,0690042002902807;1,3593387100496734e-05;9,37305753136164e-06;0,009278687108501894;0,009278687108501896;0,009278687108501896;0,9825065282912429;-0,18256829782287734;0,9824049616725165;-0,18347159059372714;9,278687108501896e-07
311;0,06000535860170365;0,02900369442342824;-0,060000000024149076;-0,02899999986380102;5,358577554570587e-06;3,6945596272215664e-06;0,004036080455876046;0,004036080455876047;0,004036080455876047;0,9533708332444114;-0,4733887290281162;0,9532788201845925;-0,47424369447013726;4,0360804558760465e-07
312;0,13901034105183332;0,06700712979496079;-0,1390000582370913;-0,06700004015571102;1,0282814742024193e-05;7,089639249766022e-06;0,009069505910528573;0,009069505910528575;0,009069505910528575;0,9823593255837865;-0,3064022055249896;0,982280763004204;-0,3071156650037062;9,069505910528574e-07
313;0,0;0,0;0,0;0,0;0,0;0,0;;;;;;;;
314;0,13211767888961676;0,06401218835366812;-0,132100000107328;-0,06399999942579733;1,7678782288754746e-05;1,21889278707904e-05;0,008978563488661167;0,008978563488661167;0,008978563488661167;0,9440234130807263;-0,5598944858411377;0,943886933471693;-0,561167291933385;8,978563488661168e-07
315;0,12200780067716006;0,059005377625416064;-0,12200000000155417;-0,05899999998980808;7,800675605892926e-06;5,377635607983766e-06;0,008041525530128034;0,008041525530128033;0,008041525530128034;0,9730303826985442;-0,5491093597439479;0,9729631539925587;-0,5497202801754748;8,041525530128035e-07
316;0,13111757859122086;0,06401211834154076;-0,1311023953260187;-0,06400165074272318;1,5183265202167728e-05;1,0467598817578971e-05;0,008536617776554359;0,008536617776554359;0,008536617776554359;0,9868131958447913;-0,26266795761055844;0,9866898594436284;-0,2637461494156219;8,536617776554359e-07
317;0,13100239532446817;0,06400165074323924;-0,13099999999967932;-0,06399999999981136;2,39532478885085e-06;1,6507434278806299e-06;0,008531359900865216;0,008531359900865216;0,008531359900865216;0,9866898594436284;-0,2637461494156219;0,9866703908303542;-0,2639158113387298;8,531359900865217e-07
318;0,15203333346078443;0,07302298245965319;-0,15201044883169063;-0,0730072037729097;2,288462909380562e-05;1,577868674348948e-05;0,009852700907277759;0,009852700907277759;0,009852700907277759;0,9883219025617407;-0,10393861266480928;0,988160992108185;-0,10540472161881694;9,85270090727776e-07
319;0,12912253609547447;0,06301553773642199;-0,12910764780591155;-0,06300527346197318;1,4888289562919876e-05;1,0264274448806843e-05;0,00832307843698891;0,008323078436988911;0,008323078436988911;0,9966621593187106;-0,029476995163815925;0,9965381187066739;-0,0305516698898343;8,323078436988912e-07
320;0,12843701004809685;0,06202551641180723;-0,1284257020574004;-0,06201772027036859;1,1307990696457493e-05;7,796141438642934e-06;0,008264220512561118;0,008264220512561118;0,008264220512561118;0,9964314646079582;-0,03154317902571475;0,9963366412404956;-0,03238799613778512;8,264220512561117e-07
321;-0,04000058259621712;-0,01900040171783821;0,04000203447574551;0,01900140280652781;1,4518795283940955e-06;1,001088689601276e-06;0,002585981282953638;0,002585981282953638;0,002585981282953638;0,9886888664254412;-0,10064103412854838;0,9887277357230636;-0,10027707141827076;2,585981282953638e-07
322;0,12602331294118568;0,06101607349062853;-0,1260000000001154;-0,06099999999911087;2,3312941070274817e-05;1,60734915176583e-05;0,00815115639154758;0,008151156391547582;0,008151156391547582;0,9917489758370617;-0,07052579926682936;0,9915507404290426;-0,07228893738137476;8,151156391547582e-07
323;0,12601258143651514;0,061010622032232224;-0,12600000000016215;-0,060999999999901425;1,2581436352993025e-05;1,0622032330799558e-05;0,008209930519777857;0,008209930519777857;0,008209930519777857;0,9845645061259639;-0,15182695019415948;0,98445232099637;-0,153495925948181;8,209930519777857e-07
324;0,1260113653129724;0,061007837025250915;-0,12599999999987394;-0,060999999999623654;1,1365313098476992e-05;7,837025627260852e-06;0,008230884234643108;0,008230884234643106;0,008230884234643108;0,9820418673358455;-0,3092572435361011;0,9819461585153407;-0,31011725754128416;8,230884234643107e-07
325;0,0;0,0;0,0;0,0;0,0;0,0;;;;;;;;
326;0,19807335365693188;0,09505057491840006;-0,19802284707347528;-0,09501575232187186;5,050658345659431e-05;3,482259652820563e-05;0,01331015165193102;0,013310151651931024;0,013310151651931024;0,9529815986930381;-0,4205060880366306;0,9527187338193663;-0,422995704970487;1,3310151651931024e-06
327;0,03800094230255375;0,018000795427687215;-0,038000000001561327;-0,017999999993583257;9,423009924222625e-07;7,954341039589918e-07;0,0025149585940789795;0,0025149585940789795;0,0025149585940789795;0,9652992669032854;-0,6495715771743691;0,9652719000792633;-0,6500014478996864;2,5149585940789794e-07
328;-0,07700000001894705;-0,03699999989819295;0,0770085068254415;0,03700586477950063;8,506806494446018e-06;5,864881307680869e-06;0,005172133391457111;0,005172133391457111;0,005172133391457111;0,9536117311349607;-0,41466617817218004;0,9537256766289655;-0,4135919594636152;5,172133391457112e-07
329;0,12201037196881988;0,05900715047272408;-0,12199999999983704;-0,05899999999985246;1,0371968982833546e-05;7,1504728716212385e-06;0,007940737769770312;0,007940737769770313;0,007940737769770313;0,9854030065294627;-0,30353602793730944;0,9853124822549825;-0,30434839441592754;7,940737769770313e-07
330;0,11500746745834824;0,05600514911870374;-0,11499999999995755;-0,05599999999966783;7,4674583906836345e-06;5,149119035909033e-06;0,007411068504823803;0,0074110685048238015;0,007411068504823803;0,9965381187066739;-0,0305516698898343;0,9964682539058056;-0,031160868981767696;7,411068504823803e-07
331;0,12201631150600808;0,05901124555568017;-0,12200000000225505;-0,05899999998939582;1,6311503753030365e-05;1,1245566284352748e-05;0,008042032967534047;0,008042032967534045;0,008042032967534047;0,9730423330894304;-0,5489981042906555;0,9729017618203387;-0,5502757430657845;8,042032967534046e-07
332;-0,05800000005515953;-0,027999999670253628;0,05800377905872307;0,028002605166554624;3,779003563540717e-06;2,605496300996102e-06;0,0039579745041251274;0,003957974504125127;0,0039579745041251274;0,939476137441406;-0,6026555098007327;0,9395423030948263;-0,6020297385495726;3,957974504125127e-07
333;0,10932540911347738;0,053017518295112594;-0,10931584217252874;-0,05301092271247507;9,566940948640967e-06;6,595582637526631e-06;0,007040753562601951;0,007040753562601952;0,007040753562601952;0,9963366412404956;-0,03238799613778512;0,9962424539979475;-0,033218037593475504;7,040753562601952e-07
334;0,19402478632327727;0,09402092308796184;-0,1940000000095235;-0,09399999996527635;2,4786313753771827e-05;2,092312268549279e-05;0,012898582519909016;0,012898582519909019;0,012898582519909019;0,965064590185817;-0,6516916255342451;0,9649239098243353;-0,6538232280700063;1,289858251990902e-06
335;-0,0210000000001143;-0,010000000000025282;0,02100058259603;0,010000401717786649;5,825959157011729e-07;4,0171776136653514e-07;0,0013582865731001348;0,0013582865731001348;0,0013582865731001348;0,9886591669978166;-0,10091745559673175;0,9886888664254412;-0,10064103412854838;1,358286573100135e-07
336;-0,18623232637826242;-0,08902228589181804;0,1863234221903679;0,08908509189378998;9,109581210547946e-05;6,280600197193509e-05;0,012072639952077012;0,012072639952077012;0,012072639952077012;0,9871425654935548;-0,11459390149468307;0,9876651561603336;-0,10977295130768515;1,2072639952077012e-06
337;0,10310486455155041;0,050004106738922686;-0,10310000001536553;-0,0499999999878325;4,864536184881474e-06;4,106751090186822e-06;0,006801678196935948;0,006801678196935945;0,006801678196935948;0,9726858229873057;-0,2551237824223254;0,972633458308052;-0,255910017014772;6,801678196935947e-07
338;0,1010046636549361;0,0490032158645791;-0,10099999999990283;-0,04899999999971808;4,663655033265712e-06;3,2158648610169926e-06;0,006587790675070647;0,006587790675070647;0,006587790675070647;0,9838773933514107;-0,2926968290080399;0,9838283185002994;-0,2931345649981469;6,587790675070647e-07
339;0,10100071524336228;0,04900049335997017;-0,10100000000208931;-0,049000000000114015;7,15241272972178e-07;4,93359856156006e-07;0,006595919962820388;0,006595919962820387;0,006595919962820388;0,9826232951922429;-0,3038917392538086;0,9826157775023854;-0,3039589484034742;6,595919962820388e-07
340;0,0;0,0;0,0;0,0;0,0;0,0;;;;;;;;
341;0,09921576713353814;0,04801087097384677;-0,09920749002034095;-0,04800516439269839;8,277113197188712e-06;5,706581148380574e-06;0,006387651838747216;0,006387651838747216;0,006387651838747216;0,9962424539979475;-0,033218037593475504;0,9961526442597428;-0,034014157191431714;6,387651838747215e-07
342;0,0;0,0;0,0;0,0;0,0;0,0;;;;;;;;
343;0,1040140498899756;0,05100968675856069;-0,1040000000287728;-0,05099999985015274;1,4049861202805602e-05;9,68690840795483e-06;0,00702012790535895;0,007020127905358949;0,00702012790535895;0,9527640049219507;-0,42234389935459354;0,952625181578049;-0,42358595489064504;7,02012790535895e-07
344;-0,005100041282934549;-0,002000028457794018;0,005100108924662558;0,002000075093379173;6,764172800956952e-08;4,663558515489302e-08;0,00032897310174210826;0,0003289731017421083;0,0003289731017421083;0,9614259748590704;-0,39983079950262257;0,9614400147047122;-0,3996349997143064;3,289731017421083e-08
345;-0,07700000007269257;-0,03699999955703379;0,07700877044098857;0,03700604614679862;8,77036829599609e-06;6,046589764829857e-06;0,005251644934277067;0,005251644934277068;0,005251644934277068;0,9391737509065325;-0,605504756852761;0,9392894480972255;-0,6043972602757087;5,251644934277069e-07
346;0,049003555860547734;0,024002451258340954;-0,04900000004266436;-0,023999999756728535;3,555817883374446e-06;2,451501612418805e-06;0,003343922433806574;0,0033439224338065736;0,003343922433806574;0,9421208047467182;-0,5777147654146642;0,9420470512538877;-0,5783841700368887;3,343922433806574e-07
347;0,0;0,0;0,0;0,0;0,0;0,0;;;;;;;;
348;0,00010000000544277083;3,724746556849459e-12;-0,0001000000002719956;-1,5933097142172173e-13;5,17077522563681e-12;3,565415585427737e-12;5,8456076638159095e-06;5,845607663815909e-06;5,8456076638159095e-06;0,9876651561603336;-0,10977295130768515;0,9876651050903905;-0,1097749941402218;5,84560766381591e-10
349;0,0;0,0;0,0;0,0;0,0;0,0;;;;;;;;
350;-0,0810000000039348;-0,03899999998200177;0,08100248207482237;0,039001711286690326;2,4820708875716857e-06;1,7113046885536276e-06;0,005319340349639963;0,005319340349639963;0,005319340349639963;0,9757555199583339;-0,21094125857680426;0,9757878506109359;-0,2106448296257961;5,319340349639964e-07
351;0,08601038994034892;0,041007163354931334;-0,08600000000010523;-0,04100000000000551;1,0389940243688e-05;7,163354925822374e-06;0,0055737491292345825;0,005573749129234584;0,005573749129234584;0,9870062961922279;-0,11585960999976813;0,9868772166965046;-0,11705915472810623;5,573749129234584e-07
352;0,07500608628254779;0,03600419647505725;-0,07500095667861925;-0,03600065955041949;5,129603928538673e-06;3,536924637760619e-06;0,004860735652885233;0,004860735652885233;0,004860735652885233;0,9882342835009255;-0,10472155256371198;0,9881611753992564;-0,10538876501927924;4,860735652885233e-07
353;0,0;0,0;0,0;0,0;0,0;0,0;;;;;;;;
354;-0,00010000000102949865;-1,4853135997479122e-13;0,00010000000223547022;9,796293526310163e-13;1,205971574772674e-12;8,310979926562251e-13;6,053472751485342e-06;6,0534727514853445e-06;6,0534727514853445e-06;0,953750514515448;-0,4133898587145121;0,9537505260174078;-0,41338938253045027;6,053472751485344e-10
355;0,08100906354314621;0,03900624868019794;-0,08100000000531236;-0,038999999969397015;9,063537833850499e-06;6,248710800925428e-06;0,005338697528555059;0,005338697528555059;0,005338697528555059;0,9723352312902294;-0,2715474179698984;0,9722176018949406;-0,27262959452613833;5,338697528555059e-07
356;0,08100609146796227;0,039004200290175685;-0,0809999999999324;-0,038999999999763245;6,0914680298645996e-06;4,2002904124399665e-06;0,005283765848178452;0,005283765848178452;0,005283765848178452;0,9824049616725165;-0,18347159059372714;0,9823250798905668;-0,18419929323717937;5,283765848178452e-07
357;0,08100506925805233;0,0390034948021637;-0,0810000000000453;-0,03899999999989429;5,069258007028843e-06;3,4948022694103464e-06;0,0052146593846403915;0,005214659384640394;0,005214659384640394;0,9954105451491777;-0,0409090829112072;0,995343190435828;-0,04151431225590824;5,214659384640394e-07
358;0,07900083168550893;0,03800070228553204;-0,07900000000010174;-0,037999999991494456;8,316854071960256e-07;7,022940375842057e-07;0,0052082697025196524;0,005208269702519653;0,005208269702519653;0,9717914287223103;-0,5902558279586537;0,9717797458233755;-0,5904338429742205;5,208269702519654e-07
359;0,0;0,0;0,0;0,0;0,0;0,0;;;;;;;;
360;0,05500265057806883;0,027001827472279846;-0,05500000000232276;-0,026999999989138917;2,6505757460687507e-06;1,8274831409294257e-06;0,003664624993673488;0,003664624993673488;0,003664624993673488;0,9653383071587723;-0,6491811163573152;0,9652881338208872;-0,6496228848757128;3,6646249936734885e-07
361;0,0;0,0;0,0;0,0;0,0;0,0;;;;;;;;
362;0,00010000000961580378;6,751511751291602e-12;-9,999999968228823e-05;9,731429584447298e-14;9,93351554441288e-12;6,848826047136075e-12;6,143863368142784e-06;6,143863368142784e-06;6,143863368142784e-06;0,9397186918253719;-0,6004282921990456;0,9397185984782764;-0,6004322162869451;6,143863368142784e-10
363;0,0;0,0;0,0;0,0;0,0;0,0;;;;;;;;
364;0,0;0,0;0,0;0,0;0,0;0,0;;;;;;;;
365;0,07100694621219997;0,034004789180358444;-0,07100000000015;-0,03399999999995737;6,946212049968592e-06;4,789180401074122e-06;0,004595249253458328;0,004595249253458329;0,004595249253458329;0,9891610787094287;-0,09636502618488187;0,9890563772588792;-0,09732519144001;4,5952492534583286e-07
366;0,12213737001319773;0,05902576483034651;-0,12212107803904948;-0,059014532060208715;1,6291974148249788e-05;1,1232770137793724e-05;0,008218095764258559;0,008218095764258559;0,008218095764258559;0,9530061629262717;-0,42017245946305354;0,9528687720860519;-0,42145015141056585;8,218095764258558e-07
367;0,12202107804011168;0,05901453205883076;-0,1220000000320147;-0,058999999827463526;2,107800809698912e-05;1,4532231367235526e-05;0,008212640719727937;0,008212640719727939;0,008212640719727939;0,9528687720860519;-0,42145015141056585;0,9526908953185979;-0,42310126490397837;8,212640719727938e-07
368;0,06810711161181919;0,033004903494625065;-0,06810206956670488;-0,03300142687897269;5,042045114311833e-06;3,4766156523785563e-06;0,004386430792522084;0,004386430792522084;0,004386430792522084;0,9961526442597428;-0,034014157191431714;0,9960729673739441;-0,03471811973716557;4,386430792522083e-07
369;0,0680041271499164;0,03300284544057414;-0,067999999999979;-0,03299999999997842;4,1271499374023746e-06;2,8454405957209494e-06;0,004371175543955132;0,0043711755439551315;0,004371175543955132;0,9983934160037831;-0,014172970919612962;0,9983279653178501;-0,014747535931154167;4,3711755439551325e-07
370;-0,059000000000615234;-0,028999999997197053;0,059003096212405605;0,029002134577766143;3,0962117903710062e-06;2,1345805690901887e-06;0,0038549484748277834;0,003854948474827782;0,0038549484748277834;0,9846075831529556;-0,13218892032461452;0,9846633015273083;-0,1317097135630941;3,8549484748277834e-07
371;0,0350017730728139;0,017001222335830193;-0,03500000001323646;-0,01699999992834039;1,7730595774437252e-06;1,222407489804428e-06;0,0023612833477914133;0,0023612833477914133;0,0023612833477914133;0,9514324667857768;-0,43614646158635934;0,9513804122859406;-0,4366248683952206;2,3612833477914135e-07
372;0,0;0,0;0,0;0,0;0,0;0,0;;;;;;;;
373;0,08501044883201185;0,041007203772885074;-0,08500421318940665;-0,04100290496557628;6,235642605198488e-06;4,298807308796004e-06;0,00551455815518622;0,005514558155186222;0,005514558155186222;0,988160992108185;-0,10540472161881694;0,9880826373029248;-0,1061105727590426;5,514558155186221e-07
374;0,12202603534912067;0,05901795046869512;-0,1220000000057615;-0,05899999997204254;2,6035343359168128e-05;1,795049665257592e-05;0,00812130996398982;0,008121309963989822;0,008121309963989822;0,9636268657788454;-0,6648977748430445;0,9634046819010177;-0,6669372879839365;8,121309963989822e-07
375;0,062004807688660554;0,03000405877174295;-0,06200000000008887;-0,030000000000120257;4,8076885716813456e-06;4,058771622694052e-06;0,004017085223235358;0,004017085223235358;0,004017085223235358;0,9900089036399278;-0,0877843402297661;0,9899212962195235;-0,08908151086027792;4,0170852232353583e-07
376;0,0;0,0;0,0;0,0;0,0;0,0;;;;;;;;
377;0,06000073272039169;0,029000505109691224;-0,059999999999787355;-0,029000000000168235;7,327206043364343e-07;5,051095229892388e-07;0,0038532361281611418;0,003853236128161142;0,003853236128161142;0,9985271257705685;-0,03693258673588577;0,9985139475850203;-0,03704944321750538;3,853236128161142e-07
378;0,0;0,0;0,0;0,0;0,0;0,0;;;;;;;;
379;0,06800265558485417;0,033001831134811414;-0,06799999999979496;-0,032999999999923924;2,6555850592135943e-06;1,831134887490815e-06;0,00441951416634065;0,004419514166340652;0,004419514166340652;0,987450365741312;-0,11165747105072674;0,9874087111358244;-0,11202735436577924;4,4195141663406516e-07
380;0,05600220085111454;0,027001517480189353;-0,05599999999980676;-0,027000000000011376;2,2008513077820258e-06;1,5174801779767322e-06;0,0035986098683900495;0,003598609868390049;0,0035986098683900495;0,9974653257162466;-0,022385780791589503;0,9974229462804172;-0,022764612167236645;3,5986098683900495e-07
381;0,05600055077502475;0,027000379937362595;-0,05600000000081071;-0,026999999999781962;5,50774214042038e-07;3,799375806329275e-07;0,0035893742276651595;0,0035893742276651595;0,0035893742276651595;1,0;0,0;0,9999893657855402;-9,49573051874337e-05;3,5893742276651593e-07
382;0,053103689586721084;0,02600254391198521;-0,053101334242330794;-0,0260009199250921;2,3553443902896154e-06;1,6239868931081092e-06;0,003425989149993083;0,0034259891499930826;0,003425989149993083;0,9964314646079582;-0,03154317902571475;0,9963837810416224;-0,03195282069267921;3,425989149993083e-07
383;0,0;0,0;0,0;0,0;0,0;0,0;;;;;;;;
384;0,052000257714630974;0,025000177680731813;-0,05200000000008201;-0,024999999995187785;2,577145489651711e-07;1,7768554402830539e-07;0,0034280737184604307;0,0034280737184604307;0,0034280737184604307;0,9717363424517146;-0,590777197834254;0,9717311340147756;-0,5908253333383036;3,4280737184604306e-07
385;-0,07110510580096228;-0,03400352003390141;0,07110802989890079;0,034005536101426745;2,9240979385058985e-06;2,016067525333065e-06;0,004714124155023027;0,004714124155023026;0,004714124155023027;0,9652953468489689;-0,6495862070806054;0,9653383071587723;-0,6491811163573152;4,714124155023027e-07
386;0,0;0,0;0,0;0,0;0,0;0,0;;;;;;;;
387;-0,0710000000028671;-0,03399999998624885;0,0710051058007601;0,034003520033467405;5,105797892993036e-06;3,5200472185553666e-06;0,00470872903410141;0,004708729034101412;0,004708729034101412;0,9652202422588647;-0,6502918437212144;0,9652953468489689;-0,6495862070806054;4,7087290341014116e-07
388;0,0;0,0;0,0;0,0;0,0;0,0;;;;;;;;
389;0,00010000000703754025;4,980494722469686e-12;-9,999999991044516e-05;-6,695529821159963e-14;7,127095083808016e-12;4,913539424258086e-12;5,848702406346124e-06;5,848702406346125e-06;5,848702406346125e-06;0,9871425654935548;-0,11459390149468307;0,9871424951389692;-0,11459671674519703;5,848702406346125e-10
390;0,05000182251518971;0,024001256405140763;-0,050000000000216614;-0,0240000000001712;1,8225149730974333e-06;1,2564049695629187e-06;0,0032129331653201246;0,0032129331653201246;0,0032129331653201246;0,9966621593187106;-0,029476995163815925;0,9966228647966898;-0,02983237683476566;3,2129331653201245e-07
391;0,0;0,0;0,0;0,0;0,0;0,0;;;;;;;;
392;0,12102284705553207;0,05801575242800968;-0,12100000003134566;-0,057999999828514184;2,284702418640927e-05;1,5752599495495734e-05;0,008133171703985207;0,008133171703985205;0,008133171703985207;0,9527187338193663;-0,422995704970487;0,9525241474956866;-0,42484399422677493;8,133171703985207e-07
393;0,0;0,0;0,0;0,0;0,0;0,0;;;;;;;;
394;0,04500074719221058;0,02200051516414012;-0,045000000000325;-0,022000000000377697;7,471918855792015e-07;5,151637624233041e-07;0,002918547473010789;0,0029185474730107895;0,0029185474730107895;0,9909020415015481;-0,10446685264219914;0,990884286448019;-0,10462085992921002;2,9185474730107894e-07
395;0,04500014252300424;0,022000098313009194;-0,0450000000003527;-0,02200000000358897;1,4252265153474886e-07;9,830942022254208e-08;0,0029443608885952777;0,0029443608885952773;0,0029443608885952777;0,982200492764071;-0,18482310595161724;0,9821971353931231;-0,1848525284687047;2,944360888595278e-07
396;0,052004213189088364;0,025002904965675646;-0,0519999999998628;-0,02500000000001081;4,213189225561742e-06;2,9049656648377775e-06;0,0033716389058518165;0,003371638905851816;0,0033716389058518165;0,9880826373029248;-0,1061105727590426;0,9879960621683063;-0,10689754168845086;3,371638905851816e-07
397;0,043000300351848986;0,021000207122232363;-0,04300000000117221;-0,021000000000029936;3,003506767740305e-07;2,0712220242732893e-07;0,0027978112222714416;0,002797811222271441;0,0027978112222714416;0,9875110868590727;-0,11113871384706188;0,9875036419238685;-0,1112037375737049;2,7978112222714414e-07
398;0,04100080826216169;0,020000557303646808;-0,04100000000039261;-0,020000000000179995;8,082617690766125e-07;5,57303466812431e-07;0,0026750561409230426;0,0026750561409230426;0,0026750561409230426;0,9845816870684991;-0,28641970104763537;0,9845607350802007;-0,28660373213212503;2,6750561409230427e-07
399;-0,04100000000016791;-0,019999999999946488;0,041000995385488105;0,02000068621255359;9,953853201960516e-07;6,862126071018049e-07;0,0026423891196219623;0,0026423891196219623;0,0026423891196219623;0,9967325481748985;-0,028856173202346333;0,9967586687303185;-0,028629666414086465;2,642389119621962e-07
400;0,0;0,0;0,0;0,0;0,0;0,0;;;;;;;;
401;0,04000137277664512;0,019000946415237367;-0,040000000000189405;-0,019000000000022117;1,3727764557117106e-06;9,464152152492689e-07;0,0025668657704383618;0,0025668657704383618;0,0025668657704383618;0,9960729673739441;-0,03471811973716557;0,9960359433908987;-0,035062111159938125;2,5668657704383615e-07
402;0,0;0,0;0,0;0,0;0,0;0,0;;;;;;;;
403;-0,00010000000005624855;-4,9620946320033486e-14;0,00010000001085823681;7,497923337947634e-12;1,080198826436743e-11;7,4483023916276e-12;5,84870262980729e-06;5,84870262980729e-06;5,84870262980729e-06;0,9871424588625395;-0,11459816905713241;0,9871425654935548;-0,11459390149468307;5,84870262980729e-10
404;0,0;0,0;0,0;0,0;0,0;0,0;;;;;;;;
405;0,0371006827134553;0,01800047062931259;-0,03710024290648245;-0,018000167456393438;4,398069728475673e-07;3,031729191513288e-07;0,0023935102131145657;0,0023935102131145657;0,0023935102131145657;0,9946941081266857;-0,11487446475258577;0,9946813712001035;-0,11498670707749678;2,3935102131145654e-07
406;0,034001005528411066;0,017000693302418816;-0,03399999999961697;-0,01699999999992225;1,0055287940971547e-06;6,933024965655177e-07;0,00220272592839063;0,0022027259283906304;0,0022027259283906304;0,9963837810416224;-0,03195282069267921;0,9963520810928037;-0,032209683789472796;2,2027259283906306e-07
407;0,034000081064393055;0,017000055918347513;-0,03399999999899081;-0,01700000000097151;8,106540224511738e-08;5,5917376003827846e-08;0,0022205822520556975;0,002220582252055697;0,0022205822520556975;0,9883426703838876;-0,10365482636467198;0,9883401350218446;-0,10367556694533817;2,2205822520556975e-07
408;0,03300095667904349;0,016000659550524137;-0,03300000000021365;-0,016000000000022007;9,566788298429052e-07;6,595505021300685e-07;0,002142823149022609;0,0021428231490226084;0,002142823149022609;0,9881611753992564;-0,10538876501927924;0,9881302287584535;-0,10566387434834307;2,1428231490226089e-07
409;0,031000197191317903;0,015000135936022802;-0,030999999999635288;-0,01499999999962883;1,9719168261461695e-07;1,3593639397284363e-07;0,0019989444155139916;0,0019989444155139916;0,0019989444155139916;0,9946813712001035;-0,11498670707749678;0,9946745342898171;-0,1150473915371393;1,9989444155139914e-07
410;0,0;0,0;0,0;0,0;0,0;0,0;;;;;;;;
411;0,029103700703853867;0,014002551467933114;-0,02910146553040429;-0,014001010408771499;2,2351734495773545e-06;1,5410591616155794e-06;0,0018666840862127667;0,0018666840862127667;0,0018666840862127667;0,9989203551908377;-0,00951102974113792;0,9988373936118073;-0,010255504657953855;1,8666840862127666e-07
412;0,029000062597848267;0,014000052841550112;-0,02899999999827316;-0,013999999996360856;6,259957510690306e-08;5,284518925577353e-08;0,0018902473670415283;0,001890247367041528;0,0018902473670415283;0,9835833741895519;-0,1664791222034658;0,9835809505962604;-0,1665153735150296;1,8902473670415284e-07
413;0,023200467084327745;0,011000322084096691;-0,023200172518420627;-0,011000118968166302;2,9456590711768316e-07;2,0311593038925546e-07;0,0015088319915743794;0,0015088319915743792;0,0015088319915743794;0,982493615512869;-0,18278833486602897;0,9824801010689833;-0,18291627092855584;1,5088319915743796e-07
414;0,023100172519964986;0,011000118969258696;-0,023100135355944386;-0,011000093334222593;3,716402060052748e-08;2,563503610254758e-08;0,001503524258106718;0,0015035242581067183;0,0015035242581067183;0,9824801010689833;-0,18291627092855584;0,9824783893865673;-0,18293232001918017;1,5035242581067184e-07
415;0,02800069679085004;0,014000480463690367;-0,027999999999939237;-0,013999999999983226;6,967909108035464e-07;4,804637071410128e-07;0,0018145664776467757;0,001814566477646776;0,001814566477646776;0,9960729673739441;-0,03471811973716557;0,9960463011366093;-0,034934312618723797;1,814566477646776e-07
416;0,02600024661953561;0,013000170034912838;-0,026000000002141282;-0,01299999998497658;2,4661739432899066e-07;1,7004993625897857e-07;0,0017317959006593726;0,0017317959006593726;0,0017317959006593726;0,9691153030099575;-0,31941658935814876;0,9691054138886795;-0,31949899084772876;1,7317959006593727e-07
417;0,07000175556802508;0,034001209723583586;-0,0700000000681125;-0,03399999960172121;1,7554999125896087e-06;1,2101218623758458e-06;0,0047819456502728695;0,0047819456502728695;0,0047819456502728695;0,9395922638561894;-0,6015745377582575;0,9395668153121454;-0,6018112599307827;4,78194565027287e-07
418;0,0240014509761091;0,012001000374494029;-0,023999999999959453;-0,011999999999951222;1,4509761496472873e-06;1,0003745428074917e-06;0,0015510974119502922;0,0015510974119502918;0,0015510974119502922;0,9988373936118073;-0,010255504657953855;0,9987724346285356;-0,010780464997190365;1,5510974119502923e-07
419;0,024000820254450463;0,01200056552587833;-0,024000000000056254;-0,011999999999909531;8,202543942091578e-07;5,655259687990105e-07;0,0015509247459281677;0,0015509247459281675;0,0015509247459281677;0,9989203551908377;-0,00951102974113792;0,9988836289773717;-0,00980780862139182;1,5509247459281678e-07
420;0,024000359806975447;0,012000248024596538;-0,023999999999890807;-0,012000000000065238;3,598070846405621e-07;2,4802453130017e-07;0,0015766146908859212;0,0015766146908859212;0,0015766146908859212;0,9826232951922429;-0,3038917392538086;0,9826074483731342;-0,3040218386611427;1,576614690885921e-07
421;0,0;0,0;0,0;0,0;0,0;0,0;;;;;;;;
422;0,023000135352897882;0,011000093332398677;-0,022999999999571516;-0,010999999999209455;1,353533263664941e-07;9,3333189222361e-08;0,0014982207598964673;0,0014982207598964671;0,0014982207598964673;0,9824783893865673;-0,18293232001918017;0,9824721321093446;-0,18299030093042476;1,4982207598964673e-07
423;0,023000063353562063;0,011000043655021888;-0,02300000000317506;-0,010999999989000211;6,335038700219786e-08;4,366602167696354e-08;0,0015199906306339306;0,0015199906306339306;0,0015199906306339306;0,9684036874483918;-0,2765042686812759;0,9684008010400973;-0,2765313707596381;1,5199906306339306e-07
424;0,022000617386317728;0,010000425656939559;-0,02199999999967254;-0,009999999999755552;6,17386645189455e-07;4,256571840069445e-07;0,0014055511539024434;0,0014055511539024432;0,0014055511539024434;0,9926871636275483;-0,06483526837917512;0,992656841553046;-0,06514828524336096;1,4055511539024435e-07
425;0,021300536465909247;0,010000369894040807;-0,021300127809910273;-0,01000008813942592;4,0865599897424443e-07;2,817546148874833e-07;0,001365084776731596;0,001365084776731596;0,001365084776731596;0,9952334240584626;-0,0964920005953646;0,9952127144719853;-0,09669013855993194;1,3650847767315959e-07
426;0,021000472461530188;0,010000325726836784;-0,02100000000014584;-0,009999999999920683;4,724613843487546e-07;3,257269161009019e-07;0,0013686802737932363;0,001368680273793236;0,0013686802737932363;0,9811752318911243;-0,1941794339257423;0,9811513306776951;-0,19440349112167016;1,3686802737932364e-07
427;0,021000127762284743;0,010000088105774687;-0,021000000000380093;-0,009999999999766905;1,2776190464955373e-07;8,810600778119682e-08;0,0013493510474461073;0,0013493510474461075;0,0013493510474461075;0,9952127144719853;-0,09669013855993194;0,9952061581414184;-0,09675078136027715;1,3493510474461077e-07
428;0,02100007140630268;0,010000060291288854;-0,021000000000842765;-0,009999999999519196;7,140545991643488e-08;6,029176965842431e-08;0,0013609855656527138;0,0013609855656527138;0,0013609855656527138;0,9867023754898204;-0,11530534786978498;0,9866985409848021;-0,11536381608597339;1,360985565652714e-07
429;0,021000078438634683;0,010000053958387673;-0,021000000018661962;-0,009999999879876384;7,841997272037271e-08;5,407851128881591e-08;0,00142960956044831;0,0014296095604483098;0,00142960956044831;0,9393389196353297;-0,6041365696059909;0,9393351213102196;-0,6041737904270855;1,42960956044831e-07
430;0,021000081222635157;0,010000056000751805;-0,02099999999975627;-0,010000000000299054;8,122287888795432e-08;5,600045275069854e-08;0,001360833135879356;0,0013608331358793558;0,001360833135879356;0,9868131958447913;-0,26266795761055844;0,9868090631301939;-0,26270648443600825;1,360833135879356e-07
431;0,021000054565309442;0,010000037563434904;-0,02100000001057334;-0,009999999960061007;5,455473610360695e-08;3,760337389732693e-08;0,001410530574885951;0,001410530574885951;0,001410530574885951;0,9520433463301251;-0,4261263423953157;0,9520406685032475;-0,42615219675117266;1,410530574885951e-07
432;0,0;0,0;0,0;0,0;0,0;0,0;;;;;;;;
433;0,0;0,0;0,0;0,0;0,0;0,0;;;;;;;;
434;0,019000328713829995;0,009000226622506904;-0,018999999999891454;-0,009000000000002884;3,287139385410587e-07;2,2662250401955797e-07;0,0012182375968166777;0,001218237596816678;0,001218237596816678;0,9963837810416224;-0,03195282069267921;0,9963651044495484;-0,032127479082390234;1,2182375968166778e-07
435;0,019000292944097986;0,009000201975055966;-0,01900000000019656;-0,009000000000054166;2,9294390142473037e-07;2,0197500179980343e-07;0,0012182927507973583;0,001218292750797358;0,0012182927507973583;0,9963366412404956;-0,03238799613778512;0,9963199974877791;-0,032543681196679754;1,2182927507973583e-07
436;0,018100429457443935;0,009000296047794816;-0,01810017340628703;-0,009000119531304833;2,5605115690566227e-07;1,7651648998376346e-07;0,0012042856467788933;0,001204285646778893;0,0012042856467788933;0,9691153030099575;-0,31941658935814876;0,9691005436510167;-0,3195414501741717;1,2042856467788931e-07
437;0,01800017340626469;0,009000119531464259;-0,018000000001740887;-0,008999999989723402;1,734045238024895e-07;1,1954174085684888e-07;0,0011989540738840166;0,0011989540738840166;0,0011989540738840166;0,9691005436510167;-0,3195414501741717;0,9690905006251157;-0,31962507435431603;1,1989540738840166e-07
438;0,018000015062618013;0,009000010367605827;-0,01800000000310806;-0,008999999998762912;1,505950995156491e-08;1,0368842914484921e-08;0,0011711276908886023;0,0011711276908886025;0,0011711276908886025;0,9921173057579379;-0,09355547988337803;0,992116413120747;-0,09356270955495066;1,1711276908886024e-07
439;0,01700020152719184;0,008000138952431075;-0,016999999999838925;-0,00799999999994379;2,0152735291309454e-07;1,3895248728544585e-07;0,0010889461800073076;0,0010889461800073076;0,0010889461800073076;0,9961526442597428;-0,034014157191431714;0,9961398395291887;-0,03413588456164852;1,0889461800073075e-07
440;0,0;0,0;0,0;0,0;0,0;0,0;;;;;;;;
441;0,01500016291742747;0,007000112316973866;-0,01499999999997192;-0,006999999999957557;1,6291745555049864e-07;1,1231701630906588e-07;0,0009576915409478849;0,0009576915409478849;0,0009576915409478849;0,997916313111108;-0,01840067950507287;0,9979045495592029;-0,018514502932437397;9,57691540947885e-08
442;0,014000292082050276;0,007000201367633623;-0,014000000000714429;-0,006999999996228132;2,920813358467389e-07;2,0137140549145172e-07;0,0009269518082203112;0,0009269518082203112;0,0009269518082203112;0,974933527770792;-0,21814297709214858;0,9749116470138907;-0,21832412832616746;9,269518082203112e-08
443;0,01400018034689819;0,007000124342814725;-0,01400000000041947;-0,006999999999962096;1,8034647871964515e-07;1,2434285262975103e-07;0,0009068480379667607;0,0009068480379667606;0,0009068480379667607;0,9965381187066739;-0,0305516698898343;0,9965243087054797;-0,03066354117539876;9,068480379667608e-08
444;0,014000176880979912;0,007000121945277951;-0,013999999999777126;-0,006999999999959612;1,7688120278538944e-07;1,2194531833886052e-07;0,0009071987130008016;0,0009071987130008016;0,0009071987130008016;0,9961526442597428;-0,034014157191431714;0,9961391050845918;-0,03412385163619881;9,071987130008017e-08
445;0,014200403570321563;0,006000278243104851;-0,014200390081453325;-0,006000268938739534;1,3488868237654383e-08;9,304365317271135e-09;0,0009058094550101699;0,0009058094550101699;0,0009058094550101699;0,9825978707239152;-0,18122631561404542;0,982596847932557;-0,18123865664014965;9,058094550101699e-08
446;0,014100390083413464;0,006000268939329662;-0,014100078937164579;-0,006000054422803814;3,111462488856326e-07;2,1451652584825176e-07;0,0009003999402107405;0,0009003999402107404;0,0009003999402107405;0,982596847932557;-0,18123865664014965;0,9825731038562846;-0,1815211614460401;9,003999402107406e-08
447;0,0;0,0;0,0;0,0;0,0;0,0;;;;;;;;
448;0,013000058237056555;0,006000040155905661;-0,013000000000478604;-0,006000000000074825;5,823657795063497e-08;4,015583083584462e-08;0,0008415555307984303;0,0008415555307984301;0,0008415555307984303;0,982280763004204;-0,3071156650037062;0,9822759809465814;-0,3071639067903521;8,415555307984303e-08
449;0,0;0,0;0,0;0,0;0,0;0,0;;;;;;;;
450;0,012000150862714325;0,006000104026873466;-0,012000000000258268;-0,006000000000031693;1,5086245605706872e-07;1,0402684177349825e-07;0,0007768358663180677;0,0007768358663180678;0,0007768358663180678;0,9971310276824007;-0,025336329306150752;0,9971175416075444;-0,025445555027547882;7,768358663180678e-08
451;0,0;0,0;0,0;0,0;0,0;0,0;;;;;;;;
452;0,0;0,0;0,0;0,0;0,0;0,0;;;;;;;;
453;-0,010100000006848978;-0,0050000000056843776;0,010100099312665731;0,005000083843590504;9,930581675379746e-08;8,383790612610797e-08;0,0006601807053881327;0,0006601807053881327;0,0006601807053881327;0,9855882189922017;-0,27353923975722344;0,9855992549943497;-0,27338124674855663;6,601807053881327e-08
454;0,010000042078936908;0,005000029007529459;-0,009999999999656463;-0,004999999999685068;4,207928044550058e-08;2,900784439128362e-08;0,0006529434596771326;0,0006529434596771327;0,0006529434596771327;0,9886003707049446;-0,09780052008905753;0,9885958956709919;-0,0978370434812692;6,529434596771327e-08
455;0,010000075039379207;0,005000051738892919;-0,010000000000310757;-0,004999999999971606;7,503906845028607e-08;5,173892131307006e-08;0,000647937088694878;0,0006479370886948781;0,0006479370886948781;0,9962424539979475;-0,033218037593475504;0,9962344117133727;-0,033283213936727216;6,479370886948781e-08
456;0,0;0,0;0,0;0,0;0,0;0,0;;;;;;;;
457;0,009000124659576315;0,00400008593594371;-0,00900000000151905;-0,003999999990200042;1,2465805726558088e-07;8,594574366777019e-08;0,0005914385230291852;0,0005914385230291852;0,0005914385230291852;0,9614400147047122;-0,3996349997143064;0,9614254872099756;-0,39979736255212295;5,914385230291851e-08
458;0,0090000734460576;0,0040000506383803475;-0,009000000000234862;-0,003999999999947162;7,34458227378415e-08;5,0638433185361265e-08;0,0005787143271094446;0,0005787143271094446;0,0005787143271094446;0,9825731038562846;-0,1815211614460401;0,9825643563362972;-0,18161682836611795;5,787143271094445e-08
459;0,0;0,0;0,0;0,0;0,0;0,0;;;;;;;;
460;0,038003148975929026;0,018002170807941083;-0,0380000000338271;-0,017999999786969114;3,148942101925678e-06;2,1710209719694173e-06;0,002584264036472731;0,0025842640364727304;0,002584264036472731;0,939469336228584;-0,6028963561905331;0,9393849943513154;-0,603732962786681;2,584264036472731e-07
461;0,006000045715278137;0,0030000315197886472;-0,006000000000045144;-0,0029999999998836986;4,5715232993223665e-08;3,151990494868265e-08;0,00038937243664065817;0,0003893724366406581;0,00038937243664065817;0,9946813712001035;-0,11498670707749678;0,9946732181700312;-0,11505288154432071;3,893724366406582e-08
462;0,005000041282814062;0,0020000284579026082;-0,00500000000049706;-0,001999999995128641;4,128231700234464e-08;2,8462773967157656e-08;0,0003233899087673376;0,0003233899087673376;0,0003233899087673376;0,9614259748590704;-0,39983079950262257;0,9614172446204513;-0,3999488459843527;3,233899087673376e-08
463;0,005000014554104227;0,0020000100340582206;-0,004999999999889284;-0,001999999999876079;1,4554214942605337e-08;1,0034182141432924e-08;0,00031127552134731955;0,00031127552134731955;0,00031127552134731955;0,9988373936118073;-0,010255504657953855;0,9988341959837367;-0,010297118016367261;3,1127552134731954e-08
464;0,005000022946336775;0,0020000158213938145;-0,004999999999876008;-0,0020000000000748477;2,2946460767094e-08;1,5821318966741105e-08;0,00031199038886997653;0,0003119903888699765;0,00031199038886997653;0,996550584549565;-0,030491658730957227;0,9965455545731348;-0,03055727920326375;3,1199038886997655e-08
465;0,0050000054910908105;0,0020000037843901624;-0,00500000000016603;-0,001999999999617064;5,490924780832129e-09;3,784773098224059e-09;0,0003164273572947857;0,00031642735729478576;0,00031642735729478576;0,9825731038562846;-0,1815211614460401;0,9825719171746627;-0,1815368525992881;3,164273572947858e-08
466;0,0002000000481365574;3,3230492569509403e-11;-0,0002000000038535605;-2,698850388884951e-12;4,428299691999413e-11;3,053164218062445e-11;1,1602552896527686e-05;1,1602552896527686e-05;1,1602552896527686e-05;0,9952127144719853;-0,09669013855993194;0,9952124941170167;-0,09669888522884837;1,1602552896527686e-09
467;-9,99999997119481e-05;1,4317053292084848e-13;0,00010000000791692755;5,513887793853962e-12;8,204979447604122e-12;5,65705832677481e-12;6,116731723094077e-06;6,116731723094075e-06;6,116731723094077e-06;0,9438868560259686;-0,5611705331888011;0,943886933471693;-0,561167291933385;6,116731723094077e-10
468;0,00010000000995998424;6,846161926870179e-12;-9,999999991469594e-05;7,972768142111873e-14;1,0045288304514136e-11;6,925889608291298e-12;5,935949681372824e-06;5,935949681372825e-06;5,935949681372825e-06;0,972633458308052;-0,255910017014772;0,9726333606042245;-0,25591398525682063;5,935949681372826e-10
469;-0,00010000000054161437;-6,025597975765039e-13;0,00010000000363818412;2,737540876146535e-12;3,096569753543131e-12;2,1349810785700312e-12;5,941431912402973e-06;5,941431912402973e-06;5,941431912402973e-06;0,9717359061397243;-0,5907949350098681;0,9717359362302047;-0,5907937117558719;5,941431912402973e-10
470;-9,999999993146856e-05;-8,239249651872905e-14;0,00010000000782309472;5,523049815725188e-12;7,89162615463801e-12;5,440657319206459e-12;5,854032658095127e-06;5,854032658095127e-06;5,854032658095127e-06;0,9862436759651189;-0,28059316155638114;0,9862437537957842;-0,2805900442896071;5,854032658095127e-10
471;-9,999999993183102e-05;6,10053766570307e-14;0,00010000000654713448;5,5238096347720616e-12;6,615303452055764e-12;5,584815011429092e-12;5,857926219733897e-06;5,857926219733897e-06;5,857926219733897e-06;0,985588153792553;-0,2735424396203114;0,9855882189922017;-0,27353923975722344;5,857926219733897e-10
472;0,00010000000430515754;2,7596952007588902e-12;-0,00010000000061490765;-2,153915685471964e-13;3,690249887893134e-12;2,544303632211694e-12;5,801276586240085e-06;5,801276586240085e-06;5,801276586240085e-06;0,9952124941170167;-0,09669888522884837;0,9952124573911898;-0,09670034300738033;5,801276586240085e-10
