;p_from_mw;q_from_mvar;p_to_mw;q_to_mvar;pl_mw;ql_mvar;i_from_ka;i_to_ka;i_ka;vm_from_pu;va_from_degree;vm_to_pu;va_to_degree;loading_percent
0;-3,3573899033088175;-1,6404888837503722;3,36077068231616;1,6444772230430913;0,0033807790073425714;0,003988339292719134;0,21601762980929973;0,21601762980929975;0,21601762980929975;0,9987200195014427;-0,0321463983532586;0,9999999999891082;5,091325159900297e-19;2,1601762980929974e-05
1;-3,294741049641624;-1,60889299515602;3,2972891708715806;1,6114883788359224;0,0025481212299567346;0,002595383679902419;0,21215997994819097;0,212159979948191;0,212159979948191;0,9977869531870369;-0,051100169023689246;0,9987200195014427;-0,0321463983532586;2,12159979948191e-05
2;-2,6214095755426166;-1,2730251830293584;2,626208861946639;1,276334124321597;0,004799286404022496;0,0033089412922386874;0,16858234173701356;0,16858234173701356;0,16858234173701356;0,9980264070717623;-0,017267686449909756;0,9999999999891082;5,091325159900297e-19;1,6858234173701355e-05
3;-2,5578545212384713;-1,2408842156834732;2,562409575542707;1,2440251830291693;0,0045550543042356395;0,003140967345696133;0,1647792685541131;0,1647792685541131;0,1647792685541131;0,9961100724646383;-0,034120015316131395;0,9980264070717623;-0,017267686449909756;1,6477926855411307e-05
4;2,240054291219522;1,0867493348804418;-2,231280414379962;-1,0778155272633911;0,008773876839560213;0,008933807617050649;0,14374592567685893;0,14374592567685887;0,14374592567685893;0,9999999999891082;5,091325159900297e-19;0,9952646391571385;-0,0973010535776277;1,4374592567685894e-05
5;-2,268367169075711;-1,1001693804033374;2,2708314120649726;1,1018682826830632;0,0024642429892618445;0,0016989022797258002;0,1462947200730705;0,14629472007307054;0,14629472007307054;0,9949424470211392;-0,044408509294288065;0,9961100724646383;-0,034120015316131395;1,4629472007307053e-05
6;-2,195533160359397;-1,0532090792448658;2,2098788374033305;1,0678162501899815;0,014345677043933414;0,014607170945115655;0,14237571791880285;0,14237571791880282;0,14237571791880285;0,9874536101572389;-0,2599082933626084;0,9952646391571385;-0,0973010535776277;1,4237571791880285e-05
7;-3,288011369533623;-1,6022444954020287;3,294541049614786;1,608892995137274;0,0065296800811633915;0,0066484997352451725;0,21214958102284706;0,21214958102284714;0,21214958102284714;0,9953965629336021;-0,09979909026846202;0,9977869531870369;-0,051100169023689246;2,1214958102284715e-05
8;-2,0209854445298094;-0,9753094316709623;2,0216668436070577;0,9761133011444921;0,0006813990772482903;0,0008038694735298391;0,1296139653396592;0,1296139653396592;0,1296139653396592;0,999570998710435;-0,010918690425241292;0,9999999999891082;5,091325159900297e-19;1,296139653396592e-05
9;-3,241469868988628;-1,574732941613595;3,250810687780585;1,5842440254365215;0,009340818791956806;0,009511083822926647;0,2097525495271734;0,20975254952717337;0,2097525495271734;0,991939197606157;-0,1706730850933139;0,9953965629336021;-0,09979909026846202;2,097525495271734e-05
10;-2,0060248298565306;-0,9601783099672809;2,0208853941300715;0,9753094969692159;0,014860564273540877;0,015131187001934943;0,12960876247149383;0,12960876247149386;0,12960876247149386;0,9906847765329585;-0,19558958572204613;0,999570998710435;-0,010918690425241292;1,2960876247149387e-05
11;2,0059247376939173;0,9601784297971517;-1,9931339381912252;-0,9471543190164484;0,01279079950269213;0,013024110780703313;0,12960350400862378;0,12960350400862383;0,12960350400862383;0,9906847765329585;-0,19558958572204613;0,9830441615688356;-0,3572186798867138;1,2960350400862383e-05
12;-3,1087684183452766;-1,5069083384017037;3,115469868988748;1,5137329416134044;0,006701450643471496;0,006824603211700753;0,20160459309501777;0,20160459309501783;0,20160459309501783;0,9893593267667737;-0,22390524181646684;0,991939197606157;-0,1706730850933139;2,0160459309501782e-05
13;1,6286624740836217;0,7899713974700906;-1,6248780053994174;-0,7873622438655606;0,003784468684204345;0,002609153604529957;0,10450831327985999;0,10450831327986003;0,10450831327986003;0,9999999999891082;5,091325159900297e-19;0,9974899147088243;-0,022084915885259893;1,0450831327986002e-05
14;1,3785442676512574;0,667753163752479;-1,3758029560918463;-0,6658631588554847;0,0027413115594110415;0,0018900048969942018;0,08880794266372297;0,08880794266372297;0,08880794266372297;0,9958119916939834;-0,036911220566855266;0,9936725030862081;-0,05587578846055051;8,880794266372297e-06
15;1,4988780053993758;0,726362243865512;-1,496544267650835;-0,7247531637523902;0,002333737748540843;0,0016090801131217747;0,09640569040639835;0,09640569040639833;0,09640569040639835;0,9974899147088243;-0,022084915885259893;0,9958119916939834;-0,036911220566855266;9,640569040639835e-06
16;1,2498029560918915;0,604863158855503;-1,247555045672054;-0,6033132663068476;0,0022479104198374067;0,0015498925486554516;0,0806741912833752;0,0806741912833752;0,0806741912833752;0,9936725030862081;-0,05587578846055051;0,9917412891857864;-0,07306887249140886;8,067419128337521e-06
17;0,7198218565855876;0,347469606298957;-0,717337321471527;-0,3457565810215441;0,0024845351140606597;0,0017130252774129051;0,04614753993204086;0,046147539932040856;0,04614753993204086;0,9999999999891082;5,091325159900297e-19;0,9962691826382103;-0,03328605459558333;4,614753993204086e-06
18;0,6962372514312151;0,3357565218831919;-0,6941845008352133;-0,33434118884271813;0,00205275059600174;0,001415333040473754;0,04479441907488651;0,044794419074886516;0,044794419074886516;0,9962691826382103;-0,03328605459558333;0,9930937887831869;-0,0617796344149329;4,479441907488652e-06
19;0,0;0,0;0,0;0,0;0,0;0,0;;;;;;;;
20;-0,40226844422757513;-0,19505578552832198;0,4024030874868856;0,19516945359733417;0,00013464325931045185;0,00011366806901219606;0,02601609841072248;0,026016098410722475;0,02601609841072248;0,9921272635384875;-0,07371303121270902;0,9925061878083734;-0,06813595191467835;2,6016098410722483e-06
21;0,04910192176076011;0,02500161016476656;-0,049100523298375706;-0,025000429430716745;1,3984623844012778e-06;1,1807340498139196e-06;0,003188216037721463;0,003188216037721463;0,003188216037721463;0,9978107557703486;-0,20584507993915066;0,9977784863886168;-0,20627937747994948;3,1882160377214627e-07
22;0,8527567661765924;0,414211639651914;-0,8496327475759043;-0,412057748407474;0,0031240186006880055;0,002153891244439987;0,05473467471060325;0,05473467471060325;0,05473467471060325;0,9999999999891082;5,091325159900297e-19;0,9960434276068888;-0,03473683534664813;5,4734674710603245e-06
23;1,759433193141623;0,8514331406086562;-1,7485412055231297;-0,8439234801986415;0,010891987618493193;0,0075096604100146624;0,11285010048937297;0,11285010048937297;0,11285010048937297;0,9999999999891082;5,091325159900297e-19;0,9933109899679979;-0,05946924222440031;1,1285010048937297e-05
24;1,7264405889117813;0,8339230550759494;-1,7242617992200302;-0,832420852607218;0,002178789691751115;0,0015022024687314506;0,11144057560406963;0,11144057560406964;0,11144057560406964;0,9933109899679979;-0,05946924222440031;0,9919560888320846;-0,07158888574907205;1,1144057560406964e-05
25;-0,27621695299239246;-0,13401232213471678;0,27626844422854546;0,13405578552791228;5,1491236153000663e-05;4,3463393195497524e-05;0,017869680901524264;0,01786968090152427;0,01786968090152427;0,9919162886327226;-0,07681551639350566;0,9921272635384875;-0,07371303121270902;1,7869680901524273e-06
26;-1,7082838018935804;-0,8243677447635699;1,7112617992199404;0,8264208526072547;0,002977997326359949;0,0020531078436848427;0,11060735900506198;0,11060735900506198;0,11060735900506198;0,9900903048353387;-0,08831582024379063;0,9919560888320846;-0,07158888574907205;1,1060735900506198e-05
27;0,17512067361092057;0,08601465118060989;-0,17510167243917796;-0,08600155180109634;1,9001171742610845e-05;1,3099379513548115e-05;0,01128775781310991;0,01128775781310991;0,01128775781310991;0,9979275273345143;-0,20485215854188202;0,9978107557703486;-0,20584507993915066;1,128775781310991e-06
28;0,17525843139891728;0,08604068284416996;-0,17522067337206673;-0,08601465126906706;3,775802685054841e-05;2,6031575102905546e-05;0,011292950997182744;0,011292950997182742;0,011292950997182744;0,998159458247933;-0,20287734345838115;0,9979275273345143;-0,20485215854188202;1,1292950997182742e-06
29;0,04100149558519597;0,02000126254525482;-0,04100000000005383;-0,020000000000006624;1,4955851421402655e-06;1,26254524819569e-06;0,0026501896047324914;0,002650189604732491;0,0026501896047324914;0,9938401390226042;-0,05413733664345331;0,993798796796608;-0,05473897655979549;2,650189604732491e-07
30;0,0;0,0;0,0;0,0;0,0;0,0;;;;;;;;
31;0,7236327475758324;0,35105774840731735;-0,7229415901166423;-0,35058124098167953;0,0006911574591901282;0,00047650742563781767;0,046620286673601234;0,04662028667360125;0,04662028667360125;0,9960434276068888;-0,03473683534664813;0,995015770280793;-0,04379645560600525;4,662028667360125e-06
32;1,0913009524407558;0,529434268532533;-1,090160119368339;-0,5286477536003767;0,001140833072416747;0,0007865149321562015;0,07038545801084554;0,07038545801084556;0,07038545801084556;0,9949424470211392;-0,044408509294288065;0,993818920306702;-0,05432424832103697;7,038545801084555e-06
33;1,2175550456720994;0,589313266306531;-1,2162087238328725;-0,5883849609344513;0,0013463218392268939;0,000928305372079774;0,0787470932156438;0,0787470932156438;0,0787470932156438;0,9917412891857864;-0,07306887249140886;0,9905563075466745;-0,08362977575882519;7,874709321564378e-06
34;0,07520374450833278;0,03600258212671652;-0,07520312315612394;-0,036002153485797064;6,213522088377443e-07;4,286409194531604e-07;0,004859689247593373;0,004859689247593373;0,004859689247593373;0,9905563075466745;-0,08362977575882519;0,9905474503786798;-0,08371108356121287;4,859689247593373e-07
35;0,07510312314751222;0,036002153470598645;-0,07510304538130708;-0,03600209974122055;7,776620514210464e-08;5,372937809250411e-08;0,004854432686408397;0,004854432686408397;0,004854432686408397;0,9905474503786798;-0,08371108356121287;0,9905463401333249;-0,08372128860106126;4,854432686408397e-07
36;0,06610304539306289;0,03200209974737792;-0,06610153861249209;-0,03200106077792197;1,5067805708007809e-06;1,0389694559548301e-06;0,004280651386829618;0,004280651386829615;0,004280651386829618;0,9905463401333249;-0,08372128860106126;0,9905219422494939;-0,08393862131391457;4,280651386829618e-07
37;1,2064457788751954;0,5846864006132951;-1,2055195797501468;-0,5840477565694968;0,0009261991250486545;0,0006386440437983198;0,07823552781763106;0,07823552781763106;0,07823552781763106;0,9893593267667737;-0,22390524181646684;0,9885387177008521;-0,23120977833875941;7,823552781763107e-06
38;1,1198071782720187;0,5444816681324776;-1,1162937524669025;-0,5420592787948872;0,003513425805116155;0,002422389337590314;0,07188946152428835;0,07188946152428835;0,07188946152428835;0,9999999999891082;5,091325159900297e-19;0,996611840228476;-0,029650003806036655;7,188946152428835e-06
39;0,023101255651744288;0,011000865694667593;-0,023100060560289817;-0,011000041742167326;1,195091454471442e-06;8,239525002666503e-07;0,001491393171181415;0,0014913931711814151;0,0014913931711814151;0,9905219422494939;-0,08393862131391457;0,990466458190216;-0,08445388452105147;1,4913931711814152e-07
40;0,6049368306986048;0,2935772229613868;-0,604636382783279;-0,2933700741935014;0,0003004479153257966;0,00020714876788535674;0,0390161153831664;0,0390161153831664;0,0390161153831664;0,995015770280793;-0,04379645560600525;0,9944819584066574;-0,04850130010955531;3,90161153831664e-06
41;0,6045363827871837;0,2933700741913601;-0,604523051383665;-0,2933608517820766;1,3331403518668239e-05;9,2224092834714e-06;0,03901089228341271;0,039010892283412715;0,039010892283412715;0,9944819584066574;-0,04850130010955531;0,9944582490462626;-0,04871248554230804;3,901089228341271e-06
42;1,1161937524667431;0,5420592787950135;-1,1158311598367043;-0,5418092309488175;0,00036259263003879383;0,00025004784619597764;0,07188425034263389;0,07188425034263386;0,07188425034263389;0,996611840228476;-0,029650003806036655;0,9962621449528132;-0,0327231155415214;7,188425034263389e-06
43;1,115731159837127;0,5418092309485846;-1,1141284817576025;-0,5404560994559106;0,001602678079524411;0,0013531314926740201;0,07187903728519214;0,07187903728519214;0,07187903728519214;0,9962621449528132;-0,0327231155415214;0,9946294631485274;-0,05664970881971995;7,187903728519214e-06
44;1,1140284817575834;0,540456099455804;-1,11339013826131;-0,5399172501388478;0,0006383434962733414;0,0005388493169561359;0,07187381470138479;0,07187381470138479;0,07187381470138479;0,9946294631485274;-0,05664970881971995;0,9939791996917682;-0,06619670676532648;7,18738147013848e-06
45;0,0;0,0;0,0;0,0;0,0;0,0;;;;;;;;
46;1,1555195797498181;0,560047756569444;-1,1546684877774247;-0,5594609013196455;0,000851091972393414;0,0005868552497985124;0,07499634198468497;0,07499634198468497;0,07499634198468497;0,9885387177008521;-0,23120977833875941;0,9877520804438582;-0,23821611853633268;7,499634198468497e-06
47;0,5725230513813031;0,27836085178041925;-0,5721935337691297;-0,2781336604308496;0,00032951761217336895;0,00022719134956966647;0,03695929321939223;0,036959293219392245;0,036959293219392245;0,9944582490462626;-0,04871248554230804;0,9938401390226042;-0,05413733664345331;3,6959293219392244e-06
48;1,0193386843248662;0,49507471570880207;-1,0164286712676656;-0,49306835923707976;0,002910013057200622;0,002006356471722315;0,06542553852850007;0,06542553852850005;0,06542553852850007;0,9999999999891082;5,091325159900297e-19;0,996916682994829;-0,027054027222048548;6,542553852850007e-06
49;1,0073901382613966;0,4889172501385261;-1,0065894560736235;-0,4882411946599611;0,0008006821877730719;0,0006760554785650297;0,06504129692563715;0,06504129692563715;0,06504129692563715;0,9939791996917682;-0,06619670676532648;0,9930777902008874;-0,0794412634522522;6,504129692563715e-06
50;1,1874542641221977;0,586676203839493;-1,1864088665399717;-0,585955437243813;0,001045397582225993;0,0007207665956799891;0,07719273637422173;0,07719273637422173;0,07719273637422173;0,990619835830599;-0,26647518193802544;0,9896800588597038;-0,2744052925956482;7,719273637422175e-06
51;1,0163286712675441;0,49306835923692344;-1,0160283563466925;-0,49286125878060294;0,0003003149208515854;0,000207100456320497;0,06542032794272491;0,06542032794272493;0,06542032794272493;0,996916682994829;-0,027054027222048548;0,9965984517734648;-0,029857043559150788;6,5420327942724926e-06
52;0,0;0,0;0,0;0,0;0,0;0,0;;;;;;;;
53;1,016550408217784;0,47582110962835655;-1,015819993636871;-0,47495955154067987;0,0007304145809130524;0,0008615580876766837;0,06591948086656595;0,06591948086656593;0,06591948086656595;0,9830441615688356;-0,3572186798867138;0,9821449564699953;-0,3812668266782256;6,591948086656594e-06
54;-1,1460089550601325;-0,5659198887284974;1,1504099179754337;0,5689541483341823;0,004400962915301232;0,0030342596056849302;0,07487060901912007;0,07487060901912007;0,07487060901912007;0,9856009524593311;-0,30886933451239745;0,9896800588597038;-0,2744052925956482;7,4870609019120065e-06
55;-0,32801155072790744;-0,15901037956447606;0,3280838189348512;0,15907138065376047;7,226820694378189e-05;6,1001089284418164e-05;0,021170142342052566;0,02117014234205257;0,02117014234205257;0,9941196734793248;-0,24365090525540772;0,9943695943432924;-0,23997902958047507;2,117014234205257e-06
56;-0,32818381874790303;-0,15907138062005857;0,3282195738582231;0,15910156664999026;3,575511032005707e-05;3,0186029931683622e-05;0,021175366975400046;0,021175366975400043;0,021175366975400046;0,9943695943432924;-0,23997902958047507;0,9944932177675049;-0,2381618644687467;2,1175366975400048e-06
57;-0,3573195652634677;-0,17310161488868955;0,35745272140898865;0,17321403412430833;0,00013315614552095179;0,00011241923561877698;0,023050096331045412;0,023050096331045402;0,023050096331045412;0,9944932177675049;-0,2381618644687467;0,9949161459043174;-0,23194211950408788;2,3050096331045413e-06
58;-0,6869118100239222;-0,3334765424463619;0,6871601193680391;0,33364775360012133;0,00024830934411690375;0,00017121115375945406;0,044376823181654555;0,04437682318165456;0,04437682318165456;0,9934310199035771;-0,05774281037841347;0,993818920306702;-0,05432424832103697;4,437682318165456e-06
59;0,8824323982835487;0,4154630685601539;-0,8819045856761678;-0,41484052285817674;0,0005278126073808842;0,000622545701977173;0,05702701240692212;0,05702701240692212;0,05702701240692212;0,9874536101572389;-0,2599082933626084;0,9867017326338077;-0,2798031484409672;5,702701240692212e-06
60;0,8590662166354555;0,41673511187116297;-0,8584468744533397;-0,41630806507585116;0,0006193421821157896;0,0004270467953118029;0,05540622460952781;0,055406224609527814;0,055406224609527814;0,9949424470211392;-0,044408509294288065;0,9941675730024112;-0,05124912627424497;5,540622460952781e-06
61;-0,006666805504938329;-0,01563295249123817;0,00666748301973435;0,015633524471448026;6,775147960210587e-07;5,719802098555493e-07;0,0009955974571138444;0,0009955974571138444;0,0009955974571138444;0,9855550291979279;-0,3075248027580493;0,9856009524593311;-0,30886933451239745;9,955974571138445e-08
62;-0,8668233290526927;-0,4194989928337921;0,8671127404986254;0,41969851627028637;0,00028941144593275236;0,0001995234364942644;0,0557219873745945;0,055721987374594495;0,0557219873745945;0,9977860870888736;-0,20627659825047553;0,9981460642768597;-0,20309318711538962;5,572198737459451e-06
63;0,0;0,0;0,0;0,0;0,0;0,0;;;;;;;;
64;0,660008268629654;0,32084508237904646;-0,6594475975515742;-0,3203717111496812;0,0005606710780797775;0,0004733712293652492;0,04251411864246081;0,04251411864246081;0,04251411864246081;0,9965984517734648;-0,029857043559150788;0,9956326503539774;-0,043971490096824405;4,251411864246081e-06
65;-0,8093863680799993;-0,3921977031356051;0,8098234441083223;0,3924990114566376;0,0004370760283229913;0,000301308321032534;0,052072622025933796;0,052072622025933796;0,052072622025933796;0,9972043032864185;-0,2114055316536517;0,9977860870888736;-0,20627659825047553;5,20726220259338e-06
66;0,5800062163063102;0,2814869307264639;-0,5796478499944245;-0,2812398638603179;0,0003583663118856828;0,00024706686614600626;0,0376948862869391;0,0376948862869391;0,0376948862869391;0,9874536101572389;-0,2599082933626084;0,9867945858125099;-0,2657604200229775;3,76948862869391e-06
67;0,4274224254899337;0,20718461296939608;-0,42731549762435916;-0,20709433967937532;0,00010692786557453537;9,027329002075923e-05;0,02761470877521142;0,027614708775211414;0,02761470877521142;0,9930777902008874;-0,0794412634522522;0,9927942981354693;-0,0836151671771824;2,761470877521142e-06
68;0,4272154976239793;0,2070943396792208;-0,42712532715048795;-0,20701821046130225;9,017047349135776e-05;7,612921791855243e-05;0,027609475679140547;0,02760947567914055;0,02760947567914055;0,9927942981354693;-0,0836151671771824;0,9925551842366996;-0,08713655792758228;2,760947567914055e-06
69;0,6464468328442908;0,3133080363921097;-0,6461949059774219;-0,3131343765456421;0,0002519268668689234;0,0001736598464676109;0,041718430039578334;0,041718430039578334;0,041718430039578334;0,9941675730024112;-0,05124912627424497;0,9937490170178687;-0,05495132223087882;4,171843003957834e-06
70;0,40902531210692383;0,19801820010357435;-0,4090204069404971;-0,198014070540386;4,905166426705243e-06;4,129563188348673e-06;0,026433721951863824;0,026433721951863824;0,026433721951863824;0,9925551842366996;-0,08713655792758228;0,9925416110418703;-0,08733570545382745;2,6433721951863824e-06
71;-0,9738598036548841;-0,4725927779388248;0,9757402267974722;0,47388934790724235;0,0018804231425880724;0,001296569968417538;0,0633005004765606;0,0633005004765606;0,0633005004765606;0,9872999759504856;-0,2421550783779672;0,9893593267667737;-0,22390524181646684;6,33005004765606e-06
72;0,5444475975512856;0,26437171114955743;-0,5442263191978393;-0,26418491053555093;0,0002212783534463192;0,00018680061400649928;0,03509683406427833;0,035096834064278326;0,03509683406427833;0,9956326503539774;-0,043971490096824405;0,9951709858799513;-0,050732112344522524;3,509683406427833e-06
73;-0,6545655002929142;-0,3172526785803286;0,6549775025048321;0,31753672179365183;0,00041200221191795006;0,00028404321332325955;0,04229817828690407;0,04229817828690406;0,04229817828690407;0,992861675362039;-0,24976098462396937;0,9935368348291573;-0,24378580556933363;4,229817828690407e-06
74;0,00010000002640977253;1,8201425158825542e-11;-9,999999997689368e-05;2,315887954682344e-14;2,6432878848518977e-11;1,8224584038372365e-11;5,786309590663718e-06;5,7863095906637175e-06;5,786309590663718e-06;0,9977869531870369;-0,051100169023689246;0,9977866894432736;-0,051110610938422875;5,786309590663718e-10
75;0,0;0,0;0,0;0,0;0,0;0,0;;;;;;;;
76;0,24703988807011518;0,1190275023217599;-0,24699999840102996;-0,11899999973185708;3,988966908521907e-05;2,750258990281973e-05;0,01611988283656799;0,016119882836567994;0,016119882836567994;0,9821449564699953;-0,3812668266782256;0,9819734921100555;-0,3828262534889419;1,6119882836567994e-06
77;0,5127221730549143;0,2357846589228274;-0,512564173677497;-0,23559826545439602;0,00015799937741733938;0,00018639346843138394;0,033021248927424675;0,03302124892742469;0,03302124892742469;0,9867017326338077;-0,2798031484409672;0,986314605938073;-0,2902982734597555;3,3021248927424686e-06
78;0,5201949059780127;0,25213437654550025;-0,5200786345471058;-0,2520542115222702;0,00011627143090686687;8,016502323004993e-05;0,03358530554301867;0,03358530554301866;0,03358530554301867;0,9937490170178687;-0,05495132223087882;0,9935090480508684;-0,057075372001978646;3,3585305543018667e-06
79;-0,4261534549710615;-0,20712338527966845;0,4262263191974155;0,20718491053522353;7,286422635399692e-05;6,152525555508381e-05;0,02749420641875201;0,027494206418752002;0,02749420641875201;0,9949768940408513;-0,0535713299626094;0,9951709858799513;-0,050732112344522524;2,749420641875201e-06
80;-0,6844064175685816;-0,3312801932746562;0,684631819741742;0,33143562055585946;0,00022540217316047162;0,00015542728120326865;0,04446000295994547;0,04446000295994546;0,04446000295994547;0,9874006801559149;-0,24135689614862024;0,9877520804438582;-0,23821611853633268;4,4460002959945465e-06
81;0,43056529699527746;0,19559756971214395;-0,4304785349192295;-0,19550922136602517;8,676207604796371e-05;8,834834611878839e-05;0,027682377858107083;0,027682377858107083;0,027682377858107083;0,986314605938073;-0,2902982734597555;0,9860736491788027;-0,2956973499998425;2,768237785810708e-06
82;0,20702040693485105;0,10001407053873428;-0,2070056993653075;-0,1000039292375897;1,47075695435539e-05;1,014130114457279e-05;0,013373814964775054;0,013373814964775051;0,013373814964775054;0,9925416110418703;-0,08733570545382745;0,9924653957150832;-0,08801698709509531;1,3373814964775054e-06
83;0,4171552154483442;0,20113011822962554;-0,4170778305909841;-0,20106478818884707;7,7384857360141e-05;6,533004077846627e-05;0,027128348424763596;0,02712834842476359;0,027128348424763596;0,9856009524593311;-0,30886933451239745;0,9853922210639247;-0,31199251674137046;2,7128348424763595e-06
84;0,3934783444440931;0,17750943409288308;-0,39340602132022046;-0,17743578868614152;7,232312387261963e-05;7,364540674156816e-05;0,02527417643832968;0,025274176438329677;0,02527417643832968;0,9860736491788027;-0,2956973499998425;0,9858538765943192;-0,3006612676268316;2,5274176438329683e-06
85;-0,48316094660490205;-0,23404253022390123;0,4834498691208275;0,23424172252285322;0,00028892251592543827;0,00019919229895198898;0,03123873882552848;0,031238738825528477;0,03123873882552848;0,9922206093319702;-0,2554470793303839;0,992861675362039;-0,24976098462396937;3,1238738825528484e-06
86;-0,34603984387805264;-0,16802747029254572;0,34615345497090555;0,16812338527969165;0,00011361109285290549;9,591498714592306e-05;0,022329852392948907;0,022329852392948903;0,022329852392948907;0,994604322801842;-0,059028966711565926;0,9949768940408513;-0,0535713299626094;2,2329852392948907e-06
87;0,22402801734383715;0,10801939899411493;-0,22400706750344124;-0,10800495697648028;2,0949840395911856e-05;1,4442017634647142e-05;0,014569068424967198;0,0145690684249672;0,0145690684249672;0,9856009524593311;-0,30886933451239745;0,9855013138610683;-0,3097701517349874;1,4569068424967198e-06
88;-0,4844030874872145;-0,23516945359761848;0,48456644954014877;0,23530735471797817;0,0001633620529342683;0,00013790112035969027;0,031323369408098045;0,03132336940809805;0,03132336940809805;0,9925061878083734;-0,06813595191467835;0,9928880749186466;-0,06252969034058442;3,132336940809805e-06
89;0,0;0,0;0,0;0,0;0,0;0,0;;;;;;;;
90;0,4211616204626866;0,20413200680413462;-0,42108916922985135;-0,20407083027295433;7,245123283527999e-05;6,117653118029032e-05;0,02741617728645676;0,027416177286456768;0,027416177286456768;0,9856009524593311;-0,30886933451239745;0,9854074674368534;-0,3117407665887519;2,7416177286456768e-06
91;0,8972985327939729;0,4338952835861947;-0,8963540485325997;-0,4332440758755098;0,0009444842613731685;0,0006512077106849423;0,05812042470104018;0,05812042470104018;0,05812042470104018;0,9900903048353387;-0,08831582024379063;0,9889640558537743;-0,09839290352605508;5,812042470104018e-06
92;0,22703586495497483;0,11002472703219679;-0,22700462851098832;-0,1100031916308602;3,123644398650427e-05;2,153540133659204e-05;0,01474664058107779;0,01474664058107779;0,01474664058107779;0,9877520804438582;-0,23821611853633268;0,9876052585000487;-0,2395238185489524;1,474664058107779e-06
93;0,3154078489802419;0,13943395399212008;-0,31537210723586795;-0,13940377968824266;3,574174437392941e-05;3,0174303877417152e-05;0,02019581884054392;0,020195818840543917;0,02019581884054392;0,9858538765943192;-0,3006612676268316;0,985725546887018;-0,3028457726107132;2,019581884054392e-06
94;0,3180786345473244;0,15405421152273432;-0,31799999999978396;-0,15400000000009778;7,863454754042376e-05;5,421152263654361e-05;0,020538108521045907;0,020538108521045907;0,020538108521045907;0,9935090480508684;-0,057075372001978646;0,9932436754750662;-0,05942896630021124;2,053810852104591e-06
95;-0,6553175479443243;-0,3182189476591135;0,6558598036549534;0,31859277793880086;0,0005422557106291581;0,0003738302796873483;0,042638759427333306;0,04263875942733332;0,04263875942733332;0,9864183692694215;-0,24996684931526184;0,9872999759504856;-0,2421550783779672;4,263875942733332e-06
96;0,08100569936460009;0,039003929237836216;-0,08100000000012873;-0,03899999999995444;5,699364471353774e-06;3,929237881776515e-06;0,005230177920647752;0,005230177920647753;0,005230177920647753;0,9924653957150832;-0,08801698709509531;0,992389893364684;-0,08869745955784737;5,230177920647753e-07
97;0,0;0,0;0,0;0,0;0,0;0,0;;;;;;;;
98;-9,999999153208552e-05;-4,6758709866929174e-12;9,999999557253524e-05;7,461279234713805e-12;4,0404497103760026e-12;2,7854082480208877e-12;5,787449159040043e-06;5,787449159040042e-06;5,787449159040043e-06;0,9975901376140361;-0,26143839443738465;0,9975901779211692;-0,26143679851605395;5,787449159040043e-10
99;-0,2531409993481163;-0,12309742951083753;0,2532675481243455;0,12318467523458872;0,00012654877622919614;8,724572375118367e-05;0,016344712374576208;0,016344712374576204;0,016344712374576208;0,9942968861208721;-0,23573318513282054;0,9948336642601854;-0,23102987276239056;1,6344712374576207e-06
100;-0,3282422550442423;-0,1580980768428078;0,32829750618954423;0,15813616591885282;5,525114530191555e-05;3,808907604502254e-05;0,021401439144675006;0,021401439144675002;0,021401439144675006;0,9828652851863725;-0,3588445420341183;0,9830441615688356;-0,3572186798867138;2,1401439144675007e-06
101;-0,24804800742730046;-0,12003331451209015;0,24814100677144144;0,12009743317050307;9,299934414097599e-05;6,41186584129233e-05;0,016007463692585832;0,016007463692585832;0,016007463692585832;0,9938942173207584;-0,2393093254463183;0,9942968861208721;-0,23573318513282054;1,600746369258583e-06
102;1,4643312564791882;0,7222150624153424;-1,4603117105039338;-0,719443764474608;0,004019545975254335;0,002771297940734385;0,0944417430657585;0,0944417430657585;0,0944417430657585;0,9981460642768597;-0,20309318711538962;0,9951929666749926;-0,22799320689112634;9,444174306575851e-06
103;0,30342789487008376;0,14615711912322715;-0,3034089751459565;-0,14614407658999906;1,891972412726428e-05;1,3042533228091457e-05;0,01958005111759804;0,01958005111759804;0,01958005111759804;0,9930937887831869;-0,0617796344149329;0,9930268383578732;-0,06238188528961636;1,958005111759804e-06
104;-0,48219973037830177;-0,23313770928707392;0,48240641756850045;0,23328019327484556;0,00020668719019867332;0,00014248398777164106;0,03133209764636173;0,03133209764636174;0,03133209764636174;0,9869435088172345;-0,24545323946180675;0,9874006801559149;-0,24135689614862024;3,1332097646361736e-06
105;0,0;0,0;0,0;0,0;0,0;0,0;;;;;;;;
106;-0,26418694966349726;-0,12705994853041547;0,26424225538254015;0,12709807690189598;5,530571904288628e-05;3,81283714805114e-05;0,017224188499657466;0,017224188499657466;0,017224188499657466;0,9826428250480327;-0,36087477755803515;0,9828652851863725;-0,3588445420341183;1,7224188499657466e-06
107;1,4602122440217835;0,7194430828248748;-1,459723166542417;-0,7191059725272808;0,0004890774793664399;0,0003371102975939788;0,09443654928631898;0,09443654928631898;0,09443654928631898;0,9951929666749926;-0,22799320689112634;0,9948336642601854;-0,23102987276239056;9,443654928631898e-06
108;0,19337003236402597;0,0804059480564837;-0,19334128493596503;-0,08037667704518281;2,8747428060943436e-05;2,927101130088816e-05;0,012266008071125174;0,012266008071125174;0,012266008071125174;0,985725546887018;-0,3028457726107132;0,9855477105728286;-0,30722133475497326;1,2266008071125174e-06
109;-0,6741847656583828;-0,32574862623305284;0,6744390496691125;0,32592395551091363;0,0002542840107296884;0,00017532927786079178;0,04341959295372239;0,04341959295372239;0,04341959295372239;0,9956222782945634;-0,22578372510426262;0,9960281526162645;-0,22217029951291878;4,341959295372239e-06
110;0,5777952265894193;0,28119391257655774;-0,5768355856035492;-0,2805322722798702;0,0009596409858700916;0,0006616402966875268;0,03757112776238042;0,037571127762380425;0,037571127762380425;0,9874536101572389;-0,2599082933626084;0,9856827493356237;-0,27553935541144464;3,7571127762380427e-06
111;0,0;0,0;0,0;0,0;0,0;0,0;;;;;;;;
112;0,2354089751454264;0,1131440765906073;-0,2353407009926794;-0,11309700623542535;6,827415274701654e-05;4,7070355181949575e-05;0,015185565097512116;0,015185565097512116;0,015185565097512116;0,9930268383578732;-0,06238188528961636;0,9927153592097274;-0,06520138178627677;1,5185565097512116e-06
113;0,23524070099252845;0,11309700623554643;-0,23513204518311975;-0,11302209407987088;0,00010865580940869202;7,49121556755522e-05;0,015180323326673247;0,015180323326673243;0,015180323326673247;0,9927153592097274;-0,06520138178627677;0,9922194701318012;-0,06968923653885364;1,5180323326673246e-06
114;0,5145388511728746;0,24930255794128198;-0,5142092546547595;-0,24907532370181945;0,00032959651811503843;0,00022723423946252597;0,033365228674937984;0,03336522867493799;0,03336522867493799;0,9893593267667737;-0,22390524181646684;0,9886746227369713;-0,2300003357222201;3,336522867493799e-06
115;0,14824617774851734;0,0710389854511825;-0,14823737392647174;-0,07103155166057881;8,80382204559993e-06;7,433790603680879e-06;0,009556957123442886;0,009556957123442884;0,009556957123442886;0,9930937887831869;-0,0617796344149329;0,9930264192950122;-0,06279023621587072;9,556957123442885e-07
116;0,14813737392645607;0,07103155166095594;-0,14812498053071188;-0,07102109062771075;1,2393395744186853e-05;1,0461033245187656e-05;0,009551714268474756;0,009551714268474756;0,009551714268474756;0,9930264192950122;-0,06279023621587072;0,9929315330393594;-0,06421128997675042;9,551714268474756e-07
117;0,14802498053098578;0,07102109062783671;-0,14800661315923852;-0,0710055830761025;1,8367371747263217e-05;1,550755173421181e-05;0,009546471511774355;0,009546471511774355;0,009546471511774355;0,9929315330393594;-0,06421128997675042;0,9927908126840851;-0,06631810902442434;9,546471511774354e-07
118;-0,12600031621339255;-0,06100032729877094;0,12604821228840649;0,06103335003722104;4,789607501393123e-05;3,3022738450100286e-05;0,008135301950564642;0,008135301950564644;0,008135301950564644;0,9934861509584283;-0,24293086455517668;0,9938942173207584;-0,2393093254463183;8,135301950564645e-07
119;-0,20016455533146993;-0,09604450821406865;0,20018695000239228;0,09605994858909576;2,2394670922354365e-05;1,544037502711204e-05;0,013046000821104279;0,013046000821104284;0,013046000821104284;0,9825239106812627;-0,3619670001344213;0,9826428250480327;-0,36087477755803515;1,3046000821104284e-06
120;-0,6443700577473783;-0,31112099543410826;0,6445862960851356;0,3112700933886217;0,00021623833775730184;0,0001490979545134552;0,04141198278090985;0,04141198278090986;0,04141198278090986;0,9975901779211692;-0,26143679851605395;0,9979520431252429;-0,25821536348359775;4,141198278090986e-06
121;-0,19314540749189937;-0,09303130803792888;0,19316455537098406;0,09304450821719341;1,9147879084691066e-05;1,3200179264538647e-05;0,012598901316719334;0,012598901316719337;0,012598901316719337;0,9824186071161666;-0,3629245725402193;0,9825239106812627;-0,3619670001344213;1,2598901316719338e-06
122;0,1740365697793569;0,08402521298623353;-0,17400000000000873;-0,08399999999981118;3,656977934815564e-05;2,5212986422343264e-05;0,01121833256043662;0,01121833256043662;0,01121833256043662;0,994604322801842;-0,059028966711565926;0,994378420661566;-0,06104702599678366;1,121833256043662e-06
123;-0,19300801937907786;-0,09300552936716865;0,19304540749210136;0,09303130803812326;3,738811302350653e-05;2,577867095461539e-05;0,012593606924443085;0,012593606924443081;0,012593606924443085;0,9822128914175008;-0,36479424486173756;0,9824186071161666;-0,3629245725402193;1,2593606924443085e-06
124;0,20513204518335967;0,09902209407984788;-0,20512048775958033;-0,09901412562350755;1,1557423779340326e-05;7,968456340337604e-06;0,01325411015779358;0,013254110157793583;0,013254110157793583;0,9922194701318012;-0,06968923653885364;0,9921590424179677;-0,07023053420440584;1,3254110157793583e-06
125;-0,27100601458331625;-0,13100414597490417;0,271091109826845;0,13106281475791262;8,509524352873221e-05;5,866878300844758e-05;0,01758379644097479;0,017583796440974797;0,017583796440974797;0,9883392294093638;-0,2330041388594206;0,9886746227369713;-0,2300003357222201;1,7583796440974798e-06
126;-1,1410765192638384;-0,5513258253807799;1,142472939187356;0,5522885554161565;0,0013964199235176888;0,0009627300353766133;0,07345860284864332;0,0734586028486433;0,07345860284864332;0,9960281526162645;-0,22217029951291878;0,9973455720257091;-0,21046037994079264;7,3458602848643325e-06
127;0,7460812891457805;0,3606765814638421;-0,7454779562554399;-0,3602606036570956;0,0006033328903406465;0,00041597780674651474;0,04788158980361805;0,04788158980361806;0,04788158980361806;0,9992224983092799;-0,24695570566331554;0,9983492287510478;-0,25470052108855334;4,788158980361807e-06
128;0,24241042821554737;0,11714508426726436;-0,24234595624459215;-0,11710063300411606;6,447197095521551e-05;4,445126314829573e-05;0,015652205266267122;0,015652205266267115;0,015652205266267122;0,9930937887831869;-0,0617796344149329;0,9928083265210315;-0,06432786150960455;1,5652205266267123e-06
129;0,24224595624442796;0,11710063300419855;-0,24216005111845465;-0,11704140429901311;8,590512597331235e-05;5,9228705185446207e-05;0,01564696936798862;0,01564696936798862;0,01564696936798862;0,9928083265210315;-0,06432786150960455;0,9924278310307496;-0,06772308827443664;1,5646969367988617e-06
130;-0,5969172217712312;-0,2885640872449908;0,5971849279182391;0,2887486540099152;0,00026770614700788453;0,00018456676492439872;0,0384657212561495;0,03846572125614949;0,0384657212561495;0,9951399456318522;-0,23007260536267773;0,9956222782945634;-0,22578372510426262;3,84657212561495e-06
131;0,5027354869103958;0,24453219807711266;-0,5026227365649832;-0,2444370116942094;0,00011275034541258222;9,518638290326176e-05;0,03274570175575334;0,03274570175575334;0,03274570175575334;0,9856827493356237;-0,27553935541144464;0,985430575074335;-0,27925856540796906;3,2745701755753334e-06
132;0,5025227365370467;0,24443701174122887;-0,5022503254529399;-0,2442070493209188;0,00027241108410680503;0,00022996242031006475;0,03274043302185617;0,03274043302185616;0,03274043302185617;0,985430575074335;-0,27925856540796906;0,9848212252294611;-0,28824970264281674;3,2740433021856168e-06
133;-0,3560470380460908;-0,17203243304168905;0,3561997303783365;0,17213770928717717;0,00015269233224574075;0,00010527624548811731;0,023142891662763412;0,023142891662763416;0,023142891662763416;0,9864862600235176;-0,24956087799967583;0,9869435088172345;-0,24545323946180675;2,314289166276342e-06
134;0,0;0,0;0,0;0,0;0,0;0,0;;;;;;;;
135;0,0;0,0;0,0;0,0;0,0;0,0;;;;;;;;
136;0,07100661315945037;0,03400558307615607;-0,07100000000010058;-0,03400000000001425;6,613159349785902e-06;5,58307614182546e-06;0,004578451074796275;0,004578451074796275;0,004578451074796275;0,9927908126840851;-0,06631810902442434;0,9926851909033763;-0,06790405414049383;4,578451074796275e-07
137;0,6134226080953176;0,2971876848348703;-0,6132935400439911;-0,2970987124380775;0,00012906805132650856;8,897239679278579e-05;0,03935343340167805;0,03935343340167804;0,03935343340167805;0,9999999999891082;5,091325159900297e-19;0,9997726803564825;-0,00200074733682544;3,935343340167805e-06
138;0,6131935400438592;0,2970987124386943;-0,6127096859030405;-0,2967651192314984;0,0004838541408186403;0,00033359320719589247;0,03934823637142028;0,03934823637142028;0,03934823637142028;0,9997726803564825;-0,00200074733682544;0,9989203551799367;-0,009511029741460097;3,934823637142028e-06
139;-0,0439999255778652;-0,020999988157014177;0,04400045372408643;0,021000352296132507;5,281462212292087e-07;3,6413911833066415e-07;0,0028333299032426386;0,0028333299032426386;0,0028333299032426386;0,9934732423228798;-0,24304972208901746;0,9934861509584283;-0,24293086455517668;2,833329903242639e-07
140;-0,6813252484199223;-0,330224259540466;0,6815779121544314;0,33039846271720014;0,000252663734509162;0,00017420317673411123;0,04382041784873305;0,043820417848733056;0,043820417848733056;0,9975523739335234;-0,2617374749233462;0,9979520431252429;-0,25821536348359775;4,382041784873306e-06
141;-0,6949995252356989;-0,33625075038223806;0,6950545659774594;0,336288688749097;5,504074176054807e-05;3,793836685894725e-05;0,04480313602669878;0,04480313602669879;0,04480313602669879;0,9949161459043174;-0,23194211950408788;0,9950012855819349;-0,23118671776418478;4,480313602669879e-06
142;-0,695154565847264;-0,3362886885885685;0,6954627815470478;0,33650119298349457;0,00030821569978378704;0,00021250439492609408;0,04480835935076382;0,04480835935076382;0,04480835935076382;0,9950012855819349;-0,23118671776418478;0,9954780246075668;-0,22695409154458981;4,480835935076382e-06
143;0,12212048775986041;0,05901412562375505;-0,12210272855806073;-0,05900188124932683;1,775920179968027e-05;1,2244374428219129e-05;0,007892611557455267;0,007892611557455265;0,007892611557455267;0,9921590424179677;-0,07023053420440584;0,9920031028386799;-0,07162372723593644;7,892611557455268e-07
144;0,12200272855770466;0,05900188124969438;-0,12199999999940526;-0,05900000000019657;2,728558299400219e-06;1,8812494978134864e-06;0,007887371649759967;0,007887371649759967;0,007887371649759967;0,9920031028386799;-0,07162372723593644;0,9919791269240615;-0,07183751659508475;7,887371649759967e-07
145;0,0;0,0;0,0;0,0;0,0;0,0;;;;;;;;
146;-0,5254713193069882;-0,254256575083076;0,5259173715161484;0,254564112895729;0,00044605220916016375;0,0003075378126530248;0,033898607895923034;0,03389860789592302;0,033898607895923034;0,9942279419878338;-0,23816784668677046;0,9951399456318522;-0,23007260536267773;3,3898607895923034e-06
147;-0,7049774026415716;-0,3415367005617884;0,7073858617917275;0,34319725242454985;0,0024084591501558616;0,001660551862761428;0,045521062644740755;0,045521062644740755;0,045521062644740755;0,9935368348291573;-0,24378580556933363;0,9972043032864185;-0,2114055316536517;4,552106264474076e-06
148;0,05200060442859362;0,025000471926670258;-0,05199989469943688;-0,02499998248137443;7,097291567365049e-07;4,894452958273399e-07;0,0033405483787588837;0,003340548378758884;0,003340548378758884;0,9972043032864185;-0,2114055316536517;0,9971895829383206;-0,21153819145072605;3,340548378758884e-07
149;0,16516005111862406;0,08004140429900783;-0,16511817608629706;-0,0800125322781891;4,187503232699896e-05;2,8872020818734856e-05;0,010677148667458093;0,010677148667458093;0,010677148667458093;0,9924278310307496;-0,06772308827443664;0,9921559804837895;-0,07013360783840814;1,0677148667458092e-06
150;0,29753516716450223;0,14416215513144381;-0,29743669701107356;-0,14409426326095393;9,847015342867582e-05;6,789187048988898e-05;0,01934382561853799;0,01934382561853799;0,01934382561853799;0,9867945858125099;-0,2657604200229775;0,9864417406962179;-0,2689088850358128;1,934382561853799e-06
151;0,16501817608623673;0,08001253227812204;-0,16500131813117136;-0,08000090869418763;1,6857955065369135e-05;1,1623583934403103e-05;0,01067191226029608;0,010671912260296077;0,01067191226029608;0,9921559804837895;-0,07013360783840814;0,9920464814809253;-0,07110347381246784;1,0671912260296079e-06
152;-0,5496508798183303;-0,26524191150081466;0,5499484345752682;0,26544706527276113;0,00029755475693793443;0,00020515377194646467;0,03560933928733193;0,03560933928733194;0,03560933928733194;0,9895112453024679;-0,09351811548833437;0,9900903048353387;-0,08831582024379063;3,560933928733194e-06
153;0,4849118100236808;0,2354765424464116;-0,48466644954009025;-0,23530735471825726;0,00024536048359052876;0,00016918772815435745;0,03132860024976578;0,03132860024976578;0,03132860024976578;0,9934310199035771;-0,05774281037841347;0,9928880749186466;-0,06252969034058442;3,1328600249765785e-06
154;0,23011268953259784;0,1120777099023825;-0,23002416460170325;-0,11201667492950858;8,852493089459013e-05;6,103497287392179e-05;0,014975358565834162;0,014975358565834162;0,014975358565834162;0,9867945858125099;-0,2657604200229775;0,9863847160668566;-0,2693679796578676;1,497535856583416e-06
155;0,0;0,0;0,0;0,0;0,0;0,0;;;;;;;;
156;-0,0769999995900633;-0,036999999932285726;0,07700801999520843;0,037005529471983885;8,020405145123255e-06;5,529539698158337e-06;0,005022091180713768;0,00502209118071377;0,00502209118071377;0,9821022514611595;-0,3658070489048981;0,9822128914175008;-0,36479424486173756;5,02209118071377e-07
157;-0,7405628256991114;-0,35850127104755675;0,7406501968239299;0,3585615222845309;8,737112481849163e-05;6,025123697417367e-05;0,04771864068382505;0,04771864068382504;0,04771864068382505;0,9954780246075668;-0,22695409154458981;0,9956049364886336;-0,2258287984476475;4,771864068382505e-06
158;0,559505164944943;0,27076200223750047;-0,5592320385065062;-0,27057367122012654;0,0002731264384367993;0,00018833101737392166;0,03592555745253632;0,03592555745253631;0,03592555745253632;0,9989203551799367;-0,009511029741460097;0,9983934159928773;-0,01417297092009536;3,592555745253632e-06
159;0,20204552480959123;0,09803138783036186;-0,20200000000019638;-0,09800000000008144;4,552480939484793e-05;3,138783028042158e-05;0,013152676220344797;0,013152676220344795;0,013152676220344797;0,9857815709179915;-0,25561468984460683;0,9855416363826647;-0,25774981588441437;1,3152676220344797e-06
160;-0,20200000000005014;-0,09799999999995695;0,20204482719051692;0,0980309068453677;4,482719046677852e-05;3,0906845410738626e-05;0,013051511829597441;0,01305151182959744;0,013051511829597441;0,9931807298832329;-0,05995525134558413;0,9934188189410663;-0,05785283598319879;1,305151182959744e-06
161;0,2704367005035592;0,13109426386378556;-0,2703518800779793;-0,13103578622303771;8,482042557994562e-05;5,8477640747844895e-05;0,01758992628188686;0,017589926281886863;0,017589926281886863;0,9864417406962179;-0,2689088850358128;0,986107495789021;-0,27188819654367186;1,7589926281886865e-06
162;0,0;0,0;0,0;0,0;0,0;0,0;;;;;;;;
163;0,0;0,0;0,0;0,0;0,0;0,0;;;;;;;;
164;-0,14499999999994262;-0,06999999999991026;0,1450060145832519;0,07000414597481276;6,0145833092883905e-06;4,1459749025030135e-06;0,009406156326345644;0,009406156326345642;0,009406156326345644;0,988294919737519;-0,23340225325789768;0,9883392294093638;-0,2330041388594206;9,406156326345644e-07
165;0,0056651912741592135;0,01563547785959493;-0,00566506639204081;-0,015635391757559805;1,2488211840328e-07;8,610203512324222e-08;0,0009742158421522165;0,0009742158421522163;0,0009742158421522165;0,9855550291979279;-0,3075248027580493;0,9855477105728286;-0,30722133475497326;9,742158421522165e-08
166;0,7596538045596875;0,3682535027760134;-0,7586501607102389;-0,36756151260279557;0,00100364384944851;0,0006919901732178046;0,048885569577281136;0,04888556957728114;0,04888556957728114;0,9970280196335313;-0,21326311229025444;0,9956049364886336;-0,2258287984476475;4,888556957728114e-06
167;-2,2061613578531403;-1,066528169561926;2,2070406014944286;1,0671343785841008;0,0008792436412883298;0,0006062090221747862;0,14158599736072872;0,14158599736072866;0,14158599736072872;0,9992224983092799;-0,24695570566331554;0,9996528819739122;-0,24314384902770378;1,4158599736072872e-05
168;-0,2021059730749022;-0,0980050423378375;0,2021201756138069;0,09801703388690194;1,4202538904717343e-05;1,1991549064449547e-05;0,013061434374699567;0,01306143437469957;0,01306143437469957;0,9928574232082628;-0,08267944493331418;0,9929370390656558;-0,08150794955023861;1,3061434374699572e-06
169;-0,20199999999895665;-0,09800000000008437;0,20200597307219342;0,09800504233759419;5,97307323677021e-06;5,042337509822414e-06;0,013056202313734088;0,013056202313734088;0,013056202313734088;0,992823926396278;-0,08317181080059874;0,9928574232082628;-0,08267944493331418;1,3056202313734088e-06
170;0,5452111469817801;0,26414555360490977;-0,5450026496505584;-0,2640018270428906;0,00020849733122163538;0,00014372656201916412;0,03536783731889926;0,03536783731889926;0,03536783731889926;0,9889640558537743;-0,09839290352605508;0,9885554615389822;-0,10202978427451084;3,5367837318899264e-06
171;0,0;0,0;0,0;0,0;0,0;0,0;;;;;;;;
172;0,0;0,0;0,0;0,0;0,0;0,0;;;;;;;;
173;0,3482503481656471;0,16920705057320162;-0,34811038868560557;-0,16908888489402796;0,00013995948004152936;0,00011816567917366516;0,0226984554248333;0,0226984554248333;0,0226984554248333;0,9848212252294611;-0,28824970264281674;0,98436967840978;-0,29492950898964;2,2698455424833302e-06
174;0,9034560435303315;0,45312602973802885;-0,9011599800248467;-0,451543007609601;0,0022960635054848355;0,001583022128427869;0,05957397643554927;0,05957397643554927;0,05957397643554927;0,9795212843365134;-0,41354513050779773;0,97684452708132;-0,4354668062354222;5,957397643554927e-06
175;0,30608592335474183;0,14806801539324763;-0,30603027367554214;-0,14802103344328568;5,564967919968744e-05;4,6981949961943936e-05;0,0199216979534579;0,0199216979534579;0,0199216979534579;0,9854074674368534;-0,3117407665887519;0,9852029928046049;-0,3147845672945733;1,99216979534579e-06
176;0,811892963675286;0,3934184491854469;-0,8116536966556112;-0,39325348259459025;0,0002392670196748048;0,00016496659085663;0,052226642657903416;0,05222664265790342;0,05222664265790342;0,9973455720257091;-0,21046037994079264;0,9970280196335313;-0,21326311229025444;5,222664265790342e-06
177;0,491127911356782;0,23757082577958755;-0,4909107357798503;-0,23742107526146397;0,0002171755769317385;0,00014975051812357587;0,03154917962934337;0,03154917962934338;0,03154917962934338;0,9983934159928773;-0,01417297092009536;0,9979163131001977;-0,018400679505710022;3,1549179629343377e-06
178;0,0;0,0;0,0;0,0;0,0;0,0;;;;;;;;
179;0,14402417569792872;0,0700166769590511;-0,14400008961157107;-0,07000007131842369;2,408608635764975e-05;1,6605640627415097e-05;0,00937339492500507;0,009373394925005068;0,00937339492500507;0,9863847160668566;-0,2693679796578676;0,9862065711428001;-0,27094376475007925;9,373394925005068e-07
180;0,47581057286230044;0,2304209629445263;-0,47561155833882796;-0,23028374929267784;0,00019901452347248494;0,00013721365184846124;0,030586375468109165;0,030586375468109175;0,030586375468109175;0,9979163131001977;-0,018400679505710022;0,997465325705332;-0,022385780792357257;3,0586375468109174e-06
181;0,016000175487821462;0,008000121449786313;-0,01599999903136169;-0,007999999800065733;1,7645645977379387e-07;1,2164972057991663e-07;0,0010357359020204846;0,0010357359020204846;0,0010357359020204846;0,9971728844654997;-0,26502846777985845;0,9971610540788903;-0,26512421215747695;1,0357359020204847e-07
182;0,0;0,0;0,0;0,0;0,0;0,0;;;;;;;;
183;0,05100131813126747;0,02500090869428566;-0,05100000000015759;-0,025000000000071135;1,3181311098800497e-06;9,086942145235255e-07;0,0033056102094205313;0,0033056102094205313;0,0033056102094205313;0,9920464814809253;-0,07110347381246784;0,9920188236302642;-0,07134128422355934;3,3056102094205317e-07
184;0,0;0,0;0,0;0,0;0,0;0,0;;;;;;;;
185;-2,3315434075516355;-1,1419143352618113;2,3337691333371433;1,1434486653777785;0,002225725785507837;0,001534330115967153;0,1501679500660213;0,15016795006602132;0,15016795006602132;0,9981460642768597;-0,20309318711538962;0,9991740457927649;-0,1942974026950588;1,5016795006602132e-05
186;0,0;0,0;0,0;0,0;0,0;0,0;;;;;;;;
187;0,0;0,0;0,0;0,0;0,0;0,0;;;;;;;;
188;0,1990621865639659;0,09605262986387382;-0,19902250628636267;-0,09601913280690887;3,968027760323234e-05;3,3497056964953975e-05;0,012950030853769156;0,012950030853769157;0,012950030853769157;0,9853922210639247;-0,31199251674137046;0,9851679950934548;-0,3153436379940582;1,2950030853769156e-06
189;0,24904703804547085;0,12003243304134303;-0,249022352727315;-0,12001541328809971;2,468531815585928e-05;1,7019753243321945e-05;0,01618029914268062;0,016180299142680626;0,016180299142680626;0,9864862600235176;-0,24956087799967583;0,9863805450420075;-0,25051726707521843;1,6180299142680627e-06
190;-0,09499979777615275;-0,04599996484700167;0,09500784776881538;0,04600551524183037;8,049992662628735e-06;5,5503948287044524e-06;0,0061359771760500295;0,0061359771760500295;0,0061359771760500295;0,9931547231800977;-0,24767082622967165;0,9932456564802243;-0,24686354653503845;6,135977176050029e-07
191;0,14101570758279766;0,06801216110103576;-0,14100759694547102;-0,06800531262326824;8,110637326641523e-06;6,848477767523731e-06;0,009173002267801843;0,009173002267801844;0,009173002267801844;0,9853922210639247;-0,31199251674137046;0,9853275159584899;-0,31296060700796946;9,173002267801843e-07
192;0,028000628597451827;0,014000530755690495;-0,028000000000191344;-0,01400000000000709;6,285972604831713e-07;5,307556834050625e-07;0,001822406899400183;0,001822406899400183;0,001822406899400183;0,9917864081536429;-0,0783042377859472;0,9917610764286873;-0,07865857375235873;1,822406899400183e-07
193;0,028101009076929275;0,014000852013544795;-0,028100628597213673;-0,0140005307551913;3,8047971560178917e-07;3,2125835349415544e-07;0,001827615481389734;0,001827615481389734;0,001827615481389734;0,9918016920753084;-0,07808912511194505;0,9917864081536429;-0,0783042377859472;1,827615481389734e-07
194;0,2761103993336295;0,13408888546514638;-0,27602803361492007;-0,13401935444702678;8,236571870945397e-05;6,953101811960072e-05;0,01800301643484703;0,01800301643484703;0,01800301643484703;0,98436967840978;-0,29492950898964;0,9840346656005884;-0,2998898107456009;1,8003016434847028e-06
195;0,41950935748791196;0,20328223181245797;-0,41937922428272845;-0,20319250586299611;0,00013013320518351357;8,972594946185519e-05;0,02698256217729129;0,026982562177291287;0,02698256217729129;0,997465325705332;-0,022385780792357257;0,9971310276714833;-0,025336329306995642;2,6982562177291293e-06
196;-0,4872067498259369;-0,23614256278348653;0,48732526028336237;0,2362242616116345;0,00011851045742544697;8,169882814798579e-05;0,031343729690459884;0,03134372969045989;0,03134372969045989;0,9972902984264013;-0,2640469762866371;0,9975523739335234;-0,2617374749233462;3,134372969045989e-06
197;0,0;0,0;0,0;0,0;0,0;0,0;;;;;;;;
198;-1,0590439134723895;-0,5127197551500992;1,0600049793232638;0,5133823788104475;0,0009610658508742986;0,0006626236603483049;0,06864760111994231;0,06864760111994232;0,06864760111994232;0,9895859411455845;-0,09227037159551352;0,9905563075466745;-0,08362977575882519;6,864760111994232e-06
199;0,0;0,0;0,0;0,0;0,0;0,0;;;;;;;;
200;0,4072790734201941;0,19719240183581374;-0,4071383126986094;-0,19709536240346442;0,00014076072158469843;9,703943234931622e-05;0,026200576987963683;0,026200576987963683;0,026200576987963683;0,9971310276714833;-0,025336329306995642;0,9967586687193979;-0,028629666415025713;2,6200576987963683e-06
201;-0,6892204591493807;-0,31761488334524685;0,6896794059463042;0,3179312911682431;0,0004589467969234873;0,00031640782299624526;0,044642968112476485;0,044642968112476485;0,044642968112476485;0,9814346340676231;-0,3884552740134719;0,9821449564699953;-0,3812668266782256;4,464296811247649e-06
202;0,0;0,0;0,0;0,0;0,0;0,0;;;;;;;;
203;-0,3730455706011429;-0,18103141940213366;0,37319203818442453;0,1811323978858616;0,00014646758328162868;0,00010097848372794815;0,02409847757418294;0,024098477574182948;0,024098477574182948;0,9934188189410663;-0,05785283598319879;0,9938401390226042;-0,05413733664345331;2,4098477574182946e-06
204;0,06910409133937392;0,034003454330759075;-0,06910100907688642;-0,03400085201368237;3,082262487505427e-06;2,602317076702554e-06;0,004483103448840543;0,004483103448840543;0,004483103448840543;0,9918521046554251;-0,07736440954248666;0,9918016920753084;-0,07808912511194505;4,483103448840544e-07
205;0,06920824384493025;0,034006317752584184;-0,06920409133962616;-0,034003454330937995;4,152505304097498e-06;2,8634216461889683e-06;0,004488327062941489;0,004488327062941488;0,004488327062941489;0,9919162886327226;-0,07681551639350566;0,9918521046554251;-0,07736440954248666;4,488327062941489e-07
206;0,1033519017118896;0,050035790016030285;-0,10333951120083909;-0,05002724764137298;1,239051105050848e-05;8,542374657305452e-06;0,006722927153366014;0,006722927153366014;0,006722927153366014;0,986107495789021;-0,27188819654367186;0,985979755839059;-0,27303077394955405;6,722927153366014e-07
207;0,10323951121668236;0,05002724763420055;-0,10322417122358056;-0,05001667168979041;1,5339993101798344e-05;1,0575944410139149e-05;0,006717657151560521;0,0067176571515605195;0,006717657151560521;0,985979755839059;-0,27303077394955405;0,985821475022786;-0,2744434114995278;6,717657151560521e-07
208;0,1031241712396221;0,050016671682255195;-0,10311527850886049;-0,050010540442441444;8,892730761614343e-06;6,131239813751688e-06;0,006712387211449621;0,006712387211449621;0,006712387211449621;0,985821475022786;-0,2744434114995278;0,9857296400832697;-0,2752612719194786;6,71238721144962e-07
209;-0,4433042786989583;-0,21407189673264657;0,4435488380933954;0,21424050369583938;0,00024455939443712715;0,00016860696319281887;0,02874054328131446;0,028740543281314465;0,028740543281314465;0,988921556788923;-0,09880865914673449;0,9895112453024679;-0,09351811548833437;2,8740543281314465e-06
210;-0,29504333310338143;-0,14302987966934358;0,2951375989330809;0,14309486893411558;9,426582969945807e-05;6,49892647719974e-05;0,01933285510997316;0,019332855109973162;0,019332855109973162;0,9791833043176335;-0,4165775032952288;0,9795212843365134;-0,41354513050779773;1,933285510997316e-06
211;0,10200715598725096;0,04900497223697201;-0,10199992580160018;-0,04899998772087497;7,230185650783372e-06;4,9845160970396485e-06;0,006629869410791033;0,006629869410791034;0,006629869410791034;0,9855013138610683;-0,3097701517349874;0,9854257641568354;-0,31045980250402627;6,629869410791034e-07
212;0,08500765163675396;0,041005307351679926;-0,08499993821344039;-0,04099998952111902;7,713423313571166e-06;5,317830560909453e-06;0,005530220299333762;0,005530220299333762;0,005530220299333762;0,9853275159584899;-0,31296060700796946;0,9852308653580001;-0,3138339517276094;5,530220299333763e-07
213;0,18403039259938064;0,08902102231125718;-0,1840067845988585;-0,08900474687044493;2,3608000522146178e-05;1,627544081224397e-05;0,011980083712220545;0,011980083712220545;0,011980083712220545;0,9852029928046049;-0,3147845672945733;0,9850664183222072;-0,31600979769006965;1,1980083712220545e-06
214;0,12202256994478715;0,05901913553210507;-0,12199989920248092;-0,05899999526194322;2,2670742306232783e-05;1,9140270161852047e-05;0,007943581380855354;0,007943581380855356;0,007943581380855356;0,9851679950934548;-0,3153436379940582;0,9849590895586783;-0,318455134764948;7,943581380855356e-07
215;0,01600010619900788;0,00800007419774709;-0,01599999795189653;-0,00799999957633416;1,0824711135087872e-07;7,462141293074209e-08;0,001047248101037495;0,001047248101037495;0,001047248101037495;0,9862065711428001;-0,27094376475007925;0,9861993936898569;-0,2710024863523151;1,0472481010374948e-07
216;0,13501178855111354;0,06600813197983806;-0,1350001682108461;-0,06600012014468788;1,1620340267443074e-05;8,011835150173452e-06;0,008700437403846618;0,008700437403846616;0,008700437403846618;0,9972655108559955;-0,26423015531345945;0,9971728844654997;-0,26502846777985845;8,700437403846617e-07
217;-0,11300000000002096;-0,0540000000000756;0,113029901346868;0,05402061571155762;2,9901346847036048e-05;2,0615711482020738e-05;0,007305184493821853;0,007305184493821853;0,007305184493821853;0,9898068283939733;-0,09092654246043196;0,9900903048353387;-0,08831582024379063;7,305184493821853e-07
218;-0,6370082901691165;-0,29253755592969527;0,6371202029322677;0,29261471602904987;0,00011191276315114518;7,716009935460066e-05;0,04124391338627535;0,04124391338627536;0,04124391338627536;0,9812471908471341;-0,39036877255287766;0,9814346340676231;-0,3884552740134719;4,124391338627536e-06
219;-0,6363861609904381;-0,29217757743392875;0,6369082851469715;0,29253756454048535;0,00052212415653341;0,00035998710655660293;0,04123856644016404;0,041238566440164034;0,04123856644016404;0,9803725745883745;-0,3993039028640132;0,9812471908471341;-0,39036877255287766;4,123856644016404e-06
220;-0,6360370547581523;-0,292074786582337;0,6361861556584741;0,29217758665588317;0,0001491009003218302;0,00010280007354618315;0,041227862735979656;0,04122786273597965;0,041227862735979656;0,9801227482615976;-0,40185732159866133;0,9803725745883745;-0,3993039028640132;4,122786273597966e-06
221;-0,6345582172515698;-0,2911241542013018;0,6359370424441295;0,29207480795923624;0,0013788251925597184;0,0009506537579344609;0,04122250952578081;0,04122250952578081;0,04122250952578081;0,9778122231319933;-0,42552713763555516;0,9801227482615976;-0,40185732159866133;4,122250952578081e-06
222;-0,634346437690505;-0,29104711564259395;0,6344582052202639;0,291124175608392;0,00011176752975883275;7,705996579804308e-05;0,041217142811094565;0,041217142811094565;0,041217142811094565;0,9776249130156737;-0,42745030871410983;0,9778122231319933;-0,42552713763555516;4,1217142811094564e-06
223;-0,6337808307613684;-0,29072612446791257;0,634246432992706;0,29104712403646454;0,00046560223133762513;0,00032099956855197176;0,041211775205866476;0,041211775205866476;0,041211775205866476;0,97684452708132;-0,4354668062354222;0,9776249130156737;-0,42745030871410983;4,121177520586648e-06
224;-1,5209319975957567;-0,7513852157652313;1,5220282797134517;0,7521410655426846;0,0010962821176949689;0,0007558497774532436;0,09999006415277141;0,09999006415277138;0,09999006415277141;0,9795212843365134;-0,41354513050779773;0,9802821211633409;-0,407062344437947;9,99900641527714e-06
225;2,2880843202647614;1,1305514737460265;-2,279745841921699;-1,124802597095842;0,008338478343062228;0,005748876650184531;0,1473996917361169;0,14739969173611692;0,14739969173611692;0,9996528819739122;-0,24314384902770378;0,995727390916701;-0,27605619224600036;1,4739969173611693e-05
226;0,0;0,0;0,0;0,0;0,0;0,0;;;;;;;;
227;0,0;0,0;0,0;0,0;0,0;0,0;;;;;;;;
228;-0,18925840266455077;-0,09304067668927322;0,1893424275595136;0,09309860980762986;8,402489496284193e-05;5,7933118356640056e-05;0,01219828962524401;0,01219828962524401;0,01219828962524401;0,998159458247933;-0,20287734345838115;0,998637329563918;-0,19882564786065363;1,219828962524401e-06
229;0,3481914472053956;0,1691320021554591;-0,34808703686816017;-0,16906001991000433;0,00010441033723540549;7,198224545476584e-05;0,022385922548951595;0,022385922548951595;0,022385922548951595;0,9983492287510478;-0,25470052108855334;0,9980258968586225;-0,2575327035630278;2,2385922548951594e-06
230;-0,059999950493243165;-0,028999997699353283;0,06000329094323749;0,02900281761914175;3,340449994324035e-06;2,8199197884652694e-06;0,003904731803768246;0,003904731803768245;0,003904731803768246;0,9853448532252291;-0,3126737744815605;0,9854074674368534;-0,3117407665887519;3,904731803768246e-07
231;0,22513368168904893;0,10902886663212372;-0,22510411273386705;-0,10900390319670492;2,9568955181885626e-05;2,4963435418801083e-05;0,014521551123242753;0,014521551123242752;0,014521551123242753;0,9945302751631102;-0,23862386211475997;0,9943812102709524;-0,24081835834639148;1,4521551123242752e-06
232;0,2074457524803453;0,10216986993983972;-0,20734239072567778;-0,10209860185467001;0,00010336175466751918;7,126808516970395e-05;0,013361744353160685;0,013361744353160683;0,013361744353160685;0,9991740457927649;-0,1942974026950588;0,998637329563918;-0,19882564786065363;1,3361744353160686e-06
233;0,3091332721912847;0,14909187849072794;-0,30909317030670314;-0,14906423378731423;4,010188458158925e-05;2,7644703413709504e-05;0,020156903423887068;0,02015690342388707;0,02015690342388707;0,9830441615688356;-0,3572186798867138;0,9829063054476397;-0,35846750014530904;2,015690342388707e-06
234;-0,3161401378383969;-0,15302770008711317;0,31618183721156606;0,15305644603797866;4,1699373169168386e-05;2,874595086549414e-05;0,020554465459983982;0,02055446545998399;0,02055446545998399;0,9865611260172507;-0,2810600507920671;0,9867017326338077;-0,2798031484409672;2,055446545998399e-06
235;0,32115265960931905;0,1551052539119755;-0,32106606525594045;-0,15504555000759407;8,659435337859955e-05;5,9703904381425144e-05;0,020946150334968956;0,020946150334968952;0,020946150334968956;0,9830441615688356;-0,3572186798867138;0,9827576626467117;-0,3598062928990404;2,0946150334968954e-06
236;0,12200682962825854;0,059004754673974855;-0,12199991131918678;-0,058999984731742075;6,918309071762829e-06;4,7699422327796e-06;0,007943203004999351;0,00794320300499935;0,007943203004999351;0,9850664183222072;-0,31600979769006965;0,9850060542189553;-0,3165518440740737;7,943203004999352e-07
237;0,18406730210484928;0,09004640821999046;-0,1840117855635226;-0,09000813142542324;5,551654132668338e-05;3,827679456722133e-05;0,011859206531976132;0,011859206531976137;0,011859206531976137;0,9975901779211692;-0,26143679851605395;0,9972655108559955;-0,26423015531345945;1,1859206531976139e-06
238;0,11911331095138171;0,05700918106802614;-0,11910563120913668;-0,057003886143140364;7,679742245025878e-06;5,294924885775043e-06;0,007639736522798608;0,0076397365227986085;0,0076397365227986085;0,9979520431252429;-0,25821536348359775;0,9978824179222171;-0,25884915038893663;7,639736522798608e-07
239;-0,36504026048660027;-0,17702776725695615;0,36520675729386803;0,1771425640805922;0,0001664968072677686;0,0001147968236360486;0,02349836747228767;0,023498367472287677;0,023498367472287677;0,9967991412607821;-0,2683721093333474;0,9972902984264013;-0,2640469762866371;2,3498367472287674e-06
240;2,0800312908435736;1,0068552675164562;-2,07836610424339;-1,0057072695449099;0,0016651866001837767;0,0011479979715462996;0,13365961312574165;0,13365961312574162;0,13365961312574165;0,9982090437405288;-0,20282258162087496;0,9973455720257091;-0,21046037994079264;1,3365961312574164e-05
241;1,4470800694084158;0,6998515883459627;-1,4453775192534446;-0,6986777370763247;0,0017025501549712274;0,0011738512696379821;0,09287725829846312;0,09287725829846312;0,09287725829846312;0,9992224983092799;-0,24695570566331554;0,9979520431252429;-0,25821536348359775;9,287725829846313e-06
242;0,0;0,0;0,0;0,0;0,0;0,0;;;;;;;;
243;0,2710931705083873;0,13106423381754226;-0,27102113092699476;-0,13101456817596732;7,203958139256894e-05;4,966564157493636e-05;0,0176871345614047;0,017687134561404704;0,017687134561404704;0,9829063054476397;-0,35846750014530904;0,9826240309746815;-0,36100994169367867;1,7687134561404705e-06
244;0,0;0,0;0,0;0,0;0,0;0,0;;;;;;;;
245;0,0;0,0;0,0;0,0;0,0;0,0;;;;;;;;
246;2,2027458409938103;1,0878026098398919;-2,1949583452785566;-1,082433602397655;0,007787495715253723;0,005369007442236784;0,1424465984759661;0,1424465984759661;0,1424465984759661;0,995727390916701;-0,27605619224600036;0,9919339220518114;-0,30803081863626397;1,4244659847596611e-05
247;-0,26600748432983623;-0,1290054510390673;0,2660275599909316;0,12901928960156991;2,0075661095353414e-05;1,3838562502616059e-05;0,017184794680658796;0,0171847946806588;0,0171847946806588;0,9932456564802243;-0,24686354653503845;0,993326631437194;-0,2461482194085455;1,71847946806588e-06
248;-0,9076070393892074;-0,43941852719522534;0,9080439134720344;0,43971975514955164;0,000436874082826999;0,0003012279543262997;0,05886238003096797;0,05886238003096797;0,05886238003096797;0,9890715052731431;-0,09685609524892093;0,9895859411455845;-0,09227037159551352;5,886238003096797e-06
249;0,0771056337925284;0,03700388654536732;-0,07709999527661707;-0,0369999992308542;5,6385159113298e-06;3,887314513117968e-06;0,004948280323792179;0,004948280323792179;0,004948280323792179;0,9978824179222171;-0,25884915038893663;0,9978034821051008;-0,2595626998256819;4,94828032379218e-07
250;2,0819922461302607;1,0081384190404687;-2,0801312940000054;-1,0068552625313012;0,0018609521302552778;0,001283156509167549;0,13366481920318016;0,13366481920318016;0,13366481920318016;0,9991740457927649;-0,1942974026950588;0,9982090437405288;-0,20282258162087496;1,3366481920318015e-05
251;0,0;0,0;0,0;0,0;0,0;0,0;;;;;;;;
252;0,0;0,0;0,0;0,0;0,0;0,0;;;;;;;;
253;0,05600232330849041;0,027001601843254036;-0,05600000000029649;-0,027000000000121708;2,3233081939202926e-06;1,6018431323282234e-06;0,0036390590491671765;0,003639059049167175;0,0036390590491671765;0,9863805450420075;-0,25051726707521843;0,9863363053405434;-0,2509171172633606;3,6390590491671766e-07
254;-0,10299998662903433;-0,049999997649160695;0,1030152785255986;0,05001054043408347;1,529189656426788e-05;1,0542784922774884e-05;0,006707117717118401;0,006707117717118401;0,006707117717118401;0,9855715900985554;-0,27666541174508763;0,9857296400832697;-0,2752612719194786;6,707117717118402e-07
255;0,23604356149984845;0,11403003193956199;-0,2360166166172887;-0,1140114555562235;2,6944882559748473e-05;1,857638333849221e-05;0,01529766108263016;0,01529766108263016;0,01529766108263016;0,9893593267667737;-0,22390524181646684;0,9892372622310841;-0,224999533709868;1,5297661082630158e-06
256;0,2440660656642034;0,1180455500753647;-0,24401599630282778;-0,11801102892880751;5,0069361375637556e-05;3,452114655719263e-05;0,015927420847118415;0,01592742084711841;0,015927420847118415;0,9827576626467117;-0,3598062928990404;0,9825397900533207;-0,36176715735151804;1,5927420847118414e-06
257;0,19405173888187405;0,09403567279653147;-0,19399999563027656;-0,09399999924156216;5,174325159748583e-05;3,5673554969306576e-05;0,012755964395728521;0,012755964395728523;0,012755964395728523;0,9759933921914822;-0,44315982569220225;0,9757122271928993;-0,4456949487355076;1,2755964395728522e-06
258;0,2260870443192854;0,11006002119619926;-0,2260127993505426;-0,11000883177862567;7,424496874278153e-05;5,1189417573593854e-05;0,014546355837288697;0,014546355837288692;0,014546355837288697;0,9980258968586225;-0,2575327035630278;0,9976720158951351;-0,2606164592481654;1,4546355837288698e-06
259;0,321338347035529;0,1551643327110409;-0,3211588642404263;-0,15504058991441727;0,00017948279510271448;0,00012374279662363818;0,02103285383181167;0,02103285383181167;0,02103285383181167;0,9795212843365134;-0,41354513050779773;0,9789299250558576;-0,4189092231229634;2,103285383181167e-06
260;-0,37712017561460875;-0,18301703388608773;0,37716703058396633;0,18305658169019745;4,685496935757927e-05;3,954780410972414e-05;0,02437372510379734;0,02437372510379734;0,02437372510379734;0,9929370390656558;-0,08150794955023861;0,9930777902008874;-0,0794412634522522;2,4373725103797344e-06
261;0,0;0,0;0,0;0,0;0,0;0,0;;;;;;;;
262;0,16801064674214944;0,0820075155911328;-0,16800286092426064;-0,08200214753064583;7,785817888794622e-06;5,368060486968251e-06;0,010878579188579308;0,010878579188579308;0,010878579188579308;0,9922206093319702;-0,2554470793303839;0,9921709789949569;-0,25587886775286234;1,0878579188579309e-06
263;0,27528651647464586;0,13212860281056268;-0,2752352234287199;-0,1320932411994738;5,129304592593753e-05;3,536161108888547e-05;0,017658731143991496;0,017658731143991496;0,017658731143991496;0,9983492287510478;-0,25470052108855334;0,9981480128822513;-0,25651812725298484;1,7658731143991494e-06
264;0,48640265359301643;0,23527760428718789;-0,4861901728585431;-0,23513111648925283;0,00021248073447333038;0,00014648779793505207;0,03193471370463387;0,03193471370463387;0,03193471370463387;0,97684452708132;-0,4354668062354222;0,9763833943053565;-0,4396412123908041;3,193471370463387e-06
265;0,2751352234327127;0,13209324120118168;-0,27506687932293844;-0,13204612022809523;6,834410977424321e-05;4,712097308645635e-05;0,017653516573117506;0,017653516573117506;0,017653516573117506;0,9981480128822513;-0,25651812725298484;0,9978798182374029;-0,2589403495180288;1,7653516573117506e-06
266;-0,1540077416843194;-0,07400534230413572;0,15408256800320286;0,074056932543147;7,482631888344748e-05;5,159023901128712e-05;0,009873561876707257;0,009873561876707257;0,009873561876707257;0,9991278464383736;-0,24786659486816384;0,9996528819739122;-0,24314384902770378;9,873561876707256e-07
267;1,7169257382550578;0,8470698141221003;-1,7141472045078057;-0,8451541082279624;0,002778533747252121;0,0019157058941378091;0,1125611501690033;0,11256115016900328;0,1125611501690033;0,9819949247580269;-0,3924131515706586;0,9802821211633409;-0,407062344437947;1,125611501690033e-05
268;-0,19409996664950838;-0,09399999421839325;0,1941401587896826;0,09402770370387556;4,0192140174227786e-05;2,7709485482307894e-05;0,012623779936653812;0,01262377993665381;0,012623779936653812;0,9863404488518419;-0,28303105013628177;0,9865611260172507;-0,2810600507920671;1,262377993665381e-06
269;0,19402804922621913;0,09401935208581053;-0,19399997462302118;-0,0939999955878464;2,8074603197952852e-05;1,9356497964126418e-05;0,01265005762977912;0,012650057629779119;0,01265005762977912;0,9840346656005884;-0,2998898107456009;0,9838808336959983;-0,30126570506134004;1,265005762977912e-06
270;-0,23122384354861697;-0,11201644035538072;0,23127098567105736;0,1120489421510125;4,7142122440391176e-05;3,25017956317869e-05;0,015003242171437782;0,01500324217143778;0,015003242171437782;0,9887037651253021;-0,10074768211442793;0,988921556788923;-0,09880865914673449;1,500324217143778e-06
271;-0,34713338846753106;-0,16802885225600006;0,3472981101345209;0,16816791980906937;0,00016472166698983104;0,0001390675530693053;0,022388673796149946;0,022388673796149946;0,022388673796149946;0,9945302751631102;-0,23862386211475997;0,9950688736235227;-0,23069378474409477;2,2388673796149944e-06
272;0,0;0,0;0,0;0,0;0,0;0,0;;;;;;;;
273;0,2231343035714715;0,10809259650586264;-0,22305181087079784;-0,10803572277648395;8,249270067364756e-05;5,687372937869528e-05;0,014660910200302312;0,01466091020030231;0,014660910200302312;0,9763833943053565;-0,4396412123908041;0,9759933921914822;-0,44315982569220225;1,4660910200302313e-06
274;0,0;0,0;0,0;0,0;0,0;0,0;;;;;;;;
275;0,1867968909460518;0,0900668052475607;-0,18676082134154065;-0,09004193353898982;3,6069604511163034e-05;2,487170857087828e-05;0,012011835388992887;0,012011835388992887;0,012011835388992887;0,9967586687193979;-0,028629666415025713;0,9965505845386428;-0,03049165873193957;1,2011835388992888e-06
276;0,27108979044798315;0,13106550582584175;-0,2710231916602883;-0,13101958819383328;6,659878769482708e-05;4,591763200847976e-05;0,017426647479770383;0,017426647479770387;0,017426647479770387;0,9975901779211692;-0,26143679851605395;0,9973253168387348;-0,26378757077645604;1,7426647479770387e-06
277;9,99999985000103e-05;9,652373807616867e-12;-9,999999152440005e-05;-4,843270588071694e-12;6,975610247848124e-12;4,809103219545173e-12;5,7862121237678775e-06;5,7862121237678775e-06;5,7862121237678775e-06;0,9978034821051008;-0,2595626998256819;0,9978034125022145;-0,25956545523870694;5,786212123767877e-10
278;0,0;0,0;0,0;0,0;0,0;0,0;;;;;;;;
279;-0,17300806851022565;-0,08400556535976915;0,1730433367483248;0,08402988029739498;3,526823809915647e-05;2,4314937625835586e-05;0,011342418773293077;0,011342418773293077;0,011342418773293077;0,9789677519456451;-0,41850396907376963;0,9791833043176335;-0,4165775032952288;1,1342418773293076e-06
280;-0,10499999763523418;-0,05099999958381471;0,10501360371457048;0,05100938051949938;1,3606079336300758e-05;9,38093568467191e-06;0,006908368694658221;0,006908368694658221;0,006908368694658221;0,9755466656116709;-0,44720042577411095;0,9756832012785993;-0,44597660431728897;6,908368694658221e-07
281;0,1816607983947782;0,08804191771723785;-0,18164069963415141;-0,0880280603234778;2,0098760626779955e-05;1,3857393760044467e-05;0,01169538764610229;0,011695387646102295;0,011695387646102295;0,9965505845386428;-0,03049165873193957;0,9964314645970346;-0,031543179026736805;1,1695387646102296e-06
282;0,17924042636755436;0,08702787094449294;-0,1792243586101507;-0,08701679414182621;1,6067757403648297e-05;1,1076802666723506e-05;0,011541173478732744;0,011541173478732744;0,011541173478732744;0,9967586687193979;-0,028629666415025713;0,9966621593077892;-0,02947699516475324;1,1541173478732745e-06
283;-0,09800004969751502;-0,047000035420476205;0,09801772821078265;0,047012223735340766;1,7678513267629925e-05;1,218831486456129e-05;0,006429521178727325;0,006429521178727326;0,006429521178727326;0,9759803720696325;-0,4433308063248159;0,9761708381507229;-0,4415677794747375;6,429521178727325e-07
284;0,19014290155068683;0,09109852227057683;-0,1901229667790414;-0,09108477791365575;1,9934771645441218e-05;1,374435692107212e-05;0,012308657623029929;0,01230865762302993;0,01230865762302993;0,9889640558537743;-0,09839290352605508;0,988851873098758;-0,09942074157104593;1,230865762302993e-06
285;0,1740326207888178;0,08502490084630396;-0,17401878314345606;-0,08501321597622721;1,3837645361725048e-05;1,168487007674468e-05;0,011239954526473082;0,011239954526473087;0,011239954526473087;0,9949161459043174;-0,23194211950408788;0,9948259350570374;-0,23325106514364663;1,1239954526473087e-06
286;-0,2429999850873978;-0,1179999973802178;0,2430402679751352;0,118027768548492;4,02828877373862e-05;2,7771168274196012e-05;0,01564914258972246;0,015649142589722456;0,01564914258972246;0,9966206969815333;-0,2699382415300865;0,9967991412607821;-0,2683721093333474;1,564914258972246e-06
287;-0,45304659297889227;-0,22003212447128406;0,45331754794409646;0,22021894765875674;0,00027095496520418427;0,0001868231874726789;0,029497774602507177;0,029497774602507174;0,029497774602507177;0,9857815709179915;-0,25561468984460683;0,9864183692694215;-0,24996684931526184;2,9497774602507176e-06
288;0,17203224867332687;0,08202223232146047;-0,1720103649691825;-0,08200714613833159;2,1883704144354255e-05;1,5086183128884545e-05;0,011133367795621874;0,01113336779562187;0,011133367795621874;0,9883303323512576;-0,10421327729381182;0,9881942268848658;-0,10547594497306784;1,1133367795621875e-06
289;0,17002002941982447;0,08201381144421176;-0,1700102581694926;-0,08200707265087945;9,771250331858106e-06;6,738793332308757e-06;0,011048963270531845;0,011048963270531844;0,011048963270531845;0,9863805450420075;-0,25051726707521843;0,9863192585131679;-0,2510709987522348;1,1048963270531845e-06
290;-0,3682981661382528;-0,1781678248449208;0,3684340995812424;0,17826154639795333;0,00013593344298962196;9,37215530325275e-05;0,02373818445267906;0,023738184452679063;0,023738184452679063;0,9950688736235227;-0,23069378474409477;0,9954657573782576;-0,22717006535371057;2,3738184452679063e-06
291;0,10502147084642906;0,05101480415094159;-0,10499999763185089;-0,05099999958314354;2,1473214578168753e-05;1,4804567798051838e-05;0,006911066000445973;0,006911066000445971;0,006911066000445973;0,9753813173694923;-0,44870563717289724;0,9751659214746827;-0,45063670689910895;6,911066000445973e-07
292;0,10513301043300029;0,051022760312423907;-0,1051214708433815;-0,051014804152139555;1,1539589618789203e-05;7,956160284351699e-06;0,006916390788996832;0,006916390788996832;0,006916390788996832;0,9754969756629591;-0,4476663841933738;0,9753813173694923;-0,44870563717289724;6,916390788996832e-07
293;0,14902113157329003;0,07201456828717195;-0,1490076497838203;-0,07200527402321932;1,348178946972145e-05;9,294263952630555e-06;0,009724671217427124;0,009724671217427126;0,009724671217427126;0,9826240309746815;-0,36100994169367867;0,9825279548550718;-0,361876272365628;9,724671217427126e-07
294;-0,11801772776670713;-0,05701222364318502;0,1180236588147616;0,057016312280567236;5,931048054463872e-06;4,088637382215765e-06;0,007751881854388474;0,007751881854388476;0,007751881854388476;0,9761708381507229;-0,4415677794747375;0,9762238598518362;-0,4410862228981566;7,751881854388476e-07
295;-0,19412463180029663;-0,0940171881442695;0,19415054973556375;0,09403505606243655;2,5917935267127934e-05;1,7867918167047137e-05;0,012552506360681287;0,012552506360681287;0,012552506360681287;0,9920774982594656;-0,25671768945225576;0,9922206093319702;-0,2554470793303839;1,2552506360681287e-06
296;-0,193999600020679;-0,09399993016286523;0,19402463202006345;0,09401718807338424;2,5031999384445003e-05;1,725791051901404e-05;0,012547268961521894;0,012547268961521895;0,012547268961521895;0,9919392160081055;-0,2579442946114297;0,9920774982594656;-0,25671768945225576;1,2547268961521896e-06
297;0,1550166166175296;0,07501145555610061;-0,15499999999998446;-0,07499999999995968;1,661661754515098e-05;1,145555614093241e-05;0,010050821537983977;0,010050821537983978;0,010050821537983978;0,9892372622310841;-0,224999533709868;0,989122679218993;-0,22602236206172763;1,0050821537983979e-06
298;0,1540200877163924;0,0740161764020769;-0,15400505830635378;-0,07400348725228686;1,502941003861391e-05;1,2689149790037768e-05;0,009899537763468077;0,009899537763468077;0,009899537763468077;0,9965984517734648;-0,029857043559150788;0,9964873939673231;-0,03150928422605577;9,899537763468078e-07
299;0,15229719269081574;0,0740670196451045;-0,1522176371797932;-0,07401216878661562;7,955551102253877e-05;5,485085848887239e-05;0,009901818398397313;0,009901818398397315;0,009901818398397315;0,9874536101572389;-0,2599082933626084;0,9868965867210332;-0,26482788029812465;9,901818398397315e-07
300;0,12601260817241702;0,061008691557008214;-0,12600000000003111;-0,06099999999996662;1,260817238590839e-05;8,69155704159158e-06;0,008176053253565673;0,008176053253565675;0,008176053253565675;0,988638253345115;-0,2303194404340709;0,9885313738489038;-0,23127257423184913;8,176053253565674e-07
301;0,20218114599394763;0,09805594396361308;-0,20217560700136905;-0,09805212675450697;5,538992578574264e-06;3,817209106110608e-06;0,012973329557611789;0,01297332955761179;0,01297332955761179;0,9999999999891082;5,091325159900297e-19;0,9999704076982809;-0,0002594519963397322;1,297332955761179e-06
302;0,2020756070022383;0,09805212675477819;-0,20200000000005308;-0,0980000000000353;7,560700218522953e-05;5,2126754742892745e-05;0,012968134847833025;0,012968134847833023;0,012968134847833025;0,9999704076982809;-0,0002594519963397322;0,9995662596897965;-0,0038044717462502146;1,2968134847833024e-06
303;0,0;0,0;0,0;0,0;0,0;0,0;;;;;;;;
304;0,14921362416205405;0,07201171762909558;-0,14920009666629067;-0,0720002977382482;1,3527495763387964e-05;1,1419890847380598e-05;0,009614510497398011;0,009614510497398011;0,009614510497398011;0,9949161459043174;-0,23194211950408788;0,9948131819694352;-0,23346568667667786;9,614510497398011e-07
305;0,0;0,0;0,0;0,0;0,0;0,0;;;;;;;;
306;-0,3894340553764135;-0,18826153887240993;0,38963762991517586;0,18840189994838463;0,0002035745387623522;0,00014036107597470426;0,02508715647553989;0,02508715647553989;0,02508715647553989;0,9954657573782576;-0,22717006535371057;0,9960281526162645;-0,22217029951291878;2,508715647553989e-06
307;-0,393127923374767;-0,19008819900606055;0,3931718611495088;0,19011849262913838;4,3937774741820146e-05;3,0293623077826126e-05;0,02584277139328095;0,025842771393280946;0,02584277139328095;0,9755653676011333;-0,4470453351082946;0,9756832012785993;-0,44597660431728897;2,584277139328095e-06
308;-0,1920016071129491;-0,09300111092326831;0,19201892174108445;0,09301304877905522;1,7314628135339794e-05;1,1937855786917084e-05;0,012566150776161855;0,01256615077616185;0,012566150776161855;0,9801866159058475;-0,40792056514501923;0,9802821211633409;-0,407062344437947;1,2566150776161855e-06
309;0,060002972208764105;0,028002187622832478;-0,06000087862608956;-0,02800074431962503;2,0935826745421826e-06;1,4433032074490093e-06;0,003832182775049779;0,003832182775049778;0,003832182775049779;0,9975901779211692;-0,26143679851605395;0,9975523999742414;-0,26180241968040613;3,8321827750497787e-07
310;0,14201890010107876;0,06901318586274423;-0,14200564144326866;-0,06900404361133004;1,325865781010016e-05;9,142251414184788e-06;0,009163733883327927;0,009163733883327925;0,009163733883327927;0,9948259350570374;-0,23325106514364663;0,9947256267400162;-0,2341321176956983;9,163733883327926e-07
311;-0,38802730052296897;-0,18801924452248034;0,38823390619056786;0,18816169220574963;0,00020660566759889143;0,00014244768326929225;0,025061448579264747;0,025061448579264747;0,025061448579264747;0,993326631437194;-0,2461482194085455;0,9938980631451552;-0,24108842163985386;2,506144857926475e-06
312;0,13901025816948664;0,06700707265120266;-0,1390000577702518;-0,06700003983454758;1,0200399234855384e-05;7,032816655080931e-06;0,009033087298678565;0,009033087298678565;0,009033087298678565;0,9863192585131679;-0,2510709987522348;0,9862410114023328;-0,2517787403989322;9,033087298678564e-07
313;0,1601181448274215;0,07801250894394249;-0,1601126891867585;-0,0780087474403563;5,455640663010186e-06;3,761503586191539e-06;0,01040107899399897;0,010401078993998973;0,010401078993998973;0,9886746227369713;-0,2300003357222201;0,988638253345115;-0,2303194404340709;1,0401078993998971e-06
314;0,13211571033740294;0,06401097158455248;-0,1320997284979434;-0,06399995264188818;1,5981839459527913e-05;1,1018942664295373e-05;0,008536779540468125;0,008536779540468123;0,008536779540468125;0,992861675362039;-0,24976098462396937;0,992731911147776;-0,25091163133990774;8,536779540468126e-07
315;0,12200764992740991;0,059005274047644087;-0,12199999935323458;-0,05899999988907309;7,650574175330216e-06;5,274158570996168e-06;0,007963781779912416;0,007963781779912414;0,007963781779912416;0,9825279548550718;-0,361876272365628;0,9824613761028874;-0,362475438195013;7,963781779912416e-07
316;0,1311175587146665;0,06401211322097478;-0,1311023780194539;-0,06400164739395134;1,5180695212585471e-05;1,0465827023437013e-05;0,008535895272306073;0,008535895272306075;0,008535895272306075;0,9868965867210332;-0,26482788029812465;0,9867732607580029;-0,26590588952709976;8,535895272306075e-07
317;0,13100237803942105;0,0640016473815382;-0,13099998312007574;-0,06399999691752267;2,3949193453109974e-06;1,650464015526265e-06;0,008530637841888379;0,008530637841888377;0,008530637841888379;0,9867732607580029;-0,26590588952709976;0,9867537937923793;-0,26607552271626617;8,530637841888379e-07
318;0,1520332930273869;0,07302295458179092;-0,15201043615622015;-0,07300719503381665;2,285687116676538e-05;1,5759547974267263e-05;0,009846723673949261;0,009846723673949263;0,009846723673949263;0,988921556788923;-0,09880865914673449;0,988760743953952;-0,10027299033612876;9,846723673949263e-07
319;0,1291225360947832;0,06301553773625658;-0,1291076478052201;-0,06300527346180766;1,488828956308641e-05;1,0264274448917865e-05;0,008323078437039924;0,008323078437039923;0,008323078437039924;0,9966621593077892;-0,02947699516475324;0,996538118695752;-0,030551669890774926;8,323078437039925e-07
320;0,12843701004768884;0,06202551641225015;-0,12842570205699222;-0,06201772027081134;1,1307990696624026e-05;7,796141438816406e-06;0,00826422051264159;0,008264220512641592;0,008264220512641592;0,9964314645970346;-0,031543179026736805;0,996336641229571;-0,0323879961388162;8,264220512641591e-07
321;-0,040100586222836715;-0,019000404218527066;0,040102041725287634;0,019001407805266057;1,4555024509185777e-06;1,0035867389901476e-06;0,0025892057145765327;0,002589205714576533;0,002589205714576533;0,9894723336374772;-0,093884422156142;0,9895112453024679;-0,09351811548833437;2,5892057145765333e-07
322;0,12602310917311393;0,061015933000338335;-0,12599999999997374;-0,06099999999997901;2,310917314019001e-05;1,5933000359326377e-05;0,008115455413261592;0,008115455413261592;0,008115455413261592;0,9961100724646383;-0,034120015316131395;0,9959127053053629;-0,035867745687001726;8,115455413261593e-07
323;0,12601203688126272;0,061010404080886996;-0,12599969624338972;-0,06099998534563356;1,234063787300399e-05;1,0418735253432676e-05;0,008130985254549467;0,008130985254549469;0,008130985254549469;0,9941196734793248;-0,24365090525540772;0,9940085670861812;-0,24528793955832437;8,130985254549468e-07
324;0,12601122907325682;0,06100774308070145;-0,12599999999994208;-0,06100000000010389;1,1229073314744653e-05;7,743080597560903e-06;0,008181402326700607;0,008181402326700603;0,008181402326700607;0,9879801967444973;-0,10660987156157924;0,9878850633015288;-0,10745957728585401;8,181402326700605e-07
325;0,05900327409875674;0,029002257305935288;-0,05899999999991543;-0,028999999999834367;3,2740988413076932e-06;2,2573061009209527e-06;0,0038164308641347004;0,0038164308641347004;0,0038164308641347004;0,994604322801842;-0,059028966711565926;0,9945448079984653;-0,059535771953434576;3,8164308641347e-07
326;0,1980668840401613;0,09504612101108156;-0,19802082341123511;-0,09501436375119264;4,606062892617557e-05;3,1757259888923195e-05;0,01271083086387294;0,012710830863872936;0,01271083086387294;0,9978798182374029;-0,2589403495180288;0,997628789614406;-0,2612109172757351;1,271083086387294e-06
327;0,038000879684150744;0,01800074474700294;-0,03799999733484467;-0,01799999992052468;8,823493060708398e-07;7,448264782612679e-07;0,002433639743985324;0,0024336397439853243;0,0024336397439853243;0,9975523999742414;-0,26180241968040613;0,9975259180325474;-0,26220494160146657;2,4336397439853244e-07
328;-0,07699999530112443;-0,03699999922535712;0,07700774637921343;0,03700534308183585;7,75107808899389e-06;5,34385647872615e-06;0,00493704966547606;0,004937049665476061;0,004937049665476061;0,9990190800071054;-0,24884539237886377;0,9991278464383736;-0,24786659486816384;4,937049665476061e-07
329;0,12201032197958156;0,059007140289936505;-0,12199995306368923;-0,058999991921876514;1,036891589233091e-05;7,148368059990695e-06;0,007939568966839486;0,007939568966839488;0,007939568966839488;0,9855477105728286;-0,30722133475497326;0,9854571996213543;-0,30803346189073433;7,939568966839488e-07
330;0,11500746745825051;0,056005149119170795;-0,11499999999985969;-0,05600000000013473;7,467458390822412e-06;5,149119036068628e-06;0,007411068504911783;0,007411068504911785;0,007411068504911785;0,996538118695752;-0,030551669890774926;0,9964682538948828;-0,031160868982721177;7,411068504911785e-07
331;0,12201599695013843;0,05901102904019901;-0,12199999935294344;-0,05899999988909372;1,599759719499161e-05;1,102915110529068e-05;0,007964274636952602;0,0079642746369526;0,007964274636952602;0,9825397900533207;-0,36176715735151804;0,9824005779709031;-0,36302021209901164;7,964274636952602e-07
332;1,8062953441938479;0,8913930347627776;-1,8029257394719012;-0,8890698052417637;0,003369604721946695;0,0023232295210139364;0,11818811896095142;0,11818811896095144;0,11818811896095144;0,9839732189050661;-0,3755348954423277;0,9819949247580269;-0,3924131515706586;1,1818811896095145e-05
333;0,10932540911351904;0,05301751829545601;-0,10931584217257015;-0,053010922712818306;9,566940948890768e-06;6,5955826377070426e-06;0,007040753562690007;0,007040753562690006;0,007040753562690007;0,996336641229571;-0,0323879961388162;0,9962424539870218;-0,03321803759451367;7,040753562690006e-07
334;0,19402319476144492;0,0940195903974902;-0,19399998648407982;-0,09399999935868343;2,3208277365099894e-05;1,9591038806762717e-05;0,012481232350825293;0,01248123235082529;0,012481232350825293;0,9973253168387348;-0,26378757077645604;0,9971891884109306;-0,26578348192906426;1,2481232350825292e-06
335;-0,021100000022795194;-0,010000000015618578;0,021100586223063288;0,01000040421869152;5,862002680941114e-07;4,0420307294286584e-07;0,0013624817575482707;0,001362481757548271;0,001362481757548271;0,9894425513406624;-0,09416465368852704;0,9894723336374772;-0,093884422156142;1,362481757548271e-07
336;-0,18603224867337587;-0,08902223232156474;0,1861229667788291;0,08908477791370886;9,071810545324688e-05;6,254559214412259e-05;0,012047585820688444;0,012047585820688444;0,012047585820688444;0,9883303323512576;-0,10421327729381182;0,988851873098758;-0,09942074157104593;1,2047585820688445e-06
337;0,10310440646967005;0,05000391717622946;-0,10309975192673822;-0,049999987706176585;4,654542931831207e-06;3,929470052871364e-06;0,0066532505985224385;0,006653250598522439;0,006653250598522439;0,9943812102709524;-0,24081835834639148;0,9943299882971202;-0,24157065335482658;6,65325059852244e-07
338;0,10100462851069887;0,04900319163067806;-0,10100000000003741;-0,048999999999931605;4,62851066146408e-06;3,1916307464546767e-06;0,006562921597747402;0,006562921597747402;0,006562921597747402;0,9876052585000487;-0,2395238185489524;0,9875563689079639;-0,2399582560114577;6,562921597747403e-07
339;0,10100071066800428;0,0490004902070915;-0,10100000000248094;-0,04900000000350056;7,106655233457548e-07;4,902035909346014e-07;0,006574787440522366;0,006574787440522367;0,006574787440522367;0,9857815709179915;-0,25561468984460683;0,9857740773138989;-0,2556814690276081;6,574787440522368e-07
340;0,0;0,0;0,0;0,0;0,0;0,0;;;;;;;;
341;0,09921576713378188;0,04801087097362913;-0,09920749002058449;-0,04800516439248061;8,27711319739688e-06;5,706581148519352e-06;0,006387651838824492;0,006387651838824492;0,006387651838824492;0,9962424539870218;-0,03321803759451367;0,9961526442488159;-0,034014157192499415;6,387651838824492e-07
342;-1,187553911180699;-0,5866766564248015;1,1885014755346126;0,5873299394718206;0,0009475643539136325;0,0006532830470190598;0,07719795488516604;0,07719795488516601;0,07719795488516604;0,990619835830599;-0,26647518193802544;0,9914716085224744;-0,25930025070309576;7,719795488516603e-06
343;0,10401280681577435;0,05100883306155034;-0,10399999366464113;-0,05099999882328609;1,281315113321746e-05;8,83423826424784e-06;0,006704045951031262;0,006704045951031265;0,006704045951031265;0,9976720158951351;-0,2606164592481654;0,9975394431045397;-0,2617491998707072;6,704045951031265e-07
344;-1,1936006823533207;-0,5893310240619578;1,1973562384638303;0,5919202919880096;0,0037555561105095947;0,0025892679260517415;0,0775157887045955;0,0775157887045955;0,0775157887045955;0,9914716085224744;-0,25930025070309576;0,9948336642601854;-0,23102987276239056;7,75157887045955e-06
345;-0,07699999768978665;-0,03699999961898438;0,07700807136780899;0,03700556588681338;8,073678022343933e-06;5,56626782899361e-06;0,005038742362790846;0,005038742362790846;0,005038742362790846;0,9788567451517293;-0,4195234995495265;0,9789677519456451;-0,41850396907376963;5,038742362790845e-07
346;0,04900310551007735;0,02400219169429397;-0,048999899451864816;-0,023999981328877255;3,2060582125306714e-06;2,210365416713267e-06;0,0031752077199087006;0,0031752077199087006;0,0031752077199087006;0,9921709789949569;-0,25587886775286234;0,9921009466715099;-0,2564824316458989;3,1752077199087004e-07
347;-9,999999994550086e-05;-5,035076744361678e-14;0,00010000002260749058;1,567451893586035e-11;2,2661989716428813e-11;1,5624168168416734e-11;5,835107848674486e-06;5,835107848674485e-06;5,835107848674486e-06;0,9894423271133315;-0,09417360567544124;0,9894425513406624;-0,09416465368852704;5,835107848674486e-10
348;0,0;0,0;0,0;0,0;0,0;0,0;;;;;;;;
349;0,0;0,0;0,0;0,0;0,0;0,0;;;;;;;;
350;-0,7304101583399311;-0,35328278431021154;0,7306070393895807;0,3534185271953325;0,00019688104964965536;0,00013574288512097077;0,04737537346130173;0,047375373461301724;0,04737537346130173;0,9887834799035963;-0,09943099628966454;0,9890715052731431;-0,09685609524892093;4,7375373461301726e-06
351;0,086010364968732;0,041007146138321016;-0,08599999999995527;-0,040999999999998614;1,0364968776738204e-05;7,146138322401685e-06;0,005567047049161277;0,005567047049161278;0,005567047049161278;0,9881942268848658;-0,10547594497306784;0,9880653025995744;-0,10667260705888469;5,567047049161278e-07
352;0,0751060963244284;0,03600420339874981;-0,07510096047612086;-0,03600066216853638;5,13584830753866e-06;3,5412302134274487e-06;0,004863693292940795;0,004863693292940795;0,004863693292940795;0,9887037651253021;-0,10074768211442793;0,9886306185315242;-0,10141718605741323;4,863693292940796e-07
353;-0,4482337791104663;-0,21716166978973653;0,4483439238936909;0,21723761092618687;0,000110144783224575;7,594113645034706e-05;0,0289325708459888;0,028932570845988794;0,0289325708459888;0,9938980631451552;-0,24108842163985386;0,9941619391460914;-0,2387516534946014;2,89325708459888e-06
354;-0,4484439240122368;-0,2172376105974937;0,4484714827180871;0,21725660274117906;2,755870585030573e-05;1,8992143685364615e-05;0,028937797187367897;0,0289377971873679;0,0289377971873679;0,9941619391460914;-0,2387516534946014;0,9942279419878338;-0,23816784668677046;2,89377971873679e-06
355;0,08100870914744186;0,039006004381999124;-0,08099999999998894;-0,03899999999996272;8,709147452920507e-06;6,004382036406408e-06;0,005233283495207647;0,0052332834952076475;0,0052332834952076475;0,9919162886327226;-0,07681551639350566;0,9918009818684472;-0,07785538404035715;5,233283495207648e-07
356;0,08100576969557784;0,03900406799260266;-0,08099982823670822;-0,03899997113900289;5,941458869618277e-06;4,09685359977624e-06;0,005218301000878696;0,005218301000878696;0,005218301000878696;0,9947256267400162;-0,2341321176956983;0,9946467346733296;-0,23484190014385578;5,218301000878697e-07
357;0,08100505830646307;0,039003487252134754;-0,08100000000014863;-0,03900000000008276;5,05830631443438e-06;3,4872520519937944e-06;0,0052090234291571995;0,005209023429157199;0,0052090234291571995;0,9964873939673231;-0,03150928422605577;0,9964201120504427;-0,0321132061134877;5,2090234291572e-07
358;0,0790008136621834;0,03800068754095205;-0,07899999941961393;-0,037999999976042594;8,142425694662725e-07;6,875649094587044e-07;0,005153364088773168;0,005153364088773169;0,005153364088773169;0,9821449564699953;-0,3812668266782256;0,9821333967323479;-0,38144110824951016;5,153364088773169e-07
359;-0,1381002997207869;-0,06700020668928565;0,13811774722450204;0,0670122369564597;1,744750371512893e-05;1,2030267174056863e-05;0,008964513716459899;0,008964513716459899;0,008964513716459899;0,9885688463445502;-0,10194494722174648;0,9887037651253021;-0,10074768211442793;8,964513716459898e-07
360;0,05500247859530207;0,027001710591858435;-0,05499999665087543;-0,026999999374360453;2,4819444266396817e-06;1,711217497982892e-06;0,0035461365588944577;0,003546136558894457;0,0035461365588944577;0,9975901779211692;-0,26143679851605395;0,9975416268410482;-0,26185046278745283;3,546136558894458e-07
361;0,0;0,0;0,0;0,0;0,0;0,0;;;;;;;;
362;0,00010000000508806572;8,684753936636783e-12;-9,999999593439137e-05;-2,373602267767527e-12;9,153674346285001e-12;6,311151668869256e-12;5,897769429539561e-06;5,8977694295395605e-06;5,897769429539561e-06;0,9789299250558576;-0,4189092231229634;0,9789298354478014;-0,41891283914619987;5,897769429539561e-10
363;0,0;0,0;0,0;0,0;0,0;0,0;;;;;;;;
364;-0,31599999286423563;-0,1529999987657408;0,3161279251144473;0,15308819929572767;0,00012793225021168197;8,820052998687045e-05;0,020787047935665236;0,020787047935665236;0,020787047935665236;0,9751387988437954;-0,4509005835788564;0,9755653676011333;-0,4470453351082946;2,0787047935665236e-06
365;0,0710069331770954;0,03400478019313709;-0,07100000000009139;-0,03399999999996334;6,9331770040093055e-06;4,780193173750669e-06;0,004590935577708889;0,004590935577708889;0,004590935577708889;0,9900903048353387;-0,08831582024379063;0,9899857016709277;-0,08927418387295867;4,590935577708889e-07
366;2,000958350299367;0,9884336142266636;-1,996887859654048;-0,9856271473521888;0,004070490645319058;0,0028064668744748333;0,1298995725808098;0,1298995725808098;0,1298995725808098;0,9919339220518114;-0,30803081863626397;0,9897594749702809;-0,3263866832257658;1,298995725808098e-05
367;1,9967878553292;0,9856271567582163;-1,9915150178393415;-0,9819917992798476;0,005272837489858517;0,0036353574783687392;0,12989434185623863;0,1298943418562386;0,12989434185623863;0,9897594749702809;-0,3263866832257658;0,9869427841857094;-0,3502804685300275;1,2989434185623863e-05
368;0,06810711161226933;0,03300490349493701;-0,06810206956715482;-0,0330014268792845;5,042045114506122e-06;3,4766156525103953e-06;0,004386430792601562;0,004386430792601562;0,004386430792601562;0,9961526442488159;-0,034014157192499415;0,9960729673630155;-0,03471811973824585;4,3864307926015623e-07
369;0,06800412714989043;0,03300284544057469;-0,06799999999995295;-0,03299999999997891;4,127149937485641e-06;2,8454405957833995e-06;0,004371175544001542;0,004371175544001542;0,004371175544001542;0,9983934159928773;-0,01417297092009536;0,9983279653069437;-0,014747535931652423;4,371175544001542e-07
370;0,0;0,0;0,0;0,0;0,0;0,0;;;;;;;;
371;-0,1219999972459669;-0,05899999952763636;0,12202045993194069;0,05901410719830585;2,046268597379053e-05;1,410767066948454e-05;0,008021724820761555;0,008021724820761552;0,008021724820761555;0,9753647828473408;-0,4488707097466921;0,9755415757478736;-0,4472679122753833;8,021724820761556e-07
372;-0,21302365667885537;-0,10301631191122176;0,21305587041058507;0,10303852017420521;3,221373172970776e-05;2,2208262983450244e-05;0,01399428674789349;0,01399428674789349;0,01399428674789349;0,9762238598518362;-0,4410862228981566;0,9763833943053565;-0,4396412123908041;1,3994286747893489e-06
373;0,0850104361560779;0,04100719503382807;-0,08500420807788414;-0,04100290144137029;6,228078193754039e-06;4,293592457779716e-06;0,005511212305517925;0,005511212305517924;0,005511212305517925;0,988760743953952;-0,10027299033612876;0,9886824366891421;-0,10097798537309834;5,511212305517925e-07
374;-0,12199999634424494;-0,05899999937301456;0,12202523121617942;0,05901739797144819;2,523487193448193e-05;1,739859843363084e-05;0,007995488153414752;0,007995488153414752;0,007995488153414752;0,9785653717424485;-0,4222034342051588;0,9787841133522404;-0,4202266130886783;7,995488153414752e-07
375;0,06200475941777662;0,03000401802023053;-0,06199999999999767;-0,030000000000025243;4,759417778950337e-06;4,018020205286826e-06;0,003996867912038177;0,003996867912038176;0,003996867912038177;0,995015770280793;-0,04379645560600525;0,9949286037762681;-0,04508060335277903;3,9968679120381773e-07
376;0,24405886654123385;0,11804059029159866;-0,24402522756433004;-0,11801739734445842;3,363897690381035e-05;2,3192947140246445e-05;0,01598918944898037;0,015989189448980368;0,01598918944898037;0,9789299250558576;-0,4189092231229634;0,9787841133522404;-0,4202266130886783;1,5989189448980372e-06
377;0,06000073243850734;0,029000504914406738;-0,06000000000091982;-0,028999999999984708;7,324375875250588e-07;5,049144220295454e-07;0,0038524918909000156;0,0038524918909000148;0,0038524918909000156;0,9987200195014427;-0,0321463983532586;0,9987068438612098;-0,03226320969910853;3,8524918909000155e-07
378;-0,24601122907359504;-0,11900774308048231;0,24606575963744376;0,11904534139544687;5,45305638487148e-05;3,7598314964554236e-05;0,0159700393931438;0,015970039393143797;0,0159700393931438;0,9879801967444973;-0,10660987156157924;0,988216854599668;-0,10449294595837229;1,59700393931438e-06
379;0,0680026496507387;0,0330018270431222;-0,06800000000016183;-0,033000000000303856;2,649650576863616e-06;1,8270428183420062e-06;0,004414573221607975;0,004414573221607975;0,004414573221607975;0,9885554615389822;-0,10202978427451084;0,9885138535027101;-0,10239884103963315;4,4145732216079746e-07
380;0,05600220085127475;0,027001517480147983;-0,0559999999999669;-0,026999999999969986;2,200851307844476e-06;1,5174801779975489e-06;0,00359860986843674;0,0035986098684367383;0,00359860986843674;0,997465325705332;-0,022385780792357257;0,9974229462695022;-0,022764612168012042;3,59860986843674e-07
381;0,05600055077447164;0,027000379938319066;-0,056000000000257594;-0,027000000000738423;5,507742140489769e-07;3,799375806433358e-07;0,0035893742276994728;0,003589374227699473;0,003589374227699473;0,9999999999891082;5,091325159900297e-19;0,9999893657746481;-9,495730518105414e-05;3,589374227699473e-07
382;0,05310368958720139;0,026002543911680914;-0,05310133424281103;-0,026000919924787758;2,3553443903590043e-06;1,6239868931566814e-06;0,003425989150047882;0,003425989150047882;0,003425989150047882;0,9964314645970346;-0,031543179026736805;0,9963837810306981;-0,03195282069373121;3,425989150047882e-07
383;1,8695150174886745;0,9229918116512371;-1,8642953471370443;-0,9193930238848602;0,00521967035163029;0,0035987877663768986;0,12196696886704042;0,12196696886704042;0,12196696886704042;0,9869427841857094;-0,3502804685300275;0,9839732189050661;-0,3755348954423277;1,2196696886704044e-05
384;0,05200025223445447;0,02500017412316102;-0,05199999958813814;-0,02499999993199354;2,5264631632604395e-07;1,7419116747977026e-07;0,003394197970040556;0,003394197970040556;0,003394197970040556;0,9814346340676231;-0,3884552740134719;0,9814294770997397;-0,3885024628859387;3,394197970040556e-07
385;-0,0711047765474843;-0,034003295369953314;0,07110751458797059;0,03400518315710116;2,738040486283122e-06;1,8877871478459318e-06;0,0045616818416222595;0,004561681841622259;0,0045616818416222595;0,9975486068407852;-0,26181611852509096;0,9975901779211692;-0,26143679851605395;4,5616818416222594e-07
386;0,0;0,0;0,0;0,0;0,0;0,0;;;;;;;;
387;-0,07099999563472395;-0,033999999295399576;0,0710047765557019;0,03400329536546411;4,78092097795646e-06;3,2960700645373597e-06;0,004556461156972662;0,00455646115697266;0,004556461156972662;0,9974759309393503;-0,2624768594376152;0,9975486068407852;-0,26181611852509096;4,556461156972662e-07
388;-0,0001000000000812312;8,731945607187906e-16;0,00010000001302138535;8,92093639772527e-12;1,2940154156537709e-11;8,921809592285989e-12;5,840264403470844e-06;5,840264403470843e-06;5,840264403470844e-06;0,9885687184222302;-0,10195005904143348;0,9885688463445502;-0,10194494722174648;5,840264403470844e-10
389;0,0;0,0;0,0;0,0;0,0;0,0;;;;;;;;
390;0,05000182251516629;0,024001256404975815;-0,050000000000193154;-0,02400000000000623;1,8225149731390666e-06;1,2564049695837354e-06;0,003212933165349974;0,003212933165349973;0,003212933165349974;0,9966621593077892;-0,02947699516475324;0,9966228647857682;-0,029832376835713163;3,212933165349974e-07
391;-0,5811854629988775;-0,2811278728219427;0,581825591621092;0,2815692200525802;0,0006401286222145197;0,00044134723063754544;0,03820316194762444;0,03820316194762444;0,03820316194762444;0,9756832012785993;-0,44597660431728897;0,97684452708132;-0,4354668062354222;3,820316194762444e-06
392;0,12102082813459658;0,05801436453293825;-0,12099999256204112;-0,057999998792041416;2,0835572555458204e-05;1,436574089683229e-05;0,007766902259570523;0,007766902259570521;0,007766902259570523;0,997628789614406;-0,2612109172757351;0,9974429663369376;-0,2628965133939721;7,766902259570523e-07
393;0,0;0,0;0,0;0,0;0,0;0,0;;;;;;;;
394;0,04500074340999124;0,02200051255652209;-0,044999999999392123;-0,021999999999829947;7,434105991147022e-07;5,125566921414249e-07;0,002911153213312013;0,002911153213312013;0,002911153213312013;0,9934188189410663;-0,05785283598319879;0,9934011088707112;-0,058006063905100894;2,911153213312013e-07
395;0,04500004416323246;0,02200007836505746;-0,044999905417654626;-0,021999982660990992;1,387455778323332e-07;9,570406646688956e-08;0,002905083825642054;0,0029050838256420536;0,002905083825642054;0,9954780246075668;-0,22695409154458981;0,995474712022882;-0,22698273427556878;2,905083825642054e-07
396;0,05200420807787953;0,02500290144144574;-0,05199999999998986;-0,025000000000012654;4,208077889672479e-06;2,9014414330841287e-06;0,0033695930911484913;0,0033695930911484913;0,0033695930911484913;0,9886824366891421;-0,10097798537309834;0,9885959140859689;-0,10176399965501853;3,369593091148491e-07
397;0,04300029970894268;0,021000206680029748;-0,04300000000067659;-0,02100000000083452;2,997082660938233e-07;2,0667919522696088e-07;0,00279481754517265;0,00279481754517265;0,00279481754517265;0,9885688463445502;-0,10194494722174648;0,9885614093754789;-0,10200983187221727;2,79481754517265e-07
398;0,0410008030811743;0,020000553731583354;-0,040999999999862057;-0,020000000000086258;8,030813122422709e-07;5,53731497095894e-07;0,00266646963455459;0,00266646963455459;0,00266646963455459;0,9877520804438582;-0,23821611853633268;0,9877311957081549;-0,2383989701206004;2,66646963455459e-07
399;-0,04100000000002376;-0,02000000000015854;0,04100099538534398;0,02000068621276566;9,953853202168683e-07;6,862126071191521e-07;0,002642389119648795;0,0026423891196487954;0,0026423891196487954;0,9967325481639776;-0,028856173203288725;0,9967586687193979;-0,028629666415025713;2,6423891196487954e-07
400;0,0;0,0;0,0;0,0;0,0;0,0;;;;;;;;
401;0,04000137277654645;0,01900094641525795;-0,04000000000009072;-0,019000000000042677;1,3727764557325273e-06;9,46415215273555e-07;0,002566865770461871;0,0025668657704618716;0,0025668657704618716;0,9960729673630155;-0,03471811973824585;0,9960359433799697;-0,0350621111610331;2,5668657704618715e-07
402;0,00010000000816668603;6,075544435010361e-12;-9,999999964038664e-05;-1,9625529935379415e-13;8,526299390371021e-12;5,879289135656567e-12;5,84008234275389e-06;5,84008234275389e-06;5,84008234275389e-06;0,9885996163330827;-0,10169484106292953;0,9885995320421248;-0,10169820964718494;5,84008234275389e-10
403;0,0;0,0;0,0;0,0;0,0;0,0;;;;;;;;
404;0,0;0,0;0,0;0,0;0,0;0,0;;;;;;;;
405;0,037100681752714845;0,018000469965302093;-0,03710024256629418;-0,018000167220149275;4,3918642066848035e-07;3,027451528185565e-07;0,0023918210377080317;0,0023918210377080317;0,0023918210377080317;0,9953965629336021;-0,09979909026846202;0,9953838349958752;-0,09991117422767078;2,3918210377080317e-07
406;0,034001005528725474;0,01700069330248983;-0,03399999999993134;-0,01699999999999323;1,0055287941318491e-06;6,933024966002121e-07;0,002202725928432916;0,002202725928432916;0,002202725928432916;0,9963837810306981;-0,03195282069373121;0,9963520810818788;-0,03220968379053613;2,202725928432916e-07
407;0,03400008101724156;0,017000055883881437;-0,03400000000030616;-0,01699999999993695;8,101693539652732e-08;5,5883944485857207e-08;0,0022199183392440152;0,0022199183392440157;0,0022199183392440157;0,988638253345115;-0,2303194404340709;0,988635718741098;-0,2303401686145335;2,2199183392440157e-07
408;0,03310096047615188;0,016000662168526036;-0,03310000000843623;-0,0160000000059022;9,60467715652169e-07;6,621626238365041e-07;0,0021470622359436474;0,0021470622359436474;0,0021470622359436474;0,9886306185315242;-0,10141718605741323;0,9885996163330827;-0,10169484106292953;2,1470622359436472e-07
409;0,031000196912486212;0,015000135744957338;-0,03099999999903404;-0,015000000000364779;1,9691345217245915e-07;1,3574459255955018e-07;0,0019975336980318278;0,001997533698031828;0,001997533698031828;0,9953838349958752;-0,09991117422767078;0,9953770029106108;-0,09997177306428057;1,997533698031828e-07
410;-0,15702045914420149;-0,07601410705856473;0,157069549704903;0,07604795335486236;4,909056070151463e-05;3,3846296297629364e-05;0,010324523879013104;0,010324523879013107;0,010324523879013107;0,9755415757478736;-0,4472679122753833;0,9758711329217451;-0,444288709322621;1,0324523879013109e-06
411;0,029103700704084665;0,014002551467909586;-0,02910146553063502;-0,014001010408747919;2,2351734496467435e-06;1,5410591616676211e-06;0,0018666840862445683;0,0018666840862445687;0,0018666840862445687;0,9989203551799367;-0,009511029741460097;0,9988373936009051;-0,0102555046583164;1,866684086244569e-07
412;0,028999991386063243;0,014000048481864374;-0,02899993015267213;-0,013999996789977693;6,123339111457904e-08;5,169188668080471e-08;0,001869507039507855;0,0018695070395078554;0,0018695070395078554;0,9944932177675049;-0,2381618644687467;0,9944908207660421;-0,23819732458026818;1,8695070395078554e-07
413;0,02320040613254204;0,011000306607080842;-0,023200118818531654;-0,011000108491646832;2,8731401038525894e-07;1,981154340094382e-07;0,0014901433383761363;0,0014901433383761366;0,0014901433383761366;0,9948131819694352;-0,23346568667667786;0,9947998349166987;-0,23359047298505772;1,4901433383761365e-07
414;0,02310011909973519;0,011000108335778119;-0,02310008285065286;-0,011000083331849066;3,6249082329548044e-08;2,5003929052247464e-08;0,0014849013486452364;0,0014849013486452364;0,0014849013486452364;0,9947998349166987;-0,23359047298505772;0,9947981444353317;-0,23360612694507624;1,4849013486452366e-07
415;0,02800069679066353;0,014000480463730787;-0,02799999999975271;-0,014000000000023634;6,967909108208936e-07;4,804637071531559e-07;0,0018145664776580636;0,0018145664776580632;0,0018145664776580636;0,9960729673630155;-0,03471811973824585;0,9960463011256803;-0,03493431261980639;1,8145664776580635e-07
416;0,026000178990546064;0,013000149288430032;-0,025999946339905974;-0,012999988868981007;2,3265064008973213e-07;1,6041944902490946e-07;0,0016820425614473113;0,0016820425614473113;0,0016820425614473113;0,9977784863886168;-0,20627937747994948;0,9977688813745869;-0,20635711222199452;1,6820425614473113e-07
417;0,07000161091706547;0,03400111157494794;-0,06999999782108182;-0,033999999616637994;1,6130959836491154e-06;1,1119583099433727e-06;0,0045838915552587544;0,0045838915552587544;0,0045838915552587544;0,9801866159058475;-0,40792056514501923;0,9801622213660692;-0,4081380851801022;4,5838915552587545e-07
418;0,024001450976113375;0,0120010003745243;-0,02399999999996369;-0,011999999999981466;1,4509761496854512e-06;1,0003745428335126e-06;0,0015510974119682256;0,0015510974119682254;0,0015510974119682256;0,9988373936009051;-0,0102555046583164;0,9987724346176324;-0,010780464997560513;1,5510974119682256e-07
419;0,024000820254422874;0,012000565525956582;-0,024000000000028655;-0,011999999999987769;8,202543942195661e-07;5,655259688128883e-07;0,0015509247459456889;0,0015509247459456889;0,0015509247459456889;0,9989203551799367;-0,009511029741460097;0,9988836289664703;-0,009807808621716933;1,550924745945689e-07
420;0,024000357505276303;0,012000246437942525;-0,024000000000093027;-0,012000000000172664;3,575051832765963e-07;2,4643776986091326e-07;0,001571563324659871;0,0015715633246598704;0,001571563324659871;0,9857815709179915;-0,25561468984460683;0,9857657748710297;-0,25574395694146973;1,5715633246598712e-07
421;0,0;0,0;0,0;0,0;0,0;0,0;;;;;;;;
422;0,02300008315298422;0,01100008315725625;-0,02299995113191095;-0,010999992121829612;1,3202107327150991e-07;9,103542663799202e-08;0,001479663542881075;0,0014796635428810743;0,001479663542881075;0,9947981444353317;-0,23360612694507624;0,9947919646612824;-0,23366268034779528;1,479663542881075e-07
423;0,02300006055989633;0,011000041741808207;-0,02300000000036835;-0,010999999999463977;6,055952797914821e-08;4,174234423046097e-08;0,0014861324442190323;0,0014861324442190323;0,0014861324442190323;0,990466458190216;-0,08445388452105147;0,9904636360774208;-0,08447979263876475;1,4861324442190321e-07
424;0,022000616611416203;0,010000425122661532;-0,02200000000004602;-0,009999999999990837;6,166113701820686e-07;4,2512267069486076e-07;0,0014046683756639984;0,0014046683756639988;0,0014046683756639988;0,9933109899679979;-0,05946924222440031;0,9932806869377642;-0,059781866033828755;1,4046683756639987e-07
425;0,021300536046399466;0,010000369815703387;-0,0213001274160483;-0,010000088078771804;4,086303511674494e-07;2,8173693158300983e-07;0,0013650419387759424;0,0013650419387759422;0,0013650419387759424;0,9952646391571385;-0,0973010535776277;0,9952439302205361;-0,09749917910456357;1,3650419387759424e-07
426;0,02100041302927358;0,010000308302674813;-0,020999955766485338;-0,009999993054058106;4,5726278824140265e-07;3,152486167078139e-07;0,0013464858040991032;0,0013464858040991032;0,0013464858040991032;0,9973455720257091;-0,21046037994079264;0,9973220583916592;-0,21067722927733862;1,346485804099103e-07
427;0,021000127375998743;0,01000008804130933;-0,020999999622112582;-0,00999999994083119;1,2775388616090289e-07;8,81004781402156e-08;0,0013493087033154914;0,001349308703315491;0,0013493087033154914;0,9952439302205361;-0,09749917910456357;0,9952373740957092;-0,09755981809809801;1,3493087033154914e-07
428;0,021000070039637834;0,010000059137565845;-0,020999999998964822;-0,009999999998164899;7,004067301141781e-08;5,913940094581793e-08;0,0013479164207439458;0,001347916420743946;0,001347916420743946;0,9962691826382103;-0,03328605459558333;0,9962653849548277;-0,03334340530127478;1,347916420743946e-07
429;0,0210000721646702;0,010000050019362005;-0,020999999524426747;-0,009999999926559247;7,264024345227105e-08;5,0092802758236465e-08;0,0013759186137318176;0,0013759186137318176;0,0013759186137318176;0,9759933921914822;-0,44315982569220225;0,975989736517686;-0,4431943032632033;1,3759186137318176e-07
430;0,021000078476665424;0,01000005556373257;-0,020999997267530934;-0,009999999572756125;8,120913448997347e-08;5,5990976445541296e-08;0,001360717992048499;0,0013607179920484987;0,001360717992048499;0,9868965867210332;-0,26482788029812465;0,9868924543560935;-0,2648664006004118;1,3607179920484988e-07
431;0,021000051435018874;0,010000035708020796;-0,020999999523516142;-0,009999999926569239;5,191150273184397e-08;3,57814515569016e-08;0,0013759354981089766;0,0013759354981089768;0,0013759354981089768;0,9759803720696325;-0,4433308063248159;0,975977759919905;-0,44335540801306;1,3759354981089766e-07
432;0,0;0,0;0,0;0,0;0,0;0,0;;;;;;;;
433;-0,6490657596371506;-0,3140453413954661;0,6494101583402742;0,31428278431027995;0,0003443987031235274;0,00023744291481386792;0,04212612875130119;0,0421261287513012;0,0421261287513012;0,988216854599668;-0,10449294595837229;0,9887834799035963;-0,09943099628966454;4,21261287513012e-06
434;0,019000328713961696;0,009000226622460786;-0,019000000000023148;-0,008999999999956758;3,287139385479976e-07;2,2662250402823159e-07;0,0012182375968357872;0,0012182375968357874;0,0012182375968357874;0,9963837810306981;-0,03195282069373121;0,9963651044386238;-0,032127479083451205;1,2182375968357874e-07
435;0,019000292944088143;0,009000201975140893;-0,019000000000186715;-0,009000000000139084;2,929439014281998e-07;2,0197500180847705e-07;0,0012182927508123077;0,0012182927508123072;0,0012182927508123077;0,996336641229571;-0,0323879961388162;0,9963199974768544;-0,03254368119771797;1,2182927508123077e-07
436;0,018100367698702588;0,009000271741852714;-0,01810012614898567;-0,009000105222362224;2,41549716919337e-07;1,6651949048991643e-07;0,0011696863060137147;0,0011696863060137144;0,0011696863060137147;0,9977784863886168;-0,20627937747994948;0,9977641510679743;-0,20639716686230294;1,1696863060137148e-07
437;0,018000126437158932;0,009000105059895505;-0,01799996285338883;-0,008999992288393209;1,6358377010264324e-07;1,1277150229610511e-07;0,0011645079094515663;0,0011645079094515663;0,0011645079094515663;0,9977641510679743;-0,20639716686230294;0,9977543965793921;-0,2064760549119206;1,1645079094515664e-07
438;0,018000015046898427;0,009000010359446458;-0,018000000000672964;-0,008999999999750239;1,5046225463472007e-08;1,035969621893118e-08;0,0011706110318228935;0,0011706110318228935;0,0011706110318228935;0,9925551842366996;-0,08713655792758228;0,992554291993308;-0,08714378122162983;1,1706110318228935e-07
439;0,017000201527416162;0,008000138952548025;-0,01700000000006324;-0,008000000000060731;2,0152735292350288e-07;1,3895248729411946e-07;0,0010889461800339022;0,0010889461800339024;0,0010889461800339024;0,9961526442488159;-0,034014157192499415;0,9961398395182615;-0,03413588456273092;1,0889461800339024e-07
440;0,0;0,0;0,0;0,0;0,0;0,0;;;;;;;;
441;0,01500016291773865;0,007000112316982102;-0,015000000000283089;-0,006999999999965789;1,6291745556090698e-07;1,1231701631340268e-07;0,0009576915409748712;0,0009576915409748712;0,0009576915409748712;0,9979163131001977;-0,018400679505710022;0,9979045495482924;-0,018514502933079144;9,576915409748713e-08
442;0,014000282959837459;0,007000195082676803;-0,013999999999862579;-0,006999999999866484;2,829599748798567e-07;1,9508281031907493e-07;0,0009123631941592113;0,0009123631941592112;0,0009123631941592113;0,9905219422494939;-0,08393862131391457;0,9905004058579125;-0,08411411552793316;9,123631941592113e-08
443;0,014000180346475787;0,0070001243427308376;-0,013999999999997077;-0,0069999999998782095;1,803464787092368e-07;1,243428526280163e-07;0,0009068480379526373;0,0009068480379526377;0,0009068480379526377;0,996538118695752;-0,030551669890774926;0,9965243086945579;-0,030663541176336056;9,068480379526377e-08
444;0,01400017688136445;0,007000121945271366;-0,014000000000161654;-0,006999999999953024;1,7688120279579778e-07;1,2194531834232997e-07;0,0009071987130305162;0,0009071987130305163;0,0009071987130305163;0,9961526442488159;-0,034014157192499415;0,9961391050736645;-0,03412385163726884;9,071987130305162e-08
445;0,014200362167254189;0,006000269839621102;-0,014200349010406142;-0,00600026076427701;1,315684804679973e-08;9,075344091676041e-09;0,0008945920263620977;0,0008945920263620979;0,0008945920263620979;0,9949161459043174;-0,23194211950408788;0,9949151357789627;-0,23195415676385292;8,94592026362098e-08
446;0,014100349308067696;0,00600026059118819;-0,01410004582049294;-0,006000051354855088;3,034875747567195e-07;2,0923633310167278e-07;0,0008892495011866875;0,0008892495011866875;0,0008892495011866875;0,9949151357789627;-0,23195415676385292;0,9948916857434519;-0,23222970772663273;8,892495011866875e-08
447;0,0;0,0;0,0;0,0;0,0;0,0;;;;;;;;
448;0,013000057769290346;0,006000039833700012;-0,012999999999475568;-0,005999999999716091;5,776981477738363e-08;3,983398392127385e-08;0,0008381762338308476;0,0008381762338308476;0,0008381762338308476;0,9862410114023328;-0,2517787403989322;0,9862362485472399;-0,25182659553201364;8,381762338308476e-08
449;0,25822464176325804;0,12508593584884406;-0,25813300698193664;-0,12502275971847646;9,163478132140357e-05;6,317613036760372e-05;0,01697526699907561;0,01697526699907561;0,01697526699907561;0,9758711329217451;-0,444288709322621;0,9754969756629591;-0,4476663841933738;1,6975266999075609e-06
450;0,012000150862363404;0,0060001040268360326;-0,011999999999907345;-0,005999999999994258;1,5086245605880344e-07;1,0402684177436561e-07;0,0007768358663074301;0,00077683586630743;0,0007768358663074301;0,9971310276714833;-0,025336329306995642;0,9971175415966268;-0,02544555502838902;7,768358663074302e-08
451;0,0;0,0;0,0;0,0;0,0;0,0;;;;;;;;
452;0,0;0,0;0,0;0,0;0,0;0,0;;;;;;;;
453;-0,010099998527192379;-0,004999999909034966;0,01010009781616153;0,005000083732717677;9,92889691506238e-08;8,382368271112745e-08;0,000660124701947966;0,000660124701947966;0,000660124701947966;0,985671714269528;-0,2756973216030576;0,9856827493356237;-0,27553935541144464;6,601247019479661e-08
454;0,010000041609361776;0,005000028684126003;-0,010000000000042414;-0,005000000000254783;4,160931936156298e-08;2,8683871220076818e-08;0,0006492870329070942;0,0006492870329070942;0,0006492870329070942;0,9941675730024112;-0,05124912627424497;0,9941631230282634;-0,05128524175794718;6,492870329070942e-08
455;0,010000075039170542;0,005000051738866276;-0,010000000000102092;-0,004999999999944962;7,503906845028607e-08;5,1738921313937425e-08;0,0006479370886904773;0,0006479370886904772;0,0006479370886904773;0,9962424539870218;-0,03321803759451367;0,996234411702447;-0,033283213937767064;6,479370886904772e-08
456;0,0;0,0;0,0;0,0;0,0;0,0;;;;;;;;
457;0,009000100902258085;0,004000078838496602;-0,00899998447313507;-0,0039999985662078985;1,164291230145581e-07;8,027228870326197e-08;0,0005715842385237796;0,0005715842385237796;0,0005715842385237796;0,9948336642601854;-0,23102987276239056;0,9948196244448214;-0,23118151766368672;5,7158423852377964e-08
458;0,009000052020970997;0,0040000475785642205;-0,008999980382978896;-0,0039999981865696645;7,16379921009147e-08;4,9391994555968155e-08;0,0005715475751485496;0,0005715475751485498;0,0005715475751485498;0,9948916857434519;-0,23222970772663273;0,9948830465510479;-0,23232301973384956;5,7154757514854984e-08
459;0,0;0,0;0,0;0,0;0,0;0,0;;;;;;;;
460;0,4537125548905074;0,21942232803620204;-0,4532941906122264;-0,2191338890644229;0,00041836427828095824;0,00028843897177913136;0,029787348315348447;0,02978734831534844;0,029787348315348447;0,97684452708132;-0,4354668062354222;0,9758711329217451;-0,444288709322621;2,9787348315348448e-06
461;0,0060000456507048544;0,003000031475427164;-0,005999999999974598;-0,002999999999995796;4,565073025673827e-08;3,147543136804848e-08;0,0003890976436310129;0,0003890976436310129;0,0003890976436310129;0,9953838349958752;-0,09991117422767078;0,9953756877196669;-0,09997725532519476;3,8909764363101286e-08
462;0,005000031937905246;0,002000026716292359;-0,004999993119856734;-0,0019999999525489253;3,8818048511690684e-08;2,676374343370605e-08;0,00031358933260435055;0,00031358933260435055;0,00031358933260435055;0,9914716085224744;-0,25930025070309576;0,9914631428595708;-0,25941125059082015;3,1358933260435055e-08
463;0,005000014554283953;0,002000010034490536;-0,005000000000069008;-0,002000000000308392;1,455421494434006e-08;1,0034182144035009e-08;0,0003112755213696432;0,0003112755213696432;0,0003112755213696432;0,9988373936009051;-0,0102555046583164;0,9988341959728341;-0,010297118016730925;3,112755213696432e-08
464;0,005000022946253707;0,002000015821414309;-0,004999999999792939;-0,0020000000000953417;2,2946460767961363e-08;1,5821318967174786e-08;0,00031199038886936867;0,00031199038886936867;0,00031199038886936867;0,9965505845386428;-0,03049165873193957;0,9965455545622123;-0,030557279204244347;3,119903888693687e-08
465;0,004999994091486935;0,002000003609722584;-0,004999988735716941;-0,0019999999181086934;5,355769994164206e-09;3,691613890445533e-09;0,00031250878887566615;0,0003125087888756661;0,00031250878887566615;0,9948916857434519;-0,23222970772663273;0,9948905137572386;-0,23224501263328493;3,125087888756662e-08
466;0,000200000042806551;3,6055946601169383e-11;-0,00019999999852633428;-5,52622125953075e-12;4,428021672746828e-11;3,0529725341638634e-11;1,1602188674158884e-05;1,1602188674158885e-05;1,1602188674158885e-05;0,9952439302205361;-0,09749917910456357;0,9952437098724828;-0,09750792522439994;1,1602188674158885e-09
467;-9,999971683991859e-05;-1,6092068847426399e-10;9,99997242573069e-05;1,6603472913605645e-10;7,417388304584681e-12;5,114040661792468e-12;5,8157562047312675e-06;5,815756204731267e-06;5,8157562047312675e-06;0,9927318375127091;-0,25091456147061025;0,992731911147776;-0,25091163133990774;5,815756204731267e-10
468;9,99997177451524e-05;1,7244256632351051e-10;-9,99997081335189e-05;-1,6581566715780834e-10;9,611633510582182e-12;6,6268991657021715e-12;5,806408801771367e-06;5,806408801771366e-06;5,806408801771367e-06;0,9943299882971202;-0,24157065335482658;0,9943298927253847;-0,24157445028994656;5,806408801771368e-10
469;-9,999999850311105e-05;-6,620778607864836e-13;0,00010000000154536227;2,759608110995158e-12;3,0422512247016073e-12;2,0975302502086745e-12;5,889090464961133e-06;5,889090464961133e-06;5,889090464961133e-06;0,9803725447629779;-0,39930510466029034;0,9803725745883745;-0,3993039028640132;5,889090464961133e-10
470;-9,999997639996274e-05;-1,3456474430900758e-11;9,999998429003795e-05;1,8896062488914325e-11;7,890075203430269e-12;5,4395880580135666e-12;5,853457385431139e-06;5,853457385431139e-06;5,853457385431139e-06;0,9863403710288179;-0,2830341667905433;0,9863404488518419;-0,28303105013628177;5,853457385431139e-10
471;-9,99999796598367e-05;-1,0760748229156755e-11;9,999998627401678e-05;1,6344614858750174e-11;6,614180083079797e-12;5,583866629593418e-12;5,8574288131064105e-06;5,857428813106411e-06;5,857428813106411e-06;0,9856716490754095;-0,27570052092300135;0,985671714269528;-0,2756973216030576;5,857428813106411e-10
472;0,00010000000076821846;4,130679940822873e-12;-9,99999970782003e-05;-1,5865360743857756e-12;3,690018166783819e-12;2,5441438664370977e-12;5,801094424388893e-06;5,801094424388894e-06;5,801094424388894e-06;0,9952437098724828;-0,09750792522439994;0,9952436731478085;-0,0975093829114154;5,801094424388894e-10
