;p_from_mw;q_from_mvar;p_to_mw;q_to_mvar;pl_mw;ql_mvar;i_from_ka;i_to_ka;i_ka;vm_from_pu;va_from_degree;vm_to_pu;va_to_degree;loading_percent
0;-2,805186186603642;-1,366868426072723;2,807542800045996;1,369648546858341;0,0023566134423540497;0,0027801207856179566;0,1803536684383532;0,1803536684383532;0,1803536684383532;0,9989318757001098;-0,026906122612368896;1,0000000000128018;-3,795227752134509e-20;1,803536684383532e-05
1;-2,743321989190669;-1,3360717474013117;2,7450854544770618;1,3378679213708122;0,001763465286392929;0,001796173969500492;0,1764968180138;0,17649681801380002;0,17649681801380002;0,9981559490384162;-0,04271705514750612;0,9989318757001098;-0,026906122612368896;1,7649681801380002e-05
2;-2,8051681725297533;-1,3633035689347188;2,81066702861149;1,3670948392230862;0,005498856081736836;0,0037912702883673433;0,18045126253279603;0,18045126253279603;0,18045126253279603;0,9978873577557114;-0,01844708586194278;1,0000000000128018;-3,795227752134509e-20;1,8045126253279604e-05
3;-2,7409333234506823;-1,330693844676954;2,7461681725299996;1,334303568934796;0,005234849079317261;0,0036097242578418953;0,1766476539712311;0,17664765397123108;0,1766476539712311;0,9958329019516446;-0,036481144300909624;0,9978873577557114;-0,01844708586194278;1,766476539712311e-05
4;0,8706076021710794;0,4238229233995828;-0,8692805465314162;-0,42247167810646236;0,0013270556396631772;0,0013512452931204177;0,055904187897182316;0,05590418789718232;0,05590418789718232;1,0000000000128018;-3,795227752134509e-20;0,9981571432195632;-0,03758888258130304;5,590418789718232e-06
5;-2,4510300961543;-1,1896922961072962;2,453910201405993;1,1916779028024442;0,0028801052516929104;0,0019856066951480233;0,1581579645096014;0,1581579645096014;0,1581579645096014;0,9945705314197675;-0,047584724552174724;0,9958329019516446;-0,036481144300909624;1,581579645096014e-05
6;-0,84577503291873;-0,41032796037850744;0,8478800132041192;0,4124713103766017;0,002104980285389191;0,002143349998094235;0,05453802649291463;0,054538026492914636;0,054538026492914636;0,9951612866556265;-0,09893735313847993;0,9981571432195632;-0,03758888258130304;5,453802649291463e-06
7;-2,738603116304392;-1,3314706452397318;2,743121989164569;1,336071747382724;0,004518872860177048;0,004601102142992142;0,17648641764146336;0,17648641764146333;0,17648641764146336;0,9961680774174854;-0,08331719123022588;0,9981559490384162;-0,04271705514750612;1,7648641764146336e-05
8;-0,8694052668173798;-0,4103173984236185;0,869530267909842;0,41046486642840935;0,0001250010924621625;0,00014746800479087385;0,0555146915497685;0,0555146915497685;0,0555146915497685;0,999816973835744;-0,004767608030479176;1,0000000000128018;-3,795227752134509e-20;5,55146915497685e-06
9;-2,694967795291718;-1,306918244656823;2,701402435609045;1,3134701760015537;0,0064346403173272115;0,006551931344730644;0,17409123762847475;0,17409123762847475;0,17409123762847475;0,9932993382446774;-0,14221082705863877;0,9961680774174854;-0,08331719123022588;1,7409123762847476e-05
10;-0,866579259233095;-0,4075420944197672;0,8693051011027412;0,4103175760440254;0,002725841869646195;0,0027754816242582248;0,05550946514602243;0,05550946514602241;0,05550946514602243;0,9960218781270515;-0,08532513511846514;0,999816973835744;-0,004767608030479176;5,550946514602243e-06
11;0,8664789556673799;0,40754241665999547;-0,8641330200786838;-0,4051536899048666;0,002345935588696113;0,002388726755128856;0,05550421178403096;0,055504211784030956;0,05550421178403096;0,9960218781270515;-0,08532513511846514;0,9927569062830413;-0,15515017299536726;5,550421178403096e-06
12;-2,564426856049107;-1,2412938565671983;2,5689677952918757;1,245918244657042;0,004540939242768882;0,004624388089843778;0,16595443236576776;0,16595443236576776;0,16595443236576776;0,9911761543963223;-0,1860377743360259;0,9932993382446774;-0,14221082705863877;1,6595443236576778e-05
13;1,5914642314183947;0,7684380244143759;-1,587856871434663;-0,7659509761416092;0,0036073599837316284;0,00248704827276669;0,10203357939374735;0,10203357939374737;0,10203357939374737;1,0000000000128018;-3,795227752134509e-20;0,9975500239038969;-0,021810766630569328;1,0203357939374736e-05
14;1,3416414111296746;0,6464233956922601;-1,3390506731373097;-0,6446372041608421;0,0025907379923648666;0,0017861915314180132;0,0863344958983076;0,0863344958983076;0,0863344958983076;0,9959156506845495;-0,03643603284868635;0,993836422265976;-0,055119645784649285;8,633449589830761e-06
15;1,4618568839010588;0,7049509586563982;-1,4596413989947128;-0,7034234122532295;0,0022154849063460436;0,0015275464031687669;0,09393145323370132;0,0939314532337013;0,09393145323370132;0,9975500239038969;-0,021810766630569328;0,9959156506845495;-0,03643603284868635;9,393145323370133e-06
16;1,2130506871277285;0,5836371861367542;-1,210938430509578;-0,5821808243687635;0,0021122566181503988;0,0014563617679906882;0,07820210801799103;0,07820210801799103;0,07820210801799103;0,993836422265976;-0,055119645784649285;0,9919650544321409;-0,0720307406224749;7,820210801799103e-06
17;0,7727685130530244;0,3731170586864145;-0,7699047756489349;-0,3711425828445092;0,002863737404089517;0,001974475841905299;0,04954417268896277;0,04954417268896278;0,04954417268896278;1,0000000000128018;-3,795227752134509e-20;0,9959945353747347;-0,03572430578971217;4,9544172688962785e-06
18;0,7488047055699624;0,36114252367199995;-0,7464288804908837;-0,35950443683409783;0,0023758250790786306;0,0016380868379021196;0,048190679110285656;0,048190679110285656;0,048190679110285656;0,9959945353747347;-0,03572430578971217;0,9925783764071056;-0,06638653785495606;4,819067911028566e-06
19;-0,04910064649019663;-0,025000445712760076;0,04910308439475987;0,025002503728302365;2,4379045632377805e-06;2,0580155422889046e-06;0,003209902214293644;0,0032099022142936446;0,0032099022142936446;0,9910395783867972;-0,08425525511866071;0,9910954500830723;-0,08349847696971507;3,2099022142936447e-07
20;-0,38215625191809605;-0,18604603288303306;0,38227815925831793;0,1861489490782618;0,00012190734022188288;0,00010291619522873052;0,024755105791829723;0,024755105791829737;0,024755105791829737;0,991291574163387;-0,08064053338676153;0,9916522758589722;-0,07536195300136657;2,4755105791829737e-06
21;0,0;0,0;0,0;0,0;0,0;0,0;;;;;;;;
22;1,0740422885567253;0,5218180202570333;-1,0690861387105977;-0,5184009446489188;0,004956149846127689;0,0034170756081144393;0,06894105897640947;0,06894105897640947;0,06894105897640947;1,0000000000128018;-3,795227752134509e-20;0,9950164899014831;-0,04377181985523275;6,894105897640947e-06
23;1,6443611574258565;0,7960045573808012;-1,6348461450503633;-0,7894442752505022;0,009515012375493237;0,006560282130299022;0,10547585618419118;0,1054758561841912;0,1054758561841912;1,0000000000128018;-3,795227752134509e-20;0,993747930665294;-0,055512997419140724;1,054758561841912e-05
24;1,6127455289816948;0,779443850501948;-1,610845525740354;-0,7781338619470428;0,0019000032413407641;0,0013099885549051615;0,10406695842670702;0,104066958426707;0,10406695842670702;0,993747930665294;-0,055512997419140724;0,9924826337619681;-0,06680860550349316;1,0406695842670702e-05
25;-0,25611180797749533;-0,12500851806271965;0,2561562519185011;0,1250460328832487;4,444394100577842e-05;3,7514820529049864e-05;0,01660184747463505;0,01660184747463505;0,01660184747463505;0,9910954500830723;-0,08349847696971507;0,991291574163387;-0,08064053338676153;1,660184747463505e-06
26;-1,5952513263960626;-0,7703453542892874;1,5978455257405273;0,7721338619467849;0,0025941993444646982;0,0017885076574974956;0,10323418739281558;0,10323418739281556;0,10323418739281558;0,9907411552265842;-0,08238545761261541;0,9924826337619681;-0,06680860550349316;1,0323418739281558e-05
27;0,12600990072324933;0,061006829651967784;-0,12599999193794617;-0,06099999855013036;9,908785303158751e-06;6,83110183742619e-06;0,008151315449687961;0,008151315449687961;0,008151315449687961;0,9916155891339866;-0,07657688117220122;0,9915313362450411;-0,07732611227062942;8,151315449687962e-07
28;0,1261295980779175;0,061020409639399496;-0,12610990071530234;-0,06100682965609484;1,969736261514532e-05;1,3579983304659593e-05;0,00815655629929424;0,008156556299294241;0,008156556299294241;0,9917829596784363;-0,07508559561627012;0,9916155891339866;-0,07657688117220122;8,15655629929424e-07
29;0,6325906666011666;0,3067485892447952;-0,6322341988925556;-0,30644766581425176;0,00035646770861097465;0,0003009234305434427;0,04091489795724925;0,040914897957249244;0,04091489795724925;0,9920603999595832;-0,0698856801443367;0,9914225321639657;-0,07928310897806379;4,091489795724925e-06
30;0,5912341988925416;0,2864476658142467;-0,5908750502074668;-0,2861444598391346;0,000359148685074806;0,00030320597511207525;0,03825836523950544;0,03825836523950545;0,03825836523950545;0,9914225321639657;-0,07928310897806379;0,9907352902086445;-0,08943062582810114;3,825836523950545e-06
31;0,943086138710633;0,45740094464891506;-0,9419098996095471;-0,45659000546488343;0,0011762391010858853;0,0008109391840316338;0,06081829574851831;0,060818295748518304;0,06081829574851831;0,9950164899014831;-0,04377181985523275;0,9936758902121484;-0,0556144588430016;6,081829574851831e-06
32;1,273963079648915;0,618956632759351;-1,272406346975957;-0,6178833876700736;0,0015567326729579722;0,0010732450892774192;0,0822202721346523;0,08222027213465231;0,08222027213465231;0,9945705314197675;-0,047584724552174724;0,9932579791060882;-0,05913071330974617;8,222027213465231e-06
33;1,1117321388046946;0,5341761309746274;-1,1106132715917478;-0,5334046583488702;0,0011188672129467392;0,0007714726257571636;0,07178758774250162;0,07178758774250159;0,07178758774250162;0,9919650544321409;-0,0720307406224749;0,9908852784390247;-0,0818336316810318;7,178758774250162e-06
34;-0,6862895168378808;-0,3375967779971094;0,6863417663979196;0,33763282244844756;5,224956003879733e-05;3,604445133814638e-05;0,044563664390579814;0,044563664390579814;0,044563664390579814;0,9908852784390247;-0,0818336316810318;0,9909666322240879;-0,08113849290687346;4,456366439057981e-06
35;-0,6864417669693867;-0,3376328215295691;0,6864483220437134;0,33763735049001303;6,5550743266751255e-06;4,528960443950236e-06;0,044568892286091885;0,044568892286091885;0,044568892286091885;0,9909666322240879;-0,08113849290687346;0,9909768413166057;-0,08105080129884028;4,456889228609189e-06
36;-0,6954483182002725;-0,3416373557613251;0,6956158884782417;0,34175290038933015;0,00016757027796920898;0,00011554462800505982;0,045142265418028196;0,04514226541802822;0,04514226541802822;0,9909768413166057;-0,08105080129884028;0,9912343574974085;-0,0788461528847859;4,514226541802822e-06
37;1,2064367782571017;0,5846801945546045;-1,2055139863455184;-0,5840438998939211;0,0009227919115832872;0,0006362946606833786;0,07809149251127931;0,07809149251127932;0,07809149251127932;0,9911761543963223;-0,1860377743360259;0,9903570562368743;-0,19331553476244256;7,809149251127932e-06
38;1,1165396048998961;0,5431212630322676;-1,113046091333263;-0,5407126025157378;0,0034935135666331885;0,0024086605165297703;0,07168545634990661;0,07168545634990663;0,07168545634990663;1,0000000000128018;-3,795227752134509e-20;0,9966213693513889;-0,02953345003165307;7,168545634990662e-06
39;-0,7386161551117555;-0,3627531160026076;0,7398504635581276;0,36360410654955355;0,0012343084463720677;0,0008509905469459289;0,047929558678818075;0,04792955867881807;0,047929558678818075;0,9912343574974085;-0,0788461528847859;0,9930208412192291;-0,06357495992521231;4,792955867881808e-06
40;0,8239051273453954;0,39958597659947825;-0,8233464416528151;-0,399200781539204;0,0005586856925803296;0,0003851950602742349;0,05320386762752929;0,05320386762752929;0,05320386762752929;0,9936758902121484;-0,0556144588430016;0,9929479937580667;-0,062050684309338654;5,320386762752928e-06
41;0,8232464416496897;0,3992007815348443;-0,8232216500188707;-0,3991836311600998;2,479163081903213e-05;1,7150374744479002e-05;0,05319863571889822;0,05319863571889822;0,05319863571889822;0,9929479937580667;-0,062050684309338654;0,992915663122884;-0,0623396823047669;5,319863571889822e-06
42;1,1129460913329596;0,5407126025156241;-1,112585553830094;-0,5404639719076196;0,00036053750286568764;0,00024863060800450754;0,07168024564203318;0,07168024564203317;0,07168024564203318;0,9966213693513889;-0,02953345003165307;0,9962726575664813;-0,03259444765963998;7,168024564203318e-06
43;1,1124855538297593;0,5404639719079465;-1,1108919601545995;-0,5391185103234062;0,0015935936751598767;0,0013454615845402973;0,0716750330644937;0,0716750330644937;0,0716750330644937;0,9962726575664813;-0,03259444765963998;0,9946445397015615;-0,056437025586326586;7,16750330644937e-06
44;1,1107919601546614;0,539118510322961;-1,1101572352121436;-0,5385827155608502;0,000634724942517817;0,0005357947621107417;0,07166981098912502;0,07166981098912503;0,07166981098912503;0,9946445397015615;-0,056437025586326586;0,9939960938898702;-0,06595042964146983;7,1669810989125035e-06
45;-0,7629505015860801;-0,37460417796612966;0,7637939579035932;0,3751857254557864;0,0008434563175130361;0,0005815474896567197;0,04941700469445734;0,04941700469445735;0,04941700469445735;0,9930208412192291;-0,06357495992521231;0,9942048658185556;-0,05345669260683432;4,941700469445735e-06
46;1,1555139863456334;0,5600438998939736;-1,1546660256570573;-0,5594592037649355;0,000847960688576066;0,0005846961290381092;0,07485825395469131;0,07485825395469131;0,07485825395469131;0,9903570562368743;-0,19331553476244256;0,9895718674561544;-0,20029615025973782;7,485825395469131e-06
47;0,7912216500191025;0,3841836311636835;-0,7905906666011427;-0,38374858924487143;0,0006309834179597518;0,00043504191881205134;0,051143837874672374;0,051143837874672374;0,051143837874672374;0,992915663122884;-0,0623396823047669;0,9920603999595832;-0,0698856801443367;5,114383787467237e-06
48;1,1965058257745707;0,5816147393371401;-1,1924950510878605;-0,5788494446147026;0,0040107746867101834;0,0027652947224375835;0,076809328775468;0,07680932877546799;0,076809328775468;1,0000000000128018;-3,795227752134509e-20;0,9963800358786498;-0,031709028804114185;7,6809328775468e-06
49;1,0041572352122456;0,48758271556084404;-1,0033615649181598;-0,4869108918714168;0,0007956702940858928;0,0006718236894272533;0,06483741341622544;0,06483741341622544;0,06483741341622544;0,9939960938898702;-0,06595042964146983;0,993097466673155;-0,07914340924468419;6,483741341622544e-06
50;-1,402450861697409;-0,6833970465668364;1,4038908478499754;0,6843898687568413;0,0014399861525664637;0,0009928221900048495;0,09059721522643616;0,09059721522643617;0,09059721522643617;0,9942048658185556;-0,05345669260683432;0,9953069654801446;-0,0438556075411105;9,059721522643616e-06
51;1,1923950510879149;0,5788494446142717;-1,1919811272230665;-0,5785639981867384;0,0004139238648483978;0,00028544642753325355;0,07680411601397483;0,07680411601397484;0,07680411601397484;0,9963800358786498;-0,031709028804114185;0,996006415401582;-0,034996456978731716;7,680411601397484e-06
52;0,3073924932074628;0,1490637760236616;-0,30737947826475626;-0,14905480674682828;1,3014942706557342e-05;8,969276833331596e-06;0,019886446637027322;0,019886446637027325;0,019886446637027325;0,9918283205064508;-0,07468447697435109;0,9917829596784363;-0,07508559561627012;1,9886446637027322e-06
53;-0,24778600640616694;-0,13241022340448685;0,24783087876907653;0,13246315245079585;4,487236290959262e-05;5,2929046308991534e-05;0,01633873884338991;0,01633873884338991;0,01633873884338991;0,9927569062830413;-0,15515017299536726;0,9929849061932119;-0,14994409214185508;1,633873884338991e-06
54;1,4466674904092793;0,706062109011235;-1,43989081761635;-0,7013899077424991;0,006776672792929261;0,004672201268735909;0,09290642941877525;0,09290642941877526;0,09290642941877526;1,0003647056445093;1,9983131448997867e-05;0,9953069654801446;-0,0438556075411105;9,290642941877527e-06
55;0,26286262504474833;0,1271339697427695;-0,26281593680048354;-0,12709456052151757;4,668824426479201e-05;3,94092212519237e-05;0,017015860228516182;0,01701586022851618;0,017015860228516182;0,9907352902086445;-0,08943062582810114;0,9905344615679125;-0,09240391554753467;1,7015860228516182e-06
56;0,26271593680083954;0,127094560521422;-0,26269286315804513;-0,12707508074172646;2,3073642794413374e-05;1,947977969554704e-05;0,017010613100174998;0,017010613100174994;0,017010613100174998;0,9905344615679125;-0,09240391554753467;0,9904351721476301;-0,09387399198097156;1,7010613100174999e-06
57;0,23359280142151168;0,1130750286270246;-0,2335354439478221;-0,1130266036495369;5,735747368956767e-05;4,842497748770713e-05;0,01512819606608374;0,015128196066083737;0,01512819606608374;0,9904351721476301;-0,09387399198097156;0,9901576247293556;-0,09798063120694969;1,512819606608374e-06
58;-0,8690081421997693;-0,42260882249210324;0,8694063469760085;0,4228833876697242;0,00039820477623919714;0,0002745651776209779;0,05619697128460369;0,05619697128460371;0,05619697128460371;0,9927667066363602;-0,06344303675992224;0,9932579791060882;-0,05913071330974617;5,619697128460371e-06
59;0,45132215470229914;0,21922254354416024;-0,4511846301745363;-0,21906033577860493;0,00013752452776283342;0,00016220776555531113;0,029109236947734974;0,029109236947734977;0,029109236947734977;0,9951612866556265;-0,09893735313847993;0,9947753826780031;-0,10874105353796279;2,910923694773498e-06
60;0,8590670165053784;0,4167356633478121;-0,8584472097888658;-0,41630829624826277;0,0006198067165126275;0,00042736709954932506;0,05542699929071389;0,05542699929071389;0,05542699929071389;0,9945705314197675;-0,047584724552174724;0,9937953668473964;-0,054430462529030776;5,542699929071389e-06
61;-1,3543317600869706;-0,656670656211325;1,3595348823482247;0,661063302660378;0,005203122261254078;0,004392646449053017;0,08724818518234223;0,08724818518234222;0,08724818518234223;0,9959977958164425;-0,06374729284992177;1,0003647056445093;1,9983131448997867e-05;8,724818518234223e-06
62;0,0;0,0;0,0;0,0;0,0;0,0;;;;;;;;
63;0,0;0,0;0,0;0,0;0,0;0,0;;;;;;;;
64;0,8359610156110737;0,4065478025419671;-0,8350603444212651;-0,4057873712569544;0,0009006711898086328;0,000760431285012686;0,05388429917557565;0,053884299175575655;0,053884299175575655;0,996006415401582;-0,034996456978731716;0,9947822750874228;-0,05288956624336296;5,388429917557565e-06
65;0,05700215970353201;0,02700149777726924;-0,056999983229744124;-0,026999997375461996;2,1764737878834928e-06;1,5004018072452274e-06;0,0036745797123348416;0,0036745797123348416;0,0036745797123348416;0,9910189143689708;-0,17355091398637315;0,9909779175803319;-0,1739362993728315;3,6745797123348414e-07
66;0,16504153387464637;0,08002863504375224;-0,16501297424541808;-0,08000894530769807;2,8559629228291916e-05;1,9689736054165352e-05;0,01064131088897915;0,010641310888979153;0,010641310888979153;0,9951612866556265;-0,09893735313847993;0,9949752518789268;-0,10057944957419347;1,0641310888979155e-06
67;0,8013615649187183;0,3889108918711271;-0,8009855416730804;-0,3885934362170221;0,000376023245637902;0,0003174556541050144;0,051784807414670765;0,05178480741467077;0,05178480741467077;0,993097466673155;-0,07914340924468419;0,9925657852591704;-0,08695790582162358;5,178480741467078e-06
68;0,800885541673072;0,38859343621739273;-0,8005683914804024;-0,388325672334208;0,0003171501926696463;0,000267763883184724;0,051779574094694976;0,05177957409469497;0,051779574094694976;0,9925657852591704;-0,08695790582162358;0,9921173057708823;-0,0935554798794768;5,177957409469498e-06
69;0,6464471681478497;0,31330826754262675;-0,646195052254764;-0,3131344773953929;0,0002521158930857137;0,00017379014723384323;0,04173407822831362;0,04173407822831362;0,04173407822831362;0,9937953668473964;-0,054430462529030776;0,9933766538624917;-0,05813543334125129;4,173407822831362e-06
70;0,7824683764229192;0,3793256619634296;-0,7824504003537834;-0,37931052826420003;1,7976069135783312e-05;1,5133699229563646e-05;0,05060329642497994;0,05060329642497993;0,05060329642497994;0,9921173057708823;-0,0935554798794768;0,9920913184670807;-0,0939360896014061;5,060329642497994e-06
71;-0,3179999999999769;-0,1540000000000469;0,3181990487139423;0,15413724601608164;0,00019904871396536628;0,00013724601603473663;0,020594869196703336;0,020594869196703336;0,020594869196703336;0,9905062372536712;-0,19199588873193668;0,9911761543963223;-0,1860377743360259;2,0594869196703334e-06
72;0,7200603444208179;0,3497873712570767;-0,7196725745677791;-0,34946002045428587;0,0003877698530387885;0,00032735080279083784;0,04646067315079751;0,046460673150797493;0,04646067315079751;0,9947822750874228;-0,05288956624336296;0,9941711086124503;-0,061842559484307266;4,646067315079751e-06
73;0,8524478245515514;0,4126877931371357;-0,8517520135484541;-0,4122080860203572;0,0006958110030973463;0,0004797071167785272;0,05496896194572063;0,05496896194572063;0,05496896194572063;0,9947474984211554;-0,14026724078931133;0,9938701660278223;-0,14805250414654622;5,4968961945720626e-06
74;0,00010000002639899394;1,8193680702105704e-11;-9,999999998565478e-05;1,7431381713493013e-14;2,6413339167231063e-11;1,8211112083819197e-11;5,7841705212546636e-06;5,784170521254663e-06;5,7841705212546636e-06;0,9981559490384162;-0,04271705514750612;0,9981556853921532;-0,042727489343380665;5,784170521254664e-10
75;0,0;0,0;0,0;0,0;0,0;0,0;;;;;;;;
76;0,24703900726458097;0,11902690247842275;-0,246999984055321;-0,11899999728352939;3,9023209259969605e-05;2,6905194893359075e-05;0,015943848373507964;0,015943848373507968;0,015943848373507968;0,9929849061932119;-0,14994409214185508;0,9928153142883359;-0,1514696517241569;1,5943848373507967e-06
77;0,08200406334701331;0,04000479357154062;-0,08199999999995358;-0,03999999999979191;4,063347059726774e-06;4,793571748706871e-06;0,005295509680135845;0,005295509680135845;0,005295509680135845;0,9947753826780031;-0,10874105353796279;0,9947126526229543;-0,11032780015316401;5,295509680135845e-07
78;0,5201950522554786;0,2521344773954809;-0,5200786935698002;-0,25205425221318395;0,00011635868567838603;8,022518229694464e-05;0,03359790506362015;0,03359790506362015;0,03359790506362015;0,9933766538624917;-0,05813543334125129;0,9931365948699759;-0,06026107617865149;3,3597905063620148e-06
79;-0,6015270879739988;-0,29233717416402505;0,6016725745678092;0,29246002045378783;0,00014548659381041773;0,00012284628976277912;0,03885040029625998;0,038850400296259975;0,03885040029625998;0,9938968506184301;-0,06585901144390119;0,9941711086124503;-0,061842559484307266;3,885040029625998e-06
80;-0,6844049201321114;-0,3312791609092305;0,6846294924047799;0,3314340159280844;0,00022457227266847735;0,00015485501885392772;0,04437807960649723;0,04437807960649722;0,04437807960649723;0,9892211146941852;-0,2034253828389744;0,9895718674561544;-0,20029615025973782;4,437807960649723e-06
81;0,0;0,0;0,0;0,0;0,0;0,0;;;;;;;;
82;0,5804504003580768;0,28131052827113706;-0,5803345333195141;-0,28123063454516717;0,00011586703856270031;7,989372596989286e-05;0,03753745359970005;0,03753745359970005;0,03753745359970005;0,9920913184670807;-0,0939360896014061;0,9918773577149834;-0,09583411824170945;3,7537453599700052e-06
83;0,9993584551242253;0,483097692630307;-0,998926918652988;-0,48273337981478887;0,00043153647123728156;0,00036431281551813077;0,06406253418076152;0,0640625341807615;0,06406253418076152;1,0003647056445093;1,9983131448997867e-05;0,9998716696963569;-0,007219600150997538;6,406253418076152e-06
84;-0,036999994332474945;-0,01800000006078749;0,03700063912933647;0,018000656646462856;6,447968615222455e-07;6,565856753640298e-07;0,002386436496412674;0,0023864364964126736;0,002386436496412674;0,9954464817631946;-0,07179077672377676;0,9954674585068882;-0,07136141174663334;2,386436496412674e-07
85;1,0248536689391554;0,4965881084409973;-1,0235636970038144;-0,49569876108583877;0,0012899719353409722;0,000889347355158554;0,06600744600032772;0,06600744600032771;0,06600744600032772;0,9961020633949222;-0,1282845706331276;0,9947474984211554;-0,14026724078931133;6,600744600032772e-06
86;-0,5212686213931309;-0,2531189664333099;0,5215270879735945;0,25333717416391327;0,00025846658046357884;0,0002182077306033814;0,03368043423188723;0,03368043423188724;0,03368043423188724;0,9933348914895818;-0,07409952642366549;0,9938968506184301;-0,06585901144390119;3,3680434231887243e-06
87;0,7104178512317963;0,3432881049529066;-0,7102131848039726;-0,3431470157558537;0,0002046664278237964;0,00014108919705291267;0,045537032796003275;0,045537032796003275;0,045537032796003275;1,0003647056445093;1,9983131448997867e-05;1,0000532351845044;-0,002739430473265373;4,553703279600328e-06
88;-0,46427815925869415;-0,22614894907828742;0,4644286789065698;0,22627600935762035;0,00015051964787565764;0,00012706027933293007;0,03006695709850334;0,03006695709850334;0,03006695709850334;0,9916522758589722;-0,07536195300136657;0,9920189663532084;-0,07000350692043095;3,0066957098503338e-06
89;-0,337040853987884;-0,16302859179862847;0,33791186017447944;0,16362911645264777;0,0008710061865954133;0,0006005246540193021;0,021809529044776645;0,021809529044776642;0,021809529044776645;0,9911243569403886;-0,1730458863674768;0,9938923689675252;-0,1484254513140681;2,1809529044776645e-06
90;0,8749841920860906;0,42369326007637925;-0,8746807485534694;-0,423437037759541;0,0003034435326211282;0,0002562223168382505;0,05610776285147359;0,0561077628514736;0,0561077628514736;1,0003647056445093;1,9983131448997867e-05;0,9999687747644901;-0,005779313146634836;5,61077628514736e-06
91;0,8972968217621533;0,433894103902583;-0,8963535819061839;-0,43324375419073113;0,0009432398559694466;0,0006503497118518498;0,05808212379317602;0,05808212379317601;0,05808212379317602;0,9907411552265842;-0,08238545761261541;0,989615648469585;-0,09244929023032299;5,808212379317602e-06
92;0,22703573312142888;0,11002463613991355;-0,22700461149624593;-0,11000317989832437;3,1121625182956025e-05;2,1456241589182246e-05;0,014719512806030193;0,014719512806030193;0,014719512806030193;0,9895718674561544;-0,20029615025973782;0,9894253156057731;-0,201599044356495;1,4719512806030192e-06
93;-0,11500062919638943;-0,05600065559127934;0,11500545192758944;0,056004727092525255;4,822731200018748e-06;4,071501245914155e-06;0,007418568694477874;0,007418568694477877;0,007418568694477877;0,9954674585068882;-0,07136141174663334;0,9955150758526108;-0,07066754141357666;7,418568694477878e-07
94;0,31807869357017327;0,15405425221359706;-0,31799999999983924;-0,1539999999999969;7,86935703340208e-05;5,425221360016996e-05;0,02054581498845286;0,02054581498845286;0,02054581498845286;0,9931365948699759;-0,06026107617865149;0,992871122718401;-0,06261643660362994;2,054581498845286e-06
95;0,0;0,0;0,0;0,0;0,0;0,0;;;;;;;;
96;0,4543345333193031;0,22023063454544492;-0,4541545788682602;-0,22010657091526578;0,00017995445104290742;0,00012406363017913868;0,0293889820855455;0,029388982085545492;0,0293889820855455;0,9918773577149834;-0,09583411824170945;0,9914529306050128;-0,09959704319187648;2,9388982085545497e-06
97;0,0;0,0;0,0;0,0;0,0;0,0;;;;;;;;
98;-9,999996021923074e-05;-2,2282147742933383e-11;9,999996429948968e-05;2,5094999704217485e-11;4,0802589443018206e-12;2,812851961284102e-12;5,8158901959243025e-06;5,8158901959243025e-06;5,8158901959243025e-06;0,992711382205704;-0,1591698122414106;0,9927114227109216;-0,15916820059589834;5,815890195924303e-10
99;0,0;0,0;0,0;0,0;0,0;0,0;;;;;;;;
100;-0,4635299533803625;-0,22429643924492698;0,46363819392909794;0,22437105819570904;0,00010824054873542766;7,461895078206271e-05;0,029954862384061174;0,029954862384061167;0,029954862384061174;0,9925064685080655;-0,15737735343593912;0,9927569062830413;-0,15515017299536726;2,995486238406117e-06
101;0,00500004037987776;0,0030000281621935256;-0,004999998682671931;-0,002999999413938127;4,169720582876402e-08;2,874825539862097e-08;0,0003389503285980862;0,0003389503285980862;0,0003389503285980862;0,9932222271274284;-0,15369511654878273;0,9932136174004613;-0,15372654411558465;3,389503285980862e-08
102;-0,3152749851065601;-0,15205170578721172;0,31546231735456604;0,15218086302942962;0,00018733224800593362;0,00012915724221790326;0,020388335250252708;0,020388335250252708;0,020388335250252708;0,9911916212879155;-0,08040292541314552;0,9918283205064508;-0,07468447697435109;2,038833525025271e-06
103;0,18124949705099486;0,08703412475041904;-0,181242747102142;-0,08702947159418856;6,7499488528577345e-06;4,653156230480238e-06;0,011695173324316044;0,011695173324316048;0,011695173324316048;0,9925783764071056;-0,06638653785495606;0,9925383944840508;-0,0667492457141146;1,1695173324316048e-06
104;-0,4821989943444445;-0,23313720180949954;0,48240492013231556;0,2332791609092032;0,00020592578787104188;0,00014195909970365905;0,031274333197248975;0,03127433319724896;0,031274333197248975;0,9887647862324703;-0,20750665630944543;0,9892211146941852;-0,2034253828389744;3,1274333197248977e-06
105;0,3731545788681301;0,1811065709151873;-0,3730330253866018;-0,18102276989725247;0,00012155348152825818;8,380101793484251e-05;0,02415388247326805;0,024153882473268048;0,02415388247326805;0,9914529306050128;-0,09959704319187648;0,991104080702795;-0,10268085296999578;2,415388247326805e-06
106;-0,39940569322624236;-0,19321077120618374;0,3995299567505151;0,193296439847636;0,00012426352427274967;8,566864145226338e-05;0,025818177454160686;0,02581817745416069;0,02581817745416069;0,9921728940705045;-0,16034729941147902;0,9925064685080655;-0,15737735343593912;2,581817745416069e-06
107;-0,6229548105646987;-0,3012446390442401;0,6230437872856713;0,3013059687315625;8,897672097263332e-05;6,132968732242006e-05;0,04028000124868483;0,04028000124868483;0,04028000124868483;0,9918283205064508;-0,07468447697435109;0,9919814047041979;-0,07332033921438143;4,0280001248684835e-06
108;-0,23700543121300144;-0,1150047285243577;0,2370500297287758;0,11505013932272426;4,459851577437446e-05;4,541079836656303e-05;0,015277910131729345;0,015277910131729341;0,015277910131729345;0,9955150758526108;-0,07066754141357666;0,9957416244963863;-0,06601744098733534;1,5277910131729344e-06
109;0,07700332218216277;0,037002302371850544;-0,07699997741320504;-0,036999996147702635;3,3447689577331685e-06;2,3062241479090972e-06;0,004979769986380426;0,0049797699863804255;0,004979769986380426;0,9904950524711462;-0,17917603364744816;0,9904485187902397;-0,1795985705346377;4,979769986380426e-07
110;0,07411563405053777;0,0360107942375365;-0,07410009745744224;-0,03600008227731741;1,5536593095527573e-05;1,0711960219095262e-05;0,004780548549481775;0,004780548549481777;0,004780548549481777;0,9951612866556265;-0,09893735313847993;0,9949359803502157;-0,10091608316572716;4,780548549481777e-07
111;0,0;0,0;0,0;0,0;0,0;0,0;;;;;;;;
112;0,11324274710167355;0,05402947159390286;-0,11322697575165254;-0,054018598327559494;1,5771350021009933e-05;1,087326634336555e-05;0,007298560852135658;0,007298560852135656;0,007298560852135658;0,9925383944840508;-0,0667492457141146;0,9923887573167678;-0,06812952526460128;7,298560852135658e-07
113;0,11312697575147364;0,0540185983275471;-0,1131018950136099;-0,054001306549504774;2,50807378637391e-05;1,729177804232762e-05;0,00729331045487441;0,007293310454874409;0,00729331045487441;0,9923887573167678;-0,06812952526460128;0,99215060921395;-0,07032239489072574;7,29331045487441e-07
114;0,6277476271957023;0,30344649409996527;-0,627259268481255;-0,3031098041928723;0,0004883587144473012;0,00033668990709295743;0,040613673120165464;0,040613673120165464;0,040613673120165464;0,9911761543963223;-0,1860377743360259;0,9903428203572641;-0,19348853689665757;4,061367312016546e-06
115;0,373757760277901;0,18038645642955153;-0,37370159080616194;-0,18033902792758202;5,616947173903153e-05;4,742850196950976e-05;0,024139828457736046;0,024139828457736046;0,024139828457736046;0,9925783764071056;-0,06638653785495606;0,992408086322132;-0,0689133936503215;2,4139828457736045e-06
116;0,3736015908066233;0,1803390279280168;-0,3735224669419776;-0,1802722409556944;7,912386464570265e-05;6,678697232237463e-05;0,024134589101328808;0,024134589101328808;0,024134589101328808;0,992408086322132;-0,0689133936503215;0,9921681744529202;-0,07247071312231525;2,4134589101328805e-06
117;0,3734224669416035;0,1802722409552819;-0,3733051252217535;-0,18017316947046663;0,00011734171985000597;9,907148481527739e-05;0,024129348585973202;0,024129348585973202;0,024129348585973202;0,9921681744529202;-0,07247071312231525;0,9918122756671401;-0,07775160360153002;2,4129348585973203e-06
118;0,12704884577416445;0,06203369592602223;-0,1270000050779637;-0,062000021902923495;4,884069620075815e-05;3,367402309873563e-05;0,008215133724748224;0,008215133724748223;0,008215133724748224;0,9936345039210205;-0,15011514553311817;0,9932222271274284;-0,15369511654878273;8,215133724748224e-07
119;-0,3353438504716355;-0,16216813097452132;0,33540569660104336;0,16221077180792973;6,184612940784984e-05;4,2640833408408296e-05;0,021680102012790605;0,02168010201279061;0,02168010201279061;0,9919751855750693;-0,16211010827812633;0,9921728940705045;-0,16034729941147902;2,168010201279061e-06
120;-0,5093076248464474;-0,2450780428212913;0,5094438716886847;0,24517198604013576;0,00013624684223723094;9,394321884445556e-05;0,032871755682549325;0,03287175568254933;0,03287175568254933;0,9927114227109216;-0,15916820059589834;0,9929986024628129;-0,156576417467993;3,287175568254933e-06
121;-0,32828944387394393;-0,1591306238760532;0,3283438508562382;0,15916813100237;5,440698229425278e-05;3,75071263168103e-05;0,02123731727367764;0,02123731727367763;0,02123731727367764;0,9917976124865544;-0,16368340387902514;0,9919751855750693;-0,16211010827812633;2,123731727367764e-06
122;0,3492653389197289;0,16911670335347675;-0,34911751667107754;-0,16901478749796428;0,00014782224865134141;0,0001019158555124744;0,02255469935457203;0,02255469935457203;0,02255469935457203;0,9933348914895818;-0,07409952642366549;0,9928806317010637;-0,07813315168969692;2,2554699354572027e-06
123;-0,32808317200417453;-0,15905735065584703;0,328189443875348;0,1591306238803339;0,00010627187117345782;7,327322448685836e-05;0,02123207913142583;0,021232079131425833;0,021232079131425833;0,9914506598252221;-0,16675808951351775;0,9917976124865544;-0,16368340387902514;2,1232079131425832e-06
124;0,08310189501346477;0,040001306549357435;-0,08310000000869049;-0,040000000007078026;1,8950047742799514e-06;1,306542279408407e-06;0,0053669211041817155;0,0053669211041817155;0,0053669211041817155;0,99215060921395;-0,07032239489072574;0,9921261447469685;-0,07054315922723536;5,366921104181715e-07
125;-0,27100599432270295;-0,13100413200860841;0,2710908029202719;0,13106260316400664;8,480859756893055e-05;5,847115539822645e-05;0,017554155677367102;0,017554155677367102;0,017554155677367102;0,990007992402785;-0,19648222553458872;0,9903428203572641;-0,19348853689665757;1,7554155677367103e-06
126;0,0;0,0;0,0;0,0;0,0;0,0;;;;;;;;
127;0,0;0,0;0,0;0,0;0,0;0,0;;;;;;;;
128;0,19132162315921633;0,09208385565406077;-0,19128148239242068;-0,09205617994070237;4,014076679564882e-05;2,7675713358404908e-05;0,012350453172007638;0,012350453172007638;0,012350453172007638;0,9925783764071056;-0,06638653785495606;0,9923531861052536;-0,06841869257893057;1,2350453172007637e-06
129;0,19118148239249877;0,09205617994068689;-0,19112800679502862;-0,09201931030850499;5,347559747015396e-05;3,686963218189898e-05;0,012345210956322614;0,012345210956322614;0,012345210956322614;0,9923531861052536;-0,06841869257893057;0,9920530521697705;-0,071124973768783;1,2345210956322614e-06
130;0,15402124564928144;0,07401467119640989;-0,15400329960488904;-0,07400229851317601;1,794604439239733e-05;1,2372683233882742e-05;0,009959306022315553;0,009959306022315553;0,009959306022315553;0,990619888771201;-0,1780429818887468;0,9904950524711462;-0,17917603364744816;9,959306022315552e-07
131;0,0;0,0;0,0;0,0;0,0;0,0;;;;;;;;
132;-9,999998185872223e-05;-9,803675898206104e-12;9,999999041656986e-05;1,7027990435084835e-11;8,557847627158749e-12;7,224314536878731e-12;5,8030231985075e-06;5,8030231985075e-06;5,8030231985075e-06;0,9949127285918886;-0,07599620990816428;0,994912813735029;-0,07599207068091993;5,8030231985075e-10
133;-0,35604686468379865;-0,17203231350737422;0,35619899434449376;0,17213720180968659;0,00015212966069511058;0,00010488830231236701;0,023100211506257583;0,023100211506257587;0,023100211506257587;0,9883083807127573;-0,2115991694849108;0,9887647862324703;-0,20750665630944543;2,3100211506257585e-06
134;0,0;0,0;0,0;0,0;0,0;0,0;;;;;;;;
135;-0,41452314277943225;-0,20115386878859445;0,4146718822952023;0,20125641231652933;0,00014873951577004663;0,00010254352793487298;0,0267187680159688;0,0267187680159688;0,0267187680159688;0,9956119019395581;-0,06714313114820124;0,9959977958164425;-0,06374729284992177;2,6718768015968798e-06
136;0,2963051252219462;0,14317316947084988;-0,2961893538547147;-0,14307543095827074;0,00011577136723150971;9,773851257913191e-05;0,01915643388385691;0,01915643388385691;0,01915643388385691;0,9918122756671401;-0,07775160360153002;0,9913699569093131;-0,08430709471662033;1,9156433883856907e-06
137;0,613422608095641;0,2971876848362274;-0,6132935400443202;-0,29709871243943864;0,0001290680513207354;8,897239678873348e-05;0,03935343340079657;0,03935343340079659;0,03935343340079659;1,0000000000128018;-3,795227752134509e-20;0,9997726803801812;-0,002000747336714112;3,9353433400796596e-06
138;0,6131935400440084;0,2970987124391674;-0,6127096859032121;-0,296765119231987;0,00048385414079632483;0,00033359320718040486;0,03934823637050724;0,039348236370507224;0,03934823637050724;0,9997726803801812;-0,002000747336714112;0,9989203552036551;-0,009511029740963453;3,934823637050724e-06
139;0,20906084152052654;0,10204197846777167;-0,2090488221652909;-0,10203369152517419;1,2019355235648455e-05;8,286942597482416e-06;0,013516387758545575;0,013516387758545575;0,013516387758545575;0,9936961683899772;-0,14957941395634777;0,9936345039210205;-0,15011514553311817;1,3516387758545576e-06
140;0,0;0,0;0,0;0,0;0,0;0,0;;;;;;;;
141;0,04520169017046693;0,022001165315802852;-0,04520145456535474;-0,02200100291840605;2,3560511219072877e-07;1,6239739680096177e-07;0,0029312889413200495;0,002931288941320049;0,0029312889413200495;0,9901576247293556;-0,09798063120694969;0,9901520523766297;-0,09802953449504422;2,9312889413200494e-07
142;0,04510145456447159;0,022001002918527975;-0,04510014024989938;-0,02200009674268065;1,3143145722038785e-06;9,061758473247195e-07;0,002926047188239742;0,0029260471882397426;0,0029260471882397426;0,9901520523766297;-0,09802953449504422;0,9901209052846148;-0,09830152120822908;2,9260471882397425e-07
143;0,00010000000964211593;6,6999921705758435e-12;-9,999999998767736e-05;-4,3580339583444906e-14;9,65443857129343e-12;6,656411830992399e-12;5,819323761553088e-06;5,81932376155309e-06;5,81932376155309e-06;0,9921261447469685;-0,07054315922723536;0,9921260489627661;-0,07054697306991141;5,81932376155309e-10
144;0,0;0,0;0,0;0,0;0,0;0,0;;;;;;;;
145;-0,3622058118636071;-0,1740730078166011;0,3631794621918095;0,17474430708529334;0,0009736503282024023;0,0006712992686922492;0,02341206288769028;0,023412062887690276;0,02341206288769028;0,9910110748822709;-0,17448393714655722;0,9938923689675252;-0,1484254513140681;2,341206288769028e-06
146;0,22510337087035992;0,10807130459499258;-0,2250212248244227;-0,10801466769292858;8,21460459372314e-05;5,6636902063991745e-05;0,014547298423839174;0,014547298423839176;0,014547298423839176;0,9910110748822709;-0,17448393714655722;0,990619888771201;-0,1780429818887468;1,4547298423839175e-06
147;0,5486501672987649;0,26513782264955005;-0,547193781232836;-0,264133693268937;0,0014563860659289052;0,0010041293806130613;0,03539818600004504;0,03539818600004504;0,03539818600004504;0,9938701660278223;-0,14805250414654622;0,9910189143689708;-0,17355091398637315;3,539818600004504e-06
148;0,4401916359281945;0,21313219831376687;-0,4401400035327452;-0,2130965914448296;5,163239544930809e-05;3,5606868937276825e-05;0,028492632681593445;0,028492632681593445;0,028492632681593445;0,9910189143689708;-0,17355091398637315;0,9908933059015108;-0,17466952995291007;2,8492632681593444e-06
149;0,11412800679517773;0,05501931030858333;-0,1141080361769845;-0,05500554095552979;1,9970618193226874e-05;1,3769353053534605e-05;0,007373496298003504;0,007373496298003504;0,007373496298003504;0,9920530521697705;-0,071124973768783;0,9918653755066283;-0,07281250440319265;7,373496298003504e-07
150;0,02700079575257792;0,013000548644710258;-0,026999999999948388;-0,012999999999942426;7,957526295329642e-07;5,486447678323958e-07;0,0017389179973635023;0,0017389179973635023;0,0017389179973635023;0,9949752518789268;-0,10057944957419347;0,9949435447409463;-0,10086455555161745;1,7389179973635022e-07
151;0,11400803617675481;0,05500554095513364;-0,11399999999975297;-0,054999999999689735;8,036177001846667e-06;5,540955443902873e-06;0,007368253294563256;0,007368253294563257;0,007368253294563257;0,9918653755066283;-0,07281250440319265;0,9917897963171542;-0,07349080093112367;7,368253294563257e-07
152;-0,5496504176245837;-0,26524159284542115;0,5499475805653233;0,2654464764735737;0,0002971629407396703;0,00020488362815257455;0,03558588660896667;0,03558588660896669;0,03558588660896669;0,9901624770863309;-0,0875809159861404;0,9907411552265842;-0,08238545761261541;3,558588660896669e-06
153;0,6670081421996172;0,3246088224924616;-0,6665428953928225;-0,32428801268184815;0,00046524680679471686;0,0003208098106134427;0,043140023987540244;0,04314002398754023;0,043140023987540244;0,9927667066363602;-0,06344303675992224;0,9920189663532084;-0,07000350692043095;4,314002398754025e-06
154;0,08601217849285452;0,042008396662591034;-0,08600000000006594;-0,041999999999984404;1,2178492788575412e-05;8,396662606630079e-06;0,00555445181054038;0,005554451810540381;0,005554451810540381;0,9949752518789268;-0,10057944957419347;0,9948232032927361;-0,1018966526576875;5,554451810540381e-07
155;0,25310186039006216;0,1230702663009766;-0,2530608287564736;-0,12304197636482249;4,103163358853967e-05;2,828993615411335e-05;0,016348995265851818;0,01634899526585182;0,01634899526585182;0,9938701660278223;-0,14805250414654622;0,9936961683899772;-0,14957941395634777;1,634899526585182e-06
156;-0,2120232212554345;-0,103016015397868;0,21208317815469882;0,10305735172049289;5,9956899264329566e-05;4,133632262488807e-05;0,013731121890742576;0,013731121890742576;0,013731121890742576;0,991147950443224;-0,16942556404362497;0,9914506598252221;-0,16675808951351775;1,3731121890742576e-06
157;0,0;0,0;0,0;0,0;0,0;0,0;;;;;;;;
158;0,5595051649449162;0,2707620022379921;-0,5592320385064923;-0,2705736712206269;0,0002731264384239207;0,0001883310173652064;0,03592555745169429;0,03592555745169429;0,03592555745169429;0,9989203552036551;-0,009511029740963453;0,9983934160166079;-0,01417297091936042;3,592555745169429e-06
159;0,20204519679474106;0,0980311641228478;-0,20199999520300665;-0,09799999914031135;4,520159173440619e-05;3,1164982536455166e-05;0,013105902276204201;0,013105902276204204;0,013105902276204204;0,9892980183007809;-0,0958560522746158;0,9890589370325158;-0,0979760229438435;1,3105902276204205e-06
160;0,1710330253869104;0,08302276989734805;-0,17100074719214067;-0,08300051516388166;3,227819476972482e-05;2,2254733466398058e-05;0,011075024102713266;0,011075024102713268;0,011075024102713268;0,991104080702795;-0,10268085296999578;0,9909020415145086;-0,10446685263806342;1,1075024102713267e-06
161;0,0;0,0;0,0;0,0;0,0;0,0;;;;;;;;
162;0,0;0,0;0,0;0,0;0,0;0,0;;;;;;;;
163;0,22518935385463867;0,10907543095813885;-0,22510468691468943;-0,1090039567977122;8,466693994924057e-05;7,147416042664612e-05;0,014571943392848497;0,014571943392848497;0,014571943392848497;0,9913699569093131;-0,08430709471662033;0,9909446102480828;-0,09058788200680656;1,4571943392848497e-06
164;-0,14500000000033322;-0,06999999999980903;0,14500599432249062;0,07000413200828645;5,9943221573932615e-06;4,132008477417126e-06;0,009390299838621987;0,009390299838621987;0,009390299838621987;0,989963757426331;-0,19687899887659724;0,990007992402785;-0,19648222553458872;9,390299838621987e-07
165;0,43616399033846515;0,21112871173406875;-0,4360601714143071;-0,21105713206542895;0,00010381892415806115;7,157966863979848e-05;0,02808945552091767;0,02808945552091767;0,02808945552091767;0,9959977958164425;-0,06374729284992177;0,9957416244963863;-0,06601744098733534;2,808945552091767e-06
166;0,01800057637450025;0,009000397940746675;-0,017999998858904527;-0,008999999756552806;5,775155957239708e-07;3,981841938689029e-07;0,0011726616548001787;0,0011726616548001787;0,0011726616548001787;0,9908527645266508;-0,08342525814296031;0,9908185655209434;-0,08370390054151547;1,1726616548001786e-07
167;-0,7140913188365656;-0,344373422619513;0,714184341205053;0,3444375584248722;9,302236848740542e-05;6,413580535924446e-05;0,046053154445370455;0,046053154445370455;0,046053154445370455;0,9938923689675252;-0,1484254513140681;0,9940323370697085;-0,14717086736868176;4,6053154445370455e-06
168;-9,999999997060334e-05;7,596351050039954e-13;0,00010000000278618462;1,6176286405839085e-12;2,8155812777834813e-12;2,377263745587904e-12;5,81556497813651e-06;5,81556497813651e-06;5,81556497813651e-06;0,9927672912097791;-0,07979848539632267;0,9927673191619492;-0,07979712332455426;5,81556497813651e-10
169;0,0;0,0;0,0;0,0;0,0;0,0;;;;;;;;
170;0,5452108687895824;0,2641453618338669;-0,5450026461593308;-0,26400182463554744;0,0002082226302515533;0,00014353719831944334;0,035344530590192436;0,03534453059019243;0,035344530590192436;0,989615648469585;-0,09244929023032299;0,9892073234133245;-0,09608138131572655;3,534453059019243e-06
171;0,38814001876243864;0,18809659404951187;-0,3880811510092223;-0,18805600997246344;5,8867753216340635e-05;4,0584077048433365e-05;0,02513086726304018;0,025130867263040178;0,02513086726304018;0,9908933059015108;-0,17466952995291007;0,9907309422215475;-0,1761109861511978;2,513086726304018e-06
172;-0,1751000000033986;-0,08500000000183205;0,17511751667106323;0,08501478749810282;1,7516667664640995e-05;1,4787496270762812e-05;0,011319457247966703;0,011319457247966706;0,011319457247966706;0,9927673191619492;-0,07979712332455426;0,9928806317010637;-0,07813315168969692;1,1319457247966705e-06
173;-0,15409997905598433;-0,0749999986779048;0,15412684790221445;0,07502268363974128;2,6868846230126975e-05;2,26849618364805e-05;0,009945340443651673;0,009945340443651673;0,009945340443651673;0,994912813735029;-0,07599207068091993;0,9951106966898684;-0,07310445039243475;9,945340443651673e-07
174;0,643787006339905;0,3233320593721498;-0,6426678041405987;-0,3225604248579238;0,0011192021993063905;0,0007716345142260161;0,041592872889580176;0,041592872889580176;0,041592872889580176;1,0000146510263266;-0,09384627364894707;0,9981456554646478;-0,10876586509702699;4,159287288958018e-06
175;0,5013504421237216;0,2422640835498915;-0,5012055184366676;-0,2421417324867517;0,00014492368705398828;0,00012235106313981947;0,03214879548319969;0,032148795483199696;0,032148795483199696;0,9999687747644901;-0,005779313146634836;0,9996388394380351;-0,010628361496698427;3,2148795483199695e-06
176;0,07000237668126547;0,03400164092060779;-0,07000057302956836;-0,03400039736321334;1,803651697107611e-06;1,243557394448036e-06;0,004534475146620787;0,004534475146620786;0,004534475146620787;0,9908803394171871;-0,08318188652009709;0,9908527645266508;-0,08342525814296031;4,534475146620787e-07
177;0,4911279113563914;0,2375708257798344;-0,49091073577947003;-0,23742107526171802;0,00021717557692135792;0,00014975051811638718;0,031549179628579366;0,031549179628579366;0,031549179628579366;0,9983934160166079;-0,01417297091936042;0,9979163131239397;-0,018400679504758058;3,1549179628579366e-06
178;-0,13500977805847597;-0,06600674463003886;0,13502322534973454;0,06601601608666584;1,344729125857258e-05;9,271456626977481e-06;0,008754938433949479;0,008754938433949479;0,008754938433949479;0,9910414283925216;-0,1703492319215484;0,991147950443224;-0,16942556404362497;8,754938433949479e-07
179;0,0;0,0;0,0;0,0;0,0;0,0;;;;;;;;
180;0,47581057286244727;0,23042096294425873;-0,4756115583389843;-0,23028374929241688;0,00019901452346299253;0,0001372136518418554;0,03058637546738237;0,030586375467382375;0,030586375467382375;0,9979163131239397;-0,018400679504758058;0,9974653257290848;-0,02238578079122261;3,0586375467382374e-06
181;-0,11899999369711176;-0,05799999885326751;0,11900977889729067;0,0580067448056068;9,785200178913378e-06;6,745952339293204e-06;0,007712853937861353;0,00771285393786135;0,007712853937861353;0,9909534608057398;-0,1711182077465416;0,9910414283925216;-0,1703492319215484;7,712853937861353e-07
182;0,6558991771604725;0,3186199786676074;-0,6553152784058034;-0,3182173907115499;0,0005838987546691321;0,0004025879560574652;0,042487236424351996;0,042487236424352;0,042487236424352;0,9908852784390247;-0,0818336316810318;0,9899325526018405;-0,09024826538430883;4,2487236424352e-06
183;0,0;0,0;0,0;0,0;0,0;0,0;;;;;;;;
184;0,0;0,0;0,0;0,0;0,0;0,0;;;;;;;;
185;0,3151749851092318;0,15205170579149668;-0,3151339781893743;-0,15202343719142472;4,1006919857533575e-05;2,8268600071962302e-05;0,02038308888857201;0,02038308888857201;0,02038308888857201;0,9911916212879155;-0,08040292541314552;0,991052215687959;-0,0816544255600996;2,0383088888572012e-06
186;-0,06920215032539388;-0,03400181640361189;0,06920630215695184;0,03400467936066642;4,151831557955288e-06;2,862957054532156e-06;0,004487962931471919;0,00448796293147192;0,00448796293147192;0,991900875737675;-0,07257959178219402;0,9919650544321409;-0,0720307406224749;4,4879629314719203e-07
187;1,5134971688915506;0,7344101342733272;-1,508014991685566;-0,7306304543867317;0,00548217720598454;0,003779679886595555;0,09712447342875702;0,09712447342875703;0,09712447342875703;1,0000146510263266;-0,09384627364894707;0,9961020633949222;-0,1282845706331276;9,712447342875704e-06
188;0,5156201485975265;0,249511700494135;-0,5153612937414438;-0,24929318196594955;0,0002588548560826798;0,00021851852818546846;0,03307589545644197;0,03307589545644197;0,03307589545644197;0,9998716696963569;-0,007219600150997538;0,9992988124215229;-0,015620974131586522;3,307589545644197e-06
189;0,24904686468385143;0,12003231350700728;-0,24902227034227584;-0,12001535647926494;2,459434157559004e-05;1,6957027742348085e-05;0,01615045575452466;0,01615045575452466;0,01615045575452466;0,9883083807127573;-0,2115991694849108;0,988202860716284;-0,21255203489154298;1,615045575452466e-06
190;0,293081178738116;0,14205601495748926;-0,29300415680039926;-0,1420029090501032;7,702193771674803e-05;5,310590738605292e-05;0,018979869125044024;0,018979869125044027;0,018979869125044027;0,9907309422215475;-0,1761109861511978;0,9904496505634697;-0,17860869886650102;1,8979869125044027e-06
191;0,40630678027990896;0,1962216799740321;-0,4062413506160118;-0,1961664323306605;6,54296638971652e-05;5,52476433715865e-05;0,026053816771636446;0,026053816771636453;0,026053816771636453;0,9998716696963569;-0,007219600150997538;0,9996878659121833;-0,009924292933657207;2,6053816771636455e-06
192;-0,04120080557374527;-0,020000680825639983;0,04120215070686209;0,02000181658790236;1,3451331168229386e-06;1,1357622623775487e-06;0,0026658870282355034;0,0026658870282355025;0,0026658870282355034;0,9918639271259324;-0,07312290279705104;0,991900875737675;-0,07257959178219402;2,6658870282355035e-07
193;-0,04109999919969239;-0,01999999995980336;0,04110080557631253;0,020000680824550313;8,063766201368838e-07;6,808647469540297e-07;0,0026606517738785485;0,002660651773878549;0,002660651773878549;0,9918417283366556;-0,07344804198815044;0,9918639271259324;-0,07312290279705104;2,660651773878549e-07
194;-0,2261268381262904;-0,11002268301725165;0,22618093502120845;0,11006835022248825;5,40968949180598e-05;4,5667205236590847e-05;0,01459009772251878;0,014590097722518777;0,01459009772251878;0,9951106966898684;-0,07310445039243475;0,9953822560600015;-0,06914193020879351;1,4590097722518782e-06
195;0,41950935748797336;0,20328223181208394;-0,419379224282796;-0,2031925058626263;0,00013013320517735183;8,972594945763634e-05;0,026982562176642508;0,026982562176642504;0,026982562176642508;0,9974653257290848;-0,02238578079122261;0,997131027695244;-0,02533632930573971;2,698256217664251e-06
196;0,19401884401635336;0,0940130192021217;-0,19399994414911853;-0,0939999899974525;1,8899867234828394e-05;1,3029204669195993e-05;0,012517042095615433;0,012517042095615435;0,012517042095615435;0,9944408131585399;-0,14317063602623695;0,9943361560933739;-0,1440965499556632;1,2517042095615436e-06
197;-0,05099998518996307;-0,02499999717127794;0,05100168972728817;0,025001172283907844;1,7045373250992868e-06;1,1751126299044956e-06;0,0033087118856624477;0,003308711885662447;0,0033087118856624477;0,9910886245098294;-0,17335344149716955;0,9911243569403886;-0,1730458863674768;3,3087118856624477e-07
198;-1,0590431919696348;-0,5127192705235958;1,06000361712657;0,5133814524463018;0,0009604251569352851;0,0006621819227060621;0,06862471536527669;0,06862471536527667;0,06862471536527669;0,9899152355618658;-0,09046848502467877;0,9908852784390247;-0,0818336316810318;6,862471536527669e-06
199;-0,27301212731747093;-0,13200837739362287;0,27307602031793554;0,13205242630452632;6,389300046460988e-05;4,404891090345475e-05;0,017511763739855603;0,017511763739855603;0,017511763739855603;0,999800371410038;-0,0049764928865296985;1,0000532351845044;-0,002739430473265373;1,7511763739855603e-06
200;0,40727907342050507;0,1971924018358318;-0,4071383126989269;-0,19709536240348705;0,00014076072157814812;9,703943234476431e-05;0,026200576987356006;0,026200576987356016;0,026200576987356016;0,997131027695244;-0,02533632930573971;0,9967586687431672;-0,028629666413623106;2,6200576987356017e-06
201;0,5742913443470791;0,28971363510854425;-0,5739696384377594;-0,2894918441142609;0,00032170590931968057;0,00022179099428337734;0,037376739078048955;0,03737673907804895;0,037376739078048955;0,993582882600909;-0,14520933669830724;0,9929849061932119;-0,14994409214185508;3,7376739078048953e-06
202;0,0;0,0;0,0;0,0;0,0;0,0;;;;;;;;
203;0,0;0,0;0,0;0,0;0,0;0,0;;;;;;;;
204;-9,999999720729463e-05;-1,4378785115856955e-12;0,00010000000240373699;5,825172186491022e-12;5,196442356817689e-12;4,387293674905326e-12;5,820992065294935e-06;5,820992065294936e-06;5,820992065294936e-06;0,9918416767961715;-0,07345055572215776;0,9918417283366556;-0,07344804198815044;5,820992065294936e-10
205;0,0;0,0;0,0;0,0;0,0;0,0;;;;;;;;
206;-0,16699997993524598;-0,08099999629761302;0,16703177714392353;0,08102191820773214;3,179720867754754e-05;2,1921910119113153e-05;0,01076981626719978;0,010769816267199776;0,01076981626719978;0,9950058758970235;-0,07249315899693831;0,9952105330508517;-0,07068836390546845;1,076981626719978e-06
207;-0,16713177713168229;-0,08102191821105158;0,1671712434822704;0,08104912773631806;3,9466350588102106e-05;2,7209525266483348e-05;0,010775036192987782;0,010775036192987782;0,010775036192987782;0,9952105330508517;-0,07068836390546845;0,9954644211367437;-0,0684468746594712;1,0775036192987781e-06
208;-0,16727124346878733;-0,08104912774046867;0,16729418060701157;0,08106494212851931;2,2937138224238263e-05;1,5814388050636174e-05;0,01078025528261169;0,010780255282611688;0,01078025528261169;0,9954644211367437;-0,0684468746594712;0,9956119019395581;-0,06714313114820124;1,078025528261169e-06
209;-0,44330414132563756;-0,214071802018497;0,4435483785845228;0,214240186891276;0,00024423725888522707;0,00016838487277900938;0,028721608409495843;0,02872160840949584;0,028721608409495843;0,9895731770822132;-0,09286449858517505;0,9901624770863309;-0,0875809159861404;2,872160840949584e-06
210;-1,0414097808670717;-0,5039031855136812;1,0425376203005066;0,5046807467550503;0,001127839433434863;0,0007775612413690736;0,06687171887247849;0,0668717188724785;0,0668717188724785;0,9988457100273301;-0,1041695429825897;1,0000146510263266;-0,09384627364894707;6,687171887247851e-06
211;0,31513717885088666;0,15209459209218887;-0,3150700498399376;-0,15204831310962694;6,712901094907409e-05;4,6278982561931414e-05;0,02020158168715871;0,02020158168715871;0,02020158168715871;1,0000532351845044;-0,002739430473265373;0,9998229666102575;-0,004786769834768795;2,020158168715871e-06
212;0,350241363593611;0,1691664279881373;-0,35011409777137303;-0,16907868768771014;0,00012726582223798744;8,774030042715819e-05;0,02246336132351375;0,02246336132351375;0,02246336132351375;0,9996878659121833;-0,009924292933657207;0,9992952484359365;-0,013410370751444623;2,2463361323513753e-06
213;0,37920554067977624;0,18314172829135175;-0,3791082361273857;-0,1830746461815512;9,730455239054248e-05;6,708210980055362e-05;0,024321862520734837;0,024321862520734837;0,024321862520734837;0,9996388394380351;-0,010628361496698427;0,9993615942588787;-0,01309013323406569;2,4321862520734834e-06
214;0,43836130401231277;0,21229318259210211;-0,43807679968618557;-0,21205298359064312;0,00028450432612719956;0,0002401990014589961;0,028140247722465383;0,028140247722465383;0,028140247722465383;0,9992988124215229;-0,015620974131586522;0,9985586802113582;-0,026472243529934415;2,8140247722465384e-06
215;-0,127999984607664;-0,06199999718132032;0,12800670786595275;0,06200463193809808;6,723258288737766e-06;4,6347567777618726e-06;0,00825337012539701;0,008253370125397012;0,008253370125397012;0,9949115609418391;-0,07329112023185372;0,994968021871776;-0,07279147648180576;8,253370125397012e-07
216;0,0;0,0;0,0;0,0;0,0;0,0;;;;;;;;
217;0,0;0,0;0,0;0,0;0,0;0,0;;;;;;;;
218;0,6265006957709954;0,3147891381886254;-0,6263915327720706;-0,31471387395954453;0,00010916299892482773;7,52642290808847e-05;0,040734068168343046;0,040734068168343046;0,040734068168343046;0,993769029864932;-0,1437184012867836;0,993582882600909;-0,14520933669830724;4,0734068168343046e-06
219;0,6271101848652333;0,315140548557675;-0,626600627712419;-0,31478922597899034;0,0005095571528143106;0,000351322578684643;0,04073925825414901;0,040739258254149;0,04073925825414901;0,9946378289675055;-0,13676400017399348;0,993769029864932;-0,1437184012867836;4,0739258254149005e-06
220;0,6274557747622277;0,31524107041564936;-0,6273101128620838;-0,3151406414174654;0,00014566190014386748;0,00010042899818396567;0,04074963039562472;0,04074963039562472;0,04074963039562472;0,9948861187652784;-0,1347769273191189;0,9946378289675055;-0,13676400017399348;4,0749630395624725e-06
221;0,6289033266446304;0,3161704859310349;-0,6275556113238432;-0,31524128138701746;0,0013477153207872572;0,000929204544017459;0,04075481300884571;0,0407548130088457;0,04075481300884571;0,9971831278481691;-0,11643269971246509;0,9948861187652784;-0,1347769273191189;4,0754813008845715e-06
222;0,6291124694483403;0,3162460512635328;-0,6290031675066974;-0,3161706912381046;0,00010930194164293638;7,536002542818387e-05;0,040759983095704354;0,040759983095704354;0,040759983095704354;0,9973693982851631;-0,11494816615778077;0,9971831278481691;-0,11643269971246509;4,075998309570435e-06
223;0,6296679730741301;0,31656021066421813;-0,6292124078285232;-0,31624613088228287;0,0004555652456069703;0,0003140797819352614;0,04076515409043612;0,040765154090436115;0,04076515409043612;0,9981456554646478;-0,10876586509702699;0,9973693982851631;-0,11494816615778077;4,076515409043612e-06
224;1,6033926272494041;0,7755111664253677;-1,6022331908782512;-0,7747117739068163;0,0011594363711528999;0,0007993925185513229;0,10282983571471538;0,10282983571471536;0,10282983571471538;1,0000146510263266;-0,09384627364894707;0,999233200934505;-0,10076166762433718;1,0282983571471537e-05
225;0,0;0,0;0,0;0,0;0,0;0,0;;;;;;;;
226;-0,14400670596598553;-0,0700046315257744;0,14404267648438857;0,07002943199263505;3,5970518403039e-05;2,4800466860652737e-05;0,00929131602836228;0,00929131602836228;0,00929131602836228;0,994968021871776;-0,07279147648180576;0,9952364206327788;-0,070438182128713;9,29131602836228e-07
227;0,20201421648520226;0,09801200332475388;-0,20199999999947943;-0,09800000000005168;1,4216485722834404e-05;1,200332470219223e-05;0,013067845930790332;0,013067845930790335;0,013067845930790335;0,9920189663532084;-0,07000350692043095;0,9919393076428791;-0,07117580753495008;1,3067845930790335e-06
228;0,018000773950734444;0,009000534161432303;-0,01799999886317178;-0,008999999757437817;7,750875626634512e-07;5,344039944853857e-07;0,0011715756468499597;0,0011715756468499597;0,0011715756468499597;0,9917829596784363;-0,07508559561627012;0,9917370184484047;-0,07545955473733368;1,1715756468499596e-07
229;0,0;0,0;0,0;0,0;0,0;0,0;;;;;;;;
230;-0,31823894491018784;-0,15409582366718544;0,31833031369384945;0,1541729547847089;9,136878366161616e-05;7,713111752347124e-05;0,020421500250243675;0,020421500250243675;0,020421500250243675;0,9996412437832491;-0,010574440852432684;0,9999687747644901;-0,005779313146634836;2,0421500250243674e-06
231;0,0;0,0;0,0;0,0;0,0;0,0;;;;;;;;
232;0,0;0,0;0,0;0,0;0,0;0,0;;;;;;;;
233;0,3091306598440735;0,14909008515020886;-0,3090913395209052;-0,14906297922530132;3,932032316833478e-05;2,7105924907538936e-05;0,01995951402933335;0,01995951402933335;0,01995951402933335;0,9927569062830413;-0,15515017299536726;0,9926204001630653;-0,1563746733639594;1,9959514029333347e-06
234;-0,3161395419353574;-0,15302726121776772;0,31618056682753815;0,1530555422072711;4,102489218071881e-05;2,8280989503387532e-05;0,02038755510225146;0,02038755510225146;0,02038755510225146;0,9946359178546529;-0,10997763419363547;0,9947753826780031;-0,10874105353796279;2,038755510225146e-06
235;0,32114966856773586;0,15510319958477375;-0,32106476204393974;-0,15504465938232065;8,49065237961133e-05;5,854020245310565e-05;0,02074101280997201;0,02074101280997201;0,02074101280997201;0,9927569062830413;-0,15515017299536726;0,9924732132556265;-0,15768738659521908;2,074101280997201e-06
236;0,31710824344705724;0,1530746475291044;-0,31706286737180495;-0,15304336224603027;4,537607525229026e-05;3,128528307413947e-05;0,02034272586672941;0,020342725866729406;0,02034272586672941;0,9993615942588787;-0,01309013323406569;0,9992070179898558;-0,014465050331940045;2,034272586672941e-06
237;0,049003961414848855;0,02400273832738651;-0,048999985853271394;-0,0239999973109227;3,975561577461428e-06;2,741016463810031e-06;0,0031735377880481876;0,003173537788048188;0,003173537788048188;0,9927114227109216;-0,15916820059589834;0,9926245348091872;-0,15991673937599643;3,173537788048188e-07
238;-0,509543871695961;-0,24517198599706275;0,509686096095699;0,2452700449539272;0,00014222439973798906;9,805895686446076e-05;0,03287699485710757;0,032876994857107565;0,03287699485710757;0,9929986024628129;-0,156576417467993;0,9932983280098343;-0,15387216100482803;3,2876994857107572e-06
239;0,31614410774423085;0,15309940446548892;-0,31601880889496237;-0,15301301295962574;0,00012529884926848478;8,63915058631759e-05;0,02038488554653716;0,020384885546537168;0,020384885546537168;0,99486685226125;-0,13939424188037122;0,9944408131585399;-0,14317063602623695;2,0384885546537166e-06
240;0,19401753829297277;0,09401209756712432;-0,19400283197661986;-0,0940019588707523;1,4706316352919302e-05;1,013869637202236e-05;0,012560898261755224;0,012560898261755223;0,012560898261755224;0,9909614914735343;-0,08246131621188943;0,9908803394171871;-0,08318188652009709;1,2560898261755225e-06
241;0,0;0,0;0,0;0,0;0,0;0,0;;;;;;;;
242;0,2651141078215275;0,12807868950492976;-0,2650316104164313;-0,1280218103090769;8,249740509619352e-05;5,687919585287138e-05;0,017010972878551488;0,017010972878551488;0,017010972878551488;0,9992952484359365;-0,013410370751444623;0,9989591578353543;-0,016394361187058865;1,7010972878551487e-06
243;0,27109134153827774;0,1310629795401293;-0,27102070609009377;-0,13101428193828069;7,063544818397549e-05;4,869760184861294e-05;0,017513915183300217;0,017513915183300213;0,017513915183300217;0,9926204001630653;-0,1563746733639594;0,9923408901810659;-0,15886758189505418;1,7513915183300216e-06
244;0,21307006190288852;0,10304831522753019;-0,21302704740592404;-0,10301866010533946;4,3014496964477456e-05;2,9655122190733185e-05;0,013667192574808237;0,013667192574808237;0,013667192574808237;0,9998229666102575;-0,004786769834768795;0,9996048428138413;-0,006716265757945866;1,3667192574808236e-06
245;-0,2581666796924653;-0,12504598786545001;0,2582389569657442;0,12509582062295016;7,227727327890898e-05;4,98327575001456e-05;0,016572611177732257;0,016572611177732257;0,016572611177732257;0,9993389512484093;-0,013238481083805863;0,9996412437832491;-0,010574440852432684;1,6572611177732255e-06
246;-0,0769999779804267;-0,03699999624294981;0,07700937419976725;0,03700647436806383;9,396219340554457e-06;6,478125114013633e-06;0,004948000624641252;0,004948000624641254;0,004948000624641254;0,9968078448218678;-0,12227159654859744;0,9969394050641894;-0,121085048376314;4,948000624641254e-07
247;0,12200420676624757;0,059002918092861276;-0,12199996429949347;-0,0589999936740308;4,242466754095231e-06;2,9244188304786145e-06;0,007899846336490777;0,007899846336490775;0,007899846336490777;0,9904496505634697;-0,17860869886650102;0,9904124327275572;-0,17894086630520917;7,899846336490776e-07
248;-0,9076066127918949;-0,43941824410611335;0,9080431955297372;0,4397192711758891;0,00043658273784230595;0,00030102706977575;0,05884274952416228;0,05884274952416226;0,05884274952416228;0,989400971260458;-0,09505115645246172;0,9899152355618658;-0,09046848502467877;5,884274952416228e-06
249;-0,5516860839452923;-0,2652700428794388;0,5519776178520512;0,265471032644234;0,0002915339067589562;0,0002009897647952119;0,035580858768139954;0,035580858768139954;0,035580858768139954;0,9932983280098343;-0,15387216100482803;0,993865991400148;-0,14874557556119378;3,5580858768139956e-06
250;0,19413398597174772;0,09402343851790256;-0,19411753828338785;-0,09401209757149318;1,644768835987187e-05;1,1340946409379993e-05;0,012566141586065038;0,012566141586065041;0,012566141586065041;0,991052215687959;-0,0816544255600996;0,9909614914735343;-0,08246131621188943;1,256614158606504e-06
251;0,11300748630362596;0,054005162636968015;-0,11300000000022052;-0,05400000000020315;7,486303405440653e-06;5,162636764866058e-06;0,007303700837749306;0,007303700837749307;0,007303700837749307;0,9900788865696644;-0,19586945165192504;0,990007895354106;-0,19652370380160014;7,303700837749307e-07
252;0,316076821012359;0,15305298025339759;-0,3159999624965872;-0,15299999314661186;7,685851577182712e-05;5,298710678572349e-05;0,02030484810111589;0,020304848101115897;0,020304848101115897;0,9985586802113582;-0,026472243529934415;0,9982963248546858;-0,02878855332232921;2,03048481011159e-06
253;0,05600231474666744;0,02700159594025594;-0,05600000000002595;-0,02700000000002705;2,314746641488008e-06;1,595940228887871e-06;0,0036323477676196867;0,003632347767619687;0,003632347767619687;0,988202860716284;-0,21255203489154298;0,988158702603332;-0,21295041166975492;3,6323477676196873e-07
254;-0,24704266413083315;-0,12002942969237802;0,24712896217321217;0,12008892667473305;8,629804237902938e-05;5,9496982355022876e-05;0,015933299691653812;0,015933299691653812;0,015933299691653812;0,9952364206327788;-0,070438182128713;0,9956119019395581;-0,06714313114820124;1,5933299691653813e-06
255;0,23604340188160822;0,11402992189609414;-0,23601655572779273;-0,11401141357848188;2,6846153815485163e-05;1,8508317612256353e-05;0,01526960928288993;0,01526960928288993;0,01526960928288993;0,9911761543963223;-0,1860377743360259;0,9910543136956647;-0,18712805773535202;1,5269609282889931e-06
256;0,244064766115837;0,11804466006960518;-0,2440156728015941;-0,11801081187483309;4,909331424288177e-05;3,3848194772090334e-05;0,01577141302898816;0,015771413028988164;0,015771413028988164;0,9924732132556265;-0,15768738659521908;0,9922574747247362;-0,1596100397032494;1,5771413028988163e-06
257;-0,07900399813463019;-0,03800276128346936;0,07901215019944327;0,03800838159381408;8,152064813082838e-06;5,620310344719992e-06;0,005063143681599857;0,005063143681599857;0,005063143681599857;0,9996888198890699;-0,005976998296729436;0,999800371410038;-0,0049764928865296985;5,063143681599857e-07
258;-0,12199996517033986;-0,058999993831833436;0,12202159047874517;0,05901490375719088;2,1625308405312516e-05;1,4909925357443898e-05;0,007850581883028552;0,007850581883028552;0,007850581883028552;0,9966275359080894;-0,12367942314734366;0,9968184489440055;-0,12198531013217512;7,850581883028551e-07
259;1,6392567651544465;0,7930413329624436;-1,6347722336237196;-0,789949513087222;0,004484531530726921;0,0030918198752215575;0,10513451910378528;0,10513451910378525;0,10513451910378528;1,0000146510263266;-0,09384627364894707;0,9970584359928466;-0,12004604888082142;1,0513451910378528e-05
260;0,0;0,0;0,0;0,0;0,0;0,0;;;;;;;;
261;0,0;0,0;0,0;0,0;0,0;0,0;;;;;;;;
262;0,16801085848503192;0,08200751055938088;-0,16800313321048585;-0,08200218424149963;7,72527454606653e-06;5,326317881249043e-06;0,0108362001510688;0,0108362001510688;0,0108362001510688;0,9961020633949222;-0,1282845706331276;0,9960526264035394;-0,12871300230707114;1,08362001510688e-06
263;-0,12199996522728733;-0,058999993842866826;0,12201009464877495;0,05900697710261937;1,0129421487620194e-05;6,983259752547932e-06;0,00784734183224124;0,00784734183224124;0,00784734183224124;0,9970390290147556;-0,12034618759331758;0,9971284885758375;-0,11955281668720369;7,847341832241241e-07
264;0,0;0,0;0,0;0,0;0,0;0,0;;;;;;;;
265;-0,12211009461111685;-0,05900697712142559;0,12212361722292737;0,05901630050904873;1,3522611810520835e-05;9,3233876231405e-06;0,007852554778860507;0,007852554778860503;0,007852554778860507;0,9971284885758375;-0,11955281668720369;0,9972478334420241;-0,11849207962443375;7,852554778860508e-07
266;0,71591260274374;0,34556018968999547;-0,7142843414199112;-0,34443755807958537;0,0016282613238288723;0,0011226316104100964;0,04605838604629205;0,04605838604629206;0,04605838604629206;0,9964821132609328;-0,12526250330250327;0,9940323370697085;-0,14717086736868176;4,6058386046292064e-06
267;-0,5377047724475957;-0,26041704620315453;0,537966373549394;0,260597411395092;0,0002616011017982922;0,00018036519193748157;0,03453826111817984;0,03453826111817985;0,03453826111817985;0,9987082071133004;-0,10539143064528833;0,999233200934505;-0,10076166762433718;3,453826111817985e-06
268;-0,1941000000075898;-0,09400000000514595;0,19413954193561644;0,09402726121780709;3,954192802663181e-05;2,7261212661139345e-05;0,012521252386893078;0,012521252386893077;0,012521252386893078;0,9944170329912151;-0,1119167547796294;0,9946359178546529;-0,10997763419363547;1,2521252386893077e-06
269;0,19402741464553927;0,09401891326955238;-0,19399997670174873;-0,09399999572691158;2,743794379053699e-05;1,891754264080059e-05;0,012505799792328512;0,012505799792328513;0,012505799792328513;0,9953822560600015;-0,06914193020879351;0,9952301784193097;-0,07048662758591014;1,2505799792328513e-06
270;-0,23122381213542187;-0,11201641869544209;0,23127089215229016;0,11204887767283603;4,708001686828944e-05;3,2458977393942656e-05;0,014993356192845616;0,014993356192845617;0,014993356192845617;0,9893555289279886;-0,09480096819217258;0,9895731770822132;-0,09286449858517505;1,4993356192845617e-06
271;0,04200284375962912;0,020002343515826786;-0,042000429139564456;-0,020000304953990196;2,4146200646654736e-06;2,0385618365904856e-06;0,002710674728703726;0,0027106747287037256;0,002710674728703726;0,9908866316087482;-0,17518928141655718;0,9908215303809725;-0,17617750254731335;2,710674728703726e-07
272;0,0;0,0;0,0;0,0;0,0;0,0;;;;;;;;
273;-0,04999999407660831;-0,023999998970179754;0,05000393232379312;0,02400271415349643;3,938247184809285e-06;2,7151833166746964e-06;0,003203351960340406;0,0032033519603404045;0,003203351960340406;0,9996036530521395;-0,006745121545132103;0,9996888198890699;-0,005976998296729436;3,2033519603404057e-07
274;0,1950628818030075;0,0940433648706075;-0,19500966220064647;-0,09400667335762151;5,321960236101542e-05;3,66915129859785e-05;0,012512412847939917;0,012512412847939918;0,012512412847939918;0,9992070179898558;-0,014465050331940045;0,9989122929019872;-0,017095435815918474;1,2512412847939918e-06
275;0,1867968909469617;0,09006680524732451;-0,18676082134245198;-0,09004193353875464;3,6069604509719744e-05;2,4871708569865203e-05;0,012011835388747978;0,012011835388747978;0,012011835388747978;0,9967586687431672;-0,028629666413623106;0,9965505845624163;-0,030491658730486648;1,2011835388747979e-06
276;0,2710906138958371;0,13106614068313743;-0,2710233584354278;-0,13101977029730116;6,725546040931007e-05;4,637038583626962e-05;0,017512351241533726;0,01751235124153373;0,01751235124153373;0,9927114227109216;-0,15916820059589834;0,9924452590283424;-0,1615421390909624;1,7512351241533729e-06
277;-0,6289775956667202;-0,3024710287065157;0,6293200763584124;0,3027071406650213;0,00034248069169218187;0,00023611195850559152;0,04054350525123066;0,04054350525123067;0,04054350525123067;0,993865991400148;-0,14874557556119378;0,994451233546681;-0,14346508688221404;4,054350525123067e-06
278;-0,6294200764344661;-0,3027071405188275;0,6298708174480925;0,3030178943364951;0,00045074101362641006;0,00031075381766759724;0,04054873726121577;0,04054873726121577;0,04054873726121577;0,994451233546681;-0,14346508688221404;0,995221383760068;-0,13652261404021887;4,054873726121577e-06
279;-0,5214837626717791;-0,25333360534124333;0,521792015602701;0,2535461237768757;0,0003082529309219595;0,0002125184356323584;0,03353261348846661;0,03353261348846661;0,03353261348846661;0,9982084315434675;-0,10974585624537751;0,9988457100273301;-0,1041695429825897;3,353261348846661e-06
280;0,16003162282673683;0,07702181262440448;-0,160001585512399;-0,07700110290289115;3,0037314337816312e-05;2,070972151332895e-05;0,010264541565991983;0,010264541565991984;0,010264541565991984;0,9989591578353543;-0,016394361187058865;0,9987564045606827;-0,018212432928946004;1,0264541565991985e-06
281;0,1816607983960991;0,08804191771722009;-0,18164069963547308;-0,08802806032346056;2,0098760626030554e-05;1,385739375953099e-05;0,011695387645891706;0,011695387645891708;0,011695387645891708;0,9965505845624163;-0,030491658730486648;0,9964314646208104;-0,03154317902525796;1,169538764589171e-06
282;0,1792404263665133;0,08702787094374234;-0,17922435860911062;-0,08701679414107628;1,6067757402676852e-05;1,1076802666057373e-05;0,011541173478384294;0,011541173478384292;0,011541173478384294;0,9967586687431672;-0,028629666413623106;0,9966621593315614;-0,029476995163308373;1,1541173478384294e-06
283;0,11502700952685707;0,05601862800943164;-0,11500365663779319;-0,056002527539861645;2,335288906388233e-05;1,610046956999206e-05;0,007389687447087894;0,007389687447087894;0,007389687447087894;0,9996048428138413;-0,006716265757945866;0,9993857306718926;-0,008620062613553463;7,389687447087894e-07
284;0,1901427131163671;0,09109839235697097;-0,19012280463007533;-0,09108466612292025;1,9908486291769778e-05;1,3726234050714936e-05;0,012300540044690627;0,012300540044690625;0,012300540044690627;0,989615648469585;-0,09244929023032299;0,9895035397020615;-0,09347577504858132;1,2300540044690628e-06
285;0,17403335634903483;0,08502516431932601;-0,17401938526953592;-0,08501336677396991;1,3971079498908967e-05;1,1797545356101447e-05;0,011294017026153373;0,011294017026153373;0,011294017026153373;0,9901576247293556;-0,09798063120694969;0,9900669799940701;-0,09930219698390028;1,1294017026153374e-06
286;0,4382753400669911;0,21218989438413632;-0,4381440727114326;-0,21209939819518656;0,00013126735555851754;9,049618894976796e-05;0,028249360303934556;0,028249360303934556;0,028249360303934556;0,9951889146512984;-0,1365398500092766;0,99486685226125;-0,13939424188037122;2,8249360303934556e-06
287;-0,45304625143498733;-0,22003189445606494;0,453315283175926;0,2202173915822593;0,00026903174093867444;0,0001854971261943672;0,029392901339076356;0,029392901339076367;0,029392901339076367;0,9892980183007809;-0,0958560522746158;0,9899325526018405;-0,09024826538430883;2,9392901339076365e-06
288;0,17203220614648687;0,08202220300351933;-0,1720103512992532;-0,08200713671376113;2,1854847233659935e-05;1,5066289758197682e-05;0,011126024875522623;0,011126024875522623;0,011126024875522623;0,9889823429296616;-0,09826199699149786;0,9888463272311135;-0,09952300010207873;1,1126024875522623e-06
289;0,1700199555964608;0,08201376053910302;-0,17001022035978802;-0,08200704658277697;9,735236672775427e-06;6,71395632605154e-06;0,011028583027199373;0,011028583027199373;0,011028583027199373;0,988202860716284;-0,21255203489154298;0,9881416872333603;-0,21310372608471004;1,1028583027199373e-06
290;0,021000436963231815;0,010000304529355136;-0,02099999382820579;-0,00999999900260669;4,431350260243605e-07;3,0552674844600003e-07;0,0013553528736196003;0,0013553528736196003;0,0013553528736196003;0,9908215303809725;-0,17617750254731335;0,9907988919815236;-0,1763876928760059;1,3553528736196003e-07
291;-0,1531232609371042;-0,07401604685526497;0,15316669208469347;0,07404599017682457;4,343114758925681e-05;2,9943321559602887e-05;0,009828724478756995;0,009828724478756998;0,009828724478756998;0,9990327100060391;-0,015952215414708048;0,9993389512484093;-0,013238481083805863;9,828724478756998e-07
292;-0,1529999818733695;-0,07399999670974174;0,15302326094911273;0,07401604685225144;2,327907574323218e-05;1,6050142509702048e-05;0,00982352168730827;0,009823521687308271;0,009823521687308271;0,9988684709599688;-0,017405982271162183;0,9990327100060391;-0,015952215414708048;9,82352168730827e-07
293;0,14902071253287202;0,0720142830616102;-0,14900749355433965;-0,072005169977925;1,3218978532375525e-05;9,113083685202694e-06;0,009629419464468103;0,009629419464468105;0,009629419464468105;0,9923408901810659;-0,15886758189505418;0,9922457551176531;-0,15971702794048095;9,629419464468106e-07
294;0,095003658972546;0,04600252804515374;-0,09499998877069828;-0,045999997948560835;3,670201847730259e-06;2,530096592907871e-06;0,0060979856555291615;0,0060979856555291615;0,0060979856555291615;0,9993857306718926;-0,008620062613553463;0,9993440154909567;-0,008987910156071288;6,097985655529162e-07
295;-0,19412478171008277;-0,09401711372354453;0,19415049801972756;0,09403484264027939;2,571630964479099e-05;1,772891673486321e-05;0,01250358563559682;0,012503585635596821;0,012503585635596821;0,9959595100827344;-0,1295453020343861;0,9961020633949222;-0,1282845706331276;1,250358563559682e-06
296;-0,19399994447490182;-0,09399999005883646;0,19402478174067167;0,09401711371338799;2,4837265769850347e-05;1,7123654551531864e-05;0,012498368640681295;0,012498368640681295;0,012498368640681295;0,9958217667683448;-0,13076236791928322;0,9959595100827344;-0,1295453020343861;1,2498368640681296e-06
297;0,15501655572781903;0,07501141357838752;-0,15500000000004355;-0,0749999999998737;1,65557277754802e-05;1,1413578513821965e-05;0,010032389571283799;0,0100323895712838;0,0100323895712838;0,9910543136956647;-0,18712805773535202;0,9909399408152579;-0,1881471384776169;1,00323895712838e-06
298;0,15402011161140822;0,0740161956444576;-0,1540050643235293;-0,07400349140062244;1,5047287878905413e-05;1,2704243835162665e-05;0,009905423881251988;0,009905423881251986;0,009905423881251988;0,996006415401582;-0,034996456978731716;0,9958952915614382;-0,03665066269360072;9,905423881251988e-07
299;0,15229571029091754;0,07406598755303813;-0,15221738399748672;-0,07401198419888062;7,832629343082487e-05;5,400335415750579e-05;0,009825023770334425;0,009825023770334423;0,009825023770334425;0,9951612866556265;-0,09893735313847993;0,9946085833584172;-0,10378098863635815;9,825023770334425e-07
300;0,23905260667757408;0,11503626677239562;-0,2390074863034574;-0,11500516263665173;4,5120374116691675e-05;3,110413574389237e-05;0,015466925314344451;0,015466925314344453;0,015466925314344453;0,9902809994981168;-0,19404139239060425;0,9900788865696644;-0,19586945165192504;1,5466925314344454e-06
301;0,20218114599447481;0,09805594396380475;-0,2021756070018965;-0,0980521267546988;5,538992578324464e-06;3,817209105944075e-06;0,012973329557336618;0,012973329557336622;0,012973329557336622;1,0000000000128018;-3,795227752134509e-20;0,9999704077219752;-0,0002594519963254459;1,297332955733662e-06
302;0,2020756070021416;0,0980521267547036;-0,20199999999996002;-0,0979999999999632;7,560700218159355e-05;5,212675474039474e-05;0,012968134847518843;0,012968134847518839;0,012968134847518843;0,9999704077219752;-0,0002594519963254459;0,9995662597135004;-0,0038044717460748658;1,2968134847518843e-06
303;0,0;0,0;0,0;0,0;0,0;0,0;;;;;;;;
304;0,0;0,0;0,0;0,0;0,0;0,0;;;;;;;;
305;0,5024959084982775;0,2442855140413116;-0,5022083434708978;-0,24408725844134527;0,00028756502737969925;0,0001982555999663349;0,032387828398846526;0,03238782839884653;0,03238782839884653;0,9959977958164425;-0,06374729284992177;0,9953822560600015;-0,06914193020879351;3,238782839884653e-06
306;0,0;0,0;0,0;0,0;0,0;0,0;;;;;;;;
307;-0,07699999085098212;-0,036999998400204896;0,07700159536243327;0,03700110465707408;1,6045114511475944e-06;1,1062568691863617e-06;0,004938459167628277;0,004938459167628277;0,004938459167628277;0,9987338955579427;-0,018415097877744854;0,9987564045606827;-0,018212432928946004;4,938459167628277e-07
308;-1,063655515798708;-0,513761837791115;1,0641668170874137;0,5141143628930408;0,00051130128870569;0,00035252510192584907;0,06828638552999759;0,06828638552999758;0,06828638552999759;0,9987142964755107;-0,10536975140147391;0,999233200934505;-0,10076166762433718;6,828638552999759e-06
309;0,06000298762779156;0,02800220718578644;-0,06000087341498993;-0,0280007496602944;2,1142128016349293e-06;1,4575254920386194e-06;0,0038510176202986154;0,003851017620298616;0,003851017620298616;0,9927114227109216;-0,15916820059589834;0,9926734590877867;-0,15953742422769762;3,851017620298616e-07
310;0,1420193852692919;0,06901336677351276;-0,14200599875696795;-0,06900413636248794;1,3386512323937394e-05;9,230411024824248e-06;0,009207811261757544;0,009207811261757546;0,009207811261757546;0,9900669799940701;-0,09930219698390028;0,9899661892019733;-0,10019174539412326;9,207811261757545e-07
311;0,0;0,0;0,0;0,0;0,0;0,0;;;;;;;;
312;0,13901022035968993;0,06700704658279392;-0,13900005755690814;-0,06700003968757146;1,016280278179349e-05;7,006895222469445e-06;0,009016424933473757;0,009016424933473757;0,009016424933473757;0,9881416872333603;-0,21310372608471004;0,9880635844568398;-0,21380885935814403;9,016424933473757e-07
313;0,27316846556136815;0,1320472010299703;-0,27315268742693866;-0,13203632247089608;1,5778134429489388e-05;1,0878559074223304e-05;0,017688187851787364;0,017688187851787367;0,017688187851787367;0,9903428203572641;-0,19348853689665757;0,9902809994981168;-0,19404139239060425;1,7688187851787368e-06
314;0,13211588334912827;0,06401097043469392;-0,1320999620146914;-0,06399999320821485;1,592133443686916e-05;1,097722647906696e-05;0,008520604686670964;0,008520604686670964;0,008520604686670964;0,9947474984211554;-0,14026724078931133;0,9946179800840671;-0,14141353342397842;8,520604686670964e-07
315;0,12200749498316243;0,0590051702208822;-0,12199999355112928;-0,05899999887803317;7,501432033152344e-06;5,171342849025207e-06;0,007885775798556588;0,007885775798556588;0,007885775798556588;0,9922457551176531;-0,15971702794048095;0,9921798285114387;-0,1603045142415874;7,885775798556588e-07
316;0,13111730404293914;0,06401192907311186;-0,13110235791464567;-0,06400162496047411;1,4946128293474858e-05;1,0304112637748997e-05;0,008469691668208039;0,00846969166820804;0,00846969166820804;0,9946085833584172;-0,10378098863635815;0,9944862139041126;-0,10484234363509727;8,469691668208041e-07
317;0,13100235791428658;0,06400162496177654;-0,13100000000041837;-0,06400000000016817;2,357913868211714e-06;1,624961608368003e-06;0,008464475012021477;0,008464475012021477;0,008464475012021477;0,9944862139041126;-0,10484234363509727;0,9944668979226137;-0,10500935577747508;8,464475012021477e-07
318;0,15203324917302524;0,07302292434559632;-0,1520104224080605;-0,07300718555549973;2,2826764964734014e-05;1,573879009658663e-05;0,009840236672031715;0,009840236672031715;0,009840236672031715;0,9895731770822132;-0,09286449858517505;0,9894124701912302;-0,09432690161246077;9,840236672031714e-07
319;0,12912253609396568;0,06301553773626001;-0,12910764780440345;-0,06300527346181167;1,4888289562225987e-05;1,0264274448334998e-05;0,00832307843679893;0,008323078436798931;0,008323078436798931;0,9966621593315614;-0,029476995163308373;0,9965381187195276;-0,03055166988925803;8,32307843679893e-07
320;0,1284370100491574;0,06202551641107931;-0,12842570205846118;-0,062017720269640815;1,1307990696207693e-05;7,796141438497217e-06;0,008264220512491519;0,00826422051249152;0,00826422051249152;0,9964314646208104;-0,03154317902525796;0,9963366412533488;-0,03238799613735149;8,264220512491521e-07
321;-0,040100585451891886;-0,019000403687193017;0,040102039040187935;0,019001405954098823;1,4535882960492463e-06;1,0022669058064315e-06;0,002587502601246327;0,002587502601246327;0,002587502601246327;0,9901235910164866;-0,08794674095226654;0,9901624770863309;-0,0875809159861404;2,587502601246327e-07
322;0,12602312204386348;0,06101594187438551;-0,1259999999998617;-0,06099999999999847;2,3122044001788744e-05;1,5941874387040422e-05;0,00811771508657346;0,00811771508657346;0,00811771508657346;0,9958329019516446;-0,036481144300909624;0,9956354798370556;-0,038229847892933766;8,117715086573459e-07
323;0,12601242516261157;0,061010490096193914;-0,1260000000000257;-0,060999999999912416;1,2425162585871785e-05;1,0490096281498551e-05;0,008158783508823058;0,008158783508823056;0,008158783508823058;0,9907352902086445;-0,08943062582810114;0,9906238039858639;-0,09107887360070485;8,158783508823059e-07
324;0,1260112185724124;0,061007737380109825;-0,12599999699475026;-0,06099999946818827;1,1221577662146043e-05;7,737911921552876e-06;0,008178671238177913;0,008178671238177917;0,008178671238177917;0,9883100268844279;-0,10479843016750587;0,9882149251985747;-0,10564756873425948;8,178671238177917e-07
325;0,05900328247350239;0,02900226307992828;-0,0590000000000466;-0,029000000000004002;3,282473455788748e-06;2,2630799242778776e-06;0,003821308652950272;0,003821308652950272;0,003821308652950272;0,9933348914895818;-0,07409952642366549;0,9932753006201024;-0,07460762791347708;3,821308652950272e-07
326;-0,19912359524904727;-0,09601629674853836;0,19917029246181314;0,09604849291164913;4,6697212765872687e-05;3,219616311077311e-05;0,012798364880884396;0,0127983648808844;0,0127983648808844;0,9972478334420241;-0,11849207962443375;0,9975006670857356;-0,11623300563315712;1,27983648808844e-06
327;0,03800087845234976;0,018000751701770165;-0,037999987408243716;-0,017999999535662135;8,910441060411278e-07;7,521661080298059e-07;0,0024456010712102356;0,002445601071210235;0,0024456010712102356;0,9926734590877867;-0,15953742422769762;0,992646846986584;-0,15994391249847867;2,4456010712102357e-07
328;0,7937399584766823;0,3831306074921636;-0,7929125810597712;-0,3825601854013346;0,0008273774169110792;0,0005704220908290258;0,05100799718132939;0,051007997181329395;0,051007997181329395;0,9976061450153211;-0,115236906154234;0,9964821132609328;-0,12526250330250327;5,10079971813294e-06
329;0,1220101430279954;0,059007000074866325;-0,12199998536241254;-0,058999997343532534;1,0157665582863351e-05;7,002731333791146e-06;0,007858274676898659;0,007858274676898659;0,007858274676898659;0,9957416244963863;-0,06601744098733534;0,9956520403013703;-0,0668130239666949;7,858274676898658e-07
330;0,11500746745833676;0,05600514911891824;-0,11499999999994628;-0,055999999999882456;7,467458390475468e-06;5,149119035784133e-06;0,007411068504733056;0,007411068504733056;0,007411068504733056;0,9965381187195276;-0,03055166988925803;0,9964682539186603;-0,031160868981180156;7,411068504733056e-07
331;0,12201567924786183;0,059010812997816464;-0,12199999354955736;-0,05899999887775311;1,5685698304471196e-05;1,0814120063352972e-05;0,007886254309602075;0,007886254309602075;0,007886254309602075;0,9922574747247362;-0,1596100397032494;0,9921196264082406;-0,16083866748319367;7,886254309602075e-07
332;-0,4515018459108827;-0,21827712310640812;0,4517047966452181;0,21841705083569;0,00020295073433540534;0,00013992772928186903;0,029005453170456053;0,02900545317045605;0,029005453170456053;0,9982232772502102;-0,10969010581118446;0,9987082071133004;-0,10539143064528833;2,9005453170456055e-06
333;0,10932540911524065;0,05301751829460077;-0,10931584217429202;-0,053010922711963254;9,56694094862709e-06;6,5955826375127535e-06;0,007040753562590117;0,007040753562590116;0,007040753562590117;0,9963366412533488;-0,03238799613735149;0,9962424540108012;-0,03321803759308588;7,040753562590117e-07
334;0,19402337326141372;0,0940197807398714;-0,19399993613016575;-0,09399999651631291;2,3437131247971976e-05;1,978422355848608e-05;0,012542619315291123;0,012542619315291123;0,012542619315291123;0,9924452590283424;-0,1615421390909624;0,9923084610652898;-0,16355772868225074;1,2542619315291123e-06
335;-0,021100000022717166;-0,010000000015613152;0,021100585452041822;0,010000403687096935;5,854293246565501e-07;4,0367148378302187e-07;0,001361585526333565;0,0013615855263335653;0,0013615855263335653;0,9900938283102793;-0,08822660394819488;0,9901235910164866;-0,08794674095226654;1,3615855263335654e-07
336;-0,18603220614667632;-0,08902220300373336;0,18612280463051795;0,0890846661227648;9,059848384163072e-05;6,246311903145008e-05;0,012039640179534695;0,012039640179534695;0,012039640179534695;0,9889823429296616;-0,09826199699149786;0,9895035397020615;-0,09347577504858132;1,2039640179534695e-06
337;0,10310468691398203;0,05000395679753118;-0,10310000000906536;-0,050000000006761317;4,686904916673118e-06;3,956790769865659e-06;0,00667633980822557;0,0066763398082255706;0,0066763398082255706;0,9909446102480828;-0,09058788200680656;0,990893210525806;-0,0913454082905967;6,676339808225571e-07
338;0,10100461149587109;0,04900317989814867;-0,10099999999960321;-0,04899999999982883;4,611496267875603e-06;3,1798983198341735e-06;0,006550847850087058;0,006550847850087058;0,006550847850087058;0,9894253156057731;-0,201599044356495;0,9893765159555339;-0,20203188490674048;6,550847850087058e-07
339;0,10100070322302142;0,04900048629414329;-0,10099999760072827;-0,04899999956927686;7,056222931511869e-07;4,867248664316981e-07;0,006551416950541719;0,006551416950541721;0,006551416950541721;0,9892980183007809;-0,0958560522746158;0,9892905513331668;-0,09592235756229527;6,55141695054172e-07
340;0,0;0,0;0,0;0,0;0,0;0,0;;;;;;;;
341;0,09921576713526298;0,04801087097291993;-0,09920749002206582;-0,04800516439177158;8,277113197160957e-06;5,7065811483458795e-06;0,006387651838731384;0,006387651838731383;0,006387651838731384;0,9962424540108012;-0,03321803759308588;0,9961526442725969;-0,034014157191101214;6,387651838731384e-07
342;0,6385569171109698;0,30821130214392584;-0,6382873447017356;-0,30802544976971036;0,0002695724092341978;0,0001858523742154783;0,04117552619515232;0,04117552619515232;0,04117552619515232;0,9942048658185556;-0,05345669260683432;0,9937511835713113;-0,05751479119115532;4,117552619515232e-06
343;-0,24402155568570644;-0,11801489757929226;0,244091824478044;0,11806334555649904;7,026879233756889e-05;4,8447977206780846e-05;0,015699660203924975;0,01569966020392498;0,01569966020392498;0,9968184489440055;-0,12198531013217512;0,9971286540688744;-0,11923375999754673;1,5699660203924977e-06
344;0,6331873063651947;0,3060254231901961;-0,6321439038142762;-0,30530604936657146;0,001043402550918504;0,0007193738236246361;0,04085817740634655;0,04085817740634654;0,04085817740634655;0,9937511835713113;-0,05751479119115532;0,9919814047041979;-0,07332033921438143;4,085817740634655e-06
345;-0,42524591150393126;-0,20616960928277506;0,42548378970558726;0,20633361059387909;0,00023787820165599438;0,00016400131110402838;0,02735040510295477;0,027350405102954764;0,02735040510295477;0,9976055542989429;-0,11505243241274218;0,9982084315434675;-0,10974585624537751;2,735040510295477e-06
346;0,04900316716596478;0,024002190522528007;-0,04899998604087926;-0,023999997346855838;3,1811250855162676e-06;2,1931756721688123e-06;0,0031628370183726753;0,0031628370183726753;0,0031628370183726753;0,9960526264035394;-0,12871300230707114;0,9959828669330084;-0,12931187349786638;3,1628370183726756e-07
347;-9,999999999369934e-05;3,971348977417359e-14;0,00010000002262588507;1,556390648749472e-11;2,2632185730543652e-11;1,5603619977268895e-11;5,831269555589119e-06;5,831269555589118e-06;5,831269555589119e-06;0,9900936042304438;-0,08823554416187548;0,9900938283102793;-0,08822660394819488;5,831269555589119e-10
348;0,0;0,0;0,0;0,0;0,0;0,0;;;;;;;;
349;0,0;0,0;0,0;0,0;0,0;0,0;;;;;;;;
350;-0,7304098672742395;-0,3532825925452803;0,7306066169807746;0,35341824487372575;0,00019674970653504875;0,00013565232844542363;0,04735956831590866;0,047359568315908665;0,047359568315908665;0,989113041983735;-0,09762434226603849;0,989400971260458;-0,09505115645246172;4,735956831590866e-06
351;0,08601035129931912;0,041007136713823195;-0,08600000000007238;-0,04099999999997223;1,0351299246744161e-05;7,136713850962317e-06;0,0055633748710299915;0,005563374871029991;0,0055633748710299915;0,9888463272311135;-0,09952300010207873;0,9887174879881289;-0,10071808421141254;5,563374871029991e-07
352;0,07510608829381617;0,03600419786138947;-0,07510095921121494;-0,03600066129621328;5,129082601224022e-06;3,5365651761889993e-06;0,004860488645640989;0,00486048864564099;0,00486048864564099;0,9893555289279886;-0,09480096819217258;0,9892824305300186;-0,09546959025413046;4,860488645640991e-07
353;-0,059999982474451784;-0,028999996907257557;0,0600019659687865;0,029001364460123073;1,9834943347160627e-06;1,367552865515903e-06;0,0038825811451025207;0,0038825811451025202;0,0038825811451025207;0,9909668039924081;-0,1748798992107099;0,9910022094229622;-0,1745634118962824;3,8825811451025206e-07
354;-0,06010196593590582;-0,02900136447798457;0,06010246337717964;0,029001707290749395;4,974412738181777e-07;3,4281276482459044e-07;0,003887827320071577;0,003887827320071577;0,003887827320071577;0,9910022094229622;-0,1745634118962824;0,9910110748822709;-0,17448393714655722;3,8878273200715767e-07
355;0,08100872358284057;0,03900601433430524;-0,08099999999998651;-0,039000000000013;8,723582854058831e-06;6,014334292238355e-06;0,005237618779993525;0,005237618779993526;0,005237618779993526;0,9910954500830723;-0,08349847696971507;0,9909800477976811;-0,08454006799521777;5,237618779993525e-07
356;0,08100599875681781;0,03900413636264036;-0,08099999999989169;-0,03899999999993107;5,998756926126059e-06;4,136362709288022e-06;0,005243402671976302;0,005243402671976303;0,005243402671976303;0,9899661892019733;-0,10019174539412326;0,9898869176455438;-0,1009083734144153;5,243402671976303e-07
357;0,08100506432367939;0,03900349140056716;-0,08100000000000389;-0,03900000000008023;5,064323675502136e-06;3,491400486929641e-06;0,005212120835326674;0,005212120835326674;0,005212120835326674;0,9958952915614382;-0,03665066269360072;0,9958279696371031;-0,03725530295792896;5,212120835326674e-07
358;0,07900079076991777;0,03800067237530439;-0,07899999420821606;-0,03799999974052105;7,965617017102744e-07;6,726347833441171e-07;0,00509710565233277;0,00509710565233277;0,00509710565233277;0,9929849061932119;-0,14994409214185508;0,9929734726513662;-0,15011458931400493;5,09710565233277e-07
359;-0,13810029932503928;-0,06700020641645255;0,1381177238419554;0,06701222083394756;1,7424516916109134e-05;1,2014417495015417e-05;0,008958606470495102;0,008958606470495102;0,008958606470495102;0,9892206990534601;-0,09599665614478017;0,9893555289279886;-0,09480096819217258;8,958606470495103e-07
360;0,05500249053796045;0,027001725027340665;-0,05499998413678336;-0,026999996947732936;2,506401177090889e-06;1,7280796077295824e-06;0,0035635653081185137;0,0035635653081185137;0,0035635653081185137;0,9927114227109216;-0,15916820059589834;0,9926626330085995;-0,15958594079024352;3,5635653081185134e-07
361;-0,3972789688137267;-0,19112345243381754;0,3976177995312373;0,1913570682214221;0,00033883071751061866;0,00023361578760455748;0,025506060871860196;0,025506060871860185;0,025506060871860196;0,9979252992971233;-0,11243152400385836;0,9988457100273301;-0,1041695429825897;2,55060608718602e-06
362;0,6825599080499041;0,33100664916755645;-0,6820521374152132;-0,3306565583332416;0,0005077706346908739;0,00035009083431486454;0,04392622196047916;0,043926221960479156;0,04392622196047916;0,9970584359928466;-0,12004604888082142;0,9962571521401105;-0,12710923591828865;4,392622196047916e-06
363;0,681952137282875;0,33065655855906817;-0,6812752705048915;-0,330189881601334;0,0006768667779835091;0,00046667695773416895;0,04392100732922725;0,04392100732922725;0,04392100732922725;0,9962571521401105;-0,12710923591828865;0,9951889146512984;-0,1365398500092766;4,392100732922725e-06
364;0,0;0,0;0,0;0,0;0,0;0,0;;;;;;;;
365;0,0710069240690233;0,034004773913499126;-0,0710000000002124;-0,03400000000011926;6,924068810906792e-06;4,773913379864381e-06;0,00458791900464068;0,00458791900464068;0,00458791900464068;0,9907411552265842;-0,08238545761261541;0,9906366207941165;-0,0833425623614649;4,58791900464068e-07
366;-0,27100931892862684;-0,1310064644613394;0,27108262545671885;0,13105700685553687;7,330652809200977e-05;5,054239419746698e-05;0,01743233917174479;0,01743233917174479;0,01743233917174479;0,9969394050641894;-0,121085048376314;0,9972308466401941;-0,11849710087258919;1,743233917174479e-06
367;-0,2711826254430159;-0,13105700684098334;0,2712776497991028;0,13112252137735814;9,502435608688131e-05;6,551453637479443e-05;0,017437551700149677;0,017437551700149673;0,017437551700149677;0,9972308466401941;-0,11849710087258919;0,9976085102366582;-0,11514283350915366;1,7437551700149679e-06
368;0,06810711161274345;0,033004903494400134;-0,06810206956762915;-0,03300142687874777;5,042045114297955e-06;3,4766156523646785e-06;0,004386430792508003;0,004386430792508005;0,004386430792508005;0,9961526442725969;-0,034014157191101214;0,9960729673867983;-0,03471811973686006;4,386430792508005e-07
369;0,06800412715008743;0,03300284544073963;-0,06800000000015012;-0,03300000000014396;4,12714993730523e-06;2,8454405956654383e-06;0,0043711755439120575;0,004371175543912058;0,004371175543912058;0,9983934160166079;-0,01417297091936042;0,9983279653306756;-0,014747535930887798;4,371175543912059e-07
370;0,0;0,0;0,0;0,0;0,0;0,0;;;;;;;;
371;0,07300967664954616;0,03500667598308964;-0,07300271227432231;-0,03500187450628435;6,964375223850183e-06;4,801476805288418e-06;0,004679802455063458;0,004679802455063458;0,004679802455063458;0,9989122929019872;-0,017095435815918474;0,9988092077718089;-0,018028525116889443;4,6798024550634574e-07
372;0,0;0,0;0,0;0,0;0,0;0,0;;;;;;;;
373;0,08501042240792686;0,0410071855555095;-0,08500420253407892;-0,041002897619068904;6,219873847940205e-06;4,287936440597329e-06;0,005507581105748114;0,005507581105748115;0,005507581105748115;0,9894124701912302;-0,09432690161246077;0,9893342145213478;-0,09503096812107382;5,507581105748116e-07
374;-0,7518707826163072;-0,362017887849692;0,7527958820872219;0,36265571292950194;0,0009250994709146809;0,0006378250798099172;0,04841039741403349;0,048410397414033496;0,048410397414033496;0,995221383760068;-0,13652261404021887;0,9965454665901341;-0,12463610885388818;4,841039741403349e-06
375;0,062004772263768555;0,030004028865237557;-0,06199999999980954;-0,029999999999963917;4,772263959014478e-06;4,028865273640603e-06;0,004002258265217368;0,004002258265217369;0,004002258265217369;0,9936758902121484;-0,0556144588430016;0,9935886061503371;-0,05690207233809578;4,0022582652173686e-07
376;0,8752123467805552;0,42194286881485976;-0,8747958474388458;-0,42165570647803124;0,0004164993417093976;0,000287162336828517;0,05626161812491834;0,056261618124918346;0,056261618124918346;0,9970584359928466;-0,12004604888082142;0,9965454665901341;-0,12463610885388818;5,626161812491834e-06
377;0,060000732125649214;0,029000504700172805;-0,0599999999987117;-0,02899999999990098;7,321269375124007e-07;5,047002718250315e-07;0,0038516748222363092;0,0038516748222363084;0,0038516748222363092;0,9989318757001098;-0,026906122612368896;0,9989187028542772;-0,027022884415477993;3,851674822236309e-07
378;-0,24601121571106505;-0,11900773687737846;0,2460657098779842;0,11904531009699976;5,44941669191612e-05;3,757321962129245e-05;0,01596470882820338;0,015964708828203375;0,01596470882820338;0,9883100268844279;-0,10479843016750587;0,988546605746259;-0,10268291708551772;1,596470882820338e-06
379;0,06800264615918328;0,03300182463523974;-0,06799999999985085;-0,032999999999777735;2,646159332431175e-06;1,824635462006896e-06;0,004411663888084447;0,004411663888084448;0,004411663888084448;0,9892073234133245;-0,09608138131572655;0,9891657427979983;-0,09644995182307324;4,411663888084448e-07
380;0,056002200851367215;0,027001517480083833;-0,05600000000005949;-0,026999999999905898;2,2008513077265146e-06;1,5174801779350988e-06;0,0035986098683542535;0,003598609868354254;0,003598609868354254;0,9974653257290848;-0,02238578079122261;0,997422946293256;-0,02276461216686209;3,598609868354254e-07
381;0,056000550775087955;0,02700037993753772;-0,05600000000087391;-0,026999999999957086;5,50774214042038e-07;3,799375806329275e-07;0,003589374227626887;0,003589374227626887;0,003589374227626887;1,0000000000128018;-3,795227752134509e-20;0,999989365798342;-9,495730518423748e-05;3,589374227626887e-07
382;0,053103689587051514;0,026002543911772508;-0,053101334242661266;-0,026000919924879434;2,355344390247982e-06;1,6239868930734147e-06;0,0034259891499606693;0,0034259891499606684;0,0034259891499606693;0,9964314646208104;-0,03154317902525796;0,9963837810544751;-0,03195282069222488;3,4259891499606695e-07
383;-0,3932776151459648;-0,19012251517223341;0,3935018623159467;0,19027712608012792;0,00022424716998187266;0,00015461090789450904;0,025280413795142717;0,025280413795142717;0,025280413795142717;0,9976085102366582;-0,11514283350915366;0,9982232772502102;-0,10969010581118446;2,528041379514272e-06
384;0,05200024242797442;0,02500016926896192;-0,05199999592204873;-0,024999999311388;2,465059256925861e-07;1,6995757392071487e-07;0,003352697464208597;0,003352697464208596;0,003352697464208597;0,993582882600909;-0,14520933669830724;0,9935777886867299;-0,14525537868197239;3,352697464208597e-07
385;-0,07110480732546683;-0,03400332511791854;0,07110757234981799;0,03400523150953684;2,765024351161771e-06;1,9063916183031937e-06;0,004584104815191279;0,004584104815191279;0,004584104815191279;0,9926696472862924;-0,15955125810013804;0,9927114227109216;-0,15916820059589834;4,5841048151912795e-07
386;0,0;0,0;0,0;0,0;0,0;0,0;;;;;;;;
387;-0,07099997932681021;-0,03399999654314624;0,07100480736460449;0,03400332509656045;4,828037794279982e-06;3,3285534142071804e-06;0,004578858472568484;0,004578858472568485;0,004578858472568485;0,9925966141446464;-0,16021851014187188;0,9926696472862924;-0,15955125810013804;4,578858472568485e-07
388;-0,00010000000019530503;5,135763199250036e-14;0,00010000001311841085;8,858697688075587e-12;1,2923105822764368e-11;8,910055320068088e-12;5,8364159330799335e-06;5,8364159330799335e-06;5,8364159330799335e-06;0,9892205712154352;-0,09600176122976496;0,9892206990534601;-0,09599665614478017;5,836415933079933e-10
389;0,0;0,0;0,0;0,0;0,0;0,0;;;;;;;;
390;0,050001822515295745;0,02400125640493045;-0,05000000000032267;-0,02399999999996092;1,8225149730766166e-06;1,2564049695282242e-06;0,0032129331652789627;0,003212933165278962;0,0032129331652789627;0,9966621593315614;-0,029476995163308373;0,9966228648095412;-0,02983237683425169;3,212933165278963e-07
391;0,0;0,0;0,0;0,0;0,0;0,0;;;;;;;;
392;-0,2761702705224901;-0,13304848913573886;0,27627900323184545;0,13312345832247235;0,00010873270935535251;7,496918673349784e-05;0,017742925343288304;0,017742925343288307;0,017742925343288307;0,9975006670857356;-0,11623300563315712;0,9979252992971233;-0,11243152400385836;1,7742925343288306e-06
393;0,8713750163002789;0,4205684533268079;-0,8707399367366281;-0,4201306034413096;0,0006350795636508311;0,0004378498854983315;0,055952031347782635;0,055952031347782635;0,055952031347782635;0,9983926945865733;-0,10822758922959505;0,9976061450153211;-0,115236906154234;5,595203134778263e-06
394;0,04500074719131781;0,022000515163771984;-0,04499999999943228;-0,022000000000009592;7,471918855306292e-07;5,151637623920791e-07;0,002918547472916464;0,002918547472916464;0,002918547472916464;0,9909020415145086;-0,10446685263806342;0,9908842864609798;-0,1046208599250682;2,918547472916464e-07
395;0,04500014025019129;0,022000096742030177;-0,04499999999863761;-0,021999999999170156;1,4025155368330156e-07;9,674286002153698e-08;0,002920807491786892;0,0029208074917868917;0,002920807491786892;0,9901209052846148;-0,09830152120822908;0,9901175747709373;-0,09833047487921781;2,9208074917868925e-07
396;0,0520042025341671;0,025002897619019457;-0,05200000000002134;-0,024999999999960564;4,202534145757164e-06;2,8976190588926587e-06;0,0033673727998329915;0,0033673727998329915;0,0033673727998329915;0,9893342145213478;-0,09503096812107382;0,9892477489297461;-0,0958159469941499;3,3673727998329917e-07
397;0,04300029931314301;0,02100020640678254;-0,04299999999974171;-0,020999999999886568;2,99313401300183e-07;2,064068959709009e-07;0,0027929758562086657;0,0027929758562086657;0,0027929758562086657;0,9892206990534601;-0,09599665614478017;0,9892132669850972;-0,09606145531055575;2,7929758562086657e-07
398;0,04100080012961406;0,020000551696650444;-0,040999999999385514;-0,019999999999951022;8,001302285454148e-07;5,516966994217887e-07;0,002661565886139677;0,0026615658861396775;0,0026615658861396775;0,9895718674561544;-0,20029615025973782;0,9895510211283658;-0,20047832993326434;2,6615658861396776e-07
399;-0,04099999999993835;-0,019999999999928825;0,04100099538525851;0,020000686212535902;9,953853201613572e-07;6,862126070775187e-07;0,002642389119575499;0,0026423891195754994;0,0026423891195754994;0,9967325481877476;-0,0288561732018803;0,9967586687431672;-0,028629666413623106;2,6423891195754995e-07
400;0,0;0,0;0,0;0,0;0,0;0,0;;;;;;;;
401;0,04000137277643914;0,019000946415182424;-0,03999999999998347;-0,018999999999967203;1,3727764556700772e-06;9,464152152215133e-07;0,0025668657703930868;0,002566865770393086;0,0025668657703930868;0,9960729673867983;-0,03471811973686006;0,9960359434037535;-0,03506211115962903;2,5668657703930866e-07
402;0,00010000000839245144;5,824636576621918e-12;-9,99999998773845e-05;4,690722042654087e-14;8,515066933891327e-12;5,871543797048459e-12;5,836234239206937e-06;5,8362342392069356e-06;5,836234239206937e-06;0,9892514487594001;-0,09574687948966759;0,9892513645239827;-0,0957502436361755;5,836234239206937e-10
403;0,0;0,0;0,0;0,0;0,0;0,0;;;;;;;;
404;0,0;0,0;0,0;0,0;0,0;0,0;;;;;;;;
405;0,03710068069464137;0,018000469237750522;-0,037100242188268434;-0,01800016696137621;4,385063729350769e-07;3,0227637431295973e-07;0,0023899685412149436;0,0023899685412149436;0,0023899685412149436;0,9961680774174854;-0,08331719123022588;0,9961553593377178;-0,08342910164034992;2,3899685412149436e-07
406;0,034001005529005174;0,017000693302454226;-0,03400000000021108;-0,01699999999995766;1,0055287940971547e-06;6,933024965655177e-07;0,0022027259283939247;0,0022027259283939247;0,0022027259283939247;0,9963837810544751;-0,03195282069222488;0,9963520811056564;-0,03220968378901978;2,2027259283939248e-07
407;0,03400008074950308;0,017000055697340054;-0,03400000000113903;-0,01699999999865098;8,074836405080887e-08;5,5698689074151764e-08;0,0022162357673719364;0,002216235767371937;0,002216235767371937;0,9902809994981168;-0,19404139239060425;0,9902784690986969;-0,1940620518572747;2,2162357673719368e-07
408;0,03310095921077771;0,016000661296036025;-0,03310000000837785;-0,01600000000574222;9,592023998555854e-07;6,612902938053777e-07;0,0021456475048401255;0,002145647504840126;0,002145647504840126;0,9892824305300186;-0,09546959025413046;0,9892514487594001;-0,09574687948966759;2,145647504840126e-07
409;0,03100019660778506;0,015000135534496068;-0,030999999999238685;-0,015000000000093888;1,966085463739331e-07;1,3553440218055934e-07;0,001995986582930481;0,0019959865829304816;0,0019959865829304816;0,9961553593377178;-0,08342910164034992;0,9961485325439908;-0,08348960664482302;1,9959865829304816e-07
410;0,038002716415049334;0,018001875276457538;-0,03799999546135771;-0,017999999270081918;2,7209536916233956e-06;1,8760063756201317e-06;0,002430701405160208;0,002430701405160208;0,002430701405160208;0,9988092077718089;-0,018028525116889443;0,9987317244299027;-0,018751506569445096;2,430701405160208e-07
411;0,029103700703400355;0,014002551468020739;-0,029101465529950885;-0,014001010408859201;2,2351734494698017e-06;1,5410591615375169e-06;0,0018666840861673902;0,001866684086167391;0,001866684086167391;0,9989203552036551;-0,009511029740963453;0,9988373936246266;-0,010255504657710255;1,8666840861673907e-07
412;0,029000061740020084;0,014000052116948297;-0,02900000000357685;-0,014000000000396045;6,173644323537175e-08;5,211655225260958e-08;0,0018771706345071307;0,0018771706345071303;0,0018771706345071307;0,9904351721476301;-0,09387399198097156;0,9904327653207614;-0,09390974345548316;1,8771706345071306e-07
413;-0,1259999919338149;-0,06099999855068755;0,12600859107580495;0,061005928030928316;8,599141990056625e-06;5,929480240765561e-06;0,00815224463499007;0,008152244634990072;0,008152244634990072;0,9914183223959557;-0,07835004429003492;0,9914914350849574;-0,07769937326021185;8,152244634990072e-07
414;-0,12610859106393268;-0,06100592803585267;0,1261096850568313;0,061006682651392204;1,0939928986042347e-06;7,546155395346532e-07;0,008157486145033794;0,008157486145033794;0,008157486145033794;0,9914914350849574;-0,07769937326021185;0,9915007309553754;-0,07761639134005112;8,157486145033794e-07
415;0,028000696791154595;0,01400048046371198;-0,02800000000024379;-0,01400000000000484;6,967909108035464e-07;4,804637071392781e-07;0,001814566477639709;0,0018145664776397087;0,001814566477639709;0,9960729673867983;-0,03471811973686006;0,9960463011494635;-0,03493431261842067;1,8145664776397088e-07
416;0,026000235825971017;0,013000162608895197;-0,025999999999679155;-0,012999999999741017;2,3582629186252868e-07;1,6260915417995458e-07;0,0016934834859314754;0,001693483485931475;0,0016934834859314754;0,9910395783867972;-0,08425525511866071;0,9910299080419863;-0,0843340510462064;1,6934834859314753e-07
417;0,9416555502631485;0,4547618440367417;-0,9413749966431139;-0,4545684495132008;0,00028055362003465145;0,0001933945235408907;0,06045220802142533;0,060452208021425334;0,060452208021425334;0,9987142964755107;-0,10536975140147391;0,9983926945865733;-0,10822758922959505;6,045220802142533e-06
418;0,02400145097623964;0,012001000374543503;-0,02400000000009002;-0,01200000000000071;1,4509761496195317e-06;1,000374542793614e-06;0,0015510974119384126;0,0015510974119384126;0,0015510974119384126;0,9988373936246266;-0,010255504657710255;0,9987724346413553;-0,010780464996939009;1,5510974119384124e-07
419;0,02400082025446027;0,012000565525975653;-0,024000000000066087;-0,012000000000006863;8,202543941848717e-07;5,655259687903369e-07;0,00155092474591129;0,00155092474591129;0,00155092474591129;0,9989203552036551;-0,009511029740963453;0,9988836289901895;-0,009807808621212935;1,55092474591129e-07
420;0,024000354405128866;0,012000244570247039;-0,02399999943701957;-0,01199999988134931;3,5496810929513956e-07;2,446888977287315e-07;0,0015659770119893644;0,0015659770119893649;0,0015659770119893649;0,9892980183007809;-0,0958560522746158;0,9892822784027917;-0,09598440202593964;1,565977011989365e-07
421;0,16403919973173195;0,07902742601137475;-0,1640028097789491;-0,07900233577681832;3,63899527828504e-05;2,5090234556421342e-05;0,010606704139549753;0,010606704139549752;0,010606704139549753;0,9911243569403886;-0,1730458863674768;0,9908866316087482;-0,17518928141655718;1,0606704139549754e-06
422;0,02300013142194391;0,011000091394953783;-0,022999998520799925;-0,010999999752672407;1,3290114398573083e-07;9,16422813763279e-08;0,0014845871719182634;0,0014845871719182634;0,0014845871719182634;0,9915007309553754;-0,07761639134005112;0,9914945306184457;-0,07767332182100252;1,4845871719182633e-07
423;0,02300005915056453;0,011000041344113164;-0,022999998902201533;-0,01099999981624808;6,024836299647895e-08;4,1527865084212134e-08;0,0014823095286787924;0,0014823095286787924;0,0014823095286787924;0,9930208412192291;-0,06357495992521231;0,9930180263660101;-0,0636007349221776;1,4823095286787923e-07
424;0,022000616069181973;0,010000424748838383;-0,021999999999960936;-0,00999999999995238;6,160692210370466e-07;4,2474888600242677e-07;0,0014040507198264792;0,0014040507198264795;0,0014040507198264795;0,993747930665294;-0,055512997419140724;0,9937176409598151;-0,05582534636571281;1,4040507198264794e-07
425;0,021300533327175335;0,01000036772968763;-0,02130012706180262;-0,01000008762332943;4,0626537271479246e-07;2,8010635820009677e-07;0,0013610860660208178;0,0013610860660208174;0,0013610860660208178;0,9981571432195632;-0,03758888258130304;0,9981364942972465;-0,03778586148326379;1,3610860660208178e-07
426;0,021000461895717373;0,01000031915595413;-0,02099999864448126;-0,009999999778748882;4,6325123611440366e-07;3,1937720524830016e-07;0,0013552741110483644;0,0013552741110483644;0,0013552741110483644;0,9908803394171871;-0,08318188652009709;0,9908566723151685;-0,08340157604592986;1,3552741110483642e-07
427;0,02100012701415759;0,010000087590651791;-0,020999999999656654;-0,010000000000061791;1,2701450093424715e-07;8,759058999982527e-08;0,001345398424557207;0,001345398424557207;0,001345398424557207;0,9981364942972465;-0,03778586148326379;0,9981299571719908;-0,03784614952716862;1,345398424557207e-07
428;0,021000070078786844;0,010000059171786264;-0,02099999999948052;-0,009999999999764975;7,007930632324522e-08;5,917202128974397e-08;0,0013482881139945994;0,0013482881139945994;0,0013482881139945994;0,9959945353747347;-0,03572430578971217;0,9959907366441257;-0,03578168812899461;1,3482881139945992e-07
429;0,02100006674355544;0,010000047332683852;-0,020999997506091894;-0,009999999586442375;6,92374635472004e-08;4,7746241477880647e-08;0,0013433051357626456;0,0013433051357626456;0,0013433051357626456;0,9996888198890699;-0,005976998296729436;0,9996852508659141;-0,00600986079435184;1,3433051357626457e-07
430;0,021000079955273702;0,010000055126298483;-0,021000000000607793;-0,010000000000236075;7,995466590887679e-08;5,5126062407581666e-08;0,0013501673226315244;0,0013501673226315248;0,0013501673226315248;0,9946085833584172;-0,10378098863635815;0,9946044830348348;-0,10381891390693732;1,3501673226315247e-07
431;0,021000046991916543;0,010000033695665161;-0,0209999975051722;-0,009999999585545972;4,948674434471223e-08;3,411011918925955e-08;0,0013434166185637417;0,001343416618563742;0,001343416618563742;0,9996048428138413;-0,006716265757945866;0,9996022923996927;-0,006739718315952853;1,343416618563742e-07
432;0,0;0,0;0,0;0,0;0,0;0,0;;;;;;;;
433;-0,6490657002833565;-0,31404530839681527;0,6494098691967722;0,3142825928849639;0,00034416891341571;0,0002372844881486369;0,04211207270816509;0,0421120727081651;0,0421120727081651;0,988546605746259;-0,10268291708551772;0,989113041983735;-0,09762434226603849;4,21120727081651e-06
434;0,0190003287137068;0,00900022662249946;-0,018999999999768268;-0,008999999999995447;3,2871393853065034e-07;2,2662250401261907e-07;0,0012182375967943273;0,0012182375967943276;0,0012182375967943276;0,9963837810544751;-0,03195282069222488;0,9963651044624012;-0,03212747908193255;1,2182375967943275e-07
435;0,019000292943479196;0,009000201974914308;-0,018999999999577796;-0,00899999999991252;2,9294390140044424e-07;2,0197500178766037e-07;0,0012182927507457223;0,0012182927507457218;0,0012182927507457223;0,9963366412533488;-0,03238799613735149;0,9963199975006328;-0,03254368119623791;1,2182927507457224e-07
436;0,018100410663263955;0,009000283103344327;-0,018100165816326213;-0,009000114310816478;2,448469377420992e-07;1,6879252784894605e-07;0,0011776425186213995;0,0011776425186213995;0,0011776425186213995;0,9910395783867972;-0,08425525511866071;0,9910251455581698;-0,08437465249484742;1,1776425186213994e-07
437;0,018000165816770212;0,009000114310663216;-0,018000000000036653;-0,008999999999798902;1,6581673355914317e-07;1,1431086431416826e-07;0,0011724288967852267;0,0011724288967852267;0,0011724288967852267;0,9910251455581698;-0,08437465249484742;0,9910153247201728;-0,08445461750574257;1,1724288967852267e-07
438;0,018000015059805988;0,009000010367165499;-0,01800000000029604;-0,008999999998322586;1,5059509948095462e-08;1,0368842912750198e-08;0,0011711276907154966;0,0011711276907154964;0,0011711276907154966;0,9921173057708823;-0,0935554798794768;0,9921164131336918;-0,0935627095510474;1,1711276907154966e-07
439;0,017000201527467694;0,008000138952385731;-0,017000000000114784;-0,007999999999898444;2,015273529096251e-07;1,3895248728718057e-07;0,0010889461800066033;0,0010889461800066035;0,0010889461800066035;0,9961526442725969;-0,034014157191101214;0,9961398395420428;-0,03413588456132995;1,0889461800066036e-07
440;-0,14920981647511253;-0,0720067740473901;0,14924910711254982;0,07203386314378125;3,929063743729477e-05;2,7089096391152978e-05;0,009647304728717764;0,009647304728717764;0,009647304728717764;0,9915007309553754;-0,07761639134005112;0,9917829596784363;-0,07508559561627012;9,647304728717763e-07
441;0,015000162917386348;0,007000112317149122;-0,0149999999999308;-0,007000000000132816;1,629174555487639e-07;1,1231701630646379e-07;0,0009576915409377025;0,0009576915409377024;0,0009576915409377025;0,9979163131239397;-0,018400679504758058;0,9979045495720348;-0,018514502932114225;9,576915409377026e-08
442;0,014000282178178768;0,007000194723240145;-0,013999999624824065;-0,006999999920768441;2,825533547030912e-07;1,9480247170390597e-07;0,0009117074147347702;0,0009117074147347703;0,0009117074147347703;0,9912343574974085;-0,0788461528847859;0,9912128365855303;-0,07902139491138244;9,117074147347702e-08
443;0,014000180346455487;0,007000124342721388;-0,013999999999976783;-0,0069999999998687674;1,8034647870403264e-07;1,2434285262021005e-07;0,0009068480379297049;0,0009068480379297051;0,0009068480379297051;0,9965381187195276;-0,03055166988925803;0,996524308718334;-0,030663541174811494;9,068480379297051e-08
444;0,014000176881167543;0,0070001219452621825;-0,013999999999964754;-0,006999999999943846;1,7688120278885888e-07;1,2194531833625843e-07;0,0009071987129984134;0,0009071987129984135;0,0009071987129984135;0,9961526442725969;-0,034014157191101214;0,9961391050974457;-0,0341238516358678;9,071987129984134e-08
445;0,01420039743124575;0,006000274011051292;-0,014200384147576114;-0,006000264848228076;1,3283669634753248e-08;9,162823215447258e-09;0,0008988932650255411;0,0008988932650255413;0,0008988932650255413;0,9901576247293556;-0,09798063120694969;0,9901566097474076;-0,09799278450724236;8,988932650255413e-08
446;0,01410038414920624;0,0060002648492432364;-0,014100077736252941;-0,006000053596038509;3,064129532985571e-07;2,112532047271118e-07;0,0008935250511905721;0,000893525051190572;0,0008935250511905721;0,9901566097474076;-0,09799278450724236;0,9901330469662757;-0,09827099187801812;8,935250511905721e-08
447;0,0;0,0;0,0;0,0;0,0;0,0;;;;;;;;
448;0,013000057556930962;0,006000039687426019;-0,01300000000004501;-0,006000000000262777;5,7556885951770553e-08;3,968716324239535e-08;0,0008366301267646145;0,0008366301267646145;0,0008366301267646145;0,9880635844568398;-0,21380885935814403;0,9880588303873518;-0,21385653810692223;8,366301267646145e-08
449;0,0;0,0;0,0;0,0;0,0;0,0;;;;;;;;
450;0,012000150862117804;0,006000104026890944;-0,011999999999661759;-0,006000000000049175;1,5086245604492565e-07;1,0402684176916144e-07;0,0007768358662776215;0,0007768358662776217;0,0007768358662776217;0,997131027695244;-0,02533632930573971;0,9971175416203878;-0,025445555027128332;7,768358662776217e-08
451;0,0;0,0;0,0;0,0;0,0;0,0;;;;;;;;
452;-0,34809179503001075;-0,16906333987277833;0,34824593339626436;0,16916961311025008;0,00015413836625360888;0,00010627323747175454;0,022406397797982532;0,02240639779798253;0,022406397797982532;0,9971286540688744;-0,11923375999754673;0,9976055542989429;-0,11505243241274218;2,2406397797982533e-06
453;-0,010100000006482347;-0,005000000005448848;0,010100097457182905;0,00500008227719236;9,745070055772187e-08;8,227174351158051e-08;0,0006539852695186058;0,0006539852695186059;0,0006539852695186059;0,9949250479149981;-0,10107112476451682;0,9949359803502157;-0,10091608316572716;6,53985269518606e-08
454;0,010000041640675889;0,005000028705404085;-0,010000000000182535;-0,005000000000042709;4,164049335377007e-08;2,8705361376085703e-08;0,0006495302125440025;0,0006495302125440024;0,0006495302125440025;0,9937953668473964;-0,054430462529030776;0,9937909152065846;-0,05446660507058867;6,495302125440025e-08
455;0,010000075039232038;0,0050000517388090054;-0,010000000000163593;-0,004999999999887695;7,50390684450819e-08;5,173892131046798e-08;0,000647937088676715;0,0006479370886767151;0,0006479370886767151;0,9962424540108012;-0,03321803759308588;0,9962344117262266;-0,03328321393633621;6,47937088676715e-08
456;0,0;0,0;0,0;0,0;0,0;0,0;;;;;;;;
457;0,009000116507499451;0,0040000806759802;-0,008999999407516088;-0,003999999941165506;1,1709998336273397e-07;8,073481469385996e-08;0,0005732285969763115;0,0005732285969763117;0,0005732285969763117;0,9919814047041979;-0,07332033921438143;0,9919673244997501;-0,07347285805275922;5,7322859697631166e-08
458;0,009000072328817187;0,004000049868088946;-0,009000000000291183;-0,00399999999999441;7,232852600354278e-08;4,986809453572105e-08;0,0005742956033734381;0,0005742956033734381;0,0005742956033734381;0,9901330469662757;-0,09827099187801812;0,9901243662372495;-0,09836520347502756;5,7429560337343806e-08
459;0,0;0,0;0,0;0,0;0,0;0,0;;;;;;;;
460;0,0;0,0;0,0;0,0;0,0;0,0;;;;;;;;
461;0,006000045579921162;0,0030000314266806953;-0,0059999999998778435;-0,0029999999999868144;4,5580043318664554e-08;3,1426693880912127e-08;0,0003887962817857101;0,0003887962817857101;0,0003887962817857101;0,9961553593377178;-0,08342910164034992;0,9961472183716957;-0,08349508041678437;3,887962817857101e-08
462;0,005000038302670369;0,002000026636370519;-0,00499999966242338;-0,001999999995215276;3,864024698905372e-08;2,664115524280558e-08;0,00031287032873619346;0,0003128703287361934;0,00031287032873619346;0,9937511835713113;-0,05751479119115532;0,9937427373195076;-0,05762528275240647;3,1287032873619344e-08
463;0,005000014554402614;0,0020000100341832296;-0,005000000000187669;-0,002000000000001087;1,455421494434006e-08;1,0034182142733966e-08;0,000311275521362022;0,000311275521362022;0,000311275521362022;0,9988373936246266;-0,010255504657710255;0,9988341959965558;-0,01029711801612207;3,11275521362022e-08
464;0,005000022946372795;0,0020000158211966133;-0,004999999999912028;-0,001999999999877648;2,2946460767094e-08;1,5821318965440062e-08;0,00031199038886364766;0,00031199038886364766;0,00031199038886364766;0,9965505845624163;-0,030491658730486648;0,996545554585986;-0,030557279202791804;3,119903888636477e-08
465;0,0050000054080576286;0,0020000037270942288;-0,005000000000662435;-0,0019999999998962293;5,407395193939013e-09;3,727197999455617e-09;0,000314011340067078;0,000314011340067078;0,000314011340067078;0,9901330469662757;-0,09827099187801812;0,9901318693453225;-0,09828644433303607;3,14011340067078e-08
466;0,00020000004778737595;3,3151576970827417e-11;-0,00020000000376343014;-2,79854181282891e-12;4,402394581152179e-11;3,0353035157998507e-11;1,1568566231944021e-05;1,1568566231944021e-05;1,1568566231944021e-05;0,9981364942972465;-0,03778586148326379;0,9981362745877507;-0,03779455698505946;1,1568566231944023e-09
467;-9,999996086244533e-05;-2,2161803444764305e-11;9,999996825176558e-05;2,7256492094199673e-11;7,389320248350414e-12;5,094688649435368e-12;5,8047420964814196e-06;5,80474209648142e-06;5,80474209648142e-06;0,9946179065885236;-0,14141645246554232;0,9946179800840671;-0,14141353342397842;5,80474209648142e-10
468;0,00010000000965995211;6,69695719866899e-12;-9,999999998147323e-05;-2,397038005130661e-14;9,678478884219549e-12;6,672986818617684e-12;5,8265645462947744e-06;5,826564546294775e-06;5,826564546294775e-06;0,990893210525806;-0,0913454082905967;0,9908931146224228;-0,09134923163004058;5,826564546294775e-10
469;-9,999998635245357e-05;-7,802510420082565e-12;9,999998930806497e-05;9,840305397474401e-12;2,9556113958183194e-12;2,037794977391836e-12;5,8046274799244e-06;5,804627479924402e-06;5,804627479924402e-06;0,9946377995698718;-0,1367651677445034;0,9946378289675055;-0,13676400017399348;5,804627479924402e-10
470;-9,999999986994391e-05;-2,5972170285856676e-14;0,00010000000763237796;5,377561668690603e-12;7,762434046779988e-12;5,351589498404746e-12;5,805917377727397e-06;5,805917377727397e-06;5,805917377727397e-06;0,9944169558002531;-0,11191982101431369;0,9944170329912151;-0,1119167547796294;5,805917377727397e-10
471;-0,00010000000024884591;-6,020730699026855e-14;0,00010000000674056994;5,5406932933736344e-12;6,491724028451738e-12;5,480485986383366e-12;5,802952788415993e-06;5,802952788415993e-06;5,802952788415993e-06;0,9949249833272125;-0,1010742648514699;0,9949250479149981;-0,10107112476451682;5,802952788415992e-10
472;0,00010000000321240584;2,7725042325640313e-12;-9,999999954374358e-05;-2,430845518761256e-13;3,668662257121612e-12;2,5294196806879057e-12;5,784283192942932e-06;5,784283192942932e-06;5,784283192942932e-06;0,9981362745877507;-0,03779455698505946;0,9981362379695026;-0,037796006235731004;5,784283192942932e-10
