;p_from_mw;q_from_mvar;p_to_mw;q_to_mvar;pl_mw;ql_mvar;i_from_ka;i_to_ka;i_ka;vm_from_pu;va_from_degree;vm_to_pu;va_to_degree;loading_percent
0;-3,6092254512990003;-1,7648520188419812;3,6131343075150055;1,769463336175065;0,00390885621600523;0,004611317333083731;0,23227670298493625;0,23227670298493625;0,23227670298493625;0,9986234893639893;-0,03454285109903948;0,9999999999179537;8,340134205437766e-20;2,3227670298493624e-05
1;-3,5461710865304004;-1,7328430977881875;3,549124718721343;1,7358515138300483;0,002953632190942468;0,003008416041860862;0,228418685997321;0,228418685997321;0,228418685997321;0,9976188190319514;-0,05493572993028739;0,9986234893639893;-0,03454285109903948;2,28418685997321e-05
2;-3,0409702922682023;-1,4790137659608529;3,047436639515846;1,483472087806315;0,006466347247643611;0,004458321845462132;0,19568307292702555;0,19568307292702558;0,19568307292702558;0,9977089228899174;-0,01996540662664842;0,9999999999179537;8,340134205437766e-20;1,9568307292702558e-05
3;-2,9757937941943866;-1,4457547215088251;2,9819702922685067;1,450013765960507;0,006176498074120129;0,004259044451681904;0,19187877909925297;0,19187877909925297;0,19187877909925297;0,995477224655713;-0,0395217301988696;0,9977089228899174;-0,01996540662664842;1,9187877909925296e-05
4;2,247005436470345;1,1026761508341825;-2,2381380572005583;-1,0936471364187408;0,008867379269786646;0,009029014415441683;0,14450983964392417;0,1445098396439241;0,14450983964392417;0,9999999999179537;8,340134205437766e-20;0,9952318255629574;-0,09658320292225979;1,4450983964392418e-05
5;-2,6853093759737336;-1,3043524873763277;2,688770655618462;1,306738768236138;0,003461279644728421;0,002386280859810297;0,17338248837183037;0,17338248837183037;0,17338248837183037;0,9940932743691012;-0,05167583300499983;0,995477224655713;-0,0395217301988696;1,7338248837183036e-05
6;-2,20223747239554;-1,06888241039658;2,2167375207329623;1,0836467665248075;0,014500048337422466;0,014764356128227574;0,14313970808759008;0,1431397080875901;0,1431397080875901;0,9873660159847621;-0,2579933811943083;0,9952318255629574;-0,09658320292225979;1,4313970808759011e-05
7;-3,538501868207738;-1,7251361434816592;3,5460710865316964;1,7328430977883529;0,007569218323958626;0,0077069543066936586;0,22841348632053626;0,22841348632053626;0,22841348632053626;0,9950449736707342;-0,10734892645447956;0,9976188190319514;-0,05493572993028739;2,2841348632053626e-05
8;-1,4497950389705376;-0,6944758986348415;1,4501446376791107;0,6948883320225444;0,0003495987085730956;0,00041243338770291516;0,09284017206279586;0,09284017206279585;0,09284017206279586;0,9996931151092492;-0,007871943407262166;0,9999999999179537;8,340134205437766e-20;9,284017206279586e-06
9;-3,4904557424454694;-1,6960925382313883;3,501301185973551;1,707135673184526;0,010845443528081589;0,01104313495313769;0,2260156091292556;0,22601560912925567;0,22601560912925567;0,9913193567160906;-0,18372519494421366;0,9950449736707342;-0,10734892645447956;2,260156091292557e-05
10;-1,442080295280744;-0,686707423656515;1,4497044734964695;0,6944704442386895;0,0076241782157253635;0,007763020582174485;0,09283531885880089;0,09283531885880089;0,09283531885880089;0,9933338023657048;-0,14085920273373329;0,9996931151092492;-0,007871943407262166;9,283531885880089e-06
11;1,4419969608876613;0,6866977817023491;-1,4354347905354634;-0,6800159137228787;0,00656217035219786;0,006681867979470346;0,09283070483663419;0,09283070483663419;0,09283070483663419;0,9933338023657048;-0,14085920273373329;0,9878642870812141;-0,2566993343777328;9,28307048366342e-06
12;-3,356629862517049;-1,6271228420963766;3,3644557424454367;1,6350925382316;0,007825879928387458;0,007969696135223359;0,21786255911729335;0,21786255911729333;0,21786255911729335;0,9885313836207461;-0,24128343110503644;0,9913193567160906;-0,18372519494421366;2,1786255911729336e-05
13;2,20965847419981;1,073645147516019;-2,2026876975295937;-1,0688392345614792;0,006970776670216505;0,004805912954539693;0,1418368132324148;0,1418368132324148;0,1418368132324148;0,9999999999179537;8,340134205437766e-20;0,9965930361457036;-0,0298663909942876;1,4183681323241478e-05
14;1,9541973053171462;0,9477431708272187;-1,948668842659685;-0,9439315568355218;0,005528462657461208;0,0038116139916969383;0,126117339570793;0,126117339570793;0,126117339570793;0,9942653577594761;-0,05038757450988734;0,9912268515073007;-0,0773022080999144;1,2611733957079299e-05
15;2,0766876975296253;1,007839234561466;-2,0721973053173803;-1,0047431708270735;0,004490392212245009;0,003096063734392418;0,13372690140237892;0,13372690140237892;0,13372690140237892;0,9965930361457036;-0,0298663909942876;0,9942653577594761;-0,05038757450988734;1,3372690140237893e-05
16;1,8226688426595063;0,8829315568355361;-1,8178626054028713;-0,8796177453751719;0,004806237256635093;0,0033138114603642466;0,11796351995352548;0,1179635199535255;0,1179635199535255;0,9912268515073007;-0,0773022080999144;0,9884028610120609;-0,1024675311154135;1,179635199535255e-05
17;0,6569906805106472;0,3170290174828853;-0,6549212251168015;-0,3156021793673465;0,0020694553938457316;0,0014268381155387866;0,0421166693955148;0,0421166693955148;0,0421166693955148;0,9999999999179537;8,340134205437766e-20;0,996595119192342;-0,030395484602134943;4,21166693955148e-06
18;0,6338211551226036;0,30560212026676215;-0,632121183193016;-0,3044300215010818;0,001699971929587596;0,0011720987656803628;0,0407639903779674;0,0407639903779674;0,0407639903779674;0,996595119192342;-0,030395484602134943;0,9937054563895601;-0,05632100422877565;4,07639903779674e-06
19;-0,4129745553771502;-0,20127011732535022;0,4131450223731797;0,20141402112395096;0,00017046699602946136;0,00014390379860074187;0,026841303717681852;0,02684130371768185;0,026841303717681852;0,9881805664678818;-0,11404638682775259;0,988645790743649;-0,10723062811335694;2,684130371768185e-06
20;-0,8156852909072875;-0,3966992384756052;0,8162428378404104;0,3971699288287377;0,0005575469331229321;0,00047069035313251906;0,052940809090857965;0,05294080909085796;0,052940809090857965;0,9891745180880118;-0,09946936015050954;0,9899458403047511;-0,08814340347403024;5,294080909085797e-06
21;-0,3637971312856311;-0,17620484819055346;0,36387390514098794;0,17626966902961624;7,677385535681536e-05;6,482083906278469e-05;0,02362267214593684;0,023622672145936826;0,02362267214593684;0,9879426318741441;-0,1175709203165742;0,9881805664678818;-0,11404638682775259;2,362267214593684e-06
22;1,1801945747183438;0,5732964479193614;-1,17421071536353;-0,5691708059435245;0,005983859354813825;0,004125641975836869;0,07575240483914376;0,07575240483914378;0,07575240483914378;0,9999999999179537;8,340134205437766e-20;0,9945242077064939;-0,04814083768919952;7,5752404839143775e-06
23;1,7594331931430414;0,8514331406102231;-1,748541205522976;-0,8439234801991248;0,010891987620065269;0,007509660411098351;0,11285010049751587;0,11285010049751587;0,11285010049751587;0,9999999999179537;8,340134205437766e-20;0,9933109898963606;-0,05946924223282515;1,1285010049751587e-05
24;1,7264405889116752;0,8339230550761223;-1,7242617992196099;-0,8324208526071745;0,0021787896920653083;0,001502202468947833;0,11144057561210552;0,11144057561210552;0,11144057561210552;0,9933109898963606;-0,05946924223282515;0,9919560887603497;-0,0715888857592298;1,1144057561210552e-05
25;-0,6893620877421044;-0,33542642493923425;0,6896852909069365;0,3356992384757633;0,00032320316483214206;0,0002728135365290263;0,044770087247367835;0,044770087247367835;0,044770087247367835;0,988645790743649;-0,10723062811335694;0,9891745180880118;-0,09946936015050954;4,4770087247367835e-06
26;-1,7082838018934912;-0,8243677447637531;1,7112617992202834;0,8264208526077357;0,00297799732679227;0,0020531078439826045;0,11060735901309088;0,11060735901309089;0,11060735901309089;0,9900903047634684;-0,08831582025635575;0,9919560887603497;-0,0715888857592298;1,1060735901309089e-05
27;-0,23776157160379802;-0,11518033339846508;0,23779713128589428;0,11520484819036686;3,555968209625893e-05;2,4514791901783517e-05;0,015441746761880641;0,015441746761880645;0,015441746761880645;0,987783017996095;-0,11899321176173253;0,9879426318741441;-0,1175709203165742;1,5441746761880644e-06
28;-0,23759102252691539;-0,11513169463876351;0,23766157160369245;0,11518033339835329;7,054907677706002e-05;4,863875958978359e-05;0,015436486788984596;0,01543648678898459;0,015436486788984596;0,9874662321074325;-0,12181472905182487;0,987783017996095;-0,11899321176173253;1,5436486788984594e-06
29;0,7370994833183243;0,3570938971768414;-0,7366148417935542;-0,3566847717870947;0,0004846415247701241;0,00040912538974674506;0,047706953754234366;0,04770695375423437;0,04770695375423437;0,9912072608167525;-0,07750950467889747;0,9904635759529182;-0,08849324507234475;4,7706953754234375e-06
30;0,6956148417934869;0,3366847717870595;-0,6951169102535808;-0,33626440043566547;0,0004979315399060713;0,00042037135139405546;0,045047851908751914;0,04504785190875191;0,045047851908751914;0,9904635759529182;-0,08849324507234475;0,989654457063688;-0,10047287279491922;4,504785190875191e-06
31;1,0482107153634208;0,5081708059434854;-1,0467564299715446;-0,5071681722035013;0,0014542853918761978;0,0010026337399841045;0,06762562016540782;0,06762562016540784;0,06762562016540784;0,9945242077064939;-0,04814083768919952;0,9930335970222481;-0,0613318780745511;6,762562016540784e-06
32;1,8269813357138336;0,8881263114181026;-1,823775980709115;-0,8859164705263658;0,003205355004718635;0,002209840891736814;0,1179804253863942;0,11798042538639421;0,11798042538639421;0,9940932743691012;-0,05167583300499983;0,9922098031110101;-0,0682376756110604;1,1798042538639421e-05
33;1,7878626054029825;0,8656177453751742;-1,7849396661108092;-0,8636023429891103;0,0029229392921732433;0,0020154023860639025;0,1160299176534803;0,11602991765348031;0,11602991765348031;0,9884028610120609;-0,1024675311154135;0,9866568288056586;-0,11807769039141806;1,1602991765348032e-05
34;0,8909155519068673;0,4308962436957024;-0,8908273194506605;-0,430835376379847;8,823245620681597e-05;6,086731585541738e-05;0,05791002608797619;0,05791002608797619;0,05791002608797619;0,9866568288056586;-0,11807769039141806;0,9865512172289923;-0,11902600778220385;5,791002608797619e-06
35;0,8907273194525087;0,4308353763902402;-0,8907162546813121;-0,43082773163923155;1,1064771196611645e-05;7,644751008673012e-06;0,05790475773836406;0,057904757738364065;0,057904757738364065;0,9865512172289923;-0,11902600778220385;0,9865379666779531;-0,1191455324758693;5,790475773836407e-06
36;0,8817162546637392;0,426827731634987;-0,8814459994124181;-0,42664138270211704;0,0002702552513210721;0,0001863489328699508;0,057328677808708206;0,05732867780870821;0,05732867780870821;0,9865379666779531;-0,1191455324758693;0,9862112204090044;-0,1220694555002495;5,732867780870821e-06
37;1,454201791393689;0,7048971593046084;-1,452853766341705;-0,7039676527362497;0,0013480250519841697;0,0009295065683586623;0,09438452952184037;0,09438452952184037;0,09438452952184037;0,9885313836207461;-0,24128343110503644;0,9875413785751953;-0,2501001756745983;9,438452952184037e-06
38;1,1165396048995988;0,5431212630403504;-1,1130460913322846;-0,5407126025233512;0,0034935135673141993;0,0024086605169991726;0,07168545635689454;0,07168545635689454;0,07168545635689454;0,9999999999179537;8,340134205437766e-20;0,9966213692562085;-0,0295334500361886;7,168545635689454e-06
39;0,8384457139731725;0,40564118591039383;-0,8368482053673773;-0,40453978801735324;0,001597508605795217;0,0011013978930405899;0,05452719822918193;0,05452719822918191;0,05452719822918193;0,9862112204090044;-0,1220694555002495;0,9841807295331855;-0,14029868698641595;5,452719822918193e-06
40;0,928751651530728;0,45016413812402634;-0,9280409711545448;-0,4496741478236208;0,0007106803761832703;0,0004899903004055295;0,060006264395043696;0,060006264395043696;0,060006264395043696;0,9930335970222481;-0,0613318780745511;0,9922126658645182;-0,06860760458245015;6,000626439504369e-06
41;0,9279409711543224;0,44967414782596343;-0,9279094340737166;-0,44965233107842095;3,153708060577021e-05;2,1816747542480197e-05;0,060001027964862355;0,06000102796486237;0,06000102796486237;0,9922126658645182;-0,06860760458245015;0,9921762026350296;-0,06893433944230366;6,000102796486237e-06
42;1,1129460913322569;0,5407126025236799;-1,1125855538293206;-0,5404639719156268;0,0003605375029362978;0,0002486306080531353;0,07168024564904617;0,0716802456490462;0,0716802456490462;0,9966213692562085;-0,0295334500361886;0,9962726574712664;-0,032594447664646115;7,16802456490462e-06
43;1,1124855538297915;0,5404639719155108;-1,1108919601543186;-0,5391185103307063;0,0015935936754729596;0,0013454615848044194;0,07167503307153701;0,07167503307153701;0,07167503307153701;0,9962726574712664;-0,032594447664646115;0,9946445396061846;-0,056437025595430734;7,1675033071537016e-06
44;1,1107919601541254;0,5391185103307032;-1,1101572352114828;-0,5385827155684874;0,000634724942642606;0,0005357947622158798;0,07166981099616572;0,07166981099616573;0,07166981099616573;0,9946445396061846;-0,056437025595430734;0,9939960937944287;-0,0659504296521968;7,1669810996165725e-06
45;0,8137481440322305;0,3935397457399189;-0,8127769801708972;-0,3928701462670392;0,0009711638613333351;0,0006695994728797006;0,05302630639343727;0,05302630639343727;0,05302630639343727;0,9841807295331855;-0,14029868698641595;0,9829114089462502;-0,1517222152608922;5,302630639343727e-06
46;1,4028537663415002;0,6799676527362741;-1,401596769647249;-0,6791009131441637;0,0012569966942510558;0,000866739592110477;0,09114207283247014;0,09114207283247013;0,09114207283247014;0,9875413785751953;-0,2501001756745983;0,9865853868270253;-0,25862354857980896;9,114207283247014e-06
47;0,8959094340734297;0,4346523310769503;-0,8950994833173288;-0,4340938971767111;0,0008099507561009078;0,0005584339002391858;0,057944690721197595;0,05794469072119759;0,057944690721197595;0,9921762026350296;-0,06893433944230366;0,9912072608167525;-0,07750950467889747;5,794469072119759e-06
48;1,4016629011977155;0,6819060207715018;-1,3961570606590286;-0,6781099282523524;0,005505840538686968;0,0037960925191493633;0,08999360551648672;0,08999360551648672;0,08999360551648672;0,9999999999179537;8,340134205437766e-20;0,9957584903487336;-0,03709540981806043;8,999360551648672e-06
49;1,0041572352116828;0,487582715568289;-1,0033615649174403;-0,48691089187872966;0,0007956702942424343;0,0006718236895593699;0,06483741342261047;0,0648374134226105;0,0648374134226105;0,9939960937944287;-0,0659504296521968;0,9930974665776235;-0,07914340925764667;6,483741342261049e-06
50;0,8126769801711744;0,3928701462672656;-0,8121837782697628;-0,3925301000862651;0,0004932019014115552;0,0003400461810004751;0,05302101798549424;0,05302101798549421;0,05302101798549424;0,9829114089462502;-0,1517222152608922;0,982266738664115;-0,15753325976274468;5,302101798549424e-06
51;1,3960570606589717;0,6781099282523317;-1,3954888302897244;-0,6777180703705035;0,0005682303692473578;0,0003918578818282725;0,08998839008354656;0,08998839008354656;0,08998839008354656;0,9957584903487336;-0,03709540981806043;0,995320718894929;-0,04094408110413482;8,998839008354656e-06
52;-0,22358408276563807;-0,10812691208769883;0,22359102252750154;0,10813169464008604;6,93976186347256e-06;4,782552387214145e-06;0,014521395130776101;0,014521395130776101;0,014521395130776101;0,9874331143387539;-0,12211097117538808;0,9874662321074325;-0,12181472905182487;1,4521395130776101e-06
53;0,7871600906760472;0,36681816886148294;-0,7867270795133783;-0,3663074119858667;0,00043301116266891704;0,0005107568756162473;0,05075497375382646;0,050754973753826454;0,05075497375382646;0,9878642870812141;-0,2566993343777328;0,9871724661945532;-0,2751893459850972;5,0754973753826466e-06
54;-0,7741671932376698;-0,37413975833138563;0,7761837782694361;0,3755301000863783;0,0020165850317662715;0,0013903417549926966;0,0506810706590903;0,0506810706590903;0,0506810706590903;0,9795090852400807;-0,182407829463399;0,982266738664115;-0,15753325976274468;5,068107065909029e-06
55;0,3671044579301781;0,17725388740833228;-0,36701325639755544;-0,17717690483093532;9,12015326226534e-05;7,698257739696679e-05;0,023782155074452548;0,023782155074452544;0,023782155074452548;0,989654457063688;-0,10047287279491922;0,9893738175553934;-0,10464400943971144;2,3782155074452547e-06
56;0,36691325639755146;0,17717690483096143;-0,3668681761082425;-0,1771388460765562;4,508028930894081e-05;3,80587544052402e-05;0,02377690001930243;0,023776900019302424;0,02377690001930243;0,9893738175553934;-0,10464400943971144;0,989235059682414;-0,10670710685448671;2,377690001930243e-06
57;0,33776811422044045;0,16313879383393093;-0,3376480000076524;-0,16303738546155902;0,00012011421278806944;0,00010140837237190836;0,02189219646022606;0,021892196460226068;0,021892196460226068;0,989235059682414;-0,10670710685448671;0,9888335090518453;-0,11267817243266322;2,189219646022607e-06
58;-1,4197103868328553;-0,6901817355621022;1,4207759807099558;0,6909164705266124;0,0010655938771004791;0,0007347349645102641;0,0919296350087951;0,09192963500879513;0,09192963500879513;0,9914061704010052;-0,07530577394090775;0,9922098031110101;-0,0682376756110604;9,192963500879513e-06
59;0,8891382388832584;0,43113420500993477;-0,8885963777036291;-0,43049508926368446;0,0005418611796292883;0,0006391157462503072;0,05778096079907561;0,0577809607990756;0,05778096079907561;0,9873660159847621;-0,2579933811943083;0,9866002683160856;-0,2776450694869035;5,778096079907561e-06
60;0,5403280402587509;0,26222617595824405;-0,5400825667796376;-0,26205691788796176;0,00024547347911330064;0,00016925807028228546;0,03488152929650917;0,03488152929650917;0,03488152929650917;0,9940932743691012;-0,05167583300499983;0,9936054307128315;-0,05598013819803892;3,488152929650917e-06
61;0,0;0,0;0,0;0,0;0,0;0,0;;;;;;;;
62;0,0;0,0;0,0;0,0;0,0;0,0;;;;;;;;
63;0,8987899874856252;0,4375471189064723;-0,8982428378400431;-0,4371699288288178;0,0005471496455821123;0,00037719007765452117;0,0582618154862834;0,058261815486283404;0,058261815486283404;0,9905969451135049;-0,08242819788340998;0,9899458403047511;-0,08814340347403024;5,82618154862834e-06
64;1,0394686909481468;0,5057018523965843;-1,03807400793113;-0,5045243298880199;0,00139468301701684;0,0011775225085643992;0,06705279099002057;0,06705279099002058;0,06705279099002058;0,995320718894929;-0,04094408110413482;0,993797377161835;-0,06321952524110928;6,705279099002058e-06
65;0,05700200627116838;0,02700148045815411;-0,05699981926503228;-0,026999972795632602;2,18700613609929e-06;1,507662521507691e-06;0,003683459958169345;0,0036834599581693456;0,0036834599581693456;0,9886274331507057;-0,2760309233131164;0,988586337281174;-0,2764181727339172;3,683459958169346e-07
66;0,5800064171227353;0,2814870307120971;-0,5796479869736711;-0,2812399198349738;0,0003584301490641151;0,00024711087712325774;0,03769824350544228;0,03769824350544228;0,03769824350544228;0,9873660159847621;-0,2579933811943083;0,9867069329459282;-0,2638465488401485;3,769824350544228e-06
67;0,8013615649178143;0,38891089187894295;-0,800985541672102;-0,38859343622477505;0,00037602324571228696;0,00031745565416790855;0,05178480741980333;0,05178480741980334;0,05178480741980334;0,9930974665776235;-0,07914340925764667;0,9925657851635852;-0,08695790583585818;5,178480741980334e-06
68;0,8008855416715737;0,38859343622479386;-0,8005683914788416;-0,38832567234155657;0,0003171501927320408;0,00026776388323729305;0,051779574099790934;0,05177957409979091;0,051779574099790934;0,9925657851635852;-0,08695790583585818;0,9921173056752521;-0,09355547989477819;5,177957409979093e-06
69;0,32808252512229713;0,15905688917172459;-0,3280175546455539;-0,15901210330526902;6,497047674325351e-05;4,478586645556559e-05;0,021185988908550547;0,021185988908550547;0,021185988908550547;0,9936054307128315;-0,05598013819803892;0,9933928698690391;-0,0578594611733302;2,1185988908550547e-06
70;0,7824683764238008;0,37932566196882955;-0,7824504003546617;-0,3793105282695969;1,797606913911398e-05;1,513369923267227e-05;0,05060329643004083;0,05060329643004085;0,05060329643004085;0,9921173056752521;-0,09355547989477819;0,9920913183714477;-0,09393608961677781;5,060329643004085e-06
71;-0,9738612549368059;-0,4725937785024454;0,975744848563295;0,47389253455021857;0,001883593626489155;0,0012987560477731863;0,06335384184686137;0,06335384184686137;0,06335384184686137;0,9864702972913999;-0,25956391482927726;0,9885313836207461;-0,24128343110503644;6,335384184686136e-06
72;0,9230740079312691;0,44852432988789004;-0,9224354308619833;-0,44798525054833777;0,0006385770692858284;0,000539079339552273;0,05962180729171278;0,05962180729171277;0,05962180729171278;0,993797377161835;-0,06321952524110928;0,9930130664844661;-0,07471739417815515;5,962180729171278e-06
73;-0,17111562899924565;-0,08301105427754699;0,1711441267484914;0,08303070124067992;2,8497749245737225e-05;1,9646963132932682e-05;0,011124414692386194;0,011124414692386193;0,011124414692386194;0,9870628881517975;-0,29006706817076133;0,9872404636420148;-0,28848924557825456;1,1124414692386195e-06
74;0,0;0,0;0,0;0,0;0,0;0,0;;;;;;;;
75;-0,00010000000006597761;2,6927915321038666e-14;0,00010000003174649374;2,1815210972917218e-11;3,168051613416673e-11;2,1842138888238257e-11;5,840486827675764e-06;5,840486827675766e-06;5,840486827675766e-06;0,9885310704489777;-0,2412959457248067;0,9885313836207461;-0,24128343110503644;5,840486827675766e-10
76;0,0;0,0;0,0;0,0;0,0;0,0;;;;;;;;
77;0,519414469302275;0,2514386221851772;-0,5192492253544582;-0,25124368222355;0,00016524394781680662;0,00019493996162722738;0,033769807756623665;0,033769807756623665;0,033769807756623665;0,9866002683160856;-0,2776450694869035;0,9862007840697555;-0,28792180241305015;3,3769807756623665e-06
78;0,20201755464637366;0,09801210330536929;-0,2020000000001448;-0,09800000000009679;1,7554646228851167e-05;1,2103305272501141e-05;0,013049949646152395;0,013049949646152395;0,013049949646152395;0,9933928698690391;-0,0578594611733302;0,9932996215682336;-0,05868289400854386;1,3049949646152396e-06
79;-0,80417476563918;-0,39076514947452706;0,8044354308621083;0,3909852505482291;0,0002606652229283357;0,00022010107370201704;0,05200265969245514;0,052002659692455135;0,05200265969245514;0,9926459665304749;-0,08010104634050644;0,9930130664844661;-0,07471739417815515;5,200265969245514e-06
80;-0,9311416754091079;-0,4507871043508121;0,9315600148065293;0,45107557253303826;0,0004183393974214189;0,00028846818222616477;0,060569616106994746;0,06056961610699473;0,060569616106994746;0,9861066546680278;-0,26290554786416254;0,9865853868270253;-0,25862354857980896;6,056961610699474e-06
81;0,43724922535484206;0,21124368222366097;-0,43715772245436;-0,21115050637666768;9,150290048204335e-05;9,317584699328196e-05;0,028428625017502162;0,02842862501750216;0,028428625017502162;0,9862007840697555;-0,28792180241305015;0,9859511444442967;-0,2931255858294917;2,842862501750216e-06
82;0,5804504003586392;0,28131052827161634;-0,5803345333200537;-0,2812306345456309;0,00011586703858545988;7,989372598543598e-05;0,0375374536033601;0,03753745360336009;0,0375374536033601;0,9920913183714477;-0,09393608961677781;0,9918773576193297;-0,09583411825744063;3,7537453603360107e-06
83;0,27609743908297124;0,133082259450418;-0,2760631208592098;-0,13305328723241222;3,4318223761431454e-05;2,8972218005768324e-05;0,018065823473061113;0,018065823473061116;0,018065823473061116;0,9795090852400807;-0,182407829463399;0,9793700864756573;-0,18450135805541482;1,8065823473061116e-06
84;0,4001577224543985;0,19315050637701722;-0,4000810725609228;-0,19307245509439205;7,664989347572204e-05;7,805128262516892e-05;0,02601921576606648;0,02601921576606648;0,02601921576606648;0,9859511444442967;-0,2931255858294917;0,985722691037234;-0,297894107463683;2,601921576606648e-06
85;0,0;0,0;0,0;0,0;0,0;0,0;;;;;;;;
86;-0,7236751609862164;-0,3513433634266555;0,7241747656382472;0,3517651494738999;0,0004996046520308051;0,00042178604724441016;0,04682617893560959;0,046826178935609586;0,04682617893560959;0,9918646781045675;-0,09157539868520832;0,9926459665304749;-0,08010104634050644;4,68261789356096e-06
87;0,12200629822780747;0,05900434175695576;-0,12200000000023181;-0,05900000000007381;6,298227575654569e-06;4,341756881943992e-06;0,007988230688995481;0,007988230688995481;0,007988230688995481;0,9795090852400807;-0,182407829463399;0,979454443356623;-0,18290104455280845;7,988230688995482e-07
88;0,0;0,0;0,0;0,0;0,0;0,0;;;;;;;;
89;-0,9079788811384137;-0,4391427981081607;0,9142789236955141;0,4434864307196552;0,0063000425571003715;0,004343632611494508;0,05865532010216605;0,05865532010216605;0,05865532010216605;0,9927742830454325;-0,23853398819359226;1,0002190326812908;-0,17271802362384048;5,865532010216605e-06
90;0,2990634559270839;0,14505315712400538;-0,2990264582060207;-0,14502191690699806;3,699772106319221e-05;3,124021700731672e-05;0,019591671795092077;0,01959167179509207;0,019591671795092077;0,9795090852400807;-0,182407829463399;0,9793708104752072;-0,18447020531497846;1,9591671795092077e-06
91;0,8972985327936167;0,4338952835862355;-0,8963540485321069;-0,43324407587545644;0,000944484261509837;0,0006512077107790892;0,05812042470524146;0,058120424705241445;0,05812042470524146;0,9900903047634684;-0,08831582025635575;0,9889640557818227;-0,09839290354006826;5,812042470524146e-06
92;0,22703594985939304;0,1100247855693598;-0,22700463946866223;-0,11000319918677783;3,131039073081543e-05;2,1586382581970098e-05;0,014764085291687861;0,01476408529168786;0,014764085291687861;0,9865853868270253;-0,25862354857980896;0,9864383911976932;-0,2599343437424023;1,476408529168786e-06
93;0,3220810725595139;0,15507245509338688;-0,3220426578589402;-0,155040024195881;3,841470057369678e-05;3,2430897505875134e-05;0,020937379280146988;0,02093737928014699;0,02093737928014699;0,985722691037234;-0,297894107463683;0,985588454349298;-0,29990685745233187;2,0937379280146993e-06
94;0,0;0,0;0,0;0,0;0,0;0,0;;;;;;;;
95;-0,6553180841094421;-0,31821931734270714;0,6558612549368361;0,31859377850252985;0,0005431708273939684;0,0003744611598227032;0,04267472308275008;0,04267472308275008;0,04267472308275008;0,9855879469856614;-0,2673888433789748;0,9864702972913999;-0,25956391482927726;4,267472308275008e-06
96;0,4543345333194564;0,22023063454523956;-0,4541545788683788;-0,22010657091503663;0,00017995445107760188;0,0001240636302029252;0,029388982088382493;0,0293889820883825;0,0293889820883825;0,9918773576193297;-0,09583411825744063;0,9914529305093182;-0,0995970432083407;2,9388982088382503e-06
97;-0,2469992471606461;-0,11899987361526408;0,24715136961675394;0,11910475434160604;0,0001521224561078227;0,00010488072634196044;0,01588201495689199;0,01588201495689199;0,01588201495689199;0,9966780316969783;-0,20422779748726633;0,9973417182022511;-0,19828422233509627;1,5882014956891989e-06
98;-0,24725136953689963;-0,11910475410572201;0,24728181704099333;0,11912574402896192;3,044750409370023e-05;2,098992323991411e-05;0,01588723007210593;0,01588723007210593;0,01588723007210593;0,9973417182022511;-0,19828422233509627;0,9974745070201166;-0,19709513436616274;1,5887230072105932e-06
99;-0,2090845603194357;-0,10205830063144805;0,20917231387881113;0,10211880001380147;8,775355937543083e-05;6,049938235341834e-05;0,013610706785194278;0,013610706785194273;0,013610706785194278;0,986930872152583;-0,12651107187514912;0,9873779626890501;-0,12260348307427515;1,3610706785194276e-06
100;0,0;0,0;0,0;0,0;0,0;0,0;;;;;;;;
101;-0,20402064048039809;-0,09901423091933714;0,20408456031940883;0,09905830063145386;6,391983901074538e-05;4,4069712116720505e-05;0,013270901287846231;0,013270901287846233;0,013270901287846233;0,9865969837970134;-0,12947595595492598;0,986930872152583;-0,12651107187514912;1,3270901287846233e-06
102;-9,999999994709984e-05;-2,900746007821938e-14;0,00010000001535390239;1,0651311668241733e-11;1,5406802542734452e-11;1,0622304208163513e-11;5,846981931753981e-06;5,846981931753982e-06;5,846981931753982e-06;0,9874329622069016;-0,12211705730644941;0,9874331143387539;-0,12211097117538808;5,846981931753982e-10
103;0,18114931630966521;0,08703400014014137;-0,18114258771572406;-0,08702936170516916;6,728593941157657e-06;4,63843497221228e-06;0,01167665857360286;0,011676658573602863;0,011676658573602863;0,9937054563895601;-0,05632100422877565;0,9936655364130017;-0,056682231717002284;1,1676658573602863e-06
104;-0,7286681537935206;-0,3524606726643988;0,7291416754086856;0,3527871043506581;0,0004735216151650068;0,00032643168625928753;0,04742448188159373;0,04742448188159373;0,04742448188159373;0,9854146561564402;-0,26910685108681165;0,9861066546680278;-0,26290554786416254;4,742448188159373e-06
105;0,3731545788679477;0,18110657091506127;-0,3730330253863961;-0,18102276989711033;0,00012155348155157286;8,380101795094075e-05;0,024153882475586617;0,024153882475586613;0,024153882475586617;0,9914529305093182;-0,0995970432083407;0,9911040806070668;-0,1026808529870537;2,415388247558662e-06
106;0,06400297776521437;0,031002154144404367;-0,06399980399073844;-0,03099996610934567;3,1737744759230413e-06;2,18803505869572e-06;0,00412611929065972;0,0041261192906597195;0,00412611929065972;0,9950987273495298;-0,21822932964371194;0,995045413303209;-0,21870116618106927;4,1261192906597206e-07
107;0,2233840827510868;0,10812691207548275;-0,22337253534977017;-0,10811895270696038;1,1547401316619466e-05;7,959368522367227e-06;0,014510868506943806;0,014510868506943811;0,014510868506943811;0,9874331143387539;-0,12211097117538808;0,9873779626890501;-0,12260348307427515;1,4510868506943812e-06
108;0,2000426578590867;0,09604002419604198;-0,20001037256817028;-0,0960071508860101;3,228529091642285e-05;3,287331003187788e-05;0,012998884959374145;0,012998884959374145;0,012998884959374145;0,985588454349298;-0,29990685745233187;0,9853959939935408;-0,30395155078434616;1,2998884959374145e-06
109;0,0;0,0;0,0;0,0;0,0;0,0;;;;;;;;
110;0,5777955867596937;0,28119413961080897;-0,5768357742329234;-0,2805323810424203;0,0009598125267702429;0,0006617585683886817;0,037574485631195566;0,037574485631195566;0,037574485631195566;0,9873660159847621;-0,2579933811943083;0,9855949968818875;-0,2736272246286314;3,757448563119557e-06
111;-1,2167899874853896;-0,5915471189065703;1,2177103868322263;0,5921817355620097;0,0009203993468367422;0,0006346166554394017;0,07885476666220559;0,0788547666622056;0,0788547666622056;0,9905969451135049;-0,08242819788340998;0,9914061704010052;-0,07530577394090775;7,88547666622056e-06
112;0,11314258771619548;0,05402936170557105;-0,11312687480129063;-0,05401852872624057;1,5712914904847386e-05;1,0832979330480108e-05;0,007285027196554634;0,007285027196554634;0,007285027196554634;0,9936655364130017;-0,056682231717002284;0,9935161685336227;-0,0580554321970359;7,285027196554634e-07
113;0,11302687480139241;0,054018528726425284;-0,11300188701129157;-0,05400130103071156;2,498779010083607e-05;1,7227695713724345e-05;0,007279783617610837;0,007279783617610836;0,007279783617610837;0,9935161685336227;-0,0580554321970359;0,993278449099377;-0,0602370349300203;7,279783617610838e-07
114;0,5145395879963724;0,2493030659311605;-0,5142094381192159;-0,24907545018851454;0,0003301498771565159;0,00022761574264595907;0,0333932253422122;0,03339322534221221;0,03339322534221221;0,9885313836207461;-0,24128343110503644;0,9878461050421293;-0,2473887462543106;3,339322534221221e-06
115;0,37375671936530147;0,18038557765615734;-0,37370067759464787;-0,180338256982711;5,604177065360316e-05;4,732067344634383e-05;0,02411237193811309;0,024112371938113095;0,024112371938113095;0,9937054563895601;-0,05632100422877565;0,9935353600251996;-0,058842130272080545;2,4112371938113094e-06
116;0,37360067759483084;0,18033825698360478;-0,37352173361810515;-0,18027162185130657;7,89439767256983e-05;6,66351322982095e-05;0,024107138524511025;0,024107138524511032;0,024107138524511032;0,9935353600251996;-0,058842130272080545;0,9932957210704751;-0,062391380047650206;2,410713852451103e-06
117;0,3734217336180705;0,18027162185057585;-0,3733046586744722;-0,18017277560465603;0,00011707494359830539;9,884624591982583e-05;0,0241019039565182;0,0241019039565182;0,0241019039565182;0,9932957210704751;-0,062391380047650206;0,9929402271256496;-0,06766028375582515;2,4101903956518196e-06
118;-0,08199999999996774;-0,04000000000002148;0,08202064048026314;0,04001423091940436;2,0640480295402996e-05;1,4230919382886287e-05;0,005340520834556363;0,005340520834556363;0,005340520834556363;0,9863289825293935;-0,13182466621849853;0,9865969837970134;-0,12947595595492598;5,340520834556362e-07
119;0,1280117418374941;0,062008297910830026;-0,12800278179303193;-0,062002120260475815;8,960044462158478e-06;6,177650354211028e-06;0,008252017519747728;0,00825201751974773;0,00825201751974773;0,9951739877494653;-0,2175631669249427;0,9950987273495298;-0,21822932964371194;8,25201751974773e-07
120;-1,2204292460188841;-0,5887842184364058;1,2212048776588353;0,5893190222652372;0,000775631639951202;0,0005348038288314205;0,07843094287330207;0,07843094287330207;0,07843094287330207;0,9974745070201166;-0,19709513436616274;0,9981598195160741;-0,1909828423055167;7,843094287330208e-06
121;0,1350208361622828;0,06501458132892374;-0,13501171952953014;-0,06500829649778961;9,116632752659282e-06;6,284831134129032e-06;0,008693398067664193;0,008693398067664193;0,008693398067664193;0,9952466469803103;-0,21691032154278236;0,9951739877494653;-0,2175631669249427;8,693398067664193e-07
122;0,5516718687735525;0,26734109363237935;-0,5513018604082245;-0,26708599185004805;0,0003700083653279673;0,00025510178233129066;0,03568394914343527;0,03568394914343527;0,03568394914343527;0,9918646781045675;-0,09157539868520832;0,9911459574198478;-0,09795491283128482;3,5683949143435273e-06
123;0,13513867326663875;0,06502688031073534;-0,1351208357451522;-0,06501458154623876;1,7837521486541164e-05;1,229876449657108e-05;0,008698625126869251;0,008698625126869251;0,008698625126869251;0,9953887254292999;-0,21563098583019102;0,9952466469803103;-0,21691032154278236;8,69862512686925e-07
124;0,08300188701200852;0,040001301031166794;-0,08300000000075705;-0,04000000000015349;1,8870112514640658e-06;1,3010310133051983e-06;0,005355589749357464;0,005355589749357463;0,005355589749357464;0,993278449099377;-0,0602370349300203;0,9932540344920459;-0,06045642009232715;5,355589749357465e-07
125;-0,2710060246843377;-0,13100415293804882;0,27109126283239515;0,1310629202463618;8,523814805744268e-05;5,876730831297361e-05;0,017598554904281166;0,01759855490428117;0,01759855490428117;0,987510430208992;-0,2503975918659409;0,9878461050421293;-0,2473887462543106;1,759855490428117e-06
126;0,3783840722875065;0,1831275188595179;-0,3782285230966162;-0,183020278998838;0,00015554919089028063;0,00010723986067989744;0,024517067567222744;0,024517067567222748;0,024517067567222748;0,9899235381809339;-0,2685664609295501;0,9894838095312597;-0,2724890311089889;2,451706756722275e-06
127;1,0423652893684159;0,504563445927005;-1,0411893831483314;-0,5037526979996144;0,001175906220084455;0,0008107479273905538;0,0668461508918608;0,0668461508918608;0,0668461508918608;1,0002190326812908;-0,17271802362384048;0,9989997945822205;-0,18348770209569576;6,684615089186081e-06
128;0,0771151475152395;0,0370104437039546;-0,07710864789811966;-0,03700596243578991;6,499617119834489e-06;4,481268164692465e-06;0,004969743199459459;0,004969743199459458;0,004969743199459459;0,9937054563895601;-0,05632100422877565;0,9936148568850075;-0,05714349210450084;4,969743199459459e-07
129;0,07700864789823457;0,037005962435937234;-0,07700000000004885;-0,03699999999997883;8,64789818572076e-06;5,962435958406509e-06;0,004964505278351891;0,004964505278351891;0,004964505278351891;0,9936148568850075;-0,05714349210450084;0,9934941755742324;-0,05823569535093041;4,964505278351891e-07
130;0,07700424002733393;0,03700304934299554;-0,07699975965061939;-0,03699996040146361;4,4803767145357165e-06;3,088941531927125e-06;0,0049762475196931865;0,0049762475196931865;0,0049762475196931865;0,991209532239078;-0,2528806384192935;0,9911471568530852;-0,253446450756008;4,976247519693187e-07
131;0,5027356749194184;0,24453229719798383;-0,5026229044099573;-0,2444370937921363;0,00011277050946112421;9,520340584753817e-05;0,032748629713077085;0,032748629713077085;0,032748629713077085;0,9855949968818875;-0,2736272246286314;0,9853428000720148;-0,2773470983367427;3,2748629713077082e-06
132;0,5025229044106508;0,24443709379203185;-0,5022504446090511;-0,24420709024566903;0,0002724598015997337;0,0002300035463628225;0,03274336051014022;0,03274336051014023;0,03274336051014023;0,9853428000720148;-0,2773470983367427;0,984733395744147;-0,28633984149375025;3,274336051014023e-06
133;-0,6022295684962857;-0,29115828280195566;0,6026681537931755;0,2914606726646541;0,00043858529688978187;0,0003023898626984267;0,039222569585484826;0,03922256958548482;0,039222569585484826;0,9846396794375097;-0,27606854075943926;0,9854146561564402;-0,26910685108681165;3,922256958548483e-06
134;0,0;0,0;0,0;0,0;0,0;0,0;;;;;;;;
135;0,0;0,0;0,0;0,0;0,0;0,0;;;;;;;;
136;0,29630465867461236;0,143172775604787;-0,29618915059904394;-0,1430752593728645;0,0001155080755684268;9,751623192250092e-05;0,019134638338110688;0,01913463833811069;0,01913463833811069;0,9929402271256496;-0,06766028375582515;0,9924984116607197;-0,07420088300021856;1,913463833811069e-06
137;0,6134226080978552;0,29718768483610614;-0,6132935400465092;-0,29709871243930003;0,00012906805134604848;8,897239680610847e-05;0,03935343340464117;0,03935343340464117;0,03935343340464117;0,9999999999179537;8,340134205437766e-20;0,999772680285311;-0,002000747337116333;3,935343340464117e-06
138;0,6131935400462067;0,2970987124392952;-0,6127096859053159;-0,2967651192320495;0,0004838541408908048;0,000333593207245686;0,03934823637435852;0,039348236374358525;0,039348236374358525;0,999772680285311;-0,002000747337116333;0,9989203551087017;-0,00951102974287794;3,934823637435853e-06
139;0,0;0,0;0,0;0,0;0,0;0,0;;;;;;;;
140;-0,6814232268873754;-0,33022390880246394;0,681675844104669;0,330398079907137;0,00025261721729352704;0,00017417110467304875;0,043816383835580376;0,04381638383558037;0,043816383835580376;0,9977601906041543;-0,19450520053703582;0,9981598195160741;-0,1909828423055167;4,381638383558038e-06
141;9,999999872048697e-05;-9,7389825723576e-13;-9,999999778572757e-05;1,6182072427517595e-12;9,347594042124346e-13;6,443089855159996e-13;5,838700413338066e-06;5,8387004133380655e-06;5,838700413338066e-06;0,9888335090518453;-0,11267817243266322;0,988833499808631;-0,11267854159453237;5,838700413338067e-10
142;0,0;0,0;0,0;0,0;0,0;0,0;;;;;;;;
143;0,0;0,0;0,0;0,0;0,0;0,0;;;;;;;;
144;-9,999957373532194e-05;-2,42637555479794e-10;9,999957521866854e-05;2,4366027325737783e-10;1,483346607979337e-12;1,0227177775838435e-12;5,815499319181679e-06;5,815499319181679e-06;5,815499319181679e-06;0,9927742683190615;-0,23853457416814206;0,9927742830454325;-0,23853398819359226;5,815499319181679e-10
145;-1,0995542031092305;-0,5306248472943319;1,10853266842584;0,536815198210298;0,008978465316609618;0,006190350915966092;0,07109502796591943;0,07109502796591942;0,07109502796591943;0,9914666373212377;-0,2505390447552821;1,0002190326812908;-0,17271802362384048;7,109502796591943e-06
146;0,14803950561309312;0,0710274808291081;-0,14800401822564613;-0,07100301348360886;3,548738744699187e-05;2,4467345499240567e-05;0,009561500019673708;0,009561500019673711;0,009561500019673711;0,9914666373212377;-0,2505390447552821;0,991209532239078;-0,2528806384192935;9,561500019673712e-07
147;-0,2651450768148674;-0,12803151278748717;0,2654896934941972;0,12826911443780484;0,0003446166793298344;0,00023760165031766478;0,017219117755257723;0,017219117755257727;0,017219117755257727;0,9872404636420148;-0,28848924557825456;0,9886274331507057;-0,2760309233131164;1,7219117755257726e-06
148;-0,37249154248163174;-0,17927056834755956;0,3725286090024037;0,17929613025952587;3,70665207719556e-05;2,5561911966315298e-05;0,024141394540834884;0,024141394540834887;0,024141394540834887;0,9886274331507057;-0,2760309233131164;0,9887338207533936;-0,2750665323704869;2,4141394540834887e-06
149;0,0;0,0;0,0;0,0;0,0;0,0;;;;;;;;
150;0,29753524763457095;0,1441621907595173;-0,2974367599330214;-0,14409428679018632;9,848770154957665e-05;6,790396933098464e-05;0,019345549149252964;0,019345549149252964;0,019345549149252964;0,9867069329459282;-0,2638465488401485;0,9863540563919734;-0,26699557448335426;1,9345549149252965e-06
151;-9,999957280294915e-05;-2,4308156495241085e-10;9,999957781077353e-05;2,465344669630823e-10;5,007824382496744e-12;3,4529020106714634e-12;5,816534981217054e-06;5,8165349812170554e-06;5,8165349812170554e-06;0,9925974908298479;-0,24010964734367826;0,9925975405376832;-0,24010766897517766;5,816534981217055e-10
152;-0,5496508798178512;-0,26524191150068144;0,5499484345748317;0,2654470652726574;0,00029755475698045597;0,0002051537719759411;0,035609339289891254;0,03560933928989126;0,03560933928989126;0,9895112452305562;-0,09351811550164978;0,9900903047634684;-0,08831582025635575;3,560933928989126e-06
153;0,0;0,0;0,0;0,0;0,0;0,0;;;;;;;;
154;0,23011273933938717;0,11207772907558353;-0,23002419864300497;-0,1120166832329342;8,854069638219997e-05;6,1045842649321e-05;0,014976691994269466;0,014976691994269467;0,014976691994269467;0,9867069329459282;-0,2638465488401485;0,9862970267063147;-0,2674547508911687;1,4976691994269468e-06
155;0,04400110810655534;0,02100083837864546;-0,04399986008250792;-0,020999977907893208;1,2480240474191384e-06;8,604707522515131e-07;0,0028513014894632114;0,002851301489463212;0,002851301489463212;0,9872404636420148;-0,28848924557825456;0,9872101524339648;-0,2887701039075979;2,851301489463212e-07
156;0,25122146428140185;0,12108414359276692;-0,2511383182078999;-0,12102681986586575;8,314607350196068e-05;5,732372690117615e-05;0,016169899193974983;0,016169899193974976;0,016169899193974983;0,9957450229718953;-0,21243751764119553;0,9953887254292999;-0,21563098583019102;1,6169899193974985e-06
157;-0,04509999944337378;-0,02200007152412153;0,04510032849406156;0,022000298437887464;3,2905068778066315e-07;2,269137659334508e-07;0,0029284344137010658;0,002928434413701066;0,002928434413701066;0,9893110573078816;-0,2739816005124178;0,9893188492928922;-0,2739134591995859;2,928434413701066e-07
158;0,5595051649462206;0,2707620022384885;-0,5592320385077435;-0,2705736712210868;0,0002731264384771004;0,00018833101740173275;0,03592555745518959;0,03592555745518959;0,03592555745518959;0,9989203551087017;-0,00951102974287794;0,9983934159216032;-0,014172970922175445;3,5925557455189593e-06
159;0,202045601693913;0,09803144083959554;-0,20200000000005378;-0,09800000000005375;4,56016938592263e-05;3,144083954179089e-05;0,013163777967766781;0,01316377796776678;0,013163777967766781;0,984950611264943;-0,27304621143351976;0,9847104742074998;-0,27518494249663633;1,3163777967766781e-06
160;0,17103302538671497;0,08302276989725951;-0,1710007471919391;-0,08300051516378887;3,2278194775858804e-05;2,225473347064466e-05;0,011075024103770483;0,011075024103770483;0,011075024103770483;0,9911040806070668;-0,1026808529870537;0,9909020414187613;-0,10446685265546643;1,1075024103770483e-06
161;0,2704367599327449;0,13109428679019428;-0,27035192439002814;-0,13103579872725754;8,483554271676574e-05;5,8488062936734586e-05;0,017591493696074177;0,017591493696074184;0,017591493696074184;0,9863540563919734;-0,26699557448335426;0,9860197817018125;-0,2699754168720818;1,7591493696074184e-06
162;0,0;0,0;0,0;0,0;0,0;0,0;;;;;;;;
163;0,22518915059892114;0,10907525937305018;-0,22510467625344116;-0,1090039477970751;8,447434547997901e-05;7,131157597507765e-05;0,01455536033505645;0,014555360335056444;0,01455536033505645;0,9924984116607197;-0,07420088300021856;0,9920735490644518;-0,0804673899853641;1,455536033505645e-06
164;-0,14500000000016383;-0,07000000000023532;0,1450060246844736;0,0700041529379634;6,02468430976888e-06;4,152937728083006e-06;0,009414051447832465;0,009414051447832465;0,009414051447832465;0,9874660833454817;-0,25079637483494327;0,987510430208992;-0,2503975918659409;9,414051447832465e-07
165;-0,0009999999999993246;-7,304721081079256e-14;0,0010000004516965623;3,115031537971819e-10;4,5169723777299664e-10;3,114301065863711e-10;5,85907121092447e-05;5,8590712109244706e-05;5,8590712109244706e-05;0,9853955488930454;-0,3039693944070051;0,9853959939935408;-0,30395155078434616;5,859071210924471e-09
166;0,06310734222479837;0,031005161136140616;-0,06310027277886285;-0,031000286909969497;7,0694459355230554e-06;4,87422617111849e-06;0,004102830304167521;0,004102830304167521;0,004102830304167521;0,9894383817423448;-0,27288872471250275;0,9893188492928922;-0,2739134591995859;4,1028303041675215e-07
167;2,6508239984634248;1,3025744942940325;-2,6495491713137;-1,3016955437010618;0,001274827149724711;0,0008789505929707175;0,17048702732795312;0,17048702732795318;0,17048702732795318;1,0002190326812908;-0,17271802362384048;0,9997002992700591;-0,1771167848388979;1,7048702732795318e-05
168;-0,20220600245643058;-0,09800506714078058;0,20222027485141655;0,0980171176710336;1,4272394985970216e-05;1,2050530253021607e-05;0,013093516716749945;0,013093516716749947;0,013093516716749947;0,9908216171524427;-0,10273299202711784;0,9909014246162107;-0,10155531074319847;1,3093516716749947e-06
169;-0,20210000000279119;-0,09800000000086129;0,20210600245643903;0,09800506714067014;6,002453647846462e-06;5,0671398088564246e-06;0,013088273412022807;0,013088273412022811;0,013088273412022811;0,990788039721854;-0,10322795881173871;0,9908216171524427;-0,10273299202711784;1,308827341202281e-06
170;0,5452111469817381;0,264145553604815;-0,5450026496504864;-0,26400182704277486;0,00020849733125172243;0,00014372656204014733;0,03536783732146782;0,035367837321467824;0,035367837321467824;0,9889640557818227;-0,09839290354006826;0,9885554614670009;-0,10202978428906281;3,5367837321467824e-06
171;-0,4245284455155502;-0,20429610268780907;0,42459898945852925;0,2043447364586044;7,054394297906219e-05;4,8633770795336595e-05;0,027510508077909203;0,027510508077909206;0,027510508077909206;0,9887338207533936;-0,2750665323704869;0,9889114839374632;-0,27345746730306264;2,7510508077909206e-06
172;-0,3772202748521998;-0,183017117670589;0,3773018604086771;0,18308599185004215;8,158555647730381e-05;6,887417945314334e-05;0,024429045500039943;0,024429045500039943;0,024429045500039943;0,9909014246162107;-0,10155531074319847;0,9911459574198478;-0,09795491283128482;2,4429045500039943e-06
173;0,3482504446089519;0,16920709024559563;-0,34811046008624585;-0,16908890342327784;0,00013998452270602701;0,00011818682231778954;0,02270048602818438;0,022700486028184384;0,022700486028184384;0,984733395744147;-0,28633984149375025;0,9842818085322096;-0,2930208422351197;2,270048602818438e-06
174;1,2537359475271597;0,6210536438455377;-1,2493886528307143;-0,6180563993499777;0,004347294696445347;0,0029972444955600475;0,08197363281238439;0,08197363281238437;0,08197363281238439;0,9854234503002832;-0,2985065445261315;0,9817428784507787;-0,3295847872565722;8,197363281238438e-06
175;0,18402307643974;0,08901906210886516;-0,18400271281004987;-0,08900187022124055;2,0363629690128837e-05;1,7191887624612434e-05;0,012050986891256471;0,012050986891256475;0,012050986891256475;0,9793708104752072;-0,18447020531497846;0,9792471200351174;-0,18632269960294348;1,2050986891256475e-06
176;0,11511207300613413;0,0560085084780979;-0,11510717883544948;-0,056005134111442534;4,894170684652255e-06;3,3743666553662233e-06;0,00746947785728143;0,00746947785728143;0,00746947785728143;0,9894838095312597;-0,2724890311089889;0,9894383817423448;-0,27288872471250275;7,469477857281431e-07
177;0,4911279113575589;0,23757082578051333;-0,49091073578059524;-0,2374210752623678;0,0002171755769636574;0,00014975051814553053;0,03154917963165939;0,03154917963165939;0,03154917963165939;0,9983934159216032;-0,014172970922175445;0,9979163130288885;-0,01840067950837677;3,154917963165939e-06
178;0,32829950788273166;0,15813807531017285;-0,3282212286320828;-0,1580841043904368;7,827925064884944e-05;5,3970919736051615e-05;0,02112316641021287;0,021123166410212873;0,021123166410212873;0,9960017996383688;-0,2101329384790303;0,9957450229718953;-0,21243751764119553;2,112316641021287e-06
179;0,14402419864307883;0,07001668323318283;-0,14400010826662177;-0,07000007463483748;2,4090376457064355e-05;1,660859834534678e-05;0,009374229660153582;0,009374229660153584;0,009374229660153584;0,9862970267063147;-0,2674547508911687;0,9861188659186101;-0,26903081675905566;9,374229660153584e-07
180;0,475810572863592;0,23042096294513353;-0,47561155834009006;-0,2302837492932648;0,00019901452350196136;0,0001372136518687228;0,030586375470377382;0,030586375470377382;0,030586375470377382;0,9979163130288885;-0,01840067950837677;0,9974653256339895;-0,0223857807955917;3,0586375470377385e-06
181;0,3443802353410288;0,16619375175871995;-0,3442994599787451;-0,1661380649322686;8,077536228368043e-05;5,5686826451351035e-05;0,022159997495234694;0,022159997495234698;0,022159997495234698;0,9962543898957346;-0,2078780132349648;0,9960017996383688;-0,2101329384790303;2,2159997495234696e-06
182;0,0;0,0;0,0;0,0;0,0;0,0;;;;;;;;
183;-0,11409964639723354;-0,054999940597360325;0,11410619415844084;0,05500445449789917;6,5477612073011615e-06;4,513900538842541e-06;0,007367476383361288;0,0073674763833612876;0,007367476383361288;0,9925975405376832;-0,24010766897517766;0,992659121888408;-0,23955449170700205;7,367476383361289e-07
184;0,0;0,0;0,0;0,0;0,0;0,0;;;;;;;;
185;0,0;0,0;0,0;0,0;0,0;0,0;;;;;;;;
186;0,0;0,0;0,0;0,0;0,0;0,0;;;;;;;;
187;0,48373855823828854;0,23444070036400053;-0,4831620910790902;-0,2340432558369381;0,0005764671591983461;0,0003974445270624183;0,03149484156301515;0,03149484156301515;0,03149484156301515;0,9854234503002832;-0,2985065445261315;0,9841547588118218;-0,30984522914451024;3,1494841563015147e-06
188;0,19906312085879435;0,09605328723260582;-0,19902295068410203;-0,09601937661727654;4,01701746923222e-05;3,391061532928563e-05;0,013029726879854611;0,013029726879854615;0,013029726879854615;0,9793700864756573;-0,18450135805541482;0,9791444805640888;-0,18789383373887772;1,3029726879854614e-06
189;0,4952295684956723;0,23915828280186166;-0,49513151978625286;-0,23909068128951297;9,804870941942934e-05;6,760151234869172e-05;0,032246911292942715;0,032246911292942715;0,032246911292942715;0,9846396794375097;-0,27606854075943926;0,9844289671084635;-0,2779688560859431;3,2246911292942717e-06
190;-0,5195986914900356;-0,25034468434790075;0,5198411214639751;0,25051183755288736;0,0002424299739395286;0,00016715320498661423;0,033672793780969455;0,03367279378096945;0,033672793780969455;0,9889114839374632;-0,27345746730306264;0,9894103560772699;-0,2689537371079838;3,3672793780969458e-06
191;0,0;0,0;0,0;0,0;0,0;0,0;;;;;;;;
192;0,028000632764314463;0,014000534274105405;-0,027999999999989627;-0,013999999999963958;6,327643248364712e-07;5,342741414473412e-07;0,0018284374242372838;0,0018284374242372838;0,0018284374242372838;0,9885154804933425;-0,10872921664472032;0,9884900649430752;-0,10908590149634637;1,8284374242372837e-07
193;0,028101015766430922;0,014000857662256462;-0,028100632764459326;-0,014000534274234097;3,830019715961308e-07;3,2338802236422937e-07;0,001833663240984743;0,0018336632409847425;0,001833663240984743;0,9885308149912099;-0,10851267805239664;0,9885154804933425;-0,10872921664472032;1,833663240984743e-07
194;0,2761104600863612;0,13408890342346153;-0,2760280796273658;-0,13401935996197223;8,238045899539026e-05;6,954346148929647e-05;0,01800462728546578;0,01800462728546578;0,01800462728546578;0,9842818085322096;-0,2930208422351197;0,9839467657507183;-0,2979820316456512;1,8004627285465781e-06
195;0,4195093574882231;0,2032822318127665;-0,41937922428302066;-0,20319250586329157;0,00013013320520244287;8,972594947492807e-05;0,02698256217924518;0,026982562179245176;0,02698256217924518;0,9974653256339895;-0,0223857807955917;0,9971310276001164;-0,02533632931065114;2,6982562179245178e-06
196;-0,48730531421806417;-0,23614231977348038;0,48742381406683316;0,2362240112882249;0,00011849984876899367;8,169151474451963e-05;0,03134232676659511;0,03134232676659511;0,03134232676659511;0,9974981300358337;-0,1968153182916857;0,9977601906041543;-0,19450520053703582;3,1342326766595112e-06
197;-0,16510603717852976;-0,08000442536439867;0,16512376642897583;0,08001664795748077;1,772925044607465e-05;1,2222593082103494e-05;0,010670895851764997;0,010670895851764993;0,010670895851764997;0,992659121888408;-0,23955449170700205;0,9927742830454325;-0,23853398819359226;1,0670895851764998e-06
198;-0,8124542835262486;-0,39331321956579235;0,813024114205513;0,3937060992941996;0,0005698306792644159;0,00039287972840723606;0,05285933635932013;0,05285933635932013;0,05285933635932013;0,9859096417315896;-0,12475836790712982;0,9866568288056586;-0,11807769039141806;5,285933635932013e-06
199;0,0;0,0;0,0;0,0;0,0;0,0;;;;;;;;
200;0,40727907342028924;0,19719240183671702;-0,40713831269868417;-0,1970953624043536;0,00014076072160507103;9,703943236341606e-05;0,026200576989866668;0,026200576989866668;0,026200576989866668;0,9971310276001164;-0,02533632931065114;0,9967586686480039;-0,02862966641912419;2,620057698986667e-06
201;-0,7071534605465385;-0,3279618527501006;0,7076327785545974;0,3282923049255368;0,00047931800805889324;0,0003304521754362022;0,045622991914805094;0,045622991914805094;0,045622991914805094;0,986446247088639;-0,2823959187251903;0,9871724661945532;-0,2751893459850972;4,5622991914805096e-06
202;0,0;0,0;0,0;0,0;0,0;0,0;;;;;;;;
203;0,0;0,0;0,0;0,0;0,0;0,0;;;;;;;;
204;0,06910411846028232;0,034003477229747316;-0,06910101576602022;-0,034000857662369544;3,102694262097083e-06;2,6195673777720807e-06;0,004497937757107286;0,004497937757107286;0,004497937757107286;0,9885813943842671;-0,10778315887798268;0,9885308149912099;-0,10851267805239664;4,4979377571072866e-07
205;0,06920829849196178;0,03400635963223835;-0,06920411846043706;-0,034003477229478336;4,180031524719796e-06;2,882402760015501e-06;0,004503178653172286;0,004503178653172287;0,004503178653172287;0,988645790743649;-0,10723062811335694;0,9885813943842671;-0,10778315887798268;4,503178653172287e-07
206;0,1033519243899944;0,05003579872692904;-0,10333953166915698;-0,05002725482878111;1,2392720837417492e-05;8,543898147923834e-06;0,00672352662718621;0,00672352662718621;0,00672352662718621;0,9860197817018125;-0,2699754168720818;0,9858920303618459;-0,2711181979684965;6,72352662718621e-07
207;0,10323953166909089;0,050027254828990356;-0,10322418894017527;-0,0500166769984115;1,5342728915623827e-05;1,057783057885342e-05;0,006718256155747168;0,00671825615574717;0,00671825615574717;0,9858920303618459;-0,2711181979684965;0,985733735432463;-0,2725310874266797;6,71825615574717e-07
208;0,10312418894056674;0,050016676998487504;-0,10311529462382904;-0,050010544665196416;8,894316737700914e-06;6,132333291088143e-06;0,006712985745865973;0,006712985745865972;0,006712985745865973;0,985733735432463;-0,2725310874266797;0,9856418923045295;-0,27334909372849214;6,712985745865973e-07
209;-0,44330427869805117;-0,21407189673192747;0,4435488380925226;0,21424050369514405;0,00024455939447143304;0,00016860696321657764;0,02874054328333966;0,028740543283339654;0,02874054328333966;0,9889215567169698;-0,0988086591608251;0,9895112452305562;-0,09351811550164978;2,874054328333966e-06
210;0,0;0,0;0,0;0,0;0,0;0,0;;;;;;;;
211;0,0;0,0;0,0;0,0;0,0;0,0;;;;;;;;
212;-0,05599992197381228;-0,02699998686490864;0,05600330702962565;0,027002320608633428;3,3850558133693975e-06;2,333743724786813e-06;0,0036635469857878447;0,0036635469857878443;0,0036635469857878447;0,979742223643452;-0,3476429609013979;0,9798062490318434;-0,34706050768432056;3,663546985787845e-07
213;0,06200271281007575;0,03000187022112576;-0,06200000000001698;-0,030000000000074845;2,7128100587719972e-06;1,8702210509147221e-06;0,004061065023640302;0,004061065023640302;0,004061065023640302;0,9792471200351174;-0,18632269960294348;0,9792008224581382;-0,1867401927038336;4,0610650236403024e-07
214;0,12202295068438115;0,059019376617284534;-0,12200000000011707;-0,05900000000000048;2,2950684264083643e-05;1,9376617284051767e-05;0,007992475214452135;0,007992475214452134;0,007992475214452135;0,9791444805640888;-0,18789383373887772;0,9789342891847653;-0,1910437449616315;7,992475214452135e-07
215;0,016000108266354573;0,008000074634744768;-0,015999999999962662;-0,008000000000040561;1,0826639191066634e-07;7,463470420680796e-08;0,001047341362786343;0,0010473413627863433;0,0010473413627863433;0,9861188659186101;-0,26903081675905566;0,9861116878265155;-0,2690895488263659;1,0473413627863433e-07
216;0,4635164874365952;0,22428787700528274;-0,4633798737825408;-0,22419368646951887;0,00013661365405437387;9,419053576387171e-05;0,02983174911929388;0,029831749119293875;0,02983174911929388;0,9965717869527272;-0,20506409135289402;0,9962543898957346;-0,2078780132349648;2,9831749119293877e-06
217;-0,11299999999987598;-0,05399999999998338;0,1130299013467273;0,054020615711468344;2,9901346851324284e-05;2,061571148496283e-05;0,007305184494342486;0,007305184494342486;0,007305184494342486;0,9898068283220827;-0,09092654247337933;0,9900903047634684;-0,08831582025635575;7,305184494342486e-07
218;-0,6549389050103726;-0,3028786723181692;0,6550562953055316;0,30295960899225954;0,00011739029515900334;8,093667409037053e-05;0,042241190938110934;0,042241190938110934;0,042241190938110934;0,9862541831088458;-0,28431613792971117;0,986446247088639;-0,2823959187251903;4,224119093811094e-06
219;-0,654295073660311;-0,302498438997931;0,654842760875137;0,30287605097641546;0,0005476872148260092;0,00037761197848446004;0,04223601814410079;0,04223601814410079;0,04223601814410079;0,9853580008300067;-0,29328321614897357;0,9862541831088458;-0,28431613792971117;4,223601814410079e-06
220;-0,6539427515325158;-0,3023878231794837;0,6540991558901103;0,30249565874203854;0,00015640435759445293;0,00010783556255483662;0,04222553034141031;0,04222553034141031;0,04222553034141031;0,9851020118931956;-0,29584595163098815;0,9853580008300067;-0,29328321614897357;4,222553034141031e-06
221;-0,6524056928809487;-0,3013842076332525;0,6538520919954528;0,30238145134557814;0,00144639911450406;0,000997243712325624;0,04222055090068149;0,04222055090068149;0,04222055090068149;0,9827344688187154;-0,319605553963001;0,9851020118931956;-0,29584595163098815;4,222055090068149e-06
222;-0,6521975443325864;-0,3012971336580553;0,6523147921520853;0,30137797209995343;0,00011724781949895569;8,083844189810119e-05;0,04221554925810786;0,04221554925810785;0,04221554925810786;0,9825425345363024;-0,32153629205981316;0,9827344688187154;-0,319605553963001;4,221554925810786e-06
223;-0,6516126472891658;-0,3009579571593543;0,6521010861280245;0,3012947009418899;0,0004884388388587402;0,0003367437825356201;0,04221034393497679;0,04221034393497678;0,04221034393497679;0,9817428784507787;-0,3295847872565722;0,9825425345363024;-0,32153629205981316;4,221034393497679e-06
224;-1,7384668834480845;-0,855499322391705;1,7398799179831348;0,8564735623447357;0,0014130345350502616;0,0009742399530306978;0,11351991836450472;0,11351991836450469;0,11351991836450472;0,9854234503002832;-0,2985065445261315;0,9862870420544882;-0,2911134899205288;1,1351991836450471e-05
225;0,5380919570249013;0,26068472365207424;-0,5376343336819596;-0,26036922002628315;0,00045762334294174867;0,0003155036257910804;0,03453084907929752;0,034530849079297515;0,03453084907929752;0,9997002992700591;-0,1771167848388979;0,9987817289771674;-0,18521368712652433;3,4530849079297525e-06
226;0,0;0,0;0,0;0,0;0,0;0,0;;;;;;;;
227;-0,00010000000033054976;-1,563026611593377e-14;0,00010000000315739154;2,402401541230061e-12;2,8268417744418614e-12;2,3867712751141274e-12;5,82718264928708e-06;5,827182649287078e-06;5,82718264928708e-06;0,9907880117138442;-0,10322932633090257;0,990788039721854;-0,10322795881173871;5,827182649287079e-10
228;0,0;0,0;0,0;0,0;0,0;0,0;;;;;;;;
229;0,5216047735762791;0,25341776633360963;-0,5213707508024003;-0,25325642709079726;0,0002340227738788503;0,0001613392428123639;0,03351446638486002;0,03351446638486002;0,03351446638486002;0,9989997945822205;-0,18348770209569576;0,9985157221946113;-0,1877235385825351;3,3514466384860014e-06
230;-0,06000000000002859;-0,029000000000055214;0,06000338176668341;0,029002854798278813;3,3817666548197067e-06;2,8547982235983815e-06;0,0039288056085308425;0,003928805608530842;0,0039288056085308425;0,9793078102318887;-0,18541475288971773;0,9793708104752072;-0,18447020531497846;3,928805608530843e-07
231;0,0;0,0;0,0;0,0;0,0;0,0;;;;;;;;
232;0,0180007427986809;0,009000539099643956;-0,017999944257793207;-0,008999988504501889;7,985408876920452e-07;5,505951420677752e-07;0,0011744426132602305;0,00117444261326023;0,0011744426132602305;0,9893606279500103;-0,2736006053009309;0,9893134116697939;-0,27398593115340997;1,1744426132602304e-07
233;0,30913186209966276;0,14909096426344948;-0,3090921509875994;-0,14906358894364413;3,9711112063356424e-05;2,7375319805345022e-05;0,020058453602547998;0,020058453602547998;0,020058453602547998;0,9878642870812141;-0,2566993343777328;0,9877271042841249;-0,2579359947248022;2,0058453602547995e-06
234;-0,3161402004333072;-0,15302771520248223;0,3161819084012356;0,1530564670782456;4,170796792840603e-05;2,8751875763372015e-05;0,02055658361628809;0,020556583616288093;0,020556583616288093;0,9864596472106826;-0,2789022309568445;0,9866002683160856;-0,2776450694869035;2,0556583616288094e-06
235;0,3211510561587529;0,1551042083800945;-0,3210653057032625;-0,1550450863150232;8,57504554903632e-05;5,912206507130424e-05;0,020843835989568973;0,020843835989568973;0,020843835989568973;0,9878642870812141;-0,2566993343777328;0,9875791876229127;-0,259261747715557;2,0843835989568973e-06
236;0,0;0,0;0,0;0,0;0,0;0,0;;;;;;;;
237;0,5129460209047398;0,24858409903236342;-0,5125163398138284;-0,24828784832125625;0,0004296810909114601;0,00029625071110717105;0,032992676796149735;0,03299267679614974;0,03299267679614974;0,9974745070201166;-0,19709513436616274;0,9965717869527272;-0,20506409135289402;3,2992676796149744e-06
238;0,4406286394331638;0,21236516063418034;-0,4405233159889975;-0,2122925436494199;0,00010532344416630535;7,261698476043743e-05;0,0282922563972957;0,028292256397295705;0,028292256397295705;0,9981598195160741;-0,1909828423055167;0,997901866697792;-0,19328963609003105;2,8292256397295705e-06
239;-0,3651391834870828;-0,1770275846568506;0,3653056838573955;0,17714238393714785;0,00016650037031268328;0,00011479928029725639;0,02349861890440964;0,023498618904409633;0,02349861890440964;0,9970069756529196;-0,20114260884273416;0,9974981300358337;-0,1968153182916857;2,349861890440964e-06
240;-0,13910880728687172;-0,06700630090825184;0,13911637389640386;0,067011517412152;7,566609532133617e-06;5,216503900160041e-06;0,009009888315612804;0,009009888315612804;0,009009888315612804;0,9894256203191913;-0,27301447025548853;0,9894838095312597;-0,2724890311089889;9,009888315612804e-07
241;2,348082507779902;1,135166328639242;-2,343609369841183;-1,1320822499509873;0,004473137938719063;0,0030840786882546656;0,15054473614102046;0,15054473614102046;0,15054473614102046;1,0002190326812908;-0,17271802362384048;0,9981598195160741;-0,1909828423055167;1,5054473614102045e-05
242;-0,14100318865706835;-0,06800230061122538;0,14102744674172218;0,06801902574756677;2,425808465383872e-05;1,6725136341391722e-05;0,009224381617536182;0,009224381617536184;0,009224381617536184;0,9798062490318434;-0,34706050768432056;0,9799884797933599;-0,3454038865283983;9,224381617536184e-07
243;0,2710921649289847;0,13106359108598747;-0,27102082740009376;-0,13101440945455312;7,13375288909357e-05;4,91816314343585e-05;0,017600739707800198;0,017600739707800198;0,017600739707800198;0,9877271042841249;-0,2579359947248022;0,9874462086244014;-0,2604536697283034;1,7600739707800198e-06
244;-0,10199985805016298;-0,048999976620931925;0,1020100848821019;0,049007027219501585;1,0226831938922598e-05;7,0505985696606155e-06;0,006664114482026664;0,006664114482026665;0,006664114482026665;0,9803613585302698;-0,34215314679148534;0,9804676724083989;-0,3411776087753639;6,664114482026665e-07
245;0,0;0,0;0,0;0,0;0,0;0,0;;;;;;;;
246;0,46063456228819966;0,22336925967735274;-0,46029846745899855;-0,2231375426138373;0,00033609482920110567;0,0002317170635154353;0,029592665706660092;0,029592665706660096;0,029592665706660096;0,9987817289771674;-0,18521368712652433;0,997994475693149;-0,1921414856027209;2,9592665706660096e-06
247;-0,6908405868771286;-0,33351174263656297;0,6909768086973211;0,3336056431145598;0,00013622182019257245;9,390047799684442e-05;0,04476439913281567;0,04476439913281567;0,04476439913281567;0,9894103560772699;-0,2689537371079838;0,9896212286882501;-0,26706157962526406;4,476439913281568e-06
248;-0,6612207349128252;-0,320152186046493;0,6614542835261589;0,320313219565751;0,00023354861333368948;0,00016103351925800258;0,043037627682906206;0,0430376276829062;0,043037627682906206;0,9855335075351396;-0,12812317081689426;0,9859096417315896;-0,12475836790712982;4,303762768290621e-06
249;0,3985234436113204;0,19229256411304574;-0,39837251688934094;-0,19218851197485973;0,00015092672197947188;0,00010405213818601156;0,025600883859422767;0,02560088385942276;0,025600883859422767;0,997901866697792;-0,19328963609003105;0,9974933437543291;-0,1969329203501831;2,5600883859422767e-06
250;-0,1390003620077447;-0,06700047733321525;0,13900880765361615;0,0670063007422637;8,445645871435481e-06;5,823409048449912e-06;0,00900463156952057;0,009004631569520569;0,00900463156952057;0,9893606279500103;-0,2736006053009309;0,9894256203191913;-0,27301447025548853;9,004631569520571e-07
251;0,0;0,0;0,0;0,0;0,0;0,0;;;;;;;;
252;0,0;0,0;0,0;0,0;0,0;0,0;;;;;;;;
253;0,30211141085309506;0,146076815014819;-0,30204345692715606;-0,14602996306040963;6,795392593900162e-05;4,685195440937151e-05;0,019680809921798974;0,01968080992179897;0,019680809921798974;0,9844289671084635;-0,2779688560859431;0,9841896687441087;-0,280120592057993;1,9680809921798974e-06
254;-0,10299999999998054;-0,049999999999972206;0,10301529462378159;0,050010544665150355;1,529462380105151e-05;1,0544665178149892e-05;0,00670771578166851;0,006707715781668511;0,006707715781668511;0,9854838282274464;-0,2747534840743559;0,9856418923045295;-0,27334909372849214;6,70771578166851e-07
255;0,2360436345321024;0,11403008228902509;-0,23601664447728884;-0,11401147476296028;2,6990054813547104e-05;1,8607526064806645e-05;0,015310478738236105;0,015310478738236107;0,015310478738236107;0,9885313836207461;-0,24128343110503644;0,9884092168085378;-0,24237955703822392;1,5310478738236107e-06
256;0,24406533385069087;0,11804509100134272;-0,24401575250377086;-0,11801090632439651;4,958134692001348e-05;3,4184676946213965e-05;0,01584961034369325;0,01584961034369325;0,01584961034369325;0,9875791876229127;-0,259261747715557;0,9873623794123579;-0,2612035064231961;1,5849610343693252e-06
257;0,1940509680455724;0,09403527782894033;-0,19399973108618385;-0,09399995332901469;5,1236959388550884e-05;3,532449992564579e-05;0,012693404342433764;0,012693404342433764;0,012693404342433764;0,980799683956304;-0,3380829545689484;0,9805198978913054;-0,3405932766604588;1,2693404342433763e-06
258;0,39937111870606623;0,19425649133654216;-0,39913974881092923;-0,19409696954837666;0,00023136989513700135;0,0001595217881655009;0,025678764104776906;0,025678764104776892;0,025678764104776906;0,9985157221946113;-0,1877235385825351;0,997891046621985;-0,19317765147241672;2,5678764104776904e-06
259;0,0;0,0;0,0;0,0;0,0;0,0;;;;;;;;
260;0,0;0,0;0,0;0,0;0,0;0,0;;;;;;;;
261;0,0;0,0;0,0;0,0;0,0;0,0;;;;;;;;
262;0,16801087076415047;0,08200764854868463;-0,1680029567806422;-0,08200219212229863;7,913983508273104e-06;5,45642638599686e-06;0,010967752139472391;0,01096775213947239;0,010967752139472391;0,9841547588118218;-0,30984522914451024;0,9841047216489031;-0,3102841248388407;1,096775213947239e-06
263;0,3975849752910042;0,19133499799596101;-0,3974780168062953;-0,19126126043035835;0,00010695848470887448;7,37375656026662e-05;0,025499864370543267;0,02549986437054327;0,02549986437054327;0,9989997945822205;-0,18348770209569576;0,9987091844731713;-0,18609364497811293;2,549986437054327e-06
264;0,588613553879947;0,2844234191862896;-0,5883056088204459;-0,2842111166744264;0,0003079450595010469;0,00021230251186321603;0,0384450002491914;0,03844500024919139;0,0384450002491914;0,9817428784507787;-0,3295847872565722;0,9811877734738416;-0,3345987401960517;3,84450002491914e-06
265;0,39737801675601436;0,19126126084406017;-0,3972354767021141;-0,1911629842542302;0,00014254005390024194;9,82765898299709e-05;0,0254946552431132;0,02549465524311319;0,0254946552431132;0,9987091844731713;-0,18609364497811293;0,9983218072684876;-0,18956843159636663;2,54946552431132e-06
266;-2,09717853178747;-1,0312245961612294;2,1113651039658223;1,041005762204854;0,014186572178352286;0,009781166043624667;0,13595193647680234;0,13595193647680237;0,13595193647680237;0,9924604350383006;-0,23838980949524136;0,9997002992700591;-0,1771167848388979;1,3595193647680237e-05
267;0,0;0,0;0,0;0,0;0,0;0,0;;;;;;;;
268;-0,19410000000799724;-0,09400000000546854;0,1941402004337042;0,09402771520320823;4,020042570695992e-05;2,771519773968334e-05;0,012625081053637;0,012625081053637;0,012625081053637;0,9862389473017065;-0,2808736367850988;0,9864596472106826;-0,2789022309568445;1,2625081053637e-06
269;0,19402807962724844;0,09401935996192107;-0,1939999999997755;-0,09399999999988776;2,8079627472948898e-05;1,9359962033310696e-05;0,01265118951620829;0,01265118951620829;0,01265118951620829;0,9839467657507183;-0,2979820316456512;0,9837929200824717;-0,29935817229189177;1,265118951620829e-06
270;-0,2312238435485117;-0,11201644035442805;0,23127098567095875;0,11204894215006446;4,7142122447052515e-05;3,2501795636408204e-05;0,015003242172500096;0,015003242172500092;0,015003242172500096;0,9887037650533335;-0,100747682128832;0,9889215567169698;-0,0988086591608251;1,5003242172500095e-06
271;0,4982355668956184;0,24076789730222958;-0,4978946293375916;-0,24048005810772244;0,00034093755802677705;0,00028783919450714457;0,032209977944165157;0,032209977944165157;0,032209977944165157;0,9918753851156545;-0,24655623236288496;0,9911006812994384;-0,25803995050298195;3,2209977944165157e-06
272;0,24604345692698834;0,119029963060929;-0,2460113189482097;-0,11900780505444204;3,213797877862912e-05;2,2158006486958093e-05;0,016033816250918327;0,016033816250918327;0,016033816250918327;0,9841896687441087;-0,280120592057993;0,9840507489894775;-0,2813681824326619;1,6033816250918327e-06
273;0,22313268544956075;0,10809163775301901;-0,22305099985593826;-0,10803532047515217;8,168559362248251e-05;5,631727786684082e-05;0,014589012870953669;0,014589012870953669;0,014589012870953669;0,9811877734738416;-0,3345987401960517;0,980799683956304;-0,3380829545689484;1,4589012870953668e-06
274;-0,1219998299724731;-0,058999970837655624;0,12202152435316183;0,05901492772600971;2,1694380688719317e-05;1,4956888354088205e-05;0,00798875093281581;0,007988750932815812;0,007988750932815812;0,9793894612921912;-0,350797915002039;0,9795776695727362;-0,34909864456378226;7,988750932815811e-07
275;0,18679689094755503;0,09006680524763998;-0,18676082134303817;-0,0900419335390652;3,606960451685293e-05;2,487170857477794e-05;0,012011835389933672;0,01201183538993367;0,012011835389933672;0,9967586686480039;-0,02862966641912419;0,9965505844672324;-0,030491658736349955;1,2011835389933672e-06
276;0,2710890038710298;0,13106538256710323;-0,27102238997341194;-0,13101945451730926;6,661389761786207e-05;4,5928049793975134e-05;0,017428624245252388;0,017428624245252385;0,017428624245252388;0,9974745070201166;-0,19709513436616274;0,9972096158622992;-0,19944643436506643;1,7428624245252387e-06
277;0,3213727507324011;0,15518855111107943;-0,32128385136035825;-0,15512726238633626;8,889937204287213e-05;6,128872474317482e-05;0,020656302940699527;0,020656302940699527;0,020656302940699527;0,9974933437543291;-0,1969329203501831;0,9971950995730656;-0,19958804340978964;2,065630294069953e-06
278;0,32118385143939426;0,15512726263678078;-0,32106693964188787;-0,1550466602813102;0,00011691179750639158;8,060235547058259e-05;0,020651089299651426;0,020651089299651426;0,020651089299651426;0,9971950995730656;-0,19958804340978964;0,9968027730038714;-0,2030805564655222;2,065108929965143e-06
279;0,0;0,0;0,0;0,0;0,0;0,0;;;;;;;;
280;-0,2460273010606767;-0,11901900002180997;0,2461012122277253;0,11906995929430307;7,391116704860701e-05;5,095927249310073e-05;0,01610141478455692;0,01610141478455692;0,01610141478455692;0,9799884797933599;-0,3454038865283983;0,9803066286320942;-0,34253558642063825;1,6101414784556922e-06
281;0,18166079839593305;0,08804191771763432;-0,1816406996353031;-0,08802806032387214;2,009876062994409e-05;1,3857393762181647e-05;0,01169538764701058;0,01169538764701058;0,01169538764701058;0,9965505844672324;-0,030491658736349955;0,996431464525615;-0,031543179031306566;1,169538764701058e-06
282;0,17924042636641133;0,0870278709444379;-0,1792243586090055;-0,08701679414176967;1,6067757405813232e-05;1,1076802668222308e-05;0,011541173479498444;0,011541173479498444;0,011541173479498444;0,9967586686480039;-0,02862966641912419;0,9966621592363887;-0,029476995168960716;1,1541173479498443e-06
283;-0,20000999996012764;-0,0960070403630067;0,2000829884203061;0,09605736169493473;7,298846017847471e-05;5,0321331928032675e-05;0,013064201268965476;0,013064201268965476;0,013064201268965476;0,9804676724083989;-0,3411776087753639;0,9808547038614955;-0,33762010983801893;1,3064201268965476e-06
284;0,19014290155023814;0,0910985222705552;-0,19012296677858986;-0,09108477791363219;1,9934771648272287e-05;1,3744356923015011e-05;0,012308657623901272;0,012308657623901275;0,012308657623901275;0,9889640557818227;-0,09839290354006826;0,9888518730267983;-0,09942074158520951;1,2308657623901273e-06
285;0,174033445783036;0,08502523178851518;-0,1740194372461168;-0,08501340261313259;1,4008536919213332e-05;1,182917538258832e-05;0,011309146908175517;0,011309146908175517;0,011309146908175517;0,9888335090518453;-0,11267817243266322;0,9887427428837118;-0,11400328041065023;1,1309146908175517e-06
286;-0,24309926146058985;-0,1179998706344853;0,2431395541659546;0,11802764857106725;4,029270536473617e-05;2,7777936581943607e-05;0,015651049455133008;0,015651049455133008;0,015651049455133008;0,9968285140161841;-0,20271025556043393;0,9970069756529196;-0,20114260884273416;1,5651049455133008e-06
287;-0,45304667166377305;-0,22003217872277123;0,4533180841093116;0,22021931734249378;0,0002714124455385769;0,0001871386197225544;0,02952266611997825;0,02952266611997825;0,02952266611997825;0,984950611264943;-0,27304621143351976;0,9855879469856614;-0,2673888433789748;2,952266611997825e-06
288;0,17203224867294065;0,08202223232138792;-0,17201036496879324;-0,08200714613825688;2,1883704147407368e-05;1,5086183131035602e-05;0,011133367796410717;0,011133367796410722;0,011133367796410722;0,9883303322792604;-0,10421327730864755;0,9881942268128588;-0,1054759449880872;1,1133367796410721e-06
289;0,17002010893475944;0,08201386627426603;-0,17001029889414035;-0,08200710072901148;9,81004061909041e-06;6,765545254555638e-06;0,01107087284843031;0,01107087284843031;0,01107087284843031;0,9844289671084635;-0,2779688560859431;0,9843675590507335;-0,2785247855634646;1,107087284843031e-06
290;0,47689490637849213;0,23047988503300093;-0,476665246904127;-0,23032154252263154;0,00022965947436515144;0,0001583425103693914;0,030855069204770515;0,030855069204770515;0,030855069204770515;0,9911006812994384;-0,25803995050298195;0,9905848446455859;-0,2626539666559633;3,085506920477051e-06
291;0,10502112420497592;0,05101463882859024;-0,10499985415964096;-0,05099997433450238;2,1270045334961796e-05;1,466449408785847e-05;0,006878293703648319;0,00687829370364832;0,00687829370364832;0,9800253926343814;-0,34504548837704074;0,9798110181415985;-0,346958289248859;6,878293703648319e-07
292;0,10513255444113107;0,051022519789374825;-0,10512112403353241;-0,05101463890643406;1,143040759865599e-05;7,880882940763945e-06;0,006883593252453723;0,006883593252453722;0,006883593252453723;0,9801405024749339;-0,34401606392660156;0,9800253926343814;-0,34504548837704074;6,883593252453723e-07
293;0,14902087193707608;0,07201441711946457;-0,14900752155061453;-0,0720052134439494;1,335038646155251e-05;9,203675515170873e-06;0,009677163428111877;0,009677163428111878;0,009677163428111878;0,9874462086244014;-0,2604536697283034;0,9873506018649844;-0,26131155804259965;9,677163428111878e-07
294;-0,22008296115673598;-0,10605735592637197;0,22010337145517764;0,10607142600444672;2,041029844165876e-05;1,4070078074746029e-05;0,01438023890411184;0,014380238904111838;0,01438023890411184;0,9808547038614955;-0,33762010983801893;0,9809530479071837;-0,3367255777701621;1,438023890411184e-06
295;-0,1941250939804408;-0,09401748148414167;0,1941514387465356;0,09403564366102259;2,6344766094782424e-05;1,8162176880914815e-05;0,012655445071404396;0,012655445071404403;0,012655445071404403;0,9840104741250248;-0,3111367556138272;0,9841547588118218;-0,30984522914451024;1,2655445071404402e-06
296;-0,1939996499313845;-0,09399993929941795;0,19402509417156813;0,09401748142274453;2,5444240183636335e-05;1,754212332658045e-05;0,012650164734952967;0,012650164734952963;0,012650164734952967;0,983871057866756;-0,31238355854971456;0,9840104741250248;-0,3111367556138272;1,2650164734952967e-06
297;0,1550166444771475;0,07501147476273066;-0,15500000000014447;-0,07500000000017885;1,664447700303051e-05;1,1474762551810791e-05;0,010059243624207922;0,010059243624207924;0,010059243624207924;0,9884092168085378;-0,24237955703822392;0,9882945377813437;-0,2434041000673973;1,0059243624207925e-06
298;0,15402013934061157;0,0740162179737047;-0,15400507130671784;-0,07400349621425918;1,5068033893728128e-05;1,272175944551368e-05;0,009912249938215895;0,009912249938215897;0,009912249938215897;0,995320718894929;-0,04094408110413482;0,9952095184759798;-0,04260056712223263;9,912249938215896e-07
299;0,15229722962981201;0,07406703506371477;-0,15221765996507744;-0,07401217444671584;7,95696647345745e-05;5,486061699892797e-05;0,00990269917492356;0,00990269917492356;0,00990269917492356;0,9873660159847621;-0,2579933811943083;0,9868089430025647;-0,2629138431426174;9,90269917492356e-07
300;0,12601262933645713;0,06100870614690198;-0,12599999999982553;-0,06100000000009725;1,262933663159771e-05;8,706146804732251e-06;0,00818291259203341;0,00818291259203341;0,00818291259203341;0,9878097051392322;-0,24770838648384;0,9877027359757332;-0,24866312005141725;8,18291259203341e-07
301;0,20218114599590406;0,0980559439637414;-0,20217560700332465;-0,09805212675463469;5,538992579406932e-06;3,817209106707353e-06;0,012973329558639763;0,012973329558639765;0,012973329558639765;0,9999999999179537;8,340134205437766e-20;0,9999704076271243;-0,00025945199638185013;1,2973329558639766e-06
302;0,20207560700224703;0,0980521267547283;-0,20200000000005106;-0,09799999999997797;7,560700219597094e-05;5,212675475033124e-05;0,012968134848755015;0,012968134848755015;0,012968134848755015;0,9999704076271243;-0,00025945199638185013;0,9995662596186111;-0,0038044717468074607;1,2968134848755015e-06
303;0,0;0,0;0,0;0,0;0,0;0,0;;;;;;;;
304;0,14921415573080976;0,0720118789271175;-0,14920046120839184;-0,07200031803262856;1,3694522417923016e-05;1,1560894488935047e-05;0,009673684526810555;0,009673684526810557;0,009673684526810557;0,9888335090518453;-0,11267817243266322;0,9887299114272485;-0,11422055135843208;9,673684526810557e-07
305;0,0;0,0;0,0;0,0;0,0;0,0;;;;;;;;
306;0,4556653119660316;0,2203215540203702;-0,4553838314010658;-0,22012747810495978;0,000281480564965797;0,0001940759154104299;0,02949944979799391;0,029499449797993925;0,029499449797993925;0,9905848446455859;-0,2626539666559633;0,9899235381809339;-0,2685664609295501;2,9499449797993926e-06
307;-0,3931261801280452;-0,190087275569661;0,3931697039400328;0,19011728377929402;4,3523811987633554e-05;3,0008209633003435e-05;0,025720743569287996;0,025720743569288006;0,025720743569288006;0,9801893513619054;-0,3435942552127669;0,9803066286320942;-0,34253558642063825;2,5720743569288005e-06
308;1,7413908970605734;0,8574493003509324;-1,73997773372428;-0,8564749715937618;0,001413163336293266;0,0009743287571705173;0,11352509204320956;0,1135250920432095;0,11352509204320956;0,9871506868131499;-0,2837319508047986;0,9862870420544882;-0,2911134899205288;1,1352509204320955e-05
309;0,06000279207394578;0,028002163523058784;-0,06000069801665284;-0,02800071989265228;2,0940572929423196e-06;1,4436304065050531e-06;0,0038326171312954515;0,0038326171312954523;0,0038326171312954523;0,9974745070201166;-0,19709513436616274;0,997436724786052;-0,19746083759732164;3,8326171312954524e-07
310;0,14201943724662408;0,06901340261342924;-0,14200601484218695;-0,06900414745369099;1,3422404437135604e-05;9,255159738250085e-06;0,00922014705786111;0,00922014705786111;0,00922014705786111;0,9887427428837118;-0,11400328041065023;0,9886418170605834;-0,11489521342943734;9,22014705786111e-07
311;-0,8129764278779203;-0,39260557545804897;0,8138889963018628;0,3932347608009587;0,0009125684239424947;0,0006291853429097327;0,052670540298145684;0,052670540298145684;0,052670540298145684;0,9896212286882501;-0,26706157962526406;0,9908219464173502;-0,25630300702867953;5,267054029814569e-06
312;0,13901029889340816;0,0670071007288169;-0,13900005799905088;-0,0670000399921986;1,0240894357277375e-05;7,060736618297314e-06;0,009051000011600377;0,009051000011600379;0,009051000011600379;0,9843675590507335;-0,2785247855634646;0,9842891567747014;-0,2792353366860967;9,051000011600379e-07
313;0,1601181752852928;0,078012529941941;-0,16011271048713255;-0,0780087621245301;5,464798160242923e-06;3,767817410890717e-06;0,010409804634337333;0,010409804634337333;0,010409804634337333;0,9878461050421293;-0,2473887462543106;0,9878097051392322;-0,24770838648384;1,0409804634337332e-06
314;0,13211575203883713;0,06401107641548504;-0,13209958184955511;-0,06399992761193082;1,6170189282016523e-05;1,1148803554211772e-05;0,008586936196469287;0,008586936196469287;0,008586936196469287;0,9870628881517975;-0,29006706817076133;0,9869323615179846;-0,29123127273728483;8,586936196469288e-07
315;0,1220075314264199;0,05900521510041338;-0,12199995542193665;-0,058999992348752694;7,576004483256238e-06;5,222751660684255e-06;0,007924875489448277;0,007924875489448278;0,007924875489448278;0,9873506018649844;-0,26131155804259965;0,9872843483764847;-0,26190488406760104;7,924875489448278e-07
316;0,13111757874165095;0,06401211844619022;-0,13110239534554044;-0,06400165075712222;1,5183396110507452e-05;1,0467689067997221e-05;0,008536654577339497;0,008536654577339497;0,008536654577339497;0,9868089430025647;-0,2629138431426174;0,9866856060697049;-0,26399204424216743;8,536654577339496e-07
317;0,13100239534488128;0,06400165075707594;-0,13099999999944023;-0,06399999999941554;2,3953454410530206e-06;1,6507576603985719e-06;0,008531396679017362;0,008531396679017365;0,008531396679017365;0,9866856060697049;-0,26399204424216743;0,9866661373725027;-0,2641617076280549;8,531396679017366e-07
318;0,1520332930268925;0,07302295458186796;-0,15201043615572252;-0,0730071950338915;2,2856871169985027e-05;1,5759547976459953e-05;0,009846723674641629;0,009846723674641629;0,009846723674641629;0,9889215567169698;-0,0988086591608251;0,9887607438819875;-0,10027299035040683;9,84672367464163e-07
319;0,12912253609456933;0,06301553773686228;-0,1291076478050041;-0,06300527346241186;1,4888289565223589e-05;1,0264274450416666e-05;0,008323078437640442;0,00832307843764044;0,008323078437640442;0,9966621592363887;-0,029476995168960716;0,9965381186243423;-0,030551669895109154;8,323078437640443e-07
320;0,12843701004893326;0,062025516411682496;-0,12842570205823486;-0,06201772027024246;1,1307990698400383e-05;7,796141440037652e-06;0,008264220513284555;0,008264220513284556;0,008264220513284556;0,996431464525615;-0,031543179031306566;0,996336641158144;-0,03238799614355216;8,264220513284556e-07
321;-0,04010058622344482;-0,019000404218888645;0,04010204172589599;0,019001407805627812;1,4555024511683778e-06;1,0035867391670894e-06;0,002589205714805816;0,002589205714805816;0,002589205714805816;0,9894723335655621;-0,09388442216951534;0,9895112452305562;-0,09351811550164978;2,589205714805816e-07
322;0,1260231385762654;0,06101595327274358;-0,1260000000000515;-0,06099999999995043;2,3138576213915796e-05;1,5953272793155227e-05;0,008120616642488858;0,008120616642488856;0,008120616642488858;0,995477224655713;-0,0395217301988696;0,9952797319752085;-0,04127168386217899;8,120616642488857e-07
323;0,12601245232352165;0,061010513027211936;-0,12600000000015812;-0,061000000000109925;1,245232336352653e-05;1,0513027102011796e-05;0,008167695985210287;0,008167695985210291;0,008167695985210291;0,989654457063688;-0,10047287279491922;0,9895428490549029;-0,102124723147559;8,167695985210291e-07
324;0,12601131894829654;0,06100780505436792;-0,12600000000006856;-0,0609999999999389;1,131894822797852e-05;7,805054429016467e-06;0,008214078103414114;0,008214078103414114;0,008214078103414114;0,9840507489894775;-0,2813681824326619;0,9839552355913183;-0,2822246883455064;8,214078103414114e-07
325;0,059003292212588085;0,029002269794693416;-0,05899999999971034;-0,028999999999988167;3,292212877745171e-06;2,269794705248712e-06;0,0038269735535053895;0,0038269735535053887;0,0038269735535053895;0,9918646781045675;-0,09157539868520832;0,9918049988944634;-0,09208500767145843;3,8269735535053897e-07
326;0,32023570972999804;0,15416302331234738;-0,32011526663042694;-0,15407998183193178;0,00012044309957109922;8,304148041560211e-05;0,020554171208990925;0,02055417120899092;0,020554171208990925;0,9983218072684876;-0,18956843159636663;0,9979158003148431;-0,19320993459993038;2,0554171208990925e-06
327;0,0380007504613278;0,018000741078268684;-0,037999867912321635;-0,01799999608321555;8,825490061675767e-07;7,449950531340788e-07;0,002433915128453342;0,002433915128453342;0,002433915128453342;0,997436724786052;-0,19746083759732164;0,9974102398390665;-0,19786344987431556;2,433915128453342e-07
328;-2,014733543985264;-0,990456440828027;2,0201893141229603;0,9942178340512612;0,00545577013769627;0,0037613932232342107;0,13098286096650316;0,13098286096650316;0,13098286096650316;0,9895707639814025;-0,2630372759929504;0,9924604350383006;-0,23838980949524136;1,3098286096650316e-05
329;0,12201037211646992;0,059007150574273845;-0,1219999999998359;-0,058999999999611;1,0372116634016493e-05;7,150574662842524e-06;0,007940794290129687;0,007940794290129685;0,007940794290129687;0,9853959939935408;-0,30395155078434616;0,985305469074728;-0,30476392882642195;7,940794290129688e-07
330;0,11500746745851274;0,056005149119215836;-0,11500000000012083;-0,05600000000017904;7,467458391918758e-06;5,149119036797212e-06;0,007411068505457646;0,007411068505457646;0,007411068505457646;0,9965381186243423;-0,030551669895109154;0,9964682538234682;-0,03116086898713892;7,411068505457647e-07
331;0,12201579706125301;0,059010913983809185;-0,12199995541080945;-0,05899999234636767;1,584165044356267e-05;1,092163744151331e-05;0,0079253611554992;0,007925361155499201;0,007925361155499201;0,9873623794123579;-0,2612035064231961;0,9872238475211287;-0,2624443475967237;7,925361155499201e-07
332;0,08600715268595616;0,04200506209182443;-0,08599974306041848;-0,04199995340335521;7,4096255376771e-06;5,1086884692228e-06;0,005542203545267202;0,005542203545267203;0,005542203545267203;0,9971118572368997;-0,19989755353580127;0,9970191436060588;-0,20069901094303405;5,542203545267203e-07
333;0,109325409114714;0,05301751829491529;-0,1093158421737636;-0,05301092271227655;9,566940950403446e-06;6,595582638740938e-06;0,007040753563243389;0,007040753563243387;0,007040753563243389;0,996336641158144;-0,03238799614355216;0,9962424539155876;-0,03321803759941841;7,040753563243389e-07
334;0,19402254363294852;0,09401956374507309;-0,19399933009848347;-0,09399996826853717;2,32135344650497e-05;1,9595476535919087e-05;0,012482645884663482;0,012482645884663484;0,012482645884663484;0,9972096158622992;-0,19944643436506643;0,9970734719758214;-0,20144279379106486;1,2482645884663484e-06
335;-0,021100000022759156;-0,010000000015675258;0,021100586223027327;0,01000040421874826;5,862002681704392e-07;4,0420307300184644e-07;0,0013624817576468184;0,0013624817576468184;0,0013624817576468184;0,9894425512687453;-0,0941646537019374;0,9894723335655621;-0,09388442216951534;1,3624817576468185e-07
336;-0,18603224867311383;-0,08902223232154713;0,18612296677858012;0,08908477791370023;9,0718105466292e-05;6,254559215310151e-05;0,012047585821551823;0,012047585821551824;0,012047585821551824;0,9883303322792604;-0,10421327730864755;0,9888518730267983;-0,09942074158520951;1,2047585821551824e-06
337;0,10310467625294839;0,05000394779692151;-0,10310000001007523;-0,05000000000728905;4,676242873161152e-06;3,947789632460785e-06;0,006668741621832722;0,006668741621832725;0,006668741621832725;0,9920735490644518;-0,0804673899853641;0,9920222078391954;-0,08122319309354534;6,668741621832724e-07
338;0,10100463946870082;0,04900319918686996;-0,10100000000025725;-0,04900000000008728;4,639468443576322e-06;3,19918678268194e-06;0,006570685709852188;0,006570685709852188;0,006570685709852188;0,9864383911976932;-0,2599343437424023;0,9863894437678438;-0,2603698096642014;6,570685709852188e-07
339;0,1010007118639213;0,04900049102955672;-0,10099999999875922;-0,04899999999847777;7,118651620813266e-07;4,910310789502104e-07;0,006580334384578585;0,006580334384578585;0,006580334384578585;0,984950611264943;-0,27304621143351976;0,9849431113387279;-0,27311310334225614;6,580334384578585e-07
340;0,0;0,0;0,0;0,0;0,0;0,0;;;;;;;;
341;0,09921576713428351;0,04801087097362455;-0,09920749002108485;-0,04800516439247517;8,277113198659758e-06;5,706581149379775e-06;0,006387651839308562;0,006387651839308562;0,006387651839308562;0,9962424539155876;-0,03321803759941841;0,9961526441773748;-0,034014157197530016;6,387651839308562e-07
342;0,0;0,0;0,0;0,0;0,0;0,0;;;;;;;;
343;0,2771401179350753;0,135097033553628;-0,27704940223003716;-0,13503448811540736;9,071570503815796e-05;6,25454382206514e-05;0,017838167931365174;0,01783816793136518;0,01783816793136518;0,997891046621985;-0,19317765147241672;0,9975384225453724;-0,19623973743056097;1,7838167931365182e-06
344;-0,005100039141894409;-0,0020000269869602343;0,005100103276312941;0,0020000712044310905;6,413441853200114e-08;4,4217470856252467e-08;0,00032033074481883824;0,0003203307448188382;0,00032033074481883824;0,987364291680747;-0,1227891307063979;0,9873779626890501;-0,12260348307427515;3,2033074481883823e-08
345;0,0960118890843365;0,04700834347269968;-0,09599970968827985;-0,046999946583418356;1,2179396056646863e-05;8,396889281322983e-06;0,006188698376839156;0,0061886983768391565;0,0061886983768391565;0,9973014460090008;-0,19831899807880624;0,9971649515795126;-0,19949067661521913;6,188698376839157e-07
346;0,049003170841126716;0,024002230518784067;-0,04899991200128016;-0,023999983763916263;3,2588398465524526e-06;2,246754867804568e-06;0,0032012378927220283;0,0032012378927220287;0,0032012378927220287;0,9841047216489031;-0,3102841248388407;0,9840341152041703;-0,31089762465975235;3,201237892722029e-07
347;-9,999999998202797e-05;3,762489086344399e-14;0,00010000002264401773;1,558654328102745e-11;2,2661989757086394e-11;1,5624168171890893e-11;5,835107851230004e-06;5,835107851230005e-06;5,835107851230005e-06;0,9894423270414144;-0,09417360568886171;0,9894425512687453;-0,0941646537019374;5,835107851230005e-10
348;0,0;0,0;0,0;0,0;0,0;0,0;;;;;;;;
349;0,0;0,0;0,0;0,0;0,0;0,0;;;;;;;;
350;-0,48413364287416594;-0,2340921390044313;0,4842207349132098;0,23415218604639865;8,709203904389007e-05;6,0047041967353776e-05;0,03150938435403237;0,03150938435403237;0,03150938435403237;0,9853419455186712;-0,12984323461116262;0,9855335075351396;-0,12812317081689426;3,1509384354032368e-06
351;0,0860103649687127;0,04100714613837084;-0,08599999999993443;-0,0410000000000474;1,036496877826476e-05;7,14613832343558e-06;0,0055670470495671675;0,005567047049567167;0,0055670470495671675;0,9881942268128588;-0,1054759449880872;0,988065302527558;-0,10667260707407666;5,567047049567167e-07
352;0,07510609632477096;0,036004203398822196;-0,07510096047646263;-0,03600066216860822;5,1358483083296935e-06;3,5412302139756213e-06;0,004863693293314694;0,004863693293314694;0,004863693293314694;0,9887037650533335;-0,100747682128832;0,9886306184595499;-0,10141718607192104;4,863693293314694e-07
353;-0,8738888113681582;-0,42223472568996756;0,8743096461372277;0,42252487715865567;0,00042083476906951134;0,0002901514686881046;0,05655367944156693;0,05655367944156693;0,05655367944156693;0,9908219464173502;-0,25630300702867953;0,9913376542075004;-0,2516906047258855;5,655367944156693e-06
354;-0,8744096473153081;-0,42252487536115707;0,8745149235025826;0,4225974266807374;0,00010527618727451671;7,255131958033845e-05;0,05655892324001356;0,05655892324001357;0,05655892324001357;0,9913376542075004;-0,2516906047258855;0,9914666373212377;-0,2505390447552821;5,655892324001357e-06
355;0,08100876687689008;0,03900604418269109;-0,08099999999988555;-0,038999999999941165;8,766877004531826e-06;6,044182749923022e-06;0,0052505995478391064;0,0052505995478391064;0,0052505995478391064;0,988645790743649;-0,10723062811335694;0,9885301024476477;-0,10827738783186942;5,250599547839106e-07
356;0,08100601484186119;0,03900414745389585;-0,08099999999986875;-0,03899999999994395;6,014841992446618e-06;4,14745395189986e-06;0,005250427795571434;0,005250427795571434;0,005250427795571434;0,9886418170605834;-0,11489521342943734;0,9885624392957227;-0,1156137628617573;5,250427795571434e-07
357;0,08100507130643378;0,03900349621441503;-0,0810000000000199;-0,038999999999951386;5,071306413875765e-06;3,496214463646896e-06;0,005215712858844525;0,005215712858844526;0,005215712858844526;0,9952095184759798;-0,04260056712223263;0,9951421501554958;-0,04320604101397074;5,215712858844526e-07
358;0,07900076537123105;0,03800067888353618;-0,07899995940202319;-0,03799999830484109;8,059692078593583e-07;6,805786950878079e-07;0,005127116074221315;0,005127116074221314;0,005127116074221315;0,9871724661945532;-0,2751893459850972;0,9871609653344904;-0,2753618566873739;5,127116074221315e-07
359;-0,13810029972023918;-0,06700020668865767;0,13811774722395667;0,06701223695583332;1,7447503717488155e-05;1,2030267175652809e-05;0,008964513717067815;0,008964513717067813;0,008964513717067815;0,9885688462725725;-0,10194494723633181;0,9887037650533335;-0,100747682128832;8,964513717067815e-07
360;0,05500231651774398;0,027001680611786715;-0,054999834010512644;-0,02699996900625375;2,48250723133836e-06;1,71160553296551e-06;0,0035465385963348987;0,0035465385963348987;0,0035465385963348987;0,9974745070201166;-0,19709513436616274;0,9974259504303693;-0,19750889148990897;3,546538596334899e-07
361;0,12203168829078798;0,059022040290564216;-0,12199962947758965;-0,05899993649504644;3,2058813198329594e-05;2,2103795517779135e-05;0,007845592092506182;0,007845592092506182;0,007845592092506182;0,9975421863336802;-0,19655922040189014;0,9972589826310859;-0,19907057137816786;7,845592092506182e-07
362;0,0;0,0;0,0;0,0;0,0;0,0;;;;;;;;
363;-9,999958029697297e-05;-2,387056457343596e-10;9,999959206741876e-05;2,468209736095864e-10;1,1770445796960467e-11;8,115327875226795e-12;5,79184790436437e-06;5,791847904364371e-06;5,791847904364371e-06;0,9968283966843492;-0,20271490530366962;0,9968285140161841;-0,20271025556043393;5,791847904364371e-10
364;-0,315999560527318;-0,1529999240086346;0,31612628725070435;0,15308729341038968;0,00012672672338637225;8,736940175507746e-05;0,020688876214892998;0,020688876214892998;0,020688876214892998;0,9797647971739792;-0,3474131867959937;0,9801893513619054;-0,3435942552127669;2,0688876214892997e-06
365;0,07100693317670077;0,03400478019302012;-0,07099999999969583;-0,033999999999845716;6,933177004939117e-06;4,780193174402925e-06;0,004590935578018443;0,004590935578018444;0,004590935578018444;0,9900903047634684;-0,08831582025635575;0,9899857015990501;-0,08927418388565508;4,5909355780184443e-07
366;0,26629904589981557;0,12913764383852436;-0,26622833004315943;-0,12908888762545362;7,071585665613389e-05;4,875621307073863e-05;0,01712153685376346;0,017121536853763455;0,01712153685376346;0,997994475693149;-0,1921414856027209;0,9977081775058296;-0,1946616651090881;1,7121536853763458e-06
367;0,2661283302138766;0,12908888774599134;-0,26603677454786384;-0,1290257646977718;9,155566601276588e-05;6,312304821953774e-05;0,017116330104333558;0,017116330104333558;0,017116330104333558;0,9977081775058296;-0,1946616651090881;0,9973373918233431;-0,19792427279446065;1,711633010433356e-06
368;0,06810711161269778;0,03300490349494972;-0,0681020695675825;-0,033001426879296684;5,042045115283278e-06;3,4766156530377512e-06;0,00438643079293881;0,00438643079293881;0,00438643079293881;0,9961526441773748;-0,034014157197530016;0,9960729672915686;-0,03471811974339094;4,38643079293881e-07
369;0,0680041271501806;0,0330028454404318;-0,0680000000002425;-0,0329999999998356;4,127149938096264e-06;2,845440596199733e-06;0,004371175544325084;0,004371175544325084;0,004371175544325084;0,9983934159216032;-0,014172970922175445;0,9983279652356647;-0,014747535933824656;4,371175544325084e-07
370;0,0;0,0;0,0;0,0;0,0;0,0;;;;;;;;
371;-0,24402135451652854;-0,11801489849953631;0,2441025181401604;0,11807085545816849;8,116362363186358e-05;5,595695863218342e-05;0,01597596697714417;0,015975966977144172;0,015975966977144172;0,9795776695727362;-0,34909864456378226;0,9799297696771749;-0,34592114007268066;1,5975966977144172e-06
372;-0,3151032400100245;-0,1520714032138335;0,3151729924091624;0,1521194907696864;6,975239913792342e-05;4,8087555852893704e-05;0,020592535558997187;0,020592535558997194;0,020592535558997194;0,9809530479071837;-0,3367255777701621;0,9811877734738416;-0,3345987401960517;2,0592535558997193e-06
373;0,08501043615605372;0,04100719503397302;-0,08500420807785908;-0,04100290144151461;6,228078194642217e-06;4,293592458411155e-06;0,005511212305921451;0,005511212305921451;0,005511212305921451;0,9887607438819875;-0,10027299035040683;0,9886824366171719;-0,10097798538747275;5,511212305921451e-07
374;0,19906731057439908;0,09604672428970668;-0,19900261708484354;-0,09600212029690781;6,469348955553955e-05;4,460399279886118e-05;0,012801908546373144;0,012801908546373142;0,012801908546373144;0,9968027730038714;-0,2030805564655222;0,9964525885086479;-0,20620793822213426;1,2801908546373143e-06
375;0,062004778440488933;0,03000403407978196;-0,062000000000055296;-0,030000000000173097;4,778440433637898e-06;4,034079608864621e-06;0,004004847377386042;0,004004847377386043;0,004004847377386043;0,9930335970222481;-0,0613318780745511;0,9929462564949338;-0,06262115790926945;4,004847377386043e-07
376;-0,07699976474645193;-0,03699996125030242;0,07700298875521967;0,03700218409629277;3,2240087677465334e-06;2,2228459903503306e-06;0,004949976829921345;0,004949976829921344;0,004949976829921345;0,9964074654924792;-0,2066151508038077;0,9964525885086479;-0,20620793822213426;4,949976829921345e-07
377;0,06000073257902536;0,02900050501205971;-0,05999999999982776;-0,02900000000001711;7,325791976028895e-07;5,050120426008942e-07;0,0038528642948476217;0,0038528642948476213;0,0038528642948476217;0,9986234893639893;-0,03454285109903948;0,9986103124501228;-0,03465968502898653;3,8528642948476214e-07
378;0,0;0,0;0,0;0,0;0,0;0,0;;;;;;;;
379;0,06800264965089203;0,03300182704297567;-0,06800000000031477;-0,03300000000015707;2,6496505772660717e-06;1,8270428185987453e-06;0,004414573221933741;0,00441457322193374;0,004414573221933741;0,9885554614670009;-0,10202978428906281;0,9885138534307257;-0,10239884105423973;4,414573221933741e-07
380;0,05600220085116962;0,027001517480161094;-0,05599999999986148;-0,026999999999982875;2,2008513081428482e-06;1,5174801782195935e-06;0,0035986098686889745;0,0035986098686889736;0,0035986098686889745;0,9974653256339895;-0,0223857807955917;0,9974229461981569;-0,022764612171300942;3,5986098686889743e-07
381;0,05600055077332913;0,027000379937818956;-0,05599999999911501;-0,02700000000023826;5,507742141253047e-07;3,7993758069537753e-07;0,003589374227882915;0,003589374227882914;0,003589374227882915;0,9999999999179537;8,340134205437766e-20;0,9999893657034931;-9,49573051977106e-05;3,589374227882915e-07
382;0,05310368958693848;0,026002543912023512;-0,0531013342425478;-0,02600091992513013;2,3553443906781935e-06;1,6239868933821955e-06;0,003425989150288489;0,003425989150288489;0,003425989150288489;0,996431464525615;-0,031543179031306566;0,9963837809592753;-0,0319528206983412;3,425989150288489e-07
383;0,14403713975803908;0,07002582753738364;-0,1440069787505425;-0,07000503253358298;3,0161007496587455e-05;2,079500380065824e-05;0,009271363637553971;0,009271363637553971;0,009271363637553971;0,9973373918233431;-0,19792427279446065;0,9971118572368997;-0,19989755353580127;9,271363637553971e-07
384;0,05200022200195582;0,025000167777709175;-0,05199997191650375;-0,02499999535217176;2,500854520762208e-07;1,7242553741400601e-07;0,003376952084981246;0,003376952084981246;0,003376952084981246;0,986446247088639;-0,2823959187251903;0,9864411163231506;-0,28244262926722663;3,3769520849812456e-07
385;-0,07110456523137558;-0,03400326214119129;0,07110730389273343;0,03400515035640928;2,7386613578456176e-06;1,8882152179947043e-06;0,004562199010391161;0,004562199010391161;0,004562199010391161;0,9974329312215873;-0,19747453951795704;0,9974745070201166;-0,19709513436616274;4,5621990103911614e-07
386;0,0;0,0;0,0;0,0;0,0;0,0;;;;;;;;
387;-0,07099978364111126;-0,03399996509474465;0,07100456564620791;0,03400326191222399;4,782005096654052e-06;3,2968174793410188e-06;0,004556977737839675;0,004556977737839676;0,004556977737839676;0,9973602470717603;-0,1981354287576367;0,9974329312215873;-0,19747453951795704;4,556977737839676e-07
388;-9,99999998982673e-05;4,448738411190865e-14;0,00010000001283842141;8,877322184165163e-12;1,2940154115880127e-11;8,921809568277072e-12;5,8402643932104976e-06;5,840264393210497e-06;5,8402643932104976e-06;0,9885687183502526;-0,10195005905601764;0,9885688462725725;-0,10194494723633181;5,840264393210498e-10
389;0,0;0,0;0,0;0,0;0,0;0,0;;;;;;;;
390;0,050001822515304786;0,024001256405109733;-0,05000000000033138;-0,024000000000139965;1,8225149734096835e-06;1,256404969767616e-06;0,0032129331655907376;0,003212933165590737;0,0032129331655907376;0,9966621592363887;-0,029476995168960716;0,9966228647143647;-0,029832376839971163;3,2129331655907377e-07
391;-0,7222708015586826;-0,3491872225519975;0,7232499400788204;0,3498623057450884;0,0009791385201377567;0,0006750831930908974;0,04724847052096409;0,047248470520964085;0,04724847052096409;0,9803066286320942;-0,34253558642063825;0,9817428784507787;-0,3295847872565722;4,724847052096409e-06
392;0,2431155001237943;0,11708002082721036;-0,24303132012754952;-0,11702198028085485;8,41799962447709e-05;5,80405463555117e-05;0,01561167750409645;0,015611677504096446;0,01561167750409645;0,9979158003148431;-0,19320993459993038;0,9975421863336802;-0,19655922040189014;1,561167750409645e-06
393;-1,9345182819517697;-0,9512327921314132;1,9377388399817448;0,9534531768601541;0,003220558029975118;0,002220384728740865;0,12599907414843203;0,12599907414843203;0,12599907414843203;0,9877975055962337;-0,2781979440633815;0,9895707639814025;-0,2630372759929504;1,2599907414843204e-05
394;0,04500074719155594;0,022000515163384336;-0,04499999999967027;-0,021999999999621843;7,471918856694071e-07;5,15163762492693e-07;0,0029185474732010175;0,002918547473201018;0,002918547473201018;0,9909020414187613;-0,10446685265546643;0,9908842863652307;-0,10462085994250475;2,9185474732010177e-07
395;0,04499999985376828;0,022000071301855963;-0,0449998593732715;-0,02199997440107535;1,404804967769513e-07;9,690078061480589e-08;0,002923190445862923;0,002923190445862923;0,002923190445862923;0,9893110573078816;-0,2739816005124178;0,9893077240766017;-0,27401060137673056;2,923190445862923e-07
396;0,05200420807787939;0,025002901441450037;-0,05199999999998909;-0,02500000000001653;4,2080778902969795e-06;2,9014414335074012e-06;0,0033695930913938783;0,0033695930913938783;0,0033695930913938783;0,9886824366171719;-0,10097798538747275;0,9885959140139924;-0,1017639996695042;3,3695930913938785e-07
397;0,043000299710735365;0,021000206679183446;-0,0430000000024692;-0,020999999999988184;2,997082661632122e-07;2,0667919526165535e-07;0,0027948175454485286;0,002794817545448528;0,0027948175454485286;0,9885688462725725;-0,10194494723633181;0,9885614093035004;-0,10200983188682314;2,7948175454485285e-07
398;0,04100080498178976;0,02000055504223074;-0,04099999999989478;-0,020000000000265427;8,049818949820708e-07;5,55041965312475e-07;0,002669623020914335;0,0026696230209143352;0,0026696230209143352;0,9865853868270253;-0,25862354857980896;0,9865644773928699;-0,25880683289385725;2,6696230209143354e-07
399;-0,040999999999921974;-0,020000000000138005;0,04100099538524233;0,020000686212745217;9,953853203556462e-07;6,862126072128272e-07;0,0026423891198322485;0,0026423891198322485;0,0026423891198322485;0,9967325480925817;-0,02885617320742005;0,9967586686480039;-0,02862966641912419;2,6423891198322484e-07
400;0,0;0,0;0,0;0,0;0,0;0,0;;;;;;;;
401;0,040001372776687666;0,019000946415216657;-0,040000000000231725;-0,01900000000000125;1,372776455940694e-06;9,464152154088634e-07;0,002566865770652355;0,0025668657706523555;0,0025668657706523555;0,9960729672915686;-0,03471811974339094;0,9960359433085201;-0,03506211116622585;2,5668657706523554e-07
402;0,00010000000851062597;6,074895667702e-12;-9,999999998432652e-05;-1,9560651419901102e-13;8,52629944458113e-12;5,879289153502989e-12;5,84008236326546e-06;5,840082363265458e-06;5,84008236326546e-06;0,9885996162611063;-0,10169484107747198;0,9885995319701483;-0,10169820966172605;5,84008236326546e-10
403;0,0;0,0;0,0;0,0;0,0;0,0;;;;;;;;
404;0,0;0,0;0,0;0,0;0,0;0,0;;;;;;;;
405;0,0371006822327366;0,018000470296218943;-0,03710024273588448;-0,018000167337075865;4,3949685211985834e-07;3,0295914307809646e-07;0,0023926661973660435;0,0023926661973660435;0,0023926661973660435;0,9950449736707342;-0,10734892645447956;0,9950322412355359;-0,10746108963620213;2,392666197366044e-07
406;0,03400100552876817;0,017000693302506014;-0,0339999999999739;-0,017000000000009327;1,005528794270627e-06;6,933024966869483e-07;0,002202725928593444;0,0022027259285934448;0,0022027259285934448;0,9963837809592753;-0,0319528206983412;0,9963520810104538;-0,032209683795179356;2,202725928593445e-07
407;0,03400008115294066;0,017000055976845816;-0,034000000000037923;-0,016999999999113634;8,115290273807974e-08;5,5977732182216355e-08;0,002221780356548988;0,0022217803565489883;0,0022217803565489883;0,9878097051392322;-0,24770838648384;0,9878071684092465;-0,24772914945145427;2,221780356548988e-07
408;0,033100960476206906;0,01600066216857773;-0,03310000000849112;-0,016000000005953804;9,60467715784008e-07;6,621626239267098e-07;0,002147062236104165;0,0021470622361041652;0,0021470622361041652;0,9886306184595499;-0,10141718607192104;0,9885996162611063;-0,10169484107747198;2,1470622361041652e-07
409;0,031000197051293518;0,015000135839958675;-0,030999999998656467;-0,014999999999417393;1,9705263705135923e-07;1,3584054128247536e-07;0,001998239534444074;0,0019982395344440742;0,0019982395344440742;0,9950322412355359;-0,10746108963620213;0,9950254067361268;-0,1075217313057651;1,9982395344440742e-07
410;-0,2791024697056159;-0,13507084667755748;0,27925616528505715;0,13517681462836245;0,00015369557944122647;0,0001059679508049749;0,018268451018374012;0,018268451018374005;0,018268451018374012;0,9799297696771749;-0,34592114007268066;0,9805128861799123;-0,34067031685294125;1,8268451018374012e-06
411;0,02910370070409468;0,01400255146775283;-0,02910146553064471;-0,01400101040859095;2,2351734499728715e-06;1,5410591618792574e-06;0,0018666840863742788;0,0018666840863742788;0,0018666840863742788;0,9989203551087017;-0,00951102974287794;0,9988373935296643;-0,01025550465985637;1,8666840863742785e-07
412;0,029000061886911996;0,014000052243607588;-0,029000000000583306;-0,01400000000052532;6,18863286901139e-08;5,224308226824126e-08;0,0018794479766538195;0,0018794479766538197;0,0018794479766538197;0,989235059682414;-0,10670710685448671;0,9892326499356353;-0,10674294512721441;1,8794479766538198e-07
413;0,023200461208622545;0,01100031803294029;-0,023200170347034914;-0,011000117471298363;2,908615876311138e-07;2,005616419262224e-07;0,0014993148024959792;0,001499314802495979;0,0014993148024959792;0,9887299114272485;-0,11422055135843208;0,9887164822278558;-0,11434687860589265;1,4993148024959791e-07
414;0,023100170344369866;0,011000117471083318;-0,023100133647706196;-0,011000092158421149;3,669666366959423e-08;2,5312662169443834e-08;0,0014940405475402077;0,0014940405475402077;0,0014940405475402077;0,9887164822278558;-0,11434687860589265;0,9887147813421437;-0,1143627258737206;1,4940405475402078e-07
415;0,02800069679060329;0,014000480463784487;-0,02799999999969237;-0,014000000000077267;6,967909109180381e-07;4,804637072208101e-07;0,0018145664777864882;0,0018145664777864884;0,0018145664777864884;0,9960729672915686;-0,03471811974339094;0,9960463010542314;-0,0349343126249782;1,8145664777864883e-07
416;0,026000237192951085;0,013000163551604807;-0,02600000000006935;-0,013000000000146767;2,3719288173504327e-07;1,6355145803989557e-07;0,0016983831819650593;0,00169838318196506;0,00169838318196506;0,9881805664678818;-0,11404638682775259;0,9881708681441979;-0,1141256393653737;1,69838318196506e-07
417;-1,863388808545872;-0,91645046196773;1,8645211884024533;0,9172310473788319;0,0011323798565812115;0,0007805854111019306;0,12145077692250426;0,12145077692250426;0,12145077692250426;0,9871506868131499;-0,2837319508047986;0,9877975055962337;-0,2781979440633815;1,2145077692250428e-05
418;0,024001450976131915;0,012001000374554533;-0,02399999999998203;-0,012000000000011555;1,4509761498866791e-06;1,0003745429774946e-06;0,0015510974120805955;0,0015510974120805962;0,0015510974120805962;0,9988373935296643;-0,01025550465985637;0,998772434546387;-0,010780464999180272;1,5510974120805962e-07
419;0,024000820254397492;0,012000565525987142;-0,024000000000003154;-0,012000000000018244;8,202543943375273e-07;5,655259688978898e-07;0,001550924746055766;0,0015509247460557657;0,001550924746055766;0,9989203551087017;-0,00951102974287794;0,9988836288952327;-0,009807808623184186;1,550924746055766e-07
420;0,024000358108605777;0,012000246853704755;-0,023999999999925775;-0,011999999999928658;3,5810868000141216e-07;2,468537760973166e-07;0,0015728892262744441;0,0015728892262744446;0,0015728892262744446;0,984950611264943;-0,27304621143351976;0,9849348018911169;-0,27317569673985287;1,5728892262744445e-07
421;0,6207554815170988;0,30012623048943743;-0,6202354023530714;-0,29976764502242026;0,0005200791640274094;0,00035858546701716953;0,04009815925511491;0,04009815925511491;0,04009815925511491;0,9927742830454325;-0,23853398819359226;0,9918753851156545;-0,24655623236288496;4,009815925511491e-06
422;0,023000133651573443;0,011000092159499122;-0,023000000000385715;-0,011000000000023406;1,3365118772812323e-07;9,215947571576677e-08;0,0014887705019443033;0,0014887705019443031;0,0014887705019443033;0,9887147813421437;-0,1143627258737206;0,9887085635336663;-0,11441997764936078;1,4887705019443034e-07
423;0,023000061335389135;0,011000042277188862;-0,02299999999982776;-0,010999999999941957;6,133556137641327e-08;4,227724690469836e-08;0,0014956240738965732;0,0014956240738965732;0,0014956240738965732;0,9841807295331855;-0,14029868698641595;0,984177889396121;-0,14032492709989283;1,4956240738965733e-07
424;0,022000616611243393;0,010000425122729617;-0,021999999999873135;-0,010000000000058863;6,166113702583964e-07;4,2512267075384136e-07;0,0014046683757577964;0,0014046683757577968;0,0014046683757577968;0,9933109898963606;-0,05946924223282515;0,9932806868661248;-0,05978186604229385;1,404668375757797e-07
425;0,021300536467613953;0,010000369894049062;-0,021300127810302195;-0,010000088138529054;4,086573117574599e-07;2,817555200089472e-07;0,0013650869693575928;0,0013650869693575928;0,0013650869693575928;0,9952318255629574;-0,09658320292225979;0,9952111159432159;-0,09678134152337155;1,3650869693575928e-07
426;0,021000398336941346;0,010000309969028374;-0,02099993377959267;-0,009999989691355847;4,6455734867625886e-07;3,2027767252716666e-07;0,0013571833283983438;0,0013571833283983438;0,0013571833283983438;0,9894838095312597;-0,2724890311089889;0,9894601090855561;-0,2727093395107717;1,357183328398344e-07
427;0,02100012776268377;0,010000088105933266;-0,02100000000036869;-0,009999999999642448;1,277623150816587e-07;8,810629081867916e-08;0,001349353214826647;0,001349353214826647;0,001349353214826647;0,9952111159432159;-0,09678134152337155;0,9952045596021182;-0,09684198451852383;1,3493532148266471e-07
428;0,021000069994794826;0,010000059100139017;-0,020999999999928288;-0,009999999999415133;6,999486653821996e-08;5,910072388426446e-08;0,001347475581238003;0,0013474755812380034;0,0013474755812380034;0,996595119192342;-0,030395484602134943;0,9965913227510019;-0,030452797800699143;1,3474755812380032e-07
429;0,021000042655410833;0,010000045046686968;-0,020999970725530705;-0,009999995443751653;7,192988012855173e-08;4,960293531475202e-08;0,001369174394639422;0,0013691743946394217;0,001369174394639422;0,980799683956304;-0,3380829545689484;0,9807960462009945;-0,33811709494304276;1,369174394639422e-07
430;0,021000081222948053;0,01000005600104988;-0,02099999999936907;-0,010000000000114436;8,122357898418531e-08;5,60009354427099e-08;0,0013608390006745361;0,0013608390006745361;0,0013608390006745361;0,9868089430025647;-0,2629138431426174;0,9868048102701563;-0,26295237030014296;1,3608390006745362e-07
431;0,021000022131191894;0,010000030884299366;-0,02099997069389412;-0,009999995429706808;5,1437297775291935e-08;3,545459255870076e-08;0,0013696365825537746;0,0013696365825537746;0,0013696365825537746;0,9804676724083989;-0,3411776087753639;0,9804650722167219;-0,34120198570577653;1,3696365825537745e-07
432;0,0;0,0;0,0;0,0;0,0;0,0;;;;;;;;
433;-0,4029999999999167;-0,19499999999978113;0,4031336428737203;0,19509213900382566;0,00013364287380357442;9,213900404453357e-05;0,02624180476308423;0,026241804763084225;0,02624180476308423;0,9849889748880183;-0,13300702941880635;0,9853419455186712;-0,12984323461116262;2,6241804763084226e-06
434;0,019000328713839786;0,009000226622521382;-0,01899999999990119;-0,009000000000017326;3,2871393859656983e-07;2,2662250405598716e-07;0,0012182375969182321;0,001218237596918232;0,0012182375969182321;0,9963837809592753;-0,0319528206983412;0,9963651043671997;-0,032127479088082736;1,218237596918232e-07
435;0,019000292943965956;0,009000201975024356;-0,01900000000006449;-0,009000000000022523;2,9294390146636373e-07;2,0197500183276318e-07;0,001218292750890357;0,0012182927508903568;0,001218292750890357;0,996336641158144;-0,03238799614355216;0,9963199974054262;-0,032543681202475375;1,218292750890357e-07
436;0,018100413043396497;0,009000284744226806;-0,018100166777553266;-0,009000114973534198;2,4626584323172995e-07;1,6977069260820654e-07;0,0011810498505770242;0,0011810498505770242;0,0011810498505770242;0,9881805664678818;-0,11404638682775259;0,9881660918800005;-0,11416647609639465;1,1810498505770242e-07
437;0,018000166777712087;0,009000114973606766;-0,018000000000058625;-0,009000000000302762;1,6677765346181928e-07;1,1497330400407624e-07;0,0011758211442193956;0,0011758211442193956;0,0011758211442193956;0,9881660918800005;-0,11416647609639465;0,988156242626874;-0,1142469045056611;1,1758211442193957e-07
438;0,018000015060897736;0,009000010369108339;-0,018000000001387784;-0,009000000000265422;1,505950995156491e-08;1,0368842916219645e-08;0,0011711276909357694;0,0011711276909357699;0,0011711276909357699;0,9921173056752521;-0,09355547989477819;0,9921164130380613;-0,09356270956634971;1,1711276909357699e-07
439;0,01700020152761349;0,008000138952325849;-0,017000000000260536;-0,007999999999838539;2,015273529547279e-07;1,3895248730973198e-07;0,0010889461801168636;0,0010889461801168636;0,0010889461801168636;0,9961526441773748;-0,034014157197530016;0,9961398394468195;-0,03413588456777991;1,0889461801168637e-07
440;0,0;0,0;0,0;0,0;0,0;0,0;;;;;;;;
441;0,015000162917376353;0,00700011231710139;-0,014999999999920776;-0,007000000000085063;1,629174555765195e-07;1,1231701632641311e-07;0,0009576915410272303;0,0009576915410272303;0,0009576915410272303;0,9979163130288885;-0,01840067950837677;0,9979045494769825;-0,018514502935753314;9,576915410272301e-08
442;0,01400028543916133;0,007000196792040902;-0,014000000000039729;-0,007000000000017432;2,8543912160110263e-07;1,9679202346942898e-07;0,0009163513014059428;0,0009163513014059426;0,0009163513014059428;0,9862112204090044;-0,1220694555002495;0,9861895898778555;-0,12224648726870138;9,163513014059428e-08
443;0,014000180346535596;0,0070001243429356815;-0,014000000000056854;-0,007000000000083034;1,8034647874219656e-07;1,2434285264709827e-07;0,0009068480380260268;0,0009068480380260269;0,0009068480380260269;0,9965381186243423;-0,030551669895109154;0,9965243086231471;-0,03066354118068235;9,068480380260269e-08
444;0,014000176881069087;0,00700012194521007;-0,013999999999866269;-0,0069999999998917135;1,7688120281834918e-07;1,2194531835620775e-07;0,0009071987130786776;0,0009071987130786775;0,0009071987130786776;0,9961526441773748;-0,034014157197530016;0,9961391050022227;-0,0341238516423151;9,071987130786776e-08
445;0,014200398493724101;0,0060002747444541085;-0,014200385174452978;-0,0060002655570736635;1,3319271123524157e-08;9,187380444961035e-09;0,000900097018376934;0,000900097018376934;0,000900097018376934;0,9888335090518453;-0,11267817243266322;0,9888324927106802;-0,11269035830298285;9,00097018376934e-08
446;0,014100385178000496;0,006000265558610966;-0,014100077943831198;-0,006000053739227458;3,072341692982733e-07;2,1181938350805368e-07;0,0008947216162741136;0,0008947216162741136;0,0008947216162741136;0,9888324927106802;-0,11269035830298285;0,9888088983753761;-0,11296931126930866;8,947216162741136e-08
447;0,0;0,0;0,0;0,0;0,0;0,0;;;;;;;;
448;0,013000057998534115;0,0060000399920248455;-0,012999999999373776;-0,005999999999900423;5,799916033902286e-08;3,999212442283573e-08;0,0008398383612628941;0,0008398383612628941;0,0008398383612628941;0,9842891567747014;-0,2792353366860967;0,9842843844747294;-0,27928338180263845;8,398383612628942e-08
449;0,2582231100549058;0,12508506184962107;-0,2581323419323102;-0,12502248322321272;9,076812259556366e-05;6,257862640834944e-05;0,01689480238963333;0,01689480238963333;0,01689480238963333;0,9805128861799123;-0,34067031685294125;0,9801405024749339;-0,34401606392660156;1,6894802389633329e-06
450;0,012000150862390733;0,006000104026848249;-0,011999999999934655;-0,00600000000000646;1,508624560778854e-07;1,0402684178911076e-07;0,0007768358663647616;0,0007768358663647615;0,0007768358663647616;0,9971310276001164;-0,02533632931065114;0,9971175415252591;-0,02544555503206378;7,768358663647616e-08
451;0,0;0,0;0,0;0,0;0,0;0,0;;;;;;;;
452;0,17304971589103127;0,08403454664976927;-0,17301165474411945;-0,08400830476462072;3,806114691182194e-05;2,6241885148547972e-05;0,011134163688474601;0,011134163688474601;0,011134163688474601;0,9975384225453724;-0,19623973743056097;0,9973014460090008;-0,19831899807880624;1,1134163688474602e-06
453;-0,01010000000662017;-0,005000000005661181;0,010100099313295013;0,00500008384429174;9,930667484343847e-08;8,383863055877461e-08;0,000660183557649173;0,0006601835576491731;0,0006601835576491731;0,9855839608320589;-0,27378521900247493;0,9855949968818875;-0,2736272246286314;6,60183557649173e-08
454;0,010000041655700991;0,005000028716392211;-0,00999999999928611;-0,005000000000055142;4,165641488175498e-08;2,8716337069530085e-08;0,0006496543768386467;0,0006496543768386467;0,0006496543768386467;0,9936054307128315;-0,05598013819803892;0,993600978221043;-0,05601629455888187;6,496543768386467e-08
455;0,010000075038985139;0,005000051739037494;-0,009999999999916681;-0,005000000000116173;7,503906845722497e-08;5,173892132087632e-08;0,0006479370887317639;0,0006479370887317641;0,0006479370887317641;0,9962424539155876;-0,03321803759941841;0,9962344116310121;-0,033283213942676644;6,479370887317641e-08
456;0,0;0,0;0,0;0,0;0,0;0,0;;;;;;;;
457;0,00900011819429812;0,004000081489456144;-0,008999999999816365;-0,004000000000037371;1,1819448175569292e-07;8,14894187727358e-08;0,0005759012641572248;0,0005759012641572249;0,0005759012641572249;0,9873779626890501;-0,12260348307427515;0,9873638168359403;-0,1227574274467654;5,7590126415722495e-08
458;0,009000072522528432;0,004000050001747307;-0,009000000000153998;-0,004000000000000775;7,252237443390597e-08;5,00017465323091e-08;0,0005750646762137978;0,0005750646762137977;0,0005750646762137978;0,9888088983753761;-0,11296931126930866;0,9888002060214744;-0,11306377536157364;5,750646762137977e-08
459;0,0;0,0;0,0;0,0;0,0;0,0;;;;;;;;
460;0,5761472095275318;0,27872240726834174;-0,5754792228753048;-0,278261867511166;0,0006679866522270039;0,0004605397571757486;0,03763903135520001;0,03763903135520001;0,03763903135520001;0,9817428784507787;-0,3295847872565722;0,9805128861799123;-0,34067031685294125;3,7639031355200013e-06
461;0,006000045683017816;0,0030000314975473616;-0,00600000000002004;-0,002999999999868068;4,568299777612389e-08;3,1497679293772396e-08;0,0003892351331894106;0,00038923513318941055;0,0003892351331894106;0,9950322412355359;-0,10746108963620213;0,9950240910804472;-0,10752721744175749;3,892351331894106e-08
462;0,0050000391418520435;0,0020000269869916948;-0,005000000000076271;-0,0020000000000491643;3,914177577283434e-08;2,698694253049777e-08;0,0003148942235490898;0,00031489422354908975;0,0003148942235490898;0,987364291680747;-0,1227891307063979;0,9873557907918694;-0,12290105637846177;3,1489422354908976e-08
463;0,005000014554104783;0,0020000100341702924;-0,004999999999889838;-0,0019999999999881484;1,4554214945207422e-08;1,0034182144035009e-08;0,00031127552137535415;0,0003112755213753542;0,0003112755213753542;0,9988373935296643;-0,01025550465985637;0,9988341959015932;-0,010297118018274428;3,112755213753542e-08
464;0,0050000229464266886;0,0020000158213588372;-0,004999999999965915;-0,002000000000039867;2,2946460773165533e-08;1,5821318970210552e-08;0,0003119903888998364;0,00031199038889983643;0,00031199038889983643;0,9965505844672324;-0,030491658736349955;0,9965455544908015;-0,03055727920867026;3,1199038889983645e-08
465;0,0050000054223845545;0,0020000037377114967;-0,005000000000497165;-0,002000000000524347;5,421887389576996e-09;3,7371871495876785e-09;0,00031443184464568916;0,0003144318446456891;0,00031443184464568916;0,9888088983753761;-0,11296931126930866;0,9888077191774258;-0,11298480513792578;3,1443184464568916e-08
466;0,0002000000480577928;3,266365737513789e-11;-0,00020000000377465367;-2,1319171187207985e-12;4,4283139140214103e-11;3,053174025641709e-11;1,1602571528219821e-05;1,1602571528219821e-05;1,1602571528219821e-05;0,9952111159432159;-0,09678134152337155;0,9952108955878939;-0,096790088220424;1,160257152821982e-09
467;-9,999956315365461e-05;-2,485269842970804e-10;9,999957065845021e-05;2,537012893388852e-10;7,50479559952829e-12;5,17430504180482e-12;5,849922577256269e-06;5,849922577256269e-06;5,849922577256269e-06;0,9869322874502818;-0,2912342373977348;0,9869323615179846;-0,29123127273728483;5,849922577256269e-10
468;0,00010000000959234182;6,54907741475306e-12;-9,999999993588007e-05;1,0872929773052667e-13;9,656461746757397e-12;6,657806712483587e-12;5,819933465286148e-06;5,819933465286147e-06;5,819933465286148e-06;0,9920222078391954;-0,08122319309354534;0,9920221120449575;-0,08122700773543984;5,819933465286148e-10
469;-9,999990334190488e-05;-5,4750062129121435e-11;9,999990635344366e-05;5,682641719067531e-11;3,0115387858161216e-12;2,0763550615538732e-12;5,859288989735193e-06;5,859288989735192e-06;5,859288989735193e-06;0,985357971155529;-0,29328440581296095;0,9853580008300067;-0,29328321614897357;5,859288989735193e-10
470;-9,999999998616454e-05;1,2785661013450123e-13;0,00010000000787786762;5,312853730965411e-12;7,891703078782147e-12;5,440710341099912e-12;5,854061191277367e-06;5,854061191277368e-06;5,854061191277368e-06;0,986238869470662;-0,28087675408225987;0,9862389473017065;-0,2808736367850988;5,854061191277368e-10
471;-0,00010000000012567474;-1,425516397316547e-13;0,00010000000674103539;5,727414932296821e-12;6,6153606437203624e-12;5,584863292565166e-12;5,8579515399337125e-06;5,857951539933712e-06;5,8579515399337125e-06;0,9855838956321282;-0,2737884188932121;0,9855839608320589;-0,27378521900247493;5,857951539933712e-10
472;0,00010000000352512392;2,5658661897376052e-12;-9,99999998348622e-05;-2,1554417464842006e-14;3,690261719249341e-12;2,5443117722727632e-12;5,8012858591231996e-06;5,8012858591231996e-06;5,8012858591231996e-06;0,9952108955878939;-0,096790088220424;0,9952108588620082;-0,0967915460036353;5,8012858591232e-10
