;p_from_mw;q_from_mvar;p_to_mw;q_to_mvar;pl_mw;ql_mvar;i_from_ka;i_to_ka;i_ka;vm_from_pu;va_from_degree;vm_to_pu;va_to_degree;loading_percent
0;-3,8959799736955647;-1,9072269738079903;3,900537621239664;1,9126036768527683;0,004557647544099375;0,005376703044777997;0,25081365300036806;0,25081365300036806;0,25081365300036806;0,9985133305311701;-0,037261523029301316;1,0;0,0;2,5081365300036804e-05
1;-3,832426773644777;-1,8747099651475378;3,835879240955767;1,8782264686831622;0,003452467310990137;0,0035165035356243823;0,24695521983540758;0,2469552198354076;0,2469552198354076;0,9974269635020462;-0,05928566085512825;0,9985133305311701;-0,037261523029301316;2,469552198354076e-05
2;-5,9008832182255615;-2,9052339114088586;5,925453863683742;2,9221745180926746;0,024570645458180884;0,01694060668381603;0,38144509174469116;0,38144509174469116;0,38144509174469116;0,9955306814182594;-0,03768436230278394;1,0;0,0;3,8144509174469114e-05
3;-5,817959592003888;-2,859737219110391;5,841883218279391;2,8762339113347006;0,023923626275503374;0,016496692224309495;0,3776324411164817;0,37763244111648175;0,37763244111648175;0,991135390891524;-0,07509394192407153;0,9955306814182594;-0,03768436230278394;3,776324411164818e-05
4;2,2458914757660864;1,1026592343582706;-2,2370312332518547;-1,0936374867876113;0,008860242514231675;0,009021747570659322;0,14445167482627005;0,14445167482627;0,14445167482627005;1,0;0,0;0,995233424058467;-0,09649200059522488;1,4445167482627007e-05
5;-5,516092309553861;-2,7104873925996187;5,530936250277364;2,7207211255736645;0,014843940723502591;0,01023373297404584;0,35905542519628825;0,35905542519628825;0,35905542519628825;0,988267380693364;-0,09961911377288352;0,991135390891524;-0,07509394192407153;3,5905542519628826e-05
6;-2,2011424288598698;-1,0688847559105257;2,2156306967868873;1,0836371168942884;0,014488267927017517;0,014752360983762758;0,14308155010427456;0,14308155010427456;0,14308155010427456;0,9873702664255505;-0,2577475380487868;0,995233424058467;-0,09649200059522488;1,4308155010427457e-05
7;-3,82337954213598;-1,8657017418409385;3,832226773618893;1,8747099651291643;0,008847231482912665;0,009008223288225814;0,24694482063194964;0,24694482063194964;0,24694482063194964;0,9946439149676133;-0,11590539769317254;0,9974269635020462;-0,05928566085512825;2,4694482063194966e-05
8;-2,994868037847709;-1,4822228782193567;2,996379650282506;1,4840061783920646;0,0015116124347973603;0,0017833001727078912;0,19305064401285082;0,1930506440128508;0,19305064401285082;0,9993582289539799;-0,015897458307973858;1,0;0,0;1,930506440128508e-05
9;-3,773482140483154;-1,8347731157055596;3,786178859353338;1,847701271163882;0,012696718870183865;0,012928155458322488;0,24454597922070231;0,24454597922070234;0,24454597922070234;0,9906124138376917;-0,19851955348050962;0,9946439149676133;-0,11590539769317254;2,4454597922070234e-05
10;-2,9618005552482254;-1,4486550314662412;2,9947680378478103;1,4822228782192435;0,03296748259958493;0,033567846753002284;0,19304546625937555;0,19304546625937563;0,19304546625937563;0,9860791952915765;-0,28457313492659;0,9993582289539799;-0,015897458307973858;1,9304546625937565e-05
11;2,9617005552866535;1,448655031434634;-2,933323994885359;-1,4197608668310862;0,028376560401294437;0,02889416460354788;0,19304020669419153;0,1930402066941915;0,19304020669419153;0,9860791952915765;-0,28457313492659;0,9746666767877744;-0,5217033593481121;1,9304020669419152e-05
12;-3,6382688327742305;-1,7643904950266158;3,64748214048338;1,7737731157049477;0,009213307709149632;0,009382620678331843;0,23638711410908125;0,23638711410908128;0,23638711410908128;0,9875871584531207;-0,26098751482921484;0,9906124138376917;-0,19851955348050962;2,363871141090813e-05
13;3,826558151578297;1,87890454538649;-3,8055685334156095;-1,864433521193461;0,020989618162687407;0,014471024193029036;0,24612212130081768;0,24612212130081765;0,24612212130081768;1,0;0,0;0,9940845404574072;-0,05054473659486611;2,4612212130081768e-05
14;3,5473462011625916;1,736627418373691;-3,528903358078823;-1,723911948793754;0,018442843083768423;0,012715469579936967;0,230349114001372;0,230349114001372;0,230349114001372;0,9899396527442226;-0,08629363217070354;0,9843869637949914;-0,1345983232061838;2,30349114001372e-05
15;3,6795685334316124;1,8034335211715489;-3,6653462011088287;-1,7936274184433785;0,014222332322783693;0,009806102728170396;0,2379918334624861;0,23799183346248612;0,23799183346248612;0,9940845404574072;-0,05054473659486611;0,9899396527442226;-0,08629363217070354;2,379918334624861e-05
16;3,40290335821261;1,6629119486276087;-3,385859881962473;-1,6511607878116972;0,017043476250137246;0,011751160815911543;0,2221386919343849;0,2221386919343849;0,2221386919343849;0,9843869637949914;-0,1345983232061838;0,9790664331049873;-0,1813677053252529;2,221386919343849e-05
17;2,6712683136522912;1,30989521720781;-2,636845715755011;-1,286161690569949;0,034422597897280305;0,023733526637861102;0,17177019418966583;0,1717701941896658;0,17177019418966583;1,0;0,0;0,9861016519427465;-0,12018216934439067;1,7177019418966582e-05
18;2,615745644445881;1,276161629974701;-2,5860396736607854;-1,2556799201978857;0,029705970785095737;0,020481709776815293;0,17040317801329896;0,170403178013299;0,170403178013299;0,9861016519427465;-0,12018216934439067;0,974014883868913;-0,22745712079849698;1,70403178013299e-05
19;-3,2286072335643383;-1,5788073283415596;3,239587826284009;1,5880768587495167;0,010980592719670668;0,009269530407957083;0,21542512020869267;0,21542512020869267;0,21542512020869267;0,9631991242200352;-0,37700706822404007;0,9669346047348344;-0,3213691690054546;2,1542512020869268e-05
20;-3,581164733625003;-1,7562307417462333;3,5923849356793296;1,7657030221112044;0,01122020205432639;0,009472280364971164;0,23749266318084541;0,23749266318084547;0,23749266318084547;0,9696428672640172;-0,2812551017655785;0,9731061860571576;-0,23023718920964353;2,3749266318084548e-05
21;-3,173315984764079;-1,548580107189977;3,1795065500076523;1,5538068556904385;0,00619056524357342;0,005226748500461564;0,21212287270307265;0,21212287270307262;0,21212287270307265;0,9610608223477682;-0,40910143761274176;0,9631991242200352;-0,37700706822404007;2,1212287270307263e-05
22;1,395363977097304;0,6791296868584595;-1,3869931139487872;-0,6733582971362521;0,008370863148516872;0,005771389722207476;0,08959646124249318;0,0895964612424932;0,0895964612424932;1,0;0,0;0,9935228067505997;-0,05671218025637742;8,959646124249319e-06
23;1,8879990718593547;0,9142022095639959;-1,8754542389841535;-0,9055529677458001;0,01254483287520114;0,008649241818195819;0,12111022768967501;0,12111022768967501;0,12111022768967501;1,0;0,0;0,9928211622339626;-0,06375532325764369;1,21110227689675e-05
24;1,853353621764287;0,8955525422032773;-1,8508399011202394;-0,8938194160683934;0,0025137206440475346;0,0017331261348838556;0,119700012724835;0,11970001272483502;0,11970001272483502;0,9928211622339626;-0,06375532325764369;0,9913658119149752;-0,0767689479923491;1,1970001272483501e-05
25;-3,4466969906654015;-1,6880831780000858;3,455164734199585;1,6952307412400098;0,008467743534183558;0,0071475632399240485;0,22915745284953828;0,2291574528495383;0,2291574528495383;0,9669346047348344;-0,3213691690054546;0,9696428672640172;-0,2812551017655785;2,291574528495383e-05
26;-1,8344005718152854;-0,8854482541094082;1,8378399011209283;0,8878194160684625;0,0034393293056429464;0,002371161959054291;0,11886630181089528;0,11886630181089529;0,11886630181089529;0,9893606780034265;-0,09474428455300178;0,9913658119149752;-0,0767689479923491;1,1886630181089528e-05
27;-3,041127232534546;-1,4833135869890421;3,047315986192587;1,4875801045481059;0,006188753658040724;0,0042665175590637094;0,2037131616346062;0,20371316163460623;0,20371316163460623;0,9589542292829463;-0,428052981039069;0,9610608223477682;-0,40910143761274176;2,0371316163460625e-05
28;-3,0287412624921277;-1,4748432486006784;3,041027234156611;1,483313585129723;0,01228597166448342;0,008470336529044609;0,2037077504293154;0,2037077504293154;0,2037077504293154;0,954772344289798;-0,46592752189758074;0,9589542292829463;-0,428052981039069;2,037077504293154e-05
29;0,7773801817732788;0,3772459995983962;-0,7768388828268737;-0,3767890450637584;0,0005412989464050888;0,0004569545346378434;0,050418505244649886;0,05041850524464988;0,050418505244649886;0,9894718218505467;-0,09248456955024495;0,9886857355830644;-0,10408321472124785;5,0418505244649885e-06
30;0,7358388828269001;0,35678904506397185;-0,7352793156948371;-0,35631663877385134;0,0005595671320630657;0,0004724062901205195;0,04775461707716378;0,04775461707716378;0,04775461707716378;0,9886857355830644;-0,10408321472124785;0,9878278477023029;-0,11677133925353779;4,7754617077163785e-06
31;1,2609931139486916;0,6123582971361272;-1,2588828741229057;-0,6109034261317081;0,0021102398257859534;0,0014548710044191004;0,0814614896434114;0,08146148964341139;0,0814614896434114;0,9935228067505997;-0,05671218025637742;0,9917270487986446;-0,07255432226132168;8,14614896434114e-06
32;0,6053773470716503;0,29326015304400377;-0,6050217251283253;-0,2930149796041817;0,00035562194332494634;0,0002451734398220551;0,039297612421612595;0,03929761242161259;0,039297612421612595;0,988267380693364;-0,09961911377288352;0,987640145303189;-0,10521097468936967;3,92976124216126e-06
33;3,286753430172783;1,603155998032722;-3,2766572182172213;-1,5961945364245618;0,010096211955561873;0,0069614616081601355;0,215644961808763;0,21564496180876297;0,215644961808763;0,9790664331049873;-0,1813677053252529;0,9758199958137711;-0,2101469125038317;2,1564496180876302e-05
34;2,7864708601091577;1,3590660470633045;-2,78558564167226;-1,358455377560085;0,0008852184368977056;0,0006106695032195297;0,18342764965157524;0,18342764965157524;0,18342764965157524;0,9758199958137711;-0,2101469125038317;0,9754853073360932;-0,21311983424404696;1,8342764965157524e-05
35;2,7854856416757503;1,3584553775583348;-2,7853746172970433;-1,3583786698057736;0,0001110243787070253;7,670775256118922e-05;0,18342232994736513;0,18342232994736515;0,18342232994736515;0,9754853073360932;-0,21311983424404696;0,975443313282214;-0,21349476971700698;1,8342232994736516e-05
36;2,7763746173165216;1,3543786697551925;-2,773625637355617;-1,3524831673377873;0,0027489799609043963;0,0018955024174052149;0,18283975971329783;0,1828397597132978;0,18283975971329783;0,975443313282214;-0,21349476971700698;0,9744007417228127;-0,22274793387303934;1,8283975971329785e-05
37;2,4624440080097196;1,1948907381051501;-2,4585697648965366;-1,1922193230481224;0,0038742431131830735;0,002671415057027726;0,1600093159374574;0,1600093159374574;0,1600093159374574;0,9875871584531207;-0,26098751482921484;0,985908717536865;-0,27591859095333376;1,600093159374574e-05
38;0,9429826172272442;0,4581782852019387;-0,9404918480117673;-0,4564609833078205;0,0024907692154768624;0,0017173018941182283;0,060529429685713836;0,06052942968571384;0,06052942968571384;1,0;0,0;0,9971473442381534;-0,024997163545330804;6,052942968571385e-06
39;2,7306253452260933;1,3314829654420908;-2,7132159923796464;-1,3194801352384098;0,017409352846446957;0,01200283020368098;0,18000430566663694;0,18000430566663694;0,18000430566663694;0,9744007417228127;-0,22274793387303934;0,9676949294057478;-0,28272752129830975;1,8000430566663693e-05
40;1,1408780830810383;0,5538993814137789;-1,1398021838139285;-0,553157584928658;0,0010758992671098255;0,0007417964851209602;0,07383210239403129;0,07383210239403129;0,07383210239403129;0,9917270487986446;-0,07255432226132168;0,9907168711248164;-0,08148188923760369;7,3832102394031295e-06
41;1,139702183817628;0,5531575849305852;-1,1396544382680498;-0,553124555475055;4,7745549578204205e-05;3,302945553018688e-05;0,07382685963103952;0,07382685963103952;0,07382685963103952;0,9907168711248164;-0,08148188923760369;0,9906720015316598;-0,08188292784205665;7,382685963103953e-06
42;0,940391848010774;0,45646098330807783;-0,9401348025786396;-0,45628372196475453;0,00025704543213445064;0,00017726134332329835;0,06052422080842315;0,060524220808423145;0,06052422080842315;0,9971473442381534;-0,024997163545330804;0,9968529205538141;-0,02758634272765969;6,052422080842316e-06
43;0,9400348025794955;0,45628372196517364;-0,9388986793778303;-0,4553244999583519;0,001136123201665118;0,0009592220068217472;0,06051901038414673;0,06051901038414673;0,06051901038414673;0,9968529205538141;-0,02758634272765969;0,995478324233424;-0,04772832583605348;6,051901038414674e-06
44;0,9387986793773212;0,4553244999588197;-0,9383461760440316;-0,45494252518585315;0,0004525033332896111;0,00038197477296653126;0,06051379198088649;0,0605137919808865;0,0605137919808865;0,995478324233424;-0,04772832583605348;0,9949308509680436;-0,05576197855114163;6,05137919808865e-06
45;2,6901159294791976;1,3084800909032317;-2,679113755594585;-1,3008942960369019;0,011002173884612443;0,00758579486632982;0,1784778692746445;0,17847786927464449;0,1784778692746445;0,9676949294057478;-0,28272752129830975;0,9634212790222233;-0,3213812692911243;1,7847786927464452e-05
46;2,4085697648973587;1,168219323048177;-2,404851202128039;-1,1656552545882852;0,0037185627693197;0,0025640684598917662;0,15676149336831594;0,1567614933683159;0,15676149336831594;0,985908717536865;-0,27591859095333376;0,984264389379864;-0,2905880617995401;1,5676149336831594e-05
47;1,1076544382668274;0,5381245554702947;-1,106411968191506;-0,5372679139956544;0,0012424700753215223;0,0008566414746402629;0,0717674161220599;0,07176741612205989;0,0717674161220599;0,9906720015316598;-0,08188292784205665;0,9894718218505467;-0,09248456955024495;7,176741612205991e-06
48;1,4015615284438354;0,6819049892258988;-1,3960563350530284;-0,6781093428935229;0,005505193390807017;0,003795646332375946;0,08998831650729246;0,08998831650729246;0,08998831650729246;1,0;0,0;0,9957587216625453;-0,03708642226751468;8,998831650729246e-06
49;0,832346176044266;0,4039425251851643;-0,8318006278358576;-0,40348189191425116;0,0005455482084083529;0,00046063327091316886;0,05368780839605923;0,053687808396059224;0,05368780839605923;0,9949308509680436;-0,05576197855114163;0,994186789794774;-0,06668325101775105;5,368780839605923e-06
50;2,6790137560202827;1,3008942955766734;-2,673425566475766;-1,2970414261779917;0,005588189544516897;0,0038528693986816798;0,17847247850674472;0,17847247850674472;0,17847247850674472;0,9634212790222233;-0,3213812692911243;0,9612507303893243;-0,34114302488169407;1,784724785067447e-05
51;1,3959563350533957;0,6781093428935168;-1,3953881714760157;-0,6777175310720913;0,0005681635773799876;0,00039181182142544735;0,08998310114655955;0,08998310114655958;0,08998310114655958;0,9957587216625453;-0,03708642226751468;0,9953209740642355;-0,04093416034142729;8,99831011465596e-06
52;-2,9723229103583555;-1,446934700424101;2,973639273519059;1,4478418750362176;0,001316363160703382;0,0009071746121165347;0,1999972014923648;0,1999972014923648;0,1999972014923648;0,9543160442222274;-0,47007644595282455;0,954772344289798;-0,46592752189758074;1,999972014923648e-05
53;1,7721857971860941;0,8580451025650974;-1,7698991920135925;-0,8553479450450066;0,0022866051725016767;0,0026971575200908093;0,11663386089766492;0,11663386089766493;0,11663386089766493;0,9746666767877744;-0,5217033593481121;0,9730663487943203;-0,5634164153821083;1,1663386089766493e-05
54;-2,6130838080126493;-1,263258912171955;2,637425567508249;1,280041425224272;0,024341759495599913;0,016782513052316927;0,17608140499227498;0,17608140499227498;0,17608140499227498;0,9516688010224498;-0,4293822150310238;0,9612507303893243;-0,34114302488169407;1,76081404992275e-05
55;0,4072668172674038;0,19730608682158568;-0,4071540099407782;-0,1972108669442089;0,000112807326625608;9,521987737678983e-05;0,026449580718019033;0,02644958071801903;0,026449580718019033;0,9878278477023029;-0,11677133925353779;0,9875156267926176;-0,12139525266173004;2,644958071801903e-06
56;0,40705400994172897;0,19721086694431003;-0,40699824759930364;-0,1971637899328719;5,576234242532507e-05;4,70770114381347e-05;0,026444319084748504;0,026444319084748508;0,026444319084748508;0,9875156267926176;-0,12139525266173004;0,9873612512128269;-0,12368255233695445;2,644431908474851e-06
57;0,3778981854786983;0,18316373749295822;-0,37774706179348266;-0,18303614887052283;0,00015112368521563724;0,00012758862243539282;0,02455604411528488;0,024556044115284878;0,02455604411528488;0,9873612512128269;-0,12368255233695445;0,9869106816612816;-0,13035719614084493;2,4556044115284883e-06
58;-0,20200000000096943;-0,0979999999884629;0,2020217251265484;0,0980149796253717;2,172512557896411e-05;1,4979636908801774e-05;0,013126254651578781;0,013126254651578783;0,013126254651578783;0,9875254129096329;-0,10623022324031971;0,987640145303189;-0,10521097468936967;1,3126254651578781e-06
59;0,8881356165866294;0,4311313250357163;-0,8875947502967764;-0,43049338274448695;0,0005408662898530592;0,0006379422912293209;0,05772789176554888;0,0577278917655489;0,0577278917655489;0,9873702664255505;-0,2577475380487868;0,9866050730493655;-0,27736150844846796;5,77278917655489e-06
60;4,592714962653899;2,263227239340344;-4,574664139548732;-2,2507808948438894;0,018050823105166813;0,012446344496454653;0,2991174387376327;0,29911743873763263;0,2991174387376327;0,988267380693364;-0,09961911377288352;0,9840803868203399;-0,13541646017726175;2,991174387376327e-05
61;-0,001100000006808054;-5,335812314314096e-12;0,0011000030508181429;2,575188957636791e-09;3,0440100889147365e-09;2,569853145322477e-09;6,673404201321748e-05;6,673404201321749e-05;6,673404201321749e-05;0,9516661674912991;-0,42951607078555054;0,9516688010224498;-0,4293822150310238;6,673404201321749e-09
62;-2,609385627582444;-1,268154198775849;2,612299314543704;1,2701629266390677;0,0029136869612602645;0,0020087278632188177;0,17680322854783417;0,17680322854783415;0,17680322854783417;0,9473940266789079;-0,5334949526202128;0,9485365184465265;-0,5229802302225643;1,7680322854783418e-05
63;3,683996077331356;1,8122597438674894;-3,6744849356730445;-1,8057030216076007;0,009511141658311573;0,006556722259888792;0,24291105342617966;0,2429110534261797;0,2429110534261797;0,9758224503460281;-0,20665555342292016;0,9731061860571576;-0,23023718920964353;2,4291105342617972e-05
64;1,0393680321434369;0,5057013131066075;-1,037973568817737;-0,5045239760821044;0,001394463325699924;0,0011773370245030668;0,06704750968382973;0,06704750968382973;0,06704750968382973;0,9953209740642355;-0,04093416034142729;0,9937977377310349;-0,06320453287175025;6,704750968382974e-06
65;-2,547563615044029;-1,23783003285617;2,5523856287570372;1,2411541979023237;0,0048220137130083884;0,0033241650461537375;0,17295979939861061;0,17295979939861061;0,17295979939861061;0,9454612754095792;-0,551311459030617;0,9473940266789079;-0,5334949526202128;1,729597993986106e-05
66;0,5799140105452683;0,28149226712605113;-0,579555673369764;-0,28124522034726884;0,00035833717550426414;0,0002470467787822894;0,0376933538955373;0,03769335389553731;0,03769335389553731;0,9873702664255505;-0,2577475380487868;0,9867112618239721;-0,26359724611606405;3,7693353895537313e-06
67;0,6298006278361343;0,3054818919146621;-0,6295689308077099;-0,3052862829129156;0,00023169702842440465;0,00019560900174647733;0,040649503980999466;0,040649503980999466;0,040649503980999466;0,994186789794774;-0,06668325101775105;0,9937694574442009;-0,07281516932142115;4,064950398099946e-06
68;0,6294689308075792;0,3052862829125154;-0,6292735207885377;-0,30512130194538656;0,00019541001904144206;0,00016498096712885824;0,04064427654256812;0,04064427654256813;0,04064427654256813;0,9937694574442009;-0,07281516932142115;0,9934174388016739;-0,07799066973773361;4,064427654256813e-06
69;4,362664097354365;2,147780865232805;-4,350882879428244;-2,1396597603991725;0,011781217926120746;0,008121104833632486;0,28528951360114463;0,2852895136011447;0,2852895136011447;0,9840803868203399;-0,13541646017726175;0,9812155311429221;-0,16002468827009927;2,852895136011447e-05
70;0,6111735057669124;0,29612129160509715;-0,6111625696976434;-0,2961120847433621;1,0936069269051885e-05;9,206861735056027e-06;0,03946954047399609;0,039469540473996104;0,039469540473996104;0,9934174388016739;-0,07799066973773361;0,9933971703470861;-0,07828740120555185;3,94695404739961e-06
71;-0,5200515264081896;-0,25203552222866715;0,5205883752115896;0,25240568467790786;0,0005368488033999919;0,0003701624492407074;0,033822471905342856;0,03382247190534284;0,033822471905342856;0,9864869143874319;-0,2707893898602726;0,9875871584531207;-0,26098751482921484;3,382247190534286e-06
72;0,9229735688176722;0,44852397608204625;-0,9223351048210745;-0,44798499219714294;0,0006384639965977268;0,0005389838849033102;0,05961652844848364;0,05961652844848362;0,05961652844848364;0,9937977377310349;-0,06320453287175025;0,9930134880262619;-0,07469945728703754;5,961652844848363e-06
73;-1,8779414649552315;-0,9092335174021078;1,8817846313860023;0,9118830792509405;0,0038431664307707614;0,0026495618488326933;0,12918630769725958;0,12918630769725958;0,12918630769725958;0,932471707843607;-0,6726038543940857;0,9345336733276515;-0,6531499790636806;1,2918630769725958e-05
74;0,0001000000263885059;1,8187780175588474e-11;-9,99999999365434e-05;4,9961398375339246e-14;2,6451962500820617e-11;1,8237741573963813e-11;5,788397974691014e-06;5,788397974691013e-06;5,788397974691014e-06;0,9974269635020462;-0,05928566085512825;0,997426699663093;-0,059296110308578745;5,788397974691014e-10
75;0,0;0,0;0,0;0,0;0,0;0,0;;;;;;;;
76;1,6385953894845784;0,7923451948675544;-1,6368050867219874;-0,7911108411160553;0,0017903027625909562;0,001234353751499051;0,10799282573852004;0,10799282573852007;0,10799282573852007;0,9730663487943203;-0,5634164153821083;0,9719174108136658;-0,5738762784079339;1,0799282573852007e-05
77;0,5184128426940091;0,25143691621579445;-0,5182481165932822;-0,2512425871636325;0,00016472610072693072;0,00019432905216193452;0,03371685175062644;0,03371685175062644;0,03371685175062644;0,9866050730493655;-0,27736150844846796;0,9862060819840762;-0,2876045768547534;3,3716851750626444e-06
78;4,224882879691229;2,078659760083458;-4,216970646729227;-2,0732045563910884;0,00791223296200183;0,005455203692369626;0,2770526624045607;0,27705266240456067;0,2770526624045607;0,9812155311429221;-0,16002468827009927;0,9792342523767417;-0,17711773282511226;2,770526624045607e-05
79;-0,8040744924759303;-0,3907649357722444;0,8043351048211135;0,39098499219691957;0,00026061234518315324;0,0002200564246751524;0,051997384875136186;0,051997384875136186;0,051997384875136186;0,9926464207576701;-0,080081527416532;0,9930134880262619;-0,07469945728703754;5,199738487513619e-06
80;-0,9311470914414701;-0,4507908383220537;0,9315674133543492;0,45108067355848;0,0004203219128791069;0,000289835236426339;0,06071296654405244;0,06071296654405243;0,06071296654405244;0,9837845241183558;-0,2948902895866955;0,984264389379864;-0,2905880617995401;6,071296654405244e-06
81;0,43624811659318463;0,21124258716345118;-0,43615695417528055;-0,21114975802407507;9,11624179040782e-05;9,282913937611048e-05;0,02837568422222467;0,02837568422222467;0,02837568422222467;0,9862060819840762;-0,2876045768547534;0,9859568271939796;-0,2927856568225955;2,837568422222467e-06
82;0,40916256969381704;0,19811208474361838;-0,4091051680035761;-0,19807250459237613;5,7401690240932446e-05;3,9580151242252226e-05;0,026420874931381934;0,026420874931381934;0,026420874931381934;0,9933971703470861;-0,07828740120555185;0,9932465816600177;-0,07962467873597961;2,6420874931381933e-06
83;0,9995017205616046;0,48321334532925936;-0,9990247375921024;-0,4828106655555768;0,0004769829695021599;0,00040267977368257935;0,06735142642148993;0,06735142642148992;0,06735142642148993;0,9516688010224498;-0,4293822150310238;0,9511504490936771;-0,43738216961063303;6,7351426421489935e-06
84;0,39915695417489605;0,1931497580236055;-0,39908061583142984;-0,19307202398705536;7,633834346620905e-05;7,773403655014777e-05;0,025966283266684237;0,025966283266684237;0,025966283266684237;0,9859568271939796;-0,2927856568225955;0,9857287584323955;-0,2975314651546154;2,5966283266684237e-06
85;-1,702741959407815;-0,8234071877957637;1,7068233473008194;0,8262210253906569;0,0040813878930043845;0,002813837594893176;0,11741044499961918;0,11741044499961918;0,11741044499961918;0,9300624596721073;-0,6954575747767336;0,932471707843607;-0,6726038543940857;1,1741044499961919e-05
86;-0,7235750003318057;-0,35134324470943934;0,7240744924755302;0,3517649357727126;0,0004994921437245781;0,0004216910632732773;0,04682090613570882;0,04682090613570883;0,04682090613570883;0,9918652095360039;-0,09155213624010214;0,9926464207576701;-0,080081527416532;4,682090613570883e-06
87;0,6603955179446757;0,31927266399847637;-0,6602000602639094;-0,3191379229589695;0,00019545768076623116;0,00013474103950689154;0,044500797525523904;0,04450079752552388;0,044500797525523904;0,9516688010224498;-0,4293822150310238;0,9513644093475195;-0,4322133249340719;4,45007975255239e-06
88;0,00010000000585690161;5,267134043223429e-12;-9,99999999958902e-05;-3,1959556061029684e-13;5,86101141035987e-12;4,9475384826131325e-12;5,93306579771914e-06;5,933065797719138e-06;5,93306579771914e-06;0,9731061860571576;-0,23023718920964353;0,9731061290232951;-0,23024002394020712;5,93306579771914e-10
89;1,5279633837354376;0,7416255191571309;-1,5090287819962502;-0,7285708528029645;0,018934601739187373;0,013054666354166411;0,10168660669364868;0,10168660669364867;0,10168660669364868;0,96432733587886;-0,314830431174949;0,9514213261384533;-0,43370044886069176;1,0168660669364868e-05
90;0,8750865676539408;0,42377289983501526;-0,874751188340583;-0,4234897115134653;0,0003353793133578087;0,0002831883215499431;0,0589864344901772;0,058986434490177195;0,0589864344901772;0,9516688010224498;-0,4293822150310238;0,9512525540686068;-0,43579058838888823;5,89864344901772e-06
91;0,8973004549548375;0,43389660883465764;-0,8963545727369504;-0,4332444372539555;0,0009458822178870507;0,0006521715807021322;0,058163421597253406;0,05816342159725339;0,058163421597253406;0,9893606780034265;-0,09474428455300178;0,9882335957947264;-0,1048362534581872;5,81634215972534e-06
92;1,085263117774377;0,5265603286092887;-1,0845439801021013;-0,5260645321480981;0,0007191376722757159;0,0004957964611905785;0,07075682251808926;0,07075682251808926;0,07075682251808926;0,984264389379864;-0,2905880617995401;0,9835598675710174;-0,29686924043764;7,075682251808926e-06
93;0,32108061583190267;0,15507202398772907;-0,32104239507947874;-0,1550397568273465;3,822075242393419e-05;3,2267160382570825e-05;0,020884458075639045;0,02088445807563905;0,02088445807563905;0,9857287584323955;-0,2975314651546154;0,9855948191341287;-0,2995296473443252;2,088445807563905e-06
94;4,014970647101188;1,975204555971082;-4,0019960768034295;-1,966259744391487;0,01297457029775817;0,008944811579594925;0,26381545854753435;0,2638154585475344;0,2638154585475344;0,9792342523767417;-0,17711773282511226;0,9758224503460281;-0,20665555342292016;2,638154585475344e-05
95;-0,20199999999996188;-0,09799999999981275;0,20205152640798765;0,09803552222880176;5,1526408025776016e-05;3,552222898900448e-05;0,013143693627585759;0,013143693627585757;0,013143693627585759;0,9862151699721243;-0,273205111063717;0,9864869143874319;-0,2707893898602726;1,314369362758576e-06
96;0,2831051680028927;0,1370725045928857;-0,2830355184041387;-0,13702448698614217;6,964959875399579e-05;4,801760674352784e-05;0,018283635598874637;0,018283635598874637;0,018283635598874637;0,9932465816600177;-0,07962467873597961;0,9929825525320334;-0,08196895855680447;1,8283635598874637e-06
97;1,3898050867419618;0,6721108411132686;-1,3847330866711849;-0,6686139540326851;0,005072000070776905;0,0034968870805834884;0,0917061712145079;0,0917061712145079;0,0917061712145079;0,9719174108136658;-0,5738762784079339;0,9680844770920847;-0,6088984127128769;9,17061712145079e-06
98;1,3846330866964753;0,6686139540096668;-1,383618704581602;-0,6679146585054567;0,001014382114873369;0,0006992955042101068;0,09170080068986815;0,09170080068986813;0,09170080068986815;0,9680844770920847;-0,6088984127128769;0,9673179182719572;-0,6159328120727797;9,170080068986816e-06
99;-0,20909054395194476;-0,10206242492503913;0,20918450627304203;0,10212720477478363;9,396232109726288e-05;6,477984974449791e-05;0,014083972740363817;0,014083972740363814;0,014083972740363817;0,9537963379211377;-0,474787402904536;0,9542589749994336;-0,47060373573898706;1,4083972740363818e-06
100;-0,5127098530622853;-0,24842045663920884;0,5128473207641195;0,24851522422674527;0,0001374677018342041;9,476758753643177e-05;0,03375768623155043;0,03375768623155043;0,03375768623155043;0,9743844229718537;-0,5242513114379534;0,9746666767877744;-0,5217033593481121;3,3757686231550428e-06
101;-0,20402210154069803;-0,09901523712547158;0,2040905439589101;0,09906242494249148;6,844241821207797e-05;4,718781701990027e-05;0,013732362379625648;0,013732362379625648;0,013732362379625648;0,9534508393070494;-0,4779619391615452;0,9537963379211377;-0,474787402904536;1,3732362379625647e-06
102;-2,7334058967582693;-1,3281674677779476;2,74882580469116;1,338798807576972;0,01541990793289072;0,010631339799024309;0,18497642606126394;0,18497642606126397;0,18497642606126397;0,9485365184465265;-0,5229802302225643;0,9543160442222274;-0,47007644595282455;1,8497642606126398e-05
103;1,8472947434579308;0,8987471915917812;-1,8465629773077639;-0,8982427400329428;0,0007317661501669015;0,0005044515588383813;0,12177063746767762;0,12177063746767763;0,12177063746767763;0,974014883868913;-0,22745712079849698;0,9735982619873867;-0,2311813381929453;1,2177063746767764e-05
104;-0,7286713241441317;-0,3524628585294168;0,7291470914412891;0,35279083832189995;0,0004757672971573701;0,00032797979248316844;0,04753680445603879;0,0475368044560388;0,0475368044560388;0,9830908865370411;-0,3011209232449518;0,9837845241183558;-0,2948902895866955;4,75368044560388e-06
105;0,20203551840407566;0,09802448698627524;-0,20199999999990031;-0,09800000000007057;3,551840417534424e-05;2,448698620466372e-05;0,01305659611327742;0,013056596113277419;0,01305659611327742;0,9929825525320334;-0,08196895855680447;0,9927939818719348;-0,08363446585688133;1,3056596113277422e-06
106;-0,4485471360353438;-0,2173082777334419;0,44870985306145933;0,21742045664233792;0,00016271702611553307;0,00011217890889600457;0,02954406480922722;0,02954406480922722;0,02954406480922722;0,9740026747639662;-0,527699867565893;0,9743844229718537;-0,5242513114379534;2,9544064809227215e-06
107;0,2233971076912569;0,10813589064654713;-0,22338474338070372;-0,10812736820054217;1,2364310553181213e-05;8,522446004965989e-06;0,015015376602754288;0,015015376602754288;0,015015376602754288;0,9543160442222274;-0,47007644595282455;0,9542589749994336;-0,47060373573898706;1,5015376602754286e-06
108;0,19904239507882476;0,09603975682700194;-0,19901037196885946;-0,09600715047308062;3,202310996530677e-05;3,260635392132727e-05;0,012945996985186371;0,01294599698518637;0,012945996985186371;0,9855948191341287;-0,2995296473443252;0,9854030065294702;-0,303536027936776;1,294599698518637e-06
109;0,29509544195115545;0,14206580346739356;-0,2950415491496654;-0,14202864428487158;5,389280149004083e-05;3,7159182521978584e-05;0,019989024548171804;0,019989024548171797;0,019989024548171804;0,9459643952704249;-0,4851956629431166;0,9457775860366636;-0,48696363306487567;1,9989024548171804e-06
110;0,5777955729359322;0,28119412926360365;-0,5768357687234225;-0,2805323764276188;0,0009598042125097406;0,0006617528359848524;0,03757432288861274;0,037574322888612746;0,037574322888612746;0,9873702664255505;-0,2577475380487868;0,9855992549943594;-0,2733812467482451;3,757432288861275e-06
111;0,0;0,0;0,0;0,0;0,0;0,0;;;;;;;;
112;1,7785629773623954;0,8652427399826028;-1,7744900676362685;-0,8624347475034696;0,00407290972612695;0,0028079924791332145;0,11728843468686218;0,11728843468686216;0,11728843468686218;0,9735982619873867;-0,2311813381929453;0,9711907927550928;-0,2527669390327214;1,1728843468686218e-05
113;1,7743900677931506;0,8624347473218908;-1,7679042955731996;-0,8579631670091477;0,006485772219950947;0,004471580312743195;0,117283087992259;0,117283087992259;0,117283087992259;0,9711907927550928;-0,2527669390327214;0,9673571774176246;-0,2873607483474387;1,17283087992259e-05
114;0,24319273150827242;0,11806393237918977;-0,24311878264594144;-0,11801294970016456;7,394886233097475e-05;5,098267902521603e-05;0,015804055517728906;0,01580405551772891;0,01580405551772891;0,9875871584531207;-0,26098751482921484;0,9872627958135685;-0,2638640941043541;1,580405551772891e-06
115;0,4962261608949434;0,23978189302256744;-0,49612329403962263;-0,23969503408124;0,00010286685532079343;8,685894132745564e-05;0,032667939424112384;0,03266793942411237;0,032667939424112384;0,974014883868913;-0,22745712079849698;0,9737844063384761;-0,2309356674083653;3,2667939424112384e-06
116;0,4960232940419897;0,2396950340801281;-0,49587837374867394;-0,23957270957459514;0,0001449202933157534;0,00012232450553295582;0,032662601004610804;0,032662601004610804;0,032662601004610804;0,9737844063384761;-0,2309356674083653;0,9734596862845313;-0,23583429538031384;3,2662601004610803e-06
117;0,4957783737512595;0,2395727095715241;-0,49556343200994024;-0,23939123449609048;0,00021494174131925226;0,00018147507543361807;0,03265726078751341;0,032657260787513416;0,032657260787513416;0,9734596862845313;-0,23583429538031384;0,9729779591784145;-0,24310915866908922;3,2657260787513414e-06
118;-0,08200000006696605;-0,039999999575262485;0,08202210145011395;0,040015237738198935;2,210138314789889e-05;1,5238162936449806e-05;0,005526287068031295;0,0055262870680312945;0,005526287068031295;0,9531735157447081;-0,4804768394107863;0,9534508393070494;-0,4779619391615452;5,526287068031296e-07
119;-0,3844627211892327;-0,18625007652994835;0,38454713603541724;0,18630827773716735;8,441484618454398e-05;5,8201207218999684e-05;0,02532879189029056;0,02532879189029055;0,02532879189029056;0,9737716678347401;-0,5297883600151019;0,9740026747639662;-0,527699867565893;2,532879189029056e-06
120;0,9233940366490659;0,44682325385158694;-0,9229213605765916;-0,4464973401570758;0,00047267607247436505;0,0003259136945111263;0,06122678942774925;0,06122678942774925;0,06122678942774925;0,9673179182719572;-0,6159328120727797;0,9667828423903659;-0,6208218808912661;6,122678942774926e-06
121;-0,377388063029071;-0,18319860863125098;0,3774627211897359;0,18325007653012262;7,465816066487552e-05;5,146789887164327e-05;0,02487774312180083;0,02487774312180084;0,02487774312180084;0,9735636373662437;-0,5316587453251471;0,9737716678347401;-0,5297883600151019;2,487774312180084e-06
122;0,5515717081222944;0,2673409749172953;-0,5512018090106438;-0,26708594845976874;0,00036989911165064004;0,0002550264575265637;0,035678680491610076;0,03567868049161007;0,035678680491610076;0,9918652095360039;-0,09155213624010214;0,9911465871200763;-0,09792775131324345;3,5678680491610076e-06
123;-0,37714222561429483;-0,18309805542265292;0,37728806302921664;0,1831986086313634;0,00014583741492180113;0,0001005532087104688;0,024872408344933542;0,024872408344933542;0,024872408344933542;0,9731571636423328;-0,535314890028314;0,9735636373662437;-0,5316587453251471;2,487240834493354e-06
124;1,737904295701804;0,8439631668746869;-1,7370295644538425;-0,8433600689964754;0,0008747312479615577;0,0006030978782114449;0,1153074525021863;0,1153074525021863;0,1153074525021863;0,9673571774176246;-0,2873607483474387;0,9668312843679593;-0,2921201268054743;1,153074525021863e-05
125;-0,12599999999995679;-0,06099999999982099;0,1260184510127942;0,061012721021861185;1,8451012837428227e-05;1,2721022040196317e-05;0,00818785438125238;0,008187854381252378;0,00818785438125238;0,987106606818442;-0,2652594642312977;0,9872627958135685;-0,2638640941043541;8,18785438125238e-07
126;0,17603845383020575;0,08502651053307161;-0,17600159757159348;-0,08500110082173759;3,6856258612272264e-05;2,5409711334023477e-05;0,011934116388889407;0,011934116388889408;0,011934116388889408;0,9457775860366636;-0,48696363306487567;0,9455635658592851;-0,4889719293851002;1,1934116388889407e-06
127;0,6248272507230989;0,3025014065833979;-0,6243602426591816;-0,302179420175444;0,00046700806391730687;0,0003219864079538892;0,042126196670886865;0,04212619667088687;0,04212619667088687;0,9514213261384533;-0,43370044886069176;0,9506529553932047;-0,4408296296436899;4,212619667088687e-06
128;0,24241876955192512;0,11715083530319932;-0,2423517421179157;-0,11710462213392332;6,702743400940903e-05;4,621316927599928e-05;0,015959392582989455;0,015959392582989455;0,015959392582989455;0,974014883868913;-0,22745712079849698;0,9737238189572427;-0,23010618460415394;1,5959392582989454e-06
129;0,2422517421190599;0,11710462213273017;-0,24216243198655066;-0,11704304578965953;8,931013250923492e-05;6,157634307063509e-05;0,015954054074015483;0,015954054074015483;0,015954054074015483;0,9737238189572427;-0,23010618460415394;0,9733358557595784;-0,23363585876713716;1,5954054074015485e-06
130;0,3722103668461327;0,17914503679585964;-0,3720954419813778;-0,17906580323796692;0,00011492486475489505;7,923355789271613e-05;0,02520296922248134;0,025202969222481348;0,025202969222481348;0,9462803347951023;-0,48220507933712453;0,9459643952704249;-0,4851956629431166;2,520296922248135e-06
131;0,5027356694107034;0,24453229258339543;-0,5026228998784642;-0,24443709000254085;0,0001127695322391542;9,520258085457534e-05;0,03274848781981753;0,032748487819817526;0,03274848781981753;0,9855992549943594;-0,2733812467482451;0,9853470592773864;-0,2771010883052784;3,274848781981753e-06
132;0,5025228998782905;0,24443709000316174;-0,5022504424377148;-0,24420708844991443;0,00027245744057569077;0,00023000155324731653;0,03274321863962337;0,03274321863962338;0,03274321863962338;0,9853470592773864;-0,2771010883052784;0,9847376575902363;-0,2860937536693883;3,2743218639623378e-06
133;-0,6022306579846677;-0,2911590339817674;0,6026713241441095;0,2914628585294537;0,0004406661594418271;0,0003038245476862933;0,03931550498293064;0,03931550498293064;0,03931550498293064;0,9823140734890217;-0,30811558912800585;0,9830908865370411;-0,3011209232449518;3,9315504982930645e-06
134;0,8575393134352763;0,416061314206835;-0,8565267705435129;-0,4153631836320465;0,001012542891763446;0,0006981305747885136;0,05594952753483731;0,05594952753483731;0,05594952753483731;0,9835598675710174;-0,29686924043764;0,9823053629462062;-0,3080713892793614;5,594952753483732e-06
135;-9,999999989182739e-05;-6,428693105485522e-14;0,00010000000756019733;5,350990354976549e-12;7,668369940232699e-12;5,286703423921694e-12;6,0667315132196815e-06;6,06673151321968e-06;6,0667315132196815e-06;0,9516660945140208;-0,42951909984325604;0,9516661674912991;-0,42951607078555054;6,066731513219681e-10
136;0,4185634320083269;0,20239123451376262;-0,41832331938148587;-0,20218852246535124;0,00024011262684103807;0,0002027120484113798;0,027588086779347473;0,027588086779347477;0,027588086779347477;0,9729779591784145;-0,24310915866908922;0,9723409139962099;-0,25272436382565033;2,7588086779347476e-06
137;0,6134226080957887;0,2971876848368993;-0,6132935400444646;-0,2970987124401081;0,0001290680513241771;8,897239679117597e-05;0,039353433401324966;0,03935343340132497;0,03935343340132497;1,0;0,0;0,9997726803673762;-0,0020007473367535215;3,9353433401324975e-06
138;0,613193540044534;0,2970987124405757;-0,6127096859037239;-0,2967651192333856;0,0004838541408100916;0,0003335932071900638;0,03934823637107398;0,03934823637107398;0,03934823637107398;0,9997726803673762;-0,0020007473367535215;0,9989203551908377;-0,00951102974113792;3,934823637107398e-06
139;0,0;0,0;0,0;0,0;0,0;0,0;;;;;;;;
140;-0,6813466589393694;-0,33023899913013394;0,6816159095438339;0,33042463839778113;0,00026925060446447713;0,0001856392676471974;0,04523591740667825;0,045235917406678254;0,045235917406678254;0,9663702625152897;-0,6245748591523497;0,9667828423903659;-0,6208218808912661;4,523591740667825e-06
141;0,06320325637291214;0,031002245124414685;-0,0632027913188272;-0,031001924572911923;4,6505408494990075e-07;3,2055150276169564e-07;0,00411830025261864;0,00411830025261864;0,00411830025261864;0,9869106816612816;-0,13035719614084493;0,9869028492215863;-0,1304247403160304;4,1183002526186393e-07
142;0,06310279132097737;0,031001924573066407;-0,06310019436617514;-0,031000134059769126;2,5969548022308775e-06;1,7905132972811932e-06;0,004113048775719346;0,004113048775719345;0,004113048775719346;0,9869028492215863;-0,1304247403160304;0,9868590483993263;-0,13080118732701024;4,113048775719346e-07
143;1,6540295645341394;0,803360068948852;-1,650592162304061;-0,8009900953182643;0,00343740223007849;0,002369973630587774;0,10980552309819021;0,10980552309819017;0,10980552309819021;0,9668312843679593;-0,2921201268054743;0,964661173769296;-0,3117961166829942;1,098055230981902e-05
144;1,6504921623936781;0,8009900952181694;-1,6499633831439497;-0,8006255196479054;0,0005287792497283839;0,0003645755702640363;0,1098001386394373;0,10980013863943731;0,10980013863943731;0,964661173769296;-0,3117961166829942;0,96432733587886;-0,314830431174949;1,0980013863943732e-05
145;-0,5205598580008455;-0,2503859988590732;0,5227625154369678;0,25190465733760353;0,002202657436122357;0,0015186584785303325;0,03521369955847829;0,035213699558478286;0,03521369955847829;0,9470873097823839;-0,4745589340108188;0,9514213261384533;-0,43370044886069176;3,521369955847829e-06
146;0,44355985812031484;0,21338599893812785;-0,4432103668526284;-0,2131450366072653;0,00034949126768646366;0,00024096233086254304;0,03000593614517003;0,030005936145170026;0,03000593614517003;0,9470873097823839;-0,4745589340108188;0,9462803347951023;-0,48220507933712453;3,000593614517003e-06
147;-1,9757860179406233;-0,9568840445286505;1,997165268520054;0,9716243212619381;0,021379250579430797;0,014740276733287594;0,1356247617046033;0,13562476170460333;0,13562476170460333;0,9345336733276515;-0,6531499790636806;0,9454612754095792;-0,551311459030617;1,3562476170460333e-05
148;0,5003983517522049;0,24220570673445171;-0,500325053411756;-0,24215515853929306;7,329834044889072e-05;5,054819515865061e-05;0,03394833765735915;0,03394833765735915;0,03394833765735915;0,9454612754095792;-0,551311459030617;0,9453116186627084;-0,5527096680057555;3,3948337657359146e-06
149;0,1651624319833495;0,08004304581151758;-0,1651188967267889;-0,08001302909836135;4,35352565606173e-05;3,001671315623622e-05;0,010886750406991963;0,010886750406991965;0,010886750406991965;0,9733358557595784;-0,23363585876713716;0,9730586684830054;-0,23614189763512633;1,0886750406991966e-06
150;0,19427440090380413;0,09405129570632542;-0,19423242555804196;-0,09402235511225684;4,197534576216855e-05;2,8940594068577186e-05;0,01262953038936489;0,012629530389364887;0,01262953038936489;0,9867112618239721;-0,26359724611606405;0,9864809015272763;-0,2656571850431251;1,262953038936489e-06
151;0,16501889672745176;0,08001302909782396;-0,16500137040301144;-0,0800009446722573;1,7526324440325647e-05;1,2084425566660784e-05;0,010881411231665397;0,010881411231665397;0,010881411231665397;0,9730586684830054;-0,23614189763512633;0,9729470199123078;-0,23715021090230232;1,0881411231665398e-06
152;-0,5496513990427089;-0,26524226947564894;0,5499493939625669;0,2654477267247916;0,0002979949198580467;0,00020545724914267094;0,03563566741386355;0,03563566741386356;0,03563566741386356;0,9887811903167254;-0,09995426023695174;0,9893606780034265;-0,09474428455300178;3,563566741386356e-06
153;0,0;0,0;0,0;0,0;0,0;0,0;;;;;;;;
154;0,3332812724657826;0,16219392464075363;-0,3330956016782731;-0,16206591085565816;0,0001856707875094732;0,000128013785095471;0,021687836040649833;0,02168783604064984;0,02168783604064984;0,9867112618239721;-0,26359724611606405;0,9861177044331442;-0,26883434979956533;2,1687836040649836e-06
155;0,04400139288673451;0,021000959556693587;-0,04400000010055877;-0,02099999927730567;1,3927861757453974e-06;9,60279387916818e-07;0,0030121312229404464;0,0030121312229404464;0,0030121312229404464;0,9345336733276515;-0,6531499790636806;0,9345016523967229;-0,6534634146742565;3,0121312229404466e-07
156;-0,2610478150146151;-0,12703296555638963;0,26114222561304606;0,12709805542934557;9,441059843096067e-05;6,508987295594792e-05;0,017230457751057682;0,017230457751057682;0,017230457751057682;0,9727772739713795;-0,5387114133923855;0,9731571636423328;-0,535314890028314;1,7230457751057681e-06
157;0,0180000531886446;0,009000036678052633;-0,018000000000104023;-0,008999999999168515;5,318854057537181e-08;3,667888411745812e-08;0,0011773704658430918;0,001177370465843092;0,001177370465843092;0,9868590483993263;-0,13080118732701024;0,9868559111631169;-0,13082686750362224;1,177370465843092e-07
158;0,5595051649452054;0,2707620022390505;-0,5592320385067738;-0,2705736712216801;0,00027312643843158124;0,00018833101737042446;0,03592555745219696;0,03592555745219695;0,03592555745219696;0,9989203551908377;-0,00951102974113792;0,9983934160037831;-0,014172970919612962;3,5925557452196958e-06
159;0,6055256947988448;0,29336244176792925;-0,6051141301677674;-0,2930786817486912;0,00041156463107738794;0,00028376001923802185;0,03954659386886822;0,03954659386886822;0,03954659386886822;0,9823053629462062;-0,3080713892793614;0,9815840123121985;-0,31454153898594156;3,954659386886822e-06
160;0,0;0,0;0,0;0,0;0,0;0,0;;;;;;;;
161;0,16723242555804027;0,0810223551123781;-0,16720000004944124;-0,0810000000342238;3,24255085990266e-05;2,2355078154290275e-05;0,010875699370395214;0,010875699370395215;0,010875699370395215;0,9864809015272763;-0,2656571850431251;0,9862742471766185;-0,26750149134725554;1,0875699370395216e-06
162;-9,999999996938036e-05;3,0995508932007726e-14;0,00010000002331042876;1,6061535172172638e-11;2,3341048400169796e-11;1,6092530681104645e-11;5,850077565282745e-06;5,850077565282744e-06;5,850077565282745e-06;0,9869104513060227;-0,1303664164795969;0,9869106816612816;-0,13035719614084493;5,850077565282745e-10
163;0,34732331938030986;0,16818852248236232;-0,3471139678720072;-0,16801179206906341;0,00020935150830264648;0,00017673041329890893;0,022913877697665546;0,022913877697665543;0,022913877697665546;0,9723409139962099;-0,25272436382565033;0,9716720947313303;-0,2628007320421809;2,2913877697665544e-06
164;0,0;0,0;0,0;0,0;0,0;0,0;;;;;;;;
165;0,0;0,0;0,0;0,0;0,0;0,0;;;;;;;;
166;0,0;0,0;0,0;0,0;0,0;0,0;;;;;;;;
167;0,34843901677483763;0,1681647879599245;-0,3484148403591333;-0,1681481191315866;2,41764157043467e-05;1,666882833792349e-05;0,02347802948116384;0,02347802948116384;0,02347802948116384;0,9514213261384533;-0,43370044886069176;0,9513499668660875;-0,43436744729005033;2,347802948116384e-06
168;-0,2021059976369493;-0,09800506307313925;0,20212025858241026;0,09801710393627976;1,4260945460947694e-05;1,204086314050834e-05;0,01308826375725632;0,013088263757256318;0,01308826375725632;0,990822321089652;-0,10270221253596347;0,9909021004868828;-0,10152590020643992;1,3088263757256319e-06
169;-0,20200000000040907;-0,09800000000063129;0,20200599763732796;0,09800506307426314;5,997636918886329e-06;5,063073631850212e-06;0,013083020950171938;0,013083020950171938;0,013083020950171938;0,9907887554719936;-0,10319660314133745;0,990822321089652;-0,10270221253596347;1,3083020950171938e-06
170;0,5452114595011459;0,2641457690393717;-0,545002653572749;-0,2640018297474782;0,0002088059283968935;0,0001439392918934912;0,03539400163238885;0,03539400163238886;0,03539400163238886;0,9882335957947264;-0,1048362534581872;0,9878246992082226;-0,10847851487470386;3,539400163238886e-06
171;0,4483250533664381;0,21715515897705553;-0,448238773682518;-0,21709567681324587;8,627968392005414e-05;5,948216380965987e-05;0,030424469807258287;0,03042446980725829;0,03042446980725829;0,9453116186627084;-0,5527096680057555;0,9451150604390028;-0,554541299762413;3,042446980725829e-06
172;-0,37712025858257137;-0,18301710393580847;0,37720180901029965;0,18308594845972134;8,155042772828303e-05;6,884452391286988e-05;0,02442378565846549;0,024423785658465487;0,02442378565846549;0,9909021004868828;-0,10152590020643992;0,9911465871200763;-0,09792775131324345;2,442378565846549e-06
173;0,3482504424378288;0,1692070884498375;-0,34811045912877764;-0,16908890265219026;0,00013998330905118372;0,00011818579764724668;0,022700387622245962;0,02270038762224596;0,022700387622245962;0,9847376575902363;-0,2860937536693883;0,9842860723360557;-0,2927746965529258;2,2700387622245964e-06
174;0,06351488234964071;0,03001025890808748;-0,06350248984266367;-0,030001714887974575;1,2392506977043638e-05;8,544020112907086e-06;0,004376674286110958;0,004376674286110958;0,004376674286110958;0,9266761454667872;-0,7278429541612853;0,926480188569302;-0,7298261271930604;4,376674286110958e-07
175;0,463302779184992;0,22422992877946063;-0,46316593518513877;-0,22411439894988833;0,00013684399985325335;0,00011552982957230284;0,03123977508981921;0,03123977508981921;0,03123977508981921;0,9512525540686068;-0,43579058838888823;0,9509318973897284;-0,4407320006150985;3,1239775089819206e-06
176;0,05200108878159083;0,025000750492491775;-0,05200000002857439;-0,024999999833777292;1,0887530164371828e-06;7,506587144830157e-07;0,003523022153497156;0,003523022153497156;0,003523022153497156;0,9455635658592851;-0,4889719293851002;0,945542155068135;-0,4891752813906394;3,5230221534971564e-07
177;0,4911279113568028;0,23757082578118424;-0,49091073577987526;-0,23742107526306355;0,00021717557692751965;0,0001497505181206893;0,03154917962904004;0,03154917962904004;0,03154917962904004;0,9983934160037831;-0,014172970919612962;0,997916313111108;-0,01840067950507287;3,1549179629040038e-06
178;-0,18402187213721538;-0,09001507881729567;0,18404781501417078;0,09003296556146194;2,594287695539821e-05;1,7886744166265012e-05;0,012160313139885482;0,012160313139885482;0,012160313139885482;0,9726293138861528;-0,5400168210905529;0,9727772739713795;-0,5387114133923855;1,2160313139885483e-06
179;0,24709560167872122;0,12006591085586864;-0,24702467986363716;-0,12001701531690723;7,092181508405737e-05;4,889553896141041e-05;0,016084357473998927;0,016084357473998927;0,016084357473998927;0,9861177044331442;-0,26883434979956533;0,9858120244954063;-0,27154281389380563;1,6084357473998928e-06
180;0,47581057286269207;0,23042096294558106;-0,4756115583392233;-0,2302837492937353;0,0001990145234687657;0,00013721365184576895;0,03058637546782176;0,030586375467821756;0,03058637546782176;0,997916313111108;-0,01840067950507287;0,9974653257162466;-0,022385780791589503;3,058637546782176e-06
181;-0,1680016108090922;-0,0820011105852037;0,1680218721373075;0,08201507881804222;2,0261328215281926e-05;1,3968232838529326e-05;0,011098497935514992;0,01109849793551499;0,011098497935514992;0,9725027210426481;-0,5411400643425561;0,9726293138861528;-0,5400168210905529;1,1098497935514992e-06
182;0,0;0,0;0,0;0,0;0,0;0,0;;;;;;;;
183;0,051001370396218285;0,025000944707209122;-0,05100000000291373;-0,024999999984443577;1,3703933045561278e-06;9,447227655445811e-07;0,0033705048013520553;0,0033705048013520545;0,0033705048013520553;0,9729470199123078;-0,23715021090230232;0,972918819091981;-0,23739744991596962;3,3705048013520553e-07
184;-0,40300000000010233;-0,19499999999925935;0,40311413016787223;0,19507868174906234;0,00011413016776989915;7,868174980299458e-05;0,026340891990510262;0,026340891990510262;0,026340891990510262;0,9812837159087285;-0,3172430370733232;0,9815840123121985;-0,31454153898594156;2,6340891990510263e-06
185;0,1210065847719126;0,05800453832421254;-0,1210000001317641;-0,057999999125471866;6,58464014850757e-06;4,539198740674544e-06;0,00816784422697674;0,00816784422697674;0,00816784422697674;0,9485365184465265;-0,5229802302225643;0,9484806781538204;-0,5235126913896139;8,167844226976739e-07
186;-0,06910219991789708;-0,03400185748689224;0,06910645197194006;0,03400478955384838;4,2520540429746845e-06;2,9320669561391788e-06;0,004541808159782592;0,004541808159782591;0,004541808159782592;0,9790014789155539;-0,18192828178038653;0,9790664331049873;-0,1813677053252529;4,541808159782592e-07
187;-1,2154349537660798;-0,5865066825716394;1,2195435489766009;0,5893393481524635;0,004108595210521093;0,0028326655808240675;0,08408118430788668;0,08408118430788669;0,08408118430788669;0,9266761454667872;-0,7278429541612853;0,9300624596721073;-0,6954575747767336;8,40811843078867e-06
188;0,5156855948893887;0,249565641841864;-0,5153994596427887;-0,249324093918463;0,00028613524660003886;0,00024154792340100317;0,03477515955741521;0,03477515955741522;0,03477515955741522;0,9511504490936771;-0,43738216961063303;0,9505481572453469;-0,44666690787944213;3,4775159557415216e-06
189;0,49523065798469507;0,2391590339815752;-0,4951321440010803;-0,2390911116772504;9,851398361476749e-05;6,792230432481339e-05;0,032323331974809;0,032323331974808994;0,032323331974809;0,9823140734890217;-0,30811558912800585;0,9821028617916592;-0,31002491494939166;3,2323331974809e-06
190;0,35323877358100103;0,17109567763996864;-0,3531158591333395;-0,17101092927518563;0,00012291444766154846;8,474836478300496e-05;0,023976592390404276;0,023976592390404276;0,023976592390404276;0,9451150604390028;-0,554541299762413;0,9447597299500263;-0,5578550260581129;2,3976592390404276e-06
191;0,40633914270749727;0,1962450238376399;-0,40626682570443107;-0,19618396064768695;7,231700306620237e-05;6,106318995294235e-05;0,027390768655804944;0,027390768655804948;0,027390768655804948;0,9511504490936771;-0,43738216961063303;0,9509572127756128;-0,44037118539826675;2,739076865580495e-06
192;-0,04110082451737911;-0,02000069617468118;0,04110219991719486;0,020001857492610887;1,3753998157478575e-06;1,1613179297063903e-06;0,0026957126079309042;0,0026957126079309042;0,0026957126079309042;0,9789641078560476;-0,18248282046859124;0,9790014789155539;-0,18192828178038653;2,695712607930904e-07
193;-0,04100000000144948;-0,019999999993746725;0,041000824517396645;0,02000069617444901;8,245159471634289e-07;6,961807022844158e-07;0,002690410839142975;0,0026904108391429746;0,002690410839142975;0,9789416553268769;-0,1828146683014718;0,9789641078560476;-0,18248282046859124;2,690410839142975e-07
194;0,2761104591288973;0,1340889026520714;-0,2760280793842672;-0,13401935979363092;8,237974463010111e-05;6,954285844049113e-05;0,018004549221392382;0,018004549221392382;0,018004549221392382;0,9842860723360557;-0,2927746965529258;0,9839510310072802;-0,2977358429645533;1,8004549221392384e-06
195;0,4195093574883884;0,20328223181326854;-0,4193792242832072;-0,20319250586380824;0,0001301332051812376;8,972594946030088e-05;0,026982562177041317;0,026982562177041314;0,026982562177041317;0,9974653257162466;-0,022385780791589503;0,9971310276824007;-0,025336329306150752;2,6982562177041317e-06
196;-0,48722036509658234;-0,236151934613972;0,48734665893582013;0,23623899915571972;0,00012629383923778992;8,706454174772782e-05;0,03235664014491382;0,032356640144913816;0,03235664014491382;0,9660997174757197;-0,6270358504248478;0,9663702625152897;-0,6245748591523497;3,2356640144913823e-06
197;0,0;0,0;0,0;0,0;0,0;0,0;;;;;;;;
198;-0,4090388018956405;-0,19802675397917102;0,4091863582044829;0,19812848925712684;0,00014755630884238924;0,00010173527795581672;0,026898476570034018;0,026898476570034018;0,026898476570034018;0,9754397761028856;-0,21358385754208806;0,9758199958137711;-0,2101469125038317;2,6898476570034017e-06
199;-0,22300129173589037;-0,1080008900079371;0,22304842212898168;0,10803338249492361;4,7130393091315836e-05;3,2492486986515634e-05;0,015040205790319637;0,015040205790319637;0,015040205790319637;0,951147212915646;-0,43422471359620346;0,9513644093475195;-0,4322133249340719;1,5040205790319638e-06
200;0,4072790734206752;0,19719240183687167;-0,407138312699093;-0,1970953624045241;0,00014076072158220043;9,703943234756762e-05;0,026200576987728586;0,026200576987728583;0,026200576987728586;0,9971310276824007;-0,025336329306150752;0,9967586687303185;-0,028629666414086465;2,6200576987728585e-06
201;-0,052200257043898725;-0,02500017721727668;0,052202973030654985;0,025002049677140432;2,715986756260391e-06;1,8724598637512302e-06;0,003434280101710101;0,003434280101710101;0,003434280101710101;0,9730115713895863;-0,5639268123999834;0,9730663487943203;-0,5634164153821083;3,434280101710101e-07
202;0,14501986221716354;0,07001369475751949;-0,1450000000000105;-0,06999999999970886;1,9862217153027162e-05;1,3694757810628344e-05;0,009446072681129358;0,00944607268112936;0,00944607268112936;0,984264389379864;-0,2905880617995401;0,9841186729542905;-0,2919037022686083;9,446072681129359e-07
203;-0,17100074964769696;-0,08300051685681807;0,1710317864185635;0,08302191439743216;3,1036770866549324e-05;2,1397540614087607e-05;0,011093206920746819;0,011093206920746813;0,011093206920746819;0,9892778744528828;-0,09420154778618667;0,9894718218505467;-0,09248456955024495;1,1093206920746818e-06
204;0,0;0,0;0,0;0,0;0,0;0,0;;;;;;;;
205;0,00010000000751023773;5,154085719266244e-12;-0,00010000000016127902;-8,650220244062239e-14;7,348958708285405e-12;5,067583516825622e-12;5,970934432616908e-06;5,970934432616908e-06;5,970934432616908e-06;0,9669346047348344;-0,3213691690054546;0,9669345336752136;-0,3213720725167113;5,970934432616908e-10
206;0,0002000000492967666;3,401082707899049e-11;-0,0002000000117202972;-8,104528414478937e-12;3,757646941542937e-11;2,590629866451155e-11;1,170770529900598e-05;1,170770529900598e-05;1,170770529900598e-05;0,9862742471766185;-0,26750149134725554;0,9862740618731303;-0,26750891295287144;1,170770529900598e-09
207;0,0001000000114297136;8,174981462745497e-12;-9,999999978113015e-05;-1,440279610270084e-13;1,1648583451442061e-11;8,030953501718489e-12;5,853852975537114e-06;5,853852975537115e-06;5,853852975537115e-06;0,9862740618731303;-0,26750891295287144;0,9862739469861829;-0,267513514349747;5,853852975537115e-10
208;0,0;0,0;0,0;0,0;0,0;0,0;;;;;;;;
209;-0,44330443302185574;-0,21407200313279084;0,44354935430090175;0,21424085959065178;0,00024492127904601757;0,0001688564578609386;0,028761799703554046;0,02876179970355405;0,02876179970355405;0,9881910656597005;-0,10525262387196499;0,9887811903167254;-0,09995426023695174;2,876179970355405e-06
210;-0,41608491411078247;-0,2010585327890851;0,4162942092554253;0,2012028261943843;0,00020929514464285148;0,00014429340529920065;0,028807026069574075;0,028807026069574075;0,028807026069574075;0,9261726333489354;-0,7326583960270083;0,9266761454667872;-0,7278429541612853;2,8807026069574074e-06
211;0,31515163810001395;0,15210454072502613;-0,31507745486940775;-0,1520533985379586;7,418323060620624e-05;5,114218706753215e-05;0,021236508751360274;0,021236508751360277;0,021236508751360277;0,9513644093475195;-0,4322133249340719;0,9511223438971655;-0,43447563907409453;2,123650875136028e-06
212;0,3502668256621319;0,16918396066158214;-0,3501261603862856;-0,16908698243643577;0,00014066527584633004;9,697822514637133e-05;0,023616324088143938;0,02361632408814394;0,02361632408814394;0,9509572127756128;-0,44037118539826675;0,9505444430998328;-0,44422385747955695;2,361632408814394e-06
213;0,34116593511060067;0,16511439910336875;-0,3410788295084473;-0,16505434818669176;8,710560215335894e-05;6,005091667699025e-05;0,023011943198679125;0,023011943198679125;0,023011943198679125;0,9509318973897284;-0,4407320006150985;0,950669550833681;-0,4431675506073273;2,3011943198679127e-06
214;0,4383994596359618;0,21232409405627692;-0,43808496254536533;-0,21205857300726055;0,00031449709059644393;0,0002655210490163651;0,02958637755637282;0,029586377556372823;0,029586377556372823;0,9505481572453469;-0,44666690787944213;0,9497699869883509;-0,45866081073033876;2,9586377556372824e-06
215;0,11902467986347129;0,05801701531687521;-0,11901874432457546;-0,058012923583678926;5,935538895829318e-06;4,09173319628614e-06;0,007754816064668687;0,0077548160646686865;0,007754816064668687;0,9858120244954063;-0,27154281389380563;0,9857589541886146;-0,27200902270658944;7,754816064668687e-07
216;-0,04900000000059131;-0,023999999996332646;0,049001610807214394;0,0240011105935119;1,61080662308688e-06;1,110597179252576e-06;0,0032393163828034577;0,0032393163828034577;0,0032393163828034577;0,9724682309563065;-0,5414433709914527;0,9725027210426481;-0,5411400643425561;3,2393163828034575e-07
217;-0,23900937860833868;-0,11500646759083412;0,23914377948906068;0,11509913130240758;0,00013440088072200207;9,266371157345965e-05;0,015487697963549178;0,015487697963549178;0,015487697963549178;0,988759423493059;-0,10018984511451902;0,9893606780034265;-0,09474428455300178;1,5487697963549176e-06
218;-9,999999934140949e-05;3,6610792454832945e-13;0,00010000000165775125;1,2309320926459866e-12;2,3163417662902183e-12;1,597040017194316e-12;5,933642473913504e-06;5,933642473913505e-06;5,933642473913505e-06;0,9730115488513132;-0,5639277274365001;0,9730115713895863;-0,5639268123999834;5,933642473913505e-10
219;0,0;0,0;0,0;0,0;0,0;0,0;;;;;;;;
220;0,0002000000145965756;1,2098523978444284e-11;-0,00020000000097063412;-2,703893971448142e-12;1,3625941493828828e-11;9,394630006996142e-12;1,2463325833405952e-05;1,2463325833405952e-05;1,2463325833405952e-05;0,926478724930413;-0,7298885330699242;0,9264786618096913;-0,7298912244329226;1,2463325833405953e-09
221;0,0003000002973722687;2,0735130664339615e-10;-0,00030000001378237577;-1,182558020911261e-11;2,8358989294244644e-10;1,9552572643428354e-10;1,869498824456606e-05;1,8694988244566063e-05;1,8694988244566063e-05;0,9264796007306013;-0,7298511904460383;0,926478724930413;-0,7298885330699242;1,8694988244566063e-09
222;0,0004000003363879317;2,3550335066586974e-10;-0,00040000029551012995;-2,0731947636327172e-10;4,0877801740345915e-11;2,8183874302598023e-11;2,4926644699637203e-05;2,4926644699637207e-05;2,4926644699637207e-05;0,9264796954116912;-0,7298471534098484;0,9264796007306013;-0,7298511904460383;2,4926644699637205e-09
223;0,0005000006018261661;4,1932741753847937e-10;-0,0005000003356801719;-2,3583871505102386e-10;2,661459941322164e-10;1,834887024874555e-10;3,115830058980479e-05;3,115830058980479e-05;3,115830058980479e-05;0,926480188569302;-0,7298261271930604;0,9264796954116912;-0,7298471534098484;3,115830058980479e-09
224;0,5354394576521398;0,2592340290569468;-0,5352888284596896;-0,25913017527719995;0,00015062919245023565;0,00010385377974686527;0,03706382664173338;0,03706382664173338;0,03706382664173338;0,9266761454667872;-0,7278429541612853;0,9263944622077122;-0,7305246916237477;3,706382664173338e-06
225;0,2712941979235306;0,13113388704248985;-0,2711658580657447;-0,1310454044703276;0,0001283398577858752;8,848257216226285e-05;0,01828664144497999;0,01828664144497999;0,01828664144497999;0,9513499668660875;-0,43436744729005033;0,9508635802108335;-0,4388974990101726;1,828664144497999e-06
226;0,10301874432490804;0,050012923583568306;-0,1030000000000382;-0,049999999999800336;1,8744324869840456e-05;1,2923583767969482e-05;0,006707161828929884;0,0067071618289298845;0,0067071618289298845;0,9857589541886146;-0,27200902270658944;0,9855652205477904;-0,27373036759475666;6,707161828929884e-07
227;0,0;0,0;0,0;0,0;0,0;0,0;;;;;;;;
228;0,018000836364140113;0,009000576554495286;-0,01800000001499311;-0,008999999912130635;8,363491470035622e-07;5,766423646514501e-07;0,0012169949067668642;0,0012169949067668637;0,0012169949067668642;0,954772344289798;-0,46592752189758074;0,9547246220236396;-0,4663310366569178;1,2169949067668643e-07
229;0,3482111922752088;0,16914560336163306;-0,3480960280335506;-0,16906620719330193;0,00011516424165819439;7,939616833113616e-05;0,023510511275345744;0,023510511275345744;0,023510511275345744;0,9506529553932047;-0,4408296296436899;0,9503133801112328;-0,44395323926135266;2,3510511275345744e-06
230;-0,3563219184209253;-0,17215300268062306;0,3564484091563835;0,17225978282359164;0,00012649073545817346;0,00010678014296858218;0,02402802533401671;0,02402802533401671;0,02402802533401671;0,9508672646429439;-0,4417417211659398;0,9512525540686068;-0,43579058838888823;2,4028025334016714e-06
231;-0,12200000000940654;-0,058999999963140606;0,12200909315337154;0,059007676802268955;9,093143964994388e-06;7,676839128348267e-06;0,00805289529035212;0,00805289529035212;0,00805289529035212;0,9715894420999929;-0,2640488061745108;0,9716720947313303;-0,2628007320421809;8,05289529035212e-07
232;0,0;0,0;0,0;0,0;0,0;0,0;;;;;;;;
233;0,3091355771067471;0,14909346662283146;-0,3090947822320955;-0,14906534419860354;4,0794874651584045e-05;2,8122424227922105e-05;0,020330320499837722;0,020330320499837722;0,020330320499837722;0,9746666767877744;-0,5217033593481121;0,9745276346179244;-0,5229737427563074;2,0330320499837724e-06
234;-0,3161402000408465;-0,1530277149332197;0,3161819076023155;0,1530564665287856;4,1707561469039867e-05;2,8751595565895682e-05;0,0205564834503318;0,0205564834503318;0,0205564834503318;0,9864644526291727;-0,27861865767201394;0,9866050730493655;-0,27736150844846796;2,05564834503318e-06
235;0,32115529987438607;0,15510707337034038;-0,3210672089613848;-0,15504633763825748;8,809091300127081e-05;6,0735732082900507e-05;0,021126375030982025;0,021126375030982022;0,021126375030982025;0,9746666767877744;-0,5217033593481121;0,9743777127298876;-0,524335659080618;2,1126375030982026e-06
236;0,27907882948813784;0,13505434832730964;-0,2790399551439613;-0,13502754576990197;3,8874344176542674e-05;2,6802557407668015e-05;0,0188289984502833;0,018828998450283303;0,018828998450283303;0,950669550833681;-0,4431675506073273;0,9505264550917124;-0,4444968845035756;1,8828998450283303e-06
237;0,0;0,0;0,0;0,0;0,0;0,0;;;;;;;;
238;0,24120545103549493;0,11607270175623793;-0,2411718273911168;-0,11604951938036027;3,3623644378116824e-05;2,3182375877658923e-05;0,015985545125905935;0,015985545125905935;0,015985545125905935;0,9667828423903659;-0,6208218808912661;0,9666371086950911;-0,622172600676144;1,5985545125905935e-06
239;-0,3650429297485358;-0,1770295958623713;0,36522036509491734;0,17715193462970033;0,00017743534638153813;0,00012233876732903326;0,024257989597300536;0,024257989597300533;0,024257989597300536;0,9655926825884645;-0,6316449158039881;0,9660997174757197;-0,6270358504248478;2,4257989597300537e-06
240;0,0;0,0;0,0;0,0;0,0;0,0;;;;;;;;
241;0,0;0,0;0,0;0,0;0,0;0,0;;;;;;;;
242;0,26512616036217795;0,12808698262702717;-0,26503497487236866;-0,12802411328795205;9,118548980929786e-05;6,286933907512227e-05;0,01788429708970024;0,01788429708970024;0,01788429708970024;0,9505444430998328;-0,44422385747955695;0,9501910977225132;-0,44752189604585735;1,7884297089700241e-06
243;0,27109478223195155;0,13106534420041285;-0,27102149763818323;-0,13101482022044647;7,328459376831908e-05;5,052397996638258e-05;0,01783931737579394;0,01783931737579394;0,01783931737579394;0,9745276346179244;-0,5229737427563074;0,9742429313854768;-0,5255601032801709;1,7839317375793943e-06
244;0,21307745483376;0,1030533987649604;-0,21302991902978824;-0,10302062655617737;4,753580397176549e-05;3,2772208783032886e-05;0,014367536574684736;0,014367536574684736;0,014367536574684736;0,9511223438971655;-0,43447563907409453;0,9508930427056769;-0,43660783644268586;1,4367536574684737e-06
245;-0,2962168468342883;-0,14308055940701625;0,29632191838155325;0,14315300271730572;0,0001050715472649677;7,244331028946616e-05;0,019981708772212815;0,019981708772212815;0,019981708772212815;0,9505028489732865;-0,44514229103762387;0,9508672646429439;-0,4417417211659398;1,9981708772212818e-06
246;0,194165858044595;0,09404540463586118;-0,19410000008857195;-0,09399999955713667;6,585795602304101e-05;4,540507872451138e-05;0,013099577740469229;0,013099577740469227;0,013099577740469229;0,9508635802108335;-0,4388974990101726;0,9505151148785359;-0,44212689564866;1,3099577740469228e-06
247;0,18211585891019674;0,08801093082633124;-0,18210547241469596;-0,08800377120321909;1,0386495500780413e-05;7,159623112151792e-06;0,012360724833074654;0,012360724833074654;0,012360724833074654;0,9447597299500263;-0,5578550260581129;0,9447014985089796;-0,5584008971333738;1,2360724833074653e-06
248;-0,25800248461163916;-0,12500171298105717;0,258038801889821;0,1250267540165487;3,6317278181818846e-05;2,5041035491529806e-05;0,016971347418893223;0,016971347418893223;0,016971347418893223;0,9752914469025118;-0,21492274724756963;0,9754397761028856;-0,21358385754208806;1,6971347418893223e-06
249;0,1991718273902763;0,09604951938607866;-0,19913166016414946;-0,09602182723382965;4,016722612684709e-05;2,76921522490009e-05;0,013207110461739937;0,013207110461739937;0,013207110461739937;0,9666371086950911;-0,622172600676144;0,966426364495882;-0,6241152524422536;1,3207110461739939e-06
250;0,0;0,0;0,0;0,0;0,0;0,0;;;;;;;;
251;-0,1259999999998297;-0,060999999999801005;0,1260093786081452;0,061006467590742824;9,378608315513404e-06;6,467590941819368e-06;0,008174824976694575;0,008174824976694575;0,008174824976694575;0,9886799018249379;-0,10089972518182372;0,988759423493059;-0,10018984511451902;8,174824976694574e-07
252;0,3160849624768055;0,15305857317237068;-0,31600000014081603;-0,15299999920272483;8,496233598948022e-05;5,857396964584205e-05;0,021348480566927373;0,021348480566927373;0,021348480566927373;0,9497699869883509;-0,45866081073033876;0,9494941469517736;-0,46122127727952117;2,134848056692737e-06
253;0,3021119396733189;0,14607717962267946;-0,3020436632108462;-0,14603010529014018;6,827646247270502e-05;4,707433253928195e-05;0,019727461131948825;0,019727461131948825;0,019727461131948825;0,9821028617916592;-0,31002491494939166;0,9818629961891442;-0,3121868582360775;1,9727461131948824e-06
254;0,0;0,0;0,0;0,0;0,0;0,0;;;;;;;;
255;0,23604371804516844;0,11403013986358569;-0,23601667633499682;-0,11401149672520267;2,704171017162138e-05;1,8643138383026003e-05;0,015325122840006008;0,01532512284000601;0,01532512284000601;0,9875871584531207;-0,26098751482921484;0,9874648747905441;-0,2620857380208053;1,532512284000601e-06
256;0,24406720896090447;0,11804633764255473;-0,24401627415654978;-0,11801121980206941;5,093480435469644e-05;3,5117840485321405e-05;0,016064482900366776;0,01606448290036678;0,01606448290036678;0,9743777127298876;-0,524335659080618;0,9741579652361969;-0,5263304043224786;1,6064482900366778e-06
257;-0,02900007650434169;-0,014000052682320734;0,0290012916573262;0,014000890450057603;1,2151529845093323e-06;8,377677368689301e-07;0,0019547981482377344;0,0019547981482377344;0,0019547981482377344;0,9511041352542364;-0,434627096346364;0,951147212915646;-0,43422471359620346;1,9547981482377344e-07
258;0,22609602799208192;0,11006620747148292;-0,22601413359010739;-0,11000974402607233;8,189440197453601e-05;5,646344541059001e-05;0,015277341995583183;0,015277341995583182;0,015277341995583183;0,9503133801112328;-0,44395323926135266;0,9499417156468929;-0,44735454626547677;1,5277341995583185e-06
259;0,19918640620619188;0,09605956687661966;-0,19910939007113856;-0,09600646879593075;7,701613505331495e-05;5,3098080688915306e-05;0,013777729431540488;0,013777729431540483;0,013777729431540488;0,9266761454667872;-0,7278429541612853;0,926288799981213;-0,7315682754686916;1,3777729431540488e-06
260;0,0;0,0;0,0;0,0;0,0;0,0;;;;;;;;
261;0,0;0,0;0,0;0,0;0,0;0,0;;;;;;;;
262;0,11900444367778816;0,05800306102352503;-0,11900000035938604;-0,05799999750440783;4,44331840211698e-06;3,06351911719821e-06;0,008218144523497195;0,008218144523497197;0,008218144523497197;0,9300624596721073;-0,6954575747767336;0,9300249700165601;-0,695806881281111;8,218144523497198e-07
263;0,1541490503638009;0,07403381706810652;-0,15413130866461952;-0,07402158587662275;1,7741699181367254e-05;1,2231191483774717e-05;0,010385510648337428;0,010385510648337428;0,010385510648337428;0,9506529553932047;-0,4408296296436899;0,9505346109083382;-0,4419503747170917;1,0385510648337428e-06
264;0,05000248921045973;0,024001714768021612;-0,05000000016360681;-0,02399999877718911;2,4890468529187304e-06;1,7159908325022066e-06;0,0034563664702197757;0,0034563664702197757;0,0034563664702197757;0,926480188569302;-0,7298261271930604;0,9264303022149554;-0,7303115583741201;3,4563664702197757e-07
265;0,15403130866616194;0,07402158587454777;-0,15400768015667923;-0,07400529480918622;2,3628509482703786e-05;1,6291065361551116e-05;0,010380035707068766;0,010380035707068766;0,010380035707068766;0,9505346109083382;-0,4419503747170917;0,9503769065407532;-0,44344225190665;1,0380035707068766e-06
266;-0,07700000002993629;-0,03699999982897818;0,07702064244362296;0,037014232081369544;2,0642413686669525e-05;1,4232252391360722e-05;0,005185932988987356;0,005185932988987356;0,005185932988987356;0,951074201383492;-0,4369740822963593;0,9513499668660875;-0,43436744729005033;5,185932988987356e-07
267;-0,26606256693104247;-0,1290431305336278;0,26613709252788276;0,1290945134348693;7,452559684029136e-05;5,138290124151457e-05;0,018434587137216275;0,018434587137216275;0,018434587137216275;0,9261142263703173;-0,7331802947516433;0,9263944622077122;-0,7305246916237477;1,8434587137216277e-06
268;-0,19410000000771319;-0,094000000005474;0,1941402000415846;0,09402771493307228;4,020003387142368e-05;2,7714927598287975e-05;0,012625019524839687;0,012625019524839685;0,012625019524839687;0,9862437537957914;-0,2805900442891738;0,9864644526291727;-0,27861865767201394;1,2625019524839687e-06
269;0,1940280793839917;0,0940193597938269;-0,19400000000003495;-0,09399999999968982;2,80793839567417e-05;1,9359794137085995e-05;0,012651134658356442;0,012651134658356442;0,012651134658356442;0,9839510310072802;-0,2977358429645533;0,9837971860061387;-0,2991119716783051;1,2651134658356442e-06
270;-0,23122387883721304;-0,1120164646863028;0,23127109072860688;0,11204901458363539;4,721189139383908e-05;3,254989733258995e-05;0,015014340245129295;0,015014340245129293;0,015014340245129295;0,9879731128913519;-0,1071945152632355;0,9881910656597005;-0,10525262387196499;1,5014340245129294e-06
271;0,0;0,0;0,0;0,0;0,0;0,0;;;;;;;;
272;0,24604366321067805;0,11903010529049661;-0,24601137268134327;-0,11900784210576446;3,22905293347886e-05;2,2263184732154717e-05;0,016071825359698134;0,016071825359698134;0,016071825359698134;0,9818629961891442;-0,3121868582360775;0,9817237471151342;-0,31344036916335066;1,6071825359698132e-06
273;0,0;0,0;0,0;0,0;0,0;0,0;;;;;;;;
274;0,15703995509516336;0,07602754605620274;-0,1570017774421115;-0,07600122500548864;3,8177653051862936e-05;2,6321050714095406e-05;0,010597657173877227;0,010597657173877227;0,010597657173877227;0,9505264550917124;-0,4444968845035756;0,9502767682449813;-0,4468142326074878;1,0597657173877228e-06
275;0,18679689094649593;0,09006680524783248;-0,18676082134198538;-0,09004193353926203;3,606960451055241e-05;2,487170857044807e-05;0,012011835388891293;0,012011835388891294;0,012011835388891294;0,9967586687303185;-0,028629666414086465;0,996550584549565;-0,030491658730957227;1,2011835388891295e-06
276;0,07700570233201831;0,037003931555818784;-0,07700000000211535;-0,03699999999046845;5,7023299029623775e-06;3,931565350334676e-06;0,005099256449540353;0,005099256449540352;0,005099256449540353;0,9673179182719572;-0,6159328120727797;0,9672404452151944;-0,6166530287968273;5,099256449540353e-07
277;0,12213166016239456;0,059021827244281413;-0,12211797827881685;-0,059012394723249005;1,3681883577712495e-05;9,43252103240838e-06;0,008103566359948248;0,008103566359948248;0,008103566359948248;0,966426364495882;-0,6241152524422536;0,9663093561760396;-0,6251880743972794;8,103566359948248e-07
278;0,12201797827904136;0,059012394722970034;-0,12200000000359894;-0,05899999998284229;1,79782754424207e-05;1,239474012774272e-05;0,008098187179642228;0,008098187179642228;0,008098187179642228;0,9663093561760396;-0,6251880743972794;0,9661554949365723;-0,6265962688327722;8,098187179642227e-07
279;-0,17300902563951978;-0,0840062178056883;0,17304844917575773;0,08403339752535338;3,942353623795358e-05;2,7179719665079705e-05;0,011991999022506344;0,011991999022506342;0,011991999022506344;0,9259447361945293;-0,7348117566373136;0,9261726333489354;-0,7326583960270083;1,1991999022506345e-06
280;0,1600349748322825;0,07702411353777924;-0,1600017735924606;-0,0770012223956859;3,3201239821895046e-05;2,2891142093348082e-05;0,010791607936668036;0,010791607936668036;0,010791607936668036;0,9501910977225132;-0,44752189604585735;0,9499779333589717;-0,44953142368868976;1,0791607936668038e-06
281;0,1816607983945582;0,08804191771771142;-0,18164069963393187;-0,08802806032395168;2,0098760626335865e-05;1,3857393759739156e-05;0,011695387645974605;0,011695387645974605;0,011695387645974605;0,996550584549565;-0,030491658730957227;0,9964314646079582;-0,03154317902571475;1,1695387645974606e-06
282;0,17924042636842533;0,0870278709440405;-0,1792243586110219;-0,08701679414137398;1,6067757403426253e-05;1,1076802666529217e-05;0,011541173478640235;0,011541173478640235;0,011541173478640235;0,9967586687303185;-0,028629666414086465;0,9966621593187106;-0,029476995163815925;1,1541173478640236e-06
283;0,11502986430682294;0,05602058908438195;-0,11500405613551387;-0,05600279583937138;2,580817130906632e-05;1,7793245010569447e-05;0,007768450060532425;0,007768450060532424;0,007768450060532425;0,9508930427056769;-0,43660783644268586;0,9506626997677814;-0,4387117316768861;7,768450060532425e-07
284;0,1901431132355435;0,09109866821480779;-0,1901231489350479;-0,09108490349873422;1,996430049561182e-05;1,3764716073574879e-05;0,012317770494162241;0,012317770494162241;0,012317770494162241;0,9882335957947264;-0,1048362534581872;0,9881213299806357;-0,10586561170568194;1,2317770494162242e-06
285;0,17403357629839888;0,08502533025022063;-0,17401951309850153;-0,08501345491598793;1,406319989735727e-05;1,1875334232705481e-05;0,011331190243744984;0,011331190243744987;0,011331190243744987;0,9869106816612816;-0,13035719614084493;0,9868197385727193;-0,13168747337216563;1,1331190243744987e-06
286;-0,24300000000807045;-0,11799999996331484;0,24304292974607974;0,11802959587972468;4,2929738009289675e-05;2,959591640984416e-05;0,01615508951365704;0,016155089513657038;0,01615508951365704;0,9654084690651797;-0,6333139336190292;0,9655926825884645;-0,6316449158039881;1,6155089513657041e-06
287;0,0;0,0;0,0;0,0;0,0;0,0;;;;;;;;
288;0,17203229644711335;0,08202226525658321;-0,17201038032523744;-0,08200715672532574;2,1916121875908967e-05;1,510853125746836e-05;0,011141611029077703;0,011141611029077703;0,011141611029077703;0,9875994030833505;-0,11066524028354706;0,9874631968427033;-0,11192977793083071;1,1141611029077703e-06
289;0,1700202043280858;0,0820139320535748;-0,17001034775042115;-0,08200713441380605;9,856577664640875e-06;6,797639768740815e-06;0,011097100881945907;0,011097100881945909;0,011097100881945909;0,9821028617916592;-0,31002491494939166;0,9820413082512578;-0,31058348114289147;1,109710088194591e-06
290;-0,021000000011448534;-0,009999999934405961;0,02100048642928625;0,010000335303202422;4,864178377167461e-07;3,3536879646099693e-07;0,0014200024313754222;0,0014200024313754222;0,0014200024313754222;0,945690261647491;-0,487813077116184;0,945713979886045;-0,48758235709976877;1,4200024313754222e-07
291;-0,1911421325524403;-0,09202904840005746;0,1912168467976406;0,0920805596493174;7,471424520028025e-05;5,151124925993622e-05;0,012891344524395474;0,012891344524395472;0,012891344524395474;0,9501012791765115;-0,44892193686971826;0,9505028489732865;-0,44514229103762387;1,2891344524395473e-06
292;-0,19100207737028546;-0,09200143168446155;0,19104213255908714;0,09202904839466129;4,00551888016798e-05;2,7616710199740435e-05;0,0128858696300166;0,0128858696300166;0,0128858696300166;0,9498858944344228;-0,4509479938331522;0,9501012791765115;-0,44892193686971826;1,28858696300166e-06
293;0,14902149763702383;0,07201482022768986;-0,14900778281800417;-0,07200536531457782;1,3714819019655655e-05;9,45491311203639e-06;0,00980835547474767;0,009808355474747671;0,009808355474747671;0,9742429313854768;-0,5255601032801709;0,9741460284925003;-0,5264414050973292;9,808355474747671e-07
294;0,09500405612736226;0,04600279588610732;-0,09500000004064493;-0,04599999977526389;4,056086717330043e-06;2,79611084343101e-06;0,006410546273062044;0,006410546273062045;0,006410546273062045;0,9506626997677814;-0,4387117316768861;0,950618846415971;-0,43911825295033624;6,410546273062045e-07
295;-0,2431476450084532;-0,1180328424684072;0,24319396921577768;0,11806477854422087;4,6324207324477396e-05;3,193607581367108e-05;0,01678163411313073;0,016781634113130734;0,016781634113130734;0,9298711055213559;-0,6972590792344597;0,9300624596721073;-0,6954575747767336;1,6781634113130734e-06
296;-0,243002896746048;-0,11800199144774727;0,24304764504006612;0,11803284244139674;4,474829401812652e-05;3,0850993649467195e-05;0,01677604874321674;0,01677604874321674;0,01677604874321674;0,9296861938138368;-0,6989989991212855;0,9298711055213559;-0,6972590792344597;1,677604874321674e-06
297;0,15501667633488947;0,07501149672548686;-0,1550000000000408;-0,07500000000002127;1,6676334848669816e-05;1,1496725465590107e-05;0,010068865813960779;0,010068865813960779;0,010068865813960779;0,9874648747905441;-0,2620857380208053;0,9873500860665928;-0,26311224181687215;1,0068865813960779e-06
298;0,1540201393305166;0,07401621796570416;-0,15400507130435104;-0,07400349621278349;1,506802616554892e-05;1,2721752920677454e-05;0,009912247396294841;0,009912247396294845;0,009912247396294845;0,9953209740642355;-0,04093416034142729;0,9952097736738033;-0,0425906455100665;9,912247396294846e-07
299;0,1522972287923773;0,07406703448540096;-0,15221765981365112;-0,07401217434138183;7,956897872618551e-05;5,486014401913375e-05;0,009902656486865448;0,009902656486865453;0,009902656486865453;0,9873702664255505;-0,2577475380487868;0,9868131958448011;-0,262667957610102;9,902656486865454e-07
300;0,0;0,0;0,0;0,0;0,0;0,0;;;;;;;;
301;0,2021811459944729;0,09805594396402739;-0,20217560700189444;-0,09805212675492135;5,538992578463242e-06;3,8172091060412194e-06;0,012973329557508208;0,012973329557508208;0,012973329557508208;1,0;0,0;0,9999704077091732;-0,00025945199633370104;1,2973329557508209e-06
302;0,2020756070021373;0,09805212675466503;-0,2019999999999538;-0,0979999999999233;7,560700218350869e-05;5,212675474172701e-05;0,012968134847683669;0,012968134847683667;0,012968134847683669;0,9999704077091732;-0,00025945199633370104;0,9995662597006932;-0,003804471746170219;1,296813484768367e-06
303;0,0;0,0;0,0;0,0;0,0;0,0;;;;;;;;
304;0,1261098290482896;0,06100829766740091;-0,1261000000042014;-0,061000000003695445;9,829044088194294e-06;8,297663705462976e-06;0,00819547474285491;0,00819547474285491;0,00819547474285491;0,9869106816612816;-0,13035719614084493;0,9868228932313756;-0,13166160566903895;8,195474742854912e-07
305;0,0;0,0;0,0;0,0;0,0;0,0;;;;;;;;
306;-0,042000486440179376;-0,02000033523736768;0,04200309528265915;0,020002133988526523;2,608842479774609e-06;1,7987511588442306e-06;0,0028399692494496757;0,002839969249449676;0,002839969249449676;0,945713979886045;-0,48758235709976877;0,9457775860366636;-0,48696363306487567;2,839969249449676e-07
307;-0,07700000003337482;-0,03699999981166947;0,07700177355746957;0,03700122259709185;1,7735240947502895e-06;1,2227854223750834e-06;0,0051920468585466995;0,005192046858546699;0,0051920468585466995;0,9499542685283361;-0,44975543602056683;0,9499779333589717;-0,44953142368868976;5,192046858546699e-07
308;-0,2690137050350391;-0,1300094406518968;0,2690517360352823;0,13003566175192777;3,8031000243243795e-05;2,622110003097644e-05;0,018623639480498118;0,01862363948049811;0,018623639480498118;0,9262529380922898;-0,7318783689997513;0,9263944622077122;-0,7305246916237477;1,8623639480498117e-06
309;0,2541083288128009;0,12208013962427838;-0,2540679674022626;-0,12205231471246791;4,036141053825881e-05;2,7824911810470088e-05;0,016826133269124875;0,016826133269124872;0,016826133269124875;0,9673179182719572;-0,6159328120727797;0,9671517418905841;-0,6174781898400183;1,6826133269124875e-06
310;0,1420195130984483;0,06901345491619856;-0,14200603831532418;-0,06900416363974837;1,347478312410666e-05;9,291276450190677e-06;0,00923811958165437;0,00923811958165437;0,00923811958165437;0,9868197385727193;-0,13168747337216563;0,9867186160173766;-0,13258288633390297;9,23811958165437e-07
311;0,06010547224552984;0,02900377232059454;-0,060100000088101575;-0,028999999451451115;5,47215742826429e-06;3,772869143426477e-06;0,004078630346097322;0,004078630346097322;0,004078630346097322;0,9447014985089796;-0,5584008971333738;0,9446085248044492;-0,5592764819339907;4,078630346097322e-07
312;0,13901034775129853;0,0670071344143166;-0,13900005827457748;-0,0670000401818665;1,0289476721048185e-05;7,094232450099991e-06;0,009072443388091784;0,009072443388091784;0,009072443388091784;0,9820413082512578;-0,31058348114289147;0,9819627202263789;-0,3112974028167842;9,072443388091785e-07
313;0,03410033163344743;0,01700022867801616;-0,03410008124110336;-0,01700005603986816;2,5039234407414623e-07;1,7263814799939325e-07;0,002228260896005172;0,002228260896005172;0,002228260896005172;0,9872627958135685;-0,2638640941043541;0,9872549938466865;-0,26392843280976874;2,228260896005172e-07
314;0,13211812000197173;0,06401249043914958;-0,1321000003572043;-0,06399999755137559;1,8119644767444765e-05;1,2492887773996042e-05;0,009089825033526731;0,009089825033526731;0,009089825033526731;0,932471707843607;-0,6726038543940857;0,9323335369860098;-0,6739083963390541;9,089825033526731e-07
315;0,12200778281807123;0,05900536531630712;-0,1220000000022244;-0,05899999999287331;7,78281584683238e-06;5,365323433814684e-06;0,008032314660790435;0,008032314660790435;0,008032314660790435;0,9741460284925003;-0,5264414050973292;0,9740788767912872;-0,5270509269140571;8,032314660790434e-07
316;0,13111757859066175;0,06401211834176938;-0,13110239532545967;-0,06400165074295186;1,5183265202084462e-05;1,046759881752346e-05;0,008536617776530748;0,008536617776530746;0,008536617776530748;0,9868131958448011;-0,262667957610102;0,9866898594436386;-0,2637461494151418;8,536617776530748e-07
317;0,1310023953235716;0,06400165074324513;-0,13099999999878278;-0,06399999999981727;2,3953247888230944e-06;1,6507434278528743e-06;0,008531359900818143;0,008531359900818141;0,008531359900818143;0,9866898594436386;-0,2637461494151418;0,9866703908303647;-0,2639158113382478;8,531359900818142e-07
318;0,15203334229266902;0,07302298854879488;-0,15201045160042895;-0,07300720568158225;2,2890692240068455e-05;1,5782867212627005e-05;0,009854006028075499;0,0098540060280755;0,0098540060280755;0,9881910656597005;-0,10525262387196499;0,988030133891259;-0,10671912114178755;9,854006028075502e-07
319;0,12912253609547447;0,06301553773642199;-0,12910764780591155;-0,06300527346197318;1,4888289562919876e-05;1,0264274448806843e-05;0,00832307843698891;0,008323078436988911;0,008323078436988911;0,9966621593187106;-0,029476995163815925;0,9965381187066739;-0,0305516698898343;8,323078436988912e-07
320;0,12843701004809685;0,06202551641180723;-0,1284257020574004;-0,06201772027036859;1,1307990696457493e-05;7,796141438642934e-06;0,008264220512561118;0,008264220512561118;0,008264220512561118;0,9964314646079582;-0,03154317902571475;0,9963366412404956;-0,03238799613778512;8,264220512561117e-07
321;-0,04010058708906983;-0,01900040481561695;0,0401020447418581;0,019001409885039837;1,457652788271202e-06;1,0050694228859458e-06;0,002591117635396724;0,002591117635396724;0,002591117635396724;0,988742249918536;-0,10032110804222699;0,9887811903167254;-0,09995426023695174;2,591117635396724e-07
322;0,12602334182655736;0,06101609340417968;-0,12600000000017622;-0,06099999999720826;2,334182638114024e-05;1,6093406971423585e-05;0,008156204570567344;0,008156204570567344;0,008156204570567344;0,991135390891524;-0,07509394192407153;0,9909370327116526;-0,07685926417332696;8,156204570567343e-07
323;0,12601249842809573;0,06101055195139532;-0,12600000000010933;-0,06099999999989864;1,2498427986395999e-05;1,0551951496677592e-05;0,008182802428205632;0,008182802428205632;0,008182802428205632;0,9878278477023029;-0,11677133925353779;0,9877160332690272;-0,11842930487597661;8,182802428205632e-07
324;0,1260113726817196;0,0610078421062906;-0,12600000000030154;-0,06099999999979058;1,1372681418070352e-05;7,842106500018098e-06;0,008233551911234602;0,008233551911234604;0,008233551911234604;0,9817237471151342;-0,31344036916335066;0,9816280072747825;-0,3143009406753963;8,233551911234604e-07
325;0,059003292209267776;0,02900226979233803;-0,05899999999991829;-0,02900000000006532;3,2922093494841542e-06;2,269792272708432e-06;0,003826971502817393;0,003826971502817393;0,003826971502817393;0,9918652095360039;-0,09155213624010214;0,991805530357879;-0,09206174468023509;3,826971502817393e-07
326;0,07700768012597548;0,03700529498717104;-0,07700000003199595;-0,03699999981977611;7,680093979528513e-06;5,295167394933631e-06;0,005190297781518319;0,005190297781518318;0,005190297781518319;0,9503769065407532;-0,44344225190665;0,9502743933824378;-0,44441223762234533;5,190297781518319e-07
327;0,2320679674032475;0,11205231471828032;-0,23203270927797945;-0,11202255191902057;3,525812526805616e-05;2,976279925975822e-05;0,015383870778142841;0,015383870778142843;0,015383870778142843;0,9671517418905841;-0,6174781898400183;0,9669840160322488;-0,6200291024486109;1,5383870778142843e-06
328;0,0;0,0;0,0;0,0;0,0;0,0;;;;;;;;
329;0,12201037196904609;0,059007150473060564;-0,1220000000000632;-0,059000000000188894;1,0371968982889057e-05;7,150472871669811e-06;0,007940737769790766;0,007940737769790766;0,007940737769790766;0,9854030065294702;-0,303536027936776;0,9853124822549898;-0,30434839441538836;7,940737769790766e-07
330;0,11500746745834824;0,05600514911870374;-0,11499999999995755;-0,05599999999966783;7,4674583906836345e-06;5,149119035909033e-06;0,007411068504823803;0,0074110685048238015;0,007411068504823803;0,9965381187066739;-0,0305516698898343;0,9964682539058056;-0,031160868981767696;7,411068504823803e-07
331;0,12201627415505487;0,059011219808888175;-0,12200000000142915;-0,0589999999927332;1,6274153625719934e-05;1,1219816154976747e-05;0,008032820355862037;0,008032820355862039;0,008032820355862039;0,9741579652361969;-0,5263304043224786;0,9740175550001381;-0,5276051179782029;8,032820355862038e-07
332;-0,18002506673605173;-0,08701727772373644;0,18006256666658554;0,08704313266900192;3,7499930533813064e-05;2,585494526548271e-05;0,012468079798493016;0,012468079798493013;0,012468079798493016;0,9259057806969079;-0,7351738200366219;0,9261142263703173;-0,7331802947516433;1,2468079798493016e-06
333;0,10932540911347738;0,053017518295112594;-0,10931584217252874;-0,05301092271247507;9,566940948640967e-06;6,595582637526631e-06;0,007040753562601951;0,007040753562601952;0,007040753562601952;0,9963366412404956;-0,03238799613778512;0,9962424539979475;-0,033218037593475504;7,040753562601952e-07
334;0,0;0,0;0,0;0,0;0,0;0,0;;;;;;;;
335;-0,021100000022695947;-0,01000000001573808;0,0211005870890322;0,010000404815991598;5,870663362522732e-07;4,04800253518689e-07;0,0013634878698057552;0,0013634878698057552;0,0013634878698057552;0,9887124456292375;-0,10060175358378969;0,988742249918536;-0,10032110804222699;1,3634878698057552e-07
336;-0,18603229644723582;-0,08902226525686707;0,18612314893509097;0,08908490349894979;9,085248785514755e-05;6,263824208271873e-05;0,012056505674105432;0,012056505674105432;0,012056505674105432;0,9875994030833505;-0,11066524028354706;0,9881213299806357;-0,10586561170568194;1,2056505674105432e-06
337;0,10310487471086774;0,050004115301529886;-0,10310000001812392;-0,04999999997604374;4,874692743822573e-06;4,1153254861439614e-06;0,0068087750322737405;0,0068087750322737405;0,0068087750322737405;0,9716720947313303;-0,2628007320421809;0,9716196754148552;-0,2635886081084456;6,808775032273741e-07
338;0,10100466666727034;0,049003217941572884;-0,10100000000028497;-0,048999999999793487;4,666666985370105e-06;3,2179417793973264e-06;0,006589917644928989;0,006589917644928989;0,006589917644928989;0,9835598675710174;-0,29686924043764;0,9835107768753151;-0,29730725911889694;6,589917644928989e-07
339;0,10100071570660041;0,04900049368187895;-0,10100000000225648;-0,049000000002605196;7,15704343928758e-07;4,936792737525453e-07;0,00659805482627803;0,00659805482627803;0,00659805482627803;0,9823053629462062;-0,3080713892793614;0,9822978428231409;-0,3081386419421358;6,59805482627803e-07
340;0,0;0,0;0,0;0,0;0,0;0,0;;;;;;;;
341;0,09921576713353814;0,04801087097384677;-0,09920749002034095;-0,04800516439269839;8,277113197188712e-06;5,706581148380574e-06;0,006387651838747216;0,006387651838747216;0,006387651838747216;0,9962424539979475;-0,033218037593475504;0,9961526442597428;-0,034014157191431714;6,387651838747215e-07
342;0,0;0,0;0,0;0,0;0,0;0,0;;;;;;;;
343;0,10401413354155306;0,05100974431522419;-0,10400000004718066;-0,05099999974454882;1,4133494372403632e-05;9,744570675367104e-06;0,007040990902318421;0,007040990902318422;0,007040990902318422;0,9499417156468929;-0,44735454626547677;0,9498024797349737;-0,448603994182392;7,040990902318422e-07
344;-0,005100041907167724;-0,0020000288726322035;0,005100110570817068;0,00200007621278096;6,866364934358243e-08;4,734014875636475e-08;0,0003314488248352708;0,00033144882483527075;0,0003314488248352708;0,9542448294952152;-0,47080249354690973;0,9542589749994336;-0,47060373573898706;3,314488248352708e-08
345;-0,07700000025716822;-0,03699999806413903;0,07700902530860752;0,03700622024111246;9,025051439306986e-06;6,222176973436078e-06;0,0053273506458166075;0,005327350645816608;0,005327350645816608;0,9258273711523761;-0,7359514099114671;0,9259447361945293;-0,7348117566373136;5,327350645816608e-07
346;0,0;0,0;0,0;0,0;0,0;0,0;;;;;;;;
347;-0,00010000000002070087;3,514506028959153e-14;0,00010000002271617206;1,561210669000721e-11;2,26954711941103e-11;1,56472517502968e-11;5,8394167373313e-06;5,8394167373312996e-06;5,8394167373313e-06;0,9887122212363282;-0,10061071879662041;0,9887124456292375;-0,10060175358378969;5,839416737331301e-10
348;0,0;0,0;0,0;0,0;0,0;0,0;;;;;;;;
349;-0,19400000000555748;-0,09399999997445396;0,19403270927692157;0,09402255192078433;3,270927136408974e-05;2,255194633037083e-05;0,01287344744449557;0,01287344744449557;0,01287344744449557;0,966807898971083;-0,6216320937116597;0,9669840160322488;-0,6200291024486109;1,287344744449557e-06
350;-0,08100000000390296;-0,0389999999788611;0,08100248460224933;0,039001713026147786;2,484598346369493e-06;1,7130472866888624e-06;0,00532204796624693;0,00532204796624693;0,00532204796624693;0,9752590997931546;-0,21521947803817829;0,9752914469025118;-0,21492274724756963;5,322047966246929e-07
351;0,08601038032507516;0,04100715672576595;-0,08600000000000045;-0,04100000000002822;1,0380325074707542e-05;7,156725737728076e-06;0,005571169473178352;0,005571169473178352;0,005571169473178352;0,9874631968427033;-0,11192977793083071;0,9873341770880648;-0,11312821270876934;5,571169473178352e-07
352;0,07510610534655343;0,036004209619509106;-0,0751009618977009;-0,03600066314862695;5,143448852537591e-06;3,546470882152819e-06;0,0048672908537327605;0,0048672908537327605;0,0048672908537327605;0,9879731128913519;-0,1071945152632355;0,9878999121926024;-0,10786500990464201;4,867290853732761e-07
353;0,00010000000451490464;3,1688444573887753e-12;-9,999999959943582e-05;2,2020653792377532e-13;4,915468815942965e-12;3,3890509953125506e-12;6,112058912192879e-06;6,112058912192878e-06;6,112058912192879e-06;0,9446085248044492;-0,5592764819339907;0,9446084783725134;-0,5592784237170951;6,112058912192879e-10
354;0,0;0,0;0,0;0,0;0,0;0,0;;;;;;;;
355;0,08100916511132852;0,039006318593144816;-0,08100000002063011;-0,0389999998683501;9,165090698412537e-06;6,318724794715513e-06;0,005368523068048068;0,005368523068048069;0,005368523068048069;0,9669346047348344;-0,3213691690054546;0,9668163181810385;-0,3224634693879001;5,368523068048069e-07
356;0,0810060383156377;0,039004163639883994;-0,08100000000010292;-0,039000000000064525;6,038315534778738e-06;4,163639819469711e-06;0,005260662987797194;0,005260662987797193;0,005260662987797194;0,9867186160173766;-0,13258288633390297;0,986639083513072;-0,13330423975359418;5,260662987797194e-07
357;0,08100507130386407;0,0390034962125943;-0,08100000000005136;-0,03899999999992394;5,071303812706485e-06;3,4962126703591556e-06;0,005215711521219152;0,00521571152121915;0,005215711521219152;0,9952097736738033;-0,0425906455100665;0,9951424053705967;-0,043196119091262544;5,215711521219151e-07
358;0,07900082950870446;0,038000700449840885;-0,07900000000128478;-0,037999999994945396;8,295074196834618e-07;7,004548954886447e-07;0,005201445618231593;0,005201445618231596;0,005201445618231596;0,9730663487943203;-0,5634164153821083;0,9730546812028014;-0,5635939642239831;5,201445618231596e-07
359;-0,1381003001640021;-0,06700020699406045;0,1381177734909258;0,0670122550666526;1,7473326923700405e-05;1,2048072592155123e-05;0,008971145235768311;0,008971145235768311;0,008971145235768311;0,9878380943037961;-0,10839355213444408;0,9879731128913519;-0,1071945152632355;8,97114523576831e-07
360;0,05500263973826522;0,02700182000314235;-0,05500000000131927;-0,026999999992990825;2,639736945947435e-06;1,8200101515250533e-06;0,0036571245803638202;0,003657124580363819;0,0036571245803638202;0,9673179182719572;-0,6159328120727797;0,9672678476243062;-0,616372774193708;3,65712458036382e-07
361;-0,12100000039042529;-0,057999996979483985;0,12103646462641258;0,058025138210102474;3,646423598729909e-05;2,514123061848894e-05;0,0083673042953499;0,008367304295349898;0,0083673042953499;0,925870760511835;-0,7356078674181393;0,9261726333489354;-0,7326583960270083;8,3673042953499e-07
362;0,00010000000898675668;7,222649844040388e-12;-9,9999998763109e-05;-1,7378740086713724e-13;1,0223647679851768e-11;7,048862443173251e-12;6,232940753320142e-06;6,232940753320142e-06;6,232940753320142e-06;0,926288799981213;-0,7315682754686916;0,9262887052807157;-0,7315723141690023;6,232940753320141e-10
363;0,0;0,0;0,0;0,0;0,0;0,0;;;;;;;;
364;0,0;0,0;0,0;0,0;0,0;0,0;;;;;;;;
365;0,07100694340901012;0,03400478724791092;-0,07100000000000788;-0,03400000000011729;6,943409002244105e-06;4,787247793631988e-06;0,004594321985290252;0,004594321985290252;0,004594321985290252;0,9893606780034265;-0,09474428455300178;0,9892559976804752;-0,09570406238772511;4,594321985290253e-07
366;0,00010000000864642475;6,0631000259855e-12;-9,999999974638221e-05;7,31810210523933e-14;8,900042541056669e-12;6,136281047037893e-12;6,074078255805135e-06;6,074078255805136e-06;6,074078255805136e-06;0,9505151148785359;-0,44212689564866;0,9505150302822918;-0,4421304114784188;6,074078255805136e-10
367;0,0;0,0;0,0;0,0;0,0;0,0;;;;;;;;
368;0,06810711161181919;0,033004903494625065;-0,06810206956670488;-0,03300142687897269;5,042045114311833e-06;3,4766156523785563e-06;0,004386430792522084;0,004386430792522084;0,004386430792522084;0,9961526442597428;-0,034014157191431714;0,9960729673739441;-0,03471811973716557;4,386430792522083e-07
369;0,0680041271499164;0,03300284544057414;-0,067999999999979;-0,03299999999997842;4,1271499374023746e-06;2,8454405957209494e-06;0,004371175543955132;0,0043711755439551315;0,004371175543955132;0,9983934160037831;-0,014172970919612962;0,9983279653178501;-0,014747535931154167;4,3711755439551325e-07
370;0,0;0,0;0,0;0,0;0,0;0,0;;;;;;;;
371;0,035001777391071985;0,0170012252979858;-0,03500000001571361;-0,016999999915050044;1,7773753583777419e-06;1,2253829357565527e-06;0,002364155385487216;0,0023641553854872165;0,0023641553854872165;0,9502767682449813;-0,4468142326074878;0,9502246504309857;-0,44729380383727774;2,3641553854872166e-07
372;0,0;0,0;0,0;0,0;0,0;0,0;;;;;;;;
373;0,08501045160050384;0,041007205681777695;-0,08500421430560881;-0,04100290573539213;6,23729489503122e-06;4,299946385566411e-06;0,005515288717008469;0,0055152887170084675;0,005515288717008469;0,988030133891259;-0,10671912114178755;0,9879517687056049;-0,1074251592800804;5,515288717008469e-07
374;0,0;0,0;0,0;0,0;0,0;0,0;;;;;;;;
375;0,06200479104171145;0,030004044717840888;-0,062000000000073684;-0,029999999999978544;4,791041637766669e-06;4,044717862344144e-06;0,004010124483268693;0,004010124483268692;0,004010124483268693;0,9917270487986446;-0,07255432226132168;0,9916395931838313;-0,07384700175037003;4,010124483268693e-07
376;0,1220093898390515;0,05900647065793469;-0,12200000041469164;-0,05899999696453197;9,389424359865228e-06;6,473693402724023e-06;0,008447428855140361;0,008447428855140363;0,008447428855140363;0,926288799981213;-0,7315682754686916;0,9262117648228516;-0,7323039170275908;8,447428855140363e-07
377;0,060000732741298135;0,02900050512386063;-0,06000000000044689;-0,029000000000380194;7,327408512447509e-07;5,051234804355487e-07;0,003853289365064419;0,003853289365064418;0,003853289365064419;0,9985133305311701;-0,037261523029301316;0,99850015216355;-0,03737838273991873;3,8532893650644193e-07
378;0,0;0,0;0,0;0,0;0,0;0,0;;;;;;;;
379;0,0680026535726765;0,033001829747186864;-0,06800000000005894;-0,03299999999996051;2,6535726175558327e-06;1,829747226352041e-06;0,004417839262326611;0,004417839262326609;0,004417839262326611;0,9878246992082226;-0,10847851487470386;0,9877830603889806;-0,1088481178985144;4,417839262326611e-07
380;0,05600220085111454;0,027001517480189353;-0,05599999999980676;-0,027000000000011376;2,2008513077820258e-06;1,5174801779767322e-06;0,0035986098683900495;0,003598609868390049;0,0035986098683900495;0,9974653257162466;-0,022385780791589503;0,9974229462804172;-0,022764612167236645;3,5986098683900495e-07
381;0,05600055077502475;0,027000379937362595;-0,05600000000081071;-0,026999999999781962;5,50774214042038e-07;3,799375806329275e-07;0,0035893742276651595;0,0035893742276651595;0,0035893742276651595;1,0;0,0;0,9999893657855402;-9,49573051874337e-05;3,5893742276651593e-07
382;0,053103689586721084;0,02600254391198521;-0,053101334242330794;-0,0260009199250921;2,3553443902896154e-06;1,6239868931081092e-06;0,003425989149993083;0,0034259891499930826;0,003425989149993083;0,9964314646079582;-0,03154317902571475;0,9963837810416224;-0,03195282069267921;3,425989149993083e-07
383;-0,12200000041685337;-0,058999996898094625;0,12202506656104668;0,05901727916440576;2,506614419331421e-05;1,7282266311133276e-05;0,008452096748584265;0,008452096748584267;0,008452096748584267;0,9257002397526947;-0,7371374268206036;0,9259057806969079;-0,7351738200366219;8,452096748584266e-07
384;0,052000257040144035;0,02500017721515101;-0,052000000000680974;-0,024999999995056105;2,5703946306132597e-07;1,7722009490461765e-07;0,003423580837102468;0,0034235808371024684;0,0034235808371024684;0,9730115713895863;-0,5639268123999834;0,9730063697788986;-0,5639748218132501;3,4235808371024685e-07
385;-0,07110508491780469;-0,034003505642030044;0,07110799705677616;0,034005513464248405;2,9121389714670265e-06;2,007822218361155e-06;0,004704474373036339;0,004704474373036336;0,004704474373036339;0,9672750459020748;-0,6163362463869118;0,9673179182719572;-0,6159328120727797;4,704474373036339e-07
386;0,0;0,0;0,0;0,0;0,0;0,0;;;;;;;;
387;-0,071000000001928;-0,03399999999104482;0,07100508491814003;0,03400350564198204;5,084916212039214e-06;3,5056509372216604e-06;0,004699090294090758;0,004699090294090757;0,004699090294090758;0,9672000950509131;-0,6170389973396851;0,9672750459020748;-0,6163362463869118;4,6990902940907586e-07
388;-0,00010000000000695244;-2,932975458436551e-15;0,0001000000129662586;8,937947244614582e-12;1,2959306167786323e-11;8,935014269156145e-12;5,844584728808819e-06;5,844584728808817e-06;5,844584728808819e-06;0,9878379662868455;-0,10839867151985516;0,9878380943037961;-0,10839355213444408;5,844584728808819e-10
389;0,0;0,0;0,0;0,0;0,0;0,0;;;;;;;;
390;0,05000182251518971;0,024001256405140763;-0,050000000000216614;-0,0240000000001712;1,8225149730974333e-06;1,2564049695629187e-06;0,0032129331653201246;0,0032129331653201246;0,0032129331653201246;0,9966621593187106;-0,029476995163815925;0,9966228647966898;-0,02983237683476566;3,2129331653201245e-07
391;0,0;0,0;0,0;0,0;0,0;0,0;;;;;;;;
392;0,0;0,0;0,0;0,0;0,0;0,0;;;;;;;;
393;0,07700575387019351;0,03700396486701482;-0,07700000025534778;-0,0369999980890777;5,7536148457271175e-06;3,966777937118582e-06;0,005325644619466612;0,005325644619466612;0,005325644619466612;0,9261987986281073;-0,7323967593540501;0,9261239524176443;-0,7331233644064415;5,325644619466611e-07
394;0,045000749647757084;0,022000516856376762;-0,045000000000334335;-0,021999999999603764;7,496474227486338e-07;5,168567729987861e-07;0,0029233392297400313;0,0029233392297400317;0,0029233392297400317;0,9892778744528828;-0,09420154778618667;0,9892600902485751;-0,09435606118659666;2,9233392297400314e-07
395;0,045000141177128895;0,02200009737988356;-0,04499999999689214;-0,02199999999643558;1,4118023675818714e-07;9,738344797921572e-08;0,002930461677251712;0,002930461677251712;0,002930461677251712;0,9868590483993263;-0,13080118732701024;0,9868557068772549;-0,13083033271561564;2,930461677251712e-07
396;0,05200421430561345;0,025002905735500958;-0,05199999999992173;-0,02500000000004021;4,214305691724318e-06;2,9057354607488206e-06;0,0033720856068180562;0,003372085606818056;0,0033720856068180562;0,9879517687056049;-0,1074251592800804;0,987865182100814;-0,10821233673255903;3,372085606818056e-07
397;0,04300030015169556;0,02100020698499321;-0,04299999999984112;-0,0209999999998989;3,001518544404336e-07;2,0698509430733258e-07;0,0027968850391603332;0,002796885039160334;0,002796885039160334;0,9878380943037961;-0,10839355213444408;0,9878306518331519;-0,10845853281783732;2,796885039160334e-07
398;0,041000808782672496;0,020000557662673057;-0,040999999999677926;-0,01999999999981678;8,087829945699343e-07;5,576628562785346e-07;0,0026759185364714348;0,0026759185364714343;0,0026759185364714348;0,984264389379864;-0,2905880617995401;0,9842434306369745;-0,2907722115580186;2,675918536471435e-07
399;-0,04100000000016791;-0,019999999999946488;0,041000995385488105;0,02000068621255359;9,953853201960516e-07;6,862126071018049e-07;0,0026423891196219623;0,0026423891196219623;0,0026423891196219623;0,9967325481748985;-0,028856173202346333;0,9967586687303185;-0,028629666414086465;2,642389119621962e-07
400;0,0;0,0;0,0;0,0;0,0;0,0;;;;;;;;
401;0,04000137277664512;0,019000946415237367;-0,040000000000189405;-0,019000000000022117;1,3727764557117106e-06;9,464152152492689e-07;0,0025668657704383618;0,0025668657704383618;0,0025668657704383618;0,9960729673739441;-0,03471811973716557;0,9960359433908987;-0,035062111159938125;2,5668657704383615e-07
402;0,00010000000895902412;5,8635789812046965e-12;-0,00010000000042010611;2,44112818315084e-14;8,538918012880765e-12;5,887990263036205e-12;5,844402313669554e-06;5,844402313669554e-06;5,844402313669554e-06;0,9878688870617343;-0,10814307581348388;0,9878688027084257;-0,10814644938310171;5,844402313669553e-10
403;0,0;0,0;0,0;0,0;0,0;0,0;;;;;;;;
404;-0,049000000153065625;-0,023999998948263258;0,0490028961793298;0,024001995542556956;2,8960262641736234e-06;1,996594293698223e-06;0,0033885983654843494;0,00338859836548435;0,00338859836548435;0,9296269176272304;-0,699544178712585;0,9296861938138368;-0,6989989991212855;3,38859836548435e-07
405;0,037100682781823324;0,01800047067676621;-0,03710024293045926;-0,01800016747324678;4,3985136406743397e-07;3,0320351943058377e-07;0,0023936310026597555;0,002393631002659755;0,0023936310026597555;0,9946439149676133;-0,11590539769317254;0,9946311773982561;-0,11601765134677516;2,3936310026597556e-07
406;0,034001005528411066;0,017000693302418816;-0,03399999999961697;-0,01699999999992225;1,0055287940971547e-06;6,933024965655177e-07;0,00220272592839063;0,0022027259283906304;0,0022027259283906304;0,9963837810416224;-0,03195282069267921;0,9963520810928037;-0,032209683789472796;2,2027259283906306e-07
407;0,03400008124554789;0,017000056042878752;-0,0340000000014239;-0,017000000002223882;8,124412399085346e-08;5,6040654870109785e-08;0,0022230287200905204;0,0022230287200905195;0,0022230287200905204;0,9872549938466865;-0,26392843280976874;0,9872524556913749;-0,26394921911627256;2,2230287200905204e-07
408;0,033100961897736265;0,016000663148535082;-0,03310000000857398;-0,01600000000594199;9,61889162286178e-07;6,631425930915535e-07;0,0021486504236595673;0,0021486504236595677;0,0021486504236595677;0,9878999121926024;-0,10786500990464201;0,9878688870617343;-0,10814307581348388;2,1486504236595675e-07
409;0,031000197210891162;0,015000135950448688;-0,03099999999930532;-0,015000000000334189;1,9721158584298792e-07;1,3595011449929473e-07;0,0019990452931077994;0,0019990452931077994;0,0019990452931077994;0,9946311773982561;-0,11601765134677516;0,9946243401429422;-0,11607834193145929;1,9990452931077994e-07
410;0,0;0,0;0,0;0,0;0,0;0,0;;;;;;;;
411;0,029103700703853867;0,014002551467933114;-0,02910146553040429;-0,014001010408771499;2,2351734495773545e-06;1,5410591616155794e-06;0,0018666840862127667;0,0018666840862127667;0,0018666840862127667;0,9989203551908377;-0,00951102974113792;0,9988373936118073;-0,010255504657953855;1,8666840862127666e-07
412;0,029000062123204922;0,014000052441053094;-0,02900000000175715;-0,013999999999488455;6,212144777056894e-08;5,244156463940497e-08;0,0018830147996115533;0,0018830147996115529;0,0018830147996115533;0,9873612512128269;-0,12368255233695445;0,9873588368928217;-0,12371852676642636;1,8830147996115534e-07
413;0,00010000000427839681;3,1579546217393087e-12;-9,999999984944388e-05;-1,0400006472529356e-13;4,4289529319398516e-12;3,053954557014015e-12;5,850596878639632e-06;5,850596878639631e-06;5,850596878639632e-06;0,9868228932313756;-0,13166160566903895;0,9868228495254556;-0,13166335545603086;5,850596878639631e-10
414;0,0;0,0;0,0;0,0;0,0;0,0;;;;;;;;
415;0,02800069679085004;0,014000480463690367;-0,027999999999939237;-0,013999999999983226;6,967909108035464e-07;4,804637071410128e-07;0,0018145664776467757;0,001814566477646776;0,001814566477646776;0,9960729673739441;-0,03471811973716557;0,9960463011366093;-0,034934312618723797;1,814566477646776e-07
416;0,026000249667090993;0,013000172081949516;-0,02600000001077454;-0,012999999936587204;2,496563164533505e-07;1,7214536231213717e-07;0,0017424331864995504;0,0017424331864995504;0,0017424331864995504;0,9631991242200352;-0,37700706822404007;0,9631891743563642;-0,37709048508955895;1,7424331864995503e-07
417;0,14701370463515512;0,0710094436683656;-0,147005754110088;-0,07100396311884691;7,950525067107472e-06;5,480549518696587e-06;0,010176586661314293;0,010176586661314291;0,010176586661314293;0,9262529380922898;-0,7318783689997513;0,9261987986281073;-0,7323967593540501;1,0176586661314292e-06
418;0,0240014509761091;0,012001000374494029;-0,023999999999959453;-0,011999999999951222;1,4509761496472873e-06;1,0003745428074917e-06;0,0015510974119502922;0,0015510974119502918;0,0015510974119502922;0,9988373936118073;-0,010255504657953855;0,9987724346285356;-0,010780464997190365;1,5510974119502923e-07
419;0,024000820254450463;0,01200056552587833;-0,024000000000056254;-0,011999999999909531;8,202543942091578e-07;5,655259687990105e-07;0,0015509247459281677;0,0015509247459281675;0,0015509247459281677;0,9989203551908377;-0,00951102974113792;0,9988836289773717;-0,00980780862139182;1,5509247459281678e-07
420;0,02400036004005653;0,012000248185016838;-0,02400000000001687;-0,011999999999903492;3,6004003966041975e-07;2,481851133460944e-07;0,0015771249933305691;0,0015771249933305691;0,0015771249933305691;0,9823053629462062;-0,3080713892793614;0,9822895109979604;-0,30820157291745154;1,5771249933305691e-07
421;0,0;0,0;0,0;0,0;0,0;0,0;;;;;;;;
422;0,023000143353109896;0,01100009873042414;-0,02300000001662348;-0,01099999989242903;1,4333648641617902e-07;9,883799510952695e-08;0,0015417704626358726;0,0015417704626358721;0,0015417704626358726;0,954727117917711;-0,4663632628907665;0,954720678756343;-0,4664246635036724;1,5417704626358726e-07
423;0,023000063446180632;0,011000043715280378;-0,023000000002961058;-0,01099999998527126;6,344321957368892e-08;4,373000911730984e-08;0,0015211039070152862;0,0015211039070152862;0,0015211039070152862;0,9676949294057478;-0,28272752129830975;0,9676920408833807;-0,28275466309149866;1,521103907015286e-07
424;0,022000617219981495;0,010000425542444354;-0,0219999999999895;-0,010000000000159381;6,172199919947385e-07;4,2554228497221347e-07;0,0014053614385931036;0,0014053614385931036;0,0014053614385931036;0,9928211622339626;-0,06375532325764369;0,9927908442522089;-0,0640682556307276;1,4053614385931037e-07
425;0,021300536465002823;0,010000369893250417;-0,02130012780900389;-0,010000088138635555;4,0865599893261106e-07;2,8175461486146247e-07;0,0013650847766645054;0,0013650847766645054;0,0013650847766645054;0,995233424058467;-0,09649200059522488;0,9952127144719908;-0,0966901385598011;1,3650847766645056e-07
426;0,02100050873225439;0,010000350658824821;-0,02100000001129028;-0,009999999933630576;5,087209641110868e-07;3,507251942445888e-07;0,001420229948628455;0,0014202299486284554;0,0014202299486284554;0,9455635658592851;-0,4889719293851002;0,9455387644351883;-0,48921318165561645;1,4202299486284552e-07
427;0,021000127761379696;0,010000088105776317;-0,020999999999475053;-0,00999999999976854;1,2776190464261483e-07;8,810600777772737e-08;0,0013493510473987368;0,0013493510473987368;0,0013493510473987368;0,9952127144719908;-0,0966901385598011;0,9952061581414242;-0,09675078136014298;1,349351047398737e-07
428;0,021000071492309497;0,010000060364846191;-0,02099999999982338;-0,009999999999595268;7,149248611865167e-08;6,036525092290024e-08;0,0013618146712363146;0,0013618146712363142;0,0013618146712363146;0,9861016519427465;-0,12018216934439067;0,9860978151017661;-0,12024070881908906;1,3618146712363147e-07
429;0,021000076500878172;0,010000052701812107;-0,021000000009040422;-0,009999999952945107;7,649183774924295e-08;5,274886700004644e-08;0,001411925064812246;0,001411925064812246;0,001411925064812246;0,9511041352542364;-0,434627096346364;0,95110038391501;-0,4346634020110573;1,4119250648122458e-07
430;0,021000081221733677;0,010000055999858693;-0,0209999999988548;-0,009999999999405948;8,122287887754598e-08;5,600045274549437e-08;0,001360833135809258;0,001360833135809258;0,001360833135809258;0,9868131958448011;-0,262667957610102;0,9868090631302038;-0,2627064844355536;1,360833135809258e-07
431;0,02100005469655183;0,01000003764556253;-0,021000000009744488;-0,009999999951154847;5,468680734296849e-08;3,769440768373877e-08;0,0014122369153886539;0,0014122369153886536;0,0014122369153886539;0,9508930427056769;-0,43660783644268586;0,950890361639391;-0,4366337533890819;1,4122369153886538e-07
432;0,0;0,0;0,0;0,0;0,0;0,0;;;;;;;;
433;0,0;0,0;0,0;0,0;0,0;0,0;;;;;;;;
434;0,019000328713829995;0,009000226622506904;-0,018999999999891454;-0,009000000000002884;3,287139385410587e-07;2,2662250401955797e-07;0,0012182375968166777;0,001218237596816678;0,001218237596816678;0,9963837810416224;-0,03195282069267921;0,9963651044495484;-0,032127479082390234;1,2182375968166778e-07
435;0,019000292944097986;0,009000201975055966;-0,01900000000019656;-0,009000000000054166;2,9294390142473037e-07;2,0197500179980343e-07;0,0012182927507973583;0,001218292750797358;0,0012182927507973583;0,9963366412404956;-0,03238799613778512;0,9963199974877791;-0,032543681196679754;1,2182927507973583e-07
436;0,0181004347549042;0,009000299663003539;-0,01810017554848043;-0,009000120971336376;2,5920642376942027e-07;1,786916671627642e-07;0,001211683012301917;0,0012116830123019174;0,0012116830123019174;0,9631991242200352;-0,37700706822404007;0,9631842742011664;-0,37713346762038086;1,2116830123019174e-07
437;0,018000175548762837;0,009000120971294653;-0,018000000007409776;-0,00899999995646484;1,7554135306116492e-07;1,2101482981322076e-07;0,0012063186907735458;0,001206318690773546;0,001206318690773546;0,9631842742011664;-0,37713346762038086;0,9631741694856206;-0,37721812227476653;1,206318690773546e-07
438;0,018000015018929002;0,009000010341666066;-0,017999999998811536;-0,008999999999945843;1,5020117465763816e-08;1,0341720223239204e-08;0,001169594976970224;0,0011695949769702238;0,001169594976970224;0,9934174388016739;-0,07799066973773361;0,9934165473327224;-0,07799788049803563;1,169594976970224e-07
439;0,01700020152719184;0,008000138952431075;-0,016999999999838925;-0,00799999999994379;2,0152735291309454e-07;1,3895248728544585e-07;0,0010889461800073076;0,0010889461800073076;0,0010889461800073076;0,9961526442597428;-0,034014157191431714;0,9961398395291887;-0,03413588456164852;1,0889461800073075e-07
440;-0,023100143353379166;-0,011000098730867472;0,02310115396847254;0,011000795503723917;1,0106150933747449e-06;6,967728564451908e-07;0,0015472281185084826;0,0015472281185084829;0,0015472281185084829;0,954727117917711;-0,4663632628907665;0,954772344289798;-0,46592752189758074;1,5472281185084828e-07
441;0,01500016291742747;0,007000112316973866;-0,01499999999997192;-0,006999999999957557;1,6291745555049864e-07;1,1231701630906588e-07;0,0009576915409478849;0,0009576915409478849;0,0009576915409478849;0,997916313111108;-0,01840067950507287;0,9979045495592029;-0,018514502932437397;9,57691540947885e-08
442;0,014000292401716866;0,007000201587338836;-0,014000000000868951;-0,0069999999956502044;2,92400847914584e-07;2,0159168863127103e-07;0,000927458672747099;0,0009274586727470986;0,000927458672747099;0,9744007417228127;-0,22274793387303934;0,9743788490013364;-0,22292928326664752;9,27458672747099e-08
443;0,01400018034689819;0,007000124342814725;-0,01400000000041947;-0,006999999999962096;1,8034647871964515e-07;1,2434285262975103e-07;0,0009068480379667607;0,0009068480379667606;0,0009068480379667607;0,9965381187066739;-0,0305516698898343;0,9965243087054797;-0,03066354117539876;9,068480379667608e-08
444;0,014000176880979912;0,007000121945277951;-0,013999999999777126;-0,006999999999959612;1,7688120278538944e-07;1,2194531833886052e-07;0,0009071987130008016;0,0009071987130008016;0,0009071987130008016;0,9961526442597428;-0,034014157191431714;0,9961391050845918;-0,03412385163619881;9,071987130008017e-08
445;0,01420040004761109;0,006000275814773979;-0,01420038667638554;-0,006000266591556354;1,3371225550395938e-08;9,223217625406455e-09;0,000901850812235355;0,000901850812235355;0,000901850812235355;0,9869106816612816;-0,13035719614084493;0,9869096633398217;-0,13036942954166175;9,018508122353549e-08
446;0,014100386680798929;0,006000266594577502;-0,014100078248201994;-0,006000053948950598;3,0843259693491554e-07;2,1264562690380406e-07;0,0008964649371903765;0,0008964649371903767;0,0008964649371903767;0,9869096633398217;-0,13036942954166175;0,9868860230320504;-0,13064947057990783;8,964649371903766e-08
447;0,0;0,0;0,0;0,0;0,0;0,0;;;;;;;;
448;0,013000058275003145;0,00600004018140428;-0,013000000000694836;-0,0059999999995572545;5,8274308309402834e-08;4,018184702591493e-08;0,0008418281004788459;0,0008418281004788459;0,0008418281004788459;0,9819627202263789;-0,3112974028167842;0,9819579366199053;-0,31134567585820916;8,418281004788459e-08
449;-0,03800000001592037;-0,01799999990773567;0,038002077303822795;0,01800143206056501;2,0772879024272273e-06;1,43215282933859e-06;0,002555846610112076;0,0025558466101120764;0,0025558466101120764;0,9498296375650963;-0,4514998745873058;0,9498858944344228;-0,4509479938331522;2,5558466101120766e-07
450;0,012000150862714325;0,006000104026873466;-0,012000000000258268;-0,006000000000031693;1,5086245605706872e-07;1,0402684177349825e-07;0,0007768358663180677;0,0007768358663180678;0,0007768358663180678;0,9971310276824007;-0,025336329306150752;0,9971175416075444;-0,025445555027547882;7,768358663180678e-08
451;0,0;0,0;0,0;0,0;0,0;0,0;;;;;;;;
452;0,0;0,0;0,0;0,0;0,0;0,0;;;;;;;;
453;-0,010100000006848514;-0,005000000005572434;0,010100099312665268;0,0050000838434785585;9,930581675379746e-08;8,383790612437325e-08;0,0006601807053851925;0,0006601807053851927;0,0006601807053851927;0,9855882189922114;-0,27353923975691363;0,9855992549943594;-0,2733812467482451;6,601807053851927e-08
454;0,010000042466463114;0,0050000292733783005;-0,009999999999742352;-0,004999999998447392;4,2466720761441534e-08;2,9274930908249064e-08;0,0006559425244189792;0,0006559425244189793;0,0006559425244189793;0,9840803868203399;-0,13541646017726175;0,9840758912319005;-0,1354533198530605;6,559425244189793e-08
455;0,010000075039379207;0,005000051738892919;-0,010000000000310757;-0,004999999999971606;7,503906845028607e-08;5,173892131307006e-08;0,000647937088694878;0,0006479370886948781;0,0006479370886948781;0,9962424539979475;-0,033218037593475504;0,9962344117133727;-0,033283213936727216;6,479370886948781e-08
456;0,0;0,0;0,0;0,0;0,0;0,0;;;;;;;;
457;0,009000126546257498;0,004000087203741398;-0,009000000004916677;-0,0039999999595641674;1,2654134082072666e-07;8,724417723069561e-08;0,0005958893826968204;0,0005958893826968204;0,0005958893826968204;0,9542589749994336;-0,47060373573898706;0,9542443381782533;-0,47076855145409147;5,9588938269682034e-08
458;0,009000072805449136;0,0040000501970374625;-0,009000000000185283;-0,004000000000248158;7,28052638523935e-08;5,0196789304172984e-08;0,000576185167503316;0,0005761851675033159;0,000576185167503316;0,9868860230320504;-0,13064947057990783;0,9868773137414278;-0,13074430314680768;5,76185167503316e-08
459;0,0;0,0;0,0;0,0;0,0;0,0;;;;;;;;
460;0,0;0,0;0,0;0,0;0,0;0,0;;;;;;;;
461;0,006000045719846067;0,0030000315231314533;-0,005999999999998866;-0,003000000000045084;4,571984720154465e-08;3,1523086369521225e-08;0,0003893920865426233;0,0003893920865426233;0,0003893920865426233;0,9946311773982561;-0,11601765134677516;0,9946230239567363;-0,1160838324927682;3,893920865426233e-08
462;0,00500004190753336;0,0020000288726678165;-0,0050000000015289325;-0,0019999999798822735;4,1906004427834376e-08;2,889278554298394e-08;0,0003258236157723606;0,0003258236157723606;0,0003258236157723606;0,9542448294952152;-0,47080249354690973;0,9542360335561811;-0,4709223234433333;3,258236157723606e-08
463;0,005000014554104227;0,0020000100340582206;-0,004999999999889284;-0,001999999999876079;1,4554214942605337e-08;1,0034182141432924e-08;0,00031127552134731955;0,00031127552134731955;0,00031127552134731955;0,9988373936118073;-0,010255504657953855;0,9988341959837367;-0,010297118016367261;3,1127552134731954e-08
464;0,005000022946336775;0,0020000158213938145;-0,004999999999876008;-0,0020000000000748477;2,2946460767094e-08;1,5821318966741105e-08;0,00031199038886997653;0,0003119903888699765;0,00031199038886997653;0,996550584549565;-0,030491658730957227;0,9965455545731348;-0,03055727920326375;3,1199038886997655e-08
465;0,0050000054437989334;0,0020000037516779605;-0,005000000000762607;-0,0019999999999133155;5,443036326345518e-09;3,751764645048422e-09;0,0003150444935985761;0,0003150444935985761;0,0003150444935985761;0,9868860230320504;-0,13064947057990783;0,9868848415365132;-0,13066502488476736;3,150444935985761e-08
466;0,0002000000475704645;3,3005162850530587e-11;-0,0002000000032874678;-2,4735208212073945e-12;4,428299670315369e-11;3,053164202932319e-11;1,1602552863687011e-05;1,1602552863687013e-05;1,1602552863687013e-05;0,9952127144719908;-0,0966901385598011;0,995212494117023;-0,09669888522871321;1,1602552863687013e-09
467;-9,999999910995712e-05;7,377181954508136e-14;0,00010000000751954725;5,724358715500014e-12;8,409590122253167e-12;5,798130535045095e-12;6,192529708522289e-06;6,192529708522288e-06;6,192529708522289e-06;0,9323334585805851;-0,673911718422895;0,9323335369860098;-0,6739083963390541;6,192529708522289e-10
468;0,00010000001001085603;7,013268671415016e-12;-9,999999994459437e-05;-7,291862919769611e-14;1,0066261653439781e-11;6,94035004221732e-12;5,9421432232814614e-06;5,9421432232814614e-06;5,9421432232814614e-06;0,9716196754148552;-0,2635886081084456;0,9716195776090837;-0,2635925846357009;5,942143223281462e-10
469;-9,999999877870886e-05;-1,403402170085862e-13;0,00010000000218519436;2,4889978083313558e-12;3,406485502206215e-12;2,3486575913227696e-12;6,231663022633601e-06;6,2316630226336026e-06;6,2316630226336026e-06;0,9264786302493304;-0,7298925701145653;0,9264786618096913;-0,7298912244329226;6,231663022633603e-10
470;-0,0001000000001546143;1,4294811445675636e-13;0,00010000000804624045;5,2977092168199225e-12;7,89162615463801e-12;5,440657331276679e-12;5,854032671158106e-06;5,854032671158106e-06;5,854032671158106e-06;0,9862436759651263;-0,280593161555958;0,9862437537957914;-0,2805900442891738;5,854032671158107e-10
471;-9,9999999931832e-05;6,100483010902148e-14;0,00010000000654713545;5,523810175496719e-12;6,615303452055764e-12;5,584815005605741e-12;5,857926219733897e-06;5,857926219733897e-06;5,857926219733897e-06;0,9855881537925626;-0,2735424396199983;0,9855882189922114;-0,27353923975691363;5,857926219733897e-10
472;0,00010000000385220666;2,5341744450396443e-12;-0,00010000000016195678;1,0129164858025354e-14;3,6902498743406065e-12;2,5443036098976696e-12;5,801276559963115e-06;5,8012765599631155e-06;5,8012765599631155e-06;0,995212494117023;-0,09669888522871321;0,9952124573911961;-0,09670034300724376;5,801276559963116e-10
