;p_from_mw;q_from_mvar;p_to_mw;q_to_mvar;pl_mw;ql_mvar;i_from_ka;i_to_ka;i_ka;vm_from_pu;va_from_degree;vm_to_pu;va_to_degree;loading_percent
0;-3,8952517301366356;-1,9067205458699221;3,8998075325716854;1,9120950722208363;0,004555802435049827;0,005374526350914177;0,2507628784084948;0,2507628784084948;0,2507628784084948;0,9985136516935869;-0,03725662365444882;1,0;0,0;2,5076287840849485e-05
1;-3,8316999495967847;-1,8742049830496368;3,8351509973978994;1,8777200407463739;0,003451047801114715;0,0035150576967371006;0,24690444579722887;0,24690444579722887;0,24690444579722887;0,9974275201011802;-0,05927818750161767;0,9985136516935869;-0,03725662365444882;2,469044457972289e-05
2;-5,730730613331492;-2,8181372055039207;5,753887964002615;2,834103394517001;0,023157350671123567;0,015966189013080445;0,37031234002801355;0,37031234002801366;0,37031234002801366;0,995661425197316;-0,03670059495213707;1,0;0,0;3,703123400280137e-05
3;-5,649196689428564;-2,773598791525575;5,671730613365711;2,7891372054564822;0,02253392393714737;0,015538413930907158;0,36650018929417655;0,36650018929417644;0,36650018929417655;0,9913959955929779;-0,07311410182609483;0,995661425197316;-0,03670059495213707;3,6650018929417654e-05
4;2,245789573462446;1,1026573527100823;-2,2369299846680795;-1,0936362707753353;0,008859588794366324;0,009021081934746933;0,1444463458146108;0,14444634581461083;0,14444634581461083;1,0;0,0;0,9952335707597764;-0,09648368483664636;1,4444634581461083e-05
5;-5,348235214010997;-2,6249734479952043;5,362173359942618;2,6345827064983487;0,013938145931621015;0,009609258503144424;0,34792800836755383;0,34792800836755383;0,34792800836755383;0,9886170576662278;-0,09694634403228673;0,9913959955929779;-0,07311410182609483;3,4792800836755385e-05
6;-2,201042259347658;-1,0688846386393556;2,215529448202671;1,0836359008817218;0,014487188855012878;0,014751262242366225;0,14307622171820814;0,14307622171820814;0,14307622171820814;0,9873706565283445;-0,25772512190837715;0,9952335707597764;-0,09648368483664636;1,4307622171820815e-05
7;-3,8227559833874016;-1,8652000844516186;3,8315999495969484;1,8742049830487668;0,00884396620954675;0,009004898597148259;0,2468992461061517;0,24689924610615174;0,24689924610615174;0,9946450262635217;-0,11589410795900187;0,9974275201011802;-0,05927818750161767;2,4689924610615174e-05
8;-2,9955144985769167;-1,482262783681872;2,9970266515515505;1,4840467215476565;0,001512152974633807;0,0017839378657844573;0,1930851575673857;0,1930851575673857;0,1930851575673857;0,9993581350398957;-0,01590306207048332;1,0;0,0;1,9308515756738572e-05
9;-3,7728633134675413;-1,834276276301395;3,7855553006040474;1,8471996137757014;0,0126919871365061;0,012923337474306518;0,2445004070423645;0,24450040704236448;0,2445004070423645;0,990614336606933;-0,19850252675213792;0,9946450262635217;-0,11589410795900187;2,445004070423645e-05
10;-2,962435226833424;-1,4486829330952018;2,9954144985765847;1,4822627836814872;0,03297927174316051;0,03357985058628543;0,19307997962096107;0,19307997962096107;0,19307997962096107;0,9860770813103341;-0,28468535303003306;0,9993581350398957;-0,01590306207048332;1,930799796209611e-05
11;2,962335226871981;1,4486829330636315;-2,933948518821989;-1,419778435712645;0,028386708049992215;0,028904497350986436;0,19307471984653138;0,19307471984653138;0,19307471984653138;0,9860770813103341;-0,28468535303003306;0,9746628381138132;-0,5219105896412322;1,930747198465314e-05
12;-3,6376535566261765;-1,7638972717438601;3,646863313468011;1,773276276300582;0,009209756841834338;0,009379004556721915;0,2363415571715068;0,23634155717150682;0,23634155717150682;0,9875897110564437;-0,260965912861547;0,990614336606933;-0,19850252675213792;2,3634155717150682e-05
13;3,826666129824389;1,8789100469712139;-3,805675533312403;-1,8644383482677547;0,02099059651198587;0,014471698703459213;0,24612785724601577;0,24612785724601574;0,24612785724601577;1,0;0,0;0,9940844114319208;-0,05054933269799014;2,4612785724601573e-05
14;3,5474525156673384;1,736631772879629;-3,5290087546531805;-1,7239156704300265;0,0184437610141579;0,012716102449602529;0,23035484635565637;0,23035484635565642;0,23035484635565642;0,9899394303229073;-0,086301600930108;0,9843866122527943;-0,1346110166362057;2,3035484635565642e-05
15;3,6796755333283606;1,8034383482458698;-3,665452515613584;-1,7936317729493367;0,014223017714776631;0,00980657529653306;0,23799756795554558;0,23799756795554564;0,23799756795554564;0,9940844114319208;-0,05054933269799014;0,9899394303229073;-0,086301600930108;2,3799756795554562e-05
16;3,4030087547872774;1,6629156702639325;-3,38596439940245;-1,6511639033009553;0,01704435538482718;0,011751766962977195;0,22214442102711832;0,2221444210271183;0,22214442102711832;0,9843866122527943;-0,1346110166362057;0,9790659534600411;-0,1813851573830753;2,2214442102711832e-05
17;2,9033328135058696;1,4270544560567657;-2,8626322633712937;-1,3989924372144609;0,04070055013457585;0,02806201884230486;0,18677817365823182;0,18677817365823182;0,18677817365823182;1,0;0,0;0,9848854039316474;-0,13002338754894432;1,867781736582318e-05
18;2,8415321920876826;1,3889923762108851;-2,8063638214255873;-1,364744444155896;0,03516837066209533;0,024247932054989096;0,18540948146739022;0,18540948146739022;0,18540948146739022;0,9848854039316474;-0,13002338754894432;0,9717328761907134;-0,2464299972912539;1,8540948146739024e-05
19;-3,0684141311708664;-1,499028042701423;3,07829868137196;1,5073723225592746;0,009884550201093578;0,008344279857851467;0,20439106562979206;0,20439106562979206;0,20439106562979206;0,964647503719622;-0,36229133414456904;0,968191293180713;-0,3094920685227206;2,0439106562979207e-05
20;-3,419078493178434;-1,674853385710857;3,4292778478254364;1,6834638497907726;0,010199354647002501;0,008610464079915614;0,2264311671968411;0,22643116719684114;0,22643116719684114;0,9707686591299104;-0,27129302968451374;0,974070285260277;-0,2226129705065586;2,2643116719684112e-05
21;-3,01374989089822;-1,469330210569534;3,0193134493676554;1,4740275717543685;0,00556355846943557;0,0046973611848344365;0,2010937976024721;0,2010937976024721;0,2010937976024721;0,9626205770974026;-0,39271589299735216;0,964647503719622;-0,36229133414456904;2,010937976024721e-05
22;1,1567174355575673;0,5619521551418529;-1,1509690427105517;-0,5579888583099898;0,005748392847015671;0,003963296831863139;0,07424700780483677;0,07424700780483678;0,07424700780483678;1,0;0,0;0,9946329845382418;-0,04716600423812348;7,424700780483679e-06
23;1,888269246414751;0,9143885065694803;-1,875720533713851;-0,9057365897415;0,012548712700900078;0,008651916827980388;0,12112895453334155;0,12112895453334153;0,12112895453334155;1,0;0,0;0,9928200258085664;-0,06375539282837367;1,2112895453334155e-05
24;1,8536199164922182;0,8957361641979911;-1,8511054092851387;-0,8940024957542588;0,002514507207079575;0,0017336684437322392;0,11971873879949907;0,11971873879949906;0,11971873879949907;0,9928200258085664;-0,06375539282837367;0,9913644423965967;-0,07676904973185739;1,1971873879949907e-05
25;-3,285407822223376;-1,607378625225408;3,293078493555683;1,6138533853806976;0,007670671332307144;0,006474760155289472;0,2181056046368463;0,21810560463684625;0,2181056046368463;0,968191293180713;-0,3094920685227206;0,9707686591299104;-0,27129302968451374;2,181056046368463e-05
26;-1,8346649962841337;-0,8856305866673838;1,8381054092856917;0,8880024957542351;0,0034404130015579515;0,002371909086851254;0,11888502708678503;0,118885027086785;0,11888502708678503;0,9893589850983965;-0,09474444038751123;0,9913644423965967;-0,07676904973185739;1,1888502708678503e-05
27;-2,8822123361887235;-1,404512626441617;2,887749891736204;1,4083302089926562;0,005537555547480366;0,003817582551039145;0,19269770349386323;0,19269770349386325;0,19269770349386325;0,9606280060398675;-0,41065650423311917;0,9626205770974026;-0,39271589299735216;1,9269770349386326e-05
28;-2,871119162543433;-1,3969335838068517;2,882112337205613;1,4045126252904345;0,010993174662179861;0,0075790414835827935;0,19269230075140711;0,19269230075140714;0,19269230075140714;0,9566724610964608;-0,4464973388301313;0,9606280060398675;-0,41065650423311917;1,9269230075140717e-05
29;0,7140000017264009;0,34600998725555726;-0,7135453795131631;-0,345626203612035;0,0004546222132377764;0,0003837836435222619;0,046205822038158935;0,046205822038158935;0,046205822038158935;0,9913957732915295;-0,07580800618584708;0,9906754661255815;-0,08643881267524282;4,620582203815894e-06
30;0,6725453795131419;0,32562620361188843;-0,672080068117365;-0,32523337133559066;0,0004653113957768795;0,00039283227629777207;0,04354728793780402;0,04354728793780402;0,04354728793780402;0,9906754661255815;-0,08643881267524282;0,9898932727789496;-0,0980107484844022;4,354728793780402e-06
31;1,0249690427105307;0,4969888583098;-1,023578746240894;-0,4960303407060166;0,0013902964696366205;0,0009585176037834042;0,0661211121869941;0,06612111218699411;0,06612111218699411;0,9946329845382418;-0,04716600423812348;0,9931755206631511;-0,06005604856397798;6,612111218699412e-06
32;0,6053770798184616;0,29325996880378286;-0,6050217097388527;-0,2930149690042401;0,00035537007960884104;0,0002449997995427333;0,03928369399508204;0,039283693995082025;0,03928369399508204;0,9886170576662278;-0,09694634403228673;0,9879900444339897;-0,10253424741848295;3,928369399508204e-06
33;3,286857947606613;1,6031591135169956;-3,276761199503752;-1,5961972822287163;0,010096748102860875;0,006961831288279319;0,21565068751705976;0,21565068751705982;0,21565068751705982;0,9790659534600411;-0,1813851573830753;0,9758194357596995;-0,21016738770213372;2,156506875170598e-05
34;2,786574841184464;1,3590687927214473;-2,7856895676728306;-1,358458085224824;0,0008852735116335886;0,0006107074966232862;0,1834333556286383;0,1834333556286383;0,1834333556286383;0,9758194357596995;-0,21016738770213372;0,9754847375749175;-0,21314067704518563;1,834333556286383e-05
35;2,7855895676875257;1,3584580852108308;-2,7854785364011745;-1,3583813726857157;0,0001110312863512597;7,671252511509685e-05;0,18342803588550424;0,18342803588550421;0,18342803588550424;0,9754847375749175;-0,21314067704518563;0,9754427423035044;-0,21351565872276987;1,8342803588550423e-05
36;2,776478536419617;1,3543813726460199;-2,7737293848984015;-1,3524857519327407;0,002749151521215687;0,0018956207132792002;0,18284546502169552;0,18284546502169552;0,18284546502169552;0,9754427423035044;-0,21351565872276987;0,9744001404119369;-0,22276997331518664;1,828454650216955e-05
37;2,3165412640241922;1,1242682681214526;-2,3131123394508926;-1,121903914500133;0,0034289245732996854;0,0023643536213195926;0,1505326820913319;0,1505326820913319;0,1505326820913319;0,9875897110564437;-0,260965912861547;0,9860106598926005;-0,2750055861133439;1,5053268209133188e-05
38;1,1165396049066771;0,543121263032873;-1,1130460913399185;-0,5407126025162569;0,0034935135667586437;0,0024086605166161457;0,07168545635119168;0,07168545635119167;0,07168545635119168;1,0;0,0;0,9966213693385275;-0,029533450032944133;7,168545635119169e-06
39;2,7307290927684553;1,3314855500362035;-2,713318636645436;-1,3194819591815383;0,01741045612301928;0,01200359085466518;0,18001000924990315;0,18001000924990318;0,18001000924990318;0,9744001404119369;-0,22276997331518664;0,9676941301212073;-0,2827571503591569;1,800100092499032e-05
40;0,9055739691662517;0,4390263077794534;-0,9048984539594004;-0,4385605626847161;0,0006755152068512738;0,000465745094737291;0,05850284609072956;0,05850284609072956;0,05850284609072956;0,9931755206631511;-0,06005604856397798;0,9923751466219336;-0,06714434398150057;5,850284609072956e-06
41;0,9047984539535957;0,43856056268597826;-0,90476847749234;-0,4385398255449725;2,9976461255687425e-05;2,073714100575552e-05;0,05849761074584694;0,05849761074584694;0,05849761074584694;0,9923751466219336;-0,06714434398150057;0,9923395965347063;-0,06746265377346658;5,8497610745846945e-06
42;1,1129460913399567;0,5407126025163289;-1,112585553837078;-0,5404639719083153;0,0003605375028787883;0,00024863060801361136;0,07168024564334066;0,07168024564334065;0,07168024564334066;0,9966213693385275;-0,029533450032944133;0,9962726575536136;-0,03259444766106532;7,168024564334067e-06
43;1,1124855538372644;0,5404639719081571;-1,1108919601620457;-0,5391185103235674;0,0015935936752187185;0,0013454615845897022;0,07167503306581599;0,07167503306581598;0,07167503306581599;0,9962726575536136;-0,03259444766106532;0,9946445396886651;-0,05643702558872113;7,167503306581599e-06
44;1,1107919601623608;0,5391185103238606;-1,1101572352198188;-0,5385827155617295;0,0006347249425420198;0,0005357947621310588;0,07166981099047916;0,07166981099047914;0,07166981099047916;0,9946445396886651;-0,05643702558872113;0,9939960938769619;-0,06595042964423994;7,166981099047916e-06
45;2,690218573745047;1,3084819148463755;-2,679215696838246;-1,3008956352592838;0,011002876906800907;0,007586279587091793;0,178483571415846;0,17848357141584603;0,17848357141584603;0,9676941301212073;-0,2827571503591569;0,9634203526478167;-0,321415845819673;1,7848357141584606e-05
46;2,263112339450966;1,0979039144995293;-2,2598297654238113;-1,0956404742801709;0,0032825740271547055;0,0022634402193584258;0,14728519637717544;0,14728519637717544;0,14728519637717544;0,9860106598926005;-0,2750055861133439;0,9844657102640623;-0,2887778964979191;1,4728519637717545e-05
47;0,8727684774927713;0,4235398255407067;-0,8720000017258669;-0,42300998725545386;0,0007684757669044195;0,0005298382852528261;0,05644161475133913;0,05644161475133913;0,05644161475133913;0,9923395965347063;-0,06746265377346658;0,9913957732915295;-0,07580800618584708;5,644161475133913e-06
48;1,4015615284424143;0,6819049892266094;-1,3960563350516142;-0,6781093428942382;0,005505193390800134;0,003795646332371172;0,08998831650723664;0,08998831650723664;0,08998831650723664;1,0;0,0;0,9957587216625474;-0,037086422267292946;8,998831650723664e-06
49;1,004157235219578;0,487582715561729;-1,0033615649254615;-0,4869108918722761;0,000795670294116535;0,0006718236894528995;0,064837413417473;0,064837413417473;0,064837413417473;0,9939960938769619;-0,06595042964423994;0,9930974666602299;-0,07914340924797833;6,4837413417473e-06
50;2,6791156972642467;1,3008956347988228;-2,673527150634834;-1,2970425192020731;0,005588546629412772;0,0038531155967496122;0,1784781806046967;0,17847818060469664;0,1784781806046967;0,9634203526478167;-0,321415845819673;0,9612497395031631;-0,34118013529801405;1,784781806046967e-05
51;1,3959563350511321;0,6781093428937515;-1,395388171473753;-0,6777175310723268;0,0005681635773790994;0,0003918118214246702;0,08998310114644727;0,08998310114644727;0,08998310114644727;0,9957587216625474;-0,037086422267292946;0,9953209740642379;-0,04093416034118587;8,998310114644728e-06
52;-2,8148417381360815;-1,3691221571435448;2,8160171809705155;1,3699322161980863;0,0011754428344339374;0,0008100590545414565;0,18898912542801333;0,18898912542801335;0,18898912542801335;0,9562412980447502;-0,45041864681382626;0,9566724610964608;-0,4464973388301313;1,8898912542801334e-05
53;1,7728103129209554;0,8580626657905538;-1,7705223661770726;-0,8553639258244067;0,002287946743882774;0,0026987399661471123;0,11666807093694778;0,11666807093694781;0,11666807093694781;0,9746628381138132;-0,5219105896412322;0,9730621331988908;-0,563648331031941;1,166680709369478e-05
54;-2,6131838163977097;-1,2632589187726524;2,6375271516677516;1,2800425182482873;0,024343335270041955;0,016783599475634903;0,17608710425340368;0,17608710425340368;0,17608710425340368;0,9516675219364454;-0,4294308357024705;0,9612497395031631;-0,34118013529801405;1,760871042534037e-05
55;0,3440676218023956;0,16622286338165182;-0,3439875292813279;-0,16615525784340357;8,009252106766507e-05;6,760553824824989e-05;0,022286718131457325;0,022286718131457328;0,022286718131457328;0,9898932727789496;-0,0980107484844022;0,9896302652484475;-0,10191528153583725;2,228671813145733e-06
56;0,34388752928222627;0,1661552578436469;-0,34384794126814433;-0,16612183590850776;3,958801408193713e-05;3,342193513913849e-05;0,022281465010070334;0,022281465010070337;0,022281465010070337;0,9896302652484475;-0,10191528153583725;0,9895002267952255;-0,10384637908836551;2,2281465010070337e-06
57;0,31474787941332766;0,15212178369431809;-0,3146436093353608;-0,15203375198975747;0,0001042700779668726;8,803170456062048e-05;0,020397267257125828;0,02039726725712583;0,02039726725712583;0,9895002267952255;-0,10384637908836551;0,9891260709731515;-0,10940239051069515;2,039726725712583e-06
58;-0,20200000000102247;-0,09799999999267678;0,2020217097377393;0,09801496901884985;2,170973671683507e-05;1,4969026173067279e-05;0,013121604876226926;0,013121604876226926;0,013121604876226926;0,9878753526827431;-0,10355277407454698;0,9879900444339897;-0,10253424741848295;1,3121604876226927e-06
59;0,8881356157666992;0,4311313241384752;-0,8875947499054683;-0,43049338235279777;0,0005408658612309214;0,0006379417856774428;0,05772786889164638;0,05772786889164638;0,05772786889164638;0,9873706565283445;-0,25772512190837715;0,9866054634554653;-0,277339076795141;5,772786889164638e-06
60;4,424858134302793;2,1777134790534847;-4,4081228960031495;-2,166174252288362;0,01673523829964374;0,011539226765122645;0,2880110687295684;0,28801106872956833;0,2880110687295684;0,9886170576662278;-0,09694634403228673;0,9845858247124655;-0,13151614202458284;2,880110687295684e-05
61;-0,001200000037390358;-2,60792820275062e-11;0,0012000036600256767;3,084426822144644e-09;3,62263531867614e-09;3,058347540117138e-09;7,280089108609064e-05;7,280089108609064e-05;7,280089108609064e-05;0,9516646489884173;-0,4295768605919427;0,9516675219364454;-0,4294308357024705;7,280089108609063e-09
62;-2,4104689029256465;-1,1711097130851884;2,4129421813495258;1,1728148184549818;0,0024732784238792327;0,0017051053697934027;0,16289406096582268;0,16289406096582268;0,16289406096582268;0,9498445562091604;-0,5089605357423913;0,9508971466035204;-0,49928915178297123;1,6289406096582268e-05
63;3,520042089846223;1,7294367422451895;-3,5113778477788413;-1,723463849519044;0,0086642420673817;0,00597289272614554;0,23184420285303897;0,231844202853039;0,231844202853039;0,9766626116211845;-0,20005228217529947;0,974070285260277;-0,2226129705065586;2,31844202853039e-05
64;1,0393680321440029;0,505701313106726;-1,0379735688183018;-0,5045239760822219;0,0013944633257010342;0,001177337024504066;0,0670475096838621;0,0670475096838621;0,0670475096838621;0,9953209740642379;-0,04093416034118587;0,9937977377310367;-0,06320453287152052;6,7047509683862095e-06
65;-2,349390755291619;-1,1412983481181305;2,3534689036139946;1,144109712604652;0,004078148322375519;0,002811364486521528;0,1590605430588805;0,15906054305888048;0,1590605430588805;0,9480671491617855;-0,5253119463773618;0,9498445562091604;-0,5089605357423913;1,5906054305888054e-05
66;0,5798138432005117;0,2814921517524164;-0,579455606539983;-0,28124517427121914;0,00035823666052869907;0,0002469774811972303;0,03768806695837002;0,037688066958370035;0,037688066958370035;0,9873706565283445;-0,25772512190837715;0,98671173753668;-0,26357141620930136;3,7688066958370037e-06
67;0,8013615649254457;0,38891089187245936;-0,8009855416797926;-0,3885934362183413;0,00037602324565311207;0,00031745565411805954;0,05178480741573041;0,05178480741573042;0,05178480741573042;0,9930974666602299;-0,07914340924797833;0,9925657852462346;-0,08695790582524582;5,178480741573042e-06
68;0,8008855416797914;0,38859343621799963;-0,800568391487109;-0,38832567233480425;0,00031715019268241385;0,00026776388319538214;0,05177957409573685;0,05177957409573685;0,05177957409573685;0,9925657852462346;-0,08695790582524582;0,9921173057579379;-0,09355547988337803;5,1779574095736855e-06
69;4,196122853755112;2,0631742228286307;-4,1852405095650775;-2,0556727354139053;0,01088234419003431;0,0075014874147254496;0,27419020905730584;0,27419020905730584;0,27419020905730584;0,9845858247124655;-0,13151614202458284;0,9818326282537223;-0,1552327858468212;2,7419020905730587e-05
70;0,782468376421327;0,3793256619701434;-0,7824504003521908;-0,3793105282709132;1,79760691362274e-05;1,5133699230174269e-05;0,05060329642572724;0,05060329642572724;0,05060329642572724;0,9921173057579379;-0,09355547988337803;0,9920913184541357;-0,093936089605315;5,060329642572724e-06
71;-0,5200515261409875;-0,2520355220446219;0,5205883721624326;0,2524056825756778;0,0005368460214451032;0,0003701605310559297;0,033822384271064355;0,033822384271064355;0,033822384271064355;0,9864894698415844;-0,27076773716666086;0,9875897110564437;-0,260965912861547;3,3822384271064353e-06
72;0,9229735688180111;0,44852397608205047;-0,9223351048214129;-0,44798499219714677;0,0006384639965981709;0,0005389838849036988;0,05961652844850133;0,05961652844850133;0,05961652844850133;0,9937977377310367;-0,06320453287152052;0,9930134880262634;-0,0746994572868146;5,961652844850133e-06
73;-1,7286124485993553;-0,8369725319703271;1,7318417838332643;0,8391989053494108;0,003229335233909003;0,0022263733790837126;0,11842092664408266;0,11842092664408269;0,11842092664408269;0,9363605592310177;-0,6342379649319888;0,9382506975626872;-0,6164779752645714;1,1842092664408267e-05
74;0,0;0,0;0,0;0,0;0,0;0,0;;;;;;;;
75;-0,00010000000003200006;-4,662460427387328e-14;0,0001000000317729601;2,1930436592792228e-11;3,1740960039364566e-11;2,1883811988518355e-11;5,846055767564726e-06;5,846055767564726e-06;5,846055767564726e-06;0,9875893975860639;-0,2609784513582207;0,9875897110564437;-0,260965912861547;5,846055767564726e-10
76;1,6387185205924415;0,7923611459594179;-1,6369279705747084;-0,7911266217337855;0,0017905500177330946;0,0012345242256324163;0,10800028281788437;0,10800028281788439;0,10800028281788439;0,9730621331988908;-0,563648331031941;0,971913119713693;-0,5741104228497792;1,0800028281788439e-05
77;0,5184128423667057;0,25143691586881667;-0,5182481163966001;-0,2512425869707499;0,00016472597010563916;0,00019432889806675346;0,033716838382558026;0,03371683838255803;0,03371683838255803;0,9866054634554653;-0,277339076795141;0,9862064725484074;-0,2875821370905418;3,3716838382558034e-06
78;4,05924050973351;1,994672735211528;-4,051949256298562;-1,9896456748543143;0,007291253434947187;0,005027060357213786;0,2659585105354146;0,2659585105354146;0,2659585105354146;0,9818326282537223;-0,1552327858468212;0,9799308241241617;-0,1716846411042646;2,6595851053541457e-05
79;-0,8040744924761563;-0,39076493577269905;0,8043351048213395;0,3909849921973746;0,00026061234518326426;0,00022005642467554098;0,051997384875159494;0,05199738487515949;0,051997384875159494;0,9926464207576714;-0,08008152741631602;0,9930134880262634;-0,0746994572868146;5,199738487515949e-06
80;-0,9311466201335991;-0,45079051338733245;0,9315667695268978;0,45108022966195394;0,0004201493932987077;0,00028971627462148763;0,060700505558565356;0,060700505558565356;0,060700505558565356;0,9839859434994798;-0,29307836401363907;0,9844657102640623;-0,2887778964979191;6,070050555856536e-06
81;0,4362481163968979;0,211242586970429;-0,4361569540512974;-0,21114975790467855;9,116234560052616e-05;9,282906575044936e-05;0,02837567296942212;0,028375672969422124;0,028375672969422124;0,9862064725484074;-0,2875821370905418;0,9859572178571695;-0,2927632129534882;2,8375672969422125e-06
82;0,580450400356873;0,2813105282714345;-0,5803345333183076;-0,28123063454546277;0,00011586703856536484;7,989372597172473e-05;0,03753745360013436;0,037537453600134364;0,037537453600134364;0,9920913184541357;-0,093936089605315;0,9918773577020358;-0,09583411824565018;3,753745360013437e-06
83;0,9995017246129866;0,48321334860301185;-0,9990247403569498;-0,4828106677432078;0,0004769842560368165;0,0004026808598040499;0,06735151725271044;0,06735151725271044;0,06735151725271044;0,9516675219364454;-0,4294308357024705;0,9511491693084981;-0,43743081180170795;6,735151725271044e-06
84;0,3991569540511246;0,193149757905164;-0,39908061576820925;-0,1930720239302716;7,633828291536693e-05;7,77339748924133e-05;0,025966272968588257;0,025966272968588253;0,025966272968588257;0,9859572178571695;-0,2927632129534882;0,9857291491860433;-0,2975090175236381;2,5966272968588255e-06
85;-1,5541241361192777;-0,7516365217551174;1,5574944802780735;0,7539601433638364;0,0033703441587957794;0,0023236216087190176;0,10669398185857956;0,10669398185857956;0,10669398185857956;0,9341712008512972;-0,654912681142989;0,9363605592310177;-0,6342379649319888;1,0669398185857958e-05
86;-0,7235750003327077;-0,3513432447097788;0,7240744924764332;0,3517649357730531;0,0004994921437254662;0,00042169106327433203;0,04682090613576466;0,04682090613576465;0,04682090613576466;0,9918652095360045;-0,09155213623991357;0,9926464207576714;-0,08008152741631602;4,682090613576466e-06
87;0,6603955190106081;0,3192726647313767;-0,6602000608037514;-0,3191379233292032;0,00019545820685673565;0,0001347414021735105;0,04450085741426633;0,04450085741426634;0,04450085741426634;0,9516675219364454;-0,4294308357024705;0,9513631298518582;-0,4322619532182906;4,450085741426634e-06
88;0,00010000000586684751;4,6731562009858455e-12;-0,00010000000001743239;2,645933159852327e-13;5,849415122736144e-12;4,937749516971078e-12;5,927193466410025e-06;5,927193466410027e-06;5,927193466410027e-06;0,974070285260277;-0,2226129705065586;0,9740702282828645;-0,2226157996284776;5,927193466410026e-10
89;1,723197325187451;0,8378546304158134;-1,6989271117413627;-0,8211212687508908;0,024270213446088373;0,016733361664922675;0,11512574816274243;0,1151257481627424;0,11512574816274243;0,9609113320202585;-0,3438299707859521;0,9462983929397346;-0,4785285431881008;1,1512574816274243e-05
90;0,8750865703119285;0,42377290191825;-0,8747511900947619;-0,4234897128335402;0,00033538021716661426;0,00028318908470981174;0,058986513970940305;0,058986513970940305;0,058986513970940305;0,9516675219364454;-0,4294308357024705;0,9512512744216713;-0,43583922629748323;5,8986513970940305e-06
91;1,1113014335765117;0,5373799243489362;-1,1098505686783537;-0,5363795747957641;0,001450864898157933;0,0010003495531720752;0,07203522272082996;0,07203522272082996;0,07203522272082996;0,9893589850983965;-0,09474444038751123;0,9879631014742793;-0,10724664829864579;7,203522272082996e-06
92;1,0852621874454014;0,5265596871837874;-1,0845433451982325;-0,5260640943980933;0,0007188422471688938;0,00049559278569411;0,07074228740895733;0,07074228740895731;0,07074228740895733;0,9844657102640623;-0,2887778964979191;0,9837613331933688;-0,2950565045839704;7,074228740895732e-06
93;0,3210806157670452;0,15507202392981909;-0,3210423950449413;-0,15503975679503368;3,822072210390992e-05;3,226713478540755e-05;0,020884449791919193;0,02088444979191919;0,020884449791919193;0,9857291491860433;-0,2975090175236381;0,9855952099409045;-0,29950719812899007;2,088444979191919e-06
94;3,8499492565374918;1,8916456745886303;-3,838042089510251;-1,883436742573068;0,011907167027240817;0,008208932015562276;0,25273068299907436;0,25273068299907436;0,25273068299907436;0,9799308241241617;-0,1716846411042646;0,9766626116211845;-0,20005228217529947;2,5273068299907437e-05
95;-0,20200000000011678;-0,09799999999996939;0,20205152614104235;0,09803552204481991;5,152614092557295e-05;3,552204485052224e-05;0,013143659560714805;0,013143659560714801;0,013143659560714805;0,9862177261306102;-0,27318344585104115;0,9864894698415844;-0,27076773716666086;1,3143659560714805e-06
96;0,4543345333192915;0,2202306345455665;-0,4541545788682439;-0,22010657091538416;0,00017995445104762586;0,00012406363018233058;0,029388982085931607;0,029388982085931607;0,029388982085931607;0,9918773577020358;-0,09583411824565018;0,9914529305920596;-0,09959704319591049;2,9388982085931604e-06
97;1,389927970594829;0,6721266217313416;-1,384855153643575;-0,6686291714530557;0,0050728169512541665;0,003497450278285963;0,09171355587182331;0,09171355587182331;0,09171355587182331;0,971913119713693;-0,5741104228497792;0,9680798924818103;-0,6091413173218305;9,171355587182331e-06
98;1,3847551536680625;0,6686291714293093;-1,3837406081724413;-0,6679297632935566;0,0010145454956211886;0,0006994081357527548;0,09170818525529018;0,09170818525529018;0,09170818525529018;0,9680798924818103;-0,6091413173218305;0,9673132749761331;-0,6161774796873951;9,170818525529017e-06
99;-0,25315312259640055;-0,1231055705967289;0,2532901379338569;0,12320003221569985;0,00013701533745635874;9,446161897094796e-05;0,017007203173895823;0,01700720317389582;0,017007203173895823;0,9556145981572379;-0,456142259886597;0,9561731341126556;-0,45105067609146177;1,7007203173895824e-06
100;-0,5127098578842684;-0,24842045996503376;0,51284732667235;0,24851522830140838;0,00013746878808162943;9,476833637461768e-05;0,03375781960516771;0,033757819605167716;0,033757819605167716;0,9743805831826574;-0,5244585618069297;0,9746628381138132;-0,5219105896412322;3,3757819605167716e-06
101;-0,24805243128869414;-0,12003614869211329;0,24815312260609293;0,1201055706030427;0,00010069131739878778;6,942191092940142e-05;0,016656302287841963;0,016656302287841963;0,016656302287841963;0,9551956074668964;-0,460013922816261;0,9556145981572379;-0,456142259886597;1,6656302287841964e-06
102;-2,5340487318963536;-1,2308193362323627;2,5472337216586336;1,2399097994841228;0,013184989762279997;0,009090463251760106;0,17104697274359257;0,17104697274359254;0,17104697274359257;0,9508971466035204;-0,49928915178297123;0,9562412980447502;-0,45041864681382626;1,7104697274359255e-05
103;2,0465181124485374;0,9977267945751777;-2,0456150629370278;-0,9971042668268175;0,0009030495115096571;0,0006225277483601355;0,1352733366675579;0,13527333666755792;0,13527333666755792;0,9717328761907134;-0,2464299972912539;0,9712700000103794;-0,2505549544898229;1,3527333666755791e-05
104;-0,7286710482578335;-0,35246266831251793;0,7291466201338941;0,3527905133875224;0,0004755718760606209;0,0003278450750044404;0,04752704059810858;0,047527040598108576;0,04752704059810858;0,9832924483975138;-0,2993064453429744;0,9839859434994798;-0,29307836401363907;4,7527040598108585e-06
105;0,37315457886842907;0,18110657091551224;-0,3730330253868974;-0,18102276989757507;0,00012155348153164436;8,380101793717398e-05;0,024153882473607547;0,024153882473607544;0,024153882473607547;0,9914529305920596;-0,09959704319591049;0,9911040806898369;-0,10268085297409907;2,4153882473607547e-06
106;-0,44854713957154896;-0,21730828017233272;0,4487098578839;0,2174204599679735;0,00016271831235104006;0,00011217979564076552;0,029544181578041003;0,029544181578041003;0,029544181578041003;0,9739988334658725;-0,5279071451253319;0,9743805831826574;-0,5244585618069297;2,9544181578041004e-06
107;0,2675080176946797;0,12921235635418052;-0,26749037409185383;-0,12920019500868785;1,764360282585642e-05;1,2161345492672782e-05;0,017936797839547023;0,017936797839547023;0,017936797839547023;0,9562412980447502;-0,45041864681382626;0,9561731341126556;-0,45105067609146177;1,7936797839547024e-06
108;0,1990423950456256;0,09603975679523577;-0,1990103719610685;-0,0960071504671854;3,2023084557103454e-05;3,2606328050369116e-05;0,012945991849298332;0,012945991849298332;0,012945991849298332;0,9855952099409045;-0,29950719812899007;0,9854033974123436;-0,3035135755435318;1,294599184929833e-06
109;0,3372552979875925;0,16310707033268793;-0,33718393775206945;-0,16305786732331923;7,136023552306581e-05;4,9203009368697925e-05;0,023001404671621165;0,02300140467162116;0,023001404671621165;0,9403370921098161;-0,5346790282387662;0,9401220706836335;-0,5367022099970453;2,3001404671621163e-06
110;0,5777955716673113;0,2811941283146713;-0,5768357682178726;-0,2805323760047984;0,0009598034494386898;0,000661752309872865;0,03757430795229527;0,03757430795229527;0,03757430795229527;0,9873706565283445;-0,25772512190837715;0,9855996458012513;-0,27335881824195046;3,757430795229527e-06
111;0,0;0,0;0,0;0,0;0,0;0,0;;;;;;;;
112;1,9776150630597413;0,9641042667114038;-1,972551226390941;-0,9606130979309278;0,005063836668800281;0,0034911687804760616;0,1307803944181149;0,1307803944181149;0,1307803944181149;0,9712700000103794;-0,2505549544898229;0,9685852652782825;-0,27455684795396246;1,307803944181149e-05
113;1,9724512267397265;0,9606130975255085;-1,9643874109094237;-0,9550535436451775;0,0080638158303028;0,005559553880331025;0,13077503539155672;0,13077503539155672;0,13077503539155672;0,9685852652782825;-0,27455684795396246;0,9643101526246807;-0,3130530745758013;1,3077503539155671e-05
114;0,3883802025896858;0,18819318131690085;-0,3881917379103174;-0,18806324782025252;0,00018846467936839417;0,00012993349664833231;0,025230030942073958;0,025230030942073954;0,025230030942073958;0,9875897110564437;-0,260965912861547;0,987071949587306;-0,2655813299987602;2,5230030942073954e-06
115;0,5173259091125516;0,2498661030271444;-0,5172136016201198;-0,2497712725799089;0,00011230749243185123;9,483044723551659e-05;0,03413409360777251;0,03413409360777251;0,03413409360777251;0,9717328761907134;-0,2464299972912539;0,9714920655903864;-0,25007571935433925;3,413409360777251e-06
116;0,5171136016234262;0,2497712725763974;-0,5169553791254509;-0,24963771992903389;0,0001582224979753688;0,00013355264736350514;0,03412874212854752;0,034128742128547516;0,03412874212854752;0,9714920655903864;-0,25007571935433925;0,9711527855871376;-0,2552100116669957;3,4128742128547524e-06
117;0,5168553791310874;0,24963771992410075;-0,5166207048144974;-0,24943958465710203;0,00023467431658996674;0,00019813526699871686;0,03412338874397317;0,03412338874397317;0,03412338874397317;0,9711527855871376;-0,2552100116669957;0,9706494563297831;-0,2628353006669977;3,412338874397317e-06
118;-0,12600057191916247;-0,06100039383849284;0,12605243122932688;0,06103614909474847;5,185931016440937e-05;3,5755256255633194e-05;0,00846519724549931;0,008465197245499313;0,008465197245499313;0,954770993425309;-0,4639350007136018;0,9551956074668964;-0,460013922816261;8,465197245499313e-07
119;-0,38446272405814175;-0,18625007850839612;0,38454713957184306;0,18630828017584544;8,441551370130806e-05;5,8201667449325756e-05;0,025328892034738197;0,025328892034738197;0,025328892034738197;0,9737678256232469;-0,5299956540518401;0,9739988334658725;-0,5279071451253319;2,53288920347382e-06
120;0,9234943451751589;0,44682346656951016;-0,9230215812640296;-0,4464974923095881;0,0004727639111293813;0,0003259742599220905;0,06123247813225044;0,06123247813225043;0,06123247813225044;0,9673132749761331;-0,6161774796873951;0,9667781528806318;-0,6210683712160456;6,123247813225045e-06
121;-0,37738806530752256;-0,1831986102024382;0,37746272405857434;0,1832500785083112;7,465875105178155e-05;5,1468305873020315e-05;0,024877841486553833;0,024877841486553837;0,024877841486553837;0,9735597943321773;-0,5318660541250819;0,9737678256232469;-0,5299956540518401;2,4877841486553835e-06
122;0,5515717081235353;0,26734097491791553;-0,551201809011883;-0,26708594846038775;0,0003698991116523054;0,00025502645752778497;0,035678680491690797;0,035678680491690797;0,035678680491690797;0,9918652095360045;-0,09155213623991357;0,9911465871200752;-0,09792775131306752;3,5678680491690794e-06
123;-0,37714222673991754;-0,18309805619823244;0,37728806530810277;0,1831986102021047;0,00014583856818523033;0,00010055400387226632;0,02487250668864224;0,02487250668864224;0,02487250668864224;0,9731533190010526;-0,5355222277049567;0,9735597943321773;-0,5318660541250819;2,487250668864224e-06
124;1,93438741119786;0,9410535433392041;-1,9332961075312276;-0,940301126036902;0,0010913036666324594;0,000752417302302133;0,12879317928892878;0,12879317928892872;0,12879317928892878;0,9643101526246807;-0,3130530745758013;0,9637226917704949;-0,31836178346575406;1,2879317928892878e-05
125;-0,271006034146226;-0,1310041594593237;0,27109140614794874;0,13106301905283757;8,537200172276105e-05;5,885959351387138e-05;0,017612367422899962;0,017612367422899962;0,017612367422899962;0,9867360112917489;-0,2685948987136376;0,987071949587306;-0,2655813299987602;1,7612367422899964e-06
126;0,23918327764660682;0,1160574128636685;-0,23911429736174417;-0,11600985597124118;6,89802848626575e-05;4,7556892427316755e-05;0,016326652058578497;0,016326652058578493;0,016326652058578497;0,9401220706836335;-0,5367022099970453;0,9398291961274157;-0,5394342872826158;1,6326652058578495e-06
127;0,6248351677451662;0,3025068633928792;-0,6243630766274315;-0,30218137238968046;0,0004720911177347187;0,00032549100319873014;0,04235483320633997;0,04235483320633997;0,04235483320633997;0,9462983929397346;-0,4785285431881008;0,9455258517541227;-0,4857351861799172;4,2354833206339965e-06
128;0,24241980037816951;0,11715154595370167;-0,24235245714244003;-0,11710511504972397;6,734323572948897e-05;4,6430903977698335e-05;0,01599694497565757;0,01599694497565757;0,01599694497565757;0,9717328761907134;-0,2464299972912539;0,9714411263772007;-0,24909152152425604;1,599694497565757e-06
129;0,2422524571442754;0,117105115047455;-0,24216272622425294;-0,11704324858549697;8,97309200224572e-05;6,186646195802115e-05;0,015991593923538022;0,015991593923538022;0,015991593923538022;0,9714411263772007;-0,24909152152425604;0,9710522502821888;-0,2526378098953282;1,5991593923538022e-06
130;0,4143996561093153;0,20020659579120695;-0,4142552980402541;-0,20010706986662458;0,00014435806906115678;9,952592458237208e-05;0,028246538901887882;0,02824653890188789;0,02824653890188789;0,9406912665814289;-0,5313391681827601;0,9403370921098161;-0,5346790282387662;2,824653890188789e-06
131;0,5027356689046691;0,2445322921609376;-0,5026228994621182;-0,2444370896557997;0,00011276944255089738;9,520250513792017e-05;0,03274847479700832;0,03274847479700833;0,03274847479700833;0,9855996458012513;-0,27335881824195046;0,9853474501845831;-0,2770786568481768;3,274847479700833e-06
132;0,5025228994620007;0,24443708965538982;-0,502250442238117;-0,24420708828506837;0,0002724572238836931;0,00023000137032144763;0,032743205618880514;0,032743205618880514;0,032743205618880514;0,9853474501845831;-0,2770786568481768;0,9847380487397955;-0,28607131507253447;3,2743205618880514e-06
133;-0,6022305631770881;-0,2911589686127754;0,602671048257832;0,29146266831276846;0,000440485080743902;0,00030369969999305413;0,03930742638215548;0,03930742638215547;0,03930742638215548;0,9825157949762015;-0,3062982416239637;0,9832924483975138;-0,2993064453429744;3,930742638215548e-06
134;0,8575386804432907;0,41606087777451506;-0,856526553842811;-0,41536303422526943;0,001012126600479779;0,0006978435492456248;0,055938024962804464;0,05593802496280447;0,05593802496280447;0,9837613331933688;-0,2950565045839704;0,9825070864958717;-0,3062540598249108;5,593802496280447e-06
135;-0,00020000000740857441;-4,924398389315334e-12;0,00020000003808215907;2,6071284387099212e-11;3,067358465749098e-11;2,1146885997783878e-11;1,2133483779965048e-05;1,2133483779965048e-05;1,2133483779965048e-05;0,9516645030336064;-0,42958291872716053;0,9516646489884173;-0,4295768605919427;1,2133483779965048e-09
136;0,43962070481155713;0,21243958469195506;-0,4393546161156485;-0,21221494267576294;0,0002660886959086062;0,0002246420161921281;0,02904205185021415;0,029042051850214145;0,02904205185021415;0,9706494563297831;-0,2628353006669977;0,9699788803558659;-0,2729916616762766;2,904205185021415e-06
137;0,6134226080957887;0,2971876848368993;-0,6132935400444646;-0,2970987124401081;0,0001290680513241771;8,897239679117597e-05;0,039353433401324966;0,03935343340132497;0,03935343340132497;1,0;0,0;0,9997726803673762;-0,0020007473367535215;3,9353433401324975e-06
138;0,613193540044534;0,2970987124405757;-0,6127096859037239;-0,2967651192333856;0,0004838541408100916;0,0003335932071900638;0,03934823637107398;0,03934823637107398;0,03934823637107398;0,9997726803673762;-0,0020007473367535215;0,9989203551908377;-0,00951102974113792;3,934823637107398e-06
139;-0,04400000002438115;-0,02099999984953988;0,04400057187368879;0,02100039412047155;5,718493076428688e-07;3,942709316702431e-07;0,0029482265753805795;0,00294822657538058;0,00294822657538058;0,9547575613219127;-0,46406369350699334;0,954770993425309;-0,4639350007136018;2,94822657538058e-07
140;-0,6814468118273825;-0,330239104536891;0,6817161292073658;0,3304247898440205;0,0002693173799832582;0,00018568530712953502;0,04524152642769889;0,04524152642769888;0,04524152642769889;0,9663655254921337;-0,624823240618286;0,9667781528806318;-0,6210683712160456;4,524152642769888e-06
141;0,00010000000082183513;-1,033866479568136e-12;-9,999999988762859e-05;1,6777943945299911e-12;9,3420654241963e-13;6,439279149618552e-13;5,836973575739109e-06;5,836973575739108e-06;5,836973575739109e-06;0,9891260709731515;-0,10940239051069515;0,9891260617326713;-0,10940275945421947;5,836973575739109e-10
142;0,0;0,0;0,0;0,0;0,0;0,0;;;;;;;;
143;1,850296107716037;0,9003011259157592;-1,8459637775402427;-0,8973141294607657;0,004332330175794263;0,0029869964549934513;0,12327351565174165;0,12327351565174165;0,12327351565174165;0,9637226917704949;-0,31836178346575406;0,9612861558085015;-0,3404261471931531;1,2327351565174165e-05
144;1,845863777744355;0,8973141292329971;-1,8451973238190515;-0,8968546315881917;0,0006664539253034008;0,0004594976448054622;0,12326811403074524;0,12326811403074524;0,12326811403074524;0,9612861558085015;-0,3404261471931531;0,9609113320202585;-0,3438299707859521;1,2326811403074523e-05
145;-0,562924374296102;-0,27149942418300993;0,5655330166474275;0,27329799565369134;0,0026086423513255186;0,0017985714706814093;0,03832175986244278;0,03832175986244277;0,03832175986244278;0,9415810418843762;-0,522930805158635;0,9462983929397346;-0,4785285431881008;3,832175986244279e-06
146;0,48582437456194844;0,2344994243244938;-0,48539965611107616;-0,23420659541188613;0,00042471845087227456;0,00029282891260767885;0,03307802570449934;0,03307802570449934;0,03307802570449934;0,9415810418843762;-0,522930805158635;0,9406912665814289;-0,5313391681827601;3,3078025704499334e-06
147;-1,78184178030296;-0,8631989084460122;1,7990941816302108;0,8750938609342944;0,01725240132725081;0,011894952488282207;0,12183372576550962;0,1218337257655096;0,12183372576550962;0,9382506975626872;-0,6164779752645714;0,9480671491617855;-0,5253119463773618;1,218337257655096e-05
148;0,5002965766103956;0,24220448451003787;-0,5002237048155529;-0,24215423047038695;7,287179484272155e-05;5,025403965092101e-05;0,033849415619431576;0,033849415619431576;0,033849415619431576;0,9480671491617855;-0,5253119463773618;0,9479179267088277;-0,5267015462695552;3,384941561943158e-06
149;0,1651627262182833;0,08004324862838463;-0,16511898579048837;-0,0800130904536505;4,374042779492493e-05;3,0158174734132293e-05;0,010912373576752848;0,01091237357675285;0,01091237357675285;0,9710522502821888;-0,2526378098953282;0,9707744106065352;-0,2551556528152318;1,091237357675285e-06
150;0,1941743343458522;0,09405124981788102;-0,1941323940703223;-0,09402233340356214;4,194027552992252e-05;2,8916414318874706e-05;0,012624253326019358;0,012624253326019358;0,012624253326019358;0,98671173753668;-0,26357141620930136;0,9864814663374853;-0,26562779292119626;1,2624253326019357e-06
151;0,16501898579162053;0,08001309045274838;-0,16500137686980113;-0,08000094907617164;1,760892181940088e-05;1,2141376576735308e-05;0,010907021838452501;0,010907021838452501;0,010907021838452501;0,9707744106065352;-0,2551556528152318;0,9706624992577394;-0,2561687173902206;1,0907021838452501e-06
152;-0,33610149790270266;-0,1620699773529333;0,33621283929253715;0,16214674341217356;0,00011134138983448505;7,676605924025748e-05;0,02178255332595357;0,021782553325953566;0,02178255332595357;0,9890047861577145;-0,09793505540300852;0,9893589850983965;-0,09474444038751123;2,1782553325953567e-06
153;0,0;0,0;0,0;0,0;0,0;0,0;;;;;;;;
154;0,3332812721942418;0,16219392445305544;-0,33309560158609014;-0,16206591079162114;0,0001856706081516668;0,00012801366143430637;0,021687825565434422;0,02168782556543442;0,021687825565434422;0,98671173753668;-0,26357141620930136;0,9861181804325483;-0,2688085148399884;2,168782556543442e-06
155;0,0;0,0;0,0;0,0;0,0;0,0;;;;;;;;
156;-0,2610478153935764;-0,1270329658171679;0,26114222673886434;0,1270980562050325;9,441134528792583e-05;6,509038786461918e-05;0,0172305259037023;0,0172305259037023;0,0172305259037023;0,9727734278274723;-0,5389187779169267;0,9731533190010526;-0,5355222277049567;1,72305259037023e-06
157;-0,045100155775353895;-0,022000107113554407;0,045100520530542844;0,022000358649189013;3,6475518894879544e-07;2,515356346058373e-07;0,003083222309721431;0,003083222309721431;0,003083222309721431;0,939647313112929;-0,5410887831687449;0,9396555169571063;-0,541013247940586;3,083222309721431e-07
158;0,5595051649452054;0,2707620022390505;-0,5592320385067738;-0,2705736712216801;0,00027312643843158124;0,00018833101737042446;0,03592555745219696;0,03592555745219695;0,03592555745219696;0,9989203551908377;-0,00951102974113792;0,9983934160037831;-0,014172970919612962;3,5925557452196958e-06
159;0,6055254785397384;0,29336229266746117;-0,6051140832096743;-0,2930786493755974;0,00041139533006406825;0,0002836432918637555;0,03953845909903195;0,03953845909903195;0,03953845909903195;0,9825070864958717;-0,3062540598249108;0,9817858842483386;-0,3127215510117662;3,953845909903194e-06
160;0,1710330253864606;0,08302276989748306;-0,17100074719169012;-0,08300051516401612;3,227819477047422e-05;2,225473346693929e-05;0,011075024102837928;0,011075024102837927;0,011075024102837928;0,9911040806898369;-0,10268085297409907;0,9909020415015481;-0,10446685264219914;1,107502410283793e-06
161;0,1671323940703102;0,08102233340357301;-0,16710000000944447;-0,08100000000639049;3,2394060865720276e-05;2,2333397182522363e-05;0,010870424217058838;0,010870424217058836;0,010870424217058838;0,9864814663374853;-0,26562779292119626;0,9862749047783771;-0,2674683869195356;1,0870424217058838e-06
162;-9,999999993910797e-05;8,888826465982416e-14;0,00010000002317571743;1,5931636793790696e-11;2,3236609454613776e-11;1,602052505845052e-11;5,836974880529375e-06;5,836974880529374e-06;5,836974880529375e-06;0,9891258411338301;-0,109411569593294;0,9891260709731515;-0,10940239051069515;5,836974880529374e-10
163;0,3683546161135584;0,17821494270868646;-0,36811807476297387;-0,17801525916692457;0,0002365413505845404;0,0001996835417618914;0,024356455071092315;0,024356455071092308;0,024356455071092315;0,9699788803558659;-0,2729916616762766;0,9692680187628552;-0,283743555480783;2,4356455071092317e-06
164;-0,14500000000056276;-0,06999999999968226;0,14500603414612703;0,07000415945924596;6,034145564270954e-06;4,159459563696233e-06;0,009421440531716568;0,00942144053171657;0,00942144053171657;0,986691629620372;-0,2689943079092274;0,9867360112917489;-0,2685948987136376;9,42144053171657e-07
165;0,0;0,0;0,0;0,0;0,0;0,0;;;;;;;;
166;0,0631083570798815;0,031005761638711726;-0,0631005205508544;-0,031000358525762974;7,836529027097083e-06;5,403112948752092e-06;0,004319691572752452;0,004319691572752451;0,004319691572752452;0,9397813674801733;-0,5398773368581309;0,9396555169571063;-0,541013247940586;4,3196915727524514e-07
167;0,49555892948972863;0,2393164075690004;-0,4955094847411219;-0,23928231707201295;4,944474860674175e-05;3,409049698746558e-05;0,0335757538944914;0,0335757538944914;0,0335757538944914;0,9462983929397346;-0,4785285431881008;0,9461963387831934;-0,47948611009872255;3,3575753894491395e-06
168;-0,20210599763785084;-0,09800506307381379;0,20212025858331192;0,09801710393695445;1,4260945461086472e-05;1,2040863140660996e-05;0,013088263757320773;0,013088263757320771;0,013088263757320773;0,9908223210896492;-0,10270221253579873;0,9909021004868805;-0,1015259002062674;1,3088263757320774e-06
169;-0,20200000000040824;-0,0980000000006316;0,2020059976373271;0,09800506307426345;5,997636918858573e-06;5,063073631850212e-06;0,013083020950171938;0,01308302095017194;0,01308302095017194;0,990788755471991;-0,10319660314117751;0,9908223210896492;-0,10270221253579873;1,308302095017194e-06
170;0,4771600043559953;0,23111029817893594;-0,4769999999999324;-0,23099999999972054;0,00016000435606289276;0,00011029817921540119;0,030983049243576897;0,03098304924357689;0,030983049243576897;0,9879631014742793;-0,10724664829864579;0,9876051692513839;-0,11043801952800737;3,0983049243576894e-06
171;0,4482237047845829;0,2171542307524274;-0,4481379304601159;-0,21709509698898727;8,577432446699174e-05;5,9133763440133436e-05;0,030335237481429734;0,030335237481429734;0,030335237481429734;0,9479179267088277;-0,5267015462695552;0,9477219423490678;-0,5285217514008195;3,0335237481429737e-06
172;-0,3771202585841487;-0,18301710393670761;0,3772018090118777;0,183085948460621;8,155042772900467e-05;6,884452391339724e-05;0,024423785658571104;0,024423785658571093;0,024423785658571104;0,9909021004868805;-0,1015259002062674;0,9911465871200752;-0,09792775131306752;2,4423785658571103e-06
173;0,34825044223810325;0,1692070882853514;-0,34811045904044013;-0,1690889025817472;0,00013998319766311829;0,00011818570360419556;0,022700378590637435;0,022700378590637435;0,022700378590637435;0,9847380487397955;-0,28607131507253447;0,9842864636652962;-0,29275225264593263;2,2700378590637435e-06
174;0,06301457963601403;0,03001005082147991;-0,06300246497785589;-0,0300016983643737;1,2114658158146607e-05;8,352457106206718e-06;0,004327332071461303;0,004327332071461303;0,004327332071461303;0,9312104604284724;-0,6830823568311638;0,9310166166003742;-0,684997127881482;4,3273320714613025e-07
175;0,46330278000106556;0,22422992939963235;-0,46316593563250585;-0,22411439925878157;0,0001368443685597076;0,00011553014085077806;0,031239817175324945;0,031239817175324945;0,031239817175324945;0,9512512744216713;-0,43583922629748323;0,9509306173107889;-0,4407806518248463;3,1239817175324946e-06
176;0,11511378228722603;0,05600950176082873;-0,11510835713400148;-0,056005761299508384;5,425153224547508e-06;3,740461320345112e-06;0,007864238805484714;0,007864238805484714;0,007864238805484714;0,9398291961274157;-0,5394342872826158;0,9397813674801733;-0,5398773368581309;7,864238805484714e-07
177;0,4911279113568028;0,23757082578118424;-0,49091073577987526;-0,23742107526306355;0,00021717557692751965;0,0001497505181206893;0,03154917962904004;0,03154917962904004;0,03154917962904004;0,9983934160037831;-0,014172970919612962;0,997916313111108;-0,01840067950507287;3,1549179629040038e-06
178;-0,18402187231058992;-0,09001507893620081;0,18404781539280635;0,09003296582188762;2,5943082216428603e-05;1,7886885686810294e-05;0,012160361246214117;0,012160361246214113;0,012160361246214117;0,9726254671569088;-0,5402241959393211;0,9727734278274723;-0,5389187779169267;1,2160361246214116e-06
179;0,2470956015860789;0,12006591079184836;-0,24702467983952023;-0,12001701530013034;7,092174655867756e-05;4,8895491718020656e-05;0,016084349703560277;0,016084349703560274;0,016084349703560277;0,9861181804325483;-0,2688085148399884;0,9858125006424878;-0,27151697631867544;1,6084349703560276e-06
180;0,47581057286269207;0,23042096294558106;-0,4756115583392233;-0,2302837492937353;0,0001990145234687657;0,00013721365184576895;0,03058637546782176;0,030586375467821756;0,03058637546782176;0,997916313111108;-0,01840067950507287;0,9974653257162466;-0,022385780791589503;3,058637546782176e-06
181;-0,16800161082272785;-0,0820011105939458;0,16802187231125554;0,0820150789373043;2,0261488527684168e-05;1,3968343358497504e-05;0,011098541842407751;0,011098541842407748;0,011098541842407751;0,972498873812587;-0,5413474480773589;0,9726254671569088;-0,5402241959393211;1,1098541842407752e-06
182;0,0;0,0;0,0;0,0;0,0;0,0;;;;;;;;
183;0,05100137685779661;0,025000949144242272;-0,05100000000589614;-0,024999999969045034;1,3768519004711544e-06;9,491751972387497e-07;0,00337843797645154;0,00337843797645154;0,00337843797645154;0,9706624992577394;-0,2561687173902206;0,97063423206095;-0,2564171215956626;3,37843797645154e-07
184;-0,40300000000046277;-0,19499999999938544;0,4031140832101168;0,1950786493760938;0,00011408320965405894;7,864937670834515e-05;0,026335472538580807;0,02633547253858081;0,02633547253858081;0,9814856496291751;-0,3154219379252191;0,9817858842483386;-0,3127215510117662;2,633547253858081e-06
185;0,12100655207477955;0,058004516119024366;-0,1210000000909651;-0,05799999943230974;6,55198381444011e-06;4,516686714625684e-06;0,008147564957457002;0,008147564957457004;0,008147564957457004;0,9508971466035204;-0,49928915178297123;0,9508414449522734;-0,499818972371069;8,147564957457005e-07
186;-0,06910219992014706;-0,034001857489006686;0,06910645197835709;0,03400478955883627;4,252058210030274e-06;2,9320698295837166e-06;0,0045418103852862875;0,004541810385286286;0,0045418103852862875;0,9790009992387796;-0,1819457343874763;0,9790659534600411;-0,1813851573830753;4,541810385286288e-07
187;-1,0678135340417683;-0,5154229825303696;1,0709542528732483;0,5175883470107147;0,0031407188314800383;0,0021653644803451;0,07351342748117003;0,07351342748117001;0,07351342748117003;0,9312104604284724;-0,6830823568311638;0,9341712008512972;-0,654912681142989;7,351342748117003e-06
188;0,5156855967408379;0,24956564336874335;-0,5153994607219099;-0,24932409479336323;0,0002861360189280182;0,00024154857538011276;0,03477520648943711;0,03477520648943711;0,03477520648943711;0,9511491693084981;-0,43743081180170795;0,950546876647205;-0,44671557507368936;3,477520648943711e-06
189;0,4952305631766332;0,23915896861267683;-0,49513208968166617;-0,2390910742240056;9,847349496705515e-05;6,789438867121911e-05;0,032316688945828176;0,03231668894582817;0,032316688945828176;0,9825157949762015;-0,3062982416239637;0,9823046266874861;-0,30820678334534785;3,2316688945828175e-06
190;0,3531379303911011;0,17109509752159396;-0,3530157478914724;-0,17101085382814998;0,00012218249962869798;8,424369344398053e-05;0,023905096220584114;0,023905096220584118;0,023905096220584118;0,9477219423490678;-0,5285217514008195;0,9473676653859813;-0,5318141297499729;2,3905096220584116e-06
191;0,4063391436212341;0,19624502449815212;-0,40626682642320466;-0,19618396114357575;7,231719802941461e-05;6,106335457636836e-05;0,027390805577867255;0,027390805577867255;0,027390805577867255;0,9511491693084981;-0,43743081180170795;0,9509559327299378;-0,4404198356367734;2,7390805577867253e-06
192;-0,04110082451810938;-0,020000696175187502;0,04110219991927309;0,020001857494255346;1,3754011637043262e-06;1,161319067844585e-06;0,0026957139288898845;0,0026957139288898853;0,0026957139288898853;0,9789636281609606;-0,18250027361911253;0,9790009992387796;-0,1819457343874763;2,6957139288898857e-07
193;-0,04100000000163974;-0,01999999999391497;0,041000824518394985;0,020000696175299565;8,245167552461963e-07;6,961813845962617e-07;0,00269041215752719;0,002690412157527191;0,002690412157527191;0,9789411756207874;-0,18283212177722172;0,9789636281609606;-0,18250027361911253;2,690412157527191e-07
194;0,27611045904067016;0,1340889025814422;-0,27602807936160373;-0,1340193597783489;8,237967906643551e-05;6,954280309331984e-05;0,018004542056740375;0,018004542056740378;0,018004542056740378;0,9842864636652962;-0,29275225264593263;0,9839514224698495;-0,2977133951111494;1,8004542056740379e-06
195;0,4195093574883884;0,20328223181326854;-0,4193792242832072;-0,20319250586380824;0,0001301332051812376;8,972594946030088e-05;0,026982562177041317;0,026982562177041314;0,026982562177041317;0,9974653257162466;-0,022385780791589503;0,9971310276824007;-0,025336329306150752;2,6982562177041317e-06
196;-0,48732047468804873;-0,23615201017329593;0,48744681182346494;0,2362391045625956;0,00012633713541621017;8,709438929965785e-05;0,032362185937272483;0,03236218593727248;0,032362185937272483;0,9660949374242557;-0,6272859573277167;0,9663655254921337;-0,624823240618286;3,236218593727248e-06
197;0,0;0,0;0,0;0,0;0,0;0,0;;;;;;;;
198;-0,4090388019400544;-0,19802675400915135;0,4091863584184379;0,1981284894040004;0,00014755647838354813;0,0001017353948490618;0,026898492023112952;0,026898492023112952;0,026898492023112952;0,9754392158303761;-0,2136043366871108;0,9758194357596995;-0,21016738770213372;2,6898492023112952e-06
199;-0,22300129173925115;-0,10800089000933452;0,22304842225917393;0,10803338258376077;4,7130519922777836e-05;3,249257442625164e-05;0,015040226027470047;0,015040226027470049;0,015040226027470049;0,9511459331277374;-0,43427334729196393;0,9513631298518582;-0,4322619532182906;1,5040226027470049e-06
200;0,4072790734206752;0,19719240183687167;-0,407138312699093;-0,1970953624045241;0,00014076072158220043;9,703943234756762e-05;0,026200576987728586;0,026200576987728583;0,026200576987728586;0,9971310276824007;-0,025336329306150752;0,9967586687303185;-0,028629666414086465;2,6200576987728585e-06
201;-0,052700257541408085;-0,025000177561968793;0,052703016079582436;0,025002079357698166;2,758538174350844e-06;1,9017957293733512e-06;0,0034610780158173286;0,0034610780158173277;0,0034610780158173286;0,9730069610842373;-0,564174745061684;0,9730621331988908;-0,563648331031941;3,4610780158173284e-07
202;0,0;0,0;0,0;0,0;0,0;0,0;;;;;;;;
203;0,0;0,0;0,0;0,0;0,0;0,0;;;;;;;;
204;0,0;0,0;0,0;0,0;0,0;0,0;;;;;;;;
205;0,00010000000728788638;5,1159389069310585e-12;-9,999999995799286e-05;-6,150206100131197e-14;7,329893514525752e-12;5,0544368459297465e-12;5,9631842935660006e-06;5,963184293566001e-06;5,963184293566001e-06;0,968191293180713;-0,3094920685227206;0,9681912222133259;-0,3094949645014978;5,963184293566001e-10
206;0,00010000000965624785;6,486632606791175e-12;-0,00010000000026214586;-1,0068527436927534e-14;9,394101992067812e-12;6,4765640793542476e-12;5,853847868812344e-06;5,853847868812344e-06;5,853847868812344e-06;0,9862749047783771;-0,2674683869195356;0,9862748121267134;-0,2674720977170517;5,853847868812343e-10
207;0,0;0,0;0,0;0,0;0,0;0,0;;;;;;;;
208;-0,00010000000002930261;3,060877994631278e-14;0,00010000000729357649;4,9778645754776946e-12;7,264273872101962e-12;5,008473355424007e-12;6,0667421077354375e-06;6,066742107735438e-06;6,066742107735438e-06;0,9516644339020945;-0,42958578837080313;0,9516645030336064;-0,42958291872716053;6,066742107735438e-10
209;-0,23003359728200232;-0,11102316434829483;0,2300994645666802;0,11106857533268523;6,58672846778896e-05;4,541098439039826e-05;0,014915495257515817;0,014915495257515817;0,014915495257515817;0,9886987663107754;-0,10068586008254052;0,9890047861577145;-0,09793505540300852;1,4915495257515817e-06
210;-0,41608408736086605;-0,20105796700925238;0,4162913461593177;0,20120085650560376;0,0002072587984516261;0,00014288949635138382;0,028666543922511136;0,028666543922511133;0,028666543922511136;0,930709403826102;-0,687850992060447;0,9312104604284724;-0,6830823568311638;2,8666543922511132e-06
211;0,3151516385109472;0,15210454100705814;-0,31507745508059276;-0,15205339868228346;7,418343035442421e-05;5,114232477468339e-05;0,021236537342404445;0,021236537342404434;0,021236537342404445;0,9513631298518582;-0,4322619532182906;0,9511210640756017;-0,43452427344512284;2,1236537342404445e-06
212;0,35026682638158907;0,16918396115756346;-0,3501261607264296;-0,16908698267090896;0,0001406656551594665;9,697848665449205e-05;0,02361635592961033;0,02361635592961033;0,02361635592961033;0,9509559327299378;-0,4404198356367734;0,950543162497612;-0,4442725180944505;2,3616355929610325e-06
213;0,3411659355579866;0,16511439941210954;-0,34107882972107467;-0,1650543483335892;8,710583691190488e-05;6,005107852033453e-05;0,023011974208427474;0,023011974208427478;0,023011974208427478;0,9509306173107889;-0,4407806518248463;0,9506682704012096;-0,4432162083760172;2,301197420842748e-06
214;0,4383994607148619;0,2123240949312523;-0,4380849627751235;-0,2120585731653292;0,0003144979397384229;0,0002655217659230935;0,02958641749794961;0,02958641749794961;0,02958641749794961;0,950546876647205;-0,44671557507368936;0,9497687053396068;-0,4587095102707584;2,958641749794961e-06
215;0,11902467983974688;0,058017015300221894;-0,11901874430658735;-0,058012923570980014;5,935533159528994e-06;4,091729241879893e-06;0,0077548123174190214;0,007754812317419022;0,007754812317419022;0,9858125006424878;-0,27151697631867544;0,9857594303613407;-0,271983184681077;7,754812317419023e-07
216;-0,0490000000008039;-0,02399999999659946;0,04900161082017271;0,024001110602566465;1,6108193688080252e-06;1,1106059670043522e-06;0,003239329198548065;0,003239329198548065;0,003239329198548065;0,972464383589792;-0,5416507571261264;0,972498873812587;-0,5413474480773589;3,239329198548065e-07
217;-0,23900937864047328;-0,11500646761307248;0,23914377998174477;0,11509913164217528;0,0001344013412714895;9,266402910279581e-05;0,015487724499256067;0,015487724499256067;0,015487724499256067;0,9887577295578576;-0,10019001959631352;0,9893589850983965;-0,09474444038751123;1,5487724499256067e-06
218;-0,0006000004175209841;-2,8765105071018197e-10;0,0006000005009102139;3,4514512987343497e-10;8,33892297661537e-11;5,7494079163252995e-11;3,560205266450189e-05;3,5602052664501885e-05;3,560205266450189e-05;0,9730068258537993;-0,5641802353334211;0,9730069610842373;-0,564174745061684;3,560205266450189e-09
219;-0,0005000001471157783;-1,0104456020491615e-10;0,0005000004173587281;2,8736801655583405e-10;2,7024294976286944e-10;1,863234563509179e-10;2,9668381339845807e-05;2,9668381339845814e-05;2,9668381339845814e-05;0,973006299957628;-0,5642015864046872;0,9730068258537993;-0,5641802353334211;2,9668381339845813e-09
220;-0,00030000011616691986;-8,027338147708601e-11;0,0003000001439633479;9,9438086986982e-11;2,7796428028227516e-11;1,9164705509895982e-11;1,780103210860172e-05;1,7801032108601718e-05;1,780103210860172e-05;0,9730062098039872;-0,564205246590648;0,973006299957628;-0,5642015864046872;1,7801032108601722e-09
221;-0,00020000000192094198;-1,4207929037991199e-12;0,00020000011619519025;8,020905708822253e-11;1,1427424826716825e-10;7,878826418442341e-11;1,1867357038401668e-05;1,1867357038401673e-05;1,1867357038401673e-05;0,9730056538564662;-0,5642278177523667;0,9730062098039872;-0,564205246590648;1,1867357038401674e-09
222;-0,00010000000035961115;-6,036851827026431e-13;0,0001000000026759811;2,2007446501027687e-12;2,316369955546703e-12;1,5970594674001256e-12;5,933678620993691e-06;5,933678620993691e-06;5,933678620993691e-06;0,9730056313180558;-0,5642287328000055;0,9730056538564662;-0,5642278177523667;5,933678620993691e-10
223;0,0;0,0;0,0;0,0;0,0;0,0;;;;;;;;
224;0,38842210552113865;0,18815312780534504;-0,3883435923765842;-0,18809899562360027;7,851314455442626e-05;5,4132181744770413e-05;0,026758814436813116;0,026758814436813116;0,026758814436813116;0,9312104604284724;-0,6830823568311638;0,9310070881651344;-0,6850063336913227;2,6758814436813116e-06
225;0,27119618946103075;0,13113525937745496;-0,2710665232035488;-0,13104586233290003;0,00012966625748195293;8,939704455493414e-05;0,01838089527860579;0,018380895278605786;0,01838089527860579;0,9461963387831934;-0,47948611009872255;0,9457074341936093;-0,48406002123772596;1,838089527860579e-06
226;0,10301874430686121;0,05001292357115801;-0,10300000000010741;-0,04999999999988044;1,8744306753804008e-05;1,2923571277571877e-05;0,006707158587755951;0,00670715858775595;0,006707158587755951;0,9857594303613407;-0,271983184681077;0,9855656968141371;-0,27370452790592203;6,707158587755952e-07
227;0,0;0,0;0,0;0,0;0,0;0,0;;;;;;;;
228;0,018000833040236027;0,00900057429628554;-0,018000000010387276;-0,008999999942496182;8,330298487506382e-07;5,743537893586337e-07;0,0012145775042360853;0,0012145775042360853;0,0012145775042360853;0,9566724610964608;-0,4464973388301313;0,9566248336244786;-0,4468992521975382;1,2145775042360853e-07
229;0,34821349239504984;0,1691471882117325;-0,34809707415261576;-0,16906692751414087;0,00011641824243407983;8,026069759162202e-05;0,023638165382578225;0,02363816538257822;0,023638165382578225;0,9455258517541227;-0,4857351861799172;0,945184432652317;-0,4888927754381468;2,3638165382578226e-06
230;-0,3563219190196605;-0,17215300309306494;0,35644841009617134;0,17225978352394114;0,00012649107651085956;0,0001067804308761966;0,024028057726967738;0,024028057726967738;0,024028057726967738;0,950865984476546;-0,441790375096561;0,9512512744216713;-0,43583922629748323;2,402805772696774e-06
231;-0,1430006309763939;-0,06900053260533918;0,14301317581688086;0,06901112352116322;1,2544840486961029e-05;1,0590915824032487e-05;0,009458615911906552;0,009458615911906549;0,009458615911906552;0,9691709601219322;-0,2852181898793308;0,9692680187628552;-0,283743555480783;9,458615911906553e-07
232;0,0;0,0;0,0;0,0;0,0;0,0;;;;;;;;
233;0,30913557817674026;0,1490934673601994;-0,30909478298044457;-0,1490653447142425;4,079519629568429e-05;2,812264595691838e-05;0,02033040064612543;0,020330400646125426;0,02033040064612543;0,9746628381138132;-0,5219105896412322;0,97452379539582;-0,5231809830575811;2,033040064612543e-06
234;-0,3161402000103136;-0,15302771491104375;0,31618190753875647;0,15305646648384263;4,1707528442846975e-05;2,8751572798885183e-05;0,020556475311505958;0,02055647531150595;0,020556475311505958;0,9864648430909484;-0,2785962250236316;0,9866054634554653;-0,277339076795141;2,0556475311505957e-06
235;0,32115530109935914;0,15510707421454814;-0,32106720949174455;-0,15504633800355264;8,809160761458212e-05;6,0736210995504525e-05;0,021126458323526963;0,02112645832352697;0,02112645832352697;0,9746628381138132;-0,5219105896412322;0,9743738729166402;-0,5245429101143813;2,112645832352697e-06
236;0,2790788297007626;0,13505434847397493;-0,2790399552518041;-0,13502754584432367;3,887444895850356e-05;2,6802629651268006e-05;0,018829023826116648;0,018829023826116648;0,018829023826116648;0,9506682704012096;-0,4432162083760172;0,950525174466389;-0,4445455458536959;1,8829023826116647e-06
237;0,0;0,0;0,0;0,0;0,0;0,0;;;;;;;;
238;0,24120545206035301;0,11607270246313402;-0,24117182808947157;-0,11604951986214325;3,36239708814412e-05;2,3182600990767632e-05;0,015985622739766482;0,015985622739766482;0,015985622739766482;0,9667781528806318;-0,6210683712160456;0,9666324184777695;-0,6224191041066842;1,5985622739766481e-06
239;-0,36514295879816305;-0,17702961588940233;0,365320474686334;0,17715201018897697;0,00017751588817094266;0,00012239429957464076;0,02426349458901658;0,02426349458901658;0,02426349458901658;0,9655877958284834;-0,6318993252561969;0,9660949374242557;-0,6272859573277167;2,426349458901658e-06
240;0,0;0,0;0,0;0,0;0,0;0,0;;;;;;;;
241;0,0;0,0;0,0;0,0;0,0;0,0;;;;;;;;
242;0,26512616070220235;0,12808698286157635;-0,265034974966444;-0,12802411335292765;9,118573575833677e-05;6,286950864869967e-05;0,01788432120879214;0,01788432120879214;0,01788432120879214;0,950543162497612;-0,4442725180944505;0,9501898166437566;-0,4475705655504955;1,7884321208792142e-06
243;0,271094782979298;0,13106534471592385;-0,27102149780766965;-0,13101482033756828;7,328517162835668e-05;5,0524378355565336e-05;0,017839387708507258;0,017839387708507258;0,017839387708507258;0,97452379539582;-0,5231809830575811;0,9742390910408983;-0,5257673639658146;1,783938770850726e-06
244;0,2130774550448134;0,10305339890893406;-0,21302991911281244;-0,10302062661188494;4,753593200096384e-05;3,277229704912177e-05;0,01436755592287556;0,01436755592287556;0,01436755592287556;0,9511210640756017;-0,43452427344512284;0,9508917625753187;-0,436656476553311;1,436755592287556e-06
245;-0,29621684714973007;-0,14308055962397684;0,2963219189803732;0,143153003129646;0,00010507183064312198;7,244350566915081e-05;0,01998173571754354;0,019981735717543535;0,01998173571754354;0,9505015683154596;-0,44519095412827253;0,950865984476546;-0,441790375096561;1,9981735717543537e-06
246;0,19406652316134357;0,09404586267369142;-0,19400000015204139;-0,09399999908094184;6,652300930218291e-05;4,586359274957874e-05;0,01316555331978275;0,01316555331978275;0,01316555331978275;0,9457074341936093;-0,48406002123772596;0,94535720293216;-0,48731908842639093;1,316555331978275e-06
247;0,18201574773817883;0,08801085483081408;-0,18200542755543894;-0,08800374091843997;1,0320182739886885e-05;7,113912374109854e-06;0,01232120301898629;0,012321203018986291;0,012321203018986291;0,9473676653859813;-0,5318141297499729;0,9473096182034187;-0,5323560021571078;1,2321203018986292e-06
248;-0,2580024846136507;-0,12500171298194182;0,25803880193356554;0,12502675404620855;3,6317319914824786e-05;2,5041064266734248e-05;0,01697135716998666;0,016971357169986663;0,016971357169986663;0,9752908865447778;-0,21494322793090093;0,9754392158303761;-0,2136043366871108;1,6971357169986662e-06
249;0,19917182808798886;0,09604951986695849;-0,19913166047176437;-0,09602182744576776;4,016761622449572e-05;2,7692421190730898e-05;0,013207174594248403;0,013207174594248404;0,013207174594248404;0,9666324184777695;-0,6224191041066842;0,9664216732551921;-0,6243617747289252;1,3207174594248404e-06
250;0,0;0,0;0,0;0,0;0,0;0,0;;;;;;;;
251;-0,12600000000023842;-0,06100000000001548;0,12600937864069395;0,06100646761312139;9,378640455526277e-06;6,4676131059093755e-06;0,008174838984047231;0,00817483898404723;0,008174838984047231;0,9886782077534778;-0,10089990209613518;0,9887577295578576;-0,10019001959631352;8,174838984047232e-07
252;0,31608496270654785;0,15305857333045847;-0,31600000014112295;-0,15299999920263735;8,496256542489533e-05;5,857412782112048e-05;0,021348509392018357;0,021348509392018357;0,021348509392018357;0,9497687053396068;-0,4587095102707584;0,9494928649305829;-0,46126998373231864;2,1348509392018358e-06
253;0,30211189365479785;0,14607714789455345;-0,30204364525981914;-0,14603009291361047;6,824839497870938e-05;4,7054980942984326e-05;0,019723405874161493;0,019723405874161496;0,019723405874161496;0,9823046266874861;-0,30820678334534785;0,9820648103933822;-0,31036783838209475;1,97234058741615e-06
254;0,0;0,0;0,0;0,0;0,0;0,0;;;;;;;;
255;0,23604371781881014;0,11403013970794428;-0,23601667624848263;-0,11401149666597275;2,7041570327512865e-05;1,8643041971522223e-05;0,015325083213594897;0,015325083213594897;0,015325083213594897;0,9875897110564437;-0,260965912861547;0,9874674277100597;-0,26206413037533416;1,5325083213594896e-06
256;0,24406720949090233;0,1180463380077094;-0,24401627428486003;-0,11801121989027392;5,093520604229629e-05;3,511811743547866e-05;0,016064546244984258;0,016064546244984254;0,016064546244984258;0,9743738729166402;-0,5245429101143813;0,9741541245564453;-0,5265376710816191;1,6064546244984259e-06
257;-0,029000076504023645;-0,014000052681530177;0,02900129166027844;0,014000890451521687;1,2151562547961514e-06;8,377699915098485e-07;0,001954800778661934;0,001954800778661934;0,001954800778661934;0,9511028554083614;-0,4346757311250373;0,9511459331277374;-0,43427334729196393;1,954800778661934e-07
258;0,22609707407213334;0,11006692808342107;-0,2260142876484132;-0,11000984961891362;8,278642372014366e-05;5,707846450744847e-05;0,015360319660969053;0,015360319660969055;0,015360319660969055;0,945184432652317;-0,4888927754381468;0,944810749497525;-0,492331110984604;1,5360319660969053e-06
259;0,1990855036171604;0,09605894660256115;-0,19900929854118352;-0,09600640769924793;7,62050759768873e-05;5,253890331322064e-05;0,013704990593632518;0,013704990593632518;0,013704990593632518;0,9312104604284724;-0,6830823568311638;0,9308251481694173;-0,6867653082885731;1,370499059363252e-06
260;0,0;0,0;0,0;0,0;0,0;0,0;;;;;;;;
261;0,0;0,0;0,0;0,0;0,0;0,0;;;;;;;;
262;0,16801240104653103;0,08200854754563149;-0,16800361735234917;-0,08200249148288503;8,783694181863089e-06;6,056062746451207e-06;0,011554699627226071;0,011554699627226073;0,011554699627226073;0,9341712008512972;-0,654912681142989;0,9341184859095865;-0,6553998052191568;1,1554699627226073e-06
263;0,15414958419019043;0,07403418470260995;-0,1541316494266815;-0,07402182041188154;1,7934763508919982e-05;1,2364290728400507e-05;0,010441865068358773;0,010441865068358775;0,010441865068358775;0,9455258517541227;-0,4857351861799172;0,9454068650930317;-0,4868681202109767;1,0441865068358776e-06
264;0,050002464956911075;0,0240016985498795;-0,05000000010955752;-0,02399999924258952;2,46484735355601e-06;1,6993072899824935e-06;0,003439523349444625;0,003439523349444625;0,003439523349444625;0,9310166166003742;-0,684997127881482;0,9309669733460559;-0,6854778397342807;3,439523349444625e-07
265;0,15403164943079653;0,07402182040826713;-0,15400776379693099;-0,07400535206426137;2,3885633865544653e-05;1,6468344005760027e-05;0,010436360432913924;0,010436360432913924;0,010436360432913924;0,9454068650930317;-0,4868681202109767;0,9452483049754905;-0,48837622746946285;1,0436360432913925e-06
266;-0,22403620855734718;-0,10802496228285215;0,2242132953142198;0,10814705766652356;0,0001770867568726131;0,0001220953836714167;0,01518936800402414;0,01518936800402414;0,01518936800402414;0,9453884586390261;-0,48709661261221837;0,9461963387831934;-0,47948611009872255;1,518936800402414e-06
267;-0,2661620138437612;-0,12904275194745213;0,2662358469560048;0,12909365740377327;7,383311224357092e-05;5,090545632113752e-05;0,01834874105818625;0,018348741058186246;0,01834874105818625;0,9307281636585222;-0,6876390126869818;0,9310070881651344;-0,6850063336913227;1,8348741058186247e-06
268;-0,19410000000788483;-0,09400000000542576;0,19414020000991816;0,09402771491107409;4,020000203333596e-05;2,7714905648332233e-05;0,01262501452538469;0,01262501452538469;0,01262501452538469;0,9862441443449633;-0,2805676100798282;0,9864648430909484;-0,2785962250236316;1,262501452538469e-06
269;0,1940280793617453;0,09401935977870607;-0,1940000000001381;-0,09399999999997825;2,8079361607202813e-05;1,9359778727814914e-05;0,01265112962357312;0,01265112962357312;0,01265112962357312;0,9839514224698495;-0,2977133951111494;0,983797577529934;-0,29908952272974576;1,2651129623573121e-06
270;-0,017999999999960832;-0,008999999999906787;0,01800028924085239;0,009000199414949199;2,8924089155724086e-07;1,9941504241123564e-07;0,0011751962565974194;0,0011751962565974194;0,0011751962565974194;0,9886816753670272;-0,10082539096506914;0,9886987663107754;-0,10068586008254052;1,1751962565974193e-07
271;0,021000630958762635;0,010000532677219863;-0,021000000002810455;-0,009999999987732393;6,309559521799901e-07;5,32689487469859e-07;0,0013856467426577772;0,0013856467426577776;0,0013856467426577776;0,9691709601219322;-0,2852181898793308;0,9691376816324415;-0,28573467291555354;1,3856467426577777e-07
272;0,2460436452592591;0,11903009291353882;-0,2460113680050504;-0,1190078388815394;3,227725420867911e-05;2,2254031999416335e-05;0,016068521334556843;0,01606852133455684;0,016068521334556843;0,9820648103933822;-0,31036783838209475;0,9819255899461821;-0,3116208340965593;1,6068521334556844e-06
273;0,0;0,0;0,0;0,0;0,0;0,0;;;;;;;;
274;0,15703995520313757;0,07602754613047197;-0,15700177744715682;-0,07600122500879501;3,817775598075057e-05;2,6321121676955994e-05;0,010597671459777174;0,010597671459777172;0,010597671459777174;0,950525174466389;-0,4445455458536959;0,9502754872830717;-0,4468629002034982;1,0597671459777174e-06
275;0,18679689094649593;0,09006680524783248;-0,18676082134198538;-0,09004193353926203;3,606960451055241e-05;2,487170857044807e-05;0,012011835388891293;0,012011835388891294;0,012011835388891294;0,9967586687303185;-0,028629666414086465;0,996550584549565;-0,030491658730957227;1,2011835388891295e-06
276;0,3091285247063378;0,1490940670264332;-0,309036503143155;-0,1490306212427887;9,202156318277588e-05;6,34457836445057e-05;0,020484505637030682;0,020484505637030682;0,020484505637030682;0,9673132749761331;-0,6161774796873951;0,967001984727439;-0,619044922186673;2,048450563703068e-06
277;0,12213166047000107;0,05902182745628254;-0,12211797845351828;-0,05901239484362316;1,3682016482788328e-05;9,432612659378281e-06;0,008103605718643759;0,008103605718643759;0,008103605718643759;0,9664216732551921;-0,6243617747289252;0,9663046643670389;-0,6254346071007022;8,103605718643759e-07
278;0,12201797845371712;0,05901239484337288;-0,12200000000363473;-0,058999999982843325;1,7978450082389852e-05;1,239486052955624e-05;0,008098226512219576;0,008098226512219578;0,008098226512219578;0,9663046643670389;-0,6254346071007022;0,9661508023802708;-0,6268428152131444;8,098226512219577e-07
279;-0,17300893760914623;-0,08400615890830931;0,17304797751020068;0,08403307413884586;3,903990105444399e-05;2,691523053655054e-05;0,011933508586224951;0,01193350858622495;0,011933508586224951;0,9304826182387731;-0,6899834053828606;0,930709403826102;-0,687850992060447;1,1933508586224952e-06
280;0,16003497492608593;0,07702411360287756;-0,16000177359669568;-0,07700122239902985;3,320132939024778e-05;2,2891203847713593e-05;0,010791622493138068;0,01079162249313807;0,01079162249313807;0,9501898166437566;-0,4475705655504955;0,9499766519926824;-0,44958009861315373;1,079162249313807e-06
281;0,1816607983945582;0,08804191771771142;-0,18164069963393187;-0,08802806032395168;2,0098760626335865e-05;1,3857393759739156e-05;0,011695387645974605;0,011695387645974605;0,011695387645974605;0,996550584549565;-0,030491658730957227;0,9964314646079582;-0,03154317902571475;1,1695387645974606e-06
282;0,17924042636842533;0,0870278709440405;-0,1792243586110219;-0,08701679414137398;1,6067757403426253e-05;1,1076802666529217e-05;0,011541173478640235;0,011541173478640235;0,011541173478640235;0,9967586687303185;-0,028629666414086465;0,9966621593187106;-0,029476995163815925;1,1541173478640236e-06
283;0,11502986438719487;0,05602058913958987;-0,11500405614635878;-0,05600279584664442;2,5808240836089347e-05;1,7793292945447736e-05;0,007768460524600569;0,007768460524600571;0,007768460524600571;0,9508917625753187;-0,436656476553311;0,95066141932715;-0,43876037745361185;7,768460524600572e-07
284;0,4716905643218071;0,22726927661621232;-0,4715673773345703;-0,22718434331721465;0,00012318698723678967;8,493329899766922e-05;0,030597607966802363;0,030597607966802366;0,030597607966802366;0,9879631014742793;-0,10724664829864579;0,9876841348157814;-0,10976906715310294;3,0597607966802365e-06
285;0,17403342599196614;0,08502521685810321;-0,17401942574417895;-0,08501339468228074;1,4000247787193665e-05;1,1822175822476244e-05;0,01130580048864173;0,011305800488641726;0,01130580048864173;0,9891260709731515;-0,10940239051069515;0,9890353316634737;-0,1107267146185049;1,1305800488641732e-06
286;-0,24310000002036425;-0,11799999997190805;0,243142958795496;0,11802961590661493;4,2958775131746174e-05;2,9615934706878067e-05;0,016160552137447822;0,016160552137447822;0,016160552137447822;0,9654035245656545;-0,6335706834116555;0,9655877958284834;-0,6318993252561969;1,6160552137447822e-06
287;0,0;0,0;0,0;0,0;0,0;0,0;;;;;;;;
288;0,17203233765307907;0,08202229366439812;-0,1720103935704605;-0,08200716585757001;2,1944082618574612e-05;1,5127806828107992e-05;0,01114871603656543;0,01114871603656543;0,01114871603656543;0,986970268048045;-0,11627386112993243;0,9868339749480541;-0,11754001164934022;1,1148716036565432e-06
289;0,170020196026779;0,08201392632910325;-0,1700103434988112;-0,0820071314822289;9,852527967812996e-06;6,794846874338956e-06;0,011094820957151134;0,011094820957151134;0,011094820957151134;0,9823046266874861;-0,30820678334534785;0,9822430857934599;-0,30876512008957224;1,1094820957151134e-06
290;0,0;0,0;0,0;0,0;0,0;0,0;;;;;;;;
291;-0,19114213266616586;-0,0920290484782654;0,19121684711296505;0,09208055986651636;7,471444679918449e-05;5,151138825096324e-05;0,01289136191652298;0,012891361916522983;0,012891361916522983;0,9500999979769023;-0,44897061014970513;0,9505015683154596;-0,44519095412827253;1,2891361916522983e-06
292;-0,19100207737584976;-0,09200143168823265;0,191042132672731;0,09202904847294968;4,0055296881252866e-05;2,7616784717035547e-05;0,012885887014759184;0,012885887014759184;0,012885887014759184;0,9498846129442292;-0,45099667257862314;0,9500999979769023;-0,44897061014970513;1,2885887014759184e-06
293;0,14902149780642746;0,0720148203446526;-0,14900778287924923;-0,07200536535697669;1,3714927178221092e-05;9,454987675919235e-06;0,009808394150273531;0,009808394150273533;0,009808394150273533;0,9742390910408983;-0,5257673639658146;0,9741421877658201;-0,5266486727316652;9,808394150273534e-07
294;0,09500405613850242;0,046002795893956186;-0,09500000004085782;-0,04599999977557989;4,056097644603018e-06;2,796118376294232e-06;0,006410554908208191;0,006410554908208191;0,006410554908208191;0,95066141932715;-0,43876037745361185;0,9506175659162681;-0,43916689982219714;6,410554908208191e-07
295;-0,194128242161194;-0,09401946830472578;0,19415748348886214;0,09403962738161535;2,9241327668128037e-05;2,015907688956986e-05;0,013333028068454244;0,013333028068454244;0,013333028068454244;0,9340191909690139;-0,6563461430532473;0,9341712008512972;-0,654912681142989;1,3333028068454245e-06
296;-0,19400000038418255;-0,09399999744331715;0,1940282421750598;0,09401946829310304;2,8241790877236994e-05;1,947084978588809e-05;0,013327465110506425;0,013327465110506425;0,013327465110506425;0,9338723102314763;-0,6577300102953209;0,9340191909690139;-0,6563461430532473;1,3327465110506424e-06
297;0,15501667624858148;0,07501149666583351;-0,1549999999999801;-0,07499999999982712;1,6676248601382726e-05;1,1496666006388656e-05;0,010068839776656733;0,010068839776656732;0,010068839776656733;0,9874674277100597;-0,26206413037533416;0,987352639282944;-0,26309062886310886;1,0068839776656735e-06
298;0,1540201393300641;0,07401621796581848;-0,1540050713038986;-0,07400349621289785;1,5068026165493409e-05;1,2721752920621943e-05;0,009912247396274032;0,009912247396274033;0,009912247396274033;0,9953209740642379;-0,04093416034118587;0,9952097736738058;-0,042590645509809975;9,912247396274034e-07
299;0,1522972287140753;0,07406703443364482;-0,15221765979831076;-0,07401217433303561;7,956891576454961e-05;5,486010060920532e-05;0,00990265256895854;0,00990265256895854;0,00990265256895854;0,9873706565283445;-0,25772512190837715;0,986813586167999;-0,2626455375790988;9,90265256895854e-07
300;0,0;0,0;0,0;0,0;0,0;0,0;;;;;;;;
301;0,0;0,0;0,0;0,0;0,0;0,0;;;;;;;;
302;-0,00010000000005434745;-7,713475246125977e-15;0,00010000001507947462;1,0366689446182082e-11;1,5025127165666993e-11;1,0358975970935956e-11;5,78103484004633e-06;5,781034840046328e-06;5,78103484004633e-06;0,9986970939942893;-0,011448751604509278;0,9986972440498031;-0,011442816349372826;5,781034840046329e-10
303;-0,21320621050788563;-0,10300428238349076;0,2132537066727379;0,10303702943661831;4,74961648522787e-05;3,2747053127557546e-05;0,013844542875896633;0,013844542875896633;0,013844542875896633;0,9874463801888819;-0,11190392410831236;0,9876841348157814;-0,10976906715310294;1,3844542875896632e-06
304;0,12610978506049234;0,06100826053287484;-0,1261000000039755;-0,06100000000340858;9,785056516831148e-06;8,260529466265487e-06;0,00817711572116785;0,008177115721167852;0,008177115721167852;0,9891260709731515;-0,10940239051069515;0,9890384792028775;-0,11070096297828606;8,177115721167852e-07
305;0,0;0,0;0,0;0,0;0,0;0,0;;;;;;;;
306;-0,021000000021380087;-0,009999999866033355;0,0210006600422274;0,01000045493883793;6,600208473130087e-07;4,5507280457476873e-07;0,0014284614862248469;0,0014284614862248466;0,0014284614862248469;0,9400900777780289;-0,5370152948862246;0,9401220706836335;-0,5367022099970453;1,4284614862248469e-07
307;-0,07700000003412995;-0,03699999981197197;0,07700177356300936;0,037001222600693204;1,7735288794090698e-06;1,2227887212362676e-06;0,005192053862184255;0,005192053862184255;0,005192053862184255;0,9499529871301251;-0,4498041115493617;0,9499766519926824;-0,44958009861315373;5,192053862184254e-07
308;-0,12200000027582669;-0,05899999813566049;0,12200774546313449;0,059005338182723584;7,745187307797718e-06;5,340047063095987e-06;0,008404495413921824;0,008404495413921824;0,008404495413921824;0,930943218482149;-0,6856131615549562;0,9310070881651344;-0,6850063336913227;8,404495413921823e-07
309;0,022000296598582877;0,010000204470221655;-0,022000000000916772;-0,009999999997588204;2,9659766610443117e-07;2,0447263345164945e-07;0,0014423977003212313;0,0014423977003212316;0,0014423977003212316;0,9673132749761331;-0,6161774796873951;0,9672990803971253;-0,6163278221242485;1,4423977003212315e-07
310;0,14201942574413995;0,0690133946822684;-0,14200601128244145;-0,06900414499929221;1,3414461698502134e-05;9,24968297619233e-06;0,009217418632562365;0,009217418632562367;0,009217418632562367;0,9890353316634737;-0,1107267146185049;0,9889344357064425;-0,11161811993597671;9,217418632562367e-07
311;0,06000542743995955;0,029003741641342416;-0,0600000000575198;-0,0289999996430529;5,427382439748829e-06;3,7419982895151027e-06;0,0040619097262216235;0,0040619097262216235;0,0040619097262216235;0,9473096182034187;-0,5323560021571078;0,9472170162961839;-0,5332219444206435;4,061909726221623e-07
312;0,13901034349916952;0,06700713148243816;-0,1390000582501314;-0,06700004016482684;1,0285249038122224e-05;7,091317611312986e-06;0,009070579379068529;0,009070579379068529;0,009070579379068529;0,9822430857934599;-0,30876512008957224;0,9821645139151766;-0,3094787484550332;9,070579379068529e-07
313;0,034100331762541625;0,01700022876813977;-0,03410008127336151;-0,017000056063226177;2,5048918011333354e-07;1,7270491359244744e-07;0,002228691730024041;0,002228691730024041;0,002228691730024041;0,987071949587306;-0,2655813299987602;0,9870641461119138;-0,26564569358600737;2,228691730024041e-07
314;0,13211796964900935;0,06401238776916722;-0,13210000024320329;-0,06399999846612174;1,796940580606199e-05;1,2389303045479139e-05;0,009052062469786468;0,00905206246978647;0,00905206246978647;0,9363605592310177;-0,6342379649319888;0,9362229623891791;-0,635531691809494;9,05206246978647e-07
315;0,12200778287892228;0,05900536535858647;-0,12200000000169668;-0,058999999992839294;7,782877225595564e-06;5,365365747175832e-06;0,00803234633393954;0,008032346333939542;0,008032346333939542;0,9741421877658201;-0,5266486727316652;0,9740750357998128;-0,5272581993550252;8,032346333939541e-07
316;0,13111757857572331;0,06401211833251882;-0,131102395322536;-0,0640016507419845;1,51832531873064e-05;1,0467590534329885e-05;0,00853661439894318;0,008536614398943182;0,008536614398943182;0,986813586167999;-0,2626455375790988;0,9866902498156355;-0,26372372853105497;8,536614398943183e-07
317;0,13100239532265548;0,06400165074199143;-0,13099999999976206;-0,0639999999998698;2,395322893422591e-06;1,6507421216338525e-06;0,008531356525408991;0,008531356525408991;0,008531356525408991;0,9866902498156355;-0,26372372853105497;0,9866707812100642;-0,26389339031990977;8,531356525408991e-07
318;0,1520333080406454;0,0730229649332616;-0,15201044086243257;-0,07300719827869843;2,286717821284312e-05;1,5766654563167948e-05;0,009848943557741761;0,009848943557741761;0,009848943557741761;0,9886987663107754;-0,10068586008254052;0,988537917221253;-0,10215085138989323;9,84894355774176e-07
319;0,12912253609547447;0,06301553773642199;-0,12910764780591155;-0,06300527346197318;1,4888289562919876e-05;1,0264274448806843e-05;0,00832307843698891;0,008323078436988911;0,008323078436988911;0,9966621593187106;-0,029476995163815925;0,9965381187066739;-0,0305516698898343;8,323078436988912e-07
320;0,12843701004809685;0,06202551641180723;-0,1284257020574004;-0,06201772027036859;1,1307990696457493e-05;7,796141438642934e-06;0,008264220512561118;0,008264220512561118;0,008264220512561118;0,9964314646079582;-0,03154317902571475;0,9963366412404956;-0,03238799613778512;8,264220512561117e-07
321;-0,04000058226931248;-0,01900040149247872;0,04000203333543365;0,019001402020314095;1,4510661211705744e-06;1,0005278353736324e-06;0,002585256790825309;0,002585256790825308;0,002585256790825309;0,9889659277497886;-0,09829881421970862;0,9890047861577145;-0,09793505540300852;2,585256790825309e-07
322;0,1260233295517776;0,061016084942007685;-0,126000000000258;-0,06099999999814193;2,3329551519624125e-05;1,608494386575593e-05;0,008154059720249037;0,008154059720249034;0,008154059720249037;0,9913959955929779;-0,07311410182609483;0,9911976895759254;-0,07487849592374239;8,154059720249037e-07
323;0,12601244631439856;0,06101050795397184;-0,1260000000000107;-0,06100000000002141;1,2446314387876134e-05;1,0507953950425475e-05;0,008165725051459339;0,00816572505145934;0,00816572505145934;0,9898932727789496;-0,0980107484844022;0,9897816917023142;-0,09966180181230835;8,165725051459341e-07
324;0,12601136800549306;0,06100783888218373;-0,1260000000000013;-0,06099999999999916;1,1368005491757538e-05;7,838882184571516e-06;0,008231859107259097;0,008231859107259093;0,008231859107259097;0,9819255899461821;-0,3116208340965593;0,9818298697898206;-0,31248105181545327;8,231859107259097e-07
325;0,05900329220949306;0,029002269792225123;-0,05900000000014357;-0,028999999999952408;3,292209349491093e-06;2,2697922727153708e-06;0,0038269715028262596;0,0038269715028262596;0,0038269715028262596;0,9918652095360045;-0,09155213623991357;0,9918055303578797;-0,09206174468005421;3,82697150282626e-07
326;0,07700776373874861;0,037005352427849206;-0,07700000006121657;-0,0369999996323962;7,763677532038327e-06;5,3527954530091515e-06;0,00521846472629233;0,005218464726292329;0,00521846472629233;0,9452483049754905;-0,48837622746946285;0,9451452354926353;-0,4893567685401548;5,218464726292331e-07
327;0,0;0,0;0,0;0,0;0,0;0,0;;;;;;;;
328;-0,14700458474141836;-0,07100316012471744;0,14703620851557522;0,07102496262863613;3,162377415685813e-05;2,1802503918685878e-05;0,009972253039407422;0,009972253039407422;0,009972253039407422;0,9451686941149251;-0,4891592442665261;0,9453884586390261;-0,48709661261221837;9,97225303940742e-07
329;0,12201037196110152;0,05900715046701035;-0,1220000000003487;-0,05899999999981253;1,0371960752819653e-05;7,150467197819532e-06;0,007940734619341507;0,007940734619341505;0,007940734619341507;0,9854033974123436;-0,3035135755435318;0,9853128731737786;-0,30432594137761304;7,940734619341507e-07
330;0,11500746745834824;0,05600514911870374;-0,11499999999995755;-0,05599999999966783;7,4674583906836345e-06;5,149119035909033e-06;0,007411068504823803;0,0074110685048238015;0,007411068504823803;0,9965381187066739;-0,0305516698898343;0,9964682539058056;-0,031160868981767696;7,411068504823803e-07
331;0,12201627428356009;0,059011219897259;-0,12200000000157278;-0,05899999999260832;1,6274281987305184e-05;1,1219904650680568e-05;0,008032852035028844;0,008032852035028844;0,008032852035028844;0,9741541245564453;-0,5265376710816191;0,9740137137666464;-0,5278123947901335;8,032852035028845e-07
332;-0,18012485142370444;-0,0870171311427663;0,18016201366746845;0,08704275326432173;3,716224376401622e-05;2,5622121555435307e-05;0,012411815334806139;0,01241181533480614;0,01241181533480614;0,9305206656270615;-0,6896164852066718;0,9307281636585222;-0,6876390126869818;1,241181533480614e-06
333;0,10932540911347738;0,053017518295112594;-0,10931584217252874;-0,05301092271247507;9,566940948640967e-06;6,595582637526631e-06;0,007040753562601951;0,007040753562601952;0,007040753562601952;0,9963366412404956;-0,03238799613778512;0,9962424539979475;-0,033218037593475504;7,040753562601952e-07
334;0,23203650314316318;0,11203062125519449;-0,23200124443304115;-0,11200085796223609;3,525871012202697e-05;2,976329295839575e-05;0,015383998369720993;0,015383998369720991;0,015383998369720993;0,967001984727439;-0,619044922186673;0,9668342584565731;-0,6215964769203483;1,5383998369720995e-06
335;-0,021000000000035803;-0,009999999999983565;0,02100058226954617;0,010000401492678435;5,822695103678555e-07;4,014926948698455e-07;0,0013579060227975935;0,0013579060227975935;0,0013579060227975935;0,9889362366430405;-0,0985750808245774;0,9889659277497886;-0,09829881421970862;1,3579060227975935e-07
336;-0,2540437888105024;-0,12203018884957864;0,2542136706558368;0,12214731387724419;0,00016988184533439643;0,00011712502766554611;0,016486426382420052;0,016486426382420052;0,016486426382420052;0,986970268048045;-0,11627386112993243;0,9876841348157814;-0,10976906715310294;1,6486426382420052e-06
337;0,10310489893248992;0,05000413571411853;-0,10310000002572661;-0,04999999994661136;4,89890676330651e-06;4,135767507171262e-06;0,0068256646692493785;0,006825664669249378;0,0068256646692493785;0,9692680187628552;-0,283743555480783;0,9692154694161892;-0,28453534494575783;6,825664669249379e-07
338;0,10100466475566316;0,04900321662351642;-0,1010000000000571;-0,04899999999974563;4,664755606065274e-06;3,216623770792293e-06;0,0065885679533636415;0,006588567953363642;0,006588567953363642;0,9837613331933688;-0,2950565045839704;0,983712252552022;-0,29549434386994317;6,588567953363642e-07
339;0,10100071540960825;0,04900049347758807;-0,10099999999912852;-0,04900000000101626;7,154104797318928e-07;4,934765718139777e-07;0,006596700124989653;0,006596700124989653;0,006596700124989653;0,9825070864958717;-0,3062540598249108;0,9824995679168252;-0,3063212848743332;6,596700124989653e-07
340;0,0;0,0;0,0;0,0;0,0;0,0;;;;;;;;
341;0,09921576713353814;0,04801087097384677;-0,09920749002034095;-0,04800516439269839;8,277113197188712e-06;5,706581148380574e-06;0,006387651838747216;0,006387651838747216;0,006387651838747216;0,9962424539979475;-0,033218037593475504;0,9961526442597428;-0,034014157191431714;6,387651838747215e-07
342;0,0;0,0;0,0;0,0;0,0;0,0;;;;;;;;
343;0,1040142875559942;0,05100985020893888;-0,10400000009017434;-0,050999999480110955;1,4287465819870504e-05;9,850728827927313e-06;0,007079239579770372;0,007079239579770372;0,007079239579770372;0,944810749497525;-0,492331110984604;0,9446707572138607;-0,49359416849246135;7,079239579770372e-07
344;-0,005100041739254787;-0,0020000287637901596;0,0051001101282513416;0,0020000759145795666;6,838899655435549e-08;4,71507894069835e-08;0,0003307852673273056;0,0003307852673273056;0,0003307852673273056;0,9561590169276538;-0,45124863889838085;0,9561731341126556;-0,45105067609146177;3,307852673273056e-08
345;-0,07700000017289939;-0,03699999879853124;0,07700893738822635;0,03700616041830573;8,93721532696512e-06;6,16161977448626e-06;0,0053013630995955565;0,0053013630995955565;0,0053013630995955565;0,9303658257209967;-0,6911119683370934;0,9304826182387731;-0,6899834053828606;5,301363099595557e-07
346;0,04900361711315104;0,02400249304264675;-0,04900000010128652;-0,023999999351825438;3,6170118645206806e-06;2,493690821312594e-06;0,0033725733715243974;0,0033725733715243966;0,0033725733715243974;0,9341184859095865;-0,6553998052191568;0,9340441004911543;-0,6560807291020826;3,3725733715243974e-07
347;0,0;0,0;0,0;0,0;0,0;0,0;;;;;;;;
348;0,00010000000554419297;3,6303202769074942e-12;-0,00010000000037361643;-6,504170363824736e-14;5,170576545588702e-12;3,565278573269247e-12;5,845495344589332e-06;5,845495344589331e-06;5,845495344589332e-06;0,9876841348157814;-0,10976906715310294;0,9876840837468196;-0,10977110990713812;5,845495344589332e-10
349;0,03800124442657144;0,01800085798451006;-0,03800000000106402;-0,01799999999483053;1,244425507418434e-06;8,579896795292419e-07;0,002510983631420172;0,002510983631420172;0,002510983631420172;0,9668342584565731;-0,6215964769203483;0,9667999545497419;-0,6219271457275651;2,5109836314201715e-07
350;-0,08100000000413783;-0,03899999997922464;0,08100248460533949;0,03900171302847995;2,4846012016549457e-06;1,713049255308574e-06;0,005322051024278066;0,005322051024278066;0,005322051024278066;0,9752585394168342;-0,21523995906249266;0,9752908865447778;-0,21494322793090093;5,322051024278066e-07
351;0,08601039356990171;0,04100716585748016;-0,08599999999980255;-0,040999999999946767;1,0393570099159755e-05;7,165857533394937e-06;0,0055747226736639795;0,005574722673663978;0,0055747226736639795;0,9868339749480541;-0,11754001164934022;0,9867048729064569;-0,11873997539879907;5,574722673663979e-07
352;0,0;0,0;0,0;0,0;0,0;0,0;;;;;;;;
353;0,0;0,0;0,0;0,0;0,0;0,0;;;;;;;;
354;-9,999999855123154e-05;-2,1789481475709594e-13;9,999999978857771e-05;1,0706146916678342e-12;1,237346163029951e-12;8,527198769107383e-13;6,131710838331384e-06;6,1317108383313845e-06;6,1317108383313845e-06;0,9415810302337593;-0,5229312937311351;0,9415810418843762;-0,522930805158635;6,131710838331384e-10
355;0,08100914132259314;0,03900630224115718;-0,08100000001437861;-0,03899999991281455;9,141308214527522e-06;6,302328342630559e-06;0,005361553156217798;0,005361553156217798;0,005361553156217798;0,968191293180713;-0,3094920685227206;0,9680731601978799;-0,3105835296492804;5,361553156217797e-07
356;0,08100601128273999;0,03900414499968677;-0,0810000000002898;-0,039000000000169704;6,011282450188449e-06;4,14499951706393e-06;0,0052488739820637734;0,0052488739820637734;0,0052488739820637734;0,9889344357064425;-0,11161811993597671;0,9888550814327124;-0,1123362441697786;5,248873982063773e-07
357;0,08100507130386411;0,03900349621259477;-0,0810000000000514;-0,03899999999992441;5,071303812706485e-06;3,4962126703591556e-06;0,005215711521219152;0,005215711521219152;0,005215711521219152;0,9952097736738058;-0,042590645509809975;0,9951424053705993;-0,04319611909100284;5,215711521219151e-07
358;0,07900082951505281;0,03800070045552702;-0,07900000000044562;-0,03799999999456223;8,295146071979342e-07;7,004609647864868e-07;0,005201468152931311;0,005201468152931312;0,005201468152931312;0,9730621331988908;-0,563648331031941;0,9730504655568233;-0,5638258814122246;5,201468152931311e-07
359;0,0;0,0;0,0;0,0;0,0;0,0;;;;;;;;
360;0,12611744170119965;0,06101202522098398;-0,12610364093086318;-0,06100251005237988;1,3800770336469537e-05;9,515168604097568e-06;0,008362017917420516;0,008362017917420516;0,008362017917420516;0,9673132749761331;-0,6161774796873951;0,9671988884927382;-0,617222677314808;8,362017917420517e-07
361;-0,12100000026269618;-0,05799999812587492;0,12103610964425524;0,05802489469273523;3,610938155905463e-05;2,4896566860312108e-05;0,008326491236306844;0,008326491236306842;0,008326491236306844;0,9304090034405432;-0,690771769557053;0,930709403826102;-0,687850992060447;8,326491236306844e-07
362;0,0;0,0;0,0;0,0;0,0;0,0;;;;;;;;
363;-9,999999996774167e-05;-1,3501408738877832e-13;0,00010000001251704765;8,787339971078113e-12;1,2549305981857627e-11;8,652325883689335e-12;5,980404325917419e-06;5,9804043259174196e-06;5,9804043259174196e-06;0,9654034034142237;-0,6335756408285864;0,9654035245656545;-0,6335706834116555;5,98040432591742e-10
364;0,0;0,0;0,0;0,0;0,0;0,0;;;;;;;;
365;0,07100694343275658;0,03400478726397239;-0,07099999999998738;-0,033999999999792266;6,943432769204727e-06;4,7872641801213756e-06;0,004594329848349023;0,004594329848349023;0,004594329848349023;0,9893589850983965;-0,09474444038751123;0,989254304596287;-0,09570422150716623;4,5943298483490233e-07
366;0,0;0,0;0,0;0,0;0,0;0,0;;;;;;;;
367;-9,999999913105642e-05;-1,9717428399038182e-14;0,00010000001116704491;8,317928936157131e-12;1,2035988498177927e-11;8,298211507758093e-12;6,205959287178488e-06;6,205959287178491e-06;6,205959287178491e-06;0,9303159067858908;-0,6915707510635998;0,9303160187586104;-0,6915659965391631;6,20595928717849e-10
368;0,06810711161181919;0,033004903494625065;-0,06810206956670488;-0,03300142687897269;5,042045114311833e-06;3,4766156523785563e-06;0,004386430792522084;0,004386430792522084;0,004386430792522084;0,9961526442597428;-0,034014157191431714;0,9960729673739441;-0,03471811973716557;4,386430792522083e-07
369;0,0680041271499164;0,03300284544057414;-0,067999999999979;-0,03299999999997842;4,1271499374023746e-06;2,8454405957209494e-06;0,004371175543955132;0,0043711755439551315;0,004371175543955132;0,9983934160037831;-0,014172970919612962;0,9983279653178501;-0,014747535931154167;4,3711755439551325e-07
370;0,0;0,0;0,0;0,0;0,0;0,0;;;;;;;;
371;0,035001777395784806;0,017001225301275767;-0,035000000015634136;-0,016999999915036042;1,7773801506693054e-06;1,2253862397247628e-06;0,0023641585726900615;0,0023641585726900624;0,0023641585726900624;0,9502754872830717;-0,4468629002034982;0,9502233693988141;-0,44734247272627664;2,3641585726900623e-07
372;0,0;0,0;0,0;0,0;0,0;0,0;;;;;;;;
373;0,08501044086307248;0,041007198278864836;-0,08500420997606913;-0,04100290275003386;6,230887003355612e-06;4,29552883097345e-06;0,0055124549200681544;0,005512454920068153;0,0055124549200681544;0,988537917221253;-0,10215085138989323;0,9884595923004033;-0,10285616431430143;5,512454920068155e-07
374;0,0;0,0;0,0;0,0;0,0;0,0;;;;;;;;
375;0,062004777074610024;0,030004032926677863;-0,06199999999998631;-0,030000000000120083;4,777074623714406e-06;4,032926557779454e-06;0,004004274988626186;0,004004274988626186;0,004004274988626186;0,9931755206631511;-0,06005604856397798;0,9930881926189651;-0,0613449599194096;4,0042749886261853e-07
376;0,12200929839165638;0,0590064088562704;-0,12200000027742997;-0,058999998118144395;9,298114226410914e-06;6,410738126003124e-06;0,008406253791064957;0,008406253791064959;0,008406253791064959;0,9308251481694173;-0,6867653082885731;0,930748488501997;-0,6874937964403437;8,40625379106496e-07
377;0,06000073274099841;0,02900050512331684;-0,060000000000618545;-0,029000000000161355;7,327403798648713e-07;5,051231554836777e-07;0,0038532881256612664;0,0038532881256612655;0,0038532881256612664;0,9985136516935869;-0,03725662365444882;0,9985004733302058;-0,037373483289891304;3,8532881256612665e-07
378;0,0;0,0;0,0;0,0;0,0;0,0;;;;;;;;
379;0,0;0,0;0,0;0,0;0,0;0,0;;;;;;;;
380;0,05600220085111454;0,027001517480189353;-0,05599999999980676;-0,027000000000011376;2,2008513077820258e-06;1,5174801779767322e-06;0,0035986098683900495;0,003598609868390049;0,0035986098683900495;0,9974653257162466;-0,022385780791589503;0,9974229462804172;-0,022764612167236645;3,5986098683900495e-07
381;0,05600055077502475;0,027000379937362595;-0,05600000000081071;-0,026999999999781962;5,50774214042038e-07;3,799375806329275e-07;0,0035893742276651595;0,0035893742276651595;0,0035893742276651595;1,0;0,0;0,9999893657855402;-9,49573051874337e-05;3,5893742276651593e-07
382;0,053103689586721084;0,02600254391198521;-0,053101334242330794;-0,0260009199250921;2,3553443902896154e-06;1,6239868931081092e-06;0,003425989149993083;0,0034259891499930826;0,003425989149993083;0,9964314646079582;-0,03154317902571475;0,9963837810416224;-0,03195282069267921;3,425989149993083e-07
383;-0,1221000002901419;-0,05899999808970853;0,12212485130641318;0,05901713203252758;2,4851016271282278e-05;1,7133942819047565e-05;0,008415748913461644;0,008415748913461642;0,008415748913461644;0,9303160187586104;-0,6915659965391631;0,9305206656270615;-0,6896164852066718;8,415748913461644e-07
384;0,052000257044359344;0,025000177218286658;-0,052000000002460425;-0,0249999999965123;2,5704189891839757e-07;1,7722177435633424e-07;0,003423597059032483;0,003423597059032483;0,003423597059032483;0,9730069610842373;-0,564174745061684;0,9730017594489031;-0,5642227549299118;3,423597059032483e-07
385;0,0;0,0;0,0;0,0;0,0;0,0;;;;;;;;
386;-0,2021000000151022;-0,09800000001034133;0,20234402881982305;0,09816824969239235;0,00024402880472085275;0,0001682496820510221;0,012984620549802407;0,012984620549802406;0,012984620549802407;0,9986972440498031;-0,011442816349372826;1,0;0,0;1,2984620549802407e-06
387;0,00010000000828067834;5,75057684055429e-12;-0,00010000000007429889;-9,292179283242486e-14;8,206379450764398e-12;5,657655047721865e-12;5,969633747132761e-06;5,96963374713276e-06;5,969633747132761e-06;0,9671452914099616;-0,6177269957996727;0,9671452120423542;-0,6177302373969616;5,969633747132761e-10
388;-9,999999996916653e-05;-1,4951818755729772e-14;0,00010000001293875649;8,95705642667454e-12;1,296958996091762e-11;8,94210460791881e-12;5,846903239253722e-06;5,846903239253721e-06;5,846903239253722e-06;0,9874462521211479;-0,11190904755618832;0,9874463801888819;-0,11190392410831236;5,846903239253722e-10
389;0,0;0,0;0,0;0,0;0,0;0,0;;;;;;;;
390;0,05000182251518971;0,024001256405140763;-0,050000000000216614;-0,0240000000001712;1,8225149730974333e-06;1,2564049695629187e-06;0,0032129331653201246;0,0032129331653201246;0,0032129331653201246;0,9966621593187106;-0,029476995163815925;0,9966228647966898;-0,02983237683476566;3,2129331653201245e-07
391;0,0;0,0;0,0;0,0;0,0;0,0;;;;;;;;
392;0,0;0,0;0,0;0,0;0,0;0,0;;;;;;;;
393;-0,07000000005788926;-0,03399999966106291;0,07000458468285838;0,03400316048945776;4,584624969120044e-06;3,1608283948478255e-06;0,004753940010465603;0,004753940010465604;0,004753940010465604;0,9451018390424648;-0,48977776730594236;0,9451686941149251;-0,4891592442665261;4,753940010465604e-07
394;0,04500074719221058;0,02200051516414012;-0,045000000000325;-0,022000000000377697;7,471918855792015e-07;5,151637624233041e-07;0,002918547473010789;0,0029185474730107895;0,0029185474730107895;0,9909020415015481;-0,10446685264219914;0,990884286448019;-0,10462085992921002;2,9185474730107894e-07
395;0,045000155774882034;0,022000107112983308;-0,045000000051183535;-0,02199999969773142;1,5572369849864431e-07;1,0741525188762147e-07;0,0030777011606329687;0,0030777011606329687;0,0030777011606329687;0,939647313112929;-0,5410887831687449;0,9396438036978535;-0,5411209309141602;3,0777011606329687e-07
396;0,05200420997580788;0,02500290275006416;-0,051999999999982234;-0,025000000000016984;4,209975825647527e-06;2,902750047176217e-06;0,003370352885895856;0,0033703528858958546;0,003370352885895856;0,9884595923004033;-0,10285616431430143;0,9883730501875863;-0,10364253307496313;3,370352885895856e-07
397;0,04300030039188771;0,021000207150215954;-0,043000000001845506;-0,021000000000867075;3,003900422016148e-07;2,071493488790821e-07;0,0027979945637042597;0,00279799456370426;0,00279799456370426;0,9874463801888819;-0,11190392410831236;0,9874389347658087;-0,11196895635721639;2,79799456370426e-07
398;0,04100080845270648;0,020000557434831177;-0,04100000000048053;-0,020000000000042716;8,084522259560467e-07;5,574347884604314e-07;0,002675371294277523;0,002675371294277523;0,002675371294277523;0,9844657102640623;-0,2887778964979191;0,9844447558073698;-0,2889619709461252;2,675371294277523e-07
399;-0,04100000000016791;-0,019999999999946488;0,041000995385488105;0,02000068621255359;9,953853201960516e-07;6,862126071018049e-07;0,0026423891196219623;0,0026423891196219623;0,0026423891196219623;0,9967325481748985;-0,028856173202346333;0,9967586687303185;-0,028629666414086465;2,642389119621962e-07
400;0,07510591010508164;0,03600407522418686;-0,07510154167902115;-0,03600106286002724;4,368426060483155e-06;3,012364159622749e-06;0,004869873517944867;0,004869873517944867;0,004869873517944867;0,9874463801888819;-0,11190392410831236;0,987384241011201;-0,11247355872274196;4,869873517944867e-07
401;0,04000137277664512;0,019000946415237367;-0,040000000000189405;-0,019000000000022117;1,3727764557117106e-06;9,464152152492689e-07;0,0025668657704383618;0,0025668657704383618;0,0025668657704383618;0,9960729673739441;-0,03471811973716557;0,9960359433908987;-0,035062111159938125;2,5668657704383615e-07
402;0,00010000000834340917;5,734231630762759e-12;-9,99999997961067e-05;1,5954010097119284e-13;8,54730245998872e-12;5,893771731733952e-12;5,8472709344545074e-06;5,8472709344545074e-06;5,8472709344545074e-06;0,987384241011201;-0,11247355872274196;0,9873841566164889;-0,11247693560492447;5,847270934454507e-10
403;0,0;0,0;0,0;0,0;0,0;0,0;;;;;;;;
404;0,0;0,0;0,0;0,0;0,0;0,0;;;;;;;;
405;0,037100682782229534;0,01800047067593807;-0,03710024293184834;-0,018000167473096164;4,3985038119392916e-07;3,0320284190657465e-07;0,0023936283283065543;0,0023936283283065535;0,0023936283283065543;0,9946450262635217;-0,11589410795900187;0,994632288708396;-0,11600636136178333;2,3936283283065546e-07
406;0,034001005528411066;0,017000693302418816;-0,03399999999961697;-0,01699999999992225;1,0055287940971547e-06;6,933024965655177e-07;0,00220272592839063;0,0022027259283906304;0,0022027259283906304;0,9963837810416224;-0,03195282069267921;0,9963520810928037;-0,032209683789472796;2,2027259283906306e-07
407;0,034000081273945985;0,01700005606291799;-0,0339999999984019;-0,01700000000059013;8,127554408654536e-08;5,6062327859901506e-08;0,0022234585421857882;0,0022234585421857887;0,0022234585421857887;0,9870641461119138;-0,26564569358600737;0,9870616074658506;-0,26566648793132414;2,2234585421857886e-07
408;-0,04199999999986764;-0,019999999999930004;0,04200154167066018;0,02000106285374637;1,5416707925333673e-06;1,062853816364423e-06;0,002720188936442989;0,0027201889364429884;0,002720188936442989;0,9873449993886033;-0,11283909456265057;0,987384241011201;-0,11247355872274196;2,7201889364429887e-07
409;0,031000197210359483;0,015000135949554535;-0,03099999999921435;-0,014999999999743843;1,972111451330194e-07;1,359498106919682e-07;0,001999043059509065;0,001999043059509065;0,001999043059509065;0,994632288708396;-0,11600636136178333;0,9946254514607217;-0,11606705181084899;1,999043059509065e-07
410;0,0;0,0;0,0;0,0;0,0;0,0;;;;;;;;
411;0,029103700703853867;0,014002551467933114;-0,02910146553040429;-0,014001010408771499;2,2351734495773545e-06;1,5410591616155794e-06;0,0018666840862127667;0,0018666840862127667;0,0018666840862127667;0,9989203551908377;-0,00951102974113792;0,9988373936118073;-0,010255504657953855;1,8666840862127666e-07
412;0,029000061853806457;0,01400005221293674;-0,029000000000642186;-0,013999999997851155;6,18531642709863e-08;5,221508558514443e-08;0,001878944318068133;0,0018789443180681333;0,0018789443180681333;0,9895002267952255;-0,10384637908836551;0,9894978176942162;-0,10388219815567984;1,8789443180681334e-07
413;0,00010000000442970644;2,8858482618429985e-12;-0,00010000000002057425;1,5443903131419287e-13;4,409132198343775e-12;3,0402872931571914e-12;5,837490723615401e-06;5,837490723615401e-06;5,837490723615401e-06;0,9890384792028775;-0,11070096297828606;0,9890384355948649;-0,11070270493451688;5,8374907236154e-10
414;0,0;0,0;0,0;0,0;0,0;0,0;;;;;;;;
415;0,02800069679085004;0,014000480463690367;-0,027999999999939237;-0,013999999999983226;6,967909108035464e-07;4,804637071410128e-07;0,0018145664776467757;0,001814566477646776;0,001814566477646776;0,9960729673739441;-0,03471811973716557;0,9960463011366093;-0,034934312618723797;1,814566477646776e-07
416;0,02600024891463372;0,01300017158703225;-0,02600000000746763;-0,012999999958231118;2,489071660900788e-07;1,7162880113288925e-07;0,0017398169394948794;0,0017398169394948794;0,0017398169394948794;0,964647503719622;-0,36229133414456904;0,9646375687955797;-0,36237450070101124;1,7398169394948794e-07
417;0,0;0,0;0,0;0,0;0,0;0,0;;;;;;;;
418;0,0240014509761091;0,012001000374494029;-0,023999999999959453;-0,011999999999951222;1,4509761496472873e-06;1,0003745428074917e-06;0,0015510974119502922;0,0015510974119502918;0,0015510974119502922;0,9988373936118073;-0,010255504657953855;0,9987724346285356;-0,010780464997190365;1,5510974119502923e-07
419;0,024000820254450463;0,01200056552587833;-0,024000000000056254;-0,011999999999909531;8,202543942091578e-07;5,655259687990105e-07;0,0015509247459281677;0,0015509247459281675;0,0015509247459281677;0,9989203551908377;-0,00951102974113792;0,9988836289773717;-0,00980780862139182;1,5509247459281678e-07
420;0,02400035989223419;0,012000248083284353;-0,02400000000002745;-0,012000000000076137;3,598922067409027e-07;2,480832082159268e-07;0,0015768011752975688;0,0015768011752975688;0,0015768011752975688;0,9825070864958717;-0,3062540598249108;0,9824912378023765;-0,3063841900102886;1,5768011752975687e-07
421;0,0;0,0;0,0;0,0;0,0;0,0;;;;;;;;
422;0,023000142779948517;0,011000098375647374;-0,023000000012339903;-0,010999999929923225;1,4276760861367532e-07;9,844572414902109e-08;0,0015387079103841605;0,0015387079103841605;0,0015387079103841605;0,9566273245615623;-0,4469313505433168;0,9566208981908595;-0,44699250746884983;1,5387079103841604e-07
423;0,023000063444406568;0,011000043714669028;-0,023000000001082203;-0,010999999984587684;6,344332436486466e-08;4,373008134425649e-08;0,0015211051632874585;0,0015211051632874582;0,0015211051632874585;0,9676941301212073;-0,2827571503591569;0,9676912415964547;-0,28278429219717305;1,5211051632874584e-07
424;0,02200061722147873;0,010000425543397529;-0,022000000000073655;-0,010000000000138311;6,172214050761959e-07;4,255432592172037e-07;0,0014053630473337166;0,0014053630473337161;0,0014053630473337166;0,9928200258085664;-0,06375539282837367;0,9927897077921073;-0,06406832591786528;1,4053630473337166e-07
425;0,021300536465464693;0,010000369893456488;-0,02130012780958622;-0,01000008813892468;4,086558784734129e-07;2,817545318081066e-07;0,0013650845754750204;0,0013650845754750204;0,0013650845754750204;0,9952335707597764;-0,09648368483664636;0,9952128611763522;-0,09668182274281464;1,3650845754750204e-07
426;0,02100051496989261;0,010000354882169203;-0,021000000021735934;-0,00999999986378975;5,149481566747716e-07;3,5501837945296766e-07;0,0014288959420277947;0,0014288959420277944;0,0014288959420277947;0,9398291961274157;-0,5394342872826158;0,9398042433692987;-0,5396784926195816;1,4288959420277946e-07
427;0,0210001277619373;0,01000008810555672;-0,02100000000007032;-0,009999999999574918;1,2776186697829872e-07;8,810598180197804e-08;0,001349350848514582;0,001349350848514582;0,001349350848514582;0,9952128611763522;-0,09668182274281464;0,9952063048467521;-0,09674246552527742;1,349350848514582e-07
428;0,021000071669016938;0,010000060511321743;-0,02099999999984639;-0,009999999996885915;7,166917054615696e-08;6,051443582864857e-08;0,0013634964072289377;0,0013634964072289373;0,0013634964072289377;0,9848854039316474;-0,13002338754894432;0,9848815623524636;-0,1300820716958424;1,3634964072289377e-07
429;0,021000076499920563;0,010000052700797448;-0,021000000007876954;-0,009999999951788489;7,649204360887785e-08;5,274900895940737e-08;0,0014119269646818099;0,0014119269646818092;0,0014119269646818099;0,9511028554083614;-0,4346757311250373;0,9510991040640872;-0,43471203688744775;1,41192696468181e-07
430;0,021000081223358138;0,010000056001465472;-0,021000000000543497;-0,010000000001057016;8,122281464073566e-08;5,60004084562693e-08;0,0013608325976729907;0,0013608325976729907;0,0013608325976729907;0,986813586167999;-0,2626455375790988;0,9868094534550359;-0,2626840643740706;1,3608325976729906e-07
431;0,02100005469464434;0,010000037645785637;-0,021000000007689756;-0,009999999951276458;5,4686954582827685e-08;3,7694509178939906e-08;0,001412238816502457;0,0014122388165024567;0,001412238816502457;0,9508917625753187;-0,436656476553311;0,9508890815054233;-0,4366823935694883;1,4122388165024569e-07
432;0,07110364092933423;0,03400251005950213;-0,0711000000103501;-0,033999999996806515;3,6409189841241085e-06;2,510062695616766e-06;0,004704741403305292;0,004704741403305291;0,004704741403305292;0,9671988884927382;-0,617222677314808;0,9671452914099616;-0,6177269957996727;4,7047414033052924e-07
433;0,0;0,0;0,0;0,0;0,0;0,0;;;;;;;;
434;0,019000328713829995;0,009000226622506904;-0,018999999999891454;-0,009000000000002884;3,287139385410587e-07;2,2662250401955797e-07;0,0012182375968166777;0,001218237596816678;0,001218237596816678;0,9963837810416224;-0,03195282069267921;0,9963651044495484;-0,032127479082390234;1,2182375968166778e-07
435;0,019000292944097986;0,009000201975055966;-0,01900000000019656;-0,009000000000054166;2,9294390142473037e-07;2,0197500179980343e-07;0,0012182927507973583;0,001218292750797358;0,0012182927507973583;0,9963366412404956;-0,03238799613778512;0,9963199974877791;-0,032543681196679754;1,2182927507973583e-07
436;0,018100433447829595;0,009000298777935794;-0,018100175019237552;-0,009000120622490096;2,5842859204330826e-07;1,7815544569796393e-07;0,0012098636252708891;0,0012098636252708887;0,0012098636252708891;0,964647503719622;-0,36229133414456904;0,9646326759986231;-0,36241735425221566;1,2098636252708892e-07
437;0,018000175019742947;0,009000120622566537;-0,018000000005157873;-0,008999999970880435;1,7501458507429568e-07;1,2065168610193855e-07;0,0012045073583087705;0,0012045073583087705;0,0012045073583087705;0,9646326759986231;-0,36241735425221566;0,9646225864556864;-0,3625017548754477;1,2045073583087705e-07
438;0,018000015062618013;0,009000010367605827;-0,01800000000310806;-0,008999999998762912;1,505950995156491e-08;1,0368842914484921e-08;0,0011711276908886023;0,0011711276908886025;0,0011711276908886025;0,9921173057579379;-0,09355547988337803;0,992116413120747;-0,09356270955495066;1,1711276908886024e-07
439;0,01700020152719184;0,008000138952431075;-0,016999999999838925;-0,00799999999994379;2,0152735291309454e-07;1,3895248728544585e-07;0,0010889461800073076;0,0010889461800073076;0,0010889461800073076;0,9961526442597428;-0,034014157191431714;0,9961398395291887;-0,03413588456164852;1,0889461800073075e-07
440;-0,023100142779648374;-0,011000098375528688;0,023101149383784863;0,011000792383013918;1,0066041364886757e-06;6,940074852301858e-07;0,0015441547253470709;0,001544154725347071;0,001544154725347071;0,9566273245615623;-0,4469313505433168;0,9566724610964608;-0,4464973388301313;1,544154725347071e-07
441;0,01500016291742747;0,007000112316973866;-0,01499999999997192;-0,006999999999957557;1,6291745555049864e-07;1,1231701630906588e-07;0,0009576915409478849;0,0009576915409478849;0,0009576915409478849;0,997916313111108;-0,01840067950507287;0,9979045495592029;-0,018514502932437397;9,57691540947885e-08
442;0,014000292402202845;0,007000201587488612;-0,01400000000099403;-0,00699999999555116;2,9240120881512954e-07;2,015919374513328e-07;0,0009274592451197069;0,000927459245119707;0,000927459245119707;0,9744001404119369;-0,22276997331518664;0,97437824767695;-0,22295132293263933;9,274592451197071e-08
443;0,01400018034689819;0,007000124342814725;-0,01400000000041947;-0,006999999999962096;1,8034647871964515e-07;1,2434285262975103e-07;0,0009068480379667607;0,0009068480379667606;0,0009068480379667607;0,9965381187066739;-0,0305516698898343;0,9965243087054797;-0,03066354117539876;9,068480379667608e-08
444;0,014000176880979912;0,007000121945277951;-0,013999999999777126;-0,006999999999959612;1,7688120278538944e-07;1,2194531833886052e-07;0,0009071987130008016;0,0009071987130008016;0,0009071987130008016;0,9961526442597428;-0,034014157191431714;0,9961391050845918;-0,03412385163619881;9,071987130008017e-08
445;0,014200398257343226;0,0060002745803345225;-0,014200384945950523;-0,0060002653983884605;1,331139270338566e-08;9,181946061982693e-09;0,0008998307728698;0,0008998307728698;0,0008998307728698;0,9891260709731515;-0,10940239051069515;0,9891250549326172;-0,10941456917344819;8,998307728698e-08
446;0,014100384950654663;0,006000265400959915;-0,014100077898216051;-0,006000053706868728;3,070524386122181e-07;2,1169409118726445e-07;0,0008944569607742867;0,0008944569607742867;0,0008944569607742867;0,9891250549326172;-0,10941456917344819;0,9891014675764451;-0,10969335714356396;8,944569607742867e-08
447;0,0;0,0;0,0;0,0;0,0;0,0;;;;;;;;
448;0,013000058250609323;0,006000040164913685;-0,013000000000244653;-0,005999999999576499;5,825036467066447e-08;4,0165337186412464e-08;0,000841655138339559;0,000841655138339559;0,000841655138339559;0,9821645139151766;-0,3094787484550332;0,9821597312915438;-0,3095270016622239;8,416551383395589e-08
449;-0,03800000001593997;-0,017999999907706718;0,03800207730944801;0,018001432064400746;2,077293508040423e-06;1,432156694028408e-06;0,002555850058615857;0,002555850058615857;0,002555850058615857;0,9498283559989973;-0,45154855482195044;0,9498846129442292;-0,45099667257862314;2,5558500586158573e-07
450;0,012000150862714325;0,006000104026873466;-0,012000000000258268;-0,006000000000031693;1,5086245605706872e-07;1,0402684177349825e-07;0,0007768358663180677;0,0007768358663180678;0,0007768358663180678;0,9971310276824007;-0,025336329306150752;0,9971175416075444;-0,025445555027547882;7,768358663180678e-08
451;-0,0679999999999728;-0,03299999999998857;0,06801145115736373;0,033007895185202724;1,1451157390929279e-05;7,895185214150391e-06;0,0044222817407840054;0,004422281740784005;0,0044222817407840054;0,9867907660876799;-0,117868028550483;0,986970268048045;-0,11627386112993243;4,422281740784006e-07
452;0,0;0,0;0,0;0,0;0,0;0,0;;;;;;;;
453;-0,010100000006904643;-0,005000000005627068;0,010100099312642644;0,005000083843466707;9,93057380008211e-08;8,383783963849395e-08;0,0006601804436109065;0,0006601804436109064;0,0006601804436109065;0,9855886098034792;-0,2735168111253255;0,9855996458012513;-0,27335881824195046;6,601804436109065e-08
454;0,010000042423089207;0,005000029243420331;-0,0099999999999583;-0,0049999999985386005;4,2423130907492945e-08;2,9244881730693117e-08;0,0006556057927579022;0,0006556057927579023;0,0006556057927579023;0,9845858247124655;-0,13151614202458284;0,9845813314318612;-0,13155296386602866;6,556057927579023e-08
455;0,010000075039379207;0,005000051738892919;-0,010000000000310757;-0,004999999999971606;7,503906845028607e-08;5,173892131307006e-08;0,000647937088694878;0,0006479370886948781;0,0006479370886948781;0,9962424539979475;-0,033218037593475504;0,9962344117133727;-0,033283213936727216;6,479370886948781e-08
456;0,0;0,0;0,0;0,0;0,0;0,0;;;;;;;;
457;0,009000126038675022;0,00400008686867651;-0,009000000003487623;-0,003999999973467755;1,260351873994675e-07;8,689520875505147e-08;0,0005946964379382463;0,0005946964379382461;0,0005946964379382463;0,9561731341126556;-0,45105067609146177;0,95615852659377;-0,4512148325680794;5,946964379382463e-08
458;0,009000072479549075;0,004000049972106193;-0,009000000000072256;-0,003999999999936131;7,247947681962574e-08;4,9972170061696186e-08;0,0005748945731647362;0,000574894573164736;0,0005748945731647362;0,9891014675764451;-0,10969335714356396;0,9890927777937261;-0,1097877653599793;5,748945731647362e-08
459;0,0;0,0;0,0;0,0;0,0;0,0;;;;;;;;
460;0,0;0,0;0,0;0,0;0,0;0,0;;;;;;;;
461;0,006000045719645417;0,003000031522945212;-0,005999999999900387;-0,002999999999929287;4,571974502980136e-08;3,152301592500295e-08;0,0003893916514566631;0,0003893916514566632;0,0003893916514566632;0,994632288708396;-0,11600636136178333;0,9946241352759865;-0,11607254235989137;3,893916514566632e-08
462;0,00500004173959627;0,002000028763889184;-0,005000000001214814;-0,0019999999866740625;4,1738381455908025e-08;2,8777215121695426e-08;0,00032517131966439356;0,00032517131966439366;0,00032517131966439366;0,9561590169276538;-0,45124863889838085;0,956150238598021;-0,4513679894819289;3,2517131966439365e-08
463;0,005000014554104227;0,0020000100340582206;-0,004999999999889284;-0,001999999999876079;1,4554214942605337e-08;1,0034182141432924e-08;0,00031127552134731955;0,00031127552134731955;0,00031127552134731955;0,9988373936118073;-0,010255504657953855;0,9988341959837367;-0,010297118016367261;3,1127552134731954e-08
464;0,005000022946336775;0,0020000158213938145;-0,004999999999876008;-0,0020000000000748477;2,2946460767094e-08;1,5821318966741105e-08;0,00031199038886997653;0,0003119903888699765;0,00031199038886997653;0,996550584549565;-0,030491658730957227;0,9965455545731348;-0,03055727920326375;3,1199038886997655e-08
465;0,005000005418708591;0,002000003734826682;-0,005000000000028248;-0,0019999999998500783;5,418680342969551e-09;3,734976603605306e-09;0,0003143388376737015;0,0003143388376737015;0,0003143388376737015;0,9891014675764451;-0,10969335714356396;0,989100288727294;-0,10970884184757604;3,143388376737015e-08
466;0,000200000047925993;3,311745710764164e-11;-0,00020000000364300922;-2,585823953582612e-12;4,4282983774042786e-11;3,053163315405903e-11;1,1602551173979487e-05;1,1602551173979489e-05;1,1602551173979489e-05;0,9952128611763522;-0,09668182274281464;0,9952126408214165;-0,09669056940916149;1,160255117397949e-09
467;-9,999999940634375e-05;7,655670124532762e-15;0,0001000000077462058;5,742399696289846e-12;8,339862044774542e-12;5,750055366414379e-12;6,166803604549571e-06;6,166803604549571e-06;6,166803604549571e-06;0,9362228843094801;-0,6355349863482838;0,9362229623891791;-0,635531691809494;6,166803604549571e-10
468;0,00010000001003451371;7,01786559190578e-12;-9,999999991825e-05;-4,3040810732776534e-14;1,0116263715934624e-11;6,974824781173004e-12;5,956883121889174e-06;5,956883121889174e-06;5,956883121889174e-06;0,9692154694161892;-0,28453534494575783;0,9692153713678038;-0,2845393412255824;5,956883121889174e-10
469;-0,00010000000004774026;1,7999002408713787e-13;0,0001000000031362295;1,949419791834084e-12;3,088489235409178e-12;2,129409815921222e-12;5,933674708188399e-06;5,9336747081884e-06;5,9336747081884e-06;0,973006269906434;-0,5642028064666053;0,973006299957628;-0,5642015864046872;5,9336747081884e-10
470;-9,999999987104988e-05;3,6051140909450555e-14;0,00010000000776266974;5,4046018536644175e-12;7,891619866265409e-12;5,440652994573868e-12;5,854030336381686e-06;5,854030336381686e-06;5,854030336381686e-06;0,986244066514329;-0,28057072734413163;0,9862441443449633;-0,2805676100798282;5,854030336381686e-10
471;-0,00010000000006865062;-5,560206063050867e-14;0,00010000000668394884;5,640412654782781e-12;6,6152982207802816e-12;5,584810594152272e-12;5,857923904929702e-06;5,857923904929702e-06;5,857923904929702e-06;0,9855885446038561;-0,2735200109858738;0,9855886098034792;-0,2735168111253255;5,857923904929703e-10
472;0,00010000000431283353;2,589849183532247e-12;-0,00010000000062258471;-4,55463020829121e-14;3,690248817243488e-12;2,544302881449335e-12;5,801275731518599e-06;5,8012757315185985e-06;5,801275731518599e-06;0,9952126408214165;-0,09669056940916149;0,9952126040955951;-0,09669202718726677;5,801275731518599e-10
