;p_from_mw;q_from_mvar;p_to_mw;q_to_mvar;pl_mw;ql_mvar;i_from_ka;i_to_ka;i_ka;vm_from_pu;va_from_degree;vm_to_pu;va_to_degree;loading_percent
0;-3,8952517301332326;-1,9067205458692484;3,899807532568275;1,9120950722201542;0,004555802435042278;0,0053745263509057395;0,2507628784083007;0,2507628784083007;0,2507628784083007;0,998513651693588;-0,03725662365440313;1,0;0,0;2,507628784083007e-05
1;-3,8316999495931605;-1,874204983049196;3,8351509973942695;1,8777200407459276;0,003451047801108942;0,0035150576967315494;0,24690444579702875;0,2469044457970287;0,24690444579702875;0,9974275201011821;-0,059278187501534664;0,998513651693588;-0,03725662365440313;2,469044457970287e-05
2;-5,825444974208443;-2,8668156439952486;5,849384457693532;2,8833210864194143;0,023939483485088786;0,01650544242416574;0,3765140060311944;0,3765140060311944;0,3765140060311944;0,9955885748880952;-0,037241804364814876;1,0;0,0;3,765140060311944e-05
3;-5,7431420256280195;-2,8217469440389302;5,766444974245406;2,8378156439439097;0,023302948617386576;0,0160686999049795;0,37270157672326404;0,372701576723264;0,37270157672326404;0,9912507866647334;-0,07420329706291282;0,9955885748880952;-0,037241804364814876;3,727015767232641e-05
4;2,140240860108406;1,0502583530791867;-2,1321961885692886;-1,0420670427625438;0,008044671539117587;0,008191310316642886;0,13764293840089992;0,1376429384008999;0,13764293840089992;1,0;0,0;0,9954583533432297;-0,09197523684875734;1,3764293840089992e-05
5;-5,4416794743450545;-2,6727761479840226;5,456118689310017;2,6827308542886836;0,014439214964962588;0,009954706304660998;0,3541267049557099;0,35412670495570975;0,3541267049557099;0,9884222174634891;-0,0984167447206275;0,9912507866647334;-0,07420329706291282;3,5412670495571e-05
6;-2,097653406195844;-1,0186848691984212;2,1107956523456455;1,0320666730355654;0,01314224614980164;0,013381803837144268;0,13627312045998302;0,136273120459983;0,13627312045998302;0,9879694816679658;-0,24551371102823108;0,9954583533432297;-0,09197523684875734;1,3627312045998302e-05
7;-3,8227559833833396;-1,8652000844507417;3,83159994959287;1,8742049830478729;0,008843966209530318;0,009004898597131161;0,24689924610591643;0,24689924610591643;0,24689924610591643;0,994645026263526;-0,11589410795883207;0,9974275201011821;-0,059278187501534664;2,4689924610591643e-05
8;-2,867200019557477;-1,4165017077093955;2,868584451813149;1,4181349691352807;0,0013844322556719746;0,0016332614258851574;0,1847510356116078;0,18475103561160777;0,1847510356116078;0,9993860102030215;-0,015238997361102131;1,0;0,0;1,8475103561160778e-05
9;-3,7728633134639544;-1,8342762762999756;3,7855553006004365;1,8471996137742581;0,012691987136482119;0,012923337474282537;0,24450040704213835;0,24450040704213835;0,24450040704213835;0,990614336606941;-0,19850252675186858;0,994645026263526;-0,11589410795883207;2,4450040704213835e-05
10;-2,8369063439602398;-1,3857581811961366;2,867100019557452;1,416501707708829;0,03019367559721209;0,03074352651269252;0,1847458561831488;0,1847458561831488;0,1847458561831488;0,9866806160598959;-0,2727310136784247;0,9993860102030215;-0,015238997361102131;1,8474585618314878e-05
11;2,83680634398645;1,3857581811748183;-2,8108173842059228;-1,3592951683517671;0,0259889597805274;0,02646301282305119;0,18474059850130922;0,18474059850130917;0,18474059850130922;0,9866806160598959;-0,2727310136784247;0,9757604264940645;-0,4997415994166847;1,847405985013092e-05
12;-3,6376535566226074;-1,7638972717429067;3,6468633134644244;1,7732762762996124;0,009209756841817018;0,009379004556705706;0,2363415571712922;0,2363415571712922;0,2363415571712922;0,9875897110564541;-0,26096591286120174;0,990614336606941;-0,19850252675186858;2,363415571712922e-05
13;3,958163660508376;1,9447737047942724;-3,9356998295115826;-1,9292863033892964;0,022463830996793277;0,015487401404975953;0,2546186974427206;0,2546186974427206;0,2546186974427206;1,0;0,0;0,9938801103173915;-0,05221071962485469;2,5461869744272058e-05
14;3,6764440693029776;1,800767666133385;-3,6566163082141805;-1,7870973609739411;0,019827761088797136;0,013670305159443785;0,2388413125694484;0,2388413125694484;0,2388413125694484;0,9895871358780872;-0,08919240366653969;0,9838295732281841;-0,13923718549093847;2,388413125694484e-05
15;3,809699829534777;1,868286303358247;-3,7944440692267376;-1,857767666233074;0,015255760308039434;0,010518637125173091;0,24648674625910608;0,24648674625910605;0,24648674625910608;0,9938801103173915;-0,05221071962485469;0,9895871358780872;-0,08919240366653969;2,4648674625910608e-05
16;3,5306163084056736;1,7260973607352883;-3,5122455446412237;-1,7134310597918152;0,018370763764449904;0,012666300943473097;0,23062624423784497;0,230626244237845;0,230626244237845;0,9838295732281841;-0,13923718549093847;0,9783056192451944;-0,1877739607589054;2,30626244237845e-05
17;2,9130852222767487;1,4319373757379878;-2,8721097879144257;-1,403685831045222;0,04097543436232298;0,028251544692765806;0,18740784544483519;0,18740784544483519;0,18740784544483519;1,0;0,0;0,9848344016231966;-0,13044667427069884;1,8740784544483517e-05
18;2,85100971665552;1,3936857699952512;-2,8156020956370993;-1,369272879306265;0,035407621018420876;0,024412890688986222;0,18603908265702668;0,18603908265702668;0,18603908265702668;0,9848344016231966;-0,13044667427069884;0,971637183985454;-0,2472467186533971;1,8603908265702667e-05
19;-3,0604601602517087;-1,4968146824430597;3,070305527661808;1,505125885209186;0,009845367410099115;0,008311202766126291;0,2039855557869038;0,2039855557869038;0,2039855557869038;0,9642674960082778;-0,3652358681285151;0,9678046449496275;-0,31261265193064064;2,039855557869038e-05
20;-3,4522521766705236;-1,6927475367601796;3,462662021403063;1,7015357000557245;0,010409844732539142;0,008788163295544882;0,2287557317344877;0,22875573173448777;0,22875573173448777;0,9704097010550681;-0,27405277791729127;0,9737455454391045;-0,22493191366593898;2,2875573173448778e-05
21;-3,0058184079993207;-1,4671358371743386;3,011359477940619;1,4718142110977386;0,005541069941298549;0,004678373923399981;0,20068696421297866;0,20068696421297869;0,20068696421297869;0,9622444412003068;-0,39555681652688224;0,9642674960082778;-0,3652358681285151;2,006869642129787e-05
22;1,22636566664724;0,595996958511904;-1,2199033250785984;-0,5915414213649064;0,006462341568641561;0,004455537146997646;0,07872282860108136;0,07872282860108136;0,07872282860108136;1,0;0,0;0,9943093471773687;-0,049980465996435665;7,872282860108136e-06
23;1,8880576884703544;0,914242634334812;-1,8755120138551995;-0,9055928121651293;0,012545674615154878;0,008649822169682686;0,12111429078116634;0,12111429078116638;0,12111429078116638;1,0;0,0;0,9928209156650557;-0,06375533735038101;1,2111429078116638e-05
24;1,8534113966354577;0,8955923866225937;-1,8508975053442933;-0,8938591428322422;0,0025138912911644162;0,0017332437903514464;0,119704075649547;0,119704075649547;0,119704075649547;0,9928209156650557;-0,06375533735038101;0,991365514772148;-0,07676896885738249;1,1970407564954702e-05
25;-3,318417344529781;-1,6251342089089862;3,3262521770792044;1,6317475364023326;0,00783483254942352;0,0066133274933464214;0,22042710548759356;0,22042710548759356;0,22042710548759356;0,9678046449496275;-0,31261265193064064;0,9704097010550681;-0,27405277791729127;2,2042710548759357e-05
26;-1,834457940928109;-0,8854878187816652;1,8378975053446032;0,8878591428321788;0,0034395644164941785;0,002371324050513657;0,1188703645622808;0,1188703645622808;0,1188703645622808;0,9893603106957612;-0,09474431686630061;0,991365514772148;-0,07676896885738249;1,188703645622808e-05
27;-2,8743043985686674;-1,4023344849760213;2,8798184088963494;1,4061358354875815;0,005514010327682062;0,0038013505115601642;0,19228759989513713;0,19228759989513722;0,19228759989513722;0,9602559697260293;-0,41341048821740056;0,9622444412003068;-0,39555681652688224;1,9228759989513724e-05
28;-2,8632579684398816;-1,394787668689938;2,8742043996432294;1,4023344837580891;0,010946431203347817;0,007546815068151025;0,1922821963018195;0,19228219630181947;0,1922821963018195;0,956308561015162;-0,4490772627697638;0,9602559697260293;-0,41341048821740056;1,922821963018195e-05
29;0,78250137043179;0,37926406554062203;-0,7819546804139652;-0,3788025599634445;0,0005466900178248135;0,0004615055771775567;0,050668954964603684;0,05066895496460368;0,050668954964603684;0,9908349025163826;-0,08072164228289926;0,9900450088848269;-0,09238399443557979;5,066895496460368e-06
30;0,7409546804136193;0,3588025599632605;-0,7403891423332198;-0,35832511278815843;0,0005655380803994969;0,0004774471751020637;0,04800872753858982;0,04800872753858982;0,04800872753858982;0,9900450088848269;-0,09238399443557979;0,9891826685941771;-0,10514766149371522;4,800872753858983e-06
31;1,0939033250784003;0,530541421364894;-1,0923185550412113;-0,5294488270788773;0,0015847700371889317;0,0010925942860167126;0,07059428855131132;0,07059428855131131;0,07059428855131132;0,9943093471773687;-0,049980465996435665;0,9927532633125897;-0,06373991140366522;7,059428855131132e-06
32;0,6644532991619049;0,32231251604516664;-0,6640247980049773;-0,3220170981032098;0,0004285011569276076;0,0002954179419568659;0,043136796439756105;0,043136796439756105;0,043136796439756105;0,9884222174634891;-0,0984167447206275;0,9877336487921469;-0,10453317480489174;4,313679643975611e-06
33;3,45414483727881;1,685430571516529;-3,442975107083398;-1,6777289059541265;0,011169730195412342;0,007701665562402482;0,22682004264653352;0,22682004264653355;0,22682004264653355;0,9783056192451944;-0,1877739607589054;0,9748908771568899;-0,21804396413876123;2,2682004264653356e-05
34;2,9527883932724457;1,440600171306321;-2,9517923422449095;-1,4399130437445662;0,0009960510275361933;0,0006871275617548189;0,19457201202975402;0,19457201202975402;0,19457201202975402;0,9748908771568899;-0,21804396413876123;0,9745358482804596;-0,22119821280495816;1,94572012029754e-05
35;2,951692342262467;1,4399130437373682;-2,951567416816139;-1,4398267316108142;0,00012492544632758396;8,63121265539668e-05;0,19456668742882585;0,1945666874288259;0,1945666874288259;0,9745358482804596;-0,22119821280495816;0,9744913020156067;-0,2215960302491251;1,945666874288259e-05
36;2,942567416855494;1,4358267315486384;-2,939473133385838;-1,4336931322207829;0,0030942834696561228;0,0021335993278555065;0,19398355026966896;0,19398355026966896;0,19398355026966896;0,9744913020156067;-0,2215960302491251;0,973385171006318;-0,23141669253621658;1,9398355026966897e-05
37;2,3165412640226366;1,124268268121149;-2,313112339449341;-1,121903914499832;0,0034289245732956886;0,00236435362131715;0,15053268209124074;0,15053268209124074;0,15053268209124074;0,9875897110564541;-0,26096591286120174;0,9860106598926117;-0,2750055861129762;1,5053268209124076e-05
38;1,1165396049066771;0,543121263032873;-1,1130460913399185;-0,5407126025162569;0,0034935135667586437;0,0024086605166161457;0,07168545635119168;0,07168545635119167;0,07168545635119168;1,0;0,0;0,9966213693385275;-0,029533450032944133;7,168545635119169e-06
39;2,8964728407808336;1,4126929297512263;-2,876841798854488;-1,3991583621517558;0,01963104192634546;0,01353456759947047;0,19114513769227998;0,19114513769227998;0,19114513769227998;0,973385171006318;-0,23141669253621658;0,9662642550773418;-0,29516269266164336;1,9114513769227998e-05
40;0,9743137739011576;0,4724447907200129;-0,9735310890836064;-0,4719051557705659;0,0007826848175511714;0,0005396349494469765;0,06297278262092253;0,06297278262092253;0,06297278262092253;0,9927532633125897;-0,06373991140366522;0,9918917267256091;-0,07136965883143481;6,297278262092253e-06
41;0,97343108907951;0,47190515576988895;-0,9733963564529315;-0,47188112840492713;3,4732626578493075e-05;2,4027364961820563e-05;0,06296754489311567;0,06296754489311567;0,06296754489311567;0,9918917267256091;-0,07136965883143481;0,991853459792504;-0,07171231591029928;6,296754489311567e-06
42;1,1129460913399567;0,5407126025163289;-1,112585553837078;-0,5404639719083153;0,0003605375028787883;0,00024863060801361136;0,07168024564334066;0,07168024564334065;0,07168024564334066;0,9966213693385275;-0,029533450032944133;0,9962726575536136;-0,03259444766106532;7,168024564334067e-06
43;1,1124855538372644;0,5404639719081571;-1,1108919601620457;-0,5391185103235674;0,0015935936752187185;0,0013454615845897022;0,07167503306581599;0,07167503306581598;0,07167503306581599;0,9962726575536136;-0,03259444766106532;0,9946445396886651;-0,05643702558872113;7,167503306581599e-06
44;1,1107919601623608;0,5391185103238606;-1,1101572352198188;-0,5385827155617295;0,0006347249425420198;0,0005357947621310588;0,07166981099047916;0,07166981099047914;0,07166981099047916;0,9946445396886651;-0,05643702558872113;0,9939960938769619;-0,06595042964423994;7,166981099047916e-06
45;2,8537417360375983;1,3881583173797853;-2,8413234475794584;-1,379596137775797;0,012418288458139859;0,008562179603988307;0,18961644156166327;0,18961644156166327;0,18961644156166327;0,9662642550773418;-0,29516269266164336;0,9617238889659389;-0,3362943390613142;1,8961644156166328e-05
46;2,263112339449862;1,0979039144992255;-2,259829765422711;-1,0956404742798695;0,0032825740271511528;0,0022634402193559833;0,14728519637710785;0,14728519637710785;0,14728519637710785;0,9860106598926117;-0,2750055861129762;0,9844657102640745;-0,28877789649753494;1,4728519637710786e-05
47;0,9413963564525992;0,4568811284061521;-0,9405013704311722;-0,4562640655404896;0,0008949860214270133;0,0006170628656624877;0,0609105425184319;0,0609105425184319;0,0609105425184319;0,991853459792504;-0,07171231591029928;0,9908349025163826;-0,08072164228289926;6,09105425184319e-06
48;1,3416971041704642;0,6522546006513039;-1,3366537010541386;-0,6487773432359437;0,005043403116325562;0,003477257415360202;0,08613143412657584;0,08613143412657584;0,08613143412657584;1,0;0,0;0,995940689464564;-0,035564241605567724;8,613143412657584e-06
49;1,004157235219578;0,487582715561729;-1,0033615649254615;-0,4869108918722761;0,000795670294116535;0,0006718236894528995;0,064837413417473;0,064837413417473;0,064837413417473;0,9939960938769619;-0,06595042964423994;0,9930974666602299;-0,07914340924797833;6,4837413417473e-06
50;2,836123389764664;1,3775960967856968;-2,829837704115878;-1,373262327200214;0,006285685648785844;0,004333769585482816;0,18928317826237182;0,18928317826237184;0,18928317826237184;0,9617238889659389;-0,3362943390613142;0,9594218250819172;-0,35727694942785837;1,8928317826237183e-05
51;1,3365537010548372;0,6487773432362091;-1,3360331992496932;-0,6484183994945688;0,000520501805143958;0,00035894374164024967;0,086126218987209;0,086126218987209;0,086126218987209;0,995940689464564;-0,035564241605567724;0,9955217231089775;-0,03925326582662243;8,6126218987209e-06
52;-2,830067554839174;-1,3779672906957416;2,83125713566305;1,3787870929772827;0,0011895808238762129;0,0008198022815411043;0,1901222897946336;0,1901222897946336;0,1901222897946336;0,9558747856915863;-0,4530128969697917;0,956308561015162;-0,4490772627697638;1,901222897946336e-05
53;1,6496815196762578;0,7975810126428272;-1,6477056368617358;-0,7952503666458302;0,0019758828145219898;0,0023306459969970605;0,10842006251661349;0,10842006251661349;0,10842006251661349;0,9757604264940645;-0,4997415994166847;0,9742731555521267;-0,538518487266014;1,0842006251661348e-05
54;-2,7664165524996616;-1,337356713732701;2,7938377056692483;1,3562623257555837;0,02742115316958671;0,018905612022882767;0,18688754912463806;0,1868875491246381;0,1868875491246381;0,9492517875763731;-0,4511150471344296;0,9594218250819172;-0,35727694942785837;1,868875491246381e-05
55;0,4123766781263186;0,19931458972831906;-0,41226144130462694;-0,19921731913110688;0,0001152368216916777;9,727059721217901e-05;0,02673288155489177;0,02673288155489177;0,02673288155489177;0,9891826685941771;-0,10514766149371522;0,988867177598111;-0,10983149113718478;2,673288155489177e-06
56;0,4121614413046227;0,1992173191310476;-0,4121044777656743;-0,19916922801690157;5,696353894835138e-05;4,809111414602607e-05;0,026727624775021754;0,026727624775021754;0,026727624775021754;0,988867177598111;-0,10983149113718478;0,9887111848807948;-0,11214845702087857;2,6727624775021756e-06
57;0,3830044158137455;0,18516917571871733;-0,3828497529044448;-0,18503859904894265;0,0001546629093007179;0,00013057666977467353;0,024841923771814923;0,024841923771814916;0,024841923771814923;0,9887111848807948;-0,11214845702087857;0,9882554856879341;-0,11891786005848017;2,484192377181492e-06
58;-0,2020000000013295;-0,09799999999155473;0,20202172101294374;0,09801497679185403;2,172101161423967e-05;1,4976800299298931e-05;0,013125011770265451;0,013125011770265455;0,013125011770265455;0,9876189272622482;-0,10555223036881212;0,9877336487921469;-0,10453317480489174;1,3125011770265454e-06
59;0,8881343567655279;0,4311299487819707;-0,8875941482584241;-0,4304927823339431;0,0005402085071037899;0,0006371664480275818;0,05769277776023586;0,05769277776023587;0,05769277776023587;0,9879694816679658;-0,24551371102823108;0,9872047538992739;-0,2651038744887925;5,769277776023587e-06
60;4,4592261753027875;2,1964636317883035;-4,442217710840415;-2,1847360110132814;0,017008464462372253;0,011727620775022096;0,290352641742587;0,29035264174258696;0,290352641742587;0,9884222174634891;-0,0984167447206275;0,9843580124566684;-0,1331972788600561;2,90352641742587e-05
61;-0,10432667058887259;-0,05001838713168236;0,10436054225294575;0,05004698270131225;3,387166407316233e-05;2,8595569629891182e-05;0,0070395136181194565;0,0070395136181194565;0,0070395136181194565;0,9488998933145304;-0,45663064112760937;0,9492517875763731;-0,4511150471344296;7,039513618119457e-07
62;-2,430525470651481;-1,1817692130345958;2,4330430581662608;1,1835048655793843;0,0025175875147795956;0,0017356525447884685;0,16434671740869378;0,16434671740869372;0,16434671740869378;0,9494228682093189;-0,5119658847134354;0,9504848947397073;-0,5022235192888326;1,643467174086938e-05
63;3,5536010126557693;1,7476290598573136;-3,5447620213511626;-1,741535699761974;0,008838991304606747;0,006093360095339673;0,23417056601917738;0,23417056601917743;0,23417056601917743;0,9763640326986827;-0,2021967665652345;0,9737455454391045;-0,22493191366593898;2,3417056601917743e-05
64;0,9800130680414663;0,4764021880713351;-0,9787742415331242;-0,4753562542785085;0,0012388265083420613;0,001045933792826581;0,06319523718123417;0,06319523718123414;0,06319523718123417;0,9955217231089775;-0,03925326582662243;0,9940861280510841;-0,06026667601064621;6,319523718123416e-06
65;-2,369372581185733;-1,1519063230047455;2,3735254713930183;1,1547692125129876;0,004152890207285154;0,0028628895082420946;0,16051150880427453;0,1605115088042745;0,16051150880427453;0,9476291631945503;-0,5284404821627493;0,9494228682093189;-0,5119658847134354;1,6051150880427455e-05
66;0,4764283129677758;0,23129529539201224;-0,47618673454913396;-0,23112874507508013;0,00024157841864186347;0,00016655031693210698;0,030949092283285795;0,03094909228328579;0,030949092283285795;0,9879694816679658;-0,24551371102823108;0,9874283833589993;-0,2503113902102281;3,094909228328579e-06
67;0,8013615649254457;0,38891089187245936;-0,8009855416797926;-0,3885934362183413;0,00037602324565311207;0,00031745565411805954;0,05178480741573041;0,05178480741573042;0,05178480741573042;0,9930974666602299;-0,07914340924797833;0,9925657852462346;-0,08695790582524582;5,178480741573042e-06
68;0,8008855416797914;0,38859343621799963;-0,800568391487109;-0,38832567233480425;0,00031715019268241385;0,00026776388319538214;0,05177957409573685;0,05177957409573685;0,05177957409573685;0,9925657852462346;-0,08695790582524582;0,9921173057579379;-0,09355547988337803;5,1779574095736855e-06
69;4,23021766858775;2,0817359815226757;-4,219148915502092;-2,0741059975303653;0,011068753085658578;0,007629983992310407;0,2765286055300424;0,27652860553004244;0,27652860553004244;0,9843580124566684;-0,1331972788600561;0,9815811959632204;-0,1570668487120331;2,765286055300424e-05
70;0,782468376421327;0,3793256619701434;-0,7824504003521908;-0,3793105282709132;1,79760691362274e-05;1,5133699230174269e-05;0,05060329642572724;0,05060329642572724;0,05060329642572724;0,9921173057579379;-0,09355547988337803;0,9920913184541357;-0,093936089605315;5,060329642572724e-06
71;-0,5200515261409911;-0,2520355220445717;0,5205883721624364;0,2524056825756275;0,0005368460214452142;0,0003701605310558187;0,0338223842710629;0,033822384271062905;0,033822384271062905;0,986489469841595;-0,2707677371663123;0,9875897110564541;-0,26096591286120174;3,3822384271062905e-06
72;0,8637742415329002;0,4193562542784743;-0,8632155803639447;-0,4188846390130984;0,0005586611689554211;0,00047161526537586873;0,05576641414648645;0,05576641414648646;0,05576641414648646;0,9940861280510841;-0,06026667601064621;0,993352594855767;-0,07103140601794217;5,576641414648647e-06
73;-1,7481069909865072;-0,8472445440599987;1,7514148861048837;0,8495250783182643;0,0033078951183764804;0,0022805342582655763;0,11985268153029956;0,11985268153029956;0,11985268153029956;0,9357834975208448;-0,6384343812389904;0,9376966021637078;-0,6204941579371486;1,1985268153029956e-05
74;0,0;0,0;0,0;0,0;0,0;0,0;;;;;;;;
75;-9,999999997560806e-05;9,256461915560022e-15;0,00010000003171656808;2,187455549362145e-11;3,174096002581204e-11;2,188381195553701e-11;5,846055764267956e-06;5,846055764267956e-06;5,846055764267956e-06;0,9875893975860746;-0,2609784513578738;0,9875897110564541;-0,26096591286120174;5,846055764267956e-10
76;1,5160018095725203;0,7322475997284813;-1,5144738127778925;-0,731194097150516;0,001527996794627784;0,0010535025779653262;0,09976837204693674;0,09976837204693675;0,09976837204693675;0,9742731555521267;-0,538518487266014;0,9732117883702822;-0,5481962117427649;9,976837204693676e-06
77;0,5184123401995036;0,2514363844304842;-0,5182478145555831;-0,2512422918592505;0,00016452564392044344;0,00019409257123370605;0,033696330321856545;0,033696330321856545;0,033696330321856545;0,9872047538992739;-0,2651038744887925;0,9868060057360968;-0,275334495536166;3,3696330321856542e-06
78;4,093148915685016;2,013105997312142;-4,08572900000036;-2,007990228902087;0,00741991568465572;0,0051157684100551215;0,26829481531059435;0,26829481531059435;0,26829481531059435;0,9815811959632204;-0,1570668487120331;0,9796625868740555;-0,17362866867866275;2,6829481531059435e-05
79;-0,7449921088683332;-0,3616959436596755;0,7452155803645164;0,3618846390126619;0,00022347149618318074;0,00018869535298637885;0,048149865487446285;0,048149865487446285;0,048149865487446285;0,9930127222568984;-0,07602111260323276;0,993352594855767;-0,07103140601794217;4,814986548744628e-06
80;-0,9311466201329291;-0,45079051338578163;0,9315667695262269;0,4510802296604023;0,0004201493932977085;0,00028971627462065497;0,060700505558489555;0,06070050555848954;0,060700505558489555;0,9839859434994926;-0,2930783640132728;0,9844657102640745;-0,28877789649753494;6,070050555848956e-06
81;0,43624781455562633;0,2112422918588911;-0,4361567630979813;-0,21114957570845921;9,105145764504163e-05;9,271615043188186e-05;0,02835840993301207;0,028358409933012068;0,02835840993301207;0,9868060057360968;-0,275334495536166;0,9865569027048144;-0,28050927593230407;2,835840993301207e-06
82;0,580450400356873;0,2813105282714345;-0,5803345333183076;-0,28123063454546277;0,00011586703856536484;7,989372597172473e-05;0,03753745360013436;0,037537453600134364;0,037537453600134364;0,9920913184541357;-0,093936089605315;0,9918773577020358;-0,09583411824565018;3,753745360013437e-06
83;0,9995094069708739;0,48321955479344;-0,9990299835811904;-0,4828148147620355;0,000479423389683431;0,00040474003140444914;0,06752350392523386;0,06752350392523386;0,06752350392523386;0,9492517875763731;-0,4511150471344296;0,9487321110780427;-0,4591558216480555;6,752350392523386e-06
84;0,3991567630979247;0,19314957570834995;-0,3990805176786193;-0,1930719362948919;7,624541930539852e-05;7,76394134580638e-05;0,02595047450202794;0,025950474502027938;0,02595047450202794;0,9865569027048144;-0,28050927593230407;0,9863289728065828;-0,28524931111566193;2,595047450202794e-06
85;-1,5735280577005981;-0,7618460569545074;1,5769890005928189;0,7642321401887429;0,003460942892220764;0,002386083234235503;0,10811850073431477;0,10811850073431477;0,10811850073431477;0,9335647622646105;-0,6593403449689236;0,9357834975208448;-0,6384343812389904;1,0811850073431477e-05
86;-0,6645712980887711;-0,3223406785222644;0,6649921088683793;0,32269594365970317;0,000420810779608205;0,0003552651374387761;0,04297529946737628;0,04297529946737628;0,04297529946737628;0,9922957551427544;-0,08656346085814959;0,9930127222568984;-0,07602111260323276;4,2975299467376276e-06
87;0,7104642281037716;0,3433200315404021;-0,7102368954916082;-0,3431633171439319;0,00022733261216345557;0,00015671439647019225;0,04799238078707021;0,047992380787070216;0,047992380787070216;0,9492517875763731;-0,4511150471344296;0,9489235222734207;-0,45417973165859693;4,799238078707022e-06
88;0,00010000000568983028;4,9736251847352305e-12;-9,999999983651304e-05;-3,258169056936515e-14;5,853317247670083e-12;4,941043494165865e-12;5,929170148650328e-06;5,929170148650329e-06;5,929170148650329e-06;0,9737455454391045;-0,22493191366593898;0,9737454884426905;-0,22493474467516286;5,929170148650329e-10
89;1,7519027714931137;0,8513410011737474;-1,726793856302077;-0,834029387502167;0,02510891519103664;0,017311613671580406;0,11709804450021338;0,11709804450021338;0,11709804450021338;0,9603625922438628;-0,3487954861190434;0,945499856949354;-0,486113212986305;1,1709804450021338e-05
90;0,8750823769701392;0,42377014402848506;-0,8747452910247164;-0,42348551465720224;0,00033708594542281034;0,0002846293712828185;0,05913632506893555;0,059136325068935555;0,059136325068935555;0,9492517875763731;-0,4511150471344296;0,94883448299849;-0,4575560947833339;5,913632506893555e-06
91;1,0358756567219465;0,5011553037470854;-1,0346148198741314;-0,5002859756801263;0,0012608368478150833;0,000869328066959052;0,06715229546468415;0,06715229546468414;0,06715229546468415;0,9893603106957612;-0,09474431686630061;0,9880590068865652;-0,10638327522320129;6,715229546468416e-06
92;1,085262187444969;0,5265596871849227;-1,0845433451978004;-0,5260640943992286;0,0007188422471686717;0,00049559278569411;0,0707422874089627;0,0707422874089627;0,0707422874089627;0,9844657102640745;-0,28877789649753494;0,9837613331933811;-0,29505650458354393;7,07422874089627e-06
93;0,3210805176787495;0,15507193629495525;-0,3210423434564913;-0,15503970841680095;3,8174222258213764e-05;3,2227878154295064e-05;0,02087174177401817;0,02087174177401817;0,02087174177401817;0,9863289728065828;-0,28524931111566193;0,9861951150651506;-0,28724506187609694;2,087174177401817e-06
94;3,8837290002580906;1,9099902286139465;-3,8716010122924303;-1,9016290602127737;0,012127987965660392;0,008361168401172847;0,25506338961126535;0,25506338961126523;0,25506338961126535;0,9796625868740555;-0,17362866867866275;0,9763640326986827;-0,2021967665652345;2,5506338961126538e-05
95;-0,20200000000011836;-0,09799999999997165;0,20205152614104396;0,0980355220448222;5,1526140925600705e-05;3,5522044850549994e-05;0,013143659560714805;0,013143659560714805;0,013143659560714805;0,9862177261306209;-0,27318344585069926;0,986489469841595;-0,2707677371663123;1,3143659560714805e-06
96;0,4543345333192915;0,2202306345455665;-0,4541545788682439;-0,22010657091538416;0,00017995445104762586;0,00012406363018233058;0,029388982085931607;0,029388982085931607;0,029388982085931607;0,9918773577020358;-0,09583411824565018;0,9914529305920596;-0,09959704319591049;2,9388982085931604e-06
97;1,2674738127898209;0,6121940971503459;-1,2632685790647964;-0,6092948015512395;0,00420523372502446;0,0028992955991063996;0,08350337052277754;0,08350337052277755;0,08350337052277755;0,9732117883702822;-0,5481962117427649;0,9697219446722536;-0,5801317604069541;8,350337052277755e-06
98;1,2631685790796676;0,6092948015370551;-1,2623275566918322;-0,6087150168916734;0,000841022387835455;0,0005797846453816646;0,08349800795607577;0,08349800795607579;0,08349800795607579;0,9697219446722536;-0,5801317604069541;0,9690240015918465;-0,5865432964850453;8,349800795607579e-06
99;-0,2531532399812161;-0,12310565146914497;0,25329036033023755;0,12320018548557607;0,00013712034902146897;9,453401643109982e-05;0,017013719272705164;0,017013719272705168;0,017013719272705168;0,9552490847541754;-0,4587235177158438;0,9558078347150595;-0,45362803899540344;1,7013719272705167e-06
100;-0,5127084812984025;-0,2484195109017262;0,512845640020986;0,24851406548491475;0,00013715872258346362;9,45545831885497e-05;0,03371972716175755;0,03371972716175755;0,03371972716175755;0,9754784900818274;-0,5022838409543117;0,9757604264940645;-0,4997415994166847;3,371972716175755e-06
101;-0,24805247149961895;-0,1200361763572026;0,2481532399911525;0,1201056514760554;0,00010076849153353717;6,9475118852802e-05;0,016662684116693697;0,016662684116693697;0,016662684116693697;0,9548299335249878;-0,46259814539960076;0,9552490847541754;-0,4587235177158438;1,6662684116693698e-06
102;-2,554149614288289;-1,2415093873665566;2,5675600559285754;1,2507552896477738;0,013410441640286486;0,009245902281217244;0,1725031516468933;0,1725031516468933;0,1725031516468933;0,9504848947397073;-0,5022235192888326;0,9558747856915863;-0,4530128969697917;1,7250315164689332e-05
103;2,1279444460660266;1,0373996223454995;-2,126967922893639;-1,036726444669215;0,0009765231723877221;0,0006731776762844977;0,14066877263442884;0,14066877263442887;0,14066877263442887;0,971637183985454;-0,2472467186533971;0,9711558465676297;-0,25153696959614236;1,4066877263442886e-05
104;-0,7286710482563833;-0,35246266831152917;0,7291466201324419;0,35279051338653233;0,0004755718760586225;0,0003278450750031636;0,047527040598005964;0,047527040598005964;0,047527040598005964;0,983292448397528;-0,29930644534261325;0,9839859434994926;-0,2930783640132728;4,752704059800596e-06
105;0,37315457886842907;0,18110657091551224;-0,3730330253868974;-0,18102276989757507;0,00012155348153164436;8,380101793717398e-05;0,024153882473607547;0,024153882473607544;0,024153882473607547;0,9914529305920596;-0,09959704319591049;0,9911040806898369;-0,10268085297409907;2,4153882473607547e-06
106;-0,4485461301369016;-0,21730758422636032;0,44870848129826046;0,21741951090406578;0,00016235116135887573;0,0001119266777054595;0,02951083160927458;0,029510831609274576;0,02951083160927458;0,9750971713163885;-0,5057246628013676;0,9754784900818274;-0,5022838409543117;2,9510831609274578e-06
107;0,26240750022161174;0,1272119996408721;-0,2623904864562403;-0,12720027242841697;1,7013765371443057e-05;1,172721245512598e-05;0,017613736563954544;0,017613736563954544;0,017613736563954544;0,9558747856915863;-0,4530128969697917;0,9558078347150595;-0,45362803899540344;1,7613736563954542e-06
108;0,1990423434563882;0,09603970841673427;-0,19901035933897132;-0,09600714176554125;3,1984117416866686e-05;3,256665119302782e-05;0,012938112816950821;0,012938112816950821;0,012938112816950821;0,9861951150651506;-0,28724506187609694;0,9860034192788645;-0,2912465654896011;1,2938112816950822e-06
109;0,3131132563004145;0,15107808442961784;-0,3130517315909721;-0,15103566303298266;6,15247094423732e-05;4,242139663518385e-05;0,021357529113652494;0,021357529113652497;0,021357529113652497;0,9398049831010389;-0,5400159841419264;0,9396053571693144;-0,5419067378196842;2,1357529113652494e-06
110;0,5777936257395198;0,2811926719405894;-0,5768349925660632;-0,28053172649678343;0,000958633173456569;0,0006609454438059603;0,03755139403066413;0,037551394030664126;0,03755139403066413;0,9879694816679658;-0,24551371102823108;0,9861995511027208;-0,26112844258407275;3,755139403066413e-06
111;0,0;0,0;0,0;0,0;0,0;0,0;;;;;;;;
112;2,0589679230363545;1,0037264445332488;-2,053477685952538;-0,9999413018522996;0,005490237083816574;0,003785142680949205;0,13617530216093998;0,13617530216094004;0,13617530216094004;0,9711558465676297;-0,25153696959614236;0,9683603720807341;-0,27653725412374724;1,3617530216094004e-05
113;2,053377686356318;0,9999413013826248;-2,044634828620082;-0,9939135857606963;0,00874285773623562;0,006027715621928498;0,13616994180558795;0,13616994180558797;0,13616994180558797;0,9683603720807341;-0,27653725412374724;0,9639089286809417;-0,3166470328547096;1,3616994180558797e-05
114;0,38838020258788725;0,18819318131579063;-0,3881917379085208;-0,1880632478191436;0,00018846467936645128;0,0001299334966470278;0,025230030941950768;0,025230030941950757;0,025230030941950768;0,9875897110564541;-0,26096591286120174;0,9870719495873194;-0,26558132999840667;2,523003094195077e-06
115;0,49623071999893603;0,2397857417867421;-0,4961273469071997;-0,23969845538839768;0,00010337309173635845;8,728639834443275e-05;0,03274822477824832;0,03274822477824832;0,03274822477824832;0,971637183985454;-0,2472467186533971;0,9714061398784715;-0,250742314923792;3,2748224778248323e-06
116;0,4960273469100853;0,23969845538492335;-0,4958817134231863;-0,2395755288860435;0,00014563348689899946;0,00012292649887984952;0,032742873294992855;0,03274287329499286;0,03274287329499286;0,9714061398784715;-0,250742314923792;0,9710806216037291;-0,2556649666626639;3,2742873294992863e-06
117;0,4957817134286464;0,2395755288815799;-0,4955657138978636;-0,23939316071566738;0,00021599953078282885;0,00018236816591252203;0,032737520000036095;0,0327375200000361;0,0327375200000361;0,9710806216037291;-0,2556649666626639;0,9705977103887415;-0,26297553700640147;3,2737520000036103e-06
118;-0,12600057236158155;-0,06100039411308084;0,12605247143653225;0,06103617678582387;5,189907495070645e-05;3,5782672743026045e-05;0,008468442104089851;0,008468442104089853;0,008468442104089853;0,9544051567196499;-0,46652222854697506;0,9548299335249878;-0,46259814539960076;8,468442104089853e-07
119;-0,3844619051630749;-0,1862495139323538;0,38454613013687505;0,18630758422892732;8,422497380017324e-05;5,807029657350915e-05;0,025300290117768662;0,025300290117768666;0,025300290117768666;0,974866424346667;-0,5078084683193644;0,9750971713163885;-0,5057246628013676;2,5300290117768667e-06
120;0,8020496681722286;0,38758581975120254;-0,8016944944912072;-0,38734092483623705;0,00035517368102133684;0,00024489491496548776;0,05307378561191652;0,05307378561191653;0,05307378561191653;0,9690240015918465;-0,5865432964850453;0,9685602140388206;-0,5907879686884844;5,307378561191653e-06
121;-0,3773874149356297;-0,1831981618037091;0,37746190516316086;0,18324951393271088;7,44902275311432e-05;5,1352129001785984e-05;0,02484974786101848;0,024849747861018484;0,024849747861018484;0,9746586279878354;-0,5096746542786672;0,974866424346667;-0,5078084683193644;2,4849747861018482e-06
122;0,551571298088589;0,2673406785224603;-0,5512017204980068;-0,26708587373721276;0,0003695775905822041;0,00025480478524753103;0,035663170936466294;0,035663170936466294;0,035663170936466294;0,9922957551427544;-0,08656346085814959;0,9915774451231366;-0,09293354128257549;3,5663170936466293e-06
123;-0,37714190556269844;-0,18309783477519118;0,377287414936544;0,18319816180337842;0,00014550937384555374;0,00010032702818724148;0,02484441907685922;0,024844419076859223;0,024844419076859223;0,9742526116876131;-0,5133225851013024;0,9746586279878354;-0,5096746542786672;2,484441907685922e-06
124;2,0146348289560754;0,9799135854028885;-2,013450199716992;-0,9790968232462562;0,0011846292390833568;0,0008167621566322891;0,1341872586511406;0,1341872586511406;0,1341872586511406;0,9639089286809417;-0,3166470328547096;0,9632968708400671;-0,32218314386870905;1,3418725865114059e-05
125;-0,27100603414589236;-0,1310041594593288;0,27109140614761496;0,1310630190528426;8,537200172259451e-05;5,885959351378811e-05;0,017612367422882278;0,017612367422882275;0,017612367422882278;0,9867360112917625;-0,26859489871327064;0,9870719495873194;-0,26558132999840667;1,7612367422882278e-06
126;0,19404859540766037;0,0940335015886656;-0,19400316518316946;-0,09400218075107607;4,543022449091105e-05;3,132083758952686e-05;0,013249731792617151;0,013249731792617153;0,013249731792617153;0,9396053571693144;-0,5419067378196842;0,9393676963534043;-0,544132486355819;1,3249731792617154e-06
127;0,6248364134645825;0,3025077219332737;-0,6243635225497136;-0,3021816794967567;0,00047289091486890644;0,0003260424365169601;0,042390695921779874;0,042390695921779874;0,042390695921779874;0,945499856949354;-0,486113212986305;0,9447266616103264;-0,49333204407309694;4,2390695921779875e-06
128;0,19132693012298316;0,09208751452231045;-0,19128503793118612;-0,09205863126011389;4,189219179703829e-05;2,8883262196563453e-05;0,012617014516765876;0,012617014516765878;0,012617014516765878;0,971637183985454;-0,2472467186533971;0,9714071332329388;-0,2493674342751958;1,2617014516765879e-06
129;0,19118503793241184;0,0920586312589216;-0,19112922908256566;-0,09202015292742709;5,580884984618395e-05;3,847833149450697e-05;0,012611659273465015;0,012611659273465014;0,012611659273465015;0,9714071332329388;-0,2493674342751958;0,9711005213661291;-0,2521917198679694;1,2611659273465015e-06
130;0,3902413294970331;0,18816638239731165;-0,39011325636077093;-0,18807808392266767;0,00012807313626217454;8,829847464397744e-05;0,026605641248733512;0,026605641248733512;0,026605641248733512;0,9401385432803883;-0,536852776502256;0,9398049831010389;-0,5400159841419264;2,6605641248733514e-06
131;0,5027348933743914;0,24453164275518388;-0,502622261480912;-0,24443655637207248;0,00011263189347932023;9,508638311139794e-05;0,03272849643841009;0,03272849643841009;0,03272849643841009;0,9861995511027208;-0,26112844258407275;0,9859475093646262;-0,2648437557421657;3,2728496438410093e-06
132;0,502522261481027;0,24443655637238917;-0,5022501365834654;-0,24420683554338887;0,0002721248975615653;0,00022972082900030166;0,03272323046627754;0,03272323046627753;0,03272323046627754;0,9859475093646262;-0,2648437557421657;0,9853384797288445;-0,2738254641875316;3,2723230466277543e-06
133;-0,6022305631759739;-0,2911589686117844;0,6026710482567159;0,2914626683117763;0,00044048508074201465;0,0003036996999918884;0,03930742638207054;0,03930742638207055;0,03930742638207055;0,9825157949762175;-0,30629824162362185;0,983292448397528;-0,29930644534261325;3,930742638207055e-06
134;0,8575386804424087;0,41606087777553774;-0,8565265538419299;-0,41536303422629245;0,00101212660047878;0,0006978435492452917;0,05593802496278339;0,055938024962783404;0,055938024962783404;0,9837613331933811;-0,29505650458354393;0,9825070864958841;-0,30625405982439186;5,59380249627834e-06
135;-0,10331650601636151;-0,05001137946836502;0,10332667058291468;0,050018387091785674;1,0164566553172438e-05;7,007623420651754e-06;0,0069846987461027864;0,006984698746102787;0,006984698746102787;0,948799030139655;-0,45756837439361225;0,9488998933145304;-0,45663064112760937;6,984698746102787e-07
136;0,4185657138943713;0,2023931607536727;-0,41832441913862933;-0,2021894507078876;0,000241294755741972;0,00020371004578509377;0,027655914601936;0,027655914601935998;0,027655914601936;0,9705977103887415;-0,26297553700640147;0,969959098779693;-0,27263799089816476;2,7655914601936e-06
137;0,6134226080957887;0,2971876848359898;-0,6132935400444647;-0,29709871243919866;0,00012906805132406607;8,897239679112046e-05;0,039353433401302075;0,039353433401302075;0,039353433401302075;1,0;0,0;0,9997726803673765;-0,002000747336772538;3,935343340130207e-06
138;0,6131935400447616;0,297098712439098;-0,612709685903952;-0,2967651192319084;0,0004838541408095365;0,0003335932071896197;0,039348236371048576;0,039348236371048576;0,039348236371048576;0,9997726803673765;-0,002000747336772538;0,9989203551908389;-0,009511029741249555;3,934823637104858e-06
139;-0,04400000002637067;-0,020999999840249386;0,044000572314170136;0,021000394413506467;5,722877994690512e-07;3,945732570814764e-07;0,0029493567031137692;0,0029493567031137697;0,0029493567031137697;0,9543917194673968;-0,4666510200202638;0,9544051567196499;-0,46652222854697506;2,9493567031137697e-07
140;-0,4380512181359298;-0,212035310777786;0,4381620136475061;0,2121117005696253;0,00011079551157633372;7,638979183929862e-05;0,02901791087702771;0,02901791087702771;0,02901791087702771;0,9682955742123551;-0,5931991684471166;0,9685602140388206;-0,5907879686884844;2,901791087702771e-06
141;0,04520169668693304;0,02200116980637628;-0,04520146017391524;-0,022001006783180205;2,3651301779559208e-07;1,6302319607447435e-07;0,0029369313799080116;0,002936931379908012;0,002936931379908012;0,9882554856879341;-0,11891786005848017;0,988249902608967;-0,1189669517814584;2,936931379908012e-07
142;0,045101460171614836;0,02200100678319259;-0,04510014079232347;-0,022000097115391158;1,3193792913687719e-06;9,096678014325343e-07;0,002931679537654452;0,0029316795376544526;0,0029316795376544526;0,988249902608967;-0,1189669517814584;0,9882186955618497;-0,11923998655693992;2,9316795376544526e-07
143;1,9304501999348;0,9390968230975543;-1,9257306143218984;-0,9358428269978247;0,0047195856129016445;0,003253996099729539;0,1286651534491606;0,1286651534491606;0,1286651534491606;0,9632968708400671;-0,32218314386870905;0,96075380419946;-0,34523832405152133;1,286651534491606e-05
144;1,9256306145601845;0,9358428267319284;-1,9249045854668883;-0,9353422540054968;0,000726029093296221;0,0005005727264316695;0,12865974856383425;0,12865974856383425;0,12865974856383425;0,96075380419946;-0,34523832405152133;0,9603625922438628;-0,3487954861190434;1,2865974856383426e-05
145;-0,5387250245242269;-0,25943092661736133;0,5411158567886615;0,26107932533319583;0,0023908322644345947;0,0016483987158344982;0,036687044689094235;0,036687044689094235;0,036687044689094235;0,9409841670274502;-0,5288209697356356;0,945499856949354;-0,486113212986305;3,6687044689094235e-06
146;0,46162502477677714;0,22243092680533655;-0,4612413295064889;-0,22216638197913346;0,00038369527028825345;0,0002645448262030836;0,03143997840785289;0,03143997840785289;0,03143997840785289;0,9409841670274502;-0,5288209697356356;0,9401385432803883;-0,536852776502256;3,143997840785289e-06
147;-1,8014148822753844;-0,8735250816914323;1,8190757331287304;0,8857016464384724;0,01766085085334601;0,012176564747040097;0,12326749225525972;0,12326749225525975;0,12326749225525975;0,9376966021637078;-0,6204941579371486;0,9476291631945503;-0,5284404821627493;1,2326749225525976e-05
148;0,5002968512493589;0,24220467366252443;-0,5002239119910217;-0,24215437309852023;7,293925833717907e-05;5,030056400420757e-05;0,03386508060742044;0,033865080607420446;0,033865080607420446;0,9476291631945503;-0,5284404821627493;0,9474798716819056;-0,5298313670796755;3,3865080607420446e-06
149;0,11412922907539562;0,05502015297405506;-0,11410838690289012;-0,055005782701244586;2,084217250550302e-05;1,437027281047526e-05;0,007532674569780648;0,0075326745697806485;0,0075326745697806485;0,9711005213661291;-0,2521917198679694;0,9709087931240847;-0,2539528711887061;7,532674569780648e-07
150;0,19407416007154366;0,09405112966467208;-0,19403231566299842;-0,09402227934742616;4,184440854523852e-05;2,885031724592091e-05;0,012609816827057346;0,012609816827057347;0,012609816827057347;0,9874283833589993;-0,2503113902102281;0,9871983683458365;-0,252361227336281;1,2609816827057346e-06
151;0,1140083869032169;0,05500578270086778;-0,11400000001270659;-0,0549999999279622;8,386890510303502e-06;5,782772905575662e-06;0,00752731840008866;0,00752731840008866;0,00752731840008866;0,9709087931240847;-0,2539528711887061;0,9708315823356346;-0,2546607674701572;7,52731840008866e-07
152;-0,41126488954492;-0,1981136820355695;0,41143156119613955;0,19822859640721693;0,00016667165121952987;0,00011491437164742879;0,02665086662395317;0,026650866623953173;0,026650866623953173;0,9889269759822916;-0,09865794446926877;0,9893603106957612;-0,09474431686630061;2,6650866623953173e-06
153;0,0;0,0;0,0;0,0;0,0;0,0;;;;;;;;
154;0,23011257447723146;0,11207761541011849;-0,23002416325234532;-0,11201665883372636;8,841122488614794e-05;6,095657639212937e-05;0,014965737912258194;0,014965737912258194;0,014965737912258194;0,9874283833589993;-0,2503113902102281;0,9870187769327735;-0,25391431943648723;1,4965737912258195e-06
155;0,0;0,0;0,0;0,0;0,0;0,0;;;;;;;;
156;-0,2610477074034277;-0,1270328913704394;0,26114190556166017;0,12709783477990758;9,419815823247246e-05;6,494340946816557e-05;0,017211061076307883;0,017211061076307883;0,017211061076307883;0,9738731496738788;-0,5167114716923055;0,9742526116876131;-0,5133225851013024;1,7211061076307881e-06
157;0,0;0,0;0,0;0,0;0,0;0,0;;;;;;;;
158;0,5595051649452063;0,27076200223757335;-0,5592320385067754;-0,27057367122020337;0,0002731264384309151;0,00018833101736998037;0,035925557452159765;0,035925557452159765;0,035925557452159765;0,9989203551908389;-0,009511029741249555;0,9983934160037851;-0,014172970919785602;3,592555745215977e-06
159;0,6055254785401902;0,293362292667468;-0,6051140832101256;-0,293078649375604;0,00041139533006462337;0,0002836432918639775;0,03953845909905552;0,03953845909905551;0,03953845909905552;0,9825070864958841;-0,30625405982439186;0,9817858842483507;-0,31272155101124965;3,953845909905552e-06
160;0,1710330253864606;0,08302276989748306;-0,17100074719169012;-0,08300051516401612;3,227819477047422e-05;2,225473346693929e-05;0,011075024102837928;0,011075024102837927;0,011075024102837928;0,9911040806898369;-0,10268085297409907;0,9909020415015481;-0,10446685264219914;1,107502410283793e-06
161;0,16703231566306884;0,08102227934753677;-0,16700000000000448;-0,08100000000005311;3,23156630643584e-05;2,227934748365301e-05;0,01085726233523616;0,01085726233523616;0,01085726233523616;0,9871983683458365;-0,252361227336281;0,9869920494607037;-0,2541954436683055;1,0857262335236159e-06
162;-9,999999992884668e-05;3,196819217602583e-14;0,00010000002320641391;1,6016795289262997e-11;2,3277567238111016e-11;1,6048763481439023e-11;5,8421168567561985e-06;5,8421168567561985e-06;5,8421168567561985e-06;0,9882552556461396;-0,11892705532048944;0,9882554856879341;-0,11891786005848017;5,842116856756199e-10
163;0,34732441913559264;0,16818945074404773;-0,3471140366845167;-0,16801185002919772;0,00021038245107596332;0,0001776007148500125;0,022970227627280102;0,022970227627280095;0,022970227627280102;0,969959098779693;-0,27263799089816476;0,9692886346668965;-0,28276394090348855;2,2970227627280104e-06
164;-0,14499999999966692;-0,06999999999968838;0,14500603414523117;0,07000415945925205;6,0341455642431985e-06;4,159459563668477e-06;0,009421440531669389;0,009421440531669389;0,009421440531669389;0,9866916296203856;-0,26899430790885565;0,9867360112917625;-0,26859489871327064;9,421440531669389e-07
165;0,0;0,0;0,0;0,0;0,0;0,0;;;;;;;;
166;0,01800064262370696;0,009000442926656353;-0,018000000023225386;-0,008999999867877284;6,426004815728026e-07;4,4305877906943014e-07;0,001236976329688415;0,0012369763296884151;0,0012369763296884151;0,9393386091991784;-0,5444032825562439;0,9393025345463624;-0,5447133262351179;1,2369763296884151e-07
167;0,5478415884095854;0,26444233787753574;-0,5477810687097563;-0,2644006115728656;6,05196998291202e-05;4,1726304670142156e-05;0,03714617231152233;0,03714617231152232;0,03714617231152233;0,945499856949354;-0,486113212986305;0,9453869536277054;-0,4871747548576965;3,714617231152233e-06
168;-0,20210599242253355;-0,09800505867190236;0,20212024096847442;0,09801708906582648;1,4248545940870327e-05;1,2030393924125637e-05;0,013082572567951659;0,013082572567951653;0,013082572567951659;0,9912533200853935;-0,09770385287316191;0,9913330647916957;-0,09652856316507888;1,3082572567951657e-06
169;-0,20200000000185003;-0,0980000000006919;0,20200599242397993;0,09800505867211319;5,992422129896813e-06;5,058671421295791e-06;0,013077332040464325;0,013077332040464325;0,013077332040464325;0,9912197690631555;-0,09819781363334511;0,9912533200853935;-0,09770385287316191;1,3077332040464326e-06
170;0,5452115342999055;0,26414582060131303;-0,5450026545115263;-0,2640018303944211;0,00020887978837924592;0,00014399020689193076;0,03540026095944578;0,035400260959445776;0,03540026095944578;0,9880590068865652;-0,10638327522320129;0,9876500379871561;-0,11002682445364789;3,5400260959445784e-06
171;0,4482239119574081;0,21715437339801066;-0,448138058215595;-0,21709518488337795;8,585374181313554e-05;5,918851463271313e-05;0,030349277735789215;0,03034927773578922;0,03034927773578922;0,9474798716819056;-0,5298313670796755;0,9472837966115771;-0,5316532560487229;3,034927773578922e-06
172;-0,3771202409687732;-0,18301708906532907;0,37720172049805234;0,18308587373707286;8,147952927911595e-05;6,878467174378788e-05;0,024413166553833604;0,024413166553833607;0,024413166553833607;0,9913330647916957;-0,09652856316507888;0,9915774451231366;-0,09293354128257549;2,4413166553833605e-06
173;0,3482501365834344;0,16920683554327362;-0,3481103242138937;-0,1690887940672782;0,00013981236954069276;0,00011804147599542292;0,022686523188964806;0,022686523188964806;0,022686523188964806;0,9853384797288445;-0,2738254641875316;0,9848871703034116;-0,2804982579624425;2,2686523188964806e-06
174;0,013100517115530244;0,006000356307852489;-0,01310000003510912;-0,005999999806498386;5,170804211248464e-07;3,565013541031656e-07;0,0008940127001176926;0,0008940127001176922;0,0008940127001176926;0,9305473165858559;-0,6879532293347902;0,9305073695895325;-0,6883858573266908;8,940127001176925e-08
175;0,5013893846209934;0,24229337527248457;-0,5012283920239318;-0,24215745811630035;0,0001609925970615933;0,00013591715618421762;0,03388425736703961;0,03388425736703961;0,03388425736703961;0,94883448299849;-0,4575560947833339;0,9484867359533041;-0,46294217672257115;3,3884257367039604e-06
176;0,07000264959182734;0,03400182625716748;-0,07000064268366774;-0,03400044256125443;2,0069081596019167e-06;1,3836959130500426e-06;0,00478315481570427;0,004783154815704269;0,00478315481570427;0,9393676963534043;-0,544132486355819;0,9393386091991784;-0,5444032825562439;4,78315481570427e-07
177;0,49112791135703115;0,2375708257798211;-0,4909107357801039;-0,23742107526170061;0,0002171755769272421;0,000149750518120495;0,03154917962901754;0,03154917962901754;0,03154917962901754;0,9983934160037851;-0,014172970919785602;0,9979163131111104;-0,018400679505308982;3,154917962901754e-06
178;-0,18402182291104868;-0,09001504488451437;0,1840477074024195;0,09003289137377686;2,588449137080895e-05;1,7846489262493548e-05;0,012146621772745945;0,01214662177274594;0,012146621772745945;0,9737253561792948;-0,5180139427105043;0,9738731496738788;-0,5167114716923055;1,2146621772745944e-06
179;0,14402416325248377;0,07001665883376991;-0,14400010810773367;-0,07000007452517659;2,4055144750095847e-05;1,658430859331761e-05;0,009367372337800755;0,009367372337800757;0,009367372337800757;0,9870187769327735;-0,25391431943648723;0,9868407464716297;-0,25548808075819973;9,367372337800756e-07
180;0,4758105728626937;0,23042096294410483;-0,47561155833922547;-0,23028374929225934;0,00019901452346821058;0,0001372136518454914;0,030586375467784543;0,030586375467784543;0,030586375467784543;0,9979163131111104;-0,018400679505308982;0,9974653257162497;-0,022385780791887067;3,0586375467784545e-06
181;-0,16800160718317242;-0,08200110808915495;0,1680218229112633;0,08201504488510308;2,0215728090883234e-05;1,3936795948132907e-05;0,01108600176658377;0,01108600176658377;0,01108600176658377;0,9735989058713806;-0,5191346583727632;0,9737253561792948;-0,5180139427105043;1,1086001766583772e-06
182;0,0;0,0;0,0;0,0;0,0;0,0;;;;;;;;
183;0,0;0,0;0,0;0,0;0,0;0,0;;;;;;;;
184;-0,4030000000000192;-0,19499999999928244;0,4031140832096729;0,19507864937599065;0,00011408320965372587;7,864937670820638e-05;0,026335472538554346;0,026335472538554346;0,026335472538554346;0,9814856496291874;-0,31542193792469897;0,9817858842483507;-0,31272155101124965;2,6335472538554347e-06
185;0,12100655776517291;0,05800452000107082;-0,12100000009590339;-0,05799999939502119;6,557669269519062e-06;4,520606049628062e-06;0,008151099197712768;0,00815109919771277;0,00815109919771277;0,9504848947397073;-0,5022235192888326;0,9504291689262366;-0,5027537996004025;8,15109919771277e-07
186;-0,028100000007645617;-0,013999999999069205;0,028100707626664348;0,014000487948263026;7,076190187312037e-07;4,879491938211689e-07;0,0018528025802370784;0,0018528025802370784;0,0018528025802370784;0,9782791025619011;-0,187995131092424;0,9783056192451944;-0,1877739607589054;1,8528025802370783e-07
187;-1,087068823842336;-0,5255300450781689;1,0903303841258476;0,5277787235391734;0,0032615602835115443;0,0022486784610045163;0,07491432098191582;0,0749143209819158;0,07491432098191582;0,9305473165858559;-0,6879532293347902;0,9335647622646105;-0,6593403449689236;7,491432098191583e-06
188;0,5156891059564239;0,24956853806783388;-0,5154015056814124;-0,2493257534056015;0,00028760027501151253;0,00024278466223237594;0,03486407127211357;0,03486407127211358;0,03486407127211358;0,9487321110780427;-0,4591558216480555;0,9481282790877706;-0,4684879878635152;3,4864071272113575e-06
189;0,49523056317619196;0,2391589686124627;-0,4951320896812251;-0,23909107422379153;9,847349496688862e-05;6,78943886711636e-05;0,032316688945798824;0,03231668894579882;0,032316688945798824;0,9825157949762175;-0,30629824162362185;0,9823046266875023;-0,3082067833450086;3,2316688945798825e-06
190;0,3531380581428206;0,1710951854518255;-0,35301576249572136;-0,1710108637442563;0,00012229564709925755;8,432170756919599e-05;0,023916162352277223;0,02391616235227722;0,023916162352277223;0,9472837966115771;-0,5316532560487229;0,9469293556450238;-0,534948681887489;2,3916162352277225e-06
191;0,40634087762945814;0,19624627687188576;-0,40626819080254967;-0,1961849014092643;7,268682690847461e-05;6,137546262144356e-05;0,027460716532314456;0,027460716532314456;0,027460716532314456;0,9487321110780427;-0,4591558216480555;0,9485383812573134;-0,4621601024385075;2,7460716532314457e-06
192;-0,00010000000006669617;-1,2491136925517663e-13;0,00010000000665896685;5,6910907957885955e-12;6,592270688208536e-12;5,566179426533419e-12;5,901693147929199e-06;5,901693147929199e-06;5,901693147929199e-06;0,9782790380710973;-0,18799832027809843;0,9782791025619011;-0,187995131092424;5,901693147929199e-10
193;0,0;0,0;0,0;0,0;0,0;0,0;;;;;;;;
194;0,2761103242141334;0,1340887940674315;-0,27602804508559486;-0,13401933614650377;8,227912853853159e-05;6,945792092771796e-05;0,017993550760167926;0,01799355076016793;0,01799355076016793;0,9848871703034116;-0,2804982579624425;0,984552333647994;-0,28545334810640377;1,799355076016793e-06
195;0,4195093574879367;0,2032822318121332;-0,419379224282756;-0,2031925058626732;0,000130133205180738;8,972594945999557e-05;0,026982562176989043;0,02698256217698904;0,026982562176989043;0,9974653257162497;-0,022385780791887067;0,9971310276824045;-0,02533632930647829;2,698256217698904e-06
196;-0,24401969959068853;-0,1180135825192768;0,24405121813237107;0,11803531079521414;3,151854168254031e-05;2,1728275937341057e-05;0,016164243855790076;0,016164243855790073;0,016164243855790076;0,9681604376186788;-0,594433074641491;0,9682955742123551;-0,5931991684471166;1,6164243855790077e-06
197;-0,05100000001697986;-0,024999999907302166;0,051001815510084605;0,025001251513145858;1,8154931047467682e-06;1,2516058436919109e-06;0,0034147034678841965;0,0034147034678841974;0,0034147034678841974;0,9603257151567562;-0,3491230606606348;0,9603625922438628;-0,3487954861190434;3,4147034678841973e-07
198;-0,4090388759788641;-0,198026805014294;0,4091867139562305;0,19812873449354024;0,00014783797736639404;0,00010192947924622664;0,026924137424688174;0,026924137424688167;0,026924137424688174;0,9745102947154151;-0,22148746601476532;0,9748908771568899;-0,21804396413876123;2,6924137424688174e-06
199;-0,2730135066464842;-0,1320093109857299;0,2730844752301102;0,1320582379228647;7,096858362598546e-05;4,8926937134791126e-05;0,01845594624094762;0,01845594624094762;0,01845594624094762;0,9486570247107037;-0,45666443308107324;0,9489235222734207;-0,45417973165859693;1,845594624094762e-06
200;0,4072790734202239;0,1971924018357367;-0,4071383126986423;-0,19709536240338954;0,0001407607215815898;9,703943234715129e-05;0,02620057698767633;0,02620057698767633;0,02620057698767633;0,9971310276824045;-0,02533632930647829;0,9967586687303231;-0,028629666414441427;2,620057698767633e-06
201;-0,05260025667370464;-0,02500017696857235;0,05260299984075117;0,02500206816711458;2,7431670465288827e-06;1,891198542231659e-06;0,0034514216348630633;0,0034514216348630633;0,0034514216348630633;0,974218130821672;-0,5390403988068903;0,9742731555521267;-0,538518487266014;3,4514216348630633e-07
202;0,0;0,0;0,0;0,0;0,0;0,0;;;;;;;;
203;0,0;0,0;0,0;0,0;0,0;0,0;;;;;;;;
204;0,041001135935500414;0,020000959005801216;-0,041000000009751535;-0,01999999995737943;1,1359257488796626e-06;9,590484217857076e-07;0,0027215663220215847;0,0027215663220215842;0,0027215663220215847;0,967765671607717;-0,3129632420060322;0,9677350937874227;-0,3134203402406681;2,721566322021585e-07
205;0,041102668746416215;0,020002015974239763;-0,04110113593402511;-0,020000959000712026;1,5328123911043101e-06;1,0569735277368708e-06;0,002726929433942831;0,002726929433942831;0,002726929433942831;0,9678046449496275;-0,31261265193064064;0,967765671607717;-0,3129632420060322;2,7269294339428306e-07
206;0,0;0,0;0,0;0,0;0,0;0,0;;;;;;;;
207;-9,999999980195283e-05;5,337098061200117e-14;0,00010000001238888844;8,624516306758703e-12;1,2586935603498516e-11;8,677887287370705e-12;6,085065506654156e-06;6,0850655066541555e-06;6,085065506654156e-06;0,9487987720343428;-0,45757912046271754;0,9487988914590371;-0,457574148400163;6,085065506654157e-10
208;-0,00020000001241253705;-8,718234849274502e-12;0,0002000000416454164;2,8873325388999415e-11;2,9232879355037267e-11;2,0155090539724914e-11;1,2170130260875427e-05;1,2170130260875427e-05;1,2170130260875427e-05;0,9487988914590371;-0,457574148400163;0,948799030139655;-0,45756837439361225;1,2170130260875428e-09
209;-0,30504703184988674;-0,14703242704593478;0,3051628454056797;0,14711227256560394;0,00011581355579293184;7,984551966916387e-05;0,019778005625233592;0,01977800562523359;0,019778005625233592;0,9885212246805836;-0,10231800986869229;0,9889269759822916;-0,09865794446926877;1,9778005625233593e-06
210;-0,4160842075083294;-0,20105804934507363;0,416291762261468;0,2012011428801267;0,00020755475313860572;0,0001430935350530682;0,02868700378133784;0,02868700378133785;0,02868700378133785;0,9300459023615651;-0,6927286673079931;0,9305473165858559;-0,6879532293347902;2,868700378133785e-06
211;0,3151524202183173;0,15210507959112926;-0,31507785445834746;-0,152053673686937;7,456575996983572e-05;5,1405904192253216e-05;0,021291191882638637;0,02129119188263864;0,02129119188263864;0,9489235222734207;-0,45417973165859693;0,9486808335027386;-0,4564537023251456;2,1291191882638637e-06
212;0,35026819074616455;0,16918490142898732;-0,3501268059543008;-0,16908742715116612;0,0001413847918637634;9,747427782119678e-05;0,023676646898526124;0,023676646898526128;0,023676646898526128;0,9485383812573134;-0,4621601024385075;0,9481245572196058;-0,4660324572904464;2,3676646898526127e-06
213;0,37922839192099345;0,18315745831668828;-0,37912029497378436;-0,18308293589092678;0,00010809694720909091;7,452242576150292e-05;0,025635215004710672;0,025635215004710672;0,025635215004710672;0,9484867359533041;-0,46294217672257115;0,948194519508164;-0,4656767211726539;2,563521500471067e-06
214;0,4384015056708089;0,2123257536028164;-0,43808539784055606;-0,21205887265160683;0,00031610783025282085;0,00026688095120958044;0,029662046123258463;0,029662046123258463;0,029662046123258463;0,9481282790877706;-0,4684879878635152;0,9473481184837423;-0,48054324789196967;2,9662046123258462e-06
215;0,01600010810821905;0,008000074526111787;-0,01600000000016667;-0,008000000000560784;1,0810805238167798e-07;7,452555100297131e-08;0,0010465752145138402;0,0010465752145138397;0,0010465752145138402;0,9868407464716297;-0,25548808075819973;0,986833573630434;-0,2555467269305193;1,0465752145138401e-07
216;-0,04900000000054864;-0,02399999999731134;0,0490016071817103;0,02400110809485645;1,6071811616627518e-06;1,1080975451105424e-06;0,0032356689455584737;0,0032356689455584732;0,0032356689455584737;0,9735644546205553;-0,5194372823899366;0,9735989058713806;-0,5191346583727632;3,2356689455584736e-07
217;-0,2390093786155723;-0,11500646759567368;0,23914377959621927;0,11509913137614117;0,00013440098064695927;9,266378046748902e-05;0,015487703720977509;0,015487703720977509;0,015487703720977509;0,9887590559618784;-0,10018988147370886;0,9893603106957612;-0,09474431686630061;1,5487703720977508e-06
218;-0,0005000002152039178;-1,493959124212839e-10;0,0005000002729691733;1,8922312007622856e-10;5,7765255469591215e-11;3,9827207654944655e-11;2,9631484270384672e-05;2,9631484270384665e-05;2,9631484270384672e-05;0,9742180182697887;-0,5390449626642377;0,974218130821672;-0,5390403988068903;2,963148427038467e-09
219;-0,00040000004278028834;-3,015419579580536e-11;0,0004000002153058888;1,4910481498295788e-10;1,725256004682027e-10;1,1895061918715252e-10;2,3705189973074927e-05;2,3705189973074927e-05;2,3705189973074927e-05;0,9742175980760786;-0,5390620010743282;0,9742180182697887;-0,5390449626642377;2,370518997307493e-09
220;-0,0002000000280718151;-1,9360804650943008e-11;0,00020000004039507458;2,7857279057482106e-11;1,2323259491846261e-11;8,496474406539099e-12;1,1852596112826142e-05;1,1852596112826137e-05;1,1852596112826142e-05;0,9742175380484044;-0,5390644351341161;0,9742175980760786;-0,5390620010743282;1,1852596112826143e-09
221;-0,00010000000003105157;-2,8477705084481095e-15;0,00010000002852859743;1,965095053002086e-11;2,8497545862264835e-11;1,9648102759512412e-11;5,926298915293035e-06;5,926298915293034e-06;5,926298915293035e-06;0,974217260420375;-0,5390756926645396;0,9742175380484044;-0,5390644351341161;5,926298915293035e-10
222;0,0;0,0;0,0;0,0;0,0;0,0;;;;;;;;
223;0,00010000000998929863;7,365563727460526e-12;-9,999999943543189e-05;-8,94244837904625e-14;1,0553866740497901e-11;7,276139243670064e-12;6,204683011995401e-06;6,204683011995401e-06;6,204683011995401e-06;0,9305073695895325;-0,6883858573266908;0,930507271385032;-0,6883900262469671;6,204683011995401e-10
224;0,3362054633916831;0,16307270719010172;-0,33614652757436325;-0,16303207291933677;5,893581731986064e-05;4,0634270764949854e-05;0,023183838207550232;0,023183838207550225;0,023183838207550232;0,9305473165858559;-0,6879532293347902;0,9303711008774141;-0,6896157219936085;2,3183838207550234e-06
225;0,3935887263642503;0,1903369457052479;-0,39331513315494016;-0,19014831972962717;0,0002735932093101412;0,00018862597562072092;0,026699666063055204;0,026699666063055197;0,026699666063055204;0,9453869536277054;-0,4871747548576965;0,9446767796330536;-0,49382423006221315;2,6699666063055206e-06
226;0,0;0,0;0,0;0,0;0,0;0,0;;;;;;;;
227;0,0;0,0;0,0;0,0;0,0;0,0;;;;;;;;
228;0,018000833674999547;0,009000574729700943;-0,018000000010988372;-0,008999999938672043;8,336640111746008e-07;5,747910289000818e-07;0,00121503972829261;0,00121503972829261;0,00121503972829261;0,956308561015162;-0,4490772627697638;0,956260915417878;-0,4494794820879282;1,21503972829261e-07
229;0,34821385431657237;0,16914743754479256;-0,3480972387613731;-0,16906704081645652;0,00011661555519926203;8,039672833604072e-05;0,02365818860702127;0,023658188607021263;0,02365818860702127;0,9447266616103264;-0,49333204407309694;0,9443849532955353;-0,4964949798503079;2,3658188607021273e-06
230;-0,31825440620466927;-0,15410645572191373;0,318355906404689;0,15419213951393368;0,00010150020001975513;8,568379201995269e-05;0,021523959756031233;0,021523959756031233;0,021523959756031233;0,9484892690651541;-0,4628822899504341;0,94883448299849;-0,4575560947833339;2,1523959756031233e-06
231;-0,12200000001875783;-0,05899999992324854;0,12200913794505397;0,05900771456962519;9,137926296143295e-06;7,714646376652534e-06;0,008072700569271373;0,008072700569271373;0,008072700569271373;0,9692057787586666;-0,28401816108446826;0,9692886346668965;-0,28276394090348855;8,072700569271373e-07
232;0,0;0,0;0,0;0,0;0,0;0,0;;;;;;;;
233;0,3091352730207228;0,1490932569921735;-0,3090945696369891;-0,14906519763828052;4,070338373368676e-05;2,805935389296743e-05;0,020307510235687408;0,0203075102356874;0,020307510235687408;0,9757604264940645;-0,4997415994166847;0,9756215403301294;-0,5010091360185668;2,0307510235687407e-06
234;-0,3161401511807606;-0,15302768124709668;0,31618180805848073;0,1530563979032271;4,1656877720119834e-05;2,8716656130411966e-05;0,020543989356583362;0,020543989356583366;0,020543989356583366;0,9870642189480808;-0,2663594966397914;0,9872047538992739;-0,2651038744887925;2,0543989356583367e-06
235;0,32115495152097734;0,1551068332001461;-0,3210670581891771;-0,15504623369367912;8,789333180025949e-05;6,0599506466973985e-05;0,0211026693068246;0,0211026693068246;0,0211026693068246;0,9757604264940645;-0,4997415994166847;0,9754717866860871;-0,5023679995135667;2,11026693068246e-06
236;0,3171202949482473;0,1530829360896072;-0,31706988537535036;-0,15304818037860843;5,04095728969256e-05;3,475571099878505e-05;0,021441353198132798;0,02144135319813279;0,021441353198132798;0,948194519508164;-0,4656767211726539;0,9480315950816511;-0,46720405695927364;2,14413531981328e-06
237;0,0;0,0;0,0;0,0;0,0;0,0;;;;;;;;
238;0,3634324808450403;0,1752292242653628;-0,36335637132864773;-0,17517674930467625;7,610951639258623e-05;5,2474960686554883e-05;0,024050523843810748;0,024050523843810744;0,024050523843810748;0,9685602140388206;-0,5907879686884844;0,9683409295604287;-0,5928067647912887;2,4050523843810747e-06
239;-0,12200000000251031;-0,05899999998849195;0,12201969958849843;0,05901358253061687;1,9699585988117163e-05;1,3582542124919439e-05;0,008082827039653467;0,008082827039653467;0,008082827039653467;0,967991521325082;-0,5959764829819743;0,9681604376186788;-0,594433074641491;8,082827039653467e-07
240;0,0;0,0;0,0;0,0;0,0;0,0;;;;;;;;
241;0,0;0,0;0,0;0,0;0,0;0,0;;;;;;;;
242;0,26512680592034354;0,12808742742190032;-0,26503515389115395;-0,12802423641955893;9,165202918959281e-05;6,319100234139507e-05;0,017929990125383866;0,01792999012538387;0,01792999012538387;0,9481245572196058;-0,4660324572904464;0,9477703090571657;-0,46934735874364286;1,792999012538387e-06
243;0,2710945696355192;0,13106519763883787;-0,2710214494127657;-0,13101478697979524;7,312022275351993e-05;5,041065904262676e-05;0,017819300121132683;0,017819300121132687;0,017819300121132687;0,9756215403301294;-0,5010091360185668;0,975337156562823;-0,5035896982420403;1,781930012113269e-06
244;0,2130778544093922;0,10305367400990086;-0,21303007342213123;-0,10302073276646874;4,778098726096469e-05;3,294124343211635e-05;0,014404541830524179;0,01440454183052418;0,01440454183052418;0,9486808335027386;-0,4564537023251456;0,94845094171179;-0,4585968912725981;1,4404541830524181e-06
245;-0,2581741124692837;-0,12505109598836794;0,2582544061504757;0,1251064557904483;8,029368119200075e-05;5,5359802080351406e-05;0,017467499753002796;0,017467499753002793;0,017467499753002796;0,948170652967018;-0,4658415216131103;0,9484892690651541;-0,4628822899504341;1,7467499753002798e-06
246;0,3163151331344152;0,15314832008752352;-0,31613807866863775;-0,15302625173857046;0,00017705446577748196;0,00012206834895306384;0,02147863190932845;0,021478631909328447;0,02147863190932845;0,9446767796330536;-0,49382423006221315;0,9441054361731355;-0,4991606376966626;2,147863190932845e-06
247;0,18201576233336533;0,08801086481338814;-0,1820054325927224;-0,0880037443125566;1,0329740642939234e-05;7,1205008315422536e-06;0,012326907259524643;0,012326907259524641;0,012326907259524643;0,9469293556450238;-0,534948681887489;0,9468712815887829;-0,5354910560808004;1,2326907259524644e-06
248;-0,25800248935791226;-0,12500171622465142;0,2580388759700554;0,12502680506642894;3,638661214316885e-05;2,5088841777515247e-05;0,01698753984478293;0,01698753984478293;0,01698753984478293;0,9743618239930214;-0,22282891137648794;0,9745102947154151;-0,22148746601476532;1,6987539844782931e-06
249;0,32135637132823214;0,15517674930755107;-0,3212521212345111;-0,15510487704387577;0,00010425009372105887;7,187226367530442e-05;0,021276986432435464;0,021276986432435467;0,021276986432435467;0,9683409295604287;-0,5928067647912887;0,9680013887109866;-0,5959209649133537;2,1276986432435468e-06
250;0,0;0,0;0,0;0,0;0,0;0,0;;;;;;;;
251;-0,12599999999984127;-0,06099999999993346;0,12600937861513012;0,06100646759568418;9,378615288851977e-06;6,4675957507157045e-06;0,008174828015847894;0,008174828015847893;0,008174828015847894;0,9886795342641934;-0,10089976206878819;0,9887590559618784;-0,10018988147370886;8,174828015847894e-07
252;0,316085397746284;0,15305887288471687;-0,31600000019338437;-0,15299999887174265;8,539755289965756e-05;5,887401297421935e-05;0,021403089185683746;0,021403089185683746;0,021403089185683746;0,9473481184837423;-0,48054324789196967;0,9470715728537873;-0,48311682653825644;2,1403089185683744e-06
253;0,3021118936541296;0,14607714789411458;-0,3020436452591511;-0,14603009291317184;6,824839497848734e-05;4,7054980942734526e-05;0,019723405874114575;0,01972340587411458;0,01972340587411458;0,9823046266875023;-0,3082067833450086;0,9820648103933991;-0,3103678383817526;1,972340587411458e-06
254;-0,10300000005923211;-0,04999999966304498;0,10301650597686404;0,050011379437869846;1,6505917631928768e-05;1,1379774824862854e-05;0,006968271920321946;0,006968271920321945;0,006968271920321946;0,9486348261589423;-0,45908396952834;0,948799030139655;-0,45756837439361225;6,968271920321947e-07
255;0,23604371781858843;0,11403013970817248;-0,23601667624826098;-0,114011496666201;2,7041570327457354e-05;1,864304197148059e-05;0,015325083213588867;0,015325083213588869;0,015325083213588869;0,9875897110564541;-0,26096591286120174;0,9874674277100702;-0,26206413037497656;1,532508321358887e-06
256;0,2440670581886855;0,11804623369642797;-0,24401623764347585;-0,11801119463379375;5,0820545209634416e-05;3,5039062634217855e-05;0,016046454514496204;0,016046454514496204;0,016046454514496204;0,9754717866860871;-0,5023679995135667;0,9752522858064617;-0,5043582717072671;1,6046454514496206e-06
257;-0,0790044514681198;-0,038003068742080655;0,07901350653911388;0,03800931161555467;9,05507099407954e-06;6,242873474011923e-06;0,005336203333746786;0,005336203333746786;0,005336203333746786;0,9485394570864788;-0,4577757375894608;0,9486570247107037;-0,45666443308107324;5,336203333746786e-07
258;0,2260972386730021;0,11006704144452963;-0,22601431189212007;-0,11000986620846324;8,292678088203664e-05;5,717523606638131e-05;0,015373335187858063;0,015373335187858063;0,015373335187858063;0,9443849532955353;-0,4964949798503079;0,9440109534974358;-0,4999391416995227;1,5373335187858064e-06
259;0,32047108207909225;0,15525583780156507;-0,32027303504170085;-0,15511929605528896;0,00019804703739140228;0,00013654174627611426;0,022093827895460598;0,022093827895460594;0,022093827895460598;0,9305473165858559;-0,6879532293347902;0,9299260036617617;-0,6938354406709374;2,20938278954606e-06
260;0,0;0,0;0,0;0,0;0,0;0,0;;;;;;;;
261;0,0;0,0;0,0;0,0;0,0;0,0;;;;;;;;
262;0,1190044102950331;0,058003038904268174;-0,11900000025528577;-0,057999998329668095;4,410039747326788e-06;3,040574600078616e-06;0,008187311396464317;0,008187311396464317;0,008187311396464317;0,9335647622646105;-0,6593403449689236;0,9335274132641821;-0,659687035399423;8,187311396464317e-07
263;0,15414966818744827;0,07403424253165866;-0,1541317030461612;-0,07402185729838029;1,796514128707405e-05;1,2385233278372487e-05;0,010450704506247029;0,010450704506247029;0,010450704506247029;0,9447266616103264;-0,49333204407309694;0,9446075742210672;-0,4944668959673283;1,0450704506247028e-06
264;0,0;0,0;0,0;0,0;0,0;0,0;;;;;;;;
265;0,15403170305063524;0,07402185729433985;-0,15400777695943832;-0,07400536105636005;2,3926091196918575e-05;1,649623797980726e-05;0,01044519521315358;0,01044519521315358;0,01044519521315358;0,9446075742210672;-0,4944668959673283;0,9444488798753866;-0,4959775569442174;1,044519521315358e-06
266;-0,15400866787489595;-0,07400597505853307;0,15409234238790814;0,07406366583084245;8,367451301219408e-05;5,769077230938224e-05;0,010441027958613756;0,010441027958613753;0,010441027958613756;0,9448317420621447;-0,49245556870607354;0,9453869536277054;-0,4871747548576965;1,0441027958613757e-06
267;-0,14400385548568176;-0,07000265561066324;0,14402551363753832;0,07001758818047953;2,1658151856562835e-05;1,4932569816286656e-05;0,00993782583782158;0,009937825837821579;0,00993782583782158;0,930220009286057;-0,6910328735673128;0,9303711008774141;-0,6896157219936085;9,93782583782158e-07
268;-0,19410000000781394;-0,09400000000523069;0,19414015118148434;0,09402768124736148;4,0151173670399665e-05;2,7681242130789263e-05;0,012617344798182849;0,012617344798182847;0,012617344798182849;0,9868436542778324;-0,26832848771613027;0,9870642189480808;-0,2663594966397914;1,2617344798182848e-06
269;0,19402804508564286;0,09401933614633208;-0,19400000000016812;-0,0939999999998488;2,8045085474742715e-05;1,9336146483278638e-05;0,01264340572633305;0,012643405726333047;0,01264340572633305;0,984552333647994;-0,28545334810640377;0,9843985826354135;-0,28682779616521914;1,264340572633305e-06
270;-0,093006083827764;-0,045004194782225886;0,09301371183709611;0,04500945385813412;7,62800933211405e-06;5,259075908231603e-06;0,006035123496594436;0,006035123496594435;0,006035123496594436;0,9884336232927108;-0,10310063403267807;0,9885212246805836;-0,10231800986869229;6,035123496594436e-07
271;0,0;0,0;0,0;0,0;0,0;0,0;;;;;;;;
272;0,2460436452597092;0,11903009291353991;-0,2460113680055004;-0,11900783888154047;3,227725420879013e-05;2,225403199944409e-05;0,016068521334580414;0,01606852133458041;0,016068521334580414;0,9820648103933991;-0,3103678383817526;0,9819255899461989;-0,3116208340962182;1,6068521334580417e-06
273;-0,05000000002804526;-0,023999999836284015;0,05000437454522273;0,02400301580138253;4,374517177468951e-06;3,0159650985135678e-06;0,0033761228072708297;0,00337612280727083;0,00337612280727083;0,948449696817774;-0,45862894380497554;0,9485394570864788;-0,4577757375894608;3,37612280727083e-07
274;0,19506988531013245;0,09404818078424984;-0,1950107603792071;-0,0940074179248033;5,912493092535831e-05;4,0762859446541455e-05;0,013188353397189337;0,013188353397189333;0,013188353397189337;0,9480315950816511;-0,46720405695927364;0,9477209483068936;-0,4701261838832372;1,3188353397189338e-06
275;0,18679689094661026;0,09006680524692513;-0,18676082134209976;-0,0900419335383547;3,60696045104969e-05;2,4871708570434192e-05;0,012011835388874376;0,012011835388874372;0,012011835388874376;0,9967586687303231;-0,028629666414441427;0,9965505845495701;-0,030491658731370625;1,2011835388874375e-06
276;0,3311504984858333;0,15911031349472488;-0,33104542158432865;-0,15903786649286666;0,00010507690150463045;7,244700185821129e-05;0,021889422963758388;0,021889422963758388;0,021889422963758388;0,9690240015918465;-0,5865432964850453;0,9686914388807149;-0,5896312385020268;2,188942296375839e-06
277;0,2442521212340996;0,11810487705106451;-0,2441975649873156;-0,1180672650554415;5,455624678399329e-05;3,7611995623007544e-05;0,01618175011054683;0,016181750110546827;0,01618175011054683;0,9680013887109866;-0,5959209649133537;0,9677677309239429;-0,5980569610917404;1,618175011054683e-06
278;0,2440975649878118;0,11806726505499325;-0,24402582933504838;-0,11801780843293051;7,173565276341609e-05;4,945662206273793e-05;0,016176379354146238;0,01617637935414623;0,016176379354146238;0,9677677309239429;-0,5980569610917404;0,9674603869221972;-0,6008653127927004;1,617637935414624e-06
279;-0,1730089503989231;-0,08400616751352555;0,1730480460559568;0,08403312118383768;3,909565703369422e-05;2,6953670312135358e-05;0,011942027140879791;0,011942027140879791;0,011942027140879791;0,9298189548854648;-0,6948641250298017;0,9300459023615651;-0,6927286673079931;1,194202714087979e-06
280;0,16003515383584227;0,0770242367744042;-0,16000178269394713;-0,0770012284905258;3,337114189513879e-05;2,3008283878397928e-05;0,010819184871618944;0,010819184871618943;0,010819184871618944;0,9477703090571657;-0,46934735874364286;0,9475565999689358;-0,4713671672705971;1,0819184871618943e-06
281;0,18166079839523902;0,08804191771680384;-0,18164069963461268;-0,08802806032304406;2,0098760626335865e-05;1,385739375978079e-05;0,011695387645987107;0,01169538764598711;0,01169538764598711;0,9965505845495701;-0,030491658731370625;0,9964314646079633;-0,031543179026173485;1,169538764598711e-06
282;0,179240426367067;0,08702787094426712;-0,17922435860966376;-0,08701679414160067;1,6067757403231964e-05;1,107680266644595e-05;0,011541173478575138;0,01154117347857514;0,01154117347857514;0,9967586687303231;-0,028629666414441427;0,9966621593187156;-0,029476995164151032;1,154117347857514e-06
283;0,11503001840084526;0,05602069519439497;-0,11500407708005207;-0,05600281015049771;2,594132079318523e-05;1,7885043897256092e-05;0,007788463768830037;0,007788463768830037;0,007788463768830037;0,94845094171179;-0,4585968912725981;0,9482200053414928;-0,4607116374594585;7,788463768830036e-07
284;0,32840328557405785;0,15814015507915832;-0,3283435975237438;-0,15809900216895553;5,96880503140329e-05;4,115291020279077e-05;0,02129848711486282;0,02129848711486281;0,02129848711486282;0,9880590068865652;-0,10638327522320129;0,9878648294101715;-0,10814129127196964;2,1298487114862817e-06
285;0,1740334849378082;0,08502526132706786;-0,17401946000214377;-0,08501341830415543;1,4024935664436189e-05;1,1843022912433332e-05;0,011315764357824136;0,011315764357824136;0,011315764357824136;0,9882554856879341;-0,11891786005848017;0,9881646664079659;-0,12024451879964496;1,1315764357824137e-06
286;0,0;0,0;0,0;0,0;0,0;0,0;;;;;;;;
287;0,0;0,0;0,0;0,0;0,0;0,0;;;;;;;;
288;0,17203231327354046;0,08202227685749988;-0,17201038573363395;-0,08200716045488293;2,1927539906513305e-05;1,5116402616949243e-05;0,011144512972484805;0,011144512972484805;0,011144512972484805;0,9873423445266378;-0,11296029174429585;0,9872061028094764;-0,11422548802311346;1,1144512972484804e-06
289;0,17002019602767712;0,0820139263295475;-0,17001034349970925;-0,08200713148267309;9,852527967868507e-06;6,7948468744083446e-06;0,011094820957209837;0,01109482095720984;0,01109482095720984;0,9823046266875023;-0,3082067833450086;0,9822430857934761;-0,3087651200892375;1,109482095720984e-06
290;-0,02100000002299461;-0,009999999854915329;0,021000492853538087;0,010000339645057475;4,928305434755142e-07;3,3979014214639836e-07;0,001429332107197439;0,0014293321071974388;0,001429332107197439;0,9395174590524491;-0,5427673795157915;0,9395413331242597;-0,5425336178666194;1,429332107197439e-07
291;-0,15312586218706759;-0,07401783052930688;0,15317411241517057;0,07405109633450908;4,825022810298063e-05;3,3265805202201126e-05;0,01035967649857306;0,01035967649857306;0,01035967649857306;0,9478478681680551;-0,4688561573231727;0,948170652967018;-0,4658415216131103;1,035967649857306e-06
292;-0,153000000091327;-0,0739999994727755;0,15302586219261405;0,07401783052482569;2,5862101287049688e-05;1,783105205019342e-05;0,010354192757574265;0,010354192757574264;0,010354192757574265;0,9476747568179251;-0,4704712035644359;0,9478478681680551;-0,4688561573231727;1,0354192757574266e-06
293;0,14902144941207407;0,07201478698478171;-0,14900776535851795;-0,0720053532811938;1,3684053556117792e-05;9,433703587913289e-06;0,009797348110344233;0,009797348110344233;0,009797348110344233;0,975337156562823;-0,5035896982420403;0,9752403624190514;-0,5044690235172318;9,797348110344233e-07
294;0,09500407706861538;0,046002810217590784;-0,095000000055402;-0,0459999996808224;4,077013213379943e-06;2,8105367683856075e-06;0,0064270619069355245;0,006427061906935527;0,006427061906935527;0,9482200053414928;-0,4607116374594585;0,9481760390091923;-0,46112025599605083;6,427061906935527e-07
295;-0,2431472877049451;-0,11803259795898571;0,2431932647028406;0,11806429466736525;4,5976997895519345e-05;3,169670837953331e-05;0,016718624930687025;0,01671862493068702;0,016718624930687025;0,933374126592269;-0,6611283551381878;0,9335647622646105;-0,6593403449689236;1,6718624930687025e-06
296;-0,2430028748306129;-0,11800197818042733;0,24304728772694334;0,11803259793952008;4,441289633044798e-05;3,0619759092742616e-05;0,016713060522103203;0,016713060522103203;0,016713060522103203;0,9331899091672665;-0,6628552368025905;0,933374126592269;-0,6611283551381878;1,6713060522103203e-06
297;0,15501667624835866;0,07501149666594857;-0,15499999999975733;-0,07499999999994217;1,6676248601327215e-05;1,1496666006402534e-05;0,010068839776647829;0,010068839776647827;0,010068839776647829;0,9874674277100702;-0,26206413037497656;0,9873526392829546;-0,2630906288627534;1,0068839776647829e-06
298;0,15402013120625893;0,07401621142362715;-0,1540050692582692;-0,07400349480243709;1,5061947989725155e-05;1,2716621190053679e-05;0,009910247981795545;0,009910247981795543;0,009910247981795545;0,9955217231089775;-0,03925326582662243;0,9954105451491777;-0,0409090829112072;9,910247981795546e-07
299;0,1522971107235284;0,0740669530836404;-0,15221763836766247;-0,07401215955784503;7,947235586591717e-05;5,4793525795376885e-05;0,009896642122598815;0,009896642122598817;0,009896642122598817;0,9879694816679658;-0,24551371102823108;0,9874127494296133;-0,2504281604465242;9,896642122598816e-07
300;0,0;0,0;0,0;0,0;0,0;0,0;;;;;;;;
301;0,00010000000111176632;9,094947017729282e-13;-0,00010000000001476631;-1,534946819136564e-13;1,0970000136143604e-12;7,560000198592718e-13;5,773502756084116e-06;5,773502756084118e-06;5,773502756084118e-06;1,0;0,0;0,9999999890299999;-4,33156098716976e-07;5,773502756084118e-10
302;0,0;0,0;0,0;0,0;0,0;0,0;;;;;;;;
303;-0,13800030022783397;-0,06700020703802533;0,13802022529462835;0,06701394472027643;1,9925066794379553e-05;1,3737682251102612e-05;0,008967042785276352;0,008967042785276352;0,008967042785276352;0,9877107912603158;-0,10950650166859302;0,9878648294101715;-0,10814129127196964;8,967042785276352e-07
304;0,14921417229702102;0,07201189283089598;-0,14920046174679796;-0,07200031840575889;1,3710550223061668e-05;1,1574425137092503e-05;0,009679343818397065;0,009679343818397069;0,009679343818397069;0,9882554856879341;-0,11891786005848017;0,9881518274562977;-0,12046204395574536;9,679343818397067e-07
305;0,0;0,0;0,0;0,0;0,0;0,0;;;;;;;;
306;-0,04200049287589381;-0,020000339500524888;0,042003136111261344;0,020002161964976964;2,64323536753458e-06;1,8224644520760391e-06;0,002858627894542464;0,0028586278945424643;0,0028586278945424643;0,9395413331242597;-0,5425336178666194;0,9396053571693144;-0,5419067378196842;2,8586278945424646e-07
307;-0,07700000004622234;-0,03699999973322888;0,07700178264628088;0,037001228776224096;1,7826000585363655e-06;1,2290429952169224e-06;0,005205314988289452;0,005205314988289452;0,005205314988289452;0,9475328746634571;-0,4715923259524333;0,9475565999689358;-0,4713671672705971;5,205314988289452e-07
308;-0,19200179132045847;-0,09300123134541101;0,19202101396443186;0,09301448471416968;1,92226439733878e-05;1,3253368758667228e-05;0,013240434681858601;0,013240434681858601;0,013240434681858601;0,9302704709126658;-0,6905685038183905;0,9303711008774141;-0,6896157219936085;1,3240434681858603e-06
309;0,0;0,0;0,0;0,0;0,0;0,0;;;;;;;;
310;0,14201946000176133;0,0690134183042317;-0,14200602188386263;-0,06900415230957953;1,3438117898695312e-05;9,26599465217448e-06;0,009225542441731398;0,0092255424417314;0,0092255424417314;0,9881646664079659;-0,12024451879964496;0,9880636815254744;-0,12113749579226311;9,2255424417314e-07
311;0,060005432470377935;0,029003745083619907;-0,06000000006077911;-0,028999999619272698;5,432409598826737e-06;3,7454643472094318e-06;0,004063790479993267;0,004063790479993268;0,004063790479993268;0,9468712815887829;-0,5354910560808004;0,9467786368047275;-0,5363578003542476;4,063790479993267e-07
312;0,13901034349939714;0,06700713148288553;-0,139000058250359;-0,06700004016527415;1,028524903814998e-05;7,091317611382375e-06;0,00907057937909185;0,009070579379091849;0,00907057937909185;0,9822430857934761;-0,3087651200892375;0,9821645139151925;-0,30947874845470175;9,070579379091851e-07
313;0,03410033176163593;0,017000228766348918;-0,03410008127245585;-0,017000056061435346;2,5048918008557797e-07;1,7270491357163076e-07;0,0022286917299298653;0,0022286917299298653;0,0022286917299298653;0,9870719495873194;-0,26558132999840667;0,9870641461119278;-0,26564569358565926;2,2286917299298652e-07
314;0,13211799183863487;0,06401240295058487;-0,13210000025739502;-0,06399999835832103;1,799158123985678e-05;1,2404592263842718e-05;0,009057646169180868;0,009057646169180866;0,009057646169180868;0,9357834975208448;-0,6384343812389904;0,9356458158031079;-0,6397297044322521;9,057646169180869e-07
315;0,12200776535788684;0,059005353282611944;-0,12200000000110404;-0,0589999999951208;7,765356782790667e-06;5,353287491141612e-06;0,008023300222120782;0,008023300222120782;0,008023300222120782;0,9752403624190514;-0,5044690235172318;0,975173286080409;-0,5050771780975664;8,023300222120783e-07
316;0,1311175572428961;0,06401210362541726;-0,1311023924158774;-0,06400164873819401;1,516482701868771e-05;1,0454887223246279e-05;0,00853143287273478;0,00853143287273478;0,00853143287273478;0,9874127494296133;-0,2504281604465242;0,9872894879398234;-0,2515050431369587;8,53143287273478e-07
317;0,13100239241476067;0,06400164873823211;-0,13099999999879533;-0,06399999999942645;2,3924159653354593e-06;1,6487388056624086e-06;0,008526178190408289;0,008526178190408289;0,008526178190408289;0,9872894879398234;-0,2515050431369587;0,987270031151248;-0,25167449903086186;8,526178190408288e-07
318;0,15203332001255118;0,07302297318770548;-0,15201044461566462;-0,07300720086646198;2,287539688655693e-05;1,5772321243501253e-05;0,009850713299090826;0,009850713299090824;0,009850713299090826;0,9885212246805836;-0,10231800986869229;0,9883603466881163;-0,10378352754340013;9,850713299090825e-07
319;0,12912253609479565;0,06301553773642189;-0,1291076478052329;-0,0630052734619732;1,4888289562753343e-05;1,026427444869582e-05;0,008323078436953525;0,008323078436953528;0,008323078436953528;0,9966621593187156;-0,029476995164151032;0,9965381187066796;-0,03055166989014559;8,323078436953528e-07
320;0,12843701004832414;0,06202551641101343;-0,12842570205762774;-0,062017720269574785;1,1307990696401982e-05;7,796141438642934e-06;0,008264220512552933;0,008264220512552933;0,008264220512552933;0,9964314646079633;-0,031543179026173485;0,9963366412405009;-0,032387996138282575;8,264220512552934e-07
321;-0,04010058691581723;-0,019000404696597886;0,04010204413882109;0,019001409469679178;1,4572230038617517e-06;1,0047730812923206e-06;0,0025907356157433667;0,002590735615743366;0,0025907356157433667;0,9888880413252638;-0,09902468411827953;0,9889269759822916;-0,09865794446926877;2,590735615743367e-07
322;0,1260233363901275;0,06101608965668747;-0,1260000000002505;-0,06099999999800345;2,3336389877004482e-05;1,6089658684020902e-05;0,008155254691552696;0,008155254691552696;0,008155254691552696;0,9912507866647334;-0,07420329706291282;0,9910524515859457;-0,07596820823623918;8,155254691552695e-07
323;0,12601246420722617;0,061010523060082665;-0,12600000000013128;-0,06099999999999437;1,2464207094886603e-05;1,0523060088293845e-05;0,008171592429078256;0,008171592429078254;0,008171592429078256;0,9891826685941771;-0,10514766149371522;0,9890710073417907;-0,10680108809275636;8,171592429078255e-07
324;0,12601136800527038;0,06100783888196348;-0,1259999999997787;-0,06099999999977893;1,1368005491674271e-05;7,8388821845507e-06;0,008231859107241526;0,008231859107241526;0,008231859107241526;0,9819255899461989;-0,3116208340962182;0,9818298697898377;-0,3124810518151176;8,231859107241526e-07
325;0,0;0,0;0,0;0,0;0,0;0,0;;;;;;;;
326;0,07700777689581553;0,03700536145751085;-0,07700000006678057;-0,03699999959453736;7,776829034966681e-06;5,361862973486675e-06;0,005222882839596293;0,005222882839596293;0,005222882839596293;0,9444488798753866;-0,4959775569442174;0,9443457231304982;-0,496959758851797;5,222882839596294e-07
327;-0,022000000000606243;-0,009999999998160165;0,02200030922596659;0,010000261027703168;3,092253603453887e-07;2,6102954300312453e-07;0,0014407000364988973;0,0014407000364988973;0,0014407000364988973;0,9684389072937091;-0,5932311500414175;0,9684545171680583;-0,5929711259372418;1,440700036498897e-07
328;-0,07700000006539048;-0,03699999960280829;0,07700866781817581;0,03700597544595501;8,667752785324057e-06;5,975843146724391e-06;0,005220831756592419;0,005220831756592418;0,005220831756592419;0,9447167237080463;-0,49355010886879846;0,9448317420621447;-0,49245556870607354;5,220831756592419e-07
329;0,1220103593390224;0,05900714176535852;-0,12200000000023707;-0,05899999999979068;1,0359338785334571e-05;7,1417655678404635e-06;0,007935901482774541;0,007935901482774541;0,007935901482774541;0,9860034192788645;-0,2912465654896011;0,9859129501380937;-0,2920579428206761;7,935901482774542e-07
330;0,11500746745880262;0,05600514911915637;-0,11500000000041188;-0,05600000000012041;7,467458390739146e-06;5,1491190359576056e-06;0,00741106850485891;0,007411068504858909;0,00741106850485891;0,9965381187066796;-0,03055166989014559;0,9964682539058112;-0,031160868982077546;7,41106850485891e-07
331;0,12201623764249947;0,05901119463854687;-0,12200000000100598;-0,05899999999478617;1,623764149348561e-05;1,119464376070356e-05;0,008023804215986146;0,008023804215986146;0,008023804215986146;0,9752522858064617;-0,5043582717072671;0,9751120331691799;-0,5056301258703577;8,023804215986148e-07
332;-0,05800000013895759;-0,02799999904561348;0,058003855276303654;0,028002657033605837;3,855137346062132e-06;2,6579879923577243e-06;0,003997645405138133;0,0039976454051381324;0,003997645405138133;0,9301531804511998;-0,6916712510679311;0,930220009286057;-0,6910328735673128;3,9976454051381334e-07
333;0,10932540911393132;0,05301751829477186;-0,10931584217298264;-0,0530109227121343;9,5669409486826e-06;6,595582637561326e-06;0,007040753562616966;0,007040753562616966;0,007040753562616966;0,9963366412405009;-0,032387996138282575;0,9962424539979527;-0,033218037594002985;7,040753562616966e-07
334;0,2540454215839206;0,12203786650128517;-0,25400338445723925;-0,12200238127473503;4,2037126681382375e-05;3,5485226550141524e-05;0,01679780466763558;0,016797804667635575;0,01679780466763558;0,9686914388807149;-0,5896312385020268;0,9685083918334637;-0,5924338907755545;1,6797804667635577e-06
335;-0,021100000022814452;-0,010000000015961791;0,021100586916051083;0,01000040469685781;5,86893236630831e-07;4,046808960191106e-07;0,0013632868391765588;0,0013632868391765588;0,0013632868391765588;0,9888582414302691;-0,09930524691249527;0,9888880413252638;-0,09902468411827953;1,3632868391765587e-07
336;-0,18623231329171727;-0,08902227687007373;0,18632337222901535;0,08908505744871201;9,105893729807746e-05;6,278057863827458e-05;0,012070196253938192;0,012070196253938192;0,012070196253938192;0,9873423445266378;-0,11296029174429585;0,9878648294101715;-0,10814129127196964;1,2070196253938193e-06
337;0,10310489872512396;0,0500041355335025;-0,10310000002677187;-0,049999999941940806;4,8986983520876715e-06;4,1355915616908545e-06;0,0068255194776464965;0,006825519477646495;0,0068255194776464965;0,9692886346668965;-0,28276394090348855;0,9692360864380346;-0,283555696685793;6,825519477646496e-07
338;0,10100466475499187;0,04900321662329756;-0,10099999999938583;-0,0489999999995268;4,664755606037518e-06;3,2166237707645373e-06;0,006588567953322507;0,006588567953322508;0,006588567953322508;0,9837613331933811;-0,29505650458354393;0,9837122525520343;-0,29549434386951157;6,588567953322508e-07
339;0,10100071541139624;0,04900049347758005;-0,1010000000009165;-0,04900000000100825;7,154104797457705e-07;4,934765718001e-07;0,006596700125083892;0,0065967001250838925;0,0065967001250838925;0,9825070864958841;-0,30625405982439186;0,9824995679168378;-0,30632128487380933;6,596700125083892e-07
340;0,0;0,0;0,0;0,0;0,0;0,0;;;;;;;;
341;0,09921576713387861;0,04801087097339288;-0,09920749002068138;-0,04800516439224447;8,277113197230346e-06;5,7065811484083295e-06;0,006387651838753487;0,006387651838753487;0,006387651838753487;0,9962424539979527;-0,033218037594002985;0,9961526442597478;-0,034014157191985105;6,387651838753487e-07
342;0,005100058454275605;0,002000040295957768;-0,005100041257302257;-0,002000028439780294;1,7196973347947953e-08;1,1856177474251633e-08;0,0003288724145865929;0,0003288724145865929;0,0003288724145865929;0,9617238889659389;-0,3362943390613142;0,961720318455322;-0,3363441163157843;3,288724145865929e-08
343;0,10401431179115066;0,05100986685908572;-0,10400000009829984;-0,05099999942653195;1,4311692850821345e-05;9,867432553767319e-06;0,007085239115082526;0,007085239115082526;0,007085239115082526;0,9440109534974358;-0,4999391416995227;0,9438708425723081;-0,50120434064021;7,085239115082526e-07
344;0,0;0,0;0,0;0,0;0,0;0,0;;;;;;;;
345;-0,07700000018350281;-0,036999998711944614;0,07700895016455862;0,0370061691328461;8,949981055814127e-06;6,1704209014870615e-06;0,00530514792585185;0,00530514792585185;0,00530514792585185;0,9297020789852352;-0,6959942998041273;0,9298189548854648;-0,6948641250298017;5,305147925851849e-07
346;0,0;0,0;0,0;0,0;0,0;0,0;;;;;;;;
347;-9,999999992450207e-05;1,438444093579153e-14;0,00010000002261328136;1,5628253615791474e-11;2,2688779281461284e-11;1,5642638056727266e-11;5,838555776330519e-06;5,838555776330519e-06;5,838555776330519e-06;0,9888580170704439;-0,0993142094818814;0,9888582414302691;-0,09930524691249527;5,838555776330519e-10
348;0,0;0,0;0,0;0,0;0,0;0,0;;;;;;;;
349;0,06000338445275303;0,028002381289839902;-0,0600003092263303;-0,028000261024289895;3,0752264227260073e-06;2,1202655500068834e-06;0,003947280400514778;0,003947280400514778;0,003947280400514778;0,9685083918334637;-0,5924338907755545;0,9684545171680583;-0,5929711259372418;3,9472804005147776e-07
350;-0,08100000000498543;-0,0389999999707945;0,08100248934693907;0,03900171628863941;2,489341953640367e-06;1,7163178449089433e-06;0,005327125983593757;0,005327125983593759;0,005327125983593759;0,9743294460197346;-0,2231262086683112;0,9743618239930214;-0,22282891137648794;5,327125983593758e-07
351;0,08601038573377548;0,041007160454943035;-0,0859999999999717;-0,04100000000015151;1,038573380378327e-05;7,1604547915229966e-06;0,005572620729362827;0,005572620729362827;0,005572620729362827;0,9872061028094764;-0,11422548802311346;0,9870770494458537;-0,11542454717086323;5,572620729362828e-07
352;0,07500608382822195;0,036004194782348065;-0,07500095629344695;-0,03600065928441699;5,127534774995723e-06;3,5354979310772694e-06;0,004859755204580928;0,004859755204580926;0,004859755204580928;0,9884336232927108;-0,10310063403267807;0,9883605299375533;-0,10376757737880525;4,859755204580928e-07
353;0,0;0,0;0,0;0,0;0,0;0,0;;;;;;;;
354;-0,00010000000043345583;4,0531704833651197e-13;0,00010000000167237226;4,4848497150373794e-13;1,2389164265888888e-12;8,538020198402499e-13;6,135600354136767e-06;6,135600354136768e-06;6,135600354136768e-06;0,940984155369443;-0,528821458928153;0,9409841670274502;-0,5288209697356356;6,135600354136768e-10
355;0,08100914863100142;0,03900630727283435;-0,08100000001544422;-0,0389999999065615;9,148615557202922e-06;6,307366272849391e-06;0,005363695676673669;0,00536369567667367;0,00536369567667367;0,9678046449496275;-0,31261265193064064;0,9676864647597496;-0,3137049854390176;5,36369567667367e-07
356;0,0810060218841069;0,03900415230970398;-0,0810000000001178;-0,03900000000003736;6,021883989099086e-06;4,1523096666190584e-06;0,005253500418211299;0,005253500418211299;0,005253500418211299;0,9880636815254744;-0,12113749579226311;0,9879842573075618;-0,12185688641308919;5,2535004182113e-07
357;0,08100506925805233;0,0390034948021637;-0,0810000000000453;-0,03899999999989429;5,069258007028843e-06;3,4948022694103464e-06;0,0052146593846403915;0,005214659384640394;0,005214659384640394;0,9954105451491777;-0,0409090829112072;0,995343190435828;-0,04151431225590824;5,214659384640394e-07
358;0,07900082745556553;0,03800069871761383;-0,07900000000190065;-0,03799999999695553;8,274536648783526e-07;6,987206582972916e-07;0,005195002569009725;0,005195002569009726;0,005195002569009726;0,9742731555521267;-0,538518487266014;0,9742615024133067;-0,5386955965247925;5,195002569009726e-07
359;0,0;0,0;0,0;0,0;0,0;0,0;;;;;;;;
360;0,0;0,0;0,0;0,0;0,0;0,0;;;;;;;;
361;-0,12100000027860901;-0,05799999799057269;0,121036161233249;0,05802493011585584;3,6160954639999354e-05;2,4932125283150253e-05;0,008332435253722046;0,008332435253722046;0,008332435253722046;0,929745287528038;-0,6956536150638492;0,9300459023615651;-0,6927286673079931;8,332435253722046e-07
362;0,24327303493445904;0,11811929726400308;-0,24319884913221707;-0,11806814863974871;7,418580224197169e-05;5,114862425437128e-05;0,016789990866260728;0,016789990866260728;0,016789990866260728;0,9299260036617617;-0,6938354406709374;0,9296197034176659;-0,6967196760677792;1,6789990866260728e-06
363;0,2430988491831861;0,11806814859590035;-0,24300000059579072;-0,11799999580787401;9,884858739539482e-05;6,81527880263405e-05;0,016784404080785336;0,016784404080785336;0,016784404080785336;0,9296197034176659;-0,6967196760677792;0,929211432568498;-0,7005629318425316;1,6784404080785337e-06
364;0,0;0,0;0,0;0,0;0,0;0,0;;;;;;;;
365;0,07100694341406617;0,03400478725133771;-0,07099999999990723;-0,033999999999988734;6,943414158938621e-06;4,7872513489755075e-06;0,004594323691320295;0,004594323691320295;0,004594323691320295;0,9893603106957612;-0,09474431686630061;0,9892556303339383;-0,0957040954137496;4,5943236913202956e-07
366;0,12213807851176878;0,059026252766738826;-0,12212147769034046;-0,05901480705675268;1,6600821428319756e-05;1,144570998614508e-05;0,008295625359732304;0,008295625359732304;0,008295625359732304;0,9441054361731355;-0,4991606376966626;0,9439667491702014;-0,5004625381420187;8,295625359732304e-07
367;0,1220214776946395;0,05901480705326401;-0,12200000011021214;-0,05899999933402071;2,1477584427359586e-05;1,4807719243295492e-05;0,008290118873292746;0,008290118873292746;0,008290118873292746;0,9439667491702014;-0,5004625381420187;0,9437871943036636;-0,5021449459220572;8,290118873292747e-07
368;0,06810711161227284;0,03300490349462431;-0,06810206956715846;-0,03300142687897189;5,042045114381222e-06;3,4766156524201897e-06;0,004386430792545704;0,004386430792545704;0,004386430792545704;0,9961526442597478;-0,034014157191985105;0,9960729673739486;-0,034718119737731264;4,3864307925457037e-07
369;0,0680041271496896;0,03300284544046056;-0,06799999999975222;-0,03299999999986484;4,127149937388497e-06;2,8454405957209494e-06;0,004371175543940456;0,004371175543940456;0,004371175543940456;0,9983934160037851;-0,014172970919785602;0,9983279653178521;-0,014747535931331874;4,3711755439404556e-07
370;-0,05900000000013173;-0,028999999997499883;0,05900307699067195;0,0290021213266153;3,076990540216984e-06;2,1213291154162373e-06;0,003842964106408676;0,0038429641064086765;0,0038429641064086765;0,9876781036368012;-0,10500940682315726;0,9877336487921469;-0,10453317480489174;3,8429641064086764e-07
371;0,07301076030980037;0,03500741834115535;-0,0730030230025723;-0,035002083978775855;7,73730722807009e-06;5,334362379497137e-06;0,004932662040440603;0,004932662040440601;0,004932662040440603;0,9477209483068936;-0,4701261838832372;0,9476122932429228;-0,47116280982523717;4,932662040440603e-07
372;0,0;0,0;0,0;0,0;0,0;0,0;;;;;;;;
373;0,08501044461555722;0,04100720086653035;-0,08500421148885391;-0,04100290379366626;6,233126703308889e-06;4,29707286409009e-06;0,005513445560379916;0,005513445560379916;0,005513445560379916;0,9883603466881163;-0,10378352754340013;0,9882820076914737;-0,1044890939461381;5,513445560379915e-07
374;0,12202582933279124;0,059017808444992714;-0,12200000000280645;-0,05899999998765707;2,582932998479448e-05;1,780845733564268e-05;0,00808911485627268;0,00808911485627268;0,00808911485627268;0,9674603869221972;-0,6008653127927004;0,967239083847214;-0,6028886912928146;8,08911485627268e-07
375;0,06200478113983061;0,030004036358560734;-0,0619999999998684;-0,02999999999994195;4,781139962203862e-06;4,036358618782904e-06;0,004005978465397543;0,004005978465397542;0,004005978465397543;0,9927532633125897;-0,06373991140366522;0,9926658981175706;-0,06502991953908241;4,0059784653975427e-07
376;0,0;0,0;0,0;0,0;0,0;0,0;;;;;;;;
377;0,0600007327419069;0,0290005051237704;-0,06000000000152699;-0,0290000000006149;7,327403799065046e-07;5,051231555010249e-07;0,003853288125719969;0,0038532881257199686;0,003853288125719969;0,998513651693588;-0,03725662365440313;0,9985004733302065;-0,03737348328984815;3,853288125719969e-07
378;0,0;0,0;0,0;0,0;0,0;0,0;;;;;;;;
379;0,06800265451135462;0,03300183039445658;-0,06800000000003148;-0,03299999999995419;2,6545113231413175e-06;1,8303945023903645e-06;0,00441862060211569;0,00441862060211569;0,00441862060211569;0,9876500379871561;-0,11002682445364789;0,9876083918036582;-0,11039655821961306;4,4186206021156895e-07
380;0,05600220085156859;0,027001517480529164;-0,056000000000260786;-0,02700000000035117;2,2008513078028424e-06;1,5174801779940794e-06;0,0035986098684222534;0,003598609868422254;0,003598609868422254;0,9974653257162497;-0,022385780791887067;0,9974229462804202;-0,02276461216753421;3,5986098684222537e-07
381;0,05600055077502475;0,027000379937362595;-0,05600000000081071;-0,026999999999781962;5,50774214042038e-07;3,799375806329275e-07;0,0035893742276651595;0,0035893742276651595;0,0035893742276651595;1,0;0,0;0,9999893657855402;-9,49573051874337e-05;3,5893742276651593e-07
382;0,05310368958706122;0,026002543911644888;-0,05310133424267091;-0,02600091992475176;2,355344390310432e-06;1,6239868931289259e-06;0,0034259891500020945;0,003425989150002093;0,0034259891500020945;0,9964314646079633;-0,031543179026173485;0,9963837810416273;-0,031952820693164935;3,425989150002095e-07
383;0,0;0,0;0,0;0,0;0,0;0,0;;;;;;;;
384;0,05200025640309461;0,02500017677915906;-0,05199999999992568;-0,024999999997767624;2,5640316892588944e-07;1,767813914352323e-07;0,0034193407211829977;0,0034193407211829977;0,0034193407211829977;0,974218130821672;-0,5390403988068903;0,9742129356531967;-0,5390882893747992;3,419340721182998e-07
385;-0,12611822041836573;-0,06101256149748956;0,1261273900382499;0,06101888364307316;9,169619884175084e-06;6,322145583596839e-06;0,008347967034619;0,008347967034619;0,008347967034619;0,9689478718833734;-0,5872376092595946;0,9690240015918465;-0,5865432964850453;8,347967034619e-07
386;-0,2019999999999933;-0,09799999999999767;0,20224383309738414;0,09816811474840392;0,00024383309739084424;0,00016811474840625062;0,012979412772949114;0,012979412772949114;0,012979412772949114;0,9986977278365758;-0,01142372708557641;1,0;0,0;1,2979412772949113e-06
387;-0,1260021931529739;-0,06100151195483038;0,12601822041874422;0,061012561497620445;1,6027265770324206e-05;1,1049542790061984e-05;0,008342603607918149;0,00834260360791815;0,00834260360791815;0,9688147179467237;-0,5884495029027329;0,9689478718833734;-0,5872376092595946;8,34260360791815e-07
388;0,0;0,0;0,0;0,0;0,0;0,0;;;;;;;;
389;0,00010000000700323017;4,911494817192958e-12;-9,9999999879019e-05;5,639405072987243e-17;7,12421117379184e-12;4,911551211243688e-12;5,8475189768103595e-06;5,84751897681036e-06;5,84751897681036e-06;0,9873423445266378;-0,11296029174429585;0,9873422741862878;-0,11296310585565142;5,84751897681036e-10
390;0,050001822514963316;0,024001256404800785;-0,04999999999999023;-0,023999999999831243;1,8225149730835555e-06;1,256404969542102e-06;0,003212933165299763;0,003212933165299763;0,003212933165299763;0,9966621593187156;-0,029476995164151032;0,9966228647966952;-0,029832376835102634;3,212933165299763e-07
391;0,0;0,0;0,0;0,0;0,0;0,0;;;;;;;;
392;0,0;0,0;0,0;0,0;0,0;0,0;;;;;;;;
393;0,0;0,0;0,0;0,0;0,0;0,0;;;;;;;;
394;0,04500074719221058;0,02200051516414012;-0,045000000000325;-0,022000000000377697;7,471918855792015e-07;5,151637624233041e-07;0,002918547473010789;0,0029185474730107895;0,0029185474730107895;0,9909020415015481;-0,10446685264219914;0,990884286448019;-0,10462085992921002;2,9185474730107894e-07
395;0,045000140792566826;0,02200009711494611;-0,04500000000055292;-0,02199999999928689;1,4079201390848617e-07;9,711565922276844e-08;0,0029264297553835586;0,0029264297553835586;0,0029264297553835586;0,9882186955618497;-0,11923998655693992;0,9882153586372645;-0,11926905180069505;2,926429755383559e-07
396;0,05200421148905037;0,025002903793477926;-0,05199999999984077;-0,024999999999962684;4,211489209600405e-06;2,9037935152416428e-06;0,003370958611424487;0,003370958611424486;0,003370958611424487;0,9882820076914737;-0,1044890939461381;0,988195450025128;-0,10527574536248896;3,370958611424487e-07
397;0,043000300229813895;0,02100020703867193;-0,043000000000581975;-0,02100000000021802;3,002292319198574e-07;2,0703845390879216e-07;0,002797245526656877;0,0027972455266568777;0,0027972455266568777;0,9877107912603158;-0,10950650166859302;0,9877033478304196;-0,10957149910351352;2,7972455266568776e-07
398;0,041000808452481885;0,02000055743460899;-0,04100000000025594;-0,019999999999820536;8,084522259421689e-07;5,574347884534925e-07;0,0026753712942599386;0,0026753712942599386;0,0026753712942599386;0,9844657102640745;-0,28877789649753494;0,9844447558073822;-0,28896197094574416;2,6753712942599387e-07
399;-0,04099999999994154;-0,019999999999833127;0,041000995385261724;0,020000686212440222;9,953853201821738e-07;6,86212607094866e-07;0,0026423891196072865;0,002642389119607286;0,0026423891196072865;0,9967325481749033;-0,028856173202704637;0,9967586687303231;-0,028629666414441427;2,6423891196072865e-07
400;0,0;0,0;0,0;0,0;0,0;0,0;;;;;;;;
401;0,040001372776645554;0,019000946415350297;-0,040000000000189835;-0,01900000000013504;1,3727764557186495e-06;9,464152152562078e-07;0,002566865770441182;0,0025668657704411815;0,002566865770441182;0,9960729673739486;-0,034718119737731264;0,9960359433909031;-0,03506211116050653;2,566865770441182e-07
402;0,0;0,0;0,0;0,0;0,0;0,0;;;;;;;;
403;-0,00010000000002701081;1,5746629924794138e-14;0,00010000001082462819;7,429541868948691e-12;1,079761737107169e-11;7,445288498873485e-12;5,847519200267326e-06;5,847519200267327e-06;5,847519200267327e-06;0,9873422379171983;-0,11296455757991747;0,9873423445266378;-0,11296029174429585;5,847519200267327e-10
404;-0,049000000108880226;-0,023999999295414104;0,04900287442663784;0,024001980923310278;2,8743177576118217e-06;1,9816278961741485e-06;0,003375874070952316;0,003375874070952316;0,003375874070952316;0,9331308555648853;-0,6633963299831682;0,9331899091672665;-0,6628552368025905;3,375874070952316e-07
405;0,03710068278268195;0,018000470675937342;-0,03710024293230075;-0,018000167473095435;4,3985038120086806e-07;3,0320284190657465e-07;0,002393628328330152;0,0023936283283301513;0,002393628328330152;0,994645026263526;-0,11589410795883207;0,9946322887084003;-0,11600636136161116;2,3936283283301524e-07
406;0,03400100552897775;0,017000693302418296;-0,03400000000018363;-0,016999999999921717;1,0055287941179714e-06;6,933024965793955e-07;0,002202725928419976;0,0022027259284199763;0,0022027259284199763;0,9963837810416273;-0,031952820693164935;0,9963520810928083;-0,03220968378996559;2,2027259284199763e-07
407;0,03400008127394637;0,017000056062918437;-0,033999999998402274;-0,017000000000590574;8,127554409348425e-08;5,606232786337095e-08;0,0022234585421857887;0,0022234585421857887;0,0022234585421857887;0,9870641461119278;-0,26564569358565926;0,9870616074658644;-0,2656664879309757;2,2234585421857886e-07
408;0,033000956292781596;0,016000659284263214;-0,03299999999986554;-0,015999999999816557;9,562929160558675e-07;6,592844466572767e-07;0,0021423909096930658;0,002142390909693066;0,002142390909693066;0,9883605299375533;-0,10376757737880525;0,9883295895391528;-0,10404257573525114;2,1423909096930663e-07
409;0,031000197210813707;0,015000135950458389;-0,03099999999966856;-0,015000000000647688;1,972111451468972e-07;1,3594981070064183e-07;0,001999043059555642;0,0019990430595556424;0,0019990430595556424;0,9946322887084003;-0,11600636136161116;0,9946254514607257;-0,11606705181067133;1,9990430595556424e-07
410;0,03800302298190538;0,018002084100234447;-0,0380000000217549;-0,017999999870527417;3,0229601504783155e-06;2,0842297070305937e-06;0,0025620479168682125;0,002562047916868213;0,002562047916868213;0,9476122932429228;-0,47116280982523717;0,9475306229662575;-0,4719660302299307;2,5620479168682126e-07
411;0,029103700703797187;0,014002551468160212;-0,029101465530347603;-0,014001010408998588;2,2351734495842934e-06;1,541059161624253e-06;0,0018666840862155032;0,001866684086215503;0,0018666840862155032;0,9989203551908389;-0,009511029741249555;0,9988373936118083;-0,010255504658038277;1,8666840862155033e-07
412;0,02900006195179145;0,014000052301983987;-0,028999999999863347;-0,014000000003524131;6,195192810143357e-08;5,229845985617321e-08;0,001880443818806254;0,0018804438188062538;0,001880443818806254;0,9887111848807948;-0,11214845702087857;0,9887087738571904;-0,11218433328201806;1,8804438188062542e-07
413;0,0232004617469068;0,011000318405590018;-0,02320017054488799;-0,011000117609206076;2,9120201880741825e-07;2,0079638394197852e-07;0,0015001919623912805;0,0015001919623912805;0,0015001919623912805;0,9881518274562977;-0,12046204395574536;0,9881383904002732;-0,12058851905516452;1,5001919623912805e-07
414;0,023100170541684503;0,011000117608744742;-0,023100133802070197;-0,011000092266456043;3,67396143056975e-08;2,5342288699839455e-08;0,0014949146218008814;0,0014949146218008814;0,0014949146218008814;0,9881383904002732;-0,12058851905516452;0,9881366885194736;-0,12060438487073447;1,4949146218008816e-07
415;0,028000696790963547;0,014000480463690084;-0,02800000000005273;-0,013999999999982938;6,967909108174242e-07;4,80463707146217e-07;0,0018145664776526447;0,0018145664776526447;0,0018145664776526447;0,9960729673739486;-0,034718119737731264;0,9960463011366135;-0,034934312619292245;1,814566477652645e-07
416;0,026000249111463543;0,013000171719010268;-0,02600000000807136;-0,012999999954905483;2,4910339218447985e-07;1,7176410478485227e-07;0,0017405025971863198;0,0017405025971863196;0,0017405025971863198;0,9642674960082778;-0,3652358681285151;0,9642575571689049;-0,36531910024874364;1,7405025971863198e-07
417;0,07000179103194125;0,034001233342362935;-0,07000000017177387;-0,03399999884555354;1,7908601673832791e-06;1,2344968093949693e-06;0,004829865847830565;0,0048298658478305645;0,004829865847830565;0,9302704709126658;-0,6905685038183905;0,9302447673469311;-0,6908099940642116;4,829865847830566e-07
418;0,024001450976109152;0,012001000374550784;-0,0239999999999595;-0,012000000000007973;1,4509761496507567e-06;1,0003745428109612e-06;0,0015510974119517602;0,0015510974119517598;0,0015510974119517602;0,9988373936118083;-0,010255504658038277;0,9987724346285366;-0,010780464997269666;1,55109741195176e-07
419;0,024000820254450522;0,01200056552593508;-0,02400000000005632;-0,011999999999966279;8,202543942022189e-07;5,655259688007452e-07;0,0015509247459296355;0,0015509247459296357;0,0015509247459296357;0,9989203551908389;-0,009511029741249555;0,9988836289773729;-0,009807808621503456;1,5509247459296358e-07
420;0,02400035989223379;0,012000248083173027;-0,02400000000002705;-0,011999999999964813;3,598922067409027e-07;2,4808320821419205e-07;0,001576801175294602;0,001576801175294602;0,001576801175294602;0,9825070864958841;-0,30625405982439186;0,9824912378023889;-0,3063841900097692;1,576801175294602e-07
421;0,0;0,0;0,0;0,0;0,0;0,0;;;;;;;;
422;0,02300013380725376;0,011000092267743433;-0,022999999999637546;-0,011000000000402101;1,3380761621287207e-07;9,226734133151171e-08;0,0014896414931307694;0,0014896414931307696;0,0014896414931307696;0,9881366885194736;-0,12060438487073447;0,9881304670733251;-0,12066170365476893;1,4896414931307698e-07
423;0,023000063634291835;0,011000043837535941;-0,02300000000306093;-0,01099999997793477;6,363123090588618e-08;4,385960117141152e-08;0,0015233561037019498;0,0015233561037019503;0,0015233561037019503;0,9662642550773418;-0,29516269266164336;0,966261362278133;-0,29518991488820306;1,5233561037019502e-07
424;0,022000617220311717;0,01000042554245251;-0,022000000000013127;-0,009999999999956167;6,172202985897657e-07;4,2554249634306485e-07;0,0014053617876348889;0,0014053617876348889;0,0014053617876348889;0,9928209156650557;-0,06375533735038101;0,992790597675772;-0,06406826987889853;1,405361787634889e-07
425;0,02130053622369414;0,010000369726984709;-0,021300127752360516;-0,01000008809969039;4,084713336252599e-07;2,81627294318465e-07;0,0013647763114914358;0,0013647763114914356;0,0013647763114914358;0,9954583533432297;-0,09197523684875734;0,995437648436457;-0,09217328528085526;1,3647763114914357e-07
426;0,021000515477262987;0,010000355220952726;-0,0210000000229799;-0,009999999853636823;5,154542830863862e-07;3,55367315902147e-07;0,0014295979781035575;0,0014295979781035575;0,0014295979781035575;0,9393676963534043;-0,544132486355819;0,9393427313356502;-0,5443769317088591;1,4295979781035574e-07
427;0,021000127703992812;0,010000088066421716;-0,020999999999821814;-0,01000000000022769;1,2770417099836062e-07;8,80661940264732e-08;0,0013490461374435208;0,0013490461374435208;0,0013490461374435208;0,995437648436457;-0,09217328528085526;0,9954310935874107;-0,09223390067782267;1,3490461374435207e-07
428;0,02100007167744255;0,010000060519187073;-0,02100000000084858;-0,009999999998483215;7,167659396914439e-08;6,052070385814678e-08;0,0013635670202159053;0,0013635670202159051;0,0013635670202159053;0,9848344016231966;-0,13044667427069884;0,9848305598450643;-0,13050536449600844;1,3635670202159054e-07
429;0,021000076918136837;0,010000052967637684;-0,021000000012096596;-0,00999999993313613;7,690604024099268e-08;5,3034501554249935e-08;0,001415742683267517;0,0014157426832675168;0,001415742683267517;0,9485394570864788;-0,4577757375894608;0,9485356956042332;-0,45781223984836217;1,4157426832675168e-07
430;0,021000081124288337;0,010000055932471361;-0,021000000000016828;-0,010000000000005095;8,11242715087479e-08;5,593246626620085e-08;0,001360006835827226;0,001360006835827226;0,001360006835827226;0,9874127494296133;-0,2504281604465242;0,987408619224407;-0,25046664049927214;1,3600068358272258e-07
431;0,021000054981771793;0,01000003782038643;-0,02100000001298173;-0,009999999931614292;5,496879006139377e-08;3,788877213882491e-08;0,0014158732071883518;0,0014158732071883518;0,0014158732071883518;0,94845094171179;-0,4585968912725981;0,9484482537421726;-0,4586229418548414;1,4158732071883518e-07
432;-0,05500000000118125;-0,026999999994999052;0,05500219315156728;0,027001511960795;2,193150386027576e-06;1,5119657959493382e-06;0,0036514424150333956;0,0036514424150333956;0,0036514424150333956;0,9687730544024048;-0,588814920376834;0,9688147179467237;-0,5884495029027329;3,6514424150333957e-07
433;0,0;0,0;0,0;0,0;0,0;0,0;;;;;;;;
434;0,01900032871416993;0,009000226622393321;-0,01900000000023138;-0,008999999999889301;3,287139385479976e-07;2,2662250401955797e-07;0,0012182375968316555;0,0012182375968316555;0,0012182375968316555;0,9963837810416273;-0,031952820693164935;0,9963651044495533;-0,03212747908288206;1,2182375968316555e-07
435;0,01900029294387162;0,009000201975055978;-0,018999999999970207;-0,009000000000054178;2,9294390141432203e-07;2,0197500179980343e-07;0,0012182927507854975;0,0012182927507854977;0,0012182927507854977;0,9963366412405009;-0,032387996138282575;0,9963199974877844;-0,032543681197180575;1,2182927507854978e-07
436;0,018100433790056575;0,009000299011957421;-0,018100175157725884;-0,009000120716058423;2,5863233069078895e-07;1,7829589899799603e-07;0,0012103404444283176;0,0012103404444283174;0,0012103404444283176;0,9642674960082778;-0,3652358681285151;0,9642526624435237;-0,3653619875837409;1,2103404444283176e-07
437;0,018000175158264586;0,009000120715949746;-0,01800000000570238;-0,008999999969144861;1,7515256220401731e-07;1,2074680488458056e-07;0,0012049820665523412;0,0012049820665523414;0,0012049820665523414;0,9642526624435237;-0,3653619875837409;0,964242568924198;-0,3654464547456869;1,2049820665523415e-07
438;0,018000015062618013;0,009000010367605827;-0,01800000000310806;-0,008999999998762912;1,505950995156491e-08;1,0368842914484921e-08;0,0011711276908886023;0,0011711276908886025;0,0011711276908886025;0,9921173057579379;-0,09355547988337803;0,992116413120747;-0,09356270955495066;1,1711276908886024e-07
439;0,01700020152719187;0,008000138952204451;-0,016999999999838956;-0,007999999999717167;2,0152735291309454e-07;1,3895248728371112e-07;0,0010889461800017112;0,001088946180001711;0,0010889461800017112;0,9961526442597478;-0,034014157191985105;0,9961398395291937;-0,03413588456221527;1,0889461800017113e-07
440;0,0;0,0;0,0;0,0;0,0;0,0;;;;;;;;
441;0,0150001629174275;0,0070001123168603714;-0,01499999999997195;-0,006999999999844065;1,629174555487639e-07;1,1231701630646379e-07;0,0009576915409451073;0,0009576915409451073;0,0009576915409451073;0,9979163131111104;-0,018400679505308982;0,9979045495592055;-0,018514502932675383;9,576915409451072e-08
442;0,014000293012563168;0,007000202006450777;-0,014000000001223069;-0,006999999993866816;2,9301134009916685e-07;2,0201258396114474e-07;0,0009284263700803518;0,0009284263700803519;0,0009284263700803519;0,973385171006318;-0,23141669253621658;0,9733632554422742;-0,23159842055369342;9,284263700803518e-08
443;0,014000180346671661;0,007000124342701517;-0,01400000000019295;-0,006999999999848891;1,8034647871097154e-07;1,2434285262628159e-07;0,0009068480379520838;0,0009068480379520838;0,0009068480379520838;0,9965381187066796;-0,03055166989014559;0,9965243087054857;-0,03066354117570863;9,068480379520838e-08
444;0,014000176881319866;0,007000121945390898;-0,014000000000117072;-0,007000000000072557;1,7688120279406305e-07;1,219453183414626e-07;0,0009071987130213476;0,0009071987130213476;0,0009071987130213476;0,9961526442597478;-0,034014157191985105;0,9961391050845967;-0,03412385163675219;9,071987130213476e-08
445;0,014200398961578363;0,006000275066785089;-0,014200385626721034;-0,006000265868653574;1,3334857329461158e-08;9,198131515134045e-09;0,0009006235110084849;0,0009006235110084849;0,0009006235110084849;0,9882554856879341;-0,11891786005848017;0,9882544687522803;-0,1189300601878334;9,006235110084849e-08
446;0,014100385629671022;0,006000265869370549;-0,014100078035976295;-0,006000053802115998;3,0759369472679876e-07;2,1206725455118897e-07;0,0008952449648315272;0,0008952449648315272;0,0008952449648315272;0,9882544687522803;-0,1189300601878334;0,9882308606159462;-0,1192093395731853;8,952449648315272e-08
447;0,0;0,0;0,0;0,0;0,0;0,0;;;;;;;;
448;0,013000058250611913;0,006000040165360488;-0,01300000000024724;-0,0060000000000233;5,825036467239919e-08;4,016533718814719e-08;0,0008416551383506899;0,0008416551383506898;0,0008416551383506899;0,9821645139151925;-0,30947874845470175;0,9821597312915595;-0,30952700166188635;8,416551383506899e-08
449;0,0;0,0;0,0;0,0;0,0;0,0;;;;;;;;
450;0,012000150862487633;0,00600010402676016;-0,01200000000003158;-0,0059999999999183875;1,5086245605359927e-07;1,0402684177263088e-07;0,0007768358663033906;0,0007768358663033907;0,0007768358663033907;0,9971310276824045;-0,02533632930647829;0,9971175416075482;-0,02544555502787967;7,768358663033908e-08
451;0,0;0,0;0,0;0,0;0,0;0,0;;;;;;;;
452;0,0;0,0;0,0;0,0;0,0;0,0;;;;;;;;
453;-0,010100000006260027;-0,005000000005453646;0,010100099191216676;0,005000083741324882;9,918495664888727e-08;8,373587123602227e-08;0,0006597788467467091;0,0006597788467467091;0,0006597788467467091;0,9861885218183029;-0,26128624330956957;0,9861995511027208;-0,26112844258407275;6,597788467467091e-08
454;0,010000042443666021;0,005000029257407474;-0,010000000000896486;-0,004999999998987627;4,2442769535022684e-08;2,925841984750127e-08;0,0006557575225720557;0,0006557575225720556;0,0006557575225720557;0,9843580124566684;-0,1331972788600561;0,9843535181361639;-0,13323411774708063;6,557575225720557e-08
455;0,010000075039152786;0,005000051738892985;-0,010000000000084339;-0,004999999999971672;7,503906844681663e-08;5,173892131307006e-08;0,0006479370886831398;0,0006479370886831398;0,0006479370886831398;0,9962424539979527;-0,033218037594002985;0,996234411713378;-0,03328321393725468;6,479370886831398e-08
456;0,0;0,0;0,0;0,0;0,0;0,0;;;;;;;;
457;0,00900012613529438;0,004000086933440125;-0,00900000000374707;-0,003999999971795839;1,261315473108371e-07;8,696164428573933e-08;0,0005949237313949251;0,0005949237313949252;0,0005949237313949252;0,9558078347150595;-0,45362803899540344;0,9557932216131658;-0,4537923209757123;5,9492373139492526e-08
458;0,009000072607330059;0,004000050060356914;-0,009000000000089485;-0,004000000000098022;7,260724057406298e-08;5,006025889132959e-08;0,0005754010499889563;0,0005754010499889563;0,0005754010499889563;0,9882308606159462;-0,1192093395731853;0,9882221631776061;-0,11930391420694972;5,7540104998895636e-08
459;0,0;0,0;0,0;0,0;0,0;0,0;;;;;;;;
460;0,0;0,0;0,0;0,0;0,0;0,0;;;;;;;;
461;0,006000045719758854;0,0030000315231146282;-0,006000000000013821;-0,003000000000098701;4,571974503327081e-08;3,1523015927171355e-08;0,0003893916514669488;0,0003893916514669488;0,0003893916514669488;0,9946322887084003;-0,11600636136161116;0,9946241352759905;-0,11607254235971753;3,893916514669488e-08
462;0,005000041257672111;0,0020000284398556376;-0,005000000000621389;-0,0019999999945019245;4,125705072195729e-08;2,8445353713116295e-08;0,00032329093042443477;0,0003232909304244349;0,0003232909304244349;0,961720318455322;-0,3363441163157843;0,961711590888725;-0,33646209054948617;3,232909304244349e-08
463;0,005000014554104255;0,00200001003417177;-0,004999999999889313;-0,001999999999989628;1,4554214942605337e-08;1,0034182141866604e-08;0,0003112755213497583;0,00031127552134975836;0,00031127552134975836;0,9988373936118083;-0,010255504658038277;0,9988341959837377;-0,010297118016451676;3,1127552134975834e-08
464;0,005000022945883515;0,0020000158211674404;-0,004999999999422751;-0,001999999999848476;2,2946460764491916e-08;1,58213189645727e-08;0,0003119903888407228;0,00031199038884072286;0,00031199038884072286;0,9965505845495701;-0,030491658731370625;0,9965455545731399;-0,030557279203675625;3,119903888407229e-08
465;0,005000005429564698;0,002000003741997943;-0,005000000001332677;-0,002000000000437579;5,428232020994461e-09;3,741560364051849e-09;0,0003146157631641478;0,00031461576316414773;0,0003146157631641478;0,9882308606159462;-0,1192093395731853;0,9882296807282556;-0,11922485157253332;3,146157631641478e-08
466;0,00020000004787982978;3,303698319575265e-11;-0,00020000000361684346;-2,5191377093780677e-12;4,4262986315492595e-11;3,051784548637458e-11;1,1599931111981676e-05;1,1599931111981674e-05;1,1599931111981676e-05;0,995437648436457;-0,09217328528085526;0,9954374281312813;-0,09218202799733355;1,1599931111981674e-09
467;-9,999999927034243e-05;-9,355007676819366e-14;0,00010000000762049639;5,850701380806549e-12;8,350153955869605e-12;5,7571513040383554e-12;6,170607546521404e-06;6,170607546521403e-06;6,170607546521404e-06;0,935645737675246;-0,6397330030367138;0,9356458158031079;-0,6397297044322521;6,170607546521405e-10
468;0,00010000001021730413;6,9818896475108924e-12;-0,00010000000010147074;-7,361571391400123e-15;1,0115833382539838e-11;6,974528076119492e-12;5,9567564214518265e-06;5,956756421451827e-06;5,956756421451827e-06;0,9692360864380346;-0,283555696685793;0,9692359883917346;-0,2835596927956128;5,956756421451827e-10
469;-9,999999906151118e-05;9,851011133665995e-14;0,00010000000214232496;2,025607732203627e-12;3,080813788759393e-12;2,124117843540287e-12;5,9262969864075315e-06;5,9262969864075315e-06;5,9262969864075315e-06;0,974217568062249;-0,5390632181041801;0,9742175980760786;-0,5390620010743282;5,926296986407531e-10
470;-9,999999993565701e-05;-8,093353007150548e-14;0,00010000000781769146;5,514978115257156e-12;7,882034448410992e-12;5,43404458518565e-12;5,8504740018578895e-06;5,8504740018578895e-06;5,8504740018578895e-06;0,9868435764944803;-0,2683316011940874;0,9868436542778324;-0,26832848771613027;5,85047400185789e-10
471;-9,999999958913338e-05;5,723406045050501e-14;0,00010000000619638565;5,520783925405406e-12;6,607252275143104e-12;5,578017985855911e-12;5,854360420865332e-06;5,854360420865332e-06;5,854360420865332e-06;0,9861884566583419;-0,26128943927826004;0,9861885218183029;-0,26128624330956957;5,854360420865331e-10
472;0,00010000000407346566;2,302731256261369e-12;-0,0001000000003848833;2,4042263815049617e-13;3,688582357846797e-12;2,543153894411865e-12;5,799965687362603e-06;5,799965687362603e-06;5,799965687362603e-06;0,9954374281312813;-0,09218202799733355;0,9954373914137532;-0,09218348511712729;5,799965687362602e-10
