;p_from_mw;q_from_mvar;p_to_mw;q_to_mvar;pl_mw;ql_mvar;i_from_ka;i_to_ka;i_ka;vm_from_pu;va_from_degree;vm_to_pu;va_to_degree;loading_percent
0;-3,8604832560171243;-1,8890513130777955;3,8649573767140737;1,8943294786536171;0,004474120696949413;0,005278165575821614;0,2485047262965208;0,24850472629652084;0,24850472629652084;0,9985271257705678;-0,03693258673596418;1,0;0,0;2,4850472629652084e-05
1;-3,7969943110283744;-1,8565997512739365;3,800382523296969;1,8600508079672269;0,003388212268594426;0,0034510566932903775;0,244646342796156;0,24464634279615602;0,24464634279615602;0,9974509790729106;-0,0587607171231461;0,9985271257705678;-0,03693258673596418;2,44646342796156e-05
2;-5,579810128740107;-2,740050104837905;5,601746652746442;2,755174576265972;0,02193652400633539;0,015124471428066943;0,36041898075831297;0,36041898075831297;0,36041898075831297;0,995777688537439;-0,03585526556054622;1,0;0,0;3,6041898075831295e-05
3;-5,499476299459247;-2,696339223949924;5,520810128759059;2,711050104811883;0,0213338292998122;0,01471088086195893;0,3566072753137561;0,35660727531375613;0,35660727531375613;0,9916277383641177;-0,07141299499579162;0,995777688537439;-0,03585526556054622;3,566072753137561e-05
4;2,14024086010852;1,0502583530780498;-2,132196188569405;-1,0420670427614094;0,008044671539114923;0,008191310316640443;0,13764293840087688;0,13764293840087688;0,13764293840087688;1,0;0,0;0,9954583533432312;-0,09197523684886683;1,3764293840087688e-05
5;-5,199295861299501;-2,5482523444113188;5,21245298085249;2,5573231464793773;0,013157119552988483;0,009070802068058548;0,3380393811087402;0,3380393811087402;0,3380393811087402;0,988928009014118;-0,09465002690539959;0,9916277383641177;-0,07141299499579162;3,380393811087402e-05
6;-2,0976534061966348;-1,0186848691979025;2,110795652346442;1,0320666730350523;0,013142246149807413;0,01338180383714982;0,13627312046001125;0,13627312046001125;0,13627312046001125;0,9879694816679667;-0,2455137110285276;0,9954583533432312;-0,09197523684886683;1,3627312046001123e-05
7;-3,7881117452935893;-1,8477591901411374;3,7967943110014457;1,8565997512547607;0,008682565707856416;0,008840561113623302;0,24463594300281502;0,24463594300281502;0,24463594300281502;0,9946941081266844;-0,11487446475287678;0,9974509790729106;-0,0587607171231461;2,4463594300281502e-05
8;-2,9957926259699117;-1,4826598122596861;2,9973051641864004;1,4844442046082804;0,001512538216488668;0,001784392348594288;0,19310975155641052;0,1931097515564105;0,19310975155641052;0,9993580339838574;-0,015902529514075923;1,0;0,0;1,9310975155641054e-05
9;-3,7384529513820577;-1,817073521083851;3,75091106257776;1,829758719512032;0,012458111195702504;0,012685198428181055;0,24223722142004164;0,24223722142004173;0,24223722142004173;0,9907008824648776;-0,19673773757526086;0,9946941081266844;-0,11487446475287678;2,4223722142004176e-05
10;-2,9627049520155144;-1,449071406451015;2,995692625969694;1,4826598122592836;0,03298767395417945;0,033588405808268496;0,19310457378769758;0,19310457378769758;0,19310457378769758;0,9860749638470393;-0,284665907415456;0,9993580339838574;-0,015902529514075923;1,9310457378769756e-05
11;2,962604952054852;1,4490714064187427;-2,934211011606121;-1,420159544746052;0,028393940448731225;0,028911861672690664;0,19309931418176707;0,19309931418176707;0,19309931418176707;0,9860749638470393;-0,284665907415456;0,9746589824389855;-0,5218753669916832;1,9309931418176708e-05
12;-3,6034186787304785;-1,746873225590164;3,6124529513823407;1,756073521083701;0,009034272651862185;0,00920029549353707;0,23407908290574717;0,23407908290574708;0,23407908290574717;0,9877053184906235;-0,2586142483805475;0,9907008824648776;-0,19673773757526086;2,340790829057472e-05
13;3,995465591822949;1,9637407361864803;-3,972573465287518;-1,947958051891966;0,022892126535431156;0,01578268429451435;0,25703451761971147;0,2570345176197114;0,25703451761971147;1,0;0,0;0,9938219302994328;-0,052663265951582175;2,570345176197115e-05
14;3,7130172546395346;1,8192322581779559;-3,6927865674922717;-1,8052841545242078;0,020230687147262838;0,0139481036537481;0,2412558914618124;0,24125589146181237;0,2412558914618124;0,9894868107173412;-0,08998014797109685;0,9836709412017757;-0,14049849889825825;2,4125589146181236e-05
15;3,846573465311599;1,8869580518597748;-3,831017254559917;-1,8762322582817634;0,01555621075168201;0,0107257935780114;0,24890209539720237;0,24890209539720237;0,24890209539720237;0,9938219302994328;-0,052663265951582175;0,9894868107173412;-0,08998014797109685;2,4890209539720238e-05
16;3,5667865676916604;1,7442841542757614;-3,548029331546202;-1,7313513877924256;0,01875723614545821;0,012932766483335856;0,23303950188119754;0,23303950188119754;0,23303950188119754;0,9836709412017757;-0,14049849889825825;0,9780890928369975;-0,18951677344679144;2,3303950188119752e-05
17;2,892931119173994;1,4212252667166325;-2,8525296026118228;-1,3933694240983727;0,04040151656217139;0,027855842618259796;0,1860907638675194;0,18609076386751947;0,18609076386751947;1,0;0,0;0,984941472908195;-0,12971227441098368;1,8609076386751946e-05
18;2,831429531349873;1,3833693630846704;-2,7965214240654452;-1,3593008777478346;0,034908107284427725;0,02406848533683581;0,1847221464109502;0,18472214641095017;0,1847221464109502;0,984941472908195;-0,12971227441098368;0,971838084884132;-0,2458256080722543;1,847221464109502e-05
19;-2,9341340922079824;-1,4327906869674514;2,9431046252791013;1,4403633773677949;0,008970533071118947;0,007572690400343474;0,1947119373891822;0,19471193738918222;0,19471193738918222;0,9682038068659133;-0,3291963471609757;0,9715796085664639;-0,2790379709793541;1,9471193738918223e-05
20;-3,283215446109354;-1,6072797590372978;3,2925549308888358;1,615164306736821;0,009339484779481655;0,007884547699523292;0,21667625366323334;0,21667625366323331;0,21667625366323334;0,9740418839968807;-0,242633040217126;0,9772010587925091;-0,19615298677441384;2,1667625366323336e-05
21;-2,879991903849287;-1,4035336275666583;2,885033415127211;1,4077902197315346;0,005041511277923849;0,004256592164876283;0,19142679095523338;0,19142679095523338;0,19142679095523338;0,9662744053449259;-0,35807065690701645;0,9682038068659133;-0,3291963471609757;1,914267909552334e-05
22;1,2447692188767405;0,6052883253284733;-1,2381100049662912;-0,6006970522376504;0,006659213910449324;0,004591273090822967;0,07991296025555886;0,07991296025555887;0,07991296025555887;1,0;0,0;0,9942231219140434;-0,050665294956509614;7,991296025555887e-06
23;1,9229275274142026;0,9317734026710411;-1,9099107400910524;-0,922798764078883;0,013016787323150147;0,00897463859215819;0,12336736399351421;0,12336736399351424;0,12336736399351424;1,0;0,0;0,9926870676765188;-0,06483527544326305;1,2336736399351423e-05
24;1,8878101227046125;0,9127983384215846;-1,885200715520721;-0,9109992396244829;0,0026094071838913546;0,001799098797101717;0,12195696765730493;0,12195696765730493;0,12195696765730493;0,9926870676765188;-0,06483527544326305;0,991204218317569;-0,0780744919968284;1,2195696765730493e-05
25;-3,1502137027084824;-1,5403696359735464;3,1572154462872026;1,5462797588789694;0,007001743578720188;0,005910122905423032;0,2083786591867451;0,2083786591867451;0,2083786591867451;0,9715796085664639;-0,2790379709793541;0,9740418839968807;-0,242633040217126;2,083786591867451e-05
26;-1,8686295466351182;-0,9025371840724797;1,8722007155211777;0,9049992396244414;0,0035711688860595725;0,0024620555519616616;0,12112312453694837;0,12112312453694839;0,12112312453694839;0,9891609357735545;-0,09636504120123993;0,991204218317569;-0,0780744919968284;1,211231245369484e-05
27;-2,7489942809165466;-1,3390882727729656;2,7539919042345256;1,3425336268487484;0,0049976233179789276;0,003445354075782836;0,18306244169784458;0,18306244169784452;0,18306244169784458;0,9643815117302131;-0,37506647435226287;0,9662744053449259;-0,35807065690701645;1,8306244169784456e-05
28;-2,7389730091519984;-1,3322482340657071;2,7488942814146244;1,3390882722129256;0,009921272262626069;0,006840038147218452;0,18305705958144683;0,18305705958144683;0,18305705958144683;0,9606238319858189;-0,409008337483566;0,9643815117302131;-0,37506647435226287;1,8305705958144683e-05
29;0,8005877875291297;0,38833677777271464;-0,8000151887383032;-0,38785340048972905;0,0005725987908264951;0,00048337728298558647;0,05185571041704924;0,05185571041704924;0,05185571041704924;0,990685471547575;-0,08191797139079904;0,9898770137689183;-0,09384099429859949;5,185571041704924e-06
30;0,7590151887385448;0,3678534004900274;-0,7584213563104171;-0,36735206622957706;0,0005938324281277163;0,0005013342604503479;0,04919502929478706;0,04919502929478706;0,04919502929478706;0,9898770137689183;-0,09384099429859949;0,9889932920212888;-0,10690588697225736;4,919502929478706e-06
31;1,1121100049662047;0,5396970522375947;-1,1104713821365997;-0,5385673300075234;0,0016386228296050298;0,0011297222300712395;0,07178371667648864;0,07178371667648864;0,07178371667648864;0,9942231219140434;-0,050665294956509614;0,9926407629488289;-0,06463652207325055;7,178371667648864e-06
32;4,340964380630096;2,1320237962474846;-4,322606332776481;-2,119367362005519;0,0183580478536145;0,01265643424196572;0,28234827476241775;0,2823482747624178;0,2823482747624178;0,988928009014118;-0,09465002690539959;0,9844179061415276;-0,1335349050504841;2,823482747624178e-05
33;3,448922866943404;1,6833465883274141;-3,4377807712287267;-1,675663977077415;0,011142095714677502;0,007682611249999027;0,22653928672569457;0,22653928672569462;0,22653928672569462;0,9780890928369975;-0,18951677344679144;0,9746785212733574;-0,21973410826888895;2,2653928672569463e-05
34;2,9475939759652303;1,438535186270948;-2,9466008691147505;-1,4378500897549384;0,000993106850479819;0,0006850965160094535;0,19428423641259807;0,19428423641259807;0,19428423641259807;0,9746785212733574;-0,21973410826888895;0,9743240106014557;-0,22288169592582766;1,9428423641259806e-05
35;2,946500869161747;1,4378500897515556;-2,946376312987404;-1,4377640327583732;0,0001245561743430379;8,605699318242621e-05;0,1942789109901019;0,19427891099010192;0,19427891099010192;0,9743240106014557;-0,22288169592582766;0,9742795293539585;-0,2232786745882189;1,9427891099010192e-05
36;2,937376313021791;1,433764032691129;-2,9342912074920577;-1,4316367618223966;0,0030851055297334007;0,0021272708687323227;0,19369564976929776;0,1936956497692978;0,1936956497692978;0,9742795293539585;-0,2232786745882189;0,9731750184322626;-0,23307847023650463;1,936956497692978e-05
37;2,316538770697215;1,124266548958405;-2,3131106567353976;-1,1219027542797375;0,003428113961817303;0,00236379467866743;0,15051488777556443;0,15051488777556443;0,15051488777556443;0,9877053184906235;-0,2586142483805475;0,986126454020883;-0,2726506299454654;1,5051488777556444e-05
38;1,1165396049066771;0,543121263032873;-1,1130460913399185;-0,5407126025162569;0,0034935135667586437;0,0024086605166161457;0,07168545635119168;0,07168545635119167;0,07168545635119168;1,0;0,0;0,9966213693385275;-0,029533450032944133;7,168545635119169e-06
39;2,8912909147675765;1,41063655925765;-2,8717190901306284;-1,3971428188546888;0,019571824636948065;0,01349374040296114;0,19085662407371662;0,19085662407371662;0,19085662407371662;0,9731750184322626;-0,23307847023650463;0,9660647077736402;-0,2966859034649616;1,9085662407371662e-05
40;0,9924665999125366;0,4815632927338068;-0,9916540910176751;-0,4810030950826299;0,0008125088948615078;0,0005601976511769302;0,06416134974059574;0,06416134974059574;0,06416134974059574;0,9926407629488289;-0,06463652207325055;0,9917629309222826;-0,0723982055271883;6,416134974059575e-06
41;0,9915540910177163;0,4810030950868995;-0,9915180347989844;-0,48097815208626993;3,605621873192799e-05;2,494300062955146e-05;0,06415611198127738;0,06415611198127737;0,06415611198127738;0,9917629309222826;-0,0723982055271883;0,9917239401286476;-0,07274680198525596;6,415611198127739e-06
42;1,1129460913399567;0,5407126025163289;-1,112585553837078;-0,5404639719083153;0,0003605375028787883;0,00024863060801361136;0,07168024564334066;0,07168024564334065;0,07168024564334066;0,9966213693385275;-0,029533450032944133;0,9962726575536136;-0,03259444766106532;7,168024564334067e-06
43;1,1124855538372644;0,5404639719081571;-1,1108919601620457;-0,5391185103235674;0,0015935936752187185;0,0013454615845897022;0,07167503306581599;0,07167503306581598;0,07167503306581599;0,9962726575536136;-0,03259444766106532;0,9946445396886651;-0,05643702558872113;7,167503306581599e-06
44;1,1107919601623608;0,5391185103238606;-1,1101572352198188;-0,5385827155617295;0,0006347249425420198;0,0005357947621310588;0,07166981099047916;0,07166981099047914;0,07166981099047916;0,9946445396886651;-0,05643702558872113;0,9939960938769619;-0,06595042964423994;7,166981099047916e-06
45;2,848619027302182;1,386142774049738;-2,8362385416159395;-1,3776066587559492;0,012380485686242615;0,008536115293788837;0,1893276138976577;0,1893276138976577;0,1893276138976577;0,9660647077736402;-0,2966859034649616;0,9615311637107307;-0,3377266018667503;1,893276138976577e-05
46;2,2631106567352823;1,097902754279945;-2,2598288588355606;-1,0956398492253785;0,0032817978997217168;0,0022629050545666107;0,14726778338997135;0,14726778338997132;0,14726778338997135;0,986126454020883;-0,2726506299454654;0,9845816870684969;-0,2864197010482789;1,4726778338997135e-05
47;0,9595180347987845;0,4659781520873524;-0,9585877875292703;-0,46533677777294025;0,0009302472695141839;0,0006413743144121353;0,0620988479898724;0,062098847989872384;0,0620988479898724;0,9917239401286476;-0,07274680198525596;0,990685471547575;-0,08191797139079904;6,2098847989872395e-06
48;1,4015615284424143;0,6819049892266094;-1,3960563350516142;-0,6781093428942382;0,005505193390800134;0,003795646332371172;0,08998831650723664;0,08998831650723664;0,08998831650723664;1,0;0,0;0,9957587216625474;-0,037086422267292946;8,998831650723664e-06
49;1,004157235219578;0,487582715561729;-1,0033615649254615;-0,4869108918722761;0,000795670294116535;0,0006718236894528995;0,064837413417473;0,064837413417473;0,064837413417473;0,9939960938769619;-0,06595042964423994;0,9930974666602299;-0,07914340924797833;6,4837413417473e-06
50;2,836138542266072;1,377606658050772;-2,829850263841228;-1,3732711008330953;0,00628827842484414;0,004335557217676644;0,1893222128499715;0,18932221284997156;0,18932221284997156;0,9615311637107307;-0,3377266018667503;0,9592286247921913;-0,3587176407533141;1,8932221284997156e-05
51;1,3959563350511321;0,6781093428937515;-1,395388171473753;-0,6777175310723268;0,0005681635773790994;0,0003918118214246702;0,08998310114644727;0,08998310114644727;0,08998310114644727;0,9957587216625474;-0,037086422267292946;0,9953209740642379;-0,04093416034118587;8,998310114644728e-06
52;-2,723881504176803;-1,324496020228007;2,7249730095744833;1,3252482336105469;0,0010915053976803257;0,0007522133825399457;0,1821163773292671;0,1821163773292671;0,1821163773292671;0,9602083558131381;-0,41277432323298524;0,9606238319858189;-0,409008337483566;1,821163773292671e-05
53;1,8222616749688334;0,8825739873559296;-1,819843687634666;-0,8797218584443622;0,0024179873341674263;0,0028521289115673865;0,11993779829799567;0,11993779829799567;0,11993779829799567;0,9746589824389855;-0,5218753669916832;0,9730132368523269;-0,5647601745666209;1,1993779829799567e-05
54;-2,766417797940889;-1,3373576866475787;2,793850265422904;1,356271099363589;0,027432467482015;0,018913412716010214;0,18692610122406964;0,1869261012240697;0,1869261012240697;0,9490564886666627;-0,4525939339070738;0,9592286247921913;-0,3587176407533141;1,869261012240697e-05
55;0,4304088873283844;0,20834153913737796;-0,43028323278655545;-0,20823547501527978;0,00012565454182894564;0,00010606412209818172;0,02791510294773664;0,027915102947736643;0,027915102947736643;0,9889932920212888;-0,10690588697225736;0,9886637996089589;-0,11178666233230818;2,7915102947736644e-06
56;0,4301832327866022;0,20823547501598633;-0,43012111855326474;-0,208183035460076;6,211423333746247e-05;5,2439555910333e-05;0,02790984656368385;0,027909846563683855;0,027909846563683855;0,9886637996089589;-0,11178666233230818;0,988500882876129;-0,11420116013962493;2,7909846563683855e-06
57;0,4010210565764073;0,19418298313959675;-0,4008513278412453;-0,19403968690197435;0,00016972873516202247;0,00014329623762240895;0,026023746787573052;0,02602374678757305;0,026023746787573052;0,988500882876129;-0,11420116013962493;0,9880234297868465;-0,12127730191940192;2,602374678757305e-06
58;-3,911336981637452;-1,9186655822307024;3,919606332881125;1,9243673618890809;0,008269351243672673;0,005701779658378481;0,256091637558607;0,25609163755860703;0,25609163755860703;0,9821779663125066;-0,15291788878336013;0,9844179061415276;-0,1335349050504841;2,5609163755860704e-05
59;0,8881343567667646;0,43112994878151195;-0,8875941482596598;-0,4304927823334832;0,0005402085071047891;0,0006371664480287476;0,05769277776028911;0,05769277776028911;0,05769277776028911;0,9879694816679667;-0,2455137110285276;0,9872047538992745;-0,26510387448914885;5,769277776028911e-06
60;0,5403314807397184;0,2622285480758736;-0,5400834328889784;-0,262057514933289;0,00024804785073995195;0,0001710331425845979;0,035063960021531636;0,03506396002153163;0,035063960021531636;0,988928009014118;-0,09465002690539959;0,9884376138815211;-0,09899943550357018;3,506396002153163e-06
61;-0,10432668158236802;-0,05001839470412458;0,10436056720632102;0,050047002059142864;3,388562395299777e-05;2,860735501828554e-05;0,007040964102525429;0,007040964102525431;0,007040964102525431;0,9487045218939252;-0,45811179924625917;0,9490564886666627;-0,4525939339070738;7,040964102525432e-07
62;-0,6076094434696517;-0,29335123042560063;0,6077634378025091;0,29345739581375024;0,00015399433285734343;0,00010616538814961496;0,04064630908720734;0,04064630908720734;0,04064630908720734;0,9583859946675181;-0,42965037723151106;0,9586485411957815;-0,42721788754815054;4,0646309087207335e-06
63;3,382604169089924;1,6606442951781526;-3,3746549308593794;-1,6551643066417787;0,007949238230544609;0,005479988536373881;0,22207195129336382;0,22207195129336382;0,22207195129336382;0,9796840103450284;-0,17456850997963982;0,9772010587925091;-0,19615298677441384;2,220719512933638e-05
64;1,0393680321440029;0,505701313106726;-1,0379735688183018;-0,5045239760822219;0,0013944633257010342;0,001177337024504066;0,0670475096838621;0,0670475096838621;0,0670475096838621;0,9953209740642379;-0,04093416034118587;0,9937977377310367;-0,06320453287152052;6,7047509683862095e-06
65;-0,5503905969803455;-0,2662003636956745;0,5506094434670604;0,2663512305087755;0,00021884648671488538;0,0001508668131010027;0,0368468818557635;0,03684688185576351;0,03684688185576351;0,95797436831192;-0,4334468770208819;0,9583859946675181;-0,42965037723151106;3,6846881855763503e-06
66;0,4764283129680021;0,23129529539200905;-0,47618673454935995;-0,23112874507507677;0,00024157841864214102;0,0001665503169322735;0,030949092283297577;0,030949092283297577;0,030949092283297577;0,9879694816679667;-0,2455137110285276;0,9874283833589999;-0,2503113902105302;3,0949092283297578e-06
67;0,8013615649254457;0,38891089187245936;-0,8009855416797926;-0,3885934362183413;0,00037602324565311207;0,00031745565411805954;0,05178480741573041;0,05178480741573042;0,05178480741573042;0,9930974666602299;-0,07914340924797833;0,9925657852462346;-0,08695790582524582;5,178480741573042e-06
68;0,8008855416797914;0,38859343621799963;-0,800568391487109;-0,38832567233480425;0,00031715019268241385;0,00026776388319538214;0,05177957409573685;0,05177957409573685;0,05177957409573685;0,9925657852462346;-0,08695790582524582;0,9921173057579379;-0,09355547988337803;5,1779574095736855e-06
69;0,3280833907951815;0,15905748592052557;-0,3280177388020718;-0,15901223026682962;6,565199310970549e-05;4,5255653695952525e-05;0,021296815643273702;0,021296815643273702;0,021296815643273702;0,9884376138815211;-0,09899943550357018;0,9882239410949121;-0,10089846531917994;2,1296815643273704e-06
70;0,782468376421327;0,3793256619701434;-0,7824504003521908;-0,3793105282709132;1,79760691362274e-05;1,5133699230174269e-05;0,05060329642572724;0,05060329642572724;0,05060329642572724;0,9921173057579379;-0,09355547988337803;0,9920913184541357;-0,093936089605315;5,060329642572724e-06
71;-0,5200515140460281;-0,25203551370640664;0,5205882340953873;0,2524055873784892;0,0005367200493592295;0,00037007367208258257;0,03381841579025102;0,033818415790251015;0,03381841579025102;0,9866052063743714;-0,26841377572011266;0,9877053184906235;-0,2586142483805475;3,3818415790251024e-06
72;0,9229735688180111;0,44852397608205047;-0,9223351048214129;-0,44798499219714677;0,0006384639965981709;0,0005389838849036988;0,05961652844850133;0,05961652844850133;0,05961652844850133;0,9937977377310367;-0,06320453287152052;0,9930134880262634;-0,0746994572868146;5,961652844850133e-06
73;-1,6266340943865425;-0,7882290831933088;1,6294577845415414;0,7901757961037119;0,002823690154998948;0,0019467129104031589;0,11073385246687495;0,11073385246687494;0,11073385246687495;0,9424313376876794;-0,5758118398674605;0,9441988637168434;-0,5593431424294195;1,1073385246687494e-05
74;0,00010000002645728012;1,8221096026962083e-11;-0,00010000000000659136;1,5767374039605082e-14;2,6450688766555853e-11;1,823686340100169e-11;5,788258611740867e-06;5,7882586117408676e-06;5,7882586117408676e-06;0,9974509790729106;-0,0587607171231461;0,9974507152403097;-0,05877116607342831;5,788258611740867e-10
75;0,0;0,0;0,0;0,0;0,0;0,0;;;;;;;;
76;1,6882398590857945;0,8167190903052481;-1,6863388990098915;-0,8154084420449814;0,0019009600759030132;0,0013106482602667224;0,11128026779036616;0,11128026779036612;0,11128026779036616;0,9730132368523269;-0,5647601745666209;0,9718292918748187;-0,5755270879773668;1,1128026779036617e-05
77;0,5184123402010731;0,2514363844296883;-0,518247814557152;-0,251242291858454;0,00016452564392110958;0,00019409257123431667;0,0336963303219188;0,033696330321918794;0,0336963303219188;0,9872047538992745;-0,26510387448914885;0,986806005736097;-0,2753344955365834;3,36963303219188e-06
78;0,20201773880181412;0,098012230269132;-0,20200000000039617;-0,09799999999539534;1,7738801417949146e-05;1,2230273736660302e-05;0,013118220635087312;0,01311822063508731;0,013118220635087312;0,9882239410949121;-0,10089846531917994;0,9881302049632722;-0,10173053547159662;1,3118220635087311e-06
79;-0,8040744924761563;-0,39076493577269905;0,8043351048213395;0,3909849921973746;0,00026061234518326426;0,00022005642467554098;0,051997384875159494;0,05199738487515949;0,051997384875159494;0,9926464207576714;-0,08008152741631602;0,9930134880262634;-0,0746994572868146;5,199738487515949e-06
80;-0,9311463487537629;-0,45079032629112437;0,9315663988103665;0,45107997406759315;0,00042005005660361583;0,00028964777646878215;0,060693329368178506;0,060693329368178506;0,060693329368178506;0,9841019770275711;-0,2907191549984135;0,9845816870684969;-0,2864197010482789;6,069332936817851e-06
81;0,436247814557424;0,2112422918591037;-0,43615676309977847;-0,21114957570867127;9,105145764554123e-05;9,271615043243697e-05;0,028358409933112144;0,028358409933112148;0,028358409933112148;0,986806005736097;-0,2753344955365834;0,9865569027048142;-0,2805092759327556;2,8358409933112147e-06
82;0,580450400356873;0,2813105282714345;-0,5803345333183076;-0,28123063454546277;0,00011586703856536484;7,989372597172473e-05;0,03753745360013436;0,037537453600134364;0,037537453600134364;0,9920913184541357;-0,093936089605315;0,9918773577020358;-0,09583411824565018;3,753745360013437e-06
83;0,9995100306214416;0,4832200586265546;-0,9990304092232641;-0,4828151514319162;0,0004796213981774766;0,0004049071946383709;0,06753744655651904;0,06753744655651904;0,06753744655651904;0,9490564886666627;-0,4525939339070738;0,9485367048446113;-0,4606380203799181;6,753744655651904e-06
84;0,3991567630992698;0,19314957570789154;-0,399080517679964;-0,19307193629443314;7,62454193057871e-05;7,763941345839687e-05;0,025950474502087113;0,025950474502087113;0,025950474502087113;0,9865569027048142;-0,2805092759327556;0,9863289728065823;-0,2852493111161473;2,5950474502087116e-06
85;-1,4526097381166345;-0,7032129390941265;1,455516356313442;0,7052168533925437;0,0029066181968073757;0,0020039142984171754;0,09908246264287442;0,0990824626428744;0,09908246264287442;0,9403980545398783;-0,5948415575662912;0,9424313376876794;-0,5758118398674605;9,908246264287441e-06
86;-0,7235750003327077;-0,3513432447097788;0,7240744924764332;0,3517649357730531;0,0004994921437254662;0,00042169106327433203;0,04682090613576466;0,04682090613576465;0,04682090613576466;0,9918652095360045;-0,09155213623991357;0,9926464207576714;-0,08008152741631602;4,682090613576466e-06
87;0,7104644194878063;0,3433201634341622;-0,7102369931716046;-0,3431633844417168;0,000227426316201651;0,0001567789924454277;0,04800227073757538;0,04800227073757539;0,04800227073757539;0,9490564886666627;-0,4525939339070738;0,9487281557152564;-0,45565988031361093;4,8002270737575385e-06
88;0,00010000000592381568;5,140212881042518e-12;-0,00010000000011182142;-2,3405195170882924e-13;5,8119942642235675e-12;4,906160929333688e-12;5,908203825568942e-06;5,908203825568942e-06;5,908203825568942e-06;0,9772010587925091;-0,19615298677441384;0,9772010019976417;-0,19615579779738818;5,908203825568942e-10
89;1,7102144203454481;0,8302458988502261;-1,686285295049733;-0,8137477041067853;0,023929125295715226;0,01649819474344083;0,11431390996686859;0,11431390996686859;0,11431390996686859;0,9601583786875476;-0,3513305847644433;0,9456498479206853;-0,48571015220103686;1,1431390996686858e-05
90;0,8750827824528935;0,4237704618486883;-0,8747455574113994;-0,42348571502715887;0,000337225041494138;0,00028474682152940245;0,059148524898396865;0,05914852489839687;0,05914852489839687;0,9490564886666627;-0,4525939339070738;0,9486390979892776;-0,4590376344046207;5,914852489839687e-06
91;0,8973568517788649;0,4339354969925758;-0,8964104589608398;-0,43328297336074867;0,0009463928180251102;0,0006525236318271066;0,05817911818384904;0,05817911818384904;0,05817911818384904;0,9891609357735545;-0,09636504120123993;0,9880335475770828;-0,10646109154650593;5,817911818384905e-06
92;1,0852616517628153;0,5265593178531642;-1,0845429796211898;-0,5260638423436601;0,0007186721416254649;0,0004954755095041286;0,07073391674956991;0,07073391674956993;0,07073391674956993;0,9845816870684969;-0,2864197010482789;0,9838773933514073;-0,29269682900879734;7,073391674956992e-06
93;0,32108051767942225;0,15507193629472482;-0,3210423434571639;-0,15503970841657044;3,8174222258324786e-05;3,222787815437833e-05;0,02087174177404778;0,020871741774047783;0,020871741774047783;0,9863289728065823;-0,2852493111161473;0,9861951150651497;-0,2872450618765934;2,0871741774047783e-06
94;0,0;0,0;0,0;0,0;0,0;0,0;;;;;;;;
95;-0,2020000000000045;-0,09799999999997688;0,20205151404613597;0,09803551370669435;5,1514046131462266e-05;3,5513706717463234e-05;0,013142116856525412;0,01314211685652541;0,013142116856525412;0,9863334945588417;-0,27082891751839977;0,9866052063743714;-0,26841377572011266;1,3142116856525413e-06
96;0,4543345333192915;0,2202306345455665;-0,4541545788682439;-0,22010657091538416;0,00017995445104762586;0,00012406363018233058;0,029388982085931607;0,029388982085931607;0,029388982085931607;0,9918773577020358;-0,09583411824565018;0,9914529305920596;-0,09959704319591049;2,9388982085931604e-06
97;1,4393388990324896;0,6964084420406923;-1,4338969123078766;-0,6926564679073225;0,005441986724612935;0,0037519741333698065;0,09499214080260217;0,09499214080260217;0,09499214080260217;0,9718292918748187;-0,5755270879773668;0,9678589063645517;-0,6117671794805978;9,499214080260216e-06
98;1,4337969123355425;0,6926564678812743;-1,4327085298041828;-0,6919061579143683;0,0010883825313596773;0,0007503099669060598;0,09498676947097083;0,09498676947097086;0,09498676947097086;0,9678589063645517;-0,6117671794805978;0,9670648582339403;-0,6190475131961264;9,498676947097085e-06
99;-1,952467389871331;-0,9509716687982516;1,9606263289680181;0,9565966346631369;0,00815893909668719;0,005624965864885367;0,13123967713106555;0,13123967713106552;0,13123967713106555;0,9553951556535467;-0,4562897013824882;0,9597058180939931;-0,4173047664389111;1,3123967713106555e-05
100;-0,46354614691098245;-0,22430759107517334;0,4636584551056191;0,22438501418274176;0,00011230819463664554;7,742310756841952e-05;0,030512518734520995;0,030512518734520995;0,030512518734520995;0,9744038821188833;-0,5241860481597728;0,9746589824389855;-0,5218753669916832;3,0512518734520993e-06
101;-1,9412495610585137;-0,9436847678063839;1,947467390727166;0,9479716678945166;0,006217829668652364;0,004286900088132706;0,13088865138199038;0,1308886513819904;0,1308886513819904;0,9521016243264039;-0,48636803155355596;0,9553951556535467;-0,4562897013824882;1,308886513819904e-05
102;-0,7468728135550735;-0,3604638590256565;0,7479970082763913;0,36123894122035;0,0011241947213177506;0,0007750821946935216;0,04994548844310497;0,04994548844310497;0,04994548844310497;0,9586485411957815;-0,42721788754815054;0,9602083558131381;-0,41277432323298524;4,994548844310498e-06
103;2,201879868046818;1,072424020318588;-2,2008351208933767;-1,0717038116425988;0,0010447471534411612;0,000720208675989209;0,1454996738310037;0,1454996738310038;0,1454996738310038;0,971838084884132;-0,2458256080722543;0,9713402454955896;-0,2502733480755881;1,4549967383100377e-05
104;-0,7286708894014993;-0,35246255878655813;0,7291463487542353;0,3527903262913368;0,000475459352736074;0,00032776750477864214;0,04752141766574606;0,04752141766574606;0,04752141766574606;0,9834085639783883;-0,296945766695995;0,9841019770275711;-0,2907191549984135;4,752141766574606e-06
105;0,37315457886842907;0,18110657091551224;-0,3730330253868974;-0,18102276989757507;0,00012155348153164436;8,380101793717398e-05;0,024153882473607547;0,024153882473607544;0,024153882473607547;0,9914529305920596;-0,09959704319591049;0,9911040806898369;-0,10268085297409907;2,4153882473607547e-06
106;-0,3994172120446674;-0,1932187019625737;0,3995461469104473;0,19330759107828038;0,0001289348657799172;8,888911570667513e-05;0,026298981794111484;0,02629898179411148;0,026298981794111484;0,9740640953208146;-0,5272674104812207;0,9744038821188833;-0,5241860481597728;2,6298981794111484e-06
107;1,97578449602799;0,9632570788729204;-1,9748265629384762;-0,9625967967652685;0,0009579330895137517;0,0006602821076518994;0,13216573166182266;0,13216573166182263;0,13216573166182266;0,9602083558131381;-0,41277432323298524;0,9597058180939931;-0,4173047664389111;1,3216573166182265e-05
108;0,1990423434566125;0,09603970841661923;-0,19901035933919559;-0,09600714176542614;3,19841174169222e-05;3,256665119308333e-05;0,012938112816959736;0,01293811281695973;0,012938112816959736;0,9861951150651497;-0,2872450618765934;0,9860034192788635;-0,29124656549011135;1,2938112816959737e-06
109;0,2740866296342356;0,13205972643926223;-0,27403957022046554;-0,13202727888973217;4,70594137700342e-05;3,2447549530051356e-05;0,0186788217520076;0,0186788217520076;0,0186788217520076;0,940392586455026;-0,5355706023389695;0,9402180130950835;-0,5372290535821252;1,8678821752007601e-06
110;0,5777936257392399;0,28119267194036324;-0,5768349925657845;-0,28053172649655805;0,0009586331734553477;0,0006609454438051832;0,037551394030643614;0,037551394030643614;0,037551394030643614;0,9879694816679667;-0,2455137110285276;0,9861995511027228;-0,26112844258437246;3,7551394030643615e-06
111;-3,700604168955719;-1,8146442953102515;3,7093369817409183;1,8206655821151254;0,008732812785199329;0,006021286804873904;0,2428940492358012;0,24289404923580124;0,24289404923580124;0,9796840103450284;-0,17456850997963982;0,9821779663125066;-0,15291788878336013;2,4289404923580127e-05
112;2,1328351210401806;1,0387038115014886;-2,1269483644286518;-1,0346452957466155;0,005886756611528821;0,004058515754873149;0,14100705371331274;0,14100705371331274;0,14100705371331274;0,9713402454955896;-0,2502733480755881;0,9684457576266476;-0,276225383081096;1,4100705371331273e-05
113;2,126848364845271;1,0346452952645804;-2,117474049453848;-1,0281822246034202;0,009374315391422972;0,006463070661160142;0,14100169276639388;0,1410016927663939;0,1410016927663939;0,9684457576266476;-0,276225383081096;0,9638366583742125;-0,31787340153478116;1,410016927663939e-05
114;0,35424796635769135;0,17117095660190307;-0,354091376221623;-0,17106299842115433;0,00015659013606833527;0,00010795818074874064;0,02299773148129841;0,022997731481298415;0,022997731481298415;0,9877053184906235;-0,2586142483805475;0,9872334476173681;-0,2628508817205853;2,2997731481298412e-06
115;0,5173256859307872;0,24986591459748964;-0,5172134028638695;-0,24977110477472333;0,00011228306691768442;9,480982276630079e-05;0,034130381530776376;0,03413038153077638;0,03413038153077638;0,971838084884132;-0,2458256080722543;0,9715973004793046;-0,24947054062856355;3,413038153077638e-06
116;0,5171134028675491;0,24977110477139935;-0,5169552147810674;-0,2496375811701333;0,00015818808648171423;0,00013352360126606122;0,034125030630910456;0,03412503063091046;0,03412503063091046;0,9715973004793046;-0,24947054062856355;0,9712580573816796;-0,25460372041029666;3,4125030630910464e-06
117;0,516855214786308;0,24963758116504114;-0,5166205915085949;-0,2494394889901097;0,00023462327771317515;0,00019809217493144127;0,03411967782630752;0,03411967782630753;0,03411967782630753;0,9712580573816796;-0,25460372041029666;0,9707547828715413;-0,2622273556764249;3,411967782630753e-06
118;-1,808359358682403;-0,8771763364596621;1,8192495623034144;0,8846847668632047;0,010890203621011452;0,007508430403542654;0,12267094595676674;0,12267094595676671;0,12267094595676674;0,9459473001482883;-0,5430920857333387;0,9521016243264039;-0,48636803155355596;1,2267094595676674e-05
119;-0,33535304021943235;-0,16217445764403554;0,3354172120439851;0,162218701966299;6,417182455276116e-05;4,424432226346475e-05;0,02208397529852102;0,02208397529852102;0,02208397529852102;0,9738627036030532;-0,5290963872215273;0,9740640953208146;-0,5272674104812207;2,2083975298521017e-06
120;0,923494960746053;0,44682389098121245;-0,9230219532379392;-0,4464977487593439;0,00047300750811374304;0,0003261422218685528;0,061248251466203954;0,06124825146620396;0,06124825146620396;0,9670648582339403;-0,6190475131961264;0,9665295982849603;-0,6239409191572791;6,124825146620396e-06
121;-0,3282965872183471;-0,15913554003128952;0,3283530402201664;0,15917445764408314;5,6453001819334325e-05;3,8917612793620826e-05;0,021632955457551346;0,021632955457551346;0,021632955457551346;0,9736818223231342;-0,5307287604101587;0,9738627036030532;-0,5290963872215273;2,163295545755135e-06
122;0,5515717081235353;0,26734097491791553;-0,551201809011883;-0,26708594846038775;0,0003698991116523054;0,00025502645752778497;0,035678680491690797;0,035678680491690797;0,035678680491690797;0,9918652095360045;-0,09155213623991357;0,9911465871200752;-0,09792775131306752;3,5678680491690794e-06
123;-0,3280863189047547;-0,15905951130580676;0,3281965872188262;0,15913554003139088;0,0001102683140715155;7,602872558412632e-05;0,021627619866410708;0,021627619866410697;0,021627619866410708;0,973328406004907;-0,5339189646056555;0,9736818223231342;-0,5307287604101587;2,1627619866410708e-06
124;2,0874740498021143;1,0141822242329046;-2,086202576481724;-1,0133055859928544;0,0012714733203904593;0,0008766382400502426;0,13901884713955687;0,13901884713955687;0,13901884713955687;0,9638366583742125;-0,31787340153478116;0,9632026061971168;-0,3236263649050811;1,3901884713955687e-05
125;-0,27100603216980335;-0,13100415809758978;0,27109137622203966;0,1310629984213738;8,534405223631358e-05;5,884032378403181e-05;0,017609484177161218;0,017609484177161218;0,017609484177161218;0,9868975643173499;-0,26586346422229346;0,9872334476173681;-0,2628508817205853;1,7609484177161216e-06
126;0,17603891024187712;0,08502682453666713;-0,17600161661858582;-0,08500111329417773;3,729362329130126e-05;2,5711242489401265e-05;0,012004717252237914;0,012004717252237918;0,012004717252237918;0,9402180130950835;-0,5372290535821252;0,9400027267914539;-0,5392611759998749;1,2004717252237918e-06
127;0,7461960545718311;0,3607556797629883;-0,7455222017247577;-0,3602910808096026;0,0006738528470734417;0,00046459895338568646;0,0506025724041393;0,05060257240413928;0,0506025724041393;0,9456498479206853;-0,48571015220103686;0,9447269502545154;-0,4943582219227147;5,060257240413929e-06
128;0,07721587061751295;0,03701094220875972;-0,07720906074150626;-0,03700624702749109;6,809876006694249e-06;4,6951812686310546e-06;0,005086975703389295;0,005086975703389296;0,005086975703389296;0,971838084884132;-0,2458256080722543;0,9717453555769737;-0,24668919903512823;5,086975703389296e-07
129;0,07710906074150865;0,037006247027267576;-0,07710000002073443;-0,03699999996397045;9,060720774223263e-06;6,247063297125377e-06;0,0050816186027427;0,005081618602742701;0,005081618602742701;0,9717453555769737;-0,24668919903512823;0,9716218372033318;-0,24783601638124153;5,081618602742701e-07
130;0,35119018342626296;0,16913111982651713;-0,3510866296963556;-0,16905972596000168;0,00010355372990733525;7,139386651544566e-05;0,023923657793908357;0,023923657793908353;0,023923657793908357;0,9406925000015923;-0,5327193573413661;0,940392586455026;-0,5355706023389695;2,3923657793908356e-06
131;0,5027348933743947;0,24453164275540598;-0,5026222614809154;-0,24443655637229458;0,00011263189347932023;9,508638311139794e-05;0,03272849643841589;0,032728496438415904;0,032728496438415904;0,9861995511027228;-0,26112844258437246;0,985947509364628;-0,26484375574245744;3,2728496438415903e-06
132;0,5025222614808039;0,24443655637216397;-0,5022501365832428;-0,24420683554316383;0,00027212489756112124;0,00022972082900013513;0,03272323046625997;0,03272323046625997;0,03272323046625997;0,985947509364628;-0,26484375574245744;0,9853384797288467;-0,27382546418783343;3,2723230466259967e-06
133;-0,6022305085857484;-0,29115893097379275;0,6026708894015386;0,29146255878659466;0,0004403808157901201;0,00030362781280190987;0,03930277397764079;0,039302773977640794;0,039302773977640794;0,982632002484876;-0,3039359106608778;0,9834085639783883;-0,296945766695995;3,930277397764079e-06
134;0,8575383159667619;0,41606062647917375;-0,8565264290663498;-0,41536294819892305;0,0010118869004120956;0,0006976782802506909;0,05593140072116764;0,05593140072116764;0,05593140072116764;0,9838773933514073;-0,29269682900879734;0,9826232951922365;-0,30389173925479956;5,593140072116764e-06
135;-0,10331651282036067;-0,05001138415196476;0,10332668157616141;0,05001839466352328;1,0168755800746276e-05;7,0105115585195055e-06;0,006986137942648375;0,006986137942648376;0,006986137942648376;0,9486036379359801;-0,4590499188175539;0,9487045218939252;-0,45811179924625917;6,986137942648376e-07
136;0,43962059150609667;0,21243948902651977;-0,4393545607046382;-0,21221489588698486;0,00026603080145848335;0,00022459313953490656;0,029038892255102842;0,029038892255102845;0,029038892255102845;0,9707547828715413;-0,2622273556764249;0,9700842798617973;-0,2723815113574412;2,9038892255102845e-06
137;0,6134226080957887;0,2971876848359898;-0,6132935400444647;-0,29709871243919866;0,00012906805132406607;8,897239679112046e-05;0,039353433401302075;0,039353433401302075;0,039353433401302075;1,0;0,0;0,9997726803673765;-0,002000747336772538;3,935343340130207e-06
138;0,6131935400447616;0,297098712439098;-0,612709685903952;-0,2967651192319084;0,0004838541408095365;0,0003335932071896197;0,039348236371048576;0,039348236371048576;0,039348236371048576;0,9997726803673765;-0,002000747336772538;0,9989203551908389;-0,009511029741249555;3,934823637104858e-06
139;-1,7254571823835094;-0,8365543147367545;1,726359359698042;0,8371763357579913;0,0009021773145325707;0,0006220210212368738;0,11710245717750391;0,11710245717750394;0,11710245717750394;0,9454132658344724;-0,5480529662270908;0,9459473001482883;-0,5430920857333387;1,1710245717750393e-05
140;-0,6814469906932622;-0,33023922784730064;0,6817164468787046;0,330425008856142;0,0002694561854423849;0,00018578100884136806;0,04525318360687179;0,045253183606871784;0,04525318360687179;0,9661168645728054;-0,6276977208528729;0,9665295982849603;-0,6239409191572791;4,525318360687179e-06
141;0,06320324904131495;0,031002240073458857;-0,06320278503427808;-0,031001920243663193;4,640070368766569e-07;3,1982979566483327e-07;0,004113661557617967;0,004113661557617968;0,004113661557617968;0,9880234297868465;-0,12127730191940192;0,9880156061693303;-0,12134469403759904;4,113661557617968e-07
142;0,06310278503504421;0,03100192024392045;-0,0631001939271681;-0,03100013376188274;2,591107876107057e-06;1,7864820377085089e-06;0,004108415995106945;0,0041084159951069454;0,0041084159951069454;0,9880156061693303;-0,12134469403759904;0,9879718546826933;-0,12172029353820053;4,108415995106945e-07
143;2,003202576709844;0,9733055858327917;-1,9981219212489227;-0,9698026441743729;0,005080655460921069;0,003502941658418801;0,1334961928612176;0,1334961928612176;0,1334961928612176;0,9632026061971168;-0,3236263649050811;0,9605642494920406;-0,3476270855231527;1,334961928612176e-05
144;1,9980219214995203;0,9698026438988846;-1,9972403455169991;-0,9692637734540278;0,0007815759825211543;0,0005388704448567871;0,13349078561143524;0,13349078561143524;0,13349078561143524;0,9605642494920406;-0,3476270855231527;0,9601583786875476;-0,3513305847644433;1,3349078561143524e-05
145;-0,49951114504073174;-0,24035241143361002;0,5015638592109966;0,2417676890557898;0,0020527141702648133;0,0014152776221797725;0,03399401133531977;0,03399401133531977;0,03399401133531977;0,9414658584178729;-0,5253567805158488;0,9456498479206853;-0,48571015220103686;3,399401133531977e-06
146;0,4225111452366473;0,20335241165213586;-0,4221901834463474;-0,20313111942466341;0,0003209617902998896;0,0002212922274724416;0,028755153025404025;0,02875515302540403;0,02875515302540403;0,9414658584178729;-0,5253567805158488;0,9406925000015923;-0,5327193573413661;2,8755153025404033e-06
147;0,0;0,0;0,0;0,0;0,0;0,0;;;;;;;;
148;0,5003905969755362;0,24220036377369777;-0,5003192033705841;-0,2421511291272639;7,13936049521191e-05;4,923464643388775e-05;0,03350434238074539;0,0335043423807454;0,0335043423807454;0,95797436831192;-0,4334468770208819;0,9578266689107621;-0,4348087919855768;3,35043423807454e-06
149;0,00010000001304149092;9,000877098206634e-12;-0,00010000000007182169;-5,854226779155108e-14;1,2969669229648956e-11;8,942334830415083e-12;5,942130182525824e-06;5,942130182525824e-06;5,942130182525824e-06;0,9716218372033318;-0,24783601638124153;0,9716217111872059;-0,24784113996101673;5,942130182525825e-10
150;0,19407416007154377;0,09405112966455886;-0,19403231566299856;-0,09402227934731296;4,1844408545210765e-05;2,885031724590703e-05;0,012609816827054459;0,01260981682705446;0,01260981682705446;0,9874283833589999;-0,2503113902105302;0,9871983683458372;-0,2523612273365836;1,260981682705446e-06
151;0,0;0,0;0,0;0,0;0,0;0,0;;;;;;;;
152;-0,5496755048989431;-0,2652588909681174;0,549973648605524;0,2654644508005886;0,00029814370658087785;0,0002055598324712249;0,03564456262003672;0,03564456262003673;0,03564456262003673;0,9885813027739938;-0,10157712253039604;0,9891609357735545;-0,09636504120123993;3,5644562620036726e-06
153;0,0;0,0;0,0;0,0;0,0;0,0;;;;;;;;
154;0,2301125744775687;0,11207761541005974;-0,23002416325268235;-0,11201665883366749;8,841122488634223e-05;6,095657639225427e-05;0,014965737912274409;0,014965737912274412;0,014965737912274412;0,9874283833589999;-0,2503113902105302;0,9870187769327736;-0,25391431943680687;1,4965737912274412e-06
155;-1,6794577840561051;-0,8141757963412929;1,681457182649732;0,8155543146602912;0,0019993985936268555;0,0013785183189982675;0,1141251484083572;0,11412514840835723;0,11412514840835723;0,9441988637168434;-0,5593431424294195;0,9454132658344724;-0,5480529662270908;1,1412514840835723e-05
156;-0,21202410657425777;-0,10301662002014042;0,21208631890372528;0,10305951131294687;6,221232946751476e-05;4,289129280644899e-05;0,013987003116719748;0,013987003116719748;0,013987003116719748;0,9730200555221192;-0,5366867266063597;0,973328406004907;-0,5339189646056555;1,3987003116719748e-06
157;0,018000053069250337;0,009000036598003735;-0,01800000000046131;-0,009000000001700434;5,3068789026416985e-08;3,6596303300273636e-08;0,0011760443212992181;0,001176044321299218;0,0011760443212992181;0,9879718546826933;-0,12172029353820053;0,9879687209801459;-0,121745915897248;1,1760443212992181e-07
158;0,5595051649452063;0,27076200223757335;-0,5592320385067754;-0,27057367122020337;0,0002731264384309151;0,00018833101736998037;0,035925557452159765;0,035925557452159765;0,035925557452159765;0,9989203551908389;-0,009511029741249555;0,9983934160037851;-0,014172970919785602;3,592555745215977e-06
159;0,6055253540183299;0,2933622068159022;-0,60511405617157;-0,29307863073550955;0,0004112978467598616;0,0002835760803926446;0,039533774349700304;0,039533774349700304;0,039533774349700304;0,9826232951922365;-0,30389173925479956;0,9819021783992943;-0,31035769966828597;3,95337743497003e-06
160;0,1710330253864606;0,08302276989748306;-0,17100074719169012;-0,08300051516401612;3,227819477047422e-05;2,225473346693929e-05;0,011075024102837928;0,011075024102837927;0,011075024102837928;0,9911040806898369;-0,10268085297409907;0,9909020415015481;-0,10446685264219914;1,107502410283793e-06
161;0,1670323156631811;0,08102227934742322;-0,16700000000011672;-0,08099999999993956;3,231566306438616e-05;2,227934748365301e-05;0,010857262335239164;0,010857262335239162;0,010857262335239164;0,9871983683458372;-0,2523612273365836;0,9869920494607043;-0,25419544366861285;1,0857262335239166e-06
162;-9,999999994990001e-05;1,2231520935431482e-14;0,0001000000232384029;1,6044071562391576e-11;2,3288502894245992e-11;1,6056303083327007e-11;5,843488989741578e-06;5,843488989741579e-06;5,843488989741579e-06;0,9880231996910224;-0,12128650150127827;0,9880234297868465;-0,12127730191940192;5,843488989741579e-10
163;0,3683545607022083;0,17821489592127351;-0,36811807083040066;-0,1780152558368795;0,00023648987180763248;0,00019964008439402048;0,024353804564664967;0,02435380456466497;0,02435380456466497;0,9700842798617973;-0,2723815113574412;0,9693734956301103;-0,28313106719205494;2,435380456466497e-06
164;-0,14499999999984353;-0,06999999999964501;0,1450060321698383;0,07000415809740837;6,032169994757419e-06;4,1580977633570715e-06;0,009419898123248878;0,009419898123248878;0,009419898123248878;0,9868531899118194;-0,26626274265783767;0,9868975643173499;-0,26586346422229346;9,419898123248877e-07
165;0,0;0,0;0,0;0,0;0,0;0,0;;;;;;;;
166;0,0;0,0;0,0;0,0;0,0;0,0;;;;;;;;
167;0,42552538344190693;0,20522433312650482;-0,4254888946731539;-0,20519917534339732;3,6488768753062395e-05;2,5157783107493392e-05;0,02884332283338732;0,028843322833387322;0,028843322833387322;0,9456498479206853;-0,48571015220103686;0,9455621851022282;-0,48653605099763975;2,8843322833387323e-06
168;-0,20210599763785084;-0,09800506307381379;0,20212025858331192;0,09801710393695445;1,4260945461086472e-05;1,2040863140660996e-05;0,013088263757320773;0,013088263757320771;0,013088263757320773;0,9908223210896492;-0,10270221253579873;0,9909021004868805;-0,1015259002062674;1,3088263757320774e-06
169;-0,20200000000040824;-0,0980000000006316;0,2020059976373271;0,09800506307426345;5,997636918858573e-06;5,063073631850212e-06;0,013083020950171938;0,01308302095017194;0,01308302095017194;0,990788755471991;-0,10319660314117751;0,9908223210896492;-0,10270221253579873;1,308302095017194e-06
170;0,4771599815239672;0,2311102824397929;-0,4770000000000304;-0,23099999999978613;0,00015998152393681409;0,00011028244000677034;0,030980838572125302;0,0309808385721253;0,030980838572125302;0,9880335475770828;-0,10646109154650593;0,9876756408932269;-0,10965200754204085;3,09808385721253e-06
171;0,44831920335989284;0,21715112921485447;-0,4482351659915659;-0,21709319292809665;8,403736832696129e-05;5,7936286757820366e-05;0,030026517681018435;0,03002651768101843;0,030026517681018435;0,9578266689107621;-0,4348087919855768;0,9576326817210897;-0,43659286220777266;3,0026517681018434e-06
172;-0,3771202585841487;-0,18301710393670761;0,3772018090118777;0,183085948460621;8,155042772900467e-05;6,884452391339724e-05;0,024423785658571104;0,024423785658571093;0,024423785658571104;0,9909021004868805;-0,1015259002062674;0,9911465871200752;-0,09792775131306752;2,4423785658571103e-06
173;0,3482501365834361;0,16920683554327218;-0,3481103242138954;-0,16908879406727673;0,00013981236954074827;0,00011804147599545067;0,022686523188964806;0,022686523188964806;0,022686523188964806;0,9853384797288467;-0,27382546418783343;0,9848871703034137;-0,2804982579627448;2,2686523188964806e-06
174;0,01320051569078489;0,006000355442109519;-0,01320000005695772;-0,005999999938110337;5,156338271708472e-07;3,5550399918229253e-07;0,0008927612708410483;0,0008927612708410482;0,0008927612708410483;0,9377350982742897;-0,6199156757103192;0,9376952275099316;-0,6203513846848147;8,927612708410484e-08
175;0,5013895453638071;0,24229349634699468;-0,5012284863285336;-0,24215752310069827;0,00016105903527352528;0,0001359732462964114;0,033891248301107124;0,03389124830110712;0,033891248301107124;0,9486390979892776;-0,4590376344046207;0,9482912791930669;-0,4644259364948638;3,3891248301107127e-06
176;0,052001101728848705;0,025000759224289137;-0,052000000055516964;-0,02499999965745029;1,1016733317409377e-06;7,595668388461763e-07;0,003543864488101609;0,0035438644881016085;0,003543864488101609;0,9400027267914539;-0,5392611759998749;0,9399811893331783;-0,5394669411479874;3,543864488101609e-07
177;0,49112791135703115;0,2375708257798211;-0,4909107357801039;-0,23742107526170061;0,0002171755769272421;0,000149750518120495;0,03154917962901754;0,03154917962901754;0,03154917962901754;0,9983934160037851;-0,014172970919785602;0,9979163131111104;-0,018400679505308982;3,154917962901754e-06
178;-0,13501015335693567;-0,06600699975010967;0,1350241065727133;0,0660166200247361;1,395321577762898e-05;9,620274626434555e-06;0,008918110431649669;0,00891811043164967;0,00891811043164967;0,972911548132495;-0,5376451359643046;0,9730200555221192;-0,5366867266063597;8,91811043164967e-07
179;0,14402416325282108;0,07001665883382374;-0,14400010810807085;-0,07000007452523035;2,4055144750234625e-05;1,6584308593386998e-05;0,009367372337819879;0,009367372337819873;0,009367372337819879;0,9870187769327736;-0,25391431943680687;0,9868407464716294;-0,2554880807585276;9,367372337819878e-07
180;0,4758105728626937;0,23042096294410483;-0,47561155833922547;-0,23028374929225934;0,00019901452346821058;0,0001372136518454914;0,030586375467784543;0,030586375467784543;0,030586375467784543;0,9979163131111104;-0,018400679505308982;0,9974653257162497;-0,022385780791887067;3,0586375467784545e-06
181;-0,11900000000180751;-0,05799999999188902;0,11901015335650977;0,05800699975128619;1,0153354702266415e-05;6,999759397170735e-06;0,007856606986703407;0,007856606986703409;0,007856606986703409;0,9728219409925841;-0,5384430408008153;0,972911548132495;-0,5376451359643046;7,856606986703408e-07
182;0,0;0,0;0,0;0,0;0,0;0,0;;;;;;;;
183;-0,11400000003588961;-0,05499999979759052;0,11400699045460672;0,05500481885769592;6,9904187171010435e-06;4,819060105396011e-06;0,007612440851447368;0,007612440851447367;0,007612440851447368;0,959975725742103;-0,35300908152721305;0,9600393580268909;-0,3524193906371881;7,612440851447369e-07
184;-0,4030000000001652;-0,19499999999957213;0,4031140561714;0,1950786307358967;0,00011405617123477763;7,863073632458084e-05;0,026332351519533528;0,026332351519533524;0,026332351519533528;0,9816019793612187;-0,3130574467691742;0,9819021783992943;-0,31035769966828597;2,6332351519533527e-06
185;0,13900937579699807;0,0670064631680291;-0,13900085069078089;-0,06700058628629643;8,525106217183165e-06;5,876881732674866e-06;0,00929375721509006;0,00929375721509006;0,00929375721509006;0,9586485411957815;-0,42721788754815054;0,9585849818213664;-0,42780909746413315;9,29375721509006e-07
186;-0,06910220431831922;-0,034001861197048414;0,06910646487595372;0,03400479912778225;4,260557634500062e-06;2,9379307338386895e-06;0,004546347423689694;0,004546347423689694;0,004546347423689694;0,9780240737294944;-0,19007847080291446;0,9780890928369975;-0,18951677344679144;4,546347423689694e-07
187;-0,9667973921494442;-0,46734291966326075;0,9693376837732194;0,4690943203925166;0,002540291623775226;0,0017514007292558365;0,06611407567557158;0,06611407567557158;0,06611407567557158;0,9377350982742897;-0,6199156757103192;0,9403980545398783;-0,5948415575662912;6,611407567557157e-06
188;0,515689390833985;0,249568773068171;-0,5154016716904178;-0,24932588806019967;0,00028771914356717776;0,0002428850079713163;0,03487127539191004;0,03487127539191004;0,03487127539191004;0,9485367048446113;-0,4606380203799181;0,9479327480634273;-0,4699740347245392;3,4871275391910043e-06
189;0,49523050858590156;0,23915893097396862;-0,49513205840425895;-0,23909105265910402;9,845018164261754e-05;6,787831486460005e-05;0,03231286327652613;0,03231286327652613;0,03231286327652613;0,982632002484876;-0,3039359106608778;0,9824208591948662;-0,30584400089797853;3,2312863276526134e-06
190;0,353235165968129;0,17109319309316964;-0,35311544649383164;-0,1710106476327098;0,00011971947429734175;8,254546045985411e-05;0,023662923179242578;0,023662923179242578;0,023662923179242578;0,9576326817210897;-0,43659286220777266;0,957281999826327;-0,43982049279208196;2,366292317924258e-06
191;0,40634101839532616;0,19624637854591903;-0,40626830156208094;-0,19618497774648097;7,271683324522327e-05;6,140079943806054e-05;0,027466384068825275;0,027466384068825286;0,027466384068825286;0,9485367048446113;-0,4606380203799181;0,9483429350377472;-0,46364353971505395;2,7466384068825286e-06
192;-0,04110082616688782;-0,020000697564042012;0,041102204317472704;0,020001861204581813;1,378150584881166e-06;1,1636405398002259e-06;0,002698406944162757;0,002698406944162758;0,002698406944162758;0,9779866653178084;-0,19063411846305583;0,9780240737294944;-0,19007847080291446;2,698406944162758e-07
193;-0,04100000000229984;-0,01999999999159661;0,0410008261672608;0,02000069756464503;8,261649609569988e-07;6,975730484186371e-07;0,002693099876626101;0,0026930998766261003;0,002693099876626101;0,9779641903475371;-0,19096662996914274;0,9779866653178084;-0,19063411846305583;2,6930998766261013e-07
194;0,27611032421402276;0,1340887940674309;-0,2760280450854844;-0,13401933614650324;8,227912853836505e-05;6,945792092766245e-05;0,017993550760162038;0,017993550760162035;0,017993550760162038;0,9848871703034137;-0,2804982579627448;0,9845523336479967;-0,2854533481067036;1,7993550760162037e-06
195;0,4195093574879367;0,2032822318121332;-0,419379224282756;-0,2031925058626732;0,000130133205180738;8,972594945999557e-05;0,026982562176989043;0,02698256217698904;0,026982562176989043;0,9974653257162497;-0,022385780791887067;0,9971310276824045;-0,02533632930647829;2,698256217698904e-06
196;-0,48732058841139564;-0,23615208857686362;0,4874469906891652;0,2362392278740477;0,00012640227776955504;8,713929718406899e-05;0,032370528208385076;0,032370528208385076;0,032370528208385076;0,9658462067511122;-0,6301617057979237;0,9661168645728054;-0,6276977208528729;3,2370528208385074e-06
197;-0,16500699047053946;-0,08000481876695524;0,165025926604938;0,08001787338908972;1,8936134398545024e-05;1,3054622134481275e-05;0,011028116806556262;0,011028116806556259;0,011028116806556262;0,9600393580268909;-0,3524193906371881;0,9601583786875476;-0,3513305847644433;1,1028116806556262e-06
198;-0,40903889294047074;-0,19802681670527764;0,40918679540820846;0,19812879064853844;0,00014790246773771498;0,000101973943260808;0,02693000925253022;0,026930009252530217;0,02693000925253022;0,974297855830296;-0,2231791113855149;0,9746785212733574;-0,21973410826888895;2,693000925253022e-06
199;-0,273013512215462;-0,13200931480832928;0,27308451005002804;0,13205826191155498;7,099783456604447e-05;4,8947103225699395e-05;0,018459749319256386;0,01845974931925639;0,01845974931925639;0,9484616032368813;-0,4581456054526908;0,9487281557152564;-0,45565988031361093;1,8459749319256389e-06
200;0,4072790734202239;0,1971924018357367;-0,4071383126986423;-0,19709536240338954;0,0001407607215815898;9,703943234715129e-05;0,02620057698767633;0,02620057698767633;0,02620057698767633;0,9971310276824045;-0,02533632930647829;0,9967586687303231;-0,028629666414441427;2,620057698767633e-06
201;-0,052500257208621205;-0,02500017733207934;0,05250299896254265;0,02500206755638266;2,7417539214466546e-06;1,8902243033198929e-06;0,0034505325313736817;0,0034505325313736817;0,0034505325313736817;0,9729582197619846;-0,5652802358268738;0,9730132368523269;-0,5647601745666209;3,450532531373682e-07
202;0,0;0,0;0,0;0,0;0,0;0,0;;;;;;;;
203;0,0;0,0;0,0;0,0;0,0;0,0;;;;;;;;
204;0,0;0,0;0,0;0,0;0,0;0,0;;;;;;;;
205;0,0001000000072104207;4,895674079587985e-12;-9,9999999931563e-05;1,2357023890814108e-13;7,278857705917026e-12;5,019244318496126e-12;5,942388104160323e-06;5,942388104160322e-06;5,942388104160323e-06;0,9715796085664639;-0,2790379709793541;0,9715795378465707;-0,27904084679430985;5,942388104160323e-10
206;0,0;0,0;0,0;0,0;0,0;0,0;;;;;;;;
207;-9,999999976488429e-05;4,87965928387606e-14;0,0001000000123570057;8,632665981638789e-12;1,259212141025215e-11;8,68146257447755e-12;6,086318899344455e-06;6,086318899344454e-06;6,086318899344455e-06;0,9486033797775036;-0,4590606693140475;0,9486034992267969;-0,4590556952030035;6,086318899344455e-10
208;-0,0002000000124580737;-8,6279063674535e-12;0,000200000041702997;2,8791300825170007e-11;2,9244923296185485e-11;2,0163394457716507e-11;1,2172637052753512e-05;1,2172637052753512e-05;1,2172637052753512e-05;0,9486034992267969;-0,4590556952030035;0,9486036379359801;-0,4590499188175539;1,2172637052753511e-09
209;-0,44332841020988717;-0,21408853591755586;0,44357345932971;0,21425748051288207;0,0002450491198228155;0,0001689445953262092;0,028769305076597286;0,028769305076597286;0,028769305076597286;0,9879910232940878;-0,10687763034761542;0,9885813027739938;-0,10157712253039604;2,8769305076597283e-06
210;-0,295047296432289;-0,14303260509121926;0,29515016001187677;0,14310352186382438;0,00010286357958777526;7,091677260512297e-05;0,020195270084271383;0,020195270084271372;0,020195270084271383;0,93738204113087;-0,6232244239098537;0,9377350982742897;-0,6199156757103192;2,0195270084271384e-06
211;0,31515248307729965;0,15210512290680014;-0,3150778865721425;-0,15205369580676475;7,45965051571762e-05;5,142710003538942e-05;0,021295580855677808;0,0212955808556778;0,021295580855677808;0,9487281557152564;-0,45565988031361093;0,9484854169156843;-0,4579347878505379;2,129558085567781e-06
212;0,35026830150388183;0,16918497776584;-0,3501268583326911;-0,16908746323982338;0,00014144317119074712;9,751452601661215e-05;0,023681534567264663;0,023681534567264653;0,023681534567264663;0,9483429350377472;-0,46364353971505395;0,9479290255701255;-0,4675174915556564;2,368153456726466e-06
213;0,3792284862234795;0,183157523304612;-0,3791203446528158;-0,18308297011527966;0,00010814157066368901;7,455318933233257e-05;0,025640505689837653;0,025640505689837653;0,025640505689837653;0,9482912791930669;-0,4644259364948638;0,9479990024378406;-0,46716160866933587;2,5640505689837652e-06
214;0,43840167167947247;0,21232588826115473;-0,4380854331578147;-0,2120588969708673;0,00031623852165779676;0,0002669912902874272;0,029668177217638002;0,029668177217638;0,029668177217638002;0,9479327480634273;-0,4699740347245392;0,9471524261901988;-0,4820342730890986;2,9668177217638e-06
215;0,01600010810844047;0,008000074525437557;-0,016000000000388093;-0,007999999999886553;1,0810805237820853e-07;7,452555100470604e-08;0,0010465752145077862;0,001046575214507786;0,0010465752145077862;0,9868407464716294;-0,2554880807585276;0,9868335736304338;-0,2555467269308598;1,0465752145077862e-07
216;0,0;0,0;0,0;0,0;0,0;0,0;;;;;;;;
217;-0,27311620360644245;-0,132011173963202;0,27329210003603127;0,1321324470972072;0,00017589642958881768;0,0001212731340052009;0,017717984820876175;0,01771798482087617;0,017717984820876175;0,988472909254908;-0,10252582569765034;0,9891609357735545;-0,09636504120123993;1,7717984820876174e-06
218;-0,0004000001019310183;-7,089311350705715e-11;0,00040000013899657544;9,644857296446565e-11;3,7065557166506696e-11;2,5555459457408502e-11;2,3735879222240646e-05;2,3735879222240632e-05;2,3735879222240646e-05;0,9729581296039064;-0,565283896374587;0,9729582197619846;-0,5652802358268738;2,3735879222240646e-09
219;-0,000300000005544571;-4,0229820576008046e-12;0,0003000001028416758;7,110607484998724e-11;9,729710478056583e-11;6,708309279238644e-11;1,78019109828574e-05;1,7801910982857405e-05;1,7801910982857405e-05;0,9729578140506238;-0,5652967082969247;0,9729581296039064;-0,565283896374587;1,7801910982857405e-09
220;-9,999999987328553e-05;6,8568740095587e-15;0,00010000000296208258;2,122765160722642e-12;3,088797053958474e-12;2,1296220347322007e-12;5,933970393717169e-06;5,933970393717171e-06;5,933970393717171e-06;0,9729577839979322;-0,5652979284804341;0,9729578140506238;-0,5652967082969247;5,933970393717171e-10
221;0,0;0,0;0,0;0,0;0,0;0,0;;;;;;;;
222;0,00010000000188864411;1,4279298416293917e-12;-9,999999939453516e-05;2,916746834445168e-13;2,4941089504012387e-12;1,7196045250739085e-12;6,157122092125038e-06;6,157122092125037e-06;6,157122092125038e-06;0,9376950326064655;-0,6203595951895433;0,9376950092193302;-0,620360580450346;6,157122092125037e-10
223;0,00020000004373754222;3,0467274259190856e-11;-0,0002000000021667861;-1,8071994630145644e-12;4,1570756114783086e-11;2,8660074796176292e-11;1,2314244085089498e-05;1,2314244085089496e-05;1,2314244085089498e-05;0,9376952275099316;-0,6203513846848147;0,9376950326064655;-0,6203595951895433;1,2314244085089497e-09
224;0,4583624002223117;0,22218091209096624;-0,4582545556725963;-0,2221065568884265;0,00010784454971540791;7,435520253973316e-05;0,03136135241231317;0,031361352412313165;0,03136135241231317;0,9377350982742897;-0,6199156757103192;0,9374967363121482;-0,6221511483960687;3,1361352412313173e-06
225;0,271296586582522;0,13113553308596174;-0,27116666830875696;-0,13104596229141724;0,0001299182737650173;8,957079454449679e-05;0,01839874894532981;0,01839874894532981;0,01839874894532981;0,9455621851022282;-0,48653605099763975;0,945072816546109;-0,49112175818640924;1,839874894532981e-06
226;0,0;0,0;0,0;0,0;0,0;0,0;;;;;;;;
227;0,0;0,0;0,0;0,0;0,0;0,0;;;;;;;;
228;0,0;0,0;0,0;0,0;0,0;0,0;;;;;;;;
229;0,3482138541778434;0,16914743751045208;-0,3480972386939879;-0,1690670408313016;0,0001166154838554978;8,039667915046844e-05;0,023658181370147736;0,023658181370147743;0,023658181370147743;0,9447269502545154;-0,4943582219227147;0,9443852420442455;-0,4975211557637343;2,3658181370147743e-06
230;-0,3182544699605802;-0,15410649965898862;0,3183560120500072;0,15419221881294135;0,00010154208942697585;8,571915395272356e-05;0,021528400796089295;0,021528400796089295;0,021528400796089295;0,9482938128233043;-0,4643660250604631;0,9486390979892776;-0,4590376344046207;2,152840079608929e-06
231;-0,14300063084020362;-0,06900053248596709;0,1430131729502738;0,06901112109665102;1,2542110070179469e-05;1,0588610683925914e-05;0,009457586509853818;0,00945758650985382;0,00945758650985382;0,969276447552371;-0,2846053806681191;0,9693734956301103;-0,28313106719205494;9,457586509853818e-07
232;0,018000850654778956;0,009000586491669332;-0,018000000006080083;-0,008999999968113147;8,506486988725526e-07;5,865235561848536e-07;0,001212155517456506;0,001212155517456506;0,001212155517456506;0,9585849818213664;-0,42780909746413315;0,9585362493675034;-0,42821956700959446;1,212155517456506e-07
233;0,30913557925034246;0,14909346809943447;-0,30909478373097476;-0,14906534523076395;4,0795519367697874e-05;2,8122868670515944e-05;0,020330481147907333;0,02033048114790733;0,020330481147907333;0,9746589824389855;-0,5218753669916832;0,9745199391704178;-0,5231457704606665;2,0330481147907333e-06
234;-0,3161401511814391;-0,15302768124798938;0,3161818080591594;0,15305639790411996;4,165687772028637e-05;2,87166561305785e-05;0,020543989356641826;0,020543989356641826;0,020543989356641826;0,9870642189480812;-0,2663594966401415;0,9872047538992745;-0,26510387448914885;2,0543989356641825e-06
235;0,32115530232964823;0,15510707506247196;-0,3210672100243358;-0,15504633837043713;8,809230531242607e-05;6,0736692034824014e-05;0,021126541985615168;0,021126541985615165;0,021126541985615168;0,9746589824389855;-0,5218753669916832;0,974370016097472;-0,5245077082975783;2,112654198561517e-06
236;0,3171203446266956;0,15308297031790014;-0,3170699142414508;-0,153048200257485;5,0430385244770726e-05;3,477006041513464e-05;0,021445778933419375;0,021445778933419375;0,021445778933419375;0,9479990024378406;-0,46716160866933587;0,9478360443813789;-0,4686895746309653;2,144577893341938e-06
237;0,04900418926462218;0,024002888349831913;-0,04900000000161587;-0,02399999999339528;4,189263006312838e-06;2,8883564366331826e-06;0,0032577161807438443;0,0032577161807438443;0,0032577161807438443;0,9670648582339403;-0,6190475131961264;0,9669756656185768;-0,6198362852164573;3,2577161807438445e-07
238;0,24120550636265578;0,11607273990013442;-0,24117186507956223;-0,11604954536295356;3,364128309354952e-05;2,319453718085951e-05;0,015989737525604203;0,015989737525604206;0,015989737525604206;0,9665295982849603;-0,6239409191572791;0,9663838263685443;-0,6252923469562766;1,5989737525604204e-06
239;-0,36514298095915526;-0,17702963116428083;0,3653205884085272;0,177152088593805;0,0001776074493719526;0,00012245742952415872;0,024269751235479788;0,024269751235479788;0,024269751235479788;0,9653389343801214;-0,6347774514082043;0,9658462067511122;-0,6301617057979237;2,4269751235479785e-06
240;0,0;0,0;0,0;0,0;0,0;0,0;;;;;;;;
241;0,0;0,0;0,0;0,0;0,0;0,0;;;;;;;;
242;0,26512685829805216;0,12808746351586944;-0,2650351684152332;-0,1280242464147193;9,168988281893498e-05;6,321710115014811e-05;0,017933692417300775;0,01793369241730077;0,017933692417300775;0,9479290255701255;-0,4675174915556564;0,9475747042592447;-0,47083376120846293;1,7933692417300776e-06
243;0,2710947837302593;0,1310653452329924;-0,2710214979782048;-0,13101482045447846;7,328575205450827e-05;5,052477851394399e-05;0,017839458353268275;0,017839458353268278;0,017839458353268278;0,9745199391704178;-0,5231457704606665;0,9742352336880418;-0,5257321718438466;1,7839458353268278e-06
244;0,21307788652205154;0,10305369613598163;-0,21303008582854724;-0,1030207413066402;4,780069350429628e-05;3,295482934143057e-05;0,014407511946473663;0,014407511946473663;0,014407511946473663;0,9484854169156843;-0,4579347878505379;0,948255477722037;-0,46007886022691424;1,4407511946473663e-06
245;-0,25817414307866166;-0,12505111707411537;0,2582544699053488;0,1251064997289038;8,03268266871271e-05;5,53826547884384e-05;0,017471104701627892;0,01747110470162789;0,017471104701627892;0,9479751309675839;-0,4673264771360115;0,9482938128233043;-0,4643660250604631;1,7471104701627892e-06
246;0,19416666826444318;0,09404596265280601;-0,19410000016929654;-0,09399999903213897;6,666809514663252e-05;4,596362066704163e-05;0,013179902453115564;0,013179902453115566;0,013179902453115566;0,945072816546109;-0,49112175818640924;0,9447222144563248;-0,4943908659485548;1,3179902453115567e-06
247;0,18211544644159736;0,0880106479463496;-0,18210532995116513;-0,08800367444323612;1,0116490432227065e-05;6,973503113474888e-06;0,012199003542958674;0,012199003542958674;0,012199003542958674;0,957281999826327;-0,43982049279208196;0,95722453025735;-0,4403521752492775;1,2199003542958673e-06
248;-0,2580024904453953;-0,12500171697121706;0,25803889293213517;0,125026816758648;3,640248673986157e-05;2,5099787430926668e-05;0,016991245066607197;0,016991245066607197;0,016991245066607197;0,9741493527242132;-0,22452114188599237;0,974297855830296;-0,2231791113855149;1,69912450666072e-06
249;0,19917186507893966;0,09604954536811995;-0,1991316767785231;-0,09602183868680095;4,018830041657706e-05;2,7706681319003557e-05;0,01321057465383497;0,01321057465383497;0,01321057465383497;0,9663838263685443;-0,6252923469562766;0,9661730268909069;-0,6272360173886128;1,3210574653834968e-06
250;0,0;0,0;0,0;0,0;0,0;0,0;;;;;;;;
251;-0,1601010154827098;-0,07800070006701883;0,16011620360660084;0,0780111739634858;1,5188123891035632e-05;1,0473896466967059e-05;0,010403065416787906;0,010403065416787904;0,010403065416787906;0,9883716736558215;-0,10341488916424658;0,988472909254908;-0,10252582569765034;1,0403065416787905e-06
252;0,3160854330620121;0,15305889720836813;-0,31600000019666424;-0,15299999885060336;8,543286534784533e-05;5,889835776476393e-05;0,021407513887199;0,021407513887199;0,021407513887199;0,9471524261901988;-0,4820342730890986;0,9468758233890446;-0,48460891561727854;2,1407513887199002e-06
253;0,30211186715736504;0,14607712962555638;-0,3020436349236201;-0,1460300857872425;6,823223374496923e-05;4,704383831388714e-05;0,019721070482643616;0,019721070482643606;0,019721070482643616;0,9824208591948662;-0,30584400089797853;0,9821810712970943;-0,3080045444811373;1,9721070482643614e-06
254;-0,10300000006018638;-0,04999999965667545;0,10301651278061068;0,05001138412159068;1,6512720424299854e-05;1,1384464915227543e-05;0,006969707733366272;0,0069697077333662726;0,0069697077333662726;0,9484394001208872;-0,4605661384860647;0,9486036379359801;-0,4590499188175539;6,969707733366272e-07
255;0,23604370758110563;0,11403013265027367;-0,23601667234318374;-0,11401149397399923;2,7035237921885225e-05;1,8638676274440602e-05;0,015323288748193869;0,015323288748193867;0,015323288748193869;0,9877053184906235;-0,2586142483805475;0,9875830494629019;-0,2597122087925349;1,5323288748193867e-06
256;0,24406721002346937;0,11804633837453309;-0,24401627441395554;-0,11801121997891753;5,093560951383025e-05;3,5118395615554854e-05;0,016064609870660704;0,016064609870660704;0,016064609870660704;0,974370016097472;-0,5245077082975783;0,9741502668669281;-0,5265024850600246;1,6064609870660703e-06
257;-0,07900445330257179;-0,038003070002765225;0,07901351210675263;0,038009315450025;9,058804180839264e-06;6,2454472597728294e-06;0,005337303214184638;0,0053373032141846395;0,0053373032141846395;0,9483440113798645;-0,45925736801273626;0,9484616032368813;-0,4581456054526908;5,33730321418464e-07
258;0,22609723860832398;0,11006704144042416;-0,22601431187819174;-0,11000986623934805;8,292673013224339e-05;5,717520107610674e-05;0,015373330483748192;0,015373330483748187;0,015373330483748192;0,9443852420442455;-0,4975211557637343;0,9440112423605803;-0,5009653155029481;1,5373330483748194e-06
259;0,19908431662674364;0,09605812991206607;-0,19900916927956475;-0,09600632025034644;7,514734717889437e-05;5,180966171962342e-05;0,01360954539532108;0,013609545395321075;0,01360954539532108;0,9377350982742897;-0,6199156757103192;0,9373524694648331;-0,6235475334749925;1,3609545395321081e-06
260;0,0;0,0;0,0;0,0;0,0;0,0;;;;;;;;
261;0,0;0,0;0,0;0,0;0,0;0,0;;;;;;;;
262;0,3621720549259932;0,17611861882967625;-0,362131836087081;-0,17609088928821012;4,021883891219824e-05;2,772954146612605e-05;0,024724915791428645;0,024724915791428645;0,024724915791428645;0,9403980545398783;-0,5948415575662912;0,9402852796154267;-0,5958872170066143;2,4724915791428645e-06
263;0,2753083475263128;0,13214364383956964;-0,2752510566654016;-0,13210414731317086;5,729086091116331e-05;3,949652639878565e-05;0,01866263335081134;0,01866263335081134;0,01866263335081134;0,9447269502545154;-0,4943582219227147;0,9445142948366761;-0,49638806493539345;1,866263335081134e-06
264;0,0;0,0;0,0;0,0;0,0;0,0;;;;;;;;
265;0,2751510566787255;0,13210414730100453;-0,2750747209304521;-0,13205151636101853;7,633574827342615e-05;5,2630939986003655e-05;0,01865712269940813;0,01865712269940813;0,01865712269940813;0,9445142948366761;-0,49638806493539345;0,9442308529448218;-0,4990932721303475;1,865712269940813e-06
266;-0,15400866465382484;-0,0740059728721962;0,1540923081163836;0,07406364223625857;8,364346255876343e-05;5,7669364062373774e-05;0,010439090518386906;0,010439090518386906;0,010439090518386906;0,9450070765636714;-0,49181490659171273;0,9455621851022282;-0,48653605099763975;1,0439090518386905e-06
267;-0,26606109125172184;-0,12904211811284955;0,26613386025808905;0,12909228990383323;7,276900636721262e-05;5,017179098368296e-05;0,018216037287028166;0,018216037287028166;0,018216037287028166;0,9372198228509336;-0,6247442074486759;0,9374967363121482;-0,6221511483960687;1,8216037287028167e-06
268;-0,1941000000078156;-0,09400000000545393;0,19414015118148606;0,09402768124758476;4,0151173670455176e-05;2,7681242130830896e-05;0,012617344798188627;0,012617344798188627;0,012617344798188627;0,9868436542778327;-0,26832848771647466;0,9870642189480812;-0,2663594966401415;1,2617344798188627e-06
269;0,19402804508542001;0,09401933614633244;-0,1939999999999453;-0,09399999999984916;2,804508547471496e-05;1,9336146483278638e-05;0,01264340572632126;0,01264340572632126;0,01264340572632126;0,9845523336479967;-0,2854533481067036;0,9843985826354161;-0,28682779616552023;1,264340572632126e-06
270;-0,23124781281861964;-0,11203296768281372;0,23129505440624323;0,1120655380539973;4,7241587623592096e-05;3,257037118357953e-05;0,015019061504895643;0,015019061504895641;0,015019061504895643;0,9877730014144332;-0,1088203083284243;0,9879910232940878;-0,10687763034761542;1,5019061504895643e-06
271;0,0210006308217021;0,010000532560751361;-0,021000000003087146;-0,009999999987211919;6,308186149550643e-07;5,325735394426379e-07;0,0013854959308328436;0,0013854959308328436;0,0013854959308328436;0,969276447552371;-0,2846053806681191;0,9692431726848729;-0,2851217512877997;1,3854959308328437e-07
272;0,24604363492347386;0,11903008578688752;-0,24601136531306844;-0,11900783702502174;3,226961040542209e-05;2,2248761865781286e-05;0,0160666185721938;0,0160666185721938;0,0160666185721938;0,9821810712970943;-0,3080045444811373;0,982041867335851;-0,3092572435365741;1,6066618572193799e-06
273;-0,05000000002861796;-0,023999999833149172;0,05000437634942481;0,0240030170417411;4,376320806853684e-06;3,0172085919294434e-06;0,003376818729422065;0,0033768187294220646;0,003376818729422065;0,9482542326087812;-0,4601109259752965;0,9483440113798645;-0,45925736801273626;3,376818729422065e-07
274;0,19506991417506966;0,09404820067067692;-0,19501076482624735;-0,0940074209766517;5,914934882231271e-05;4,077969402521697e-05;0,013191076433033043;0,013191076433033041;0,013191076433033043;0,9478360443813789;-0,4686895746309653;0,9475253334658299;-0,4716129078202366;1,3191076433033042e-06
275;0,18679689094661026;0,09006680524692513;-0,18676082134209976;-0,0900419335383547;3,60696045104969e-05;2,4871708570434192e-05;0,012011835388874376;0,012011835388874372;0,012011835388874376;0,9967586687303231;-0,028629666414441427;0,9965505845495701;-0,030491658731370625;1,2011835388874375e-06
276;0,2710955706444149;0,13106971281580007;-0,2710246978197337;-0,13102084837853697;7,087282468121181e-05;4,8864437263096416e-05;0,01797713812392293;0,017977138123922935;0,017977138123922935;0,9670648582339403;-0,6190475131961264;0,9667916303278291;-0,6215490641708212;1,7977138123922937e-06
277;0,12213167677700414;0,05902183869782939;-0,12211798771348147;-0,05901240122682196;1,368906352267052e-05;9,437471007428533e-06;0,00810569236579373;0,00810569236579373;0,00810569236579373;0,9661730268909069;-0,6272360173886128;0,9660559878731005;-0,6283094020890899;8,10569236579373e-07
278;0,12201798771396406;0,05901240122665911;-0,12200000000392461;-0,05899999998204884;1,7987710039454874e-05;1,2401244610264761e-05;0,008100311774736102;0,0081003117747361;0,008100311774736102;0,9660559878731005;-0,6283094020890899;0,965902086267306;-0,629718335395874;8,100311774736102e-07
279;-0,17300881055100692;-0,08400607281550068;0,17304729630190935;0,08403260599898561;3,848575090242834e-05;2,6533183484930833e-05;0,011848511054385186;0,011848511054385186;0,011848511054385186;0,9371568708581186;-0,6253265792868894;0,93738204113087;-0,6232244239098537;1,1848511054385188e-06
280;0,16003516835926918;0,07702424677625656;-0,16000178343200663;-0,07700122898782932;3,338492726254194e-05;2,3017788427240338e-05;0,010821419302790038;0,010821419302790037;0,010821419302790038;0,9475747042592447;-0,47083376120846293;0,9473609510344976;-0,4728544038955566;1,0821419302790038e-06
281;0,18166079839523902;0,08804191771680384;-0,18164069963461268;-0,08802806032304406;2,0098760626335865e-05;1,385739375978079e-05;0,011695387645987107;0,01169538764598711;0,01169538764598711;0,9965505845495701;-0,030491658731370625;0,9964314646079633;-0,031543179026173485;1,169538764598711e-06
282;0,179240426367067;0,08702787094426712;-0,17922435860966376;-0,08701679414160067;1,6067757403231964e-05;1,107680266644595e-05;0,011541173478575138;0,01154117347857514;0,01154117347857514;0,9967586687303231;-0,028629666414441427;0,9966621593187156;-0,029476995164151032;1,154117347857514e-06
283;0,11503003078601087;0,05602070372481674;-0,11500407876350943;-0,056002811302709114;2,5952022501440908e-05;1,789242210762515e-05;0,007790070110951749;0,007790070110951748;0,007790070110951749;0,948255477722037;-0,46007886022691424;0,9480244937216109;-0,46219447854255574;7,790070110951748e-07
284;0,2582504774371619;0,12417269092076547;-0,2582135853899753;-0,12414725509069424;3,689204718659855e-05;2,5435830071224297e-05;0,01674447119498801;0,01674447119498801;0,01674447119498801;0,9880335475770828;-0,10646109154650593;0,9878809027651693;-0,10784836338629816;1,674447119498801e-06
285;0,1740335006754856;0,08502527320009433;-0,17401946914820343;-0,08501342461104723;1,4031527282160061e-05;1,1848589047097624e-05;0,01131842320893725;0,01131842320893725;0,01131842320893725;0,9880234297868465;-0,12127730191940192;0,9879325891668651;-0,12260458400298346;1,131842320893725e-06
286;-0,24310000002082321;-0,11799999997002104;0,24314298095655618;0,11802963118232643;4,2980935732961356e-05;2,9631212305383792e-05;0,016164719870077702;0,016164719870077705;0,016164719870077705;0,9651546155943632;-0,6364496715815615;0,9653389343801214;-0,6347774514082043;1,6164719870077705e-06
287;0,0;0,0;0,0;0,0;0,0;0,0;;;;;;;;
288;0,17203232474774985;0,08202228476727294;-0,1720103894222007;-0,08200716299739139;2,1935325549143903e-05;1,5121769881554226e-05;0,011146491295076737;0,011146491295076735;0,011146491295076737;0,987167178449503;-0,11435056447225676;0,9870309125471735;-0,11561620985381008;1,1146491295076738e-06
289;0,17002019124819606;0,08201392303403217;-0,1700103410520402;-0,08200712979530396;9,850196155875013e-06;6,793238728208806e-06;0,011093507965888212;0,01109350796588821;0,011093507965888212;0,9824208591948662;-0,30584400089797853;0,9823593255837911;-0,306402205525489;1,1093507965888212e-06
290;0,0;0,0;0,0;0,0;0,0;0,0;;;;;;;;
291;-0,15312587286906468;-0,07401783788326512;0,153174143023502;0,07405111742654859;4,8270154437313195e-05;3,3279543283470936e-05;0,010361815442543446;0,010361815442543446;0,010361815442543446;0,9476522795226977;-0,4703423569500269;0,9479751309675839;-0,4673264771360115;1,0361815442543446e-06
292;-0,15300000009305226;-0,07399999946273114;0,15302587287484815;0,07401783787863418;2,5872781795888145e-05;1,783841590304036e-05;0,010356330569779535;0,010356330569779536;0,010356330569779536;0,9474791324304138;-0,47195807005049;0,9476522795226977;-0,4703423569500269;1,0356330569779537e-06
293;0,14902149797639497;0,07201482046130715;-0,14900778294057793;-0,07200536539873628;1,3715035817041255e-05;9,455062570870587e-06;0,009808432997362865;0,009808432997362865;0,009808432997362865;0,9742352336880418;-0,5257321718438466;0,9741383300291667;-0,5266134875892721;9,808432997362866e-07
294;0,09500407875260031;0,04600281137112752;-0,09500000005744813;-0,04599999967489496;4,078695152176515e-06;2,8116962325630546e-06;0,00642838748641562;0,00642838748641562;0,00642838748641562;0,9480244937216109;-0,46219447854255574;0,9479805183212591;-0,46260326564374765;6,428387486415621e-07
295;-9,999999966388692e-05;1,3559051512048326e-13;0,00010000000586393208;4,1387430037245385e-12;6,2000451566410555e-12;4,274333518845022e-12;6,139424685725687e-06;6,139424685725687e-06;6,139424685725687e-06;0,9403979962347768;-0,5948440065788612;0,9403980545398783;-0,5948415575662912;6,139424685725686e-10
296;0,0;0,0;0,0;0,0;0,0;0,0;;;;;;;;
297;0,15501667234292996;0,07501149397360882;-0,1549999999997672;-0,07500000000002585;1,6672343162743575e-05;1,1493973582965555e-05;0,010067660688390016;0,010067660688390018;0,010067660688390018;0,9875830494629019;-0,2597122087925349;0,9874682744778571;-0,2607384669108542;1,0067660688390018e-06
298;0,1540201393300641;0,07401621796581848;-0,1540050713038986;-0,07400349621289785;1,5068026165493409e-05;1,2721752920621943e-05;0,009912247396274032;0,009912247396274033;0,009912247396274033;0,9953209740642379;-0,04093416034118587;0,9952097736738058;-0,042590645509809975;9,912247396274034e-07
299;0,152297110722882;0,07406695308338974;-0,15221763836701668;-0,07401215955759481;7,947235586530654e-05;5,4793525794932796e-05;0,00989664212255843;0,00989664212255843;0,00989664212255843;0,9879694816679667;-0,2455137110285276;0,9874127494296165;-0,25042816044678623;9,89664212255843e-07
300;-0,03410008106594669;-0,017000055918613408;0,03410101548245051;0,017000700067035163;9,344165038185914e-07;6,441484217550864e-07;0,002225808992500322;0,0022258089925003216;0,002225808992500322;0,9883425273295516;-0,10365484348953194;0,9883716736558215;-0,10341488916424658;2,2258089925003222e-07
301;0,2021811459944729;0,09805594396402739;-0,20217560700189444;-0,09805212675492135;5,538992578463242e-06;3,8172091060412194e-06;0,012973329557508208;0,012973329557508208;0,012973329557508208;1,0;0,0;0,9999704077091732;-0,00025945199633370104;1,2973329557508209e-06
302;0,2020756070021373;0,09805212675466503;-0,2019999999999538;-0,0979999999999233;7,560700218350869e-05;5,212675474172701e-05;0,012968134847683669;0,012968134847683667;0,012968134847683669;0,9999704077091732;-0,00025945199633370104;0,9995662597006932;-0,003804471746170219;1,296813484768367e-06
303;0,0;0,0;0,0;0,0;0,0;0,0;;;;;;;;
304;0,1492141789555771;0,07201189842010719;-0,1492004619628409;-0,07200031855621057;1,3716992736195754e-05;1,157986389661858e-05;0,009681617686870463;0,009681617686870463;0,009681617686870463;0,9880234297868465;-0,12127730191940192;0,9879197472036749;-0,12282221134021754;9,681617686870463e-07
305;0,0;0,0;0,0;0,0;0,0;0,0;;;;;;;;
306;-0,02100000002165908;-0,009999999864696012;0,02100065990780342;0,01000045484462525;6,59886144342009e-07;4,5497992923887454e-07;0,0014283157121773437;0,0014283157121773437;0,0014283157121773437;0,9401860234543481;-0,5375420745764228;0,9402180130950835;-0,5372290535821252;1,4283157121773437e-07
307;-0,07700000004653311;-0,0369999997285456;0,07700178338298944;0,037001229279262415;1,7833364563263343e-06;1,2295507168177955e-06;0,005206390043416149;0,00520639004341615;0,00520639004341615;0,9473372208290223;-0,473079655588924;0,9473609510344976;-0,4728544038955566;5,20639004341615e-07
308;-0,1920017639684684;-0,09300121434091416;0,19202069544396752;0,09301426695876855;1,8931475499112116e-05;1,3052617854392157e-05;0,013139774553719301;0,0131397745537193;0,013139774553719301;0,9373968713867817;-0,6230895000564892;0,9374967363121482;-0,6221511483960687;1,3139774553719302e-06
309;0,06000316679237587;0,028002328455980077;-0,0600009389403835;-0,028000792588318665;2,2278519923729645e-06;1,5358676614118938e-06;0,0039531593798245905;0,0039531593798245905;0,0039531593798245905;0,9670648582339403;-0,6190475131961264;0,9670258876873631;-0,6194365809967328;3,95315937982459e-07
310;0,14201946914840058;0,06901342461125944;-0,14200602471433907;-0,06900415426141919;1,3444434061510302e-05;9,270349840245773e-06;0,009227710274420776;0,009227710274420776;0,009227710274420776;0,9879325891668651;-0,12260458400298346;0,9878315805546778;-0,12349798062984614;9,227710274420776e-07
311;0,060105329910839965;0,02900367466910184;-0,06010000002469577;-0,028999999891240455;5,329886144198048e-06;3,6747778613850646e-06;0,004025260768762959;0,00402526076876296;0,00402526076876296;0,95722453025735;-0,4403521752492775;0,9571327731324228;-0,4412049977601178;4,025260768762959e-07
312;0,13901034105183577;0,06700712979518327;-0,13900005823709372;-0,06700004015593349;1,0282814742051949e-05;7,0896392497799e-06;0,009069505910534337;0,009069505910534337;0,009069505910534337;0,9823593255837911;-0,306402205525489;0,9822807630042085;-0,30711566500419973;9,069505910534338e-07
313;0,0;0,0;0,0;0,0;0,0;0,0;;;;;;;;
314;0,13211773871474855;0,06401222940467433;-0,13210000013415732;-0,06399999924787819;1,7738580591231123e-05;1,2230156796133596e-05;0,008993735619741358;0,00899373561974136;0,00899373561974136;0,9424313376876794;-0,5758118398674605;0,9422946274522896;-0,5770889505991182;8,99373561974136e-07
315;0,12200778294035719;0,05900536540097768;-0,12200000000148024;-0,05899999999272925;7,782938876946255e-06;5,365408248428349e-06;0,008032378147630274;0,008032378147630276;0,008032378147630276;0,9741383300291667;-0,5266134875892721;0,9740711777971905;-0,5272230190406104;8,032378147630276e-07
316;0,13111755724345905;0,06401210362563893;-0,13110239241644026;-0,06400164873841556;1,5164827018798732e-05;1,0454887223371179e-05;0,00853143287277002;0,00853143287277002;0,00853143287277002;0,9874127494296165;-0,25042816044678623;0,9872894879398261;-0,2515050431372371;8,531432872770019e-07
317;0,1310023924165572;0,06400164873822375;-0,1310000000005918;-0,06399999999941808;2,3924159653909705e-06;1,6487388056762864e-06;0,008526178190502446;0,008526178190502446;0,008526178190502446;0,9872894879398261;-0,2515050431372371;0,9872700311512507;-0,25167449903114336;8,526178190502447e-07
318;0,15203335580327498;0,07302299786388886;-0,15201045583616016;-0,07300720860175748;2,289996711482556e-05;1,5789262131374326e-05;0,009856002154166413;0,009856002154166415;0,009856002154166415;0,9879910232940878;-0,10687763034761542;0,9878300589254456;-0,10834472162912998;9,856002154166415e-07
319;0,12912253609479565;0,06301553773642189;-0,1291076478052329;-0,0630052734619732;1,4888289562753343e-05;1,026427444869582e-05;0,008323078436953525;0,008323078436953528;0,008323078436953528;0,9966621593187156;-0,029476995164151032;0,9965381187066796;-0,03055166989014559;8,323078436953528e-07
320;0,12843701004832414;0,06202551641101343;-0,12842570205762774;-0,062017720269574785;1,1307990696401982e-05;7,796141438642934e-06;0,008264220512552933;0,008264220512552933;0,008264220512552933;0,9964314646079633;-0,031543179026173485;0,9963366412405009;-0,032387996138282575;8,264220512552934e-07
321;-0,040100587326566094;-0,019000404979746983;0,04010204556894332;0,019001410455698677;1,4582423772252495e-06;1,0054759516930911e-06;0,0025916416078772455;0,0025916416078772455;0,0025916416078772455;0,9885423545013121;-0,1019441187070935;0,9885813027739938;-0,10157712253039604;2,5916416078772455e-07
322;0,12602331864429672;0,06101607742261426;-0,126000000000067;-0,06099999999895931;2,331864422971952e-05;1,6077423654947687e-05;0,008152153359312441;0,008152153359312438;0,008152153359312441;0,9916277383641177;-0,07141299499579162;0,991429478709815;-0,07317656434926804;8,152153359312442e-07
323;0,12601246898198518;0,0610105270914322;-0,12599999999995784;-0,06100000000004846;1,246898202733604e-05;1,0527091383737142e-05;0,008173157513217212;0,00817315751321721;0,008173157513217212;0,9889932920212888;-0,10690588697225736;0,9888816093825513;-0,10855994691353413;8,173157513217212e-07
324;0,1260113653131963;0,06100783702513737;-0,1260000000000978;-0,0609999999995101;1,1365313098476992e-05;7,83702562726779e-06;0,008230884234651998;0,008230884234652;0,008230884234652;0,982041867335851;-0,3092572435365741;0,9819461585153462;-0,3101172575417611;8,230884234652e-07
325;0,05900329220949306;0,029002269792225123;-0,05900000000014357;-0,028999999999952408;3,292209349491093e-06;2,2697922727153708e-06;0,0038269715028262596;0,0038269715028262596;0,0038269715028262596;0,9918652095360045;-0,09155213623991357;0,9918055303578797;-0,09206174468005421;3,82697150282626e-07
326;0,19807472087726277;0,09505151674617286;-0,19802327303898987;-0,09501604518599563;5,1447838272905555e-05;3,5471560177233186e-05;0,013433604983894976;0,013433604983894976;0,013433604983894976;0,9442308529448218;-0,4990932721303475;0,9439655499342702;-0,5016292614831903;1,3433604983894977e-06
327;0,03800093894005117;0,0180007925915095;-0,038000000001193794;-0,01799999999551874;9,389388573727286e-07;7,925959907596758e-07;0,0025104678918345213;0,0025104678918345213;0,0025104678918345213;0,9670258876873631;-0,6194365809967328;0,9669985697295533;-0,6198649179842192;2,5104678918345216e-07
328;-0,07700000006307195;-0,036999999618702255;0,07700866459898276;0,03700597324402644;8,664535910807292e-06;5,973625324187659e-06;0,005219862859595741;0,005219862859595741;0,005219862859595741;0,944892079555071;-0,49290904058442564;0,9450070765636714;-0,49181490659171273;5,219862859595741e-07
329;0,12201035933879974;0,059007141765582694;-0,12200000000001446;-0,05900000000001486;1,035933878527906e-05;7,1417655678335246e-06;0,007935901482768527;0,007935901482768527;0,007935901482768527;0,9860034192788635;-0,29124656549011135;0,9859129501380927;-0,2920579428211787;7,935901482768527e-07
330;0,11500746745880262;0,05600514911915637;-0,11500000000041188;-0,05600000000012041;7,467458390739146e-06;5,1491190359576056e-06;0,00741106850485891;0,007411068504858909;0,00741106850485891;0,9965381187066796;-0,03055166989014559;0,9964682539058112;-0,031160868982077546;7,41106850485891e-07
331;0,12201627441262795;0,05901121998601688;-0,12200000000170912;-0,058999999992477514;1,62744109188373e-05;1,1219993539368645e-05;0,008032883854748693;0,008032883854748691;0,008032883854748693;0,9741502668669281;-0,5265024850600246;0,9740098555209324;-0,5277772188659798;8,032883854748693e-07
332;-0,18002447532028976;-0,08701687337204675;0,1800610911565435;0,08704211876393718;3,661583625375053e-05;2,5245391890429958e-05;0,012320230132963517;0,012320230132963517;0,012320230132963517;0,9370138490094428;-0,6266907575406794;0,9372198228509336;-0,6247442074486759;1,2320230132963518e-06
333;0,10932540911393132;0,05301751829477186;-0,10931584217298264;-0,0530109227121343;9,5669409486826e-06;6,595582637561326e-06;0,007040753562616966;0,007040753562616966;0,007040753562616966;0,9963366412405009;-0,032387996138282575;0,9962424539979527;-0,033218037594002985;7,040753562616966e-07
334;0,19402469781932208;0,09402084839092642;-0,19400000000685663;-0,0939999999757321;2,4697812465446223e-05;2,084841519432723e-05;0,012875534276553921;0,012875534276553923;0,012875534276553923;0,9667916303278291;-0,6215490641708212;0,9666512013479143;-0,6236730567738674;1,2875534276553923e-06
335;-0,0211000000230094;-0,010000000015835071;0,021100587326808057;0,010000404979826202;5,873037986561802e-07;4,049639911306996e-07;0,0013637636004628243;0,0013637636004628243;0,0013637636004628243;0,9885125441848513;-0,10222487776351231;0,9885423545013121;-0,1019441187070935;1,3637636004628242e-07
336;-0,2540437713356942;-0,12203017680186976;0,2542135853897999;0,12214725509087676;0,00016981405410565475;0,00011707828900700545;0,016483136605861565;0,016483136605861568;0,016483136605861568;0,987167178449503;-0,11435056447225676;0,9878809027651693;-0,10784836338629816;1,6483136605861567e-06
337;0,10310489786625343;0,05000413481157176;-0,10310000002564118;-0,04999999994413334;4,897840612250182e-06;4,1348674384225625e-06;0,006824921892747761;0,006824921892747761;0,006824921892747761;0,9693734956301103;-0,28313106719205494;0,9693209520019436;-0,28392268434897805;6,824921892747762e-07
338;0,10100466365560981;0,04900321586502158;-0,1010000000005765;-0,04900000000016051;4,663655033307346e-06;3,215864861065565e-06;0,006587790675117571;0,006587790675117573;0,006587790675117573;0,9838773933514073;-0,29269682900879734;0,9838283185002958;-0,29313456499890805;6,587790675117573e-07
339;0,10100071524336246;0,0490004933599681;-0,1010000000020895;-0,04900000000011195;7,152412729583002e-07;4,93359856156006e-07;0,006595919962820388;0,006595919962820388;0,006595919962820388;0,9826232951922365;-0,30389173925479956;0,9826157775023789;-0,30395894840446835;6,595919962820388e-07
340;0,0;0,0;0,0;0,0;0,0;0,0;;;;;;;;
341;0,09921576713387861;0,04801087097339288;-0,09920749002068138;-0,04800516439224447;8,277113197230346e-06;5,7065811484083295e-06;0,006387651838753487;0,006387651838753487;0,006387651838753487;0,9962424539979527;-0,033218037594002985;0,9961526442597478;-0,034014157191985105;6,387651838753487e-07
342;0,0;0,0;0,0;0,0;0,0;0,0;;;;;;;;
343;0,10401431177978837;0,05100986687043203;-0,10400000009569747;-0,05099999944391792;1,4311684090898003e-05;9,867426514112432e-06;0,007085236946713224;0,007085236946713225;0,007085236946713225;0,9440112423605803;-0,5009653155029481;0,9438711314783294;-0,5022305136680638;7,085236946713225e-07
344;-0,005100041432140718;-0,0020000285589847917;0,005100109318559486;0,0020000753632719763;6,788641876854379e-08;4,680428718466939e-08;0,0003295675869354819;0,0003295675869354818;0,0003295675869354819;0,9596917528769917;-0,41750127450095165;0,9597058180939931;-0,4173047664389111;3,2956758693548186e-08
345;-0,07700000009366385;-0,03699999940966378;0,07700881043264082;0,03700607355657356;8,810338976969478e-06;6,074146909777756e-06;0,005263598434629081;0,005263598434629082;0,005263598434629082;0,9370409103231827;-0,626439122632987;0,9371568708581186;-0,6253265792868894;5,263598434629082e-07
346;0,24313183597256788;0,11809089004796292;-0,24304424534714433;-0,11803050209601998;8,759062542354479e-05;6,0387951942936224e-05;0,01659645197965783;0,016596451979657825;0,01659645197965783;0,9402852796154267;-0,5958872170066143;0,9399194129827746;-0,5992910488327458;1,6596451979657828e-06
347;-9,999999996438854e-05;4,5784568427568233e-14;0,00010000002266903983;1,560779632814757e-11;2,2704651282982533e-11;1,5653580896575138e-11;5,840597607645847e-06;5,840597607645847e-06;5,840597607645847e-06;0,9885123197465642;-0,10223384660268149;0,9885125441848513;-0,10222487776351231;5,840597607645847e-10
348;0,0;0,0;0,0;0,0;0,0;0,0;;;;;;;;
349;0,0;0,0;0,0;0,0;0,0;0,0;;;;;;;;
350;-0,08100000000591653;-0,03899999997051582;0,08100249043395928;0,03900171703718278;2,4904280427479053e-06;1,7170666669619195e-06;0,005328287957892776;0,0053282879578927765;0,0053282879578927765;0,9741169676885064;-0,22481856888304122;0,9741493527242132;-0,22452114188599237;5,328287957892776e-07
351;0,08601038942187982;0,041007162997537774;-0,08600000000001133;-0,041000000000006274;1,0389421868484128e-05;7,162997531499904e-06;0,005573610084666384;0,005573610084666384;0,005573610084666384;0,9870309125471735;-0,11561620985381008;0,9869018362715202;-0,1168156947422534;5,573610084666384e-07
352;0,0;0,0;0,0;0,0;0,0;0,0;;;;;;;;
353;0,00010000000455003605;3,2793554541301533e-12;-9,99999997623651e-05;2,1583200683328557e-14;4,787670951421179e-12;3,300938654813482e-12;6,032081563457163e-06;6,032081563457162e-06;6,032081563457163e-06;0,9571327731324228;-0,4412049977601178;0,9571327273080568;-0,4412068890585658;6,032081563457162e-10
354;0,0;0,0;0,0;0,0;0,0;0,0;;;;;;;;
355;0,08100907765181216;0,039006258396923864;-0,08100000000718004;-0,038999999960417135;9,077644632121684e-06;6,258436506728637e-06;0,005342850578318018;0,005342850578318019;0,005342850578318019;0,9715796085664639;-0,2790379709793541;0,9714618876653047;-0,28012183166857874;5,342850578318019e-07
356;0,08100602471473277;0,039004154261561695;-0,08100000000015145;-0,03900000000009803;6,024714581318036e-06;4,15426146366249e-06;0,005254734979553331;0,00525473497955333;0,005254734979553331;0,9878315805546778;-0,12349798062984614;0,9877521376722075;-0,1242177093737037;5,254734979553332e-07
357;0,08100507130386411;0,03900349621259477;-0,0810000000000514;-0,03899999999992441;5,071303812706485e-06;3,4962126703591556e-06;0,005215711521219152;0,005215711521219152;0,005215711521219152;0,9952097736738058;-0,042590645509809975;0,9951424053705993;-0,04319611909100284;5,215711521219151e-07
358;0,07900082959798194;0,03800070052658982;-0,07900000000000028;-0,03799999999522173;8,295979816580479e-07;7,005313680877312e-07;0,0052017295459658415;0,005201729545965841;0,0052017295459658415;0,9730132368523269;-0,5647601745666209;0,9730015686239166;-0,5649377427922684;5,201729545965842e-07
359;-0,21320620902077042;-0,10300428135544026;0,21324781281865426;0,10303296768284673;4,1603797883843496e-05;2,868632740646304e-05;0,013842883860552616;0,013842883860552614;0,013842883860552616;0,9875647143151696;-0,11069077818932761;0,9877730014144332;-0,1088203083284243;1,3842883860552615e-06
360;0,05500264112052403;0,027001820955424277;-0,05500000000172961;-0,026999999992534558;2,6411187944233583e-06;1,8209628897189467e-06;0,0036580816702052395;0,0036580816702052395;0,0036580816702052395;0,9670648582339403;-0,6190475131961264;0,9670147744825074;-0,6194877056163425;3,6580816702052397e-07
361;0,0;0,0;0,0;0,0;0,0;0,0;;;;;;;;
362;0,0;0,0;0,0;0,0;0,0;0,0;;;;;;;;
363;-0,00010000000010160918;-1,0977339219233771e-13;0,00010000001265738884;8,76656266072833e-12;1,2555779658161847e-11;8,656789268535992e-12;5,981946653299189e-06;5,981946653299188e-06;5,981946653299189e-06;0,9651544944116878;-0,636454631555818;0,9651546155943632;-0,6364496715815615;5,981946653299189e-10
364;0,0;0,0;0,0;0,0;0,0;0,0;;;;;;;;
365;0,07100694621416985;0,03400478918189602;-0,07100000000011196;-0,034000000000110546;6,946214057890199e-06;4,789181785473662e-06;0,00459524991762415;0,00459524991762415;0,00459524991762415;0,9891609357735545;-0,09636504120123993;0,9890562343078722;-0,09732520673388327;4,59524991762415e-07
366;0,00010000000878460474;6,143356398690757e-12;-9,999999977507996e-05;6,840895876503226e-14;9,00952477499075e-12;6,211765357455789e-12;6,111323636438712e-06;6,111323636438711e-06;6,111323636438712e-06;0,9447222144563248;-0,4943908659485548;0,9447221293413486;-0,4943944250276288;6,111323636438712e-10
367;0,0;0,0;0,0;0,0;0,0;0,0;;;;;;;;
368;0,06810711161227284;0,03300490349462431;-0,06810206956715846;-0,03300142687897189;5,042045114381222e-06;3,4766156524201897e-06;0,004386430792545704;0,004386430792545704;0,004386430792545704;0,9961526442597478;-0,034014157191985105;0,9960729673739486;-0,034718119737731264;4,3864307925457037e-07
369;0,0680041271496896;0,03300284544046056;-0,06799999999975222;-0,03299999999986484;4,127149937388497e-06;2,8454405957209494e-06;0,004371175543940456;0,004371175543940456;0,004371175543940456;0,9983934160037851;-0,014172970919785602;0,9983279653178521;-0,014747535931331874;4,3711755439404556e-07
370;0,0;0,0;0,0;0,0;0,0;0,0;;;;;;;;
371;0,0730107647555508;0,035007421401159707;-0,07300302425226822;-0,03500208483531167;7,740503282574474e-06;5,336565848036712e-06;0,004933680704212366;0,0049336807042123666;0,0049336807042123666;0,9475253334658299;-0,4716129078202366;0,947416655962954;-0,4726499618748708;4,933680704212367e-07
372;0,0;0,0;0,0;0,0;0,0;0,0;;;;;;;;
373;0,08501045583600404;0,04100720860174747;-0,08500421601357927;-0,04100290691290101;6,239822424772279e-06;4,301688846457263e-06;0,005516406079946957;0,005516406079946958;0,005516406079946958;0,9878300589254456;-0,10834472162912998;0,9877516778634241;-0,10905104582082396;5,516406079946957e-07
374;0,0;0,0;0,0;0,0;0,0;0,0;;;;;;;;
375;0,0620047822240226;0,030004037273733106;-0,0620000000000727;-0,029999999999984643;4,782223949902076e-06;4,0372737484632715e-06;0,004006432560586906;0,004006432560586906;0,004006432560586906;0,9926407629488289;-0,06463652207325055;0,9925533878505257;-0,06592682265563324;4,006432560586906e-07
376;0,12200916919889623;0,05900632082155711;-0,12200000015088858;-0,05899999907026318;9,169048007656722e-06;6,321751293926481e-06;0,008347706714095057;0,008347706714095059;0,008347706714095059;0,9373524694648331;-0,6235475334749925;0,9372763437103322;-0,6242659103419418;8,347706714095059e-07
377;0,06000073271948353;0,029000505109691706;-0,059999999998879214;-0,029000000000168717;7,327206043156176e-07;5,051095229892388e-07;0,0038532361281138796;0,0038532361281138805;0,0038532361281138805;0,9985271257705678;-0,03693258673596418;0,9985139475850197;-0,037049443217587144;3,8532361281138804e-07
378;0,0;0,0;0,0;0,0;0,0;0,0;;;;;;;;
379;0,0;0,0;0,0;0,0;0,0;0,0;;;;;;;;
380;0,05600220085156859;0,027001517480529164;-0,056000000000260786;-0,02700000000035117;2,2008513078028424e-06;1,5174801779940794e-06;0,0035986098684222534;0,003598609868422254;0,003598609868422254;0,9974653257162497;-0,022385780791887067;0,9974229462804202;-0,02276461216753421;3,5986098684222537e-07
381;0,05600055077502475;0,027000379937362595;-0,05600000000081071;-0,026999999999781962;5,50774214042038e-07;3,799375806329275e-07;0,0035893742276651595;0,0035893742276651595;0,0035893742276651595;1,0;0,0;0,9999893657855402;-9,49573051874337e-05;3,5893742276651593e-07
382;0,05310368958706122;0,026002543911644888;-0,05310133424267091;-0,02600091992475176;2,355344390310432e-06;1,6239868931289259e-06;0,0034259891500020945;0,003425989150002093;0,0034259891500020945;0,9964314646079633;-0,031543179026173485;0,9963837810416273;-0,031952820693164935;3,425989150002095e-07
383;-0,12200000015169944;-0,05899999904785737;0,12202447525666907;0,05901687381243287;2,4475104969626238e-05;1,687476457550019e-05;0,008351855550445155;0,008351855550445153;0,008351855550445155;0,9368107457767437;-0,6286080739172389;0,9370138490094428;-0,6266907575406794;8,351855550445155e-07
384;0,05200025706764062;0,025000177236195006;-0,05199999999998726;-0,02499999999666382;2,5706765336558357e-07;1,7723953118706226e-07;0,0034237685692818883;0,0034237685692818888;0,0034237685692818888;0,9729582197619846;-0,5652802358268738;0,9729530178660664;-0,5653282505054527;3,4237685692818887e-07
385;-0,07110508758141074;-0,03400350747701668;0,07110800124504107;0,034005516350436214;2,9136636303384034e-06;2,0088734195358726e-06;0,004705705732538306;0,004705705732538306;0,004705705732538306;0,9670219746424931;-0,6194511586874233;0,9670648582339403;-0,6190475131961264;4,7057057325383065e-07
386;0,0;0,0;0,0;0,0;0,0;0,0;;;;;;;;
387;-0,07100000000211641;-0,03399999999045943;0,07100508758055155;0,034003507476790686;5,087578435133966e-06;3,5074863312528626e-06;0,004700320244517933;0,004700320244517932;0,004700320244517933;0,9669470041734896;-0,620154277539072;0,9670219746424931;-0,6194511586874233;4,7003202445179326e-07
388;-9,999999981356133e-05;8,145609730743513e-15;0,00010000001278004332;8,931816146444834e-12;1,2966481986969973e-11;8,939961756175578e-12;5,846202629623196e-06;5,846202629623197e-06;5,846202629623197e-06;0,9875645862627813;-0,11069590040944996;0,9875647143151696;-0,11069077818932761;5,846202629623197e-10
389;0,0;0,0;0,0;0,0;0,0;0,0;;;;;;;;
390;0,050001822514963316;0,024001256404800785;-0,04999999999999023;-0,023999999999831243;1,8225149730835555e-06;1,256404969542102e-06;0,003212933165299763;0,003212933165299763;0,003212933165299763;0,9966621593187156;-0,029476995164151032;0,9966228647966952;-0,029832376835102634;3,212933165299763e-07
391;0,0;0,0;0,0;0,0;0,0;0,0;;;;;;;;
392;0,1210232729798031;0,058016045581447455;-0,12100000010316855;-0,057999999364586094;2,3272876634547468e-05;1,604621686136093e-05;0,008208620048853818;0,008208620048853817;0,008208620048853818;0,9439655499342702;-0,5016292614831903;0,943769158497951;-0,5035119944244988;8,208620048853818e-07
393;0,0;0,0;0,0;0,0;0,0;0,0;;;;;;;;
394;0,04500074719221058;0,02200051516414012;-0,045000000000325;-0,022000000000377697;7,471918855792015e-07;5,151637624233041e-07;0,002918547473010789;0,0029185474730107895;0,0029185474730107895;0,9909020415015481;-0,10446685264219914;0,990884286448019;-0,10462085992921002;2,9185474730107894e-07
395;0,04500014086236663;0,022000097165467112;-0,044999999999990804;-0,022000000001273563;1,4086237582616734e-07;9,716419354863226e-08;0,0029271609173004503;0,0029271609173004503;0,0029271609173004503;0,9879718546826933;-0,12172029353820053;0,987968516924385;-0,12174937330749651;2,9271609173004504e-07
396;0,05200421601348822;0,025002906912905985;-0,051999999999923344;-0,024999999999878165;4,216013564879717e-06;2,9069130278204514e-06;0,0033727688167643414;0,0033727688167643414;0,0033727688167643414;0,9877516778634241;-0,10905104582082396;0,987665073715497;-0,10983854225382086;3,3727688167643413e-07
397;0,04300030031830198;0,021000207099496435;-0,04300000000024455;-0,020999999999788337;3,003180574293052e-07;2,0709970809801304e-07;0,0027976592911496266;0,0027976592911496266;0,0027976592911496266;0,9875647143151696;-0,11069077818932761;0,987557269784252;-0,1107557948541847;2,7976592911496267e-07
398;0,04100080826193571;0,02000055730319969;-0,041000000000166646;-0,01999999999973289;8,082617690627347e-07;5,573034667985532e-07;0,0026750561408996443;0,0026750561408996443;0,0026750561408996443;0,9845816870684969;-0,2864197010482789;0,9845607350801986;-0,28660373213276474;2,6750561408996444e-07
399;-0,04099999999994154;-0,019999999999833127;0,041000995385261724;0,020000686212440222;9,953853201821738e-07;6,86212607094866e-07;0,0026423891196072865;0,002642389119607286;0,0026423891196072865;0,9967325481749033;-0,028856173202704637;0,9967586687303231;-0,028629666414441427;2,6423891196072865e-07
400;0,07510590868809994;0,03600407424719399;-0,07510154130904112;-0,03600106260502215;4,3673790588172334e-06;3,0116421718406894e-06;0,004869289889982309;0,004869289889982309;0,004869289889982309;0,9875647143151696;-0,11069077818932761;0,9875025825845525;-0,11126027629135336;4,869289889982308e-07
401;0,040001372776645554;0,019000946415350297;-0,040000000000189835;-0,01900000000013504;1,3727764557186495e-06;9,464152152562078e-07;0,002566865770441182;0,0025668657704411815;0,002566865770441182;0,9960729673739486;-0,034718119737731264;0,9960359433909031;-0,03506211116050653;2,566865770441182e-07
402;0,00010000000851646265;5,922205984451755e-12;-9,999999997120865e-05;-2,984675435214219e-14;8,54525399550908e-12;5,892359230099613e-12;5,8465702119823334e-06;5,846570211982333e-06;5,8465702119823334e-06;0,9875025825845525;-0,11126027629135336;0,9875024981999541;-0,11126365236421695;5,846570211982333e-10
403;0,0;0,0;0,0;0,0;0,0;0,0;;;;;;;;
404;0,1940442453081121;0,09403050240801945;-0,1940000002093861;-0,09399999870964715;4,424509872599791e-05;3,05036983723056e-05;0,013244983852920203;0,013244983852920202;0,013244983852920203;0,9399194129827746;-0,5992910488327458;0,939687869255653;-0,6014588061873454;1,3244983852920203e-06
405;0,03710068271526512;0,018000470629534915;-0,037100242908292246;-0,01800016745661574;4,398069728753229e-07;3,0317291917561495e-07;0,002393510213214713;0,0023935102132147134;0,0023935102132147134;0,9946941081266844;-0,11487446475287678;0,9946813712001016;-0,11498670707779703;2,393510213214713e-07
406;0,03400100552897775;0,017000693302418296;-0,03400000000018363;-0,016999999999921717;1,0055287941179714e-06;6,933024965793955e-07;0,002202725928419976;0,0022027259284199763;0,0022027259284199763;0,9963837810416273;-0,031952820693164935;0,9963520810928083;-0,03220968378996559;2,2027259284199763e-07
407;0,03400008106426798;0,017000055916027008;-0,033999999998842276;-0,016999999998634826;8,106542570551767e-08;5,591739218185898e-08;0,002220582573399297;0,0022205825733992973;0,0022205825733992973;0,9883425273295516;-0,10365484348953194;0,9883399919671417;-0,10367558407620603;2,2205825733992972e-07
408;-0,04200000000013885;-0,019999999999949673;0,04200154130141883;0,020001062599017856;1,5413012799808667e-06;1,0625990681835396e-06;0,002719862925134756;0,0027198629251347565;0,0027198629251347565;0,9874633456650197;-0,11162572452195602;0,9875025825845525;-0,11126027629135336;2,7198629251347565e-07
409;0,031000197191317923;0,015000135936022613;-0,03099999999963531;-0,01499999999962864;1,9719168261461695e-07;1,3593639397284363e-07;0,0019989444155139916;0,001998944415513992;0,001998944415513992;0,9946813712001016;-0,11498670707779703;0,9946745342898152;-0,11504739153743612;1,998944415513992e-07
410;0,038003024231024356;0,018002084958667786;-0,03800000002207438;-0,017999999867955363;3,0242089499726843e-06;2,085090712422577e-06;0,0025625770594318482;0,0025625770594318482;0,0025625770594318482;0,947416655962954;-0,4726499618748708;0,947334968818799;-0,4734535140654955;2,562577059431848e-07
411;0,029103700703797187;0,014002551468160212;-0,029101465530347603;-0,014001010408998588;2,2351734495842934e-06;1,541059161624253e-06;0,0018666840862155032;0,001866684086215503;0,0018666840862155032;0,9989203551908389;-0,009511029741249555;0,9988373936118083;-0,010255504658038277;1,8666840862155033e-07
412;0,029000061976467824;0,014000052320711812;-0,02899999999817645;-0,013999999999996661;6,19782913741096e-08;5,232071515100245e-08;0,0018808438820380508;0,0018808438820380508;0,0018808438820380508;0,988500882876129;-0,11420116013962493;0,9884984713395807;-0,11423705166766465;1,8808438820380508e-07
413;0,02320046196303184;0,011000318556559361;-0,0232001706241738;-0,011000117665818848;2,9133885804180637e-07;2,0089074051314604e-07;0,0015005443998637258;0,0015005443998637254;0,0015005443998637258;0,9879197472036749;-0,12282221134021754;0,9879063069909038;-0,12294874586996508;1,5005443998637257e-07
414;0,023100170628821852;0,011000117665341898;-0,023100133871943155;-0,01100009231114455;3,675687869700295e-08;2,5354197347518537e-08;0,0014952658199122177;0,0014952658199122177;0,0014952658199122177;0,9879063069909038;-0,12294874586996508;0,987904604710284;-0,12296461914096668;1,4952658199122178e-07
415;0,028000696790963547;0,014000480463690084;-0,02800000000005273;-0,013999999999982938;6,967909108174242e-07;4,80463707146217e-07;0,0018145664776526447;0,0018145664776526447;0,0018145664776526447;0,9960729673739486;-0,034718119737731264;0,9960463011366135;-0,034934312619292245;1,814566477652645e-07
416;0,026000247085916608;0,013000170350743983;-0,026000000003948167;-0,012999999980470234;2,470819684408099e-07;1,7037027374815217e-07;0,0017334262986324757;0,0017334262986324759;0,0017334262986324759;0,9682038068659133;-0,3291963471609757;0,9681939084345278;-0,32927890387573744;1,733426298632476e-07
417;0,07000176382043703;0,03400121526358031;-0,07000000008765403;-0,03399999946653881;1,7637327830027916e-06;1,2157970415010988e-06;0,00479314561915332;0,004793145619153321;0,004793145619153321;0,9373968713867817;-0,6230895000564892;0,9373713632387455;-0,6233273323713281;4,793145619153321e-07
418;0,024001450976109152;0,012001000374550784;-0,0239999999999595;-0,012000000000007973;1,4509761496507567e-06;1,0003745428109612e-06;0,0015510974119517602;0,0015510974119517598;0,0015510974119517602;0,9988373936118083;-0,010255504658038277;0,9987724346285366;-0,010780464997269666;1,55109741195176e-07
419;0,024000820254450522;0,01200056552593508;-0,02400000000005632;-0,011999999999966279;8,202543942022189e-07;5,655259688007452e-07;0,0015509247459296355;0,0015509247459296357;0,0015509247459296357;0,9989203551908389;-0,009511029741249555;0,9988836289773729;-0,009807808621503456;1,5509247459296358e-07
420;0,024000359806974902;0,012000248024484335;-0,023999999999890265;-0,011999999999953034;3,5980708463709266e-07;2,4802453130017e-07;0,0015766146908829544;0,0015766146908829544;0,0015766146908829544;0,9826232951922365;-0,30389173925479956;0,9826074483731279;-0,3040218386621406;1,5766146908829546e-07
421;0,0;0,0;0,0;0,0;0,0;0,0;;;;;;;;
422;0,02300013387004155;0,011000092310003623;-0,022999999999547566;-0,010999999999304786;1,3387049398530526e-07;9,231069883659793e-08;0,0014899914520168766;0,0014899914520168766;0,0014899914520168766;0,987904604710284;-0,12296461914096668;0,9878983818025416;-0,12302196485961218;1,4899914520168767e-07
423;0,02300006366060126;0,011000043856356154;-0,023000000003080542;-0,010999999978633998;6,365752071649244e-08;4,387772215529162e-08;0,0015236707652766441;0,0015236707652766441;0,0015236707652766441;0,9660647077736402;-0,2966859034649616;0,9660618143769002;-0,2967131369385902;1,523670765276644e-07
424;0,02200061738673329;0,01000042565733926;-0,021999999999968725;-0,010000000000072952;6,173867645661857e-07;4,256572663074304e-07;0,0014055512897916632;0,0014055512897916634;0,0014055512897916634;0,9926870676765188;-0,06483527544326305;0,9926567455990851;-0,06514829236794847;1,4055512897916635e-07
425;0,021300536223240966;0,010000369726645898;-0,02130012775190736;-0,01000008809935159;4,084713336044432e-07;2,8162729430805666e-07;0,0013647763114592907;0,0013647763114592905;0,0013647763114592907;0,9954583533432312;-0,09197523684886683;0,9954376484364589;-0,09217328528097567;1,3647763114592908e-07
426;0,021000514779739434;0,010000354750201255;-0,021000000021700934;-0,009999999862894113;5,14758038500096e-07;3,548873071419767e-07;0,001428632144442538;0,001428632144442538;0,001428632144442538;0,9400027267914539;-0,5392611759998749;0,939977778640028;-0,5395052911790073;1,428632144442538e-07
427;0,021000127703992146;0,01000008806596902;-0,020999999999821148;-0,009999999999774996;1,2770417099836062e-07;8,806619402300375e-08;0,0013490461374321948;0,0013490461374321948;0,0013490461374321948;0,9954376484364589;-0,09217328528097567;0,9954310935874126;-0,09223390067794306;1,3490461374321948e-07
428;0,02100007166146853;0,010000060506666285;-0,02100000000045752;-0,009999999999120018;7,166101101060973e-08;6,050754626681087e-08;0,0013634187880411839;0,001363418788041184;0,001363418788041184;0,984941472908195;-0,12971227441098368;0,9849376315476992;-0,12977095187670912;1,363418788041184e-07
429;0,02100007694872424;0,010000052987211055;-0,021000000010981127;-0,009999999930847155;7,69377431139584e-08;5,30563638995174e-08;0,0014160344580940243;0,0014160344580940243;0,0014160344580940243;0,9483440113798645;-0,45925736801273626;0,9483402491224034;-0,4592938853188794;1,4160344580940245e-07
430;0,02100008112429041;0,010000055932920316;-0,021000000000018903;-0,010000000000454047;8,11242715087479e-08;5,59324662696703e-08;0,0013600068358386173;0,0013600068358386177;0,0013600068358386177;0,9874127494296165;-0,25042816044678623;0,9874086192244101;-0,25046664049953515;1,3600068358386176e-07
431;0,021000055002875873;0,010000037833928962;-0,02100000001142191;-0,009999999929535099;5,4991453963398884e-08;3,790439386322508e-08;0,001416165062778754;0,0014161650627787538;0,001416165062778754;0,948255477722037;-0,46007886022691424;0,9482527891983452;-0,46010492154992333;1,416165062778754e-07
432;0,0;0,0;0,0;0,0;0,0;0,0;;;;;;;;
433;0,0;0,0;0,0;0,0;0,0;0,0;;;;;;;;
434;0,01900032871416993;0,009000226622393321;-0,01900000000023138;-0,008999999999889301;3,287139385479976e-07;2,2662250401955797e-07;0,0012182375968316555;0,0012182375968316555;0,0012182375968316555;0,9963837810416273;-0,031952820693164935;0,9963651044495533;-0,03212747908288206;1,2182375968316555e-07
435;0,01900029294387162;0,009000201975055978;-0,018999999999970207;-0,009000000000054178;2,9294390141432203e-07;2,0197500179980343e-07;0,0012182927507854975;0,0012182927507854977;0,0012182927507854977;0,9963366412405009;-0,032387996138282575;0,9963199974877844;-0,032543681197180575;1,2182927507854978e-07
436;0,018100430267749778;0,009000296602925423;-0,018100173734232748;-0,009000119753906122;2,565335170297278e-07;1,768490193003458e-07;0,0012054194554623162;0,0012054194554623162;0,0012054194554623162;0,9682038068659133;-0,3291963471609757;0,9681890336113479;-0,3293214431868254;1,2054194554623162e-07
437;0,01800017373428274;0,009000119753353825;-0,01800000000309205;-0,008999999986415106;1,7373119069047371e-07;1,1976693871894317e-07;0,0012000828631033263;0,0012000828631033263;0,0012000828631033263;0,9681890336113479;-0,3293214431868254;0,9681789811301547;-0,3294052249002604;1,2000828631033263e-07
438;0,018000015062618013;0,009000010367605827;-0,01800000000310806;-0,008999999998762912;1,505950995156491e-08;1,0368842914484921e-08;0,0011711276908886023;0,0011711276908886025;0,0011711276908886025;0,9921173057579379;-0,09355547988337803;0,992116413120747;-0,09356270955495066;1,1711276908886024e-07
439;0,01700020152719187;0,008000138952204451;-0,016999999999838956;-0,007999999999717167;2,0152735291309454e-07;1,3895248728371112e-07;0,0010889461800017112;0,001088946180001711;0,0010889461800017112;0,9961526442597478;-0,034014157191985105;0,9961398395291937;-0,03413588456221527;1,0889461800017113e-07
440;0,0;0,0;0,0;0,0;0,0;0,0;;;;;;;;
441;0,0150001629174275;0,0070001123168603714;-0,01499999999997195;-0,006999999999844065;1,629174555487639e-07;1,1231701630646379e-07;0,0009576915409451073;0,0009576915409451073;0,0009576915409451073;0,9979163131111104;-0,018400679505308982;0,9979045495592055;-0,018514502932675383;9,576915409451072e-08
442;0,014000293139268122;0,007000202093651761;-0,01400000000135981;-0,006999999993807112;2,9313790831167474e-07;2,0209984464940323e-07;0,0009286268684309434;0,0009286268684309435;0,0009286268684309435;0,9731750184322626;-0,23307847023650463;0,9731530981354405;-0,2332602767508562;9,286268684309435e-08
443;0,014000180346671661;0,007000124342701517;-0,01400000000019295;-0,006999999999848891;1,8034647871097154e-07;1,2434285262628159e-07;0,0009068480379520838;0,0009068480379520838;0,0009068480379520838;0,9965381187066796;-0,03055166989014559;0,9965243087054857;-0,03066354117570863;9,068480379520838e-08
444;0,014000176881319866;0,007000121945390898;-0,014000000000117072;-0,007000000000072557;1,7688120279406305e-07;1,219453183414626e-07;0,0009071987130213476;0,0009071987130213476;0,0009071987130213476;0,9961526442597478;-0,034014157191985105;0,9961391050845967;-0,03412385163675219;9,071987130213476e-08
445;0,01420039914983501;0,006000275193578185;-0,014200385808712674;-0,006000265991125188;1,3341122335336353e-08;9,202452996674715e-09;0,0009008350524105065;0,0009008350524105066;0,0009008350524105066;0,9880234297868465;-0,12127730191940192;0,9880224126123309;-0,12128950778030047;9,008350524105067e-08
446;0,014100385810916877;0,006000265994807396;-0,014100078072707876;-0,006000053827918989;3,0773820900061033e-07;2,1216688840617476e-07;0,0008954552430120692;0,0008954552430120692;0,0008954552430120692;0,9880224126123309;-0,12128950778030047;0,9879987989308292;-0,12156891837246835;8,954552430120692e-08
447;0,0;0,0;0,0;0,0;0,0;0,0;;;;;;;;
448;0,013000058236609983;0,006000040155907972;-0,013000000000032038;-0,006000000000077138;5,82365779454308e-08;4,0155830834109896e-08;0,0008415555307746511;0,0008415555307746511;0,0008415555307746511;0,9822807630042085;-0,30711566500419973;0,9822759809465862;-0,3071639067908382;8,415555307746512e-08
449;0,0;0,0;0,0;0,0;0,0;0,0;;;;;;;;
450;0,012000150862487633;0,00600010402676016;-0,01200000000003158;-0,0059999999999183875;1,5086245605359927e-07;1,0402684177263088e-07;0,0007768358663033906;0,0007768358663033907;0,0007768358663033907;0,9971310276824045;-0,02533632930647829;0,9971175416075482;-0,02544555502787967;7,768358663033908e-08
451;-0,06800000000001591;-0,033000000000001466;0,06801144658787246;0,03300789203467641;1,1446587856553392e-05;7,89203467494587e-06;0,004421399306627178;0,004421399306627178;0,004421399306627178;0,9869877123076009;-0,11594409586290493;0,987167178449503;-0,11435056447225676;4,4213993066271776e-07
452;0,0;0,0;0,0;0,0;0,0;0,0;;;;;;;;
453;-0,010100000006371677;-0,005000000005340975;0,010100099191328328;0,005000083741212212;9,918495665062199e-08;8,373587123688964e-08;0,0006597788467496392;0,0006597788467496392;0,0006597788467496392;0,9861885218183047;-0,26128624330987443;0,9861995511027228;-0,26112844258437246;6,597788467496392e-08
454;0,010000042092954173;0,005000029017275563;-0,009999999999814853;-0,004999999999877394;4,2093139319618333e-08;2,90173981691913e-08;0,0006530509747872129;0,0006530509747872129;0,0006530509747872129;0,9884376138815211;-0,09899943550357018;0,9884331381106995;-0,09903597092475776;6,530509747872129e-08
455;0,010000075039152786;0,005000051738892985;-0,010000000000084339;-0,004999999999971672;7,503906844681663e-08;5,173892131307006e-08;0,0006479370886831398;0,0006479370886831398;0,0006479370886831398;0,9962424539979527;-0,033218037594002985;0,996234411713378;-0,03328321393725468;6,479370886831398e-08
456;0,0;0,0;0,0;0,0;0,0;0,0;;;;;;;;
457;0,009000125110936135;0,004000086243183288;-0,009000000001941826;-0,003999999986540187;1,2510899430849542e-07;8,625664310070447e-08;0,0005925072898119927;0,0005925072898119928;0,0005925072898119928;0,9597058180939931;-0,4173047664389111;0,9596912643471424;-0,41746771659815396;5,925072898119928e-08
458;0,009000072641418236;0,00400005008380368;-0,009000000000065001;-0,004000000000025253;7,264135323467591e-08;5,008377842660727e-08;0,0005755362028713981;0,0005755362028713981;0,0005755362028713981;0,9879987989308292;-0,12156891837246835;0,9879900994495937;-0,12166353743932208;5,755362028713981e-08
459;0,0;0,0;0,0;0,0;0,0;0,0;;;;;;;;
460;0,0;0,0;0,0;0,0;0,0;0,0;;;;;;;;
461;0,006000045715165286;0,003000031519901919;-0,005999999999932295;-0,0029999999999969704;4,571523299148894e-08;3,151990494868265e-08;0,0003893724366377405;0,0003893724366377405;0,0003893724366377405;0,9946813712001016;-0,11498670707779703;0,9946732181700293;-0,11505288154462094;3,893724366377405e-08
462;0,005000041432443668;0,002000028558977838;-0,0050000000007897755;-0,0019999999932410915;4,143165389242087e-08;2,8565736746519188e-08;0,0003239743048248833;0,0003239743048248833;0,0003239743048248833;0,9596917528769917;-0,41750127450095165;0,9596830068620017;-0,417619748006708;3,239743048248833e-08
463;0,005000014554104255;0,00200001003417177;-0,004999999999889313;-0,001999999999989628;1,4554214942605337e-08;1,0034182141866604e-08;0,0003112755213497583;0,00031127552134975836;0,00031127552134975836;0,9988373936118083;-0,010255504658038277;0,9988341959837377;-0,010297118016451676;3,1127552134975834e-08
464;0,005000022945883515;0,0020000158211674404;-0,004999999999422751;-0,001999999999848476;2,2946460764491916e-08;1,58213189645727e-08;0,0003119903888407228;0,00031199038884072286;0,00031199038884072286;0,9965505845495701;-0,030491658731370625;0,9965455545731399;-0,030557279203675625;3,119903888407229e-08
465;0,005000005430420041;0,0020000037429371985;-0,0049999999996377465;-0,0019999999996189862;5,430782294355008e-09;3,7433182122591224e-09;0,0003146896603492802;0,00031468966034928024;0,00031468966034928024;0,9879987989308292;-0,12156891837246835;0,9879976187660054;-0,12158443765961746;3,1468966034928023e-08
466;0,0002000000486724614;3,331862840892589e-11;-0,00020000000440947475;-2,8007826312249166e-12;4,4262986640753246e-11;3,0517845777700974e-11;1,1599931157954005e-05;1,1599931157954005e-05;1,1599931157954005e-05;0,9954376484364589;-0,09217328528097567;0,9954374281312822;-0,09218202799748493;1,1599931157954005e-09
467;-9,999999959272781e-05;-8,256104464028787e-14;0,00010000000782546051;5,758754328078836e-12;8,232732705737607e-12;5,676193283438548e-12;6,127067878238291e-06;6,127067878238291e-06;6,127067878238291e-06;0,9422945498756963;-0,5770922028180483;0,9422946274522896;-0,5770889505991182;6,127067878238291e-10
468;0,00010000001025623825;7,032176413555296e-12;-0,0001000000001421761;-5,886955078739786e-14;1,0114062148555703e-11;6,973306862767898e-12;5,956234900438722e-06;5,956234900438721e-06;5,956234900438722e-06;0,9693209520019436;-0,28392268434897805;0,9693208539642278;-0,28392667975908975;5,956234900438722e-10
469;-9,999999987328553e-05;6,8568740095587e-15;0,00010000000296208258;2,122765160722642e-12;3,088797053958474e-12;2,1296220347322007e-12;5,933970393717169e-06;5,933970393717171e-06;5,933970393717171e-06;0,9729577839979322;-0,5652979284804341;0,9729578140506238;-0,5652967082969247;5,933970393717171e-10
470;-9,99999999346062e-05;1,434468736611815e-13;0,00010000000781664066;5,290597706018755e-12;7,882034461963519e-12;5,434044579679936e-12;5,85047400179641e-06;5,850474001796411e-06;5,850474001796411e-06;0,9868435764944805;-0,2683316011944388;0,9868436542778327;-0,26832848771647466;5,850474001796411e-10
471;-9,999999981285325e-05;1,703726589557469e-13;0,00010000000642010554;5,407645335899889e-12;6,607252288695631e-12;5,578017994855636e-12;5,854360433962689e-06;5,854360433962689e-06;5,854360433962689e-06;0,9861884566583439;-0,26128943927856724;0,9861885218183047;-0,26128624330987443;5,854360433962689e-10
472;0,00010000000362115796;2,5297952612765846e-12;-9,999999993257563e-05;1,3358630091255745e-14;3,688582330741742e-12;2,5431538913678403e-12;5,7999656611289085e-06;5,7999656611289085e-06;5,7999656611289085e-06;0,9954374281312822;-0,09218202799748493;0,9954373914137542;-0,09218348511727871;5,799965661128909e-10
