;p_from_mw;q_from_mvar;p_to_mw;q_to_mvar;pl_mw;ql_mvar;i_from_ka;i_to_ka;i_ka;vm_from_pu;va_from_degree;vm_to_pu;va_to_degree;loading_percent
0;-3,6092242063153757;-1,764850752012755;3,613133059267021;1,769462065494841;0,003908852951645336;0,004611313482085988;0,23227660599558606;0,232276605995586;0,23227660599558606;0,9986234900274555;-0,03454284827869391;0,9999999999179808;-4,027179359329655e-20;2,3227660599558606e-05
1;-3,546169844054201;-1,7328418335131874;3,549123473736835;1,7358502470002157;0,002953629682633796;0,003008413487028294;0,22841858900745962;0,22841858900745965;0,22841858900745965;0,9976188201751577;-0,0549357270594953;0,9986234900274555;-0,03454284827869391;2,2841858900745967e-05
2;-3,0574449761770133;-1,4863552797397312;3,063980608132915;1,4908613709852199;0,006535631955901788;0,004506091245488619;0,19672861846051673;0,19672861846051673;0,19672861846051673;0,9976967433004917;-0,02009551165557897;0,9999999999179808;-4,027179359329655e-20;1,9672861846051672e-05
3;-2,99220098617907;-1,4530496957920969;2,998444976177465;1,4573552797394882;0,006243989998395261;0,004305583947391334;0,19292428111848656;0,19292428111848656;0,19292428111848656;0,9954529472615432;-0,03978219639853527;0,9976967433004917;-0,02009551165557897;1,9292428111848656e-05
4;2,2470054364713383;1,1026761508366993;-2,2381380572015384;-1,0936471364212437;0,008867379269799969;0,009029014415455672;0,14450983964403574;0,14450983964403574;0,14450983964403574;0,9999999999179808;-4,027179359329655e-20;0,9952318255629795;-0,09658320292212899;1,4450983964403575e-05
5;-2,701674716007808;-1,3116186080219285;2,7051778464742706;1,3140337417411214;0,0035031304664627783;0,0024151337191928857;0,1744275350064236;0,1744275350064236;0,1744275350064236;0,9940606986429275;-0,05202625076690871;0,9954529472615432;-0,03978219639853527;1,744275350064236e-05
6;-2,202237472396719;-1,0688824103980012;2,21673752073416;1,0836467665262488;0,014500048337441118;0,014764356128247558;0,14313970808768609;0,14313970808768606;0,14313970808768609;0,9873660159847781;-0,2579933811941472;0,9952318255629795;-0,09658320292212899;1,4313970808768608e-05
7;-3,5384009767425937;-1,7251352366143933;3,545969844028015;1,732841833494752;0,007568867285421277;0,007706596880358685;0,22840818967943385;0,22840818967943383;0,22840818967943385;0,9950450244734793;-0,10734607876310548;0,9976188201751577;-0,0549357270594953;2,2840818967943386e-05
8;-1,4878075093512897;-0,710568026500599;1,4881752789525515;0,7110018967032714;0,0003677696012618359;0,00043387020267238174;0,09522236009200379;0,09522236009200379;0,09522236009200379;0,9996854037947298;-0,008094802016787745;0,9999999999179808;-4,027179359329655e-20;9,522236009200379e-06
9;-3,490355359280347;-1,6960921489260705;3,5012002945111407;1,707134766316646;0,010844935230793773;0,011042617390575549;0,2260103126899318;0,22601031268993182;0,22601031268993182;0,9913194800255439;-0,18371814818764293;0,9950450244734793;-0,10734607876310548;2,2601031268993182e-05
10;-1,4796950772439257;-0,7023973418701498;1,4877155467892342;0,7105638705631061;0,00802046954530855;0,00816652869295631;0,09521746407774609;0,09521746407774609;0,09521746407774609;0,9931657414911934;-0,14495312035160934;0,9996854037947298;-0,008094802016787745;9,521746407774608e-06
11;1,4796092990828398;0,7023899740316004;-1,4727060323090406;-0,6953607878425915;0,006903266773799155;0,00702918618900894;0,09521277570415154;0,09521277570415154;0,09521277570415154;0,9931657414911934;-0,14495312035160934;0,9875584546987283;-0,26420077916268253;9,521277570415153e-06
12;-3,3565298597733273;-1,627122840202877;3,3643553592804576;1,6350921489258405;0,007825499507130296;0,00796930872296353;0,2178572638305793;0,21785726383057932;0,21785726383057932;0,9885315630936158;-0,24127309425268695;0,9913194800255439;-0,18371814818764293;2,1785726383057933e-05
13;2,1887287131676922;1,0639450622312636;-2,181888211257609;-1,0592289655464158;0,00684050191008323;0,004716096684847848;0,14050518942091914;0,14050518942091914;0,14050518942091914;0,9999999999179808;-4,027179359329655e-20;0,9966249313608059;-0,029551381501225327;1,4050518942091912e-05
14;1,9334867851562256;0,9381942427229496;-1,9280743925497588;-0,934462653551496;0,005412392606466865;0,003731589171453553;0,12478640023220824;0,12478640023220824;0,12478640023220824;0,9943203590415118;-0,049841836891238896;0,9913138218017575;-0,07643406903887015;1,2478640023220824e-05
15;2,0558882112571903;0,9982289655461067;-2,051486785155967;-0,9951942427229098;0,004401426101223294;0,0030347228231969448;0,13239553866650017;0,1323955386665001;0,13239553866650017;0,9966249313608059;-0,029551381501225327;0,9943203590415118;-0,049841836891238896;1,3239553866650016e-05
16;1,802074392549776;0,8734626535514968;-1,7973759398275755;-0,8702231575288415;0,004698452722200486;0,003239496022655275;0,11663329657473147;0,1166332965747315;0,1166332965747315;0,9913138218017575;-0,07643406903887015;0,9885215770688595;-0,10127572126981992;1,166332965747315e-05
17;0,8245973304346087;0,39868858211771924;-0,8213348803349827;-0,3964392037711106;0,003262450099626002;0,0022493783466086548;0,05288078866685376;0,05288078866685375;0,05288078866685376;0,9999999999179808;-4,027179359329655e-20;0,995724438752608;-0,0380082507719277;5,288078866685376e-06
18;0,8002348102177651;0,38643914456686623;-0,7975186402099262;-0,3845663962831119;0,0027161700078388584;0,001872748283754333;0,05152693263715851;0,05152693263715851;0,05152693263715851;0,995724438752608;-0,0380082507719277;0,9920715048121511;-0,07070471898727838;5,152693263715851e-06
19;-0,4570450869266881;-0,2223907392419076;0,4572538155018741;0,22256694246919168;0,0002087285751860013;0,00017620322728406634;0,029701228059677936;0,029701228059677932;0,029701228059677936;0,988023772133898;-0,11611841292496942;0,9885384841626174;-0,10855673649917154;2,9701228059677938e-06
20;-0,8318034458724765;-0,4038604791439184;0,832382985374667;0,40434973598802376;0,0005795395021905847;0,0004892568441053347;0,05397484208494538;0,05397484208494539;0,05397484208494539;0,9890793060145558;-0,10059090938011622;0,9898655624311951;-0,08901280400930026;5,397484208494539e-06
21;-0,40784795126836204;-0,19730882749096407;0,40794443648460377;0,1973902908048079;9,648521624172623e-05;8,146331384384364e-05;0,026482119117486644;0,026482119117486644;0,026482119117486644;0,9877570675090456;-0,12007733469690665;0,988023772133898;-0,11611841292496942;2,6482119117486645e-06
22;1,2446674047518298;0,6052870149337682;-1,2380090773551764;-0,6006963530602735;0,006658327396653396;0,004590661873494772;0,07990764083643304;0,07990764083643304;0,07990764083643304;0,9999999999179808;-4,027179359329655e-20;0,9942234786557841;-0,050651478007977;7,990764083643304e-06
23;1,7594331931435332;0,8514331406096911;-1,748541205523466;-0,8439234801985915;0,010891987620067267;0,007509660411099572;0,11285010049752499;0,11285010049752499;0,11285010049752499;0,9999999999179808;-4,027179359329655e-20;0,9933109898963874;-0,0594692422329658;1,1285010049752498e-05
24;1,726440588912253;0,8339230550756989;-1,7242617992201872;-0,8324208526067504;0,0021787896920657523;0,0015022024689484992;0,11144057561212205;0,11144057561212206;0,11144057561212206;0,9933109898963874;-0,0594692422329658;0,9919560887603763;-0,07158888575940726;1,1144057561212206e-05
25;-0,705465152318157;-0,34257492791476785;0,7058034458726589;0,34286047914393525;0,00033829355450187837;0,0002855512291674023;0,04580332437762643;0,045803324377626436;0,045803324377626436;0,9885384841626174;-0,10855673649917154;0,9890793060145558;-0,10059090938011622;4,580332437762644e-06
26;-1,7082838018938913;-0,8243677447632405;1,7112617992206833;0,8264208526072236;0,002977997326792048;0,0020531078439831596;0,11060735901309593;0,11060735901309593;0,11060735901309593;0,9900903047634949;-0,08831582025657693;0,9919560887603763;-0,07158888575940726;1,1060735901309593e-05
27;-0,2817980109941291;-0,13627439874011574;0,281847951268207;0,13630882749072226;4,9940274077897584e-05;3,4428750606524394e-05;0,01829965709316569;0,018299657093165694;0,018299657093165694;0,9875679327188581;-0,12177070828624835;0,9877570675090456;-0,12007733469690665;1,8299657093165695e-06
28;-0,28159892084821936;-0,13620608286671002;0,2816980109943885;0,13627439874010505;9,909014616915623e-05;6,83158733950362e-05;0,018294394192812986;0,018294394192812983;0,018294394192812986;0,9871925386027177;-0,12513105183414766;0,9875679327188581;-0,12177070828624835;1,8294394192812985e-06
29;0,8004874022126577;0,3883364524906005;-0,7999149205564136;-0,3878531740904575;0,0005724816562441282;0,0004832784001430057;0,051850406172840674;0,05185040617284069;0,05185040617284069;0,9906860896459763;-0,08189389942458612;0,9898777044792384;-0,09381340569725514;5,185040617284068e-06
30;0,7589149205566463;0,3678531740907177;-0,7583212161396515;-0,3673519479017766;0,0005937044169948003;0,0005012261889411063;0,04918972657758398;0,04918972657758397;0,04918972657758398;0,9898777044792384;-0,09381340569725514;0,9889940663381892;-0,10687423781817103;4,918972657758398e-06
31;1,112009077355036;0,5396963530603398;-1,110370697227148;-0,5385667981570753;0,0016383801278878618;0,0011295549032644958;0,07177840042061735;0,07177840042061735;0,07177840042061735;0,9942234786557841;-0,050651478007977;0,99264122835919;-0,06461845450716387;7,177840042061735e-06
32;1,843346654219317;0,8953924172185599;-1,8400843630671133;-0,8931433233184217;0,003262291152203778;0,002249093900138166;0,11902364573798788;0,11902364573798786;0,11902364573798788;0,9940606986429275;-0,05202625076690871;0,9921606612961955;-0,06876856249340275;1,1902364573798787e-05
33;1,7393752507049043;0,8422226823335202;-1,7366092672239823;-0,8403155028986993;0,002765983480921941;0,0019071794348208826;0,11287165093433887;0,11287165093433887;0,11287165093433887;0,9885215770688595;-0,10127572126981992;0,9868230600166623;-0,1164547146123843;1,1287165093433887e-05
34;0,8425854990235921;0,4076096421659861;-0,842506599808302;-0,4075552134028726;7,889921529014021e-05;5,442876311351208e-05;0,05476157342157017;0,05476157342157017;0,05476157342157017;0,9868230600166623;-0,1164547146123843;0,986723189009876;-0,11735082399069129;5,476157342157017e-06
35;0,8424065998113652;0,4075552134098886;-0,8423967055762344;-0,407548377392889;9,894235130869511e-06;6,836016999578476e-06;0,05475630621254244;0,05475630621254245;0,05475630621254245;0,986723189009876;-0,11735082399069129;0,9867106587577589;-0,11746376556142214;5,475630621254244e-06
36;0,833396705568574;0,40354837738117244;-0,8331553187420064;-0,4033819340750021;0,00024138682656760224;0,00016644330617032743;0,054180328951858134;0,054180328951858134;0,054180328951858134;0,9867106587577589;-0,11746376556142214;0,98640185136051;-0,12022463529898701;5,418032895185814e-06
37;1,4542017898573985;0,7048971582449962;-1,452853765297973;-0,7039676520162728;0,0013480245594255091;0,0009295062287234535;0,09438451227811973;0,09438451227811973;0,09438451227811973;0,9885315630936158;-0,24127309425268695;0,9875415582289577;-0,25008983561758485;9,438451227811971e-06
38;1,1165396049120193;0,5431212630369455;-1,1130460913446505;-0,5407126025199089;0,0034935135673688222;0,002408660517036587;0,07168545635745147;0,07168545635745145;0,07168545635745147;0,9999999999179808;-4,027179359329655e-20;0,9966213692562128;-0,02953345003775197;7,1685456357451464e-06
39;0,7901550334134311;0,38238173735909203;-0,7887366464751473;-0,38140383440465725;0,0014183869382837777;0,000977902954434784;0,0513793897077109;0,0513793897077109;0,0513793897077109;0,98640185136051;-0,12022463529898701;0,984488544851969;-0,13738430245598396;5,13793897077109e-06
40;0,9923659150068558;0,4815627608870497;-0,9915535406489926;-0,48100265599462416;0,0008123743578631881;0,0005601048924255281;0,06415603753242863;0,06415603753242861;0,06415603753242863;0,99264122835919;-0,06461845450716387;0,9917634637127282;-0,07237749248800458;6,4156037532428625e-06
41;0,9914535406541518;0,4810026560000768;-0,9914174904060586;-0,4809777171298205;3,6050248093166815e-05;2,4938870256285828e-05;0,06415079987649053;0,06415079987649054;0,06415079987649054;0,9917634637127282;-0,07237749248800458;0,991724475909425;-0,07272597099726878;6,415079987649054e-06
42;1,1129460913443125;0,5407126025193969;-1,112585553841371;-0,5404639719113402;0,0003605375029416269;0,000248630608056688;0,07168024564956563;0,07168024564956563;0,07168024564956563;0,9966213692562128;-0,02953345003775197;0,9962726574712685;-0,03259444766637195;7,168024564956563e-06
43;1,112485553841931;0,5404639719120204;-1,1108919601664338;-0,5391185103271955;0,0015935936754971625;0,0013454615848249585;0,07167503307208124;0,07167503307208123;0,07167503307208124;0,9962726574712685;-0,03259444766637195;0,9946445396061773;-0,05643702559799021;7,167503307208124e-06
44;1,1107919601665062;0,5391185103274572;-1,1101572352238536;-0,5385827155652326;0,000634724942652598;0,0005357947622245396;0,0716698109967305;0,07166981099673049;0,0716698109967305;0,9946445396061773;-0,05643702559799021;0,9939960937944174;-0,06595042965508847;7,16698109967305e-06
45;0,7656365851784889;0,3704037921531472;-0,7647772854314097;-0,3698113209126092;0,0008592997470792119;0,0005924712405380173;0,04987896834239017;0,049878968342390174;0,049878968342390174;0,984488544851969;-0,13738430245598396;0,9832945371040982;-0,14811592808162788;4,987896834239018e-06
46;1,4028537652978925;0,6799676520161444;-1,4015967690630085;-0,6791009127407823;0,0012569962348840669;0,0008667392753620717;0,09114205617861905;0,09114205617861904;0,09114205617861905;0,9875415582289577;-0,25008983561758485;0,9865855666554846;-0,25861320541865196;9,114205617861905e-06
47;0,9594174904037963;0,4659777171261481;-0,9584874022124349;-0,4653364524907909;0,0009300881913614223;0,000641264635357186;0,06209353811542771;0,062093538115427706;0,06209353811542771;0,991724475909425;-0,07272597099726878;0,9906860896459763;-0,08189389942458612;6,2093538115427716e-06
48;1,401561528443793;0,6819049892257383;-1,3960563350520836;-0,6781093428927404;0,0055051933917094065;0,003795646332997893;0,08998831651466697;0,08998831651466696;0,08998831651466697;0,9999999999179808;-4,027179359329655e-20;0,9957587215801786;-0,0370864222736397;8,998831651466698e-06
49;1,0041572352235228;0,4875827155651292;-1,0033615649292666;-0,4869108918755587;0,0007956702942562011;0,0006718236895705276;0,06483741342314969;0,06483741342314966;0,06483741342314969;0,9939960937944174;-0,06595042965508847;0,9930974665776064;-0,07914340926101768;6,48374134231497e-06
50;0,764677285431132;0,3698113209126175;-0,7642408987480185;-0,3695104469204298;0,000436386683113521;0,00030087399218770017;0,04987368238533489;0,049873682385334885;0,04987368238533489;0,9832945371040982;-0,14811592808162788;0,9826881198060066;-0,15357423022824568;4,987368238533489e-06
51;1,3959563350520314;0,6781093428930263;-1,3953881714745582;-0,6777175310715365;0,0005681635774732463;0,00039181182148972926;0,08998310115391915;0,08998310115391915;0,08998310115391915;0,9957587215801786;-0,0370864222736397;0,995320973981833;-0,04093416034818747;8,998310115391916e-06
52;-0,26758898098815626;-0,12919923278902748;0,26759892084882747;0,12920608286620838;9,939860671215328e-06;6,850077180903247e-06;0,01737905698630357;0,017379056986303563;0,01737905698630357;0,9871529074658004;-0,12548714460823276;0,9871925386027177;-0,12513105183414766;1,737905698630357e-06
53;0,8244302382126237;0,3821634103583157;-0,8239558485529193;-0,3816038456142524;0,0004743896597044772;0,0005595647440632678;0,05312472176166874;0,05312472176166874;0,05312472176166874;0,9875584546987283;-0,26420077916268253;0,9868350099905521;-0,283645500394114;5,312472176166874e-06
54;-0,7264669246875701;-0,3512873741663637;0,7282408987480721;0,35251044692041933;0,0017739740605019483;0,001223072754055643;0,047534742310588206;0,04753474231058821;0,04753474231058821;0,9801015804626306;-0,1768608706288366;0,9826881198060066;-0,15357423022824568;4,753474231058821e-06
55;0,43030874717702633;0,20834142082677845;-0,430183140224319;-0,20823539687432568;0,00012560695270730227;0,00010602395245276619;0,027909816306223637;0,027909816306223644;0,027909816306223644;0,9889940663381892;-0,10687423781817103;0,9886646286585139;-0,11175234669056482;2,7909816306223643e-06
56;0,43008314022524097;0,20823539687449677;-0,4300210495197945;-0,2081829771818625;6,209070544649364e-05;5,2419692634281256e-05;0,02790456015840411;0,02790456015840411;0,02790456015840411;0,9886646286585139;-0,11175234669056482;0,9885017389887105;-0,11416552479658988;2,790456015840411e-06
57;0,40092098754215016;0,19418292486155964;-0,4007513277295217;-0,19403968681290412;0,0001696598126284532;0,00014323804865551404;0,026018462459368858;0,026018462459368858;0,026018462459368858;0,9885017389887105;-0,11416552479658988;0,9880243709157749;-0,12123751607955466;2,6018462459368855e-06
58;-1,4359944777634364;-0,6973918392335919;1,4370843630669536;0,6981433233186723;0,0010898853035172795;0,0007514840850804116;0,09297155093462477;0,09297155093462475;0,09297155093462477;0,9913479695327949;-0,07593579820935986;0,9921606612961955;-0,06876856249340275;9,297155093462478e-06
59;0,8891382388825723;0,43113420501047356;-0,8885963777029435;-0,43049508926422364;0,0005418611796287331;0,0006391157462499186;0,05778096079905232;0,05778096079905232;0,05778096079905232;0,9873660159847781;-0,2579933811941472;0,9866002683161016;-0,27764506948670636;5,778096079905231e-06
60;0,5403280617884778;0,26222619080277976;-0,5400825721994603;-0,2620569216244491;0,0002454895890174891;0,00016926917833065547;0,03488267387815104;0,03488267387815104;0,03488267387815104;0,9940606986429275;-0,05202625076690871;0,99357283897854;-0,05633083821045626;3,4882673878151037e-06
61;0,0;0,0;0,0;0,0;0,0;0,0;;;;;;;;
62;-0,0569998743314835;-0,026999981084576068;0,05700114136716508;0,027000854592921734;1,2670356815819295e-06;8,735083456661019e-07;0,0036869153688681004;0,0036869153688680995;0,0036869153688681004;0,9876606600200054;-0,29805509649040507;0,9876844467975248;-0,29783070081951674;3,6869153688681005e-07
63;0,9149497372044365;0,44474043927808116;-0,9143829853743759;-0,44434973598782534;0,0005667518300606078;0,00039070329025581163;0,05929627583951433;0,05929627583951432;0,05929627583951433;0,9905281677771643;-0,08317281890675111;0,9898655624311951;-0,08901280400930026;5,929627583951433e-06
64;1,0393680321431815;0,5057013131066256;-1,0379735688172511;-0,5045239760819281;0,0013944633259304062;0,0011773370246974668;0,06704750968936772;0,06704750968936775;0,06704750968936775;0,995320973981833;-0,04093416034818747;0,9937977376485064;-0,06320453288218375;6,704750968936776e-06
65;0,0;0,0;0,0;0,0;0,0;0,0;;;;;;;;
66;0,5800064171228307;0,28148703071192743;-0,5796479869737666;-0,28123991983480423;0,0003584301490641151;0,00024711087712320223;0,037698243505442354;0,037698243505442354;0,037698243505442354;0,9873660159847781;-0,2579933811941472;0,9867069329459441;-0,2638465488400012;3,769824350544235e-06
67;0,8013615649296384;0,38891089187569744;-0,8009855416839182;-0,3885934362215229;0,00037602324572016954;0,0003174556541745144;0,05178480742034027;0,05178480742034027;0,05178480742034027;0,9930974665776064;-0,07914340926101768;0,9925657851635639;-0,0869579058395863;5,178480742034027e-06
68;0,8008855416832134;0,38859343622136583;-0,8005683914904751;-0,38832567233812293;0,00031715019273825806;0,0002677638832428997;0,05177957410031413;0,05177957410031414;0,05177957410031414;0,9925657851635639;-0,0869579058395863;0,9921173056752272;-0,09355547989881359;5,177957410031414e-06
69;0,3280825305397788;0,1590568929066169;-0,3280175557982513;-0,15901210410033284;6,497474152750149e-05;4,478880628405735e-05;0,021186684241202673;0,021186684241202673;0,021186684241202673;0,99357283897854;-0,05633083821045626;0,9933602711583615;-0,05821028450736681;2,118668424120267e-06
70;0,782468376423808;0,3793256619687649;-0,7824504003546686;-0,3793105282695322;1,7976069139336026e-05;1,513369923267227e-05;0,05060329643004084;0,05060329643004085;0,05060329643004085;0,9921173056752272;-0,09355547989881359;0,9920913183714227;-0,09393608962081436;5,060329643004085e-06
71;-0,9738612546215278;-0,4725937782858987;0,9757448475598827;0,4738925338591964;0,0018835929383548278;0,0012987555732976719;0,06335383027430565;0,06335383027430565;0,06335383027430565;0,9864704771407936;-0,25955357132511375;0,9885315630936158;-0,24127309425268695;6,3353830274305645e-06
72;0,9229735688175944;0,448523976082078;-0,9223351048208909;-0,4479849921970853;0,000638463996703531;0,0005389838849926831;0,05961652845343114;0,05961652845343114;0,05961652845343114;0,9937977376485064;-0,06320453288218375;0,9930134879436684;-0,07469945729937442;5,961652845343114e-06
73;-0,17111584562580814;-0,08301111926965536;0,17114443639414534;0,0830308303621567;2,8590768337194428e-05;1,971109250133163e-05;0,011142555421833;0,011142555421833001;0,011142555421833001;0,9854570491305273;-0,3123492697999965;0,9856349141914923;-0,3107662978856857;1,1142555421833e-06
74;0,00010000002634853782;1,8243038163131742e-11;-9,999999990674858e-05;-1,2310681088558583e-14;2,6441789242100805e-11;1,8230727482043183e-11;5,787284778885995e-06;5,787284778885996e-06;5,787284778885996e-06;0,9976188201751577;-0,0549357270594953;0,9976185563869445;-0,054946172494162976;5,787284778885995e-10
75;0,0;0,0;0,0;0,0;0,0;0,0;;;;;;;;
76;0,0;0,0;0,0;0,0;0,0;0,0;;;;;;;;
77;0,519414469301408;0,2514386221855378;-0,5192492253535915;-0,251243682223911;0,00016524394781647356;0,0001949399616267833;0,03376980775658665;0,033769807756586646;0,03376980775658665;0,9866002683161016;-0,27764506948670636;0,9862007840697717;-0,28792180241281196;3,3769807756586654e-06
78;0,20201755579812106;0,09801210409956972;-0,2019999999994893;-0,09799999999975635;1,75557986317465e-05;1,21040998133648e-05;0,013050377981558081;0,013050377981558083;0,013050377981558083;0,9933602711583615;-0,05821028450736681;0,9932670197968821;-0,05903377139307762;1,3050377981558084e-06
79;-0,8040744924751559;-0,3907649357719911;0,8043351048203818;0,3909849921967027;0,0002606123452258968;0,00022005642471156772;0,051997384879417276;0,051997384879417276;0,051997384879417276;0,9926464206750463;-0,08008152742976575;0,9930134879436684;-0,07469945729937442;5,199738487941728e-06
80;-0,9311416749913146;-0,450787104063261;0,9315600142356779;0,45107557213994515;0,00041833924436329717;0,0002884680766841452;0,060569605026663226;0,06056960502666321;0,060569605026663226;0,9861068345840707;-0,2628952031412503;0,9865855666554846;-0,25861320541865196;6,0569605026663226e-06
81;0,43724922535379723;0,21124368222367151;-0,4371577224533156;-0,21115050637667862;9,150290048165477e-05;9,317584699289339e-05;0,028428625017446883;0,028428625017446887;0,028428625017446887;0,9862007840697717;-0,28792180241281196;0,9859511444443133;-0,29312558582923487;2,8428625017446887e-06
82;0,5804504003586443;0,2813105282715683;-0,5803345333200589;-0,2812306345455829;0,00011586703858534886;7,989372598543598e-05;0,0375374536033601;0,03753745360336009;0,0375374536033601;0,9920913183714227;-0,09393608962081436;0,9918773576193047;-0,09583411826147933;3,7537453603360107e-06
83;0,15401664813945337;0,07401405444339812;-0,15400599403580664;-0,07400506000896426;1,0654103646728919e-05;8,994434433862164e-06;0,010065928013270598;0,010065928013270596;0,010065928013270598;0,9801015804626306;-0,1768608706288366;0,9800241564539607;-0,17803190720783238;1,0065928013270598e-06
84;0,40015772245387893;0,19315050637702497;-0,4000810725604034;-0,19307245509439996;7,664989347555551e-05;7,805128262500238e-05;0,026019215766038842;0,026019215766038842;0,026019215766038842;0,9859511444443133;-0,29312558582923487;0,9857226910372507;-0,29789410746341255;2,601921576603884e-06
85;0,0;0,0;0,0;0,0;0,0;0,0;;;;;;;;
86;-0,7235750003312391;-0,3513432447089128;0,7240744924750458;0,3517649357722557;0,0004994921438067346;0,0004216910633428883;0,046820906139569046;0,046820906139569046;0,046820906139569046;0,9918652094533158;-0,09155213625525427;0,9926464206750463;-0,08008152742976575;4,682090613956905e-06
87;0,0;0,0;0,0;0,0;0,0;0,0;;;;;;;;
88;0,0;0,0;0,0;0,0;0,0;0,0;;;;;;;;
89;-0,7367289633676769;-0,3551065811772974;0,7408850405422999;0,35797203362273117;0,004156077174622963;0,0028654524454337915;0,04764062708224489;0,047640627082244875;0,04764062708224489;0,9911350692647514;-0,2620311173507294;0,9971804519180238;-0,2079484348915033;4,764062708224489e-06
90;0,4954502765479978;0,2402733197230139;-0,4953488618366901;-0,24018768694623904;0,0001014147113077013;8,56327767748688e-05;0,03243653755955639;0,03243653755955638;0,03243653755955639;0,9801015804626306;-0,1768608706288366;0,979872652537601;-0,1802743572314309;3,2436537559556387e-06
91;0,8972985327942581;0,4338952835862427;-0,8963540485327471;-0,43324407587546293;0,0009444842615109472;0,0006512077107797554;0,05812042470527375;0,05812042470527375;0,05812042470527375;0,9900903047634949;-0,08831582025657693;0,9889640557818485;-0,09839290354030947;5,812042470527375e-06
92;0,22703594984618786;0,11002478556005824;-0,22700463946687513;-0,11000319918534823;3,131037931272673e-05;2,158637471000313e-05;0,014764082599652742;0,014764082599652745;0,014764082599652745;0,9865855666554846;-0,25861320541865196;0,9864385710529552;-0,25992400010333394;1,4764082599652745e-06
93;0,32208107255917034;0,1550724550937431;-0,32204265785859665;-0,15504002419623727;3,841470057369678e-05;3,243089750581962e-05;0,020937379280137555;0,020937379280137555;0,020937379280137555;0,9857226910372507;-0,29789410746341255;0,9855884543493147;-0,2999068574520452;2,0937379280137553e-06
94;0,0;0,0;0,0;0,0;0,0;0,0;;;;;;;;
95;-0,6553180839926709;-0,3182193172629022;0,6558612546214436;0,31859377828579577;0,0005431706287727378;0,00037446102289356853;0,04267471528031732;0,04267471528031732;0,04267471528031732;0,9855881269963866;-0,2673784970189925;0,9864704771407936;-0,25955357132511375;4,267471528031732e-06
96;0,45433453331893214;0,22023063454537908;-0,4541545788678548;-0,22010657091517624;0,00017995445107732433;0,00012406363020284195;0,029388982088359324;0,029388982088359328;0,029388982088359328;0,9918773576193047;-0,09583411826147933;0,9914529305092933;-0,09959704321236332;2,938898208835933e-06
97;-0,24699948324625118;-0,11899991322331244;0,2471509160192206;0,11910431844807273;0,0001514327729694176;0,00010440522476029557;0,015845971621943004;0,015845971621942997;0,015845971621943004;0,9989459186469061;-0,19250077526660797;0,9996080989037909;-0,1865841245795335;1,5845971621943004e-06
98;-0,24725091596375126;-0,11910431828833132;0,24728122542694536;0,11912521304883221;3,0309463194100328e-05;2,0894760500891896e-05;0,015851174918053004;0,015851174918053008;0,015851174918053008;0,9996080989037909;-0,1865841245795335;0,9997405863493741;-0,18540041891047773;1,5851174918053008e-06
99;-0,25314365807973;-0,12309904613916436;0,2532722060110389;0,12318767012777919;0,00012854793130889774;8,86239886148249e-05;0,016473309334571713;0,016473309334571713;0,016473309334571713;0,9865458816674189;-0,13085769565649322;0,98708688320921;-0,1260802084348965;1,6473309334571712e-06
100;0,0;0,0;0,0;0,0;0,0;0,0;;;;;;;;
101;-0,24804918954025318;-0,12003391454000513;0,2481436580798753;0,12009904613935943;9,446853962211121e-05;6,513159935429835e-05;0,01613341047139454;0,01613341047139454;0,01613341047139454;0,9861400446312844;-0,13449028865991494;0,9865458816674189;-0,13085769565649322;1,6133410471394538e-06
102;0,0;0,0;0,0;0,0;0,0;0,0;;;;;;;;
103;0,18124954768635046;0,08703415965858326;-0,18124279083425135;-0,08702950174351919;6,756852099110144e-06;4,657915064071316e-06;0,011701152186617514;0,011701152186617516;0,011701152186617516;0,9920715048121511;-0,07070471898727838;0,9920315024490686;-0,07106779758722788;1,1701152186617514e-06
104;-0,7286681535492718;-0,3524606724959446;0,7291416749910619;0,3527871040626843;0,00047352144179002575;0,0003264315667397266;0,047424473199602475;0,04742447319960248;0,04742447319960248;0,9854148361991752;-0,26909650409944474;0,9861068345840707;-0,2628952031412503;4,742447319960248e-06
105;0,3731545788683037;0,18110657091529409;-0,3730330253867519;-0,18102276989734303;0,0001215534815517949;8,380101795105177e-05;0,02415388247561179;0,02415388247561179;0,02415388247561179;0,9914529305092933;-0,09959704321236332;0,9911040806070417;-0,10268085299107241;2,415388247561179e-06
106;0,06400302480084462;0,031002154813764053;-0,06399986546249568;-0,030999976731130193;3,1593383489347815e-06;2,1780826338600734e-06;0,004116724629662071;0,004116724629662071;0,004116724629662071;0,9973702118117332;-0,20643873655282974;0,9973170191570071;-0,20690842736914197;4,116724629662071e-07
107;0,26748898098862145;0,12919923278861184;-0,2674724276119588;-0,1291878229119187;1,6553376662675756e-05;1,140987669315252e-05;0,01737379031083173;0,017373790310831732;0,017373790310831732;0,9871529074658004;-0,12548714460823276;0,98708688320921;-0,1260802084348965;1,7373790310831733e-06
108;0,2000426578590062;0,09604002419683291;-0,20001037256808968;-0,09600715088680094;3,228529091653387e-05;3,287331003197502e-05;0,012998884959389726;0,012998884959389726;0,012998884959389726;0,9855884543493147;-0,2999068574520452;0,9853959939935572;-0,3039515507840264;1,2998884959389726e-06
109;0,0;0,0;0,0;0,0;0,0;0,0;;;;;;;;
110;0,5777955867600558;0,2811941396114274;-0,5768357742332838;-0,2805323810430374;0,0009598125267720192;0,000661758568390014;0,03757448563122983;0,03757448563122983;0,03757448563122983;0,9873660159847781;-0,2579933811941472;0,9855949968819016;-0,27362722462842765;3,757448563122983e-06
111;-1,2329497372049905;-0,5987404392784551;1,233894477754927;0,5993918392279655;0,0009447405499365402;0,0006513999495103562;0,07989067274419212;0,07989067274419215;0,07989067274419215;0,9905281677771643;-0,08317281890675111;0,9913479695327949;-0,07593579820935986;7,989067274419214e-06
112;0,1132427908336844;0,054029501743289084;-0,11322700334917303;-0,054018617353318935;1,5787484511364802e-05;1,0884389970149122e-05;0,007302293204079187;0,007302293204079188;0,007302293204079188;0,9920315024490686;-0,07106779758722788;0,9918817887587432;-0,07244948825653637;7,302293204079189e-07
113;0,11312700334915554;0,054018617353208176;-0,11310189695305167;-0,054001307885232;2,510639610386889e-05;1,7309467976178716e-05;0,007297040123357436;0,007297040123357434;0,007297040123357436;0,9918817887587432;-0,07244948825653637;0,9916435188703907;-0,07464460062447852;7,297040123357436e-07
114;0,5145395878398582;0,249303065820059;-0,5142094380828008;-0,24907545016021326;0,00033014975705736305;0,00022761565984574794;0,03339321926844865;0,03339321926844864;0,03339321926844865;0,9885315630936158;-0,24127309425268695;0,9878462846396454;-0,2473784071837119;3,339321926844865e-06
115;0,3737582295611407;0,18038685261420362;-0,3737020025170709;-0,180339375499183;5,622704406976764e-05;4,747711502062213e-05;0,024152196655311816;0,024152196655311816;0,024152196655311816;0,9920715048121511;-0,07070471898727838;0,9919011274628096;-0,0732341579425129;2,415219665531182e-06
116;0,3736020025160275;0,18033937549825238;-0,37352279755131335;-0,18027252007088113;7,920496471414129e-05;6,685542737125405e-05;0,024146954621783158;0,024146954621783158;0,024146954621783158;0,9919011274628096;-0,0732341579425129;0,9916610926551649;-0,07679511550287696;2,414695462178316e-06
117;0,37342279755171015;0,18027252007124484;-0,373305335559346;-0,18017334704047827;0,0001174619923641762;9,917303076656392e-05;0,024141711427428724;0,024141711427428728;0,024141711427428728;0,9916610926551649;-0,07679511550287696;0,9913050115027089;-0,08208141002910588;2,4141711427428727e-06
118;-0,12600053649292856;-0,061000369894721414;0,1260491895399613;0,06103391454000802;4,865304703274842e-05;3,3544645286605335e-05;0,008199336995007554;0,008199336995007554;0,008199336995007554;0,9857287662685971;-0,1381690445438624;0,9861400446312844;-0,13449028865991494;8,199336995007554e-07
119;0,12801180958002165;0,06200828110130259;-0,12800289028875275;-0,06200213154890924;8,919291268894014e-06;6,149552393350244e-06;0,00823322970378025;0,008233229703780251;0,008233229703780251;0,997445300858914;-0,20577560288235988;0,9973702118117332;-0,20643873655282974;8,233229703780251e-07
120;-1,2204252660113841;-0,5887808528054492;1,2211973796867666;0,5893132309713446;0,0007721136753824354;0,000532378165895353;0,07825287454877429;0,07825287454877429;0,07825287454877429;0,9997405863493741;-0,18540041891047773;1,000424342795424;-0,17931577061732365;7,825287454877429e-06
121;0,13502086943601163;0,06501453637681419;-0,13501179426821477;-0,06500828013082242;9,07516779685702e-06;6,256245991764775e-06;0,008673605552628586;0,008673605552628586;0,008673605552628586;0,9975177946604966;-0,20512572555541925;0,997445300858914;-0,20577560288235988;8,673605552628586e-07
122;0,5515717081218295;0,26734097491709186;-0,5512018090101178;-0,26708594845952305;0,0003698991117117023;0,0002550264575688077;0,03567868049455496;0,03567868049455496;0,03567868049455496;0,9918652094533158;-0,09155213625525427;0,9911465870373286;-0,09792775132945977;3,567868049455496e-06
123;0,13513862554064016;0,06502677935226467;-0,1351208691490893;-0,06501453652591924;1,7756391550854955e-05;1,2242826345432167e-05;0,008678820716868879;0,00867882071686888;0,00867882071686888;0,9976595496261291;-0,20385220488641967;0,9975177946604966;-0,20512572555541925;8,67882071686888e-07
124;0,08310189695305903;0,0400013078854157;-0,08310000000962074;-0,04000000000649247;1,8969434382870576e-06;1,3078789232318089e-06;0,005369665687464344;0,005369665687464343;0,005369665687464344;0,9916435188703907;-0,07464460062447852;0,9916190418925473;-0,0748655908059727;5,369665687464344e-07
125;-0,27100602468282325;-0,1310041529364389;0,27109126279986445;0,13106292022336785;8,523811704119755e-05;5,876728692894018e-05;0,017598551702441425;0,01759855170244142;0,017598551702441425;0,9875106098675808;-0,2503872517009436;0,9878462846396454;-0,2473784071837119;1,7598551702441425e-06
126;0,37238676759980543;0,17912919058448382;-0,3722359675163479;-0,17902522488817937;0,00015080008345752516;0,00010396569630444219;0,024139898331723777;0,024139898331723777;0,024139898331723777;0,9883162942697564;-0,2920703545708371;0,9878834908616052;-0,2959987649426836;2,413989833172378e-06
127;1,0423801484590571;0,504573206061486;-1,0411970289263717;-0,5037574847968163;0,0011831195326854616;0,0008157212646697776;0,06705086321337875;0,06705086321337875;0,06705086321337875;0,9971804519180238;-0,2079484348915033;0,9959574797076433;-0,21878395294869615;6,705086321337875e-06
128;0,24241086296076803;0,11714538401124443;-0,24234625780011426;-0,11710084091826292;6,460516065376343e-05;4,4543092981505494e-05;0,015668364512712588;0,015668364512712588;0,015668364512712588;0,9920715048121511;-0,07070471898727838;0,9917857478291757;-0,07325820196421823;1,5668364512712589e-06
129;0,24224625779991665;0,11710084091836011;-0,24216017520638589;-0,11704148985524176;8,608259353076742e-05;5,935106311834304e-05;0,015663123216497293;0,01566312321649729;0,015663123216497293;0,9917857478291757;-0,07325820196421823;0,9914048595087163;-0,07666043631466014;1,5663123216497292e-06
130;0,07700433278302278;0,03700307533528721;-0,07699983197719545;-0,03699997230915058;4,500805827326038e-06;3,103026136631881e-06;0,0049875796806980646;0,0049875796806980646;0,0049875796806980646;0,988958526765979;-0,2810955106991721;0,9888960093377657;-0,2816639032046717;4,987579680698064e-07
131;0,5027356749197764;0,2445322971983376;-0,5026229044103152;-0,24443709379248993;0,00011277050946123524;9,520340584767695e-05;0,03274862971310455;0,03274862971310455;0,03274862971310455;0,9855949968819016;-0,27362722462842765;0,9853428000720287;-0,2773470983365338;3,2748629713104547e-06
132;0,5025229044105716;0,24443709379247514;-0,5022504446089717;-0,2442070902461122;0,00027245980159984473;0,00023000354636293352;0,03274336051014695;0,03274336051014695;0,03274336051014695;0,9853428000720287;-0,2773470983365338;0,9847333957441606;-0,2863398414935189;3,2743360510146953e-06
133;-0,6022295684129675;-0,2911582827443333;0,6026681535492079;0,29146067249626934;0,0004385851362403992;0,00030238975193602746;0,039222562402061685;0,039222562402061685;0,039222562402061685;0,9846398596221835;-0,2760581912261734;0,9854148361991752;-0,26909650409944474;3,922256240206168e-06
134;0,0;0,0;0,0;0,0;0,0;0,0;;;;;;;;
135;0,0;0,0;0,0;0,0;0,0;0,0;;;;;;;;
136;0,2963053355593847;0,1431733470403842;-0,2961894454904917;-0,1430755083154287;0,00011589006889300979;9,783872495550128e-05;0,01916625201945127;0,019166252019451265;0,01916625201945127;0,9913050115027089;-0,08208141002910588;0,9908624660288877;-0,08864361492750285;1,916625201945127e-06
137;0,6134226080968059;0,2971876848364695;-0,6132935400454603;-0,2970987124396636;0,0001290680513456044;8,897239680588642e-05;0,03935343340459474;0,03935343340459474;0,03935343340459474;0,9999999999179808;-4,027179359329655e-20;0,9997726802853384;-0,0020007473370934766;3,935343340459474e-06
138;0,6131935400449804;0,29709871244010283;-0,6127096859040906;-0,29676511923285787;0,0004838541408898056;0,00033359320724496433;0,03934823637431405;0,03934823637431404;0,03934823637431405;0,9997726802853384;-0,0020007473370934766;0,9989203551087298;-0,009511029742755236;3,934823637431405e-06
139;-0,04399999999979166;-0,021000000000276586;0,04400053649323213;0,021000369894522822;5,364934404714083e-07;3,698942462361521e-07;0,00285563216434059;0,00285563216434059;0,00285563216434059;0,9857157560249452;-0,1382897807190458;0,9857287662685971;-0,1381690445438624;2,85563216434059e-07
140;-2,534208671737855;-1,2488093488393592;2,5377169407419533;1,2512281827354808;0,0035082690040981745;0,0024188338961215194;0,16328695946122485;0,16328695946122487;0,16328695946122487;0,9989335852470244;-0,19184965099911166;1,000424342795424;-0,17931577061732365;1,6328695946122488e-05
141;0,06320324903782665;0,03100224006709177;-0,06320278503167381;-0,031001920237905458;4,6400615283381796e-07;3,198291863119873e-07;0,004113657638859774;0,004113657638859774;0,004113657638859774;0,9880243709157749;-0,12123751607955466;0,9880165473057118;-0,12130490806938174;4,1136576388597734e-07
142;0,06310278503105059;0,031001920237154718;-0,06310019392811128;-0,03100013375852078;2,591102939306089e-06;1,7864786339381877e-06;0,00410841208124643;0,004108412081246429;0,00410841208124643;0,9880165473057118;-0,12130490806938174;0,9879727958607548;-0,12168050685451082;4,10841208124643e-07
143;0,00010000000981558556;6,6979925827510334e-12;-0,00010000000015127006;-3,477096693443086e-14;9,664315504006975e-12;6,6632216158166026e-12;5,8222997085457225e-06;5,8222997085457225e-06;5,8222997085457225e-06;0,9916190418925473;-0,0748655908059727;0,991618946059362;-0,0748694085503615;5,822299708545722e-10
144;0,0;0,0;0,0;0,0;0,0;0,0;;;;;;;;
145;-0,9979581093631396;-0,4822132287979652;1,0053913367844158;0,4873381899748781;0,007433227421276278;0,005124961176912912;0,0646884708172416;0,0646884708172416;0,0646884708172416;0,9892162173002682;-0,2787432425599137;0,9971804519180238;-0,2079484348915033;6,4688470817241605e-06
146;0,14803982691526685;0,07102762916092592;-0,14800417772625823;-0,07100305025875837;3,5649189008613025e-05;2,4578902167546324e-05;0,009583272631402434;0,00958327263140243;0,009583272631402434;0,9892162173002682;-0,2787432425599137;0,988958526765979;-0,2810955106991721;9,583272631402434e-07
147;-0,22114432607625362;-0,10703081182739807;0,22138504667356587;0,10719678061131789;0,00024072059731225504;0,0001659687839198204;0,014391278427527843;0,014391278427527845;0,014391278427527845;0,9856349141914923;-0,3107662978856857;0,9867942644579148;-0,3003953356948087;1,4391278427527845e-06
148;-0,27138493680014625;-0,1311967622468041;0,2714047186412479;0,13121040425231856;1,9781841101629283e-05;1,3642005514458155e-05;0,017636191126405475;0,01763619112640548;0,01763619112640548;0,9867942644579148;-0,3003953356948087;0,9868720057341442;-0,29969739088384334;1,7636191126405477e-06
149;0,1651601752066102;0,08004148985531143;-0,16511821364488222;-0,0800125581741527;4,1961561727976715e-05;2,8931681158722578e-05;0,010688174455931992;0,010688174455931995;0,010688174455931995;0,9914048595087163;-0,07666043631466014;0,9911327282311089;-0,0790759343548098;1,0688174455931995e-06
150;0,29753524763474903;0,14416219075916906;-0,2974367599331995;-0,14409428678983807;9,848770154952113e-05;6,790396933098464e-05;0,019345549149253145;0,019345549149253145;0,019345549149253145;0,9867069329459441;-0,2638465488400012;0,9863540563919895;-0,26699557448322875;1,9345549149253147e-06
151;0,16501821364446556;0,08001255817396953;-0,16500132085458682;-0,0800009105713819;1,6892789878736325e-05;1,1647602587636086e-05;0,010682932642741401;0,0106829326427414;0,010682932642741401;0,9911327282311089;-0,0790759343548098;0,9910231161534286;-0,08004780417688895;1,06829326427414e-06
152;-0,5496508798189206;-0,26524191150006876;0,5499484345759018;0,2654470652720452;0,0002975547569812331;0,0002051537719764407;0,035609339289930986;0,035609339289930986;0,035609339289930986;0,9895112452305822;-0,09351811550193234;0,9900903047634949;-0,08831582025657693;3,560933928993098e-06
153;0,00010000000833150174;5,863482858162145e-12;-9,999999985241243e-05;-1,6747301547793827e-14;8,479089311100654e-12;5,8467355566143515e-12;5,8238916610044575e-06;5,823891661004459e-06;5,823891661004459e-06;0,9913479695327949;-0,07593579820935986;0,9913478854755201;-0,07593914814179319;5,823891661004459e-10
154;0,23011273933921517;0,11207772907554289;-0,23002419864283302;-0,11201668323289368;8,854069638214446e-05;6,104584264920998e-05;0,014976691994259135;0,014976691994259139;0,014976691994259139;0,9867069329459441;-0,2638465488400012;0,9862970267063308;-0,2674547508910123;1,4976691994259138e-06
155;0,0;0,0;0,0;0,0;0,0;0,0;;;;;;;;
156;0,2512211498433139;0,12108380092965369;-0,25113838183225734;-0,12102673785184231;8,27680110565554e-05;5,7063077811378426e-05;0,016133095311458616;0,016133095311458616;0,016133095311458616;0,998015036182085;-0,2006732449362385;0,9976595496261291;-0,20385220488641967;1,6133095311458616e-06
157;0,01800005306857634;0,009000036596143417;-0,01799999999988843;-0,00899999999990985;5,306868790938557e-08;3,659623356785935e-08;0,0011760432008736787;0,0011760432008736787;0,0011760432008736787;0,9879727958607548;-0,12168050685451082;0,9879696621611928;-0,12170612916474607;1,1760432008736787e-07
158;0,5595051649457035;0,2707620022389411;-0,5592320385072266;-0,27057367122153947;0,00027312643847687834;0,00018833101740162173;0,03592555745517307;0,035925557455173056;0,03592555745517307;0,9989203551087298;-0,009511029742755236;0,9983934159216316;-0,01417297092201885;3,5925557455173067e-06
159;0,2020456016770865;0,09803144082790706;-0,2019999999999147;-0,09799999999987072;4,5601677171797084e-05;3,144082803634152e-05;0,013163775559195167;0,013163775559195168;0,013163775559195168;0,984950791392252;-0,27303586300559085;0,9847106543787466;-0,27517459328625776;1,3163775559195167e-06
160;0,17103302538662843;0,08302276989724558;-0,17100074719185257;-0,08300051516377495;3,2278194775858804e-05;2,2254733470630783e-05;0,01107502410376587;0,011075024103765874;0,011075024103765874;0,9911040806070417;-0,10268085299107241;0,9909020414187361;-0,10446685265947912;1,1075024103765873e-06
161;0,2704367599329218;0,13109428678967058;-0,270351924390205;-0,13103579872673385;8,483554271682126e-05;5,8488062936734586e-05;0,017591493696069837;0,01759149369606984;0,01759149369606984;0,9863540563919895;-0,26699557448322875;0,9860197817018287;-0,26997541687199333;1,7591493696069843e-06
162;0,0;0,0;0,0;0,0;0,0;0,0;;;;;;;;
163;0,22518944549058023;0,10907550831542974;-0,22510469172182807;-0,1090039608558406;8,4753768752166e-05;7,154745958913578e-05;0,014579413487872579;0,014579413487872573;0,014579413487872579;0,9908624660288877;-0,08864361492750285;0,9904369013130869;-0,0949308403041124;1,4579413487872577e-06
164;-0,14499999999987578;-0,07000000000014843;0,14500602468199314;0,07000415293636526;6,024682117355962e-06;4,152936216833547e-06;0,009414049734955398;0,009414049734955398;0,009414049734955398;0,9874662630121394;-0,2507860345248394;0,9875106098675808;-0,2503872517009436;9,414049734955397e-07
165;-0,0009999999999984123;1,0198620328855455e-13;0,0010000004516956505;3,1132812034933357e-10;4,516972382066775e-10;3,1143010655262213e-10;5,8590712109190286e-05;5,859071210919031e-05;5,859071210919031e-05;0,9853955488930616;-0,3039693944066879;0,9853959939935572;-0,3039515507840264;5,859071210919031e-09
166;0,0;0,0;0,0;0,0;0,0;0,0;;;;;;;;
167;0,8849182840844312;0,42811669302444094;-0,8847762015402182;-0,42801873187220657;0,00014208254421299582;9,796115223437152e-05;0,05691621994130085;0,05691621994130085;0,05691621994130085;0,9971804519180238;-0,2079484348915033;0,9970074352294501;-0,20948192403532656;5,691621994130085e-06
168;-0,2021059976379069;-0,09800506307333615;0,20212025858337038;0,0980171039364788;1,4260945463473451e-05;1,2040863142659397e-05;0,013088263758404953;0,01308826375840495;0,013088263758404953;0,9908223210068766;-0,10270221255298466;0,9909021004041146;-0,1015259002232556;1,3088263758404953e-06
169;-0,202000000000104;-0,0979999999992527;0,20200599763702384;0,09800506307288535;5,997636919830018e-06;5,063073632655124e-06;0,013083020951213933;0,013083020951213935;0,013083020951213935;0,9907887553892157;-0,10319660315845168;0,9908223210068766;-0,10270221255298466;1,3083020951213935e-06
170;0,5452111469821052;0,26414555360499464;-0,5450026496508531;-0,2640018270429545;0,0002084973312520555;0,00014372656204014733;0,03536783732149076;0,03536783732149076;0,03536783732149076;0,9889640557818485;-0,09839290354030947;0,9885554614670266;-0,1020297842892953;3,536783732149076e-06
171;-0,3234046044335864;-0,1562103851243206;0,32344575569193;0,1562387552547911;4,1151258343641306e-05;2,837013047052306e-05;0,021011657158536888;0,021011657158536888;0,021011657158536888;0,9868720057341442;-0,29969739088384334;0,9870077298149661;-0,2984774949884662;2,1011657158536886e-06
172;-0,377120258582716;-0,1830171039357459;0,37720180901045797;0,18308594845967027;8,155042774199428e-05;6,884452392436069e-05;0,024423785660511548;0,024423785660511548;0,024423785660511548;0,9909021004041146;-0,1015259002232556;0,9911465870373286;-0,09792775132945977;2,442378566051155e-06
173;0,3482504446090447;0,1692070902458613;-0,3481104600863385;-0,16908890342354344;0,00013998452270619355;0,00011818682231787281;0,02270048602819577;0,02270048602819577;0,02270048602819577;0,9847333957441606;-0,2863398414935189;0,9842818085322228;-0,2930208422348751;2,2700486028195774e-06
174;1,265422512845658;0,629438236725844;-1,260981182458752;-0,6263761592766199;0,004441330386905973;0,0030620774492240432;0,08285546938697388;0,08285546938697388;0,08285546938697388;0,9848274183366891;-0,31078439191362256;0,9811063701224284;-0,3418597658520988;8,285546938697389e-06
175;0,1220089415545628;0,05900754886063193;-0,12200000000018033;-0,05900000000021403;8,941554382468908e-06;7,548860417899705e-06;0,007985489256842046;0,007985489256842044;0,007985489256842046;0,979872652537601;-0,1802743572314309;0,9797906917464623;-0,18150162676361659;7,985489256842046e-07
176;0,05200088353736256;0,02500066888856888;-0,051999886076054005;-0,024999981172427282;9,974613085564354e-07;6,877161415966282e-07;0,0033720865869421137;0,0033720865869421145;0,0033720865869421145;0,9878834908616052;-0,2959987649426836;0,9878629973639179;-0,2961850659667444;3,3720865869421146e-07
177;0,4911279113573949;0,23757082578078748;-0,49091073578043143;-0,23742107526264197;0,00021717557696349088;0,00014975051814550278;0,031549179631656855;0,03154917963165686;0,03154917963165686;0,9983934159216316;-0,01417297092201885;0,997916313028917;-0,01840067950820331;3,154917963165686e-06
178;0,32829891149965634;0,15813749959045387;-0,3282209880947717;-0,15808377401444587;7,79234048846611e-05;5,372557600799577e-05;0,02107510034528721;0,021075100345287215;0,021075100345287215;0,9982712285247575;-0,19837912928980958;0,998015036182085;-0,2006732449362385;2,1075100345287213e-06
179;0,1440241986431678;0,07001668323300876;-0,1440001082667107;-0,07000007463466344;2,409037645709211e-05;1,6608598345319026e-05;0,009374229660153659;0,009374229660153657;0,009374229660153659;0,9862970267063308;-0,2674547508910123;0,9861188659186264;-0,26903081675890145;9,374229660153658e-07
180;0,47581057286254147;0,23042096294558506;-0,4756115583390401;-0,23028374929371676;0,00019901452350135074;0,00013721365186830647;0,03058637547033319;0,030586375470333188;0,03058637547033319;0,997916313028917;-0,01840067950820331;0,9974653256340186;-0,022385780795375204;3,0586375470333195e-06
181;0,34437928680935487;0,1661929261650428;-0,3442988786173213;-0,16613749246708787;8,040819203358751e-05;5,5433697954937466e-05;0,022109575194905452;0,02210957519490545;0,022109575194905452;0,9985232440142167;-0,19613443690479407;0,9982712285247575;-0,19837912928980958;2,210957519490545e-06
182;0,0;0,0;0,0;0,0;0,0;0,0;;;;;;;;
183;0,0510013208549142;0,025000910572159238;-0,05099999999994946;-0,025000000000171618;1,320854964736995e-06;9,105719876202623e-07;0,003309023889423374;0,0033090238894233734;0,003309023889423374;0,9910231161534286;-0,08004780417688895;0,9909954297406853;-0,08028610599807655;3,309023889423374e-07
184;0,0;0,0;0,0;0,0;0,0;0,0;;;;;;;;
185;-0,05710114107535439;-0,027000854754479074;0,05710248658665743;0,027001782298441163;1,3455113030413912e-06;9,275439620884396e-07;0,003692198987600931;0,003692198987600932;0,003692198987600932;0,9876844467975248;-0,29783070081951674;0,9877096674819564;-0,2975918224696828;3,692198987600932e-07
186;-0,02799999999989788;-0,014000000000024184;0,02800068912285092;0,014000475194981463;6,891229530382736e-07;4,7519495727926797e-07;0,0018284275485768947;0,001828427548576895;0,001828427548576895;0,9884954039509042;-0,10148956552516056;0,9885215770688595;-0,10127572126981992;1,828427548576895e-07
187;0,483739618874648;0,23444128549606644;-0,4831624511340245;-0,23404335795405914;0,0005771677406234965;0,0003979275420072925;0,03151397361666794;0,03151397361666794;0,03151397361666794;0,9848274183366891;-0,31078439191362256;0,9835579561611483;-0,3221368398573286;3,1513973616667937e-06
188;0,07700599403603856;0,037005060009108755;-0,07700000000000848;-0,03699999999999397;5,994036030076977e-06;5,06000911478649e-06;0,005033187702229042;0,005033187702229042;0,005033187702229042;0,9800241564539607;-0,17803190720783238;0,9799370439660127;-0,17934949384183874;5,033187702229043e-07
189;0,49522956841280247;0,23915828274389317;-0,4951315197393037;-0,2390906812563107;9,8048673498774e-05;6,760148758247486e-05;0,03224690538604898;0,032246905386048984;0,032246905386048984;0,9846398596221835;-0,2760581912261734;0,9844291473317357;-0,2779585058570423;3,224690538604898e-06
190;-0,4184455475610786;-0,20223871904541668;0,4186035681673278;0,20234767277898044;0,00015802060624919845;0,00010895373356376026;0,027185846165678325;0,02718584616567833;0,02718584616567833;0,9870077298149661;-0,2984774949884662;0,9874105718353513;-0,29486257274163086;2,718584616567833e-06
191;0,0;0,0;0,0;0,0;0,0;0,0;;;;;;;;
192;0,0;0,0;0,0;0,0;0,0;0,0;;;;;;;;
193;0,00010000000448999345;3,65888071565882e-12;-0,00010000000060389846;-3,776532955475602e-13;3,8860949912655415e-12;3,28122742011126e-12;5,840846327862754e-06;5,840846327862751e-06;5,840846327862754e-06;0,9884702707524853;-0,10933620553709014;0,9884702323395929;-0,10933808554182523;5,840846327862754e-10
194;0,27611046008645307;0,1340889034237263;-0,27602807962745757;-0,13401935996223696;8,238045899550128e-05;6,954346148935198e-05;0,018004627285477172;0,01800462728547717;0,018004627285477172;0,9842818085322228;-0,2930208422348751;0,9839467657507313;-0,297982031645396;1,8004627285477174e-06
195;0,419509357488412;0,2032822318133941;-0,4193792242832093;-0,20319250586391907;0,00013013320520272043;8,972594947503909e-05;0,026982562179270073;0,026982562179270066;0,026982562179270073;0,9974653256340186;-0,022385780795375204;0,9971310276001453;-0,02533632931041491;2,6982562179270072e-06
196;-2,337466816705552;-1,1529165158332773;2,340211035879749;1,1548083277086503;0,0027442191741968713;0,0018918118753730173;0,15082791701279544;0,1508279170127954;0,15082791701279544;0,9976711442871943;-0,20244855022931876;0,9989335852470244;-0,19184965099911166;1,5082791701279544e-05
197;0,0;0,0;0,0;0,0;0,0;0,0;;;;;;;;
198;-0,8124541300044511;-0,39331311371566424;0,8130237681990435;0,39370586073214764;0,0005696381945924367;0,0003927470164833968;0,05285040785497346;0,05285040785497346;0,05285040785497346;0,9860759991563159;-0,12313313987833704;0,9868230600166623;-0,1164547146123843;5,285040785497347e-06
199;0,12201318560844222;0,059009149820412506;-0,12199988523004164;-0,058999980315476284;1,3300378400582513e-05;9,169504936221151e-06;0,007989787818589843;0,007989787818589843;0,007989787818589843;0,9793781196959052;-0,3574308119331724;0,9792627489544776;-0,35847258022959017;7,989787818589843e-07
200;0,40727907342118597;0,19719240183698966;-0,40713831269958023;-0,1970953624046259;0,00014076072160573716;9,703943236374912e-05;0,02620057698991952;0,026200576989919518;0,02620057698991952;0,9971310276001453;-0,02533632931041491;0,9967586686480321;-0,028629666418897606;2,620057698991952e-06
201;-0,7443291850868271;-0,3432269824925145;0,7448595540482399;0,3435926302965526;0,000530368961412786;0,00036564780403813835;0,04799112598786849;0,04799112598786849;0,04799112598786849;0,986071382166527;-0,2913257223556682;0,9868350099905521;-0,283645500394114;4,799112598786849e-06
202;0,0;0,0;0,0;0,0;0,0;0,0;;;;;;;;
203;0,0;0,0;0,0;0,0;0,0;0,0;;;;;;;;
204;0,04110109306837709;0,02000092286448529;-0,041100000004059715;-0,020000000003453644;1,093064317371495e-06;9,228610316457109e-07;0,002669726723048482;0,0026697267230484816;0,002669726723048482;0,9885002588561016;-0,10889555191118155;0,9884702707524853;-0,10933620553709014;2,6697267230484824e-07
205;0,04120256803516521;0,020001939949438153;-0,0412010930684748;-0,020000922864271634;1,4749666904095848e-06;1,0170851665186609e-06;0,0026749797868988842;0,002674979786898885;0,002674979786898885;0,9885384841626174;-0,10855673649917154;0,9885002588561016;-0,10889555191118155;2,6749797868988854e-07
206;0,10335192439034592;0,050035798726840795;-0,10333953166950843;-0,050027254828692816;1,2392720837486881e-05;8,543898147979345e-06;0,006723526627202375;0,006723526627202374;0,006723526627202375;0,9860197817018287;-0,26997541687199333;0,9858920303618619;-0,2711181979684303;6,723526627202374e-07
207;0,10323953166952868;0,050027254828638956;-0,10322418894061296;-0,05001667699806007;1,534272891572097e-05;1,0577830578888114e-05;0,006718256155761157;0,006718256155761157;0,006718256155761157;0,9858920303618619;-0,2711181979684303;0,9857337354324788;-0,2725310874266575;6,718256155761157e-07
208;0,10312418894039203;0,050016676998226525;-0,10311529462365436;-0,05001054466493546;8,894316737673158e-06;6,132333291067327e-06;0,006712985745849987;0,006712985745849986;0,006712985745849987;0,9857337354324788;-0,2725310874266575;0,9856418923045454;-0,2733490937284761;6,712985745849987e-07
209;-0,44330427869929256;-0,2140718967314011;0,4435488380937649;0,21424050369461817;0,0002445593944723212;0,00016860696321707724;0,02874054328339083;0,028740543283390825;0,02874054328339083;0,988921556716995;-0,09880865916118232;0,9895112452305822;-0,09351811550193234;2,874054328339083e-06
210;0,0;0,0;0,0;0,0;0,0;0,0;;;;;;;;
211;0,0;0,0;0,0;0,0;0,0;0,0;;;;;;;;
212;-0,05599994716931593;-0,026999991104371426;0,05600333832731546;0,027002329055098816;3,391157999528549e-06;2,3379507273907363e-06;0,0036668476078364825;0,0036668476078364834;0,0036668476078364834;0,9788607192792806;-0,36213655614845414;0,9789248023494104;-0,3615530528214861;3,666847607836483e-07
213;0,0;0,0;0,0;0,0;0,0;0,0;;;;;;;;
214;0,0;0,0;0,0;0,0;0,0;0,0;;;;;;;;
215;0,016000108266354816;0,008000074634744945;-0,015999999999962905;-0,008000000000040735;1,0826639191066634e-07;7,46347042102774e-08;0,001047341362786343;0,001047341362786343;0,001047341362786343;0,9861188659186264;-0,26903081675890145;0,9861116878265317;-0,2690895488262142;1,0473413627863431e-07
216;0,4635150315815795;0,2242866439187319;-0,4633790386344085;-0,22419288133956064;0,00013599294717098198;9,376257917126374e-05;0,029763901388774133;0,02976390138877414;0,02976390138877414;0,998839919160681;-0,19333327734258915;0,9985232440142167;-0,19613443690479407;2,976390138877414e-06
217;-0,11300000000001117;-0,05400000000007209;0,1130299013468626;0,054020615711557085;2,990134685142143e-05;2,0615711484997523e-05;0,007305184494351637;0,00730518449435164;0,00730518449435164;0,989806828322109;-0,09092654247359437;0,9900903047634949;-0,08831582025657693;7,30518449435164e-07
218;-0,692100531468607;-0,31813505087856675;0,6922314460518467;0,31822531209601257;0,0001309145832397718;9,02612174458195e-05;0,04460813542573025;0,04460813542573025;0,04460813542573025;0,98586863680627;-0,2933813955288758;0,986071382166527;-0,2913257223556682;4,460813542573025e-06
219;-0,6913928835651181;-0,31771203359376976;0,692003675859852;0,3181331544098379;0,0006107922947339306;0,00042112081606815455;0,04460293538115809;0,04460293538115808;0,04460293538115809;0,9849226104799719;-0,302981808003359;0,98586863680627;-0,2933813955288758;4,460293538115808e-06
220;-0,691021783118929;-0,3175897576961187;0,6911962128569402;0,31771002115433705;0,00017442973801118367;0,00012026345821836149;0,04459241085052117;0,04459241085052119;0,04459241085052119;0,9846523811260718;-0,3057258634716523;0,9849226104799719;-0,302981808003359;4,459241085052118e-06
221;-0,6893162952704293;-0,3164729528560358;0,6909294060310789;0,3175851386609159;0,0016131107606496276;0,0011121858048800948;0,04458737617597043;0,04458737617597042;0,04458737617597043;0,9821531293947354;-0,331170485272184;0,9846523811260718;-0,3057258634716523;4,458737617597043e-06
222;-0,6890929589110839;-0,3163782714137553;0,689223722011887;0,31646842818913806;0,0001307631008030663;9,01567753827659e-05;0,04458231971917898;0,04458231971917898;0,04458231971917898;0,9819505172414574;-0,3332384666563051;0,9821531293947354;-0,331170485272184;4,458231971917898e-06
223;-0,688451103274712;-0,31600093867759904;0,6889958514577198;0,3163765037413929;0,0005447481830077594;0,0003755650637938812;0,04457708760843948;0,044577087608439474;0,04457708760843948;0,9811063701224284;-0,3418597658520988;0,9819505172414574;-0,3332384666563051;4,457708760843948e-06
224;0,0;0,0;0,0;0,0;0,0;0,0;;;;;;;;
225;0,451725509536905;0,21843174639767346;-0,45140148584711287;-0,21820835165492616;0,00032402368979211893;0,00022339474274729598;0,02905638319173176;0,02905638319173176;0,02905638319173176;0,9970074352294501;-0,20948192403532656;0,9962345802927787;-0,21634540597972185;2,905638319173176e-06
226;0,0;0,0;0,0;0,0;0,0;0,0;;;;;;;;
227;0,0;0,0;0,0;0,0;0,0;0,0;;;;;;;;
228;0,0;0,0;0,0;0,0;0,0;0,0;;;;;;;;
229;0,5216089659702604;0,253420415606303;-0,5213735072888376;-0,2532580864246396;0,00023545868142282877;0,00016232918166342314;0,03361712750858843;0,03361712750858844;0,03361712750858844;0,9959574797076433;-0,21878395294869615;0,9954719244615338;-0,22304572940295128;3,3617127508588438e-06
230;-0,31824475898205784;-0,15409980542608237;0,31833992028238445;0,1541801380861554;9,516130032660719e-05;8,03326600730403e-05;0,020841016921853677;0,020841016921853684;0,020841016921853684;0,9795383927210981;-0,1852682957942033;0,979872652537601;-0,1802743572314309;2,0841016921853684e-06
231;0,0;0,0;0,0;0,0;0,0;0,0;;;;;;;;
232;0,018000762340095407;0,00900054441959287;-0,017999961125867305;-0,00899999198117857;8,012142281021983e-07;5,524384143005406e-07;0,0011764068592967634;0,0011764068592967634;0,0011764068592967634;0,9877096674819564;-0,2975918224696828;0,9876623722342759;-0,29797843853192585;1,1764068592967635e-07
233;0,3091319793841185;0,1490910266940257;-0,30909224364160626;-0,14906363439493217;3,973574251225909e-05;2,7392299093542682e-05;0,02006467317319408;0,02006467317319408;0,02006467317319408;0,9875584546987283;-0,26420077916268253;0,9874212293648693;-0,2654382060421495;2,006467317319408e-06
234;-0,31614020043296304;-0,15302771520283795;0,3161819084008914;0,15305646707860138;4,170796792835052e-05;2,8751875763427526e-05;0,020556583616278705;0,020556583616278698;0,020556583616278705;0,9864596472106983;-0,27890223095664723;0,9866002683161016;-0,27764506948670636;2,0556583616278705e-06
235;0,32115118672845033;0,15510427930927917;-0,3210653830820005;-0,155045120570824;8,580364644983351e-05;5,915873845516173e-05;0,02085029969726921;0,020850299697269214;0,020850299697269214;0,9875584546987283;-0,26420077916268253;0,9872732668303524;-0,2667647810270311;2,0850299697269213e-06
236;-0,061999941576522256;-0,02999998995389571;0,06200175133509375;0,030001237721775372;1,8097585714957343e-06;1,2477678796619929e-06;0,004062618137728283;0,004062618137728284;0,004062618137728284;0,9788256704049456;-0,36244231405289906;0,9788565451442948;-0,3621637084069662;4,062618137728284e-07
237;0,5129426594382631;0,248581529169093;-0,51251493024981;-0,24828662422931133;0,0004277291884531298;0,00029490493978168164;0,03291765395912188;0,03291765395912188;0,03291765395912188;0,9997405863493741;-0,18540041891047773;0,998839919160681;-0,19333327734258915;3,291765395912188e-06
238;0,36341083507024335;0,1752146951131907;-0,3633395057391878;-0,17516551593008273;7,13293310555807e-05;4,9179183107983526e-05;0,023283010527705063;0,023283010527705063;0,023283010527705063;1,000424342795424;-0,17931577061732365;1,0002120565071977;-0,18120797811904593;2,3283010527705063e-06
239;-2,209305610920414;-1,089664177738992;2,215470384883146;1,0939146884903335;0,006164773962732184;0,00425051075134153;0,14298593343028726;0,1429859334302872;0,14298593343028726;0,994679420534898;-0,22761179003242146;0,9976711442871943;-0,20244855022931876;1,4298593343028726e-05
240;-0,1962198143804931;-0,0940138891212249;0,1962348887039679;0,09402428152575763;1,5074323474806306e-05;1,0392404532738597e-05;0,012717087551423156;0,01271708755142315;0,012717087551423156;0,9878013859397596;-0,29675149805367085;0,9878834908616052;-0,2959987649426836;1,2717087551423157e-06
241;-3,6865748087949464;-1,7840000803775968;3,6976725811164415;1,7916516224433052;0,011097772321495114;0,007651542065708394;0,23712499503314224;0,23712499503314227;0,23712499503314227;0,9971804519180238;-0,2079484348915033;1,000424342795424;-0,17931577061732365;2,3712499503314225e-05
242;-0,14100325817895643;-0,06800231551243893;0,14102755998981797;0,068019070796535;2,4301810861548923e-05;1,6755284096073297e-05;0,009232691540460608;0,009232691540460608;0,009232691540460608;0,9789248023494104;-0,3615530528214861;0,9791071972739489;-0,3598934456816177;9,232691540460608e-07
243;0,271092253210189;0,13106363586565925;-0,27102087143086706;-0,13101442372702307;7,13817793219218e-05;4,921213863617879e-05;0,017606197701570847;0,017606197701570837;0,017606197701570847;0,9874212293648693;-0,2654382060421495;0,9871402465996506;-0,26795744226497364;1,7606197701570847e-06
244;-0,10199990393816556;-0,04899998417525149;0,10201014650699626;0,049007045623173845;1,0242568830698406e-05;7,061447922354636e-06;0,006669239829548879;0,006669239829548878;0,006669239829548879;0,9796083318214164;-0,3554855407884427;0,9797147274634741;-0,3545085014595923;6,669239829548879e-07
245;-0,25816948095438386;-0,12504790374872152;0,25824475898200167;0,12509980542576582;7,527802761780888e-05;5,1901677044302597e-05;0,01691313739416618;0,016913137394166177;0,01691313739416618;0,9792298886925639;-0,18804284073748823;0,9795383927210981;-0,1852682957942033;1,691313739416618e-06
246;0,37440164832745787;0,18120837940515025;-0,3741786364006208;-0,18105462616551116;0,00022301192683704674;0,00015375323963909282;0,024105559590497604;0,024105559590497604;0,024105559590497604;0,9962345802927787;-0,21634540597972185;0,9955933729399583;-0,22202980557544114;2,4105559590497605e-06
247;-0,5896031946527203;-0,28534760671603016;0,5897029135606062;0,28541634499234;9,97189078859595e-05;6,873827630982099e-05;0,03829994732089527;0,03829994732089528;0,03829994732089528;0,9874105718353513;-0,29486257274163086;0,9875910193321896;-0,2932505450416084;3,829994732089528e-06
248;-0,6612206603038612;-0,32015213460714836;0,6614541300044069;0,32031311371544746;0,0002334697005457187;0,00016097910829909745;0,04303035616439113;0,04303035616439113;0,04303035616439113;0,9856999285121189;-0,12649680712211284;0,9860759991563159;-0,12313313987833704;4,3030356164391135e-06
249;0,32133959341514434;0,15516552984513762;-0,3212418921445802;-0,15509817248142924;9,770127056413225e-05;6,735736370838685e-05;0,020597854944061824;0,020597854944061827;0,020597854944061827;1,0002120565071977;-0,18120797811904593;0,9998833536381984;-0,1841267966097011;2,059785494406183e-06
250;-0,19610298336220994;-0,09400228363073569;0,1961198146064158;0,09401388904508733;1,6831244205872675e-05;1,1605414351634202e-05;0,012711816792056706;0,012711816792056707;0,012711816792056707;0,9877096674819564;-0,2975918224696828;0,9878013859397596;-0,29675149805367085;1,2711816792056708e-06
251;0,0;0,0;0,0;0,0;0,0;0,0;;;;;;;;
252;-0,12199988490773636;-0,058999980260524845;0,12201180197348159;0,05900819601682555;1,1917065745228883e-05;8,215756300701538e-06;0,007995367229969285;0,007995367229969285;0,007995367229969285;0,9785793872399674;-0,36465127403361525;0,9786826864187878;-0,3637178704302218;7,995367229969284e-07
253;0,3021114108126845;0,14607681498729452;-0,3020434569116463;-0,14602996305005345;6,795390103819798e-05;4,6851937241076946e-05;0,019680806315920195;0,01968080631592019;0,019680806315920195;0,9844291473317357;-0,2779585058570423;0,9841898490112255;-0,28011024104103505;1,9680806315920197e-06
254;-0,10299999999989468;-0,04999999999997346;0,10301529462369567;0,05001054466515162;1,5294623800996e-05;1,0544665178156831e-05;0,0067077157816639085;0,006707715781663907;0,0067077157816639085;0,9854838282274623;-0,27475348407434175;0,9856418923045454;-0,2733490937284761;6,707715781663909e-07
255;0,2360436345155102;0,11403008227760687;-0,23601664447050102;-0,11401147475830142;2,6990045009167574e-05;1,8607519305449682e-05;0,015310475957379133;0,015310475957379135;0,015310475957379135;0,9885315630936158;-0,24127309425268695;0,9884093963035966;-0,2423692197878174;1,5310475957379135e-06
256;0,24406540240033908;0,11804512378721284;-0,24401579029386458;-0,11801091790258468;4,961210647450032e-05;3,420588462815788e-05;0,015854526016556306;0,01585452601655631;0,01585452601655631;0,9872732668303524;-0,2667647810270311;0,9870563913782697;-0,26870774410927306;1,5854526016556308e-06
257;0,31614923679522056;0,15310304205297307;-0,3160130033828144;-0,15300911811166512;0,0001362334124061504;9,392394130794401e-05;0,020697994039327552;0,020697994039327552;0,020697994039327552;0,979834322771112;-0,3533258517249028;0,9793781196959052;-0,3574308119331724;2,0697994039327554e-06
258;0,39937376530062363;0,19425813149734358;-0,39914097510218016;-0,19409763045765074;0,0002327901984434666;0,0001605010396928397;0,025757460239509006;0,025757460239509;0,025757460239509006;0,9954719244615338;-0,22304572940295128;0,9948453344436683;-0,2285332802975899;2,5757460239509007e-06
259;-1,7501535127618637;-0,8638844564681348;1,755465217371456;0,867546563372885;0,005311704609592294;0,0036621069047502175;0,11442047577478154;0,11442047577478157;0,11442047577478157;0,9848274183366891;-0,31078439191362256;0,9880487988764725;-0,28349096729313;1,1442047577478158e-05
260;0,0;0,0;0,0;0,0;0,0;0,0;;;;;;;;
261;0,0;0,0;0,0;0,0;0,0;0,0;;;;;;;;
262;0,16801098269274276;0,08200767569007288;-0,16800305909270208;-0,08200221263341011;7,923600040676826e-06;5,463056662768917e-06;0,010974413748168472;0,010974413748168472;0,010974413748168472;0,9835579561611483;-0,3221368398573286;0,9835078886076192;-0,3225762690159139;1,097441374816847e-06
263;0,3975883194268269;0,19133711573343493;-0,39748070458191387;-0,19126292567073733;0,00010761484491300655;7,419006269759887e-05;0,02557798579094065;0,02557798579094065;0,02557798579094065;0,9959574797076433;-0,21878395294869615;0,9956659792440865;-0,22140585132597343;2,557798579094065e-06
264;0,7109685013835932;0,3436680525318568;-0,7105185817130906;-0,343357870331372;0,00044991967050267423;0,0003101822004847876;0,04646979301740381;0,04646979301740381;0,04646979301740381;0,9811063701224284;-0,3418597658520988;0,980435382217375;-0,34791951679850563;4,646979301740381e-06
265;0,39738070454521446;0,1912629259630404;-0,39723728978125017;-0,19116404628993774;0,0001434147639642891;9,887967310265311e-05;0,025572760741629348;0,025572760741629355;0,025572760741629355;0,9956659792440865;-0,22140585132597343;0,9952774152346759;-0,22490192770394873;2,5572760741629356e-06
266;-0,4323551643314957;-0,20917639121710196;0,4329506911394206;0,20958698699164938;0,0005955268079249065;0,00041059577454741203;0,027854625260927256;0,02785462526092726;0,02785462526092726;0,9955256110580097;-0,22261440947293623;0,9970074352294501;-0,20948192403532656;2,785462526092726e-06
267;-0,085999817754093;-0,04199996694226434;0,08600658699963123;0,04200463411018674;6,769245538232327e-06;4,6671679223980744e-06;0,005555853914041743;0,005555853914041743;0,005555853914041743;0,9945702921508186;-0,23102835666062557;0,9946547848523981;-0,23029615917315238;5,555853914041742e-07
268;-0,19410000000791283;-0,09400000000555876;0,1941402004336198;0,09402771520329845;4,020042570695992e-05;2,771519773968334e-05;0,012625081053634652;0,012625081053634654;0,012625081053634654;0,9862389473017223;-0,2808736367848949;0,9864596472106983;-0,27890223095664723;1,2625081053634655e-06
269;0,1940280796274263;0,09401935996209705;-0,1939999999999533;-0,09400000000006369;2,807962747300441e-05;1,9359962033366207e-05;0,012651189516222015;0,012651189516222015;0,012651189516222015;0,9839467657507313;-0,297982031645396;0,9837929200824845;-0,29935817229163525;1,2651189516222016e-06
270;-0,23122384354869316;-0,11201644035399;0,2312709856711403;0,11204894214962641;4,714212244713578e-05;3,2501795636408204e-05;0,015003242172498096;0,015003242172498099;0,015003242172498099;0,9887037650533587;-0,1007476821292149;0,988921556716995;-0,09880865916118232;1,50032421724981e-06
271;0,4922183390964518;0,2367544833288388;-0,49188507594274156;-0,23647312331007742;0,0003332631537102393;0,0002813600187613896;0,03184539603627891;0,03184539603627891;0,03184539603627891;0,9902442552053586;-0,27007134266340277;0,989478679505406;-0,2815245074397529;3,184539603627891e-06
272;0,2460434569115089;0,11902996304963291;-0,24601131894450762;-0,11900780505126611;3,213796700127225e-05;2,215799836680077e-05;0,01603381331301122;0,01603381331301122;0,01603381331301122;0,9841898490112255;-0,28011024104103505;0,9840509292820491;-0,28135783095861955;1,6033813313011218e-06
273;0,34534522781984905;0,16723817983899644;-0,3451492817899163;-0,16710308689879422;0,00019594602993278087;0,00013509294020222495;0,022595471439262146;0,02259547143926215;0,02259547143926215;0,980435382217375;-0,34791951679850563;0,979834322771112;-0,3533258517249028;2,259547143926215e-06
274;-0,18400163639215686;-0,08900121797816372;0,18405104196115082;0,08903527995901105;4,940556899396542e-05;3,4061980847321927e-05;0,012055721466124245;0,01205572146612424;0,012055721466124245;0,9788565451442948;-0,3621637084069662;0,9791405714063;-0,35959944185903353;1,2055721466124244e-06
275;0,1867968909479142;0,0900668052479972;-0,18676082134339725;-0,09004193353942229;3,606960451696395e-05;2,4871708574916718e-05;0,012011835389961062;0,012011835389961064;0,012011835389961064;0,9967586686480321;-0,028629666418897606;0,9965505844672601;-0,03049165873611926;1,2011835389961063e-06
276;0,2710888552228891;0,1310651299288475;-0,2710225430734946;-0,13101940992434016;6,631214939450958e-05;4,572000450733804e-05;0,017389105272875665;0,017389105272875665;0,017389105272875665;0,9997405863493741;-0,18540041891047773;0,9994762958439533;-0,1877410752377964;1,7389105272875666e-06
277;0,24424205267852872;0,11809819919514723;-0,24419092460345884;-0,11806295063885718;5,1128075069878376e-05;3,52485562900573e-05;0,015665092681655637;0,01566509268165563;0,015665092681655637;0,9998833536381984;-0,1841267966097011;0,9996571563398662;-0,18612870820369545;1,5665092681655635e-06
278;0,24409092475608912;0,11806295066863828;-0,2440236967852319;-0,11801660177211816;6,722797085723098e-05;4,634889652012364e-05;0,015659893253791538;0,01565989325379154;0,01565989325379154;0,9996571563398662;-0,18612870820369545;0,9993596254413651;-0,18876067657132864;1,565989325379154e-06
279;0,0;0,0;0,0;0,0;0,0;0,0;;;;;;;;
280;-0,24602746135095957;-0,11901905337445295;0,24610150572175277;0,11907010448646359;7,404437079319703e-05;5,105111201063328e-05;0,01611591735138846;0,01611591735138846;0,01611591735138846;0,9791071972739489;-0,3598934456816177;0,9794256326680892;-0,3570199782402736;1,6115917351388462e-06
281;0,181660798396646;0,08804191771799116;-0,18164069963601595;-0,08802806032422889;2,0098760630055112e-05;1,3857393762278791e-05;0,011695387647056443;0,01169538764705644;0,011695387647056443;0,9965505844672601;-0,03049165873611926;0,9964314645256424;-0,03154317903108232;1,1695387647056443e-06
282;0,17924042636641568;0,08702787094373282;-0,17922435860900995;-0,08701679414106461;1,6067757405729965e-05;1,107680266820843e-05;0,01154117347948051;0,01154117347948051;0,01154117347948051;0,9967586686480321;-0,028629666418897606;0,996662159236417;-0,02947699516875303;1,154117347948051e-06
283;-0,20001010574637337;-0,09600706603052199;0,2000832065081836;0,0960574647879454;7,310076181021863e-05;5,0398757423408824e-05;0,013074247838037558;0,013074247838037557;0,013074247838037558;0,9797147274634741;-0,3545085014595923;0,9801020565463254;-0,35094553043901566;1,3074247838037557e-06
284;0,19014290155094618;0,09109852227055558;-0,1901229667792978;-0,0910847779136325;1,993477164838331e-05;1,37443569230844e-05;0,012308657623938237;0,012308657623938237;0,012308657623938237;0,9889640557818485;-0,09839290354030947;0,988851873026824;-0,09942074158545874;1,2308657623938236e-06
285;0,17403350061205408;0,08502527315196165;-0,1740194691115143;-0,08501342458549652;1,4031500539773978e-05;1,1848566465133548e-05;0,011318412423164954;0,011318412423164956;0,011318412423164956;0,9880243709157749;-0,12123751607955466;0,9879335303823603;-0,12256479563421485;1,1318412423164956e-06
286;-2,084306345103644;-1,028591746345595;2,087309523909866;1,0306621486595684;0,003003178806221918;0,002070402313973485;0,13512037594767476;0,13512037594767481;0,13512037594767481;0,9931371781795043;-0,24059753264995054;0,994679420534898;-0,22761179003242146;1,3512037594767482e-05
287;-0,4530466716464727;-0,2200321787115388;0,4533180839927178;0,22021931726279842;0,00027141234624505906;0,00018713855125962464;0,02952266071968796;0,02952266071968796;0,02952266071968796;0,984950791392252;-0,27303586300559085;0,9855881269963866;-0,2673784970189925;2,9522660719687964e-06
288;0,17203224867347244;0,08202223232156372;-0,1720103649693249;-0,08200714613843259;2,1883704147546146e-05;1,5086183131132747e-05;0,011133367796442901;0,0111333677964429;0,011133367796442901;0,9883303322792852;-0,10421327730893808;0,9881942268128835;-0,10547594498838687;1,11333677964429e-06
289;0,17002010892708946;0,0820138662681521;-0,17001029889006325;-0,0820071007253754;9,810037026214413e-06;6,765542776704381e-06;0,01107087082108162;0,01107087082108162;0,01107087082108162;0,9844291473317357;-0,2779585058570423;0,9843677392852509;-0,27851443513100804;1,107087082108162e-06
290;0,4708852674282664;0,22647300456489655;-0,4706610360706894;-0,22631840455912527;0,0002242313575770427;0,00015460000577127708;0,030488251249185017;0,030488251249185017;0,030488251249185017;0,989478679505406;-0,2815245074397529;0,9889691260377647;-0,2861472080281428;3,0488251249185014e-06
291;-0,1531242459450402;-0,07401671676656743;0,15316948095447452;0,07404790374891597;4,523500943431902e-05;3,118698234853834e-05;0,010030760270065497;0,010030760270065497;0,010030760270065497;0,9789173523662776;-0,19086921253512906;0,9792298886925639;-0,18804284073748823;1,0030760270065496e-06
292;-0,15299999999974684;-0,07399999999991286;0,15302424594482258;0,07401671676642199;2,4245945075745956e-05;1,6716766509133896e-05;0,01002545057071783;0,010025450570717829;0,01002545057071783;0,9787497372668171;-0,19238334969475795;0,9789173523662776;-0,19086921253512906;1,002545057071783e-06
293;0,14902090199867066;0,07201442898800309;-0,14900754332987576;-0,07200521960269754;1,3358668794899442e-05;9,20938530554749e-06;0,009680164729475594;0,009680164729475596;0,009680164729475596;0,9871402465996506;-0,26795744226497364;0,9870446101887801;-0,26881586276201924;9,680164729475596e-07
294;-0,22008318805843657;-0,10605746088326627;0,2201036297580045;0,10607155260807478;2,044169956791353e-05;1,4091724808512618e-05;0,01439129660991114;0,014391296609911144;0,014391296609911144;0,9801020565463254;-0,35094553043901566;0,9802004762137477;-0,35004962310047005;1,4391296609911144e-06
295;-0,1941252389580764;-0,09401752254421805;0,1941516157504767;0,09403570680014971;2,637679240030666e-05;1,818425593165529e-05;0,012663135100709924;0,012663135100709924;0,012663135100709924;0,9834135838027489;-0,3234299362882983;0,9835579561611483;-0,3221368398573286;1,2663135100709923e-06
296;-0,19399976391483306;-0,09399995905438871;0,1940252390865901;0,09401752250299254;2,5475171757050052e-05;1,7563448603832854e-05;0,01265785155621503;0,01265785155621503;0,01265785155621503;0,9832740828316459;-0,3246782552588718;0,9834135838027489;-0,3234299362882983;1,2657851556215029e-06
297;0,15501664447071373;0,07501147475814214;-0,1549999999997574;-0,074999999999759;1,6644470956339585e-05;1,1474758383145378e-05;0,01005924179699514;0,010059241796995138;0,01005924179699514;0,9884093963035966;-0,2423692197878174;0,9882947172972334;-0,24339376244483754;1,005924179699514e-06
298;0,15402013933060005;0,07401621796539774;-0,15400507130443197;-0,07400349621247494;1,5068026168074677e-05;1,2721752922800755e-05;0,009912247397112139;0,009912247397112139;0,009912247397112139;0,995320973981833;-0,04093416034818747;0,9952097735913915;-0,042590645517112134;9,91224739711214e-07
299;0,15229722963091222;0,07406703506410608;-0,1522176599661766;-0,0740121744471064;7,956966473562921e-05;5,486061699969125e-05;0,009902699174991259;0,009902699174991259;0,009902699174991259;0,9873660159847781;-0,2579933811941472;0,986808943002577;-0,26291384314251776;9,90269917499126e-07
300;0,12601262933201687;0,061008706143570485;-0,12599999999997885;-0,060999999999932344;1,262933203802219e-05;8,706143638140262e-06;0,008182911103893322;0,008182911103893326;0,008182911103893326;0,9878098847433668;-0,24769804729704906;0,9877029155993212;-0,24865278051741446;8,182911103893326e-07
301;0,20218114599519899;0,09805594396303352;-0,20217560700261958;-0,09805212675392683;5,538992579406932e-06;3,8172091066934755e-06;0,01297332955858495;0,012973329558584953;0,012973329558584953;0,9999999999179808;-4,027179359329655e-20;0,9999704076271514;-0,0002594519963835027;1,2973329558584953e-06
302;0,20207560700225255;0,09805212675473096;-0,20200000000005652;-0,09799999999998062;7,560700219602645e-05;5,212675475034512e-05;0,012968134848755019;0,012968134848755015;0,012968134848755019;0,9999704076271514;-0,0002594519963835027;0,9995662596186382;-0,0038044717468071355;1,296813484875502e-06
303;0,0;0,0;0,0;0,0;0,0;0,0;;;;;;;;
304;0,1492141789302287;0,07201189839538505;-0,14920046196362993;-0,0720003185535536;1,3716966598770197e-05;1,1579841831449444e-05;0,00968160846281775;0,009681608462817754;0,009681608462817754;0,9880243709157749;-0,12123751607955466;0,9879206884313868;-0,12278242255699529;9,681608462817754e-07
305;0,0;0,0;0,0;0,0;0,0;0,0;;;;;;;;
306;0,44966108144502415;0,21631841256763207;-0,44938659963190397;-0,2161291621689365;0,0002744818131201754;0,00018925039869557847;0,029130403198859643;0,029130403198859636;0,029130403198859643;0,9889691260377647;-0,2861472080281428;0,9883162942697564;-0,2920703545708371;2,913040319885964e-06
307;-0,5152554227768478;-0,2491763473425558;0,5153303337716795;0,2492279959627955;7,49109948317006e-05;5,164862023968042e-05;0,033743710707911066;0,033743710707911066;0,033743710707911066;0,9792717721522296;-0,35840960955610174;0,9794256326680892;-0,3570199782402736;3,374371070791107e-06
308;0,08610997769867729;0,042006972228657624;-0,0861065867173912;-0,042004634260712104;3,390981286086059e-06;2,337967945520436e-06;0,005561070214005119;0,005561070214005119;0,005561070214005119;0,9946970680106076;-0,22992864774498073;0,9946547848523981;-0,23029615917315238;5,561070214005118e-07
309;0,0600028364654936;0,028002161479891666;-0,060000751888025956;-0,028000724384819282;2,0845774676425677e-06;1,4370950723839593e-06;0,003823932136432207;0,0038239321364322075;0,0038239321364322075;0,9997405863493741;-0,18540041891047773;0,9997028897345429;-0,185764466992319;3,823932136432207e-07
310;0,14201946911218852;0,0690134245858201;-0,1420060247037518;-0,06900415425364893;1,3444408436730226e-05;9,270332171171236e-06;0,009227701480523204;0,009227701480523204;0,009227701480523204;0,9879335303823603;-0,12256479563421485;0,9878325218664338;-0,12345819055861502;9,227701480523205e-07
311;-0,7117026473131363;-0,3444162981134215;0,7124054508112296;0,34490085757038325;0,000702803498093374;0,00048455945696174174;0,04622234894679621;0,0462223489467962;0,04622234894679621;0,9875910193321896;-0,2932505450416084;0,9886448703983063;-0,28383825544347335;4,622234894679621e-06
312;0,13901029889011834;0,0670071007260311;-0,1390000579995118;-0,0670000399919988;1,024089060655542e-05;7,060734032296456e-06;0,009050998354147077;0,009050998354147079;0,009050998354147079;0,9843677392852509;-0,27851443513100804;0,9842893370235765;-0,2792249859934293;9,050998354147079e-07
313;0,16011817528350764;0,07801252993728015;-0,1601127104873347;-0,07800876212123944;5,464796172943709e-06;3,767816040708971e-06;0,010409802741547331;0,010409802741547333;0,010409802741547333;0,9878462846396454;-0,2473784071837119;0,9878098847433668;-0,24769804729704906;1,0409802741547333e-06
314;0,1321159314161676;0,06401113470991213;-0,13209970844279903;-0,0639999495134993;1,62229733685626e-05;1,1185196412827336e-05;0,008600939876051603;0,008600939876051606;0,008600939876051606;0,9854570491305273;-0,3123492697999965;0,9853263096364883;-0,3135172750116515;8,600939876051607e-07
315;0,12200755010903551;0,05900522073999591;-0,12199996940442473;-0,05899999474815778;7,580704610779532e-06;5,225991838130051e-06;0,007927333391263362;0,007927333391263362;0,007927333391263362;0,9870446101887801;-0,26881586276201924;0,9869783361520107;-0,26940955691152874;7,927333391263362e-07
316;0,1311175787428811;0,06401211844653619;-0,13110239534677035;-0,06400165075746803;1,5183396110757252e-05;1,0467689068163755e-05;0,008536654577412948;0,008536654577412948;0,008536654577412948;0,986808943002577;-0,26291384314251776;0,9866856060697163;-0,26399204424208367;8,536654577412948e-07
317;0,1310023953448795;0,0640016507563758;-0,13099999999943843;-0,0639999999987154;2,395345441080776e-06;1,6507576603985719e-06;0,008531396678999187;0,008531396678999187;0,008531396678999187;0,9866856060697163;-0,26399204424208367;0,9866661373725142;-0,26416170762796987;8,531396678999188e-07
318;0,15203329302724816;0,07302295458186825;-0,1520104361560781;-0,07300719503389173;2,2856871170068294e-05;1,5759547976515464e-05;0,009846723674660104;0,009846723674660104;0,009846723674660104;0,988921556716995;-0,09880865916118232;0,9887607438820124;-0,1002729903507797;9,846723674660105e-07
319;0,1291225360943955;0,06301553773642202;-0,12910764780483033;-0,06300527346197166;1,4888289565168078e-05;1,0264274450361155e-05;0,00832307843761997;0,00832307843761997;0,00832307843761997;0,996662159236417;-0,02947699516875303;0,9965381186243709;-0,030551669894918296;8,323078437619969e-07
320;0,12843701005017558;0,06202551641168402;-0,12842570205947698;-0,06201772027024389;1,1307990698594672e-05;7,796141440134796e-06;0,008264220513349185;0,008264220513349185;0,008264220513349185;0,9964314645256424;-0,03154317903108232;0,9963366411581709;-0,03238799614334349;8,264220513349186e-07
321;-0,04010058622291867;-0,019000404218889825;0,04010204172536982;0,019001407805628975;1,4555024511475612e-06;1,0035867391497422e-06;0,0025892057147780334;0,002589205714778033;0,0025892057147780334;0,9894723335655883;-0,09388442216978721;0,9895112452305822;-0,09351811550193234;2,5892057147780334e-07
322;0,12602313970535353;0,06101595405116732;-0,1260000000000573;-0,060999999999909724;2,313970529624343e-05;1,595405125759397e-05;0,008120814769049413;0,008120814769049415;0,008120814769049415;0,9954529472615432;-0,03978219639853527;0,9952554497625956;-0,04153223543658183;8,120814769049416e-07
323;0,12601246896231807;0,06101052707491284;-0,12599999999981995;-0,06100000000001688;1,2468962498124458e-05;1,052707489596072e-05;0,008173151112722184;0,008173151112722184;0,008173151112722184;0,9889940663381892;-0,10687423781817103;0,9888823837869122;-0,10852829516911357;8,173151112722184e-07
324;0,12601131894432988;0,061007805051664296;-0,12600000000025027;-0,06100000000009582;1,1318944079602433e-05;7,805051568478272e-06;0,00821407659819587;0,00821407659819587;0,00821407659819587;0,9840509292820491;-0,28135783095861955;0,9839554159013927;-0,28221433655758105;8,214076598195871e-07
325;0,05900329220929377;0,029002269792321112;-0,058999999999943736;-0,02900000000004803;3,292209350032327e-06;2,269792273083132e-06;0,003826971503137357;0,0038269715031373566;0,003826971503137357;0,9918652094533158;-0,09155213625525427;0,991805530275186;-0,0920617446954706;3,826971503137357e-07
326;0,32023745320528885;0,1541640736923289;-0,3201162707650789;-0,15408052246132237;0,00012118244020992153;8,35512310065345e-05;0,020617160638976322;0,020617160638976322;0,020617160638976322;0,9952774152346759;-0,22490192770394873;0,9948701640279143;-0,2285657597951915;2,061716063897632e-06
327;0,03800078788844103;0,01800073892789937;-0,03799990933471691;-0,01799999730542424;8,785537241179364e-07;7,416224751290168e-07;0,0024283997363128045;0,002428399736312805;0,002428399736312805;0,9997028897345429;-0,185764466992319;0,999676464806852;-0,18616525693671046;2,428399736312805e-07
328;-0,35518856059251547;-0,17206144489352038;0,35535532706547984;0,17217641936374908;0,00016676647296437475;0,00011497447022870699;0,022900281023545632;0,022900281023545632;0,022900281023545632;0,995020852404766;-0,22707898639310922;0,9955256110580097;-0,22261440947293623;2,2900281023545635e-06
329;0,12201037211664943;0,05900715057479968;-0,12200000000001542;-0,0590000000001368;1,0372116634016493e-05;7,150574662884157e-06;0,007940794290152436;0,007940794290152438;0,007940794290152438;0,9853959939935572;-0,3039515507840264;0,9853054690747443;-0,30476392882609854;7,940794290152438e-07
330;0,11500746745833874;0,0560051491190409;-0,11499999999994685;-0,05600000000000412;7,467458391891002e-06;5,149119036776395e-06;0,007411068505443933;0,007411068505443933;0,007411068505443933;0,9965381186243709;-0,030551669894918296;0,9964682538234969;-0,031160868986947216;7,411068505443933e-07
331;0,12201582087652564;0,05901092316065196;-0,12199996939676926;-0,05899999474663172;1,585147975638468e-05;1,0928414020235089e-05;0,007927819509643984;0,007927819509643982;0,007927819509643984;0,9870563913782697;-0,26870774410927306;0,9869178165165479;-0,2699493551911375;7,927819509643985e-07
332;0,0;0,0;0,0;0,0;0,0;0,0;;;;;;;;
333;0,10932540911524775;0,05301751829500531;-0,1093158421742973;-0,05301092271236651;9,566940950458958e-06;6,595582638803388e-06;0,007040753563273302;0,007040753563273303;0,007040753563273303;0,9963366411581709;-0,03238799614334349;0,9962424539156142;-0,03321803759922512;7,040753563273303e-07
334;0,19402264855772502;0,09401948489906152;-0,19399954018144622;-0,09399997819077303;2,3108376278807574e-05;1,9506708288485886e-05;0,012454340363794359;0,012454340363794357;0,012454340363794359;0,9994762958439533;-0,1877410752377964;0,9993404606919979;-0,1897283935133209;1,2454340363794358e-06
335;-0,021100000022672167;-0,010000000015851331;0,021100586222940337;0,010000404218924334;5,862002681704392e-07;4,0420307300358116e-07;0,0013624817576465957;0,0013624817576465954;0,0013624817576465957;0,9894425512687713;-0,09416465370220069;0,9894723335655883;-0,09388442216978721;1,3624817576465957e-07
336;-0,1860322486735139;-0,08902223232150382;0,18612296677898046;0,08908477791365711;9,071810546656955e-05;6,25455921532958e-05;0,012047585821571512;0,012047585821571508;0,012047585821571512;0,9883303322792852;-0,10421327730893808;0,988851873026824;-0,09942074158545874;1,2047585821571513e-06
337;0,10310469172142651;0,050003960855857656;-0,10310000000966024;-0,05000000000703697;4,691711766272033e-06;3,960848820684648e-06;0,00667976252940213;0,006679762529402132;0,006679762529402132;0,9904369013130869;-0,0949308403041124;0,990385475239918;-0,0956891434600382;6,679762529402132e-07
338;0,10100463946650874;0,04900319918568406;-0,10099999999975721;-0,04900000000006811;4,639466751527044e-06;3,199185615955502e-06;0,006570684511687207;0,006570684511687208;0,006570684511687208;0,9864385710529552;-0,25992400010333394;0,9863896236320314;-0,260359465866325;6,570684511687207e-07
339;0,10100071186499354;0,04900049102909018;-0,10100000000009184;-0,048999999998190824;7,118649017062717e-07;4,910308993577583e-07;0,00658033318121493;0,00658033318121493;0,00658033318121493;0,984950791392252;-0,27303586300559085;0,9849432914674084;-0,27310275488985974;6,580333181214929e-07
340;0,0;0,0;0,0;0,0;0,0;0,0;;;;;;;;
341;0,09921576713570167;0,04801087097353686;-0,09920749002250283;-0,04800516439238735;8,27711319884017e-06;5,706581149511614e-06;0,006387651839380158;0,0063876518393801585;0,0063876518393801585;0,9962424539156142;-0,03321803759922512;0,9961526441774006;-0,03401415719738266;6,387651839380159e-07
342;0,0;0,0;0,0;0,0;0,0;0,0;;;;;;;;
343;0,2771412339742645;0,13509767536121223;-0,2770499612074826;-0,1350347458475897;9,127276678189133e-05;6,292951362252275e-05;0,017892853900611683;0,017892853900611676;0,017892853900611683;0,9948453344436683;-0,2285332802975899;0,9944916293308742;-0,2316141577752042;1,7892853900611682e-06
344;-0,005100039164793076;-0,002000027002781708;0,005100103337043733;0,002000071246335919;6,417225065745435e-08;4,424355421091264e-08;0,0003204252105195983;0,0003204252105195983;0,0003204252105195983;0,9870732081693125;-0,1262659655749615;0,98708688320921;-0,1260802084348965;3,204252105195983e-08
345;0,09601205060873176;0,04700841099827403;-0,09599979639526131;-0,04699996252732669;1,2254213470452857e-05;8,4484709473448e-06;0,0062076777047186315;0,006207677704718633;0,006207677704718633;0,9942539261315845;-0,2337061861008212;0,9941170131080512;-0,23488506202924594;6,207677704718633e-07
346;0,04900320345404571;0,024002238533307678;-0,04899994065387871;-0,023999989048060458;3,2628001670059747e-06;2,2494852472201843e-06;0,0032031824618191486;0,003203182461819149;0,003203182461819149;0,9835078886076192;-0,3225762690159139;0,9834372392749556;-0,3231905146187324;3,203182461819149e-07
347;-9,999999993809064e-05;3,755311691868065e-14;0,00010000002260008035;1,558661503625725e-11;2,2661989716428813e-11;1,562416815317593e-11;5,835107848666058e-06;5,835107848666058e-06;5,835107848666058e-06;0,9894423270414408;-0,0941736056891182;0,9894425512687713;-0,09416465370220069;5,835107848666058e-10
348;0,0;0,0;0,0;0,0;0,0;0,0;;;;;;;;
349;0,0;0,0;0,0;0,0;0,0;0,0;;;;;;;;
350;-0,48413359770049097;-0,2340921078598688;0,4842206603045964;0,23415213460743256;8,706260410540345e-05;6,0026747563751703e-05;0,03150405921076741;0,03150405921076741;0,03150405921076741;0,9855083988705902;-0,12821629003737392;0,9856999285121189;-0,12649680712211284;3,1504059210767413e-06
351;0,08601036496880267;0,04100714613828348;-0,08600000000002439;-0,040999999999960055;1,0364968778278638e-05;7,146138323428641e-06;0,005567047049569576;0,005567047049569576;0,005567047049569576;0,9881942268128835;-0,10547594498838687;0,9880653025275827;-0,1066726070743757;5,567047049569576e-07
352;0,07510609632442108;0,036004203398384164;-0,07510096047611281;-0,036000662168170224;5,135848308274182e-06;3,541230213940927e-06;0,004863693293285089;0,00486369329328509;0,00486369329328509;0,9887037650533587;-0,1007476821292149;0,9886306184595754;-0,10141718607231485;4,863693293285091e-07
353;-0,7724053212142256;-0,3739008335375057;0,7727357734841834;0,3741286693022919;0,00033045226995787047;0,0002278357647861884;0,050114041548671336;0,050114041548671336;0,050114041548671336;0,9886448703983063;-0,28383825544347335;0,9891019071716914;-0,279761252012777;5,0114041548671335e-06
354;-0,7728357741148137;-0,3741286683014373;0,7729184421841885;0,37418563918607484;8,266806937473614e-05;5,6970884637519426e-05;0,05011929535702315;0,050119295357023155;0,050119295357023155;0,9891019071716914;-0,279761252012777;0,9892162173002682;-0,2787432425599137;5,011929535702315e-06
355;0,08100876878064245;0,039006045495170366;-0,08099999999978703;-0,03899999999984101;8,768780855414327e-06;6,0454953293570535e-06;0,0052511696377243716;0,005251169637724371;0,0052511696377243716;0,9885384841626174;-0,10855673649917154;0,9884227833055904;-0,10960372350970217;5,251169637724372e-07
356;0,08100602470309178;0,0390041542534789;-0,0809999999999943;-0,03899999999993377;6,0247030974763804e-06;4,1542535451286056e-06;0,005254729971465721;0,005254729971465721;0,005254729971465721;0,9878325218664338;-0,12345819055861502;0,9877530790596776;-0,12417791793070085;5,254729971465721e-07
357;0,08100507130378216;0,03900349621255648;-0,08099999999996864;-0,03899999999988555;5,071303813525274e-06;3,496212670928145e-06;0,0052157115216458225;0,005215711521645822;0,0052157115216458225;0,9952097735913915;-0,042590645517112134;0,9951424052881795;-0,04319611909840634;5,215711521645823e-07
358;0,07900077860828503;0,03800067987865835;-0,07899997208754013;-0,03799999883423286;8,065207448976208e-07;6,810444254864989e-07;0,005128870056116084;0,005128870056116082;0,005128870056116084;0,9868350099905521;-0,283645500394114;0,9868235051962224;-0,2838181291620237;5,128870056116084e-07
359;-0,13810029972059448;-0,06700020668874557;0,13811774722431205;0,0670122369559213;1,7447503717571422e-05;1,2030267175736076e-05;0,0089645137170885;0,008964513717088498;0,0089645137170885;0,9885688462725973;-0,10194494723672776;0,9887037650533587;-0,1007476821292149;8,964513717088499e-07
360;0,05500235733089732;0,027001682576660226;-0,05499988606192239;-0,0269999787195284;2,4712689749295524e-06;1,7038571318260531e-06;0,0035385019389139512;0,003538501938913951;0,0035385019389139512;0,9997405863493741;-0,18540041891047773;0,9996921397933958;-0,18581230335691926;3,538501938913951e-07
361;0,12203199585325243;0,05902219500148869;-0,12199974014163949;-0,05899995544915836;3,225571161294405e-05;2,2239552330327594e-05;0,007869648191471065;0,007869648191471066;0,007869648191471066;0,9944954047942562;-0,23193559902297017;0,9942113327386392;-0,23446237152418223;7,869648191471068e-07
362;-1,8324596944295062;-0,9045496132869698;1,8362121421563988;0,9071368002286304;0,0037524477268926493;0,002587186941660602;0,1194118389804588;0,11941183898045878;0,1194118389804588;0,9880487988764725;-0,28349096729313;0,990229415761412;-0,2650559259994072;1,194118389804588e-05
363;-1,8363071992822493;-0,9071396038210656;1,8413108853888547;0,9105894776893679;0,005003686106605398;0,003449873868302311;0,11941688038420073;0,11941688038420076;0,11941688038420076;0,990229415761412;-0,2650559259994072;0,9931371781795043;-0,24059753264995054;1,1941688038420076e-05
364;-0,43801150422854995;-0,21200814442104465;0,43825549524952245;0,21217635952963687;0,00024399102097250047;0,0001682151085922179;0,02870712631858315;0,028707126318583145;0,02870712631858315;0,9786826864187878;-0,3637178704302218;0,9792717721522296;-0,35840960955610174;2,8707126318583147e-06
365;0,07100693317696677;0,03400478019310829;-0,07099999999996176;-0,03399999999993385;6,933177005008506e-06;4,780193174444558e-06;0,00459093557803453;0,00459093557803453;0,00459093557803453;0,9900903047634949;-0,08831582025657693;0,9899857015990764;-0,08927418388588232;4,5909355780345295e-07
366;0,18017904677040222;0,08705469772200966;-0,18014656252551742;-0,08703230092389481;3,248424488480617e-05;2,239679811484596e-05;0,011604347604506128;0,011604347604506127;0,011604347604506128;0,9955933729399583;-0,22202980557544114;0,9953993734112346;-0,22375794043353056;1,1604347604506129e-06
367;0,18004656274042485;0,0870323008724397;-0,18000451773666282;-0,08700331294721948;4,204500376203679e-05;2,8987925220214095e-05;0,011599125258737962;0,01159912525873796;0,011599125258737962;0,9953993734112346;-0,22375794043353056;0,9951481573108099;-0,22599338216693854;1,1599125258737961e-06
368;0,06810711161305309;0,03300490349450816;-0,06810206956793781;-0,03300142687885511;5,042045115283278e-06;3,476615653051629e-06;0,004386430792946068;0,004386430792946069;0,004386430792946069;0,9961526441774006;-0,03401415719738266;0,9960729672915943;-0,034718119743277966;4,3864307929460697e-07
369;0,06800412714982781;0,03300284544069903;-0,06799999999988975;-0,033000000000102836;4,127149938068508e-06;2,8454405961927942e-06;0,004371175544313353;0,004371175544313354;0,004371175544313354;0,9983934159216316;-0,01417297092201885;0,9983279652356931;-0,014747535933653503;4,371175544313354e-07
370;0,0;0,0;0,0;0,0;0,0;0,0;;;;;;;;
371;-0,3060509272128751;-0,1480352601489469;0,306178719459744;0,14812336446405241;0,00012779224686892965;8,810431510550276e-05;0,020046506217731807;0,020046506217731807;0,020046506217731807;0,9791405714063;-0,35959944185903353;0,9795823879195643;-0,35561237952757435;2,0046506217731805e-06
372;-0,31510354080543035;-0,15207153718196437;0,3151734004851677;0,15211969869744987;6,985967973732743e-05;4,81615154855064e-05;0,02060836534260439;0,020608365342604386;0,02060836534260439;0,9802004762137477;-0,35004962310047005;0,980435382217375;-0,34791951679850563;2,060836534260439e-06
373;0,08501043615623162;0,04100719503388538;-0,08500420807803695;-0,04100290144142697;6,228078194669973e-06;4,293592458404216e-06;0,005511212305928445;0,005511212305928445;0,005511212305928445;0,9887607438820124;-0,1002729903507797;0,9886824366171968;-0,10097798538784539;5,511212305928444e-07
374;0,1220239512052339;0,05901664551974873;-0,1219997452711966;-0,05899995633950961;2,42059340373052e-05;1,6689180239122525e-05;0,007830785975335664;0,007830785975335664;0,007830785975335664;0,9993596254413651;-0,18876067657132864;0,9991453897813247;-0,19065690821137576;7,830785975335665e-07
375;0,06200478221948875;0,030004037269902854;-0,062000000000024036;-0,029999999999940897;4,782219464712079e-06;4,03726996195744e-06;0,004006430681794125;0,004006430681794124;0,004006430681794125;0,99264122835919;-0,06461845450716387;0,9925538533018611;-0,06590875387949795;4,0064306817941246e-07
376;0,0;0,0;0,0;0,0;0,0;0,0;;;;;;;;
377;0,06000073257913099;0,02900050501159762;-0,05999999999993437;-0,028999999999555694;7,325791966175665e-07;5,050120419278215e-07;0,0038528642922817245;0,003852864292281725;0,003852864292281725;0,9986234900274555;-0,03454284827869391;0,9986103131135978;-0,03465968220849092;3,852864292281725e-07
378;0,0;0,0;0,0;0,0;0,0;0,0;;;;;;;;
379;0,06800264965071832;0,033001827042976564;-0,06800000000014109;-0,033000000000157965;2,649650577238316e-06;1,8270428185987453e-06;0,004414573221924522;0,004414573221924522;0,004414573221924522;0,9885554614670266;-0,1020297842892953;0,9885138534307515;-0,10239884105447207;4,414573221924522e-07
380;0,05600220085134847;0,027001517480516397;-0,056000000000040316;-0,027000000000338156;2,200851308156726e-06;1,5174801782404101e-06;0,0035986098687071258;0,0035986098687071258;0,0035986098687071258;0,9974653256340186;-0,022385780795375204;0,9974229461981857;-0,022764612171082575;3,5986098687071257e-07
381;0,05600055077404119;0,027000379937819688;-0,055999999999827056;-0,027000000000238993;5,507742141322436e-07;3,7993758069537753e-07;0,0035893742279198677;0,003589374227919867;0,0035893742279198677;0,9999999999179808;-4,027179359329655e-20;0,9999893657035201;-9,495730519685702e-05;3,589374227919868e-07
382;0,05310368958676275;0,02600254391184753;-0,05310133424237208;-0,026000919924954156;2,3553443906712546e-06;1,6239868933752566e-06;0,003425989150274766;0,003425989150274766;0,003425989150274766;0,9964314645256424;-0,03154317903108232;0,9963837809593028;-0,03195282069811547;3,4259891502747663e-07
383;0,05800477658948019;0,028003357361974002;-0,05799987678991379;-0,027999979114393354;4,8997995663949134e-06;3,378247580648752e-06;0,003736886009724203;0,003736886009724203;0,003736886009724203;0,9951481573108099;-0,22599338216693854;0,9950572922530508;-0,22680472953813327;3,736886009724203e-07
384;0,05200023103371473;0,025000169371381605;-0,051999980758004924;-0,024999996814667864;2,5027570980939995e-07;1,7255671374075132e-07;0,0033782363841991844;0,0033782363841991835;0,0033782363841991844;0,986071382166527;-0,2913257223556682;0,9860662494497757;-0,2913724684395605;3,3782363841991844e-07
385;-0,07110461155826503;-0,03400325808130987;0,07110733782016608;0,034005137747517976;2,7262619010509637e-06;1,8796662081058124e-06;0,004551859476360935;0,004551859476360936;0,004551859476360936;0,99969910477818;-0,1857781068749678;0,9997405863493741;-0,18540041891047773;4,551859476360936e-07
386;0,0;0,0;0,0;0,0;0,0;0,0;;;;;;;;
387;-0,07099985148818683;-0,033999976032818305;0,07100461184245635;0,03400325792375035;4,760354269522926e-06;3,281890932044229e-06;0,004546650033908221;0,004546650033908221;0,004546650033908221;0,999626585359169;-0,18643600458980472;0,99969910477818;-0,1857781068749678;4,546650033908221e-07
388;-9,999999998615031e-05;7,431096974058944e-16;0,00010000001292630447;8,921066474585611e-12;1,2940154156537709e-11;8,921809584283017e-12;5,840264398342951e-06;5,840264398342952e-06;5,840264398342952e-06;0,9885687183502774;-0,10195005905641505;0,9885688462725973;-0,10194494723672776;5,840264398342952e-10
389;0,0;0,0;0,0;0,0;0,0;0,0;;;;;;;;
390;0,050001822514952034;0,02400125640511078;-0,049999999999978645;-0,024000000000141016;1,8225149733888668e-06;1,2564049697641466e-06;0,00321293316557225;0,00321293316557225;0,00321293316557225;0,996662159236417;-0,02947699516875303;0,996622864714393;-0,029832376839760925;3,21293316557225e-07
391;-0,8444317620855959;-0,408298086270894;0,8457725952359398;0,4092225457890517;0,0013408331503439452;0,0009244595181577275;0,055290823164276276;0,05529082316427627;0,055290823164276276;0,9794256326680892;-0,3570199782402736;0,9811063701224284;-0,3418597658520988;5,529082316427628e-06
392;0,24311643451679432;0,11708054981924892;-0,24303173765180874;-0,1170221529014816;8,469686498557838e-05;5,83969177673227e-05;0,01565953233923814;0,01565953233923814;0,01565953233923814;0,9948701640279143;-0,2285657597951915;0,9944954047942562;-0,23193559902297017;1,565953233923814e-06
393;-0,27812341002997304;-0,1350164419935198;0,2781887242184728;0,13506147227254756;6,531418849975434e-05;4,503027902774681e-05;0,017943433813381565;0,01794343381338157;0,01794343381338157;0,9947685198735923;-0,229299641722051;0,995020852404766;-0,22707898639310922;1,7943433813381568e-06
394;0,04500074719226138;0,022000515163907396;-0,04500000000037568;-0,02200000000014489;7,471918857041016e-07;5,151637625065708e-07;0,0029185474732514034;0,0029185474732514034;0,0029185474732514034;0,9909020414187361;-0,10446685265947912;0,9908842863652053;-0,10462085994651754;2,9185474732514034e-07
395;0,04500014086314879;0,02200009716525393;-0,04500000000104134;-0,022000000001245502;1,4086210745056782e-07;9,71640084258818e-08;0,0029271581288183315;0,0029271581288183315;0,0029271581288183315;0,9879727958607548;-0,12168050685451082;0,9879694581056261;-0,12170958656840064;2,9271581288183313e-07
396;0,0520042080779686;0,02500290144140627;-0,05200000000007829;-0,024999999999972766;4,208077890310857e-06;2,901441433503932e-06;0,003369593091397382;0,0033695930913973807;0,003369593091397382;0,9886824366171968;-0,10097798538784539;0,9885959140140173;-0,10176399966987681;3,369593091397382e-07
397;0,043000299707929415;0,021000206680593516;-0,04299999999966329;-0,021000000001398258;2,9970826612851775e-07;2,066791952581859e-07;0,002794817545337344;0,002794817545337345;0,002794817545337345;0,9885688462725973;-0,10194494723672776;0,9885614093035255;-0,10200983188720637;2,7948175453373454e-07
398;0,04100080498155384;0,020000555041923926;-0,040999999999952325;-0,020000000000160965;8,04981601515431e-07;5,550417629604509e-07;0,002669622534292374;0,0026696225342923738;0,002669622534292374;0,9865855666554846;-0,25861320541865196;0,9865646572251406;-0,2587964896658809;2,669622534292374e-07
399;-0,040999999999922966;-0,019999999999961673;0,04100099538524332;0,020000686212568883;9,953853203556462e-07;6,862126072093577e-07;0,0026423891198277477;0,0026423891198277477;0,0026423891198277477;0,9967325480926099;-0,028856173207195347;0,9967586686480321;-0,028629666418897606;2,6423891198277475e-07
400;0,0;0,0;0,0;0,0;0,0;0,0;;;;;;;;
401;0,040001372776511675;0,019000946415128867;-0,04000000000005574;-0,018999999999913465;1,3727764559337552e-06;9,464152154019245e-07;0,0025668657706408907;0,002566865770640891;0,002566865770640891;0,9960729672915943;-0,034718119743277966;0,996035943308546;-0,03506211116611435;2,566865770640891e-07
402;0,00010000000851031687;5,899284669383943e-12;-9,999999998401744e-05;-1,999550241858982e-14;8,526299431028603e-12;5,879289166965353e-12;5,8400823632472556e-06;5,8400823632472556e-06;5,8400823632472556e-06;0,9885996162611321;-0,10169484107787646;0,988599531970174;-0,10169820966214684;5,840082363247255e-10
403;0,0;0,0;0,0;0,0;0,0;0,0;;;;;;;;
404;0,0;0,0;0,0;0,0;0,0;0,0;;;;;;;;
405;0,03710068223091722;0,01800047029768476;-0,03710024273411001;-0,018000167338572633;4,39496807211337e-07;3,029591121271602e-07;0,0023926660751488853;0,0023926660751488853;0,0023926660751488853;0,9950450244734793;-0,10734607876310548;0,9950322920389315;-0,10745824193333815;2,3926660751488854e-07
406;0,034001005528945985;0,017000693302418025;-0,0340000000001517;-0,01699999999992133;1,0055287942845048e-06;6,933024966938872e-07;0,0022027259286003186;0,0022027259286003186;0,0022027259286003186;0,9963837809593028;-0,03195282069811547;0,9963520810104812;-0,032209683794955965;2,2027259286003186e-07
407;0,03400008115299704;0,017000055978435444;-0,034000000000123806;-0,01700000000072361;8,115287323390286e-08;5,597771183390998e-08;0,0022217799526281635;0,002221779952628163;0,0022217799526281635;0,9878098847433668;-0,24769804729704906;0,9878073480138425;-0,24771881025711268;2,2217799526281635e-07
408;0,033100960475855874;0,0160006621681395;-0,0331000000081401;-0,016000000005515585;9,604677157770691e-07;6,621626239163014e-07;0,002147062236074515;0,0021470622360745145;0,002147062236074515;0,9886306184595754;-0,10141718607231485;0,9885996162611321;-0,10169484107787646;2,147062236074515e-07
409;0,031000197051349414;0,015000135840108767;-0,030999999998732482;-0,01499999999958135;1,9705261693203635e-07;1,3584052741683061e-07;0,001998239432426607;0,001998239432426607;0,001998239432426607;0,9950322920389315;-0,10745824193333815;0,9950254575398713;-0,10751888359670966;1,9982394324266068e-07
410;-0,3411786867958274;-0,16512335844482748;0,34140852205498684;0,1652818221529209;0,0002298352591594277;0,0001584637080934148;0,02233980429470208;0,022339804294702083;0,022339804294702083;0,9795823879195643;-0,35561237952757435;0,9802954632097647;-0,3491909995105862;2,233980429470208e-06
411;0,029103700703918087;0,014002551468152564;-0,02910146553046812;-0,014001010408990676;2,2351734499659326e-06;1,541059161887931e-06;0,0018666840863750458;0,0018666840863750455;0,0018666840863750458;0,9989203551087298;-0,009511029742755236;0,9988373935296921;-0,010255504659676278;1,866684086375046e-07
412;0,0290000619788318;0,014000052322410436;-0,02900000000064777;-0,014000000001785902;6,19781840294209e-08;5,2320624534252236e-08;0,0018808422532613873;0,0018808422532613873;0,0018808422532613873;0,9885017389887105;-0,11416552479658988;0,9884993274542506;-0,1142014162624633;1,8808422532613873e-07
413;0,023200461964013323;0,011000318553209027;-0,023200170625710434;-0,011000117662851317;2,913383028886607e-07;2,0089035770998187e-07;0,001500542970208838;0,0015005429702088379;0,001500542970208838;0,9879206884313868;-0,12278242255699529;0,9879072482314212;-0,12290895684573097;1,500542970208838e-07
414;0,023100170627611855;0,011000117664140434;-0,023100133870803202;-0,011000092309991398;3,6756808652338435e-08;2,535414903546973e-08;0,001495264395185683;0,0014952643951856833;0,0014952643951856833;0,9879072482314212;-0,12290895684573097;0,9879055459524232;-0,12292483008649271;1,4952643951856833e-07
415;0,028000696790780925;0,014000480463784796;-0,02799999999987;-0,014000000000077574;6,96790910924977e-07;4,804637072225448e-07;0,0018145664777956588;0,0018145664777956588;0,0018145664777956588;0,9960729672915943;-0,034718119743277966;0,9960463010542571;-0,034934312624867285;1,814566477795659e-07
416;0,02600023726767735;0,013000163602798863;-0,025999999999505575;-0,012999999999426134;2,3726817177660564e-07;1,6360337272945669e-07;0,001698652711958213;0,001698652711958213;0,001698652711958213;0,988023772133898;-0,11611841292496942;0,9880140722711095;-0,11619769061877949;1,698652711958213e-07
417;-0,20810971838629094;-0,10100692773244255;0,2081235585183542;0,10101646817517787;1,3840132063264177e-05;9,540442735322952e-06;0,013426856481261547;0,013426856481261542;0,013426856481261547;0,9946970680106076;-0,22992864774498073;0,9947685198735923;-0,229299641722051;1,3426856481261547e-06
418;0,024001450976088183;0,012001000374510596;-0,0239999999999383;-0,01199999999996762;1,4509761498832097e-06;1,00037454297576e-06;0,0015510974120771556;0,0015510974120771556;0,0015510974120771556;0,9988373935296921;-0,010255504659676278;0,998772434546415;-0,01078046499900308;1,5510974120771556e-07
419;0,024000820254398154;0,012000565526076252;-0,024000000000003813;-0,012000000000107355;8,202543943409968e-07;5,65525968896155e-07;0,0015509247460580601;0,0015509247460580601;0,0015509247460580601;0,9989203551087298;-0,009511029742755236;0,9988836288952607;-0,009807808623051494;1,55092474605806e-07
420;0,024000358108869642;0,012000246853526228;-0,02400000000032062;-0,011999999999840418;3,5810854902285083e-07;2,4685368581016387e-07;0,0015728889386344021;0,001572888938634402;0,0015728889386344021;0,984950791392252;-0,27303586300559085;0,9849349820213171;-0,2731653482645719;1,5728889386344022e-07
421;0,6147292212232778;0,2961066339486395;-0,614218222628481;-0,2957543093749315;0,0005109985947967521;0,000352324573707985;0,03974656134406743;0,03974656134406743;0,03974656134406743;0,9911350692647514;-0,2620311173507294;0,9902442552053586;-0,27007134266340277;3,974656134406742e-06
422;0,023000133870168443;0,01100009231005318;-0,022999999999929556;-0,010999999999530248;1,3387023888727922e-07;9,231052293216802e-08;0,0014899900324126403;0,0014899900324126406;0,0014899900324126406;0,9879055459524232;-0,12292483008649271;0,98789932305061;-0,12298217569585956;1,4899900324126405e-07
423;0,0230000612982517;0,011000042251602105;-0,023000000001039533;-0,011000000000788466;6,129721216718842e-08;4,225081363939953e-08;0,0014951564416674763;0,0014951564416674763;0,0014951564416674763;0,984488544851969;-0,13738430245598396;0,9844857056029217;-0,13741052616323315;1,4951564416674763e-07
424;0,0220006166111557;0,010000425122641701;-0,02199999999978544;-0,00999999999997095;6,166113702583964e-07;4,251226707503719e-07;0,0014046683757510039;0,0014046683757510039;0,0014046683757510039;0,9933109898963874;-0,0594692422329658;0,9932806868661518;-0,059781866042435794;1,4046683757510038e-07
425;0,021300536466908594;0,010000369894846073;-0,021300127809596843;-0,010000088139326069;4,08657311750521e-07;2,8175552000374304e-07;0,0013650869693401719;0,0013650869693401717;0,0013650869693401719;0,9952318255629795;-0,09658320292212899;0,995211115943238;-0,0967813415231876;1,365086969340172e-07
426;0,02100041989264934;0,010000314126782532;-0,02099995382811365;-0,009999992810016877;4,6606453569034145e-07;3,213167656546806e-07;0,001359383135024697;0,0013593831350246972;0,0013593831350246972;0,9878834908616052;-0,2959987649426836;0,9878597520016813;-0,2962197882438431;1,3593831350246972e-07
427;0,021000127762684805;0,010000088106287126;-0,021000000000369723;-0,009999999999996305;1,277623150816587e-07;8,810629082041388e-08;0,0013493532148354972;0,0013493532148354972;0,0013493532148354972;0,995211115943238;-0,0967813415231876;0,9952045596021403;-0,09684198451834082;1,3493532148354973e-07
428;0,021000070116983665;0,010000059203094644;-0,020999999999652984;-0,00999999999896718;7,011733068121306e-08;5,920412746336645e-08;0,0013486538485485463;0,0013486538485485468;0,0013486538485485468;0,995724438752608;-0,0380082507719277;0,9957206389915609;-0,038065664246213674;1,3486538485485466e-07
429;0,02100005224373508;0,010000046613940482;-0,0209999801719925;-0,009999996913176643;7,20717425774231e-08;4,970076383954691e-08;0,0013705238947494612;0,0013705238947494612;0,0013705238947494612;0,979834322771112;-0,3533258517249028;0,9798306814303881;-0,353360059443066;1,370523894749461e-07
430;0,021000081223647854;0,010000056000696242;-0,021000000000068866;-0,0099999999997608;8,122357898765475e-08;5,60009354427099e-08;0,0013608390007025894;0,0013608390007025894;0,0013608390007025894;0,986808943002577;-0,26291384314251776;0,9868048102701688;-0,26295237030005025;1,3608390007025895e-07
431;0,021000031684082123;0,010000032414915313;-0,020999980167650128;-0,009999996905777289;5,151643199530209e-08;3,550913802406741e-08;0,0013706897430972398;0,00137068974309724;0,00137068974309724;0,9797147274634741;-0,3545085014595923;0,9797121252724694;-0,35453291590111474;1,37068974309724e-07
432;0,0;0,0;0,0;0,0;0,0;0,0;;;;;;;;
433;-0,4030000000000757;-0,19499999999993692;0,4031335977005091;0,1950921078595648;0,0001335977004334188;9,210785962787682e-05;0,026237369319137078;0,026237369319137078;0,026237369319137078;0,9851554879002687;-0,1313790158161125;0,9855083988705902;-0,12821629003737392;2,6237369319137078e-06
434;0,019000328713840275;0,009000226622521704;-0,01899999999990168;-0,009000000000017647;3,2871393859656983e-07;2,2662250405772189e-07;0,0012182375969182321;0,0012182375969182321;0,0012182375969182321;0,9963837809593028;-0,03195282069811547;0,9963651043672271;-0,032127479087859755;1,218237596918232e-07
435;0,019000292943612416;0,009000201974936374;-0,018999999999710956;-0,008999999999934546;2,9294390145942484e-07;2,01975001827559e-07;0,0012182927508696266;0,0012182927508696268;0,0012182927508696268;0,9963366411581709;-0,03238799614334349;0,9963199974054532;-0,03254368120226195;1,2182927508696267e-07
436;0,018100413174622385;0,009000284834151604;-0,018100166830606848;-0,009000115009568588;2,4634401553716434e-07;1,698245830159678e-07;0,0011812372863710555;0,0011812372863710555;0,0011812372863710555;0,988023772133898;-0,11611841292496942;0,9880092952488592;-0,11623854031232254;1,1812372863710556e-07
437;0,01800016683062472;0,009000115009799418;-0,018000000000030925;-0,00899999999999937;1,668305937944925e-07;1,1500980004811034e-07;0,001176007750217955;0,0011760077502179552;0,0011760077502179552;0,9880092952488592;-0,11623854031232254;0,9879994444326292;-0,11631899425177748;1,1760077502179551e-07
438;0,018000015063722286;0,009000010371922005;-0,018000000004212327;-0,009000000003079081;1,5059509958503803e-08;1,0368842923158539e-08;0,0011711276911560429;0,0011711276911560429;0,0011711276911560429;0,9921173056752272;-0,09355547989881359;0,9921164130380362;-0,09356270957038659;1,171127691156043e-07
439;0,017000201527437166;0,00800013895268011;-0,017000000000084215;-0,008000000000192797;2,0152735295125845e-07;1,3895248731320142e-07;0,0010889461801163313;0,0010889461801163313;0,0010889461801163313;0,9961526441774006;-0,03401415719738266;0,9961398394468454;-0,03413588456762438;1,0889461801163314e-07
440;0,0;0,0;0,0;0,0;0,0;0,0;;;;;;;;
441;0,015000162917554028;0,0070001123171015795;-0,015000000000098445;-0,007000000000085249;1,6291745558345838e-07;1,1231701633074992e-07;0,0009576915410365228;0,0009576915410365225;0,0009576915410365228;0,997916313028917;-0,01840067950820331;0,9979045494770109;-0,018514502935585698;9,576915410365227e-08
442;0,014000285328856152;0,007000196716091723;-0,01400000000005604;-0,007000000000127862;2,853288001113119e-07;1,9671596386029722e-07;0,0009161742005850176;0,0009161742005850176;0,0009161742005850176;0,98640185136051;-0,12022463529898701;0,9863802250098392;-0,12040159864661008;9,161742005850177e-08
443;0,014000180346358861;0,007000124342759004;-0,013999999999880127;-0,00699999999990636;1,8034647873352294e-07;1,2434285264449618e-07;0,000906848038012265;0,0009068480380122649;0,000906848038012265;0,9965381186243709;-0,030551669894918296;0,996524308623176;-0,03066354118048846;9,06848038012265e-08
444;0,014000176881423387;0,007000121945298554;-0,014000000000220563;-0,006999999999980192;1,7688120282355335e-07;1,2194531836141193e-07;0,0009071987130993144;0,0009071987130993143;0,0009071987130993144;0,9961526441774006;-0,03401415719738266;0,9961391050022483;-0,03412385164217047;9,071987130993144e-08
445;0,014200399149433482;0,006000275197235264;-0,014200385808336562;-0,006000265994799796;1,3341096919902706e-08;9,202435468161352e-09;0,0009008341943941198;0,0009008341943941199;0,0009008341943941199;0,9880243709157749;-0,12123751607955466;0,988023353742228;-0,12124972191719535;9,0083419439412e-08
446;0,014100385808854475;0,006000265993940641;-0,014100078071231826;-0,006000053827456491;3,0773762264846294e-07;2,1216648414968536e-07;0,0008954543899260997;0,0008954543899260997;0,0008954543899260997;0,988023353742228;-0,12124972191719535;0,9879997400832227;-0,12152913197701018;8,954543899260997e-08
447;0,0;0,0;0,0;0,0;0,0;0,0;;;;;;;;
448;0,013000057998923759;0,006000039992385875;-0,01299999999978466;-0,006000000000276096;5,799913909906862e-08;3,9992109779167506e-08;0,0008398382074963606;0,0008398382074963606;0,0008398382074963606;0,9842893370235765;-0,2792249859934293;0,9842845647244782;-0,27927303109237633;8,398382074963606e-08
449;0,0;0,0;0,0;0,0;0,0;0,0;;;;;;;;
450;0,012000150862391017;0,00600010402675991;-0,01199999999993494;-0,00599999999991812;1,508624560778854e-07;1,0402684178997812e-07;0,0007768358663624663;0,0007768358663624664;0,0007768358663624664;0,9971310276001453;-0,02533632931041491;0,9971175415252879;-0,025445555031828705;7,768358663624664e-08
451;0,0;0,0;0,0;0,0;0,0;0,0;;;;;;;;
452;0,1730501811854169;0,08403478691088029;-0,1730118862593239;-0,08400838384282164;3,829492609300211e-05;2,6403068058650225e-05;0,011168305473089807;0,011168305473089805;0,011168305473089807;0,9944916293308742;-0,2316141577752042;0,9942539261315845;-0,2337061861008212;1,1168305473089807e-06
453;-0,010100000006620294;-0,005000000005661288;0,010100099313295138;0,005000083844291847;9,930667484343847e-08;8,383863055877461e-08;0,000660183557649173;0,000660183557649173;0,000660183557649173;0,985583960832073;-0,27378521900227387;0,9855949968819016;-0,27362722462842765;6,60183557649173e-08
454;0,010000041659081277;0,005000028718232496;-0,009999999999933448;-0,005000000000011439;4,16591478293038e-08;2,8718221057287552e-08;0,0006496756873898953;0,0006496756873898952;0,0006496756873898953;0,99357283897854;-0,05633083821045626;0,9935683863406971;-0,05636699694339742;6,496756873898953e-08
455;0,010000075038808369;0,005000051738949279;-0,009999999999739913;-0,00500000000002796;7,503906845549024e-08;5,1738921318274234e-08;0,0006479370887202976;0,0006479370887202977;0,0006479370887202977;0,9962424539156142;-0,03321803759922512;0,9962344116310388;-0,03328321394247931;6,479370887202977e-08
456;0,0;0,0;0,0;0,0;0,0;0,0;;;;;;;;
457;0,009000118264137647;0,004000081537485985;-0,008999999999935485;-0,003999999999998343;1,1826420216222433e-07;8,153748764193336e-08;0,0005760710950547343;0,0005760710950547342;0,0005760710950547343;0,98708688320921;-0,1260802084348965;0,9870727331845447;-0,1262342436145909;5,760710950547343e-08
458;0,009000072641450755;0,004000050083867408;-0,009000000000235911;-0,004000000000184398;7,264121484364117e-08;5,00836830098772e-08;0,0005755356546282733;0,0005755356546282732;0,0005755356546282733;0,9879997400832227;-0,12152913197701018;0,9879910406102741;-0,12162375086359668;5,7553565462827336e-08
459;0,0;0,0;0,0;0,0;0,0;0,0;;;;;;;;
460;0,379698861477762;0,18348201385955173;-0,3794084864395767;-0,18328181637187746;0,00029037503818529764;0,00020019748767427514;0,0248161374556034;0,024816137455603404;0,024816137455603404;0,9811063701224284;-0,3418597658520988;0,9802954632097647;-0,3491909995105862;2,4816137455603405e-06
461;0,00600004568298224;0,003000031497711118;-0,005999999999989129;-0,0030000000000350397;4,5682993111452463e-08;3,149767607846243e-08;0,00038923511331862297;0,00038923511331862297;0,00038923511331862297;0,9950322920389315;-0,10745824193333815;0,9950241418842588;-0,1075243697321375;3,892351133186229e-08
462;0,005000039164813487;0,002000027002887103;-0,0049999999999484415;-0,002000000000025293;3,916486504551564e-08;2,7002861809847373e-08;0,00031498708605134294;0,00031498708605134294;0,00031498708605134294;0,9870732081693125;-0,1262659655749615;0,9870647047735163;-0,12637795727009418;3,1498708605134296e-08
463;0,005000014554282346;0,0020000100341703323;-0,005000000000067399;-0,0019999999999881883;1,4554214946942146e-08;1,0034182144035009e-08;0,0003112755213848758;0,0003112755213848758;0,0003112755213848758;0,9988373935296921;-0,010255504659676278;0,998834195901621;-0,01029711801809227;3,112755213848758e-08
464;0,005000022946426724;0,0020000158211818894;-0,004999999999965952;-0,001999999999862921;2,2946460772298172e-08;1,5821318968475828e-08;0,00031199038889602237;0,00031199038889602237;0,00031199038889602237;0,9965505844672601;-0,03049165873611926;0,9965455544908293;-0,030557279208441444;3,1199038889602235e-08
465;0,005000005431168622;0,002000003743334027;-0,0050000000003966715;-0,002000000000022945;5,4307719501989205e-09;3,743311082111955e-09;0,00031468936063028437;0,0003146893606302843;0,00031468936063028437;0,9879997400832227;-0,12152913197701018;0,9879985599195229;-0,12154465123459439;3,146893606302844e-08
466;0,00020000004805809587;3,2840442772250285e-11;-0,0002000000037749567;-2,308702516122707e-12;4,428313916731916e-11;3,053174025612758e-11;1,1602571528237146e-05;1,1602571528237144e-05;1,1602571528237146e-05;0,995211115943238;-0,0967813415231876;0,9952108955879159;-0,09679008822022872;1,1602571528237146e-09
467;-9,999969514064951e-05;-1,734297419067737e-10;9,999970266995011e-05;1,7862094232401728e-10;7,529300601505536e-12;5,19120041724358e-12;5,859465508108697e-06;5,859465508108698e-06;5,859465508108698e-06;0,985326235447998;-0,31352024935175854;0,9853263096364883;-0,3135172750116515;5,859465508108698e-10
468;0,00010000000964503536;6,475133431425369e-12;-9,999999995663028e-05;2,0469713615586795e-13;9,688405080369306e-12;6,6798305675812366e-12;5,8295516171155795e-06;5,8295516171155795e-06;5,8295516171155795e-06;0,990385475239918;-0,0956891434600382;0,9903853792873686;-0,09569297072067427;5,829551617115579e-10
469;-9,999993405497092e-05;-3,7245970787813524e-11;9,999993706917469e-05;3,93241632562322e-11;3,014203768308618e-12;2,0781924684186783e-12;5,861880920542856e-06;5,861880920542857e-06;5,861880920542857e-06;0,984922580792371;-0,3029829987200396;0,9849226104799719;-0,302981808003359;5,861880920542857e-10
470;-9,999999981140645e-05;3,9402873796826275e-14;0,00010000000770310949;5,401307462836311e-12;7,891703038124566e-12;5,440710336633137e-12;5,854061181046827e-06;5,854061181046827e-06;5,854061181046827e-06;0,986238869470678;-0,2808767540820549;0,9862389473017223;-0,2808736367848949;5,854061181046826e-10
471;-9,999999959962102e-05;3,00110875384938e-14;0,00010000000621498159;5,554852152997012e-12;6,615360575957727e-12;5,584863240535506e-12;5,8579515091176535e-06;5,857951509117654e-06;5,857951509117654e-06;0,9855838956321428;-0,2737884188930046;0,985583960832073;-0,27378521900227387;5,857951509117655e-10
472;0,0001000000031715567;2,5664638179280845e-12;-9,999999948129501e-05;-2,2152061619907132e-14;3,6902616921442866e-12;2,5443117563081774e-12;5,8012858386116284e-06;5,801285838611628e-06;5,8012858386116284e-06;0,9952108955879159;-0,09679008822022872;0,9952108588620303;-0,09679154600343605;5,801285838611629e-10
