;p_from_mw;q_from_mvar;p_to_mw;q_to_mvar;pl_mw;ql_mvar;i_from_ka;i_to_ka;i_ka;vm_from_pu;va_from_degree;vm_to_pu;va_to_degree;loading_percent
0;-3,8952517301375433;-1,9067205458699203;3,899807532572595;1,9120950722208363;0,0045558024350516035;0,0053745263509159535;0,25076287840854194;0,25076287840854194;0,25076287840854194;0,9985136516935866;-0,0372566236544596;1,0;0,0;2,5076287840854194e-05
1;-3,831699949597691;-1,874204983050542;3,8351509973988076;1,8777200407472803;0,0034510478011164913;0,0035150576967382108;0,2469044457972991;0,24690444579729903;0,2469044457972991;0,9974275201011797;-0,059278187501620686;0,9985136516935866;-0,0372566236544596;2,469044457972991e-05
2;-5,463777660792487;-2,681349537632384;5,484802335288123;2,6958453204921398;0,021024674495635942;0,014495782859755835;0,3528485919352257;0,35284859193522566;0,3528485919352257;0,995866534730316;-0,03516225887477978;1,0;0,0;3,528485919352257e-05
3;-5,384339965661102;-2,638256591886949;5,404777660808777;2,6523495376110957;0,020437695147674795;0,014092945724146766;0,3490372270386249;0,34903722703862494;0,34903722703862494;0,9918048309498757;-0,07001918811394832;0,995866534730316;-0,03516225887477978;3,4903722703862495e-05
4;2,2456876713293923;1,1026554712037182;-2,236828736223959;-1,0936350548733873;0,008858935105433119;0,009020416330330905;0,14444101685851243;0,14444101685851246;0,14444101685851246;1,0;0,0;0,9952337174606608;-0,09647536908316127;1,4444101685851246e-05
5;-5,0847419676269405;-2,490571259148864;5,097316655377519;2,4992405201671093;0,012574687750578128;0,0086692610182455;0,33047262661889193;0,33047262661889204;0,33047262661889204;0,9891656304174723;-0,09276917294015495;0,9918048309498757;-0,07001918811394832;3,3047262661889205e-05
6;-2,2009420899240557;-1,0688845214260754;2,2154281997585996;1,0836346849795182;0,014486109834543903;0,01475016355344283;0,1430708933881798;0,14307089338817983;0,14307089338817983;0,9873710466300998;-0,25770270579303395;0,9952337174606608;-0,09647536908316127;1,4307089338817982e-05
7;-3,822755983387061;-1,8652000844522978;3,8315999495966078;1,8742049830494465;0,00884396620954675;0,009004898597148703;0,24689924610615138;0,24689924610615135;0,24689924610615138;0,9946450262635211;-0,11589410795898454;0,9974275201011797;-0,059278187501620686;2,4689924610615136e-05
8;-3,1253610463226718;-1,5489137153556294;3,1270082335927327;1,5508569577341405;0,001647187270060968;0,0019432423785110675;0,20152202357979918;0,20152202357979915;0,20152202357979918;0,9993299086142662;-0,016574282330614847;1,0;0,0;2,015220235797992e-05
9;-3,7728633134679876;-1,8342762763018434;3,7855553006044977;1,847199613776153;0,012691987136510097;0,012923337474309626;0,24450040704239961;0,24450040704239964;0,24450040704239964;0,9906143366069318;-0,1985025267521049;0,9946450262635211;-0,11589410795898454;2,4450040704239964e-05
10;-3,0893366654849563;-1,512335122889754;3,1252610463225854;1,5489137153561743;0,035924380837629055;0,03657859246642037;0,2015168470671097;0,2015168470671097;0,2015168470671097;0,9854660120377498;-0,29677851514591796;0,9993299086142662;-0,016574282330614847;2,015168470671097e-05
11;3,0892366655418773;1,512335122842659;-3,0583149028450833;-1,4808493300419132;0,03092176269679392;0,031485792800745704;0,20151158510377223;0,20151158510377223;0,20151158510377223;0,9854660120377498;-0,29677851514591796;0,9735516145529339;-0,544360600680171;2,0151158510377225e-05
12;-3,6376535566263972;-1,7638972717446446;3,646863313468233;1,7732762763013696;0,00920975684183567;0,009379004556725024;0,2363415571715388;0,2363415571715388;0,2363415571715388;0,987589711056442;-0,2609659128615044;0,9906143366069318;-0,1985025267521049;2,363415571715388e-05
13;3,752611251624444;1,8421111556600636;-3,732427089877896;-1,8281954431070104;0,02018416174654769;0,013915712553053128;0,2413535768371487;0,24135357683714867;0,2413535768371487;1,0;0,0;0,994199233338553;-0,049594489425306185;2,413535768371487e-05
14;3,4747688724325143;1,7007782897110177;-3,4570813248232932;-1,6885835607016562;0,017687547609221088;0,012194729009361582;0,22558302778794398;0,2255830277879439;0,22558302778794398;0,9901374279408425;-0,08464073424663256;0,9846996812859526;-0,1319543338473057;2,25583027787944e-05
15;3,606427089892444;1,7671954430872148;-3,5927688723844984;-1,7577782897731937;0,013658217507945825;0,009417153314021043;0,23322422357582978;0,23322422357582978;0,23322422357582978;0,994199233338553;-0,049594489425306185;0,9901374279408425;-0,08464073424663256;2,332242235758298e-05
16;3,331081324942296;1,6275835605535875;-3,3147609626804875;-1,6163309734230187;0,01632036226180844;0,01125258713056887;0,21737521150228692;0,21737521150228684;0,21737521150228692;0,9846996812859526;-0,1319543338473057;0,9794932795797254;-0,17771789668219343;2,173752115022869e-05
17;2,979786626431263;1,465557964878343;-2,9369037709023136;-1,435991300646871;0,04288285552894955;0,02956666423147203;0,19172018227507992;0,1917201822750799;0,19172018227507992;1,0;0,0;0,9844849712759238;-0,13329230437154482;1,9172018227507992e-05
18;2,915803699682436;1,4259912394384584;-2,878735763605446;-1,4004335926526688;0,037067936076990105;0,025557646785789645;0,1903509365733947;0,19035093657339472;0,19035093657339472;0,9844849712759238;-0,13329230437154482;0,9709815701542361;-0,2527408138152403;1,903509365733947e-05
19;-2,775490674380484;-1,3533010306952693;2,7835333197456467;1,3600904224590893;0,008042645365162748;0,006789391763819985;0,18436688235853393;0,18436688235853396;0,18436688235853396;0,9669669281370794;-0,3386398216170614;0,9701628823885899;-0,2909659936037116;1,8436688235853397e-05
20;-3,1641447463039434;-1,5465850292672005;3,172840780264504;1,553926365130753;0,008696033960560623;0,007341335863552567;0,20907902792091385;0,20907902792091387;0,20907902792091387;0,9725348636971417;-0,2557508739243518;0,9755827912010695;-0,21071637991971662;2,0907902792091387e-05
21;-2,7218788731685097;-1,3244917821166937;2,7263899955497135;1,3283005622867814;0,004511122381203769;0,0038087801700876778;0,18107756759546376;0,1810775675954638;0,1810775675954638;0,9651421153446328;-0,36605182675653003;0,9669669281370794;-0,3386398216170614;1,810775675954638e-05
22;1,448584416395704;0,7050785825575758;-1,4395626045653012;-0,6988583886361281;0,009021811830402848;0,006220193921447681;0,09301492029070538;0,0930149202907054;0,0930149202907054;1,0;0,0;0,9932756690961354;-0,05888060467527577;9,30149202907054e-06
23;1,8884065825078267;0,9144831623181062;-1,8758558975910258;-0,9058298857133624;0,012550684916800892;0,008653276604743798;0,12113847276322819;0,1211384727632282;0,1211384727632282;1,0;0,0;0,992819448222221;-0,0637554353293445;1,211384727632282e-05
24;1,853755280369722;0,8958294601696997;-1,8512403733317448;-0,8940955160559644;0,0025149070379770766;0,0017339441137352862;0,11972825663821854;0,11972825663821854;0,11972825663821854;0,992819448222221;-0,0637554353293445;0,9913637463411585;-0,0767691100603427;1,1972825663821855e-05
25;-3,03164507949529;-1,4800987055508519;3,0381447464858846;1,4855850291111;0,006499666990594566;0,00548632356024803;0,2007685541731448;0,20076855417314482;0,20076855417314482;0,9701628823885899;-0,2909659936037116;0,9725348636971417;-0,2557508739243518;2,0076855417314483e-05
26;-1,8347994094588245;-0,885723227183756;1,8382403733322699;0,8880955160558354;0,0034409638734453907;0,002372288872079409;0,11889454451941897;0,11889454451941893;0,11889454451941897;0,9893581246822871;-0,09474453026727864;0,9913637463411585;-0,0767691100603427;1,1889454451941896e-05
27;-2,5914308531967825;-1,2604253229076796;2,5958788734963116;1,2634917814807;0,004448020299529176;0,0030664585730204585;0,17270339355079647;0,17270339355079647;0,17270339355079647;0,963356499305994;-0,3821678945941103;0,9651421153446328;-0,36605182675653003;1,7270339355079647e-05
28;-2,582500684128363;-1,2543375249372468;2,5913308536384863;1,260425322418945;0,008830169510123387;0,006087797481698187;0,17269800414423697;0,1726980041442369;0,17269800414423697;0,959811776219242;-0,4143420721904105;0,963356499305994;-0,3821678945941103;1,7269800414423695e-05
29;0,8295416188785384;0,4024647468252353;-0,8289247626341676;-0,4019440082205199;0,0006168562443708003;0,0005207386047154094;0,053822436969919514;0,053822436969919514;0,053822436969919514;0,9890435354514274;-0,09627623656819585;0,9882043988237647;-0,1086684448993266;5,382243696991951e-06
30;0,7879247626341541;0,3819440082204081;-0,7872826135362855;-0,3814018833248486;0,0006421490978686384;0,0005421248955594926;0,051157251925978336;0,05115725192597833;0,051157251925978336;0,9882043988237647;-0,1086684448993266;0,9872854103062377;-0,12227358493206357;5,115725192597833e-06
31;1,3135626045654363;0,637858388636121;-1,3112716492286969;-0,6362789262209425;0,0022909553367393976;0,0015794624151784786;0,0848779244869903;0,08487792448699034;0,08487792448699034;0,9932756690961354;-0,05888060467527577;0,9914046050728512;-0,07539442078709285;8,487792448699034e-06
32;0,605376661124093;0,2932596801563167;-0,6050216856288907;-0,29301495239177644;0,0003549754952023587;0,00024472776454026457;0,03926187865502598;0,03926187865502599;0,03926187865502599;0,9891656304174723;-0,09276917294015495;0,9885389653891663;-0,09835087622056984;3,926187865502599e-06
33;3,2566602569335292;1,5883304864531909;-3,2467570682758726;-1,5815021167693846;0,009903188657656603;0,00682836968380629;0,21357362183236459;0,21357362183236464;0,21357362183236464;0,9794932795797254;-0,17771789668219343;0,9762780419299534;-0,20621418673872266;2,1357362183236465e-05
34;2,756570885165193;1,3443737480703877;-2,7557054019999794;-1,3437766929792196;0,0008654831652137318;0,0005970550911680306;0,18137143465700356;0,1813714346570035;0,18137143465700356;0,9762780419299534;-0,20621418673872266;0,9759471068774763;-0,20915301161878108;1,8137143465700358e-05
35;2,755605402012201;1,3437766929744948;-2,7554968529060293;-1,3437016954102303;0,00010854910617164037;7,499756426443405e-05;0,18136611738930222;0,18136611738930222;0,18136611738930222;0,9759471068774763;-0,20915301161878108;0,9759055837845997;-0,2095236443805769;1,8136611738930224e-05
36;2,7464968529160596;1,3397016953623007;-2,7438093470557905;-1,3378485811427063;0,0026875058602691126;0,0018531142195943318;0,18078382247602137;0,18078382247602137;0,18078382247602137;0,9759055837845997;-0,2095236443805769;0,9748747399180515;-0,21867012928942867;1,8078382247602137e-05
37;2,316541264026655;1,1242682681208798;-2,3131123394533497;-1,1219039144995566;0,0034289245733054585;0,0023643536213231453;0,15053268209144707;0,15053268209144707;0,15053268209144707;0,987589711056442;-0,2609659128615044;0,9860106598925976;-0,27500558611336823;1,5053268209144708e-05
38;0,9429826172272442;0,4581782852019387;-0,9404918480117673;-0,4564609833078205;0,0024907692154768624;0,0017173018941182283;0,060529429685713836;0,06052942968571384;0,06052942968571384;1,0;0,0;0,9971473442381534;-0,024997163545330804;6,052942968571385e-06
39;2,700809055185445;1,3168483794712356;-2,683794852935707;-1,3051179847543304;0,01701420224973793;0,01173039471690518;0,17794974713804013;0,17794974713804015;0,17794974713804015;0,9748747399180515;-0,21867012928942867;0,9682454899788059;-0,2779426438029496;1,7794974713804016e-05
40;1,1932668550691938;0,5792748788709181;-1,1920891575487413;-0,5784628959019605;0,001177697520452492;0,0008119829689575697;0,07724605513984442;0,07724605513984442;0,07724605513984442;0,9914046050728512;-0,07539442078709285;0,9903477244808098;-0,08474073768498765;7,724605513984443e-06
41;1,1919891575468193;0,5784628959047166;-1,1919368941361042;-0,5784267410794959;5,2263410715180925e-05;3,615482522068003e-05;0,07724081029931502;0,07724081029931501;0,07724081029931502;0,9903477244808098;-0,08474073768498765;0,9903007803556159;-0,08516061203140597;7,724081029931502e-06
42;0,940391848010774;0,45646098330807783;-0,9401348025786396;-0,45628372196475453;0,00025704543213445064;0,00017726134332329835;0,06052422080842315;0,060524220808423145;0,06052422080842315;0,9971473442381534;-0,024997163545330804;0,9968529205538141;-0,02758634272765969;6,052422080842316e-06
43;0,9400348025794955;0,45628372196517364;-0,9388986793778303;-0,4553244999583519;0,001136123201665118;0,0009592220068217472;0,06051901038414673;0,06051901038414673;0,06051901038414673;0,9968529205538141;-0,02758634272765969;0,995478324233424;-0,04772832583605348;6,051901038414674e-06
44;0,9387986793773212;0,4553244999588197;-0,9383461760440316;-0,45494252518585315;0,0004525033332896111;0,00038197477296653126;0,06051379198088649;0,0605137919808865;0,0605137919808865;0,995478324233424;-0,04772832583605348;0,9949308509680436;-0,05576197855114163;6,05137919808865e-06
45;2,6606947900558207;1,2941179405237608;-2,64994435680174;-1,2867057161538407;0,010750433254080871;0,007412224369920173;0,17642417850567185;0,17642417850567185;0,17642417850567185;0,9682454899788059;-0,2779426438029496;0,9640210226939296;-0,31613178363634215;1,7642417850567184e-05
46;2,2631123394536483;1,0979039144990639;-2,259829765426488;-1,0956404742797017;0,0032825740271604786;0,0022634402193622005;0,1472851963773053;0,1472851963773053;0,1472851963773053;0,9860106598925976;-0,27500558611336823;0,9844657102640584;-0,2887778964980105;1,472851963773053e-05
47;1,159936894132404;0,5634267410749838;-1,1585734328425474;-0,5624866802130306;0,001363461289856538;0,0009400608619531958;0,07518059313822376;0,07518059313822377;0,07518059313822377;0,9903007803556159;-0,08516061203140597;0,9890435354514274;-0,09627623656819585;7,518059313822377e-06
48;1,4015615284428122;0,681904989228741;-1,396056335052003;-0,6781093428963634;0,005505193390809238;0,0037956463323776113;0,08998831650731114;0,08998831650731115;0,08998831650731115;1,0;0,0;0,9957587216625431;-0,03708642226705755;8,998831650731114e-06
49;0,832346176044266;0,4039425251851643;-0,8318006278358576;-0,40348189191425116;0,0005455482084083529;0,00046063327091316886;0,05368780839605923;0,053687808396059224;0,05368780839605923;0,9949308509680436;-0,05576197855114163;0,994186789794774;-0,06668325101775105;5,368780839605923e-06
50;2,6498443571889867;1,2867057157354425;-2,644384034586944;-1,2829410063080424;0,005460322602042655;0,003764709427400037;0,17641879107091618;0,17641879107091613;0,17641879107091618;0,9640210226939296;-0,31613178363634215;0,9618754523710498;-0,3356544013051337;1,764187910709162e-05
51;1,3959563350520303;0,6781093428960178;-1,3953881714746503;-0,6777175310745923;0,0005681635773799876;0,00039181182142544735;0,0899831011465519;0,0899831011465519;0,0899831011465519;0,9957587216625431;-0,03708642226705755;0,9953209740642333;-0,04093416034092756;8,99831011465519e-06
52;-2,526358748325631;-1,2266883865781328;2,5272987079502154;1,2273361618526868;0,0009399596245844855;0,0006477752745539522;0,16900153857898875;0,1690015385789887;0,16900153857898875;0,9594262531796393;-0,4178527952311975;0,959811776219242;-0,4143420721904105;1,6900153857898875e-05
53;1,9463636282539214;0,9432624365644569;-1,9435981523616;-0,9400004286807604;0,002765475892321456;0,0032620078836964606;0,12826672314197643;0,12826672314197643;0,12826672314197643;0,9735516145529339;-0,544360600680171;0,971791413928578;-0,5902560032381611;1,2826672314197643e-05
54;-2,584606350131696;-1,249547395292404;2,6083840355253045;1,2659410054397817;0,023777685393608472;0,016393610147377613;0,17402927045301697;0,17402927045301697;0,17402927045301697;0,9524051838966997;-0,42279874843983517;0,9618754523710498;-0,3356544013051337;1,7402927045301697e-05
55;0,45927010136738894;0,2223913197724909;-0,4591265153323257;-0,22227011980205702;0,00014358603506325895;0,00012119997043388842;0,029840509905159466;0,02984050990515946;0,029840509905159466;0,9872854103062377;-0,12227358493206357;0,9869331792613647;-0,12749729142646923;2,9840509905159466e-06
56;0,45902651533358124;0,22227011980236064;-0,45895553542464534;-0,22221019545486168;7,097990893589756e-05;5,9924347498963026e-05;0,029835244638230132;0,029835244638230132;0,029835244638230132;0,9869331792613647;-0,12749729142646923;0,9867590178534524;-0,1300816153083985;2,9835244638230134e-06
57;0,4298554732287223;0,20821014294931872;-0,4296597468699575;-0,20804489779629412;0,00019572635876480282;0,0001652451530246013;0,02794581601688205;0,027945816016882053;0,027945816016882053;0,9867590178534524;-0,1300816153083985;0,9862462854784303;-0,13769043732990394;2,7945816016882053e-06
58;-0,2020000000005351;-0,09799999999627998;0,20202168562816838;0,09801495239905927;2,1685627633272198e-05;1,495240277929466e-05;0,013114316954014448;0,013114316954014446;0,013114316954014448;0,9884243373394898;-0,09936827191409088;0,9885389653891663;-0,09835087622056984;1,3114316954014449e-06
59;0,888135614945463;0,4311313232420704;-0,8875947495128532;-0,43049338196194414;0,0005408654326097828;0,0006379412801262307;0,05772784601777533;0,057727846017775336;0,057727846017775336;0,9873710466300998;-0,25770270579303395;0,9866058538605252;-0,2773166451668512;5,7727846017775334e-06
60;4,161365306554245;2,043311578928074;-4,1465935286128905;-2,0331261909259832;0,014771777941354536;0,01018538800209079;0,2705886734373625;0,2705886734373625;0,2705886734373625;0,9891656304174723;-0,09276917294015495;0,985378758594209;-0,12542291705407155;2,705886734373625e-05
61;-0,0013000001088309789;-7,6217305431425e-11;0,0013000043538152401;3,659972233010001e-09;4,244984261238954e-09;3,583754927578576e-09;7,880657059792909e-05;7,880657059792909e-05;7,880657059792909e-05;0,9524020739456377;-0,42295669715538875;0,9524051838966997;-0,42279874843983517;7,880657059792909e-09
62;-0,547379288069924;-0,26426149556775125;0,5475044186782232;0,2643477619864757;0,00012513060829921763;8,626641872444551e-05;0,036639583139934526;0,03663958313993452;0,036639583139934526;0,9577926881284682;-0,4330279685083718;0,9580293533618958;-0,43083361724185465;3,6639583139934526e-06
63;3,2623560441790525;1,5990382462502404;-3,2549407802134334;-1,5939263650425997;0,00741526396561909;0,005111881207640723;0,21448368378205085;0,21448368378205088;0,21448368378205088;0,9779806747392499;-0,18974537827552518;0,9755827912010695;-0,21071637991971662;2,144836837820509e-05
64;1,0393680321446765;0,5057013131092737;-1,0379735688189713;-0,5045239760847661;0,001394463325705253;0,0011773370245076187;0,0670475096839622;0,06704750968396221;0,06704750968396221;0,9953209740642333;-0,04093416034092756;0,9937977377310291;-0,06320453287114992;6,7047509683962214e-06
65;-0,4902054734512184;-0,2371416725870582;0,49037928806423625;0,2372614956517555;0,00017381461301785306;0,0001198230646972942;0,03283780316296868;0,032837803162968686;0,032837803162968686;0,9574258437636197;-0,43641166686182264;0,9577926881284682;-0,4330279685083718;3,283780316296869e-06
66;0,5797136759420624;0,2814920364383221;-0,5793555397789293;-0,28124512824259024;0,0003581361631330715;0,0002469081957318653;0,03768278020428173;0,03768278020428172;0,03768278020428173;0,9873710466300998;-0,25770270579303395;0,9867122132481755;-0,26354558633360015;3,7682780204281733e-06
67;0,6298006278361343;0,3054818919146621;-0,6295689308077099;-0,3052862829129156;0,00023169702842440465;0,00019560900174647733;0,040649503980999466;0,040649503980999466;0,040649503980999466;0,994186789794774;-0,06668325101775105;0,9937694574442009;-0,07281516932142115;4,064950398099946e-06
68;0,6294689308075792;0,3052862829125154;-0,6292735207885377;-0,30512130194538656;0,00019541001904144206;0,00016498096712885824;0,04064427654256812;0,04064427654256813;0,04064427654256813;0,9937694574442009;-0,07281516932142115;0,9934174388016739;-0,07799066973773361;4,064427654256813e-06
69;3,9345934863406558;1,9301261616282077;-3,925049337872381;-1,9235471278861385;0,00954414846827456;0,006579033742069251;0,2567788840429238;0,25677888404292387;0,25677888404292387;0,985378758594209;-0,12542291705407155;0,9828007369196918;-0,1477488566625851;2,5677888404292384e-05
70;0,6111735057669124;0,29612129160509715;-0,6111625696976434;-0,2961120847433621;1,0936069269051885e-05;9,206861735056027e-06;0,03946954047399609;0,039469540473996104;0,039469540473996104;0,9934174388016739;-0,07799066973773361;0,9933971703470861;-0,07828740120555185;3,94695404739961e-06
71;-0,5200515261410419;-0,2520355220445094;0,5205883721624871;0,2524056825755653;0,0005368460214452142;0,0003701605310558742;0,033822384271064404;0,033822384271064404;0,033822384271064404;0,9864894698415828;-0,2707677371666239;0,987589711056442;-0,2609659128615044;3,382238427106441e-06
72;0,9229735688189077;0,44852397608465056;-0,9223351048223073;-0,44798499219974486;0,0006384639966003913;0,0005389838849056972;0,05961652844861466;0,059616528448614675;0,059616528448614675;0,9937977377310291;-0,06320453287114992;0,9930134880262539;-0,07469945728637892;5,961652844861468e-06
73;-1,5115198638361647;-0,7313919382992813;1,5139548916961898;0,7330706990386314;0,0024350278600251407;0,001678760739350138;0,10283095208847579;0,10283095208847577;0,10283095208847579;0,9427820494517661;-0,5711416818000171;0,9444232847714515;-0,5557956407773774;1,0283095208847579e-05
74;0,0;0,0;0,0;0,0;0,0;0,0;;;;;;;;
75;-0,00010000000003161633;3,7581391320174444e-14;0,0001000000317725764;2,1846230577239967e-11;3,174096006646962e-11;2,188381196856014e-11;5,8460557675423035e-06;5,8460557675423035e-06;5,8460557675423035e-06;0,9875893975860622;-0,26097845135818193;0,987589711056442;-0,2609659128615044;5,846055767542303e-10
76;1,8120943227876116;0,8769976594801958;-1,809898356725653;-0,875483614479885;0,0021959660619585986;0,0015140450003108263;0,11960366175910356;0,11960366175910354;0,11960366175910356;0,971791413928578;-0,5902560032381611;0,9705188834524267;-0,6018317255931614;1,1960366175910354e-05
77;0,518412842039642;0,2514369155228251;-0,5182481162001568;-0,25124258677885264;0,00016472583948523578;0,00019432874397246058;0,03371682501457354;0,03371682501457354;0,03371682501457354;0,9866058538605252;-0,2773166451668512;0,9862068631116977;-0,2875596973513712;3,3716825014573544e-06
78;3,7990493379522294;1,862547127792135;-3,792681084960342;-1,8581564434679845;0,006368252991887591;0,004390684324150573;0,24855525483468138;0,24855525483468138;0,24855525483468138;0,9828007369196918;-0,1477488566625851;0,9810236160462933;-0,16320106163869255;2,485552548346814e-05
79;-0,8040744924770509;-0,39076493577518306;0,8043351048222354;0,39098499219985944;0,0002606123451844855;0,00022005642467637365;0,05199738487526998;0,051997384875269996;0,051997384875269996;0,9926464207576611;-0,0800815274158454;0,9930134880262539;-0,07469945728637892;5,199738487527e-06
80;-0,9311466201335961;-0,4507905133873291;0,9315667695268948;0,4510802296619506;0,0004201493932987077;0,00028971627462148763;0,060700505558565376;0,06070050555856537;0,060700505558565376;0,9839859434994758;-0,2930783640137326;0,9844657102640584;-0,2887778964980105;6,070050555856538e-06
81;0,43624811620002457;0,21124258677884297;-0,4361569539267275;-0,2111497577867176;9,116227329708515e-05;9,28289921253711e-05;0,02837566171666417;0,028375661716664165;0,02837566171666417;0,9862068631116977;-0,2875596973513712;0,9859576085193179;-0,2927407691094189;2,8375661716664167e-06
82;0,40916256969381704;0,19811208474361838;-0,4091051680035761;-0,19807250459237613;5,7401690240932446e-05;3,9580151242252226e-05;0,026420874931381934;0,026420874931381934;0,026420874931381934;0,9933971703470861;-0,07828740120555185;0,9932465816600177;-0,07962467873597961;2,6420874931381933e-06
83;0,9998650881111282;0,4835304542659172;-0,999388443261778;-0,4831280599408881;0,0004766448493501718;0,00040239432502908734;0,0673275503995003;0,06732755039950031;0,06732755039950031;0,9524051838966997;-0,42279874843983517;0,9518870004870359;-0,4307861029981925;6,7327550399500315e-06
84;0,3991569539267876;0,19314975778619;-0,39908061570442305;-0,19307202387295555;7,633822236458032e-05;7,773391323445678e-05;0,025966262670484474;0,025966262670484474;0,025966262670484474;0,9859576085193179;-0,2927407691094189;0,9857295399386498;-0,2974865699176954;2,5966262670484473e-06
85;-1,3379404635883865;-0,6466825610557204;1,3404021388300378;0,6483797176414124;0,0024616752416513066;0,0016971565856920279;0,09118390287278205;0,09118390287278204;0,09118390287278205;0,9409110351567359;-0,5887180480921037;0,9427820494517661;-0,5711416818000171;9,118390287278205e-06
86;-0,7235750003331495;-0,35134324471135914;0,7240744924768764;0,3517649357746347;0,0004994921437269095;0,0004216910632755533;0,04682090613582852;0,046820906135828524;0,046820906135828524;0,9918652095359928;-0,09155213623939372;0,9926464207576611;-0,0800815274158454;4,682090613582853e-06
87;0,6313653943357143;0,3052518973872028;-0,6311870161311137;-0,30512893028445687;0,00017837820460053777;0,00012296710274595224;0,042512076429588354;0,04251207642958836;0,04251207642958836;0,9524051838966997;-0,42279874843983517;0,9521143944918313;-0,42550089140529357;4,251207642958836e-06
88;0,00010000000574472897;4,8667997527023806e-12;-9,999999991343721e-05;5,565102982865093e-14;5,8312917618512025e-12;4,9224507825310315e-12;5,918004166986599e-06;5,918004166986599e-06;5,918004166986599e-06;0,9755827912010695;-0,21071637991971662;0,9755827343119927;-0,21071920027610347;5,918004166986599e-10
89;1,8136220747766898;0,8815263915211218;-1,7866536016891281;-0,8629326855066567;0,026968473087561673;0,018593706014465083;0,12135672468403938;0,12135672468403937;0,12135672468403938;0,9593475518462503;-0,35753785355243023;0,9439441831761296;-0,5000037693136415;1,2135672468403938e-05
90;0,8750758644215199;0,42376503958765604;-0,8747410125214282;-0,4234822966044787;0,00033485190009163723;0,00028274298317731983;0,058940035581020365;0,05894003558102038;0,05894003558102038;0,9524051838966997;-0,42279874843983517;0,9519892646182707;-0,42919718767399;5,894003558102038e-06
91;0,7067987496076727;0,34255069675970456;-0,7062113583590415;-0,3421456993172469;0,0005873912486312749;0,00040499744245764413;0,0458347801292529;0,0458347801292529;0,0458347801292529;0,9893581246822871;-0,09474453026727864;0,9884698212642145;-0,10264985022562412;4,58347801292529e-06
92;1,0852621874471857;0,5265596871832151;-1,0845433452000153;-0,5260640943975197;0,0007188422471704481;0,0004955927856954423;0,07074228740903711;0,07074228740903708;0,07074228740903711;0,9844657102640584;-0,2887778964980105;0,9837613331933642;-0,29505650458411703;7,074228740903712e-06
93;0,32108061570348984;0,15507202387304095;-0,3210423950117056;-0,15503975676385237;3,822069178421872e-05;3,2267109188577336e-05;0,020884441508325476;0,02088444150832547;0,020884441508325476;0,9857295399386498;-0,2974865699176954;0,9855956007466383;-0,29948474893869453;2,0884441508325475e-06
94;3,590681085072208;1,760156443346651;-3,580356044024527;-1,753038246396495;0,010325041047681172;0,0071181969501559195;0,23534210932201713;0,23534210932201716;0,23534210932201716;0,9810236160462933;-0,16320106163869255;0,9779806747392499;-0,18974537827552518;2,3534210932201717e-05
95;-0,2020000000000035;-0,09799999999980172;0,20205152614092906;0,0980355220446522;5,1526140925545194e-05;3,5522044850480605e-05;0,013143659560704575;0,013143659560704573;0,013143659560704575;0,9862177261306088;-0,2731834458510075;0,9864894698415828;-0,2707677371666239;1,3143659560704575e-06
96;0,2831051680028927;0,1370725045928857;-0,2830355184041387;-0,13702448698614217;6,964959875399579e-05;4,801760674352784e-05;0,018283635598874637;0,018283635598874637;0,018283635598874637;0,9932465816600177;-0,07962467873597961;0,9929825525320334;-0,08196895855680447;1,8283635598874637e-06
97;1,56289835676215;0,7564836144693172;-1,5564636538124046;-0,7520472127937727;0,006434702949745352;0,004436401675544488;0,10329354626132732;0,1032935462613273;0,10329354626132732;0,9705188834524267;-0,6018317255931614;0,9662014417093882;-0,6412676608018157;1,0329354626132732e-05
98;1,5563636538573793;0,7520472127513881;-1,5550767193095487;-0,7511600248462433;0,001286934547830576;0,0008871879051447484;0,10328816596207793;0,10328816596207795;0,10328816596207795;0,9662014417093882;-0,6412676608018157;0,965337985754724;-0,649193626465628;1,0328816596207795e-05
99;-1,8344930710548126;-0,892162615166558;1,8416990760335379;0,89713060567944;0,007206004978725256;0,004967990512881992;0,12333762647696696;0,12333762647696696;0,12333762647696696;0,9549030679625126;-0,4589444263204548;0,958953805563482;-0,42213426047061253;1,2333762647696696e-05
100;-0,46354716575587224;-0,2243082934933672;0,46365973025512275;0,2243858932924029;0,00011256449925051148;7,759979903571024e-05;0,030547316028462546;0,030547316028462546;0,030547316028462546;0,9732962232933823;-0,5466765427948292;0,9735516145529339;-0,544360600680171;3,0547316028462548e-06
101;-1,824003363273868;-0,8853777195032623;1,8294930717786893;0,8891626144147119;0,0054897085048213334;0,003784894911449621;0,12298643841857239;0,12298643841857237;0,12298643841857239;0,9518086599335872;-0,4873293622459556;0,9549030679625126;-0,4589444263204548;1,2298643841857238e-05
102;-0,6686108734589712;-0,3223522114999942;0,669512617861579;0,3229739241066916;0,0009017444026078181;0,000621712606697411;0,044731887235995735;0,04473188723599575;0,04473188723599575;0,9580293533618958;-0,43083361724185465;0,9594262531796393;-0,4178527952311975;4,4731887235995745e-06
103;2,1910766793985457;1,0685591509436114;-2,190039812441881;-1,0678443745734845;0,001036866956664717;0,0007147763701269572;0,14494990621716172;0,14494990621716172;0,14494990621716172;0,9709815701542361;-0,2527408138152403;0,9704855731830765;-0,2571605659974447;1,4494990621716171e-05
104;-0,7286710482570468;-0,3524626683120725;0,7291466201331063;0,3527905133870763;0,0004755718760595107;0,00032784507500377424;0,04752704059805576;0,04752704059805576;0,04752704059805576;0,9832924483975105;-0,2993064453430647;0,9839859434994758;-0,2930783640137326;4,752704059805576e-06
105;0,20203551840407566;0,09802448698627524;-0,20199999999990031;-0,09800000000007057;3,551840417534424e-05;2,448698620466372e-05;0,01305659611327742;0,013056596113277419;0,01305659611327742;0,9929825525320334;-0,08196895855680447;0,9927939818719348;-0,08363446585688133;1,3056596113277422e-06
106;-0,3994179365419821;-0,19321920145594113;0,39954716575534566;0,19330829349811202;0,00012922921336355753;8,909204217089073e-05;0,026328983875759646;0,026328983875759653;0,026328983875759653;0,9729560488448363;-0,5497649250458592;0,9732962232933823;-0,5466765427948292;2,632898387575965e-06
107;1,8567461305720268;0,9037144623607061;-1,8558993104395305;-0,9031307679586572;0,0008468201324962621;0,0005836944020488621;0,12426443919262214;0,12426443919262214;0,12426443919262214;0,9594262531796393;-0,4178527952311975;0,958953805563482;-0,42213426047061253;1,2426443919262213e-05
108;0,19904239501203644;0,09603975676410129;-0,19901037195288743;-0,09600715046192176;3,202305914901116e-05;3,2606302179521984e-05;0,012945986713423554;0,012945986713423556;0,012945986713423556;0,9855956007466383;-0,29948474893869453;0,9854037882941749;-0,30349112317531024;1,2945986713423557e-06
109;0,24305940523686034;0,11704095633110188;-0,24302225739014005;-0,11701534282468891;3,7147846720292366e-05;2,5613506412974774e-05;0,01659560325663421;0,016595603256634207;0,01659560325663421;0,9385162400092588;-0,5515943032623113;0,9383611420944824;-0,5530728979687101;1,6595603256634211e-06
110;0,5777955703984226;0,28119412736448707;-0,5768357677120542;-0,28053237558072563;0,0009598026863683051;0,0006617517837614328;0,037574293015983015;0,037574293015983015;0,037574293015983015;0,9873710466300998;-0,25770270579303395;0,9856000366071043;-0,2733363897609146;3,7574293015983014e-06
111;0,0;0,0;0,0;0,0;0,0;0,0;;;;;;;;
112;2,122039812617664;1,0348443744042914;-2,11619919861134;-1,0308176708174006;0,00584061400632363;0,004026703586890834;0,1404533334373245;0,1404533334373245;0,1404533334373245;0,9704855731830765;-0,2571605659974447;0,9676022184868809;-0,28294233619564124;1,404533334373245e-05
113;2,116099199109475;1,030817670237094;-2,106798366338224;-1,0244052617679666;0,009300832771250711;0,006412408469127273;0,14044796921677544;0,14044796921677546;0,14044796921677546;0,9676022184868809;-0,28294233619564124;0,9630108439410217;-0,3243161095944397;1,4044796921677547e-05
114;0,3883802025875515;0,1881931813168544;-0,3881917379081848;-0,18806324782020725;0,00018846467936672884;0,00012993349664713882;0,02523003094196053;0,02523003094196053;0,02523003094196053;0,987589711056442;-0,2609659128615044;0,9870719495873066;-0,2655813299986313;2,523003094196053e-06
115;0,49623198303238;0,23978680801702457;-0,49612846969554053;-0,23969940319821179;0,00010351333683944475;8,740481881278073e-05;0,03277043182167774;0,032770431821677735;0,03277043182167774;0,9709815701542361;-0,2527408138152403;0,9707503693311798;-0,2562411333155935;3,2770431821677742e-06
116;0,4960284696997636;0,23969940319517205;-0,49588263863342286;-0,23957630992318552;0,00014583106634075138;0,0001230932719865352;0,032765076725133985;0,032765076725133985;0,032765076725133985;0,9707503693311798;-0,2562411333155935;0,9704246302671914;-0,2611704403295909;3,2765076725133987e-06
117;0,4957826386389083;0,2395763099172591;-0,4955663460636325;-0,23939369433420388;0,0002162925752758338;0,0001826155830552123;0,032759719812813524;0,03275971981281353;0,03275971981281353;0,9704246302671914;-0,2611704403295909;0,9699413915257356;-0,2684909026072019;3,2759719812813534e-06
118;-1,692471441070434;-0,8198057771810449;1,7020033642978158;0,8263777187769414;0,009531923227381833;0,00657194159589658;0,11476619473109548;0,1147661947310955;0,1147661947310955;0,9460514262771893;-0,5406063817481179;0,9518086599335872;-0,4873293622459556;1,1476619473109551e-05
119;-0,3353536181696194;-0,1621748560992092;0,33541793654123564;0,16221920146076127;6,431837161624543e-05;4,434536155206725e-05;0,022109177138861628;0,022109177138861628;0,022109177138861628;0,9727544272923424;-0,55159807086705;0,9729560488448363;-0,5497649250458592;2,210917713886163e-06
120;1,045862743280419;0,5060774631361291;-1,0452538851378979;-0,505657650883684;0,000608858142521207;0,00041981225244513976;0,06948926800023159;0,06948926800023157;0,06948926800023159;0,965337985754724;-0,649193626465628;0,9647307031426027;-0,6547544805633322;6,948926800023158e-06
121;-0,3282970362445064;-0,15913584960902719;0,3283536181705959;0,159174856099731;5,658192608948287e-05;3,900649070381901e-05;0,021657643449062812;0,02165764344906282;0,02165764344906282;0,9725733395796383;-0,5532341664506978;0,9727544272923424;-0,55159807086705;2,165764344906282e-06
122;0,5515717081237532;0,2673409749188755;-0,5512018090121003;-0,2670859484613471;0,0003698991116529715;0,0002550264575283956;0,035678680491727004;0,03567868049172701;0,03567868049172701;0,9918652095359928;-0,09155213623939372;0,9911465871200624;-0,09792775131250674;3,5678680491727013e-06
123;-0,3280865161063211;-0,1590596472529579;0,32819703624520874;0,1591358496088363;0,00011052013888762646;7,620235587840751e-05;0,02165230177731585;0,021652301777315853;0,021652301777315853;0,97221951992616;-0,5564316494608769;0,9725733395796383;-0,5532341664506978;2,1652301777315855e-06
124;2,0767983667542573;1,0104052613241978;-2,0755370326965186;-1,009535613765921;0,001261334057738761;0,0008696475582767871;0,13846344030335242;0,13846344030335242;0,13846344030335242;0,9630108439410217;-0,3243161095944397;0,9623792720827823;-0,3300303476945113;1,3846344030335244e-05
125;-0,27100603414600344;-0,13100415945977426;0,27109140614772625;0,13106301905328815;8,537200172281656e-05;5,885959351389913e-05;0,01761236742289971;0,017612367422899705;0,01761236742289971;0,9867360112917493;-0,26859489871347686;0,9870719495873066;-0,2655813299986313;1,7612367422899708e-06
126;0,12401911285704224;0,06001317579009261;-0,12400051689072202;-0,060000355223003995;1,859596632022842e-05;1,2820567088615842e-05;0,008477035877021194;0,008477035877021196;0,008477035877021196;0,9383611420944824;-0,5530728979687101;0,9382091020733849;-0,5545038168706676;8,477035877021196e-07
127;0,6248388494489786;0,3025094007172571;-0,6243643945505104;-0,3021822799664665;0,00047445489846820177;0,0003271207507906104;0,04246073705042661;0,04246073705042661;0,04246073705042661;0,9439441831761296;-0,5000037693136415;0,9431697102525806;-0,5072464337188833;4,246073705042661e-06
128;0,19132710184766707;0,09208763289703613;-0,19128515298352164;-0,09205871056115472;4,194886414543575e-05;2,892233588140669e-05;0,012625545870073307;0,012625545870073305;0,012625545870073307;0,9709815701542361;-0,2527408138152403;0,9707513638418049;-0,2548643949303052;1,2625545870073308e-06
129;0,191185152985305;0,09205871055966548;-0,19112926863642563;-0,092020180174118;5,588434887937588e-05;3,8530385547477786e-05;0,012620187009441642;0,012620187009441643;0,012620187009441643;0,9707513638418049;-0,2548643949303052;0,9704445446473013;-0,25769249878708284;1,2620187009441643e-06
130;0,3201457926918105;0,15410051445637715;-0,32005940531668053;-0,15404095572552154;8,638737512994821e-05;5,955873085561336e-05;0,02185092606327198;0,02185092606327198;0,02185092606327198;0,9387901606532404;-0,548981497561854;0,9385162400092588;-0,5515943032623113;2,1850926063271984e-06
131;0,5027356683993272;0,24453229173757474;-0,502622899046464;-0,24443708930815328;0,00011276935286319567;9,520242942145929e-05;0,03274846177425723;0,032748461774257234;0,032748461774257234;0,9856000366071043;-0,2733363897609146;0,9853478410907409;-0,27705622541636843;3,2748461774257235e-06
132;0,5025228990460727;0,24443708930794653;-0,5022504420388798;-0,24420708812054986;0,00027245700719291666;0,0002300011873966612;0,03274319259820999;0,03274319259820999;0,03274319259820999;0,9853478410907409;-0,27705622541636843;0,9847384398883146;-0,2860488765010084;3,274319259820999e-06
133;-0,6022305631764142;-0,2911589686122747;0,6026710482571571;0,29146266831226697;0,0004404850807429028;0,00030369969999227697;0,0393074263821071;0,03930742638210711;0,03930742638210711;0,9825157949761992;-0,30629824162405533;0,9832924483975105;-0,2993064453430647;3,930742638210711e-06
134;0,8575386804452974;0,4160608777738295;-0,8565265538448145;-0,4153630342245816;0,0010121266004828877;0,0006978435492479007;0,055938024962893115;0,055938024962893115;0,055938024962893115;0,9837613331933642;-0,29505650458411703;0,9825070864958655;-0,3062540598251976;5,593802496289311e-06
135;-0,00030000004107413067;-2,8831443011442006e-11;0,00030000010998288714;7,633830065152761e-11;6,890875646784964e-11;4,7506857640085607e-11;1,818613682118349e-05;1,818613682118349e-05;1,818613682118349e-05;0,9524018551828829;-0,4229657702922667;0,9524020739456377;-0,42295669715538875;1,8186136821183492e-09
136;0,4185663460595993;0,20239369437980792;-0,4183247238122053;-0,20218970785333748;0,00024162224739399107;0,0002039865264704399;0,027674675909219727;0,027674675909219727;0,027674675909219727;0,9699413915257356;-0,2684909026072019;0,9693023466397367;-0,2781664459218888;2,7674675909219726e-06
137;0,6134226080957887;0,2971876848368993;-0,6132935400444646;-0,2970987124401081;0,0001290680513241771;8,897239679117597e-05;0,039353433401324966;0,03935343340132497;0,03935343340132497;1,0;0,0;0,9997726803673762;-0,0020007473367535215;3,9353433401324975e-06
138;0,613193540044534;0,2970987124405757;-0,6127096859037239;-0,2967651192333856;0,0004838541408100916;0,0003335932071900638;0,03934823637107398;0,03934823637107398;0,03934823637107398;0,9997726803673762;-0,0020007473367535215;0,9989203551908377;-0,00951102974113792;3,934823637107398e-06
139;-1,609686943865883;-0,779264891561252;1,6104714418923929;0,7798057766575053;0,0007844980265099277;0,0005408850962532741;0,10919832695033688;0,10919832695033689;0,10919832695033689;0,945553482856508;-0,5452495147431172;0,9460514262771893;-0,5406063817481179;1,0919832695033689e-05
140;-0,6814482893541774;-0,3302401231404391;0,6817187533422472;0,3304265989954148;0,0002704639880697357;0,0001864758549757206;0,04533773114363628;0,045337731143636276;0,04533773114363628;0,9643171982829718;-0,6585253116616591;0,9647307031426027;-0,6547544805633322;4,533773114363628e-06
141;0,11521589503724727;0,05601095901306867;-0,11521435285716208;-0,056009896022419146;1,5421800851900258e-06;1,0629906495238095e-06;0,007499526085631392;0,0074995260856313885;0,007499526085631392;0,9862462854784303;-0,13769043732990394;0,9862320299916632;-0,13781644862776657;7,499526085631392e-07
142;0,11511435285810137;0,05600989602268193;-0,11510573112910942;-0,056003951629505534;8,621728991950461e-06;5,944393176395002e-06;0,007494261584234367;0,007494261584234368;0,007494261584234368;0,9862320299916632;-0,13781644862776657;0,9861522675931179;-0,1385205627244647;7,494261584234367e-07
143;1,9925370329673284;0,9695356135762945;-1,987498922713178;-0,9660620054120103;0,005038110254150352;0,0034736081642842143;0,13293607188342768;0,13293607188342768;0,13293607188342768;0,9623792720827823;-0,3300303476945113;0,9597517551981563;-0,3538606886966887;1,3293607188342768e-05
144;1,9873989230080442;0,9660620050819008;-1,9866238922119774;-0,9655276473237367;0,0007750307960667779;0,0005343577581640169;0,1329306615715139;0,1329306615715139;0,1329306615715139;0,9597517551981563;-0,3538606886966887;0,9593475518462503;-0,35753785355243023;1,3293066157151392e-05
145;-0,5285251140985865;-0,254293095750285;0,5308327358576257;0,25588412361151036;0,0023076217590392023;0,001591027861225336;0,036042963114940964;0,03604296311494096;0,036042963114940964;0,9395080147110785;-0,5421243359654645;0,9439441831761296;-0,5000037693136415;3,6042963114940966e-06
146;0,3914223538618677;0,1882911934283593;-0,39114579272661254;-0,18810051394094826;0,0002765611352551489;0,00019067948741102736;0,026692213555842798;0,026692213555842798;0,026692213555842798;0,9395080147110785;-0,5421243359654645;0,9387901606532404;-0,548981497561854;2,66922135558428e-06
147;0,0;0,0;0,0;0,0;0,0;0,0;;;;;;;;
148;0,4402054734443395;0,21314167266448697;-0,44015015049564;-0,21310352070646885;5,532294869953214e-05;3,815195801812332e-05;0,029493349825911758;0,02949334982591176;0,02949334982591176;0,9574258437636197;-0,43641166686182264;0,9572958235921292;-0,4376101691554036;2,949334982591176e-06
149;0,1141292686275759;0,0550201802297913;-0,1141083982531742;-0,0550057905123216;2,0870374401696368e-05;1,4389717469698304e-05;0,007537769141666074;0,007537769141666075;0,007537769141666075;0,9704445446473013;-0,25769249878708284;0,9702526867326257;-0,25945603230234315;7,537769141666076e-07
150;0,1940742678558923;0,09405120397639649;-0,19403236263245147;-0,09402231172931828;4,190522344083014e-05;2,88922470782077e-05;0,012618976787622721;0,012618976787622721;0,012618976787622721;0,9867122132481755;-0,26354558633360015;0,9864820311463102;-0,2655984008378303;1,261897678762272e-06
151;0,1140083982538783;0,05500579051174653;-0,11400000001492315;-0,05499999991407215;8,398238955154014e-06;5,790597674380782e-06;0,007532409350071385;0,007532409350071385;0,007532409350071385;0,9702526867326257;-0,25945603230234315;0,9701754237241168;-0,26016488637457635;7,532409350071386e-07
152;-0,7403094476104695;-0,35669596305998985;0,7408499361732435;0,35706861133652273;0,0005404885627739997;0,0003726482765328831;0,04799253839372001;0,04799253839372001;0,04799253839372001;0,9885777676894643;-0,1017884101704234;0,9893581246822871;-0,09474453026727864;4,799253839372001e-06
153;0,0;0,0;0,0;0,0;0,0;0,0;;;;;;;;
154;0,3332812719235472;0,16219392426624238;-0,33309560149475137;-0,16206591072846804;0,0001856704287958033;0,00012801353777433522;0,021687815090322936;0,021687815090322932;0,021687815090322936;0,9867122132481755;-0,26354558633360015;0,986118656430737;-0,26878267991145355;2,1687815090322936e-06
155;-1,563954891313349;-0,7570706991954829;1,5656869440756807;0,7582648915240943;0,0017320527623316817;0,0011941923286113987;0,10622144935027987;0,10622144935027987;0,10622144935027987;0,9444232847714515;-0,5557956407773774;0,945553482856508;-0,5452495147431172;1,0622144935027986e-05
156;-0,21202416165338936;-0,10301665798713468;0,21208651610426543;0,10305964726326697;6,235445087607316e-05;4,2989276132290866e-05;0,014002970358304919;0,01400297035830492;0,01400297035830492;0,9719108174329335;-0,5592057307320728;0,97221951992616;-0,5564316494608769;1,400297035830492e-06
157;0,07000558974558929;0,034003854104100464;-0,07000479313996738;-0,03400330476386705;7,96605621911084e-07;5,493402334133535e-07;0,004556441344431761;0,004556441344431761;0,004556441344431761;0,9861522675931179;-0,1385205627244647;0,9861401468957977;-0,13862810966968359;4,5564413444317614e-07
158;0,5595051649452054;0,2707620022390505;-0,5592320385067738;-0,2705736712216801;0,00027312643843158124;0,00018833101737042446;0,03592555745219696;0,03592555745219695;0,03592555745219696;0,9989203551908377;-0,00951102974113792;0,9983934160037831;-0,014172970919612962;3,5925557452196958e-06
159;0,6055254785400712;0,2933622926674545;-0,6051140832100067;-0,2930786493755905;0,00041139533006451234;0,0002836432918639775;0,03953845909904963;0,03953845909904963;0,03953845909904963;0,9825070864958655;-0,3062540598251976;0,9817858842483321;-0,3127215510120621;3,953845909904963e-06
160;0,0;0,0;0,0;0,0;0,0;0,0;;;;;;;;
161;0,1670323626320119;0,08102231172916607;-0,1669999999999946;-0,08099999999993548;3,23626320173076e-05;2,231172923058966e-05;0,01086514967271431;0,010865149672714309;0,01086514967271431;0,9864820311463102;-0,2655984008378303;0,9862755623785816;-0,26743528253956406;1,0865149672714312e-06
162;-0,00010000000004315544;-4,848300430102811e-14;0,0001000000234156624;1,6162702872939412e-11;2,3372506959885332e-11;1,6114219868638384e-11;5,854018543653619e-06;5,854018543653619e-06;5,854018543653619e-06;0,9862460549679897;-0,13769967009562173;0,9862462854784303;-0,13769043732990394;5,85401854365362e-10
163;0,3473247238086272;0,16818970789661356;-0,3471140557493744;-0,1680118660769749;0,00021066805925284982;0,00017784181963864665;0,022985814145402485;0,022985814145402482;0,022985814145402485;0,9693023466397367;-0,2781664459218888;0,9686314275581768;-0,28830613179721787;2,2985814145402487e-06
164;-0,1449999999992166;-0,06999999999968905;0,14500603414478075;0,0700041594592527;6,034145564159932e-06;4,1594595636545995e-06;0,0094214405316458;0,009421440531645798;0,0094214405316458;0,9866916296203726;-0,2689943079090633;0,9867360112917493;-0,26859489871347686;9,4214405316458e-07
165;0,0;0,0;0,0;0,0;0,0;0,0;;;;;;;;
166;-0,05200000000005578;-0,024999999999979046;0,052004793140043006;0,02500330476368764;4,793139987226136e-06;3,304763708595476e-06;0,0033783210745765503;0,00337832107457655;0,0033783210745765503;0,986041849933354;-0,13952332873795575;0,9861401468957977;-0,13862810966968359;3,3783210745765505e-07
167;0,6179820192958635;0,29853915826132427;-0,6179047332800753;-0,29848587214373556;7,72860157881583e-05;5,3286117588702275e-05;0,041977458988261024;0,04197745898826103;0,04197745898826103;0,9439441831761296;-0,5000037693136415;0,9438165892723854;-0,5012029321992654;4,1977458988261035e-06
168;-0,2021059976392004;-0,09800506307471317;0,20212025858466165;0,098017103937854;1,4260945461253005e-05;1,2040863140827529e-05;0,013088263757414575;0,013088263757414575;0,013088263757414575;0,9908223210896355;-0,10270221253522539;0,9909021004868673;-0,10152590020569581;1,3088263757414574e-06
169;-0,20200000000130558;-0,09800000000063064;0,2020059976382245;0,09800506307426252;5,997636918914084e-06;5,063073631877968e-06;0,013083020950219139;0,013083020950219139;0,013083020950219139;0,9907887554719773;-0,10319660314060346;0,9908223210896355;-0,10270221253522539;1,3083020950219137e-06
170;0,5452113583593774;0,2641456993171191;-0,5450026523039972;-0,2640018288721757;0,00020870605538014786;0,00014387044494340584;0,035385536047773315;0,035385536047773315;0,035385536047773315;0,9884698212642145;-0,10264985022562412;0,9880610224791215;-0,10629037026741188;3,5385536047773316e-06
171;0,3881501504833478;0,18810352079222806;-0,38808707459655983;-0,18806003558157475;6,30758867879444e-05;4,3485210653310125e-05;0,02601359823398218;0,026013598233982183;0,026013598233982183;0,9572958235921292;-0,4376101691554036;0,9571277567427061;-0,43915459945781443;2,6013598233982184e-06
172;-0,377120258584594;-0,18301710393760934;0,3772018090123233;0,18308594846152304;8,155042772928223e-05;6,884452391370255e-05;0,024423785658617705;0,024423785658617702;0,024423785658617705;0,9909021004868673;-0,10152590020569581;0,9911465871200624;-0,09792775131250674;2,4423785658617707e-06
173;0,348250442038865;0,16920708812050456;-0,34811045895258913;-0,16908890251094305;0,00013998308627588552;0,00011818560956150526;0,022700369559076526;0,022700369559076526;0,022700369559076526;0,9847384398883146;-0,2860488765010084;0,9842868549934953;-0,29272980876429777;2,2700369559076527e-06
174;0,09233326493038976;0,04402293364553302;-0,09230764988161769;-0,044005273337388205;2,561504877207632e-05;1,7660308144817893e-05;0,006292340778477817;0,006292340778477818;0,006292340778477818;0,9385655290565175;-0,6109248622100321;0,938283642542172;-0,6136799320221973;6,292340778477818e-07
175;0,5013868029073842;0,24229143075510284;-0,501226877384924;-0,24215641447105743;0,00015992552246024694;0,00013501628404541388;0,03377177659604764;0,033771776596047645;0,033771776596047645;0,9519892646182707;-0,42919718767399;0,9516426720122111;-0,43454761112451823;3,377177659604764e-06
176;0,0;0,0;0,0;0,0;0,0;0,0;;;;;;;;
177;0,4911279113568028;0,23757082578118424;-0,49091073577987526;-0,23742107526306355;0,00021717557692751965;0,0001497505181206893;0,03154917962904004;0,03154917962904004;0,03154917962904004;0,9983934160037831;-0,014172970919612962;0,997916313111108;-0,01840067950507287;3,1549179629040038e-06
178;-0,1350101765560623;-0,06600701573929044;0,13502416165183012;0,06601665799410165;1,3985095767832245e-05;9,642254811217943e-06;0,008928292566975735;0,008928292566975735;0,008928292566975735;0,9718021861556599;-0,5601663292411923;0,9719108174329335;-0,5592057307320728;8,928292566975735e-07
179;0,2470956014943105;0,12006591072846677;-0,2470246798162764;-0,12001701528399153;7,092167803410265e-05;4,889544447524152e-05;0,016084341933211312;0,016084341933211312;0,016084341933211312;0,986118656430737;-0,26878267991145355;0,9858129767883522;-0,2714911387745965;1,6084341933211313e-06
180;0,47581057286269207;0,23042096294558106;-0,4756115583392233;-0,2302837492937353;0,0001990145234687657;0,00013721365184576895;0,03058637546782176;0,030586375467821756;0,03058637546782176;0,997916313111108;-0,01840067950507287;0,9974653257162466;-0,022385780791589503;3,058637546782176e-06
181;-0,11900000000295849;-0,05799999998842297;0,11901017655632398;0,0580070157410623;1,0176553365492946e-05;7,015752639324968e-06;0,007865577361222932;0,00786557736122293;0,007865577361222932;0,9717124767055154;-0,5609660569843895;0,9718021861556599;-0,5601663292411923;7,865577361222933e-07
182;0,0;0,0;0,0;0,0;0,0;0,0;;;;;;;;
183;0,0;0,0;0,0;0,0;0,0;0,0;;;;;;;;
184;-0,4030000000000131;-0,19499999999904982;0,40311408320966685;0,195078649375758;0,00011408320965372587;7,864937670817862e-05;0,026335472538548555;0,026335472538548555;0,026335472538548555;0,981485649629169;-0,31542193792552076;0,9817858842483321;-0,3127215510120621;2,6335472538548558e-06
185;0,12100645481716242;0,058004449478977406;-0,12100000003606338;-0,0579999998000921;6,4547810990356336e-06;4,44967888530573e-06;0,008086902051645108;0,00808690205164511;0,00808690205164511;0,9580293533618958;-0,43083361724185465;0,9579740664393107;-0,43135557805962566;8,08690205164511e-07
186;-0,028100000007150138;-0,014000000001572336;0,02810070591110465;0,014000486768118183;7,059039545120882e-07;4,867665458468257e-07;0,001850555888792937;0,0018505558887929369;0,001850555888792937;0,9794667950503366;-0,17793853097704831;0,9794932795797254;-0,17771789668219343;1,850555888792937e-07
187;-0,8528002678027461;-0,4112759546318766;0,8547715779667026;0,4126350718396921;0,0019713101639564634;0,0013591172078155078;0,058241107255634146;0,05824110725563417;0,05824110725563417;0,9385655290565175;-0,6109248622100321;0,9409110351567359;-0,5887180480921037;5,824110725563417e-06
188;0,6763062534900891;0,327067289913959;-0,6758150067221235;-0,32665259218591086;0,0004912467679656363;0,0004146977280481412;0,0455652025588594;0,0455652025588594;0,0455652025588594;0,9518870004870359;-0,4307861029981925;0,9510978903145432;-0,4429578151628705;4,55652025588594e-06
189;0,4952305631766313;0,23915896861245206;-0,4951320896816642;-0,23909107422378087;9,847349496705515e-05;6,789438867119135e-05;0,0323166889458224;0,03231668894582241;0,03231668894582241;0,9825157949761992;-0,30629824162405533;0,9823046266874838;-0,30820678334544194;3,231668894582241e-06
190;0,2930870745719155;0,14206003574437207;-0,29300454589203195;-0,1420031329896439;8,252867988356449e-05;5,6902754728166416e-05;0,019646647014108003;0,019646647014108;0,019646647014108003;0,9571277567427061;-0,43915459945781443;0,9568365830110721;-0,44183082833907;1,9646647014108e-06
191;0,246082189784665;0,11906077013427885;-0,2460556897756085;-0,11903839399840256;2,650000905651817e-05;2,237613587628695e-05;0,016580858804237226;0,016580858804237226;0,016580858804237226;0,9518870004870359;-0,4307861029981925;0,9517700045138396;-0,43258899633181275;1,6580858804237226e-06
192;-9,999999997981907e-05;-1,9694577250066274e-14;0,000100000006556112;5,5723831750896295e-12;6,5762929227653616e-12;5,552688597839563e-12;5,894536802666044e-06;5,894536802666045e-06;5,894536802666045e-06;0,9794667306377339;-0,1779417124330551;0,9794667950503366;-0,17793853097704831;5,894536802666046e-10
193;0,0;0,0;0,0;0,0;0,0;0,0;;;;;;;;
194;0,2761104589526576;0,13408890251099825;-0,27602807933915446;-0,13401935976325163;8,237961350315848e-05;6,954274774662039e-05;0,01800453489212918;0,018004534892129182;0,018004534892129182;0,9842868549934953;-0,29272980876429777;0,9839518139313768;-0,29769094728314077;1,8004534892129182e-06
195;0,4195093574883884;0,20328223181326854;-0,4193792242832072;-0,20319250586380824;0,0001301332051812376;8,972594946030088e-05;0,026982562177041317;0,026982562177041314;0,026982562177041317;0,9974653257162466;-0,022385780791589503;0,9971310276824007;-0,025336329306150752;2,6982562177041317e-06
196;-0,48732141410061436;-0,2361526578261271;0,48744828934794643;0,23624012317942344;0,00012687524733207;8,746535329634542e-05;0,03243103336559097;0,032431033365590965;0,03243103336559097;0,9640460345479714;-0,6609985046504684;0,9643171982829718;-0,6585253116616591;3,243103336559097e-06
197;-0,051000000019612204;-0,024999999888650107;0,051001819356820084;0,025001254144628875;1,819337207879801e-06;1,2542559787685759e-06;0,0034183166821487275;0,0034183166821487275;0,0034183166821487275;0,9593106357382077;-0,35786612167043863;0,9593475518462503;-0,35753785355243023;3,418316682148727e-07
198;-0,4090387654518261;-0,1980267288618351;0,4091861831971752;0,19812836860476699;0,0001474177453490988;0,00010163974293189715;0,026885844028883728;0,026885844028883728;0,026885844028883728;0,9758980007871263;-0,20964790621342191;0,9762780419299534;-0,20621418673872266;2,6885844028883727e-06
199;-0,19400000007357307;-0,09399999959478778;0,19403561709697956;0,09402455457075179;3,561702340648676e-05;2,4554975964014014e-05;0,013074709805888565;0,013074709805888566;0,013074709805888566;0,9519255765583187;-0,42724593256918636;0,9521143944918313;-0,42550089140529357;1,3074709805888566e-06
200;0,4072790734206752;0,19719240183687167;-0,407138312699093;-0,1970953624045241;0,00014076072158220043;9,703943234756762e-05;0,026200576987728586;0,026200576987728583;0,026200576987728586;0,9971310276824007;-0,025336329306150752;0,9967586687303185;-0,028629666414086465;2,6200576987728585e-06
201;-0,052400257782749794;-0,025000177726432003;0,05240299790838081;0,02500206682815676;2,7401256310136124e-06;1,8891017247550657e-06;0,003449507766990086;0,0034495077669900866;0,0034495077669900866;0,9717364066548184;-0,5907741622304706;0,971791413928578;-0,5902560032381611;3,4495077669900863e-07
202;0,0;0,0;0,0;0,0;0,0;0,0;;;;;;;;
203;-0,17100075029718212;-0,08300051730441409;0,1710318139644373;0,08302193338808378;3,1063667255193383e-05;2,14160836696925e-05;0,011098012552635251;0,01109801255263525;0,011098012552635251;0,988849504034392;-0,09799470242722545;0,9890435354514274;-0,09627623656819585;1,109801255263525e-06
204;0,0410011304145738;0,02000095437140462;-0,041000000005237736;-0,019999999980423712;1,1304093360670064e-06;9,543909809082984e-07;0,002714949888220179;0,0027149498882201783;0,002714949888220179;0,9701240037955561;-0,29131488131309957;0,9700935003135273;-0,2917697598037318;2,7149498882201794e-07
205;0,04110265578194828;0,020002006209414842;-0,041101130413375264;-0,020000954368882325;1,5253685730146072e-06;1,0518405325170288e-06;0,0027202999628148537;0,0027202999628148533;0,0027202999628148537;0,9701628823885899;-0,2909659936037116;0,9701240037955561;-0,29131488131309957;2,720299962814854e-07
206;0,0;0,0;0,0;0,0;0,0;0,0;;;;;;;;
207;-9,999999993373431e-05;5,671137044773757e-15;0,00010000001242562019;8,606685452184953e-12;1,2491885875861274e-11;8,612356589229727e-12;6,062046409694641e-06;6,0620464096946405e-06;6,062046409694641e-06;0,9524015980539533;-0,4229764352128932;0,9524017170268777;-0,4229715006966637;6,062046409694642e-10
208;-0,00020000001244262187;-8,426139863422876e-12;0,00020000004145475034;2,842903007146933e-11;2,9012128474354554e-11;2,0002890208046454e-11;1,2124092067173129e-05;1,2124092067173126e-05;1,2124092067173129e-05;0,9524017170268777;-0,4229715006966637;0,9524018551828829;-0,4229657702922667;1,2124092067173128e-09
209;-0,6338067401037922;-0,3053493804678821;0,6343074125178488;0,30569455982802407;0,0005006724140566021;0,00034517936014194506;0,0411225114169585;0,0411225114169585;0,0411225114169585;0,9877341477420354;-0,10941019725670861;0,9885777676894643;-0,1017884101704234;4,11225114169585e-06
210;-0,4160827719810635;-0,20105706403593096;0,4162867903156444;0,2011977194739268;0,00020401833458089103;0,00014065543799585134;0,02844156225920781;0,028441562259207805;0,02844156225920781;0,9380684049522163;-0,6156190117709888;0,9385655290565175;-0,6109248622100321;2,8441562259207813e-06
211;0,3151513990014921;0,15210437595370918;-0,31507733271531013;-0,15205331438854996;7,406628618195077e-05;5,1061565159216116e-05;0,02121976324970225;0,021219763249702244;0,02121976324970225;0,9521143944918313;-0,42550089140529357;0,9518725199195515;-0,4277596419693301;2,121976324970225e-06
212;0,19005568974006873;0,09203839405573755;-0,190014305382007;-0,09200986262486736;4,138435806172458e-05;2,853143087018506e-05;0,012809641057239828;0,012809641057239828;0,012809641057239828;0,9517700045138396;-0,43258899633181275;0,9515460799550398;-0,4346627847401785;1,2809641057239828e-06
213;0,3792268773153871;0,18315641460108228;-0,3791194970709217;-0,18308238627278045;0,00010738024446543815;7,402832830183392e-05;0,025550090565043718;0,02555009056504371;0,025550090565043718;0,9516426720122111;-0,43454761112451823;0,9513514259256325;-0,4372640429264192;2,5550090565043716e-06
214;0,5988150067395864;0,28965259229577167;-0,5982292017466383;-0,28915801361476806;0,0005858049929481357;0,0004945786810036101;0,04037941413262443;0,04037941413262443;0,04037941413262443;0,9510978903145432;-0,4429578151628705;0,9500359895356888;-0,4593539719622944;4,037941413262443e-06
215;0,11902467981590513;0,05801701528426186;-0,11901874428848182;-0,058012923558974305;5,935527423311937e-06;4,091725287556913e-06;0,007754808570194163;0,007754808570194162;0,007754808570194163;0,9858129767883522;-0,2714911387745965;0,9857599065328494;-0,2719573466866163;7,754808570194163e-07
216;0,0;0,0;0,0;0,0;0,0;0,0;;;;;;;;
217;-0,23900937865668265;-0,11500646762425151;0,23914378023202834;0,11509913181473853;0,00013440157534569397;9,266419048702124e-05;0,015487737986009333;0,015487737986009335;0,015487737986009335;0,9887568686181645;-0,10019011895356754;0,9893581246822871;-0,09474453026727864;1,5487737986009334e-06
218;-0,00030000004664282646;-3,21142933946633e-11;0,00030000006754466016;4,6525407203569806e-11;2,0901833703516198e-11;1,4411113808906507e-11;1,7824290472976358e-05;1,7824290472976354e-05;1,7824290472976358e-05;0,9717363389512514;-0,5907769145494215;0,9717364066548184;-0,5907741622304706;1,7824290472976356e-09
219;-0,00020000000306318646;-2,244068599597615e-12;0,00020000004641514452;3,213379070651616e-11;4,3351958063956794e-11;2,988972210691854e-11;1,1882861225540269e-05;1,1882861225540272e-05;1,1882861225540272e-05;0,9717361283179228;-0,5907854773219327;0,9717363389512514;-0,5907769145494215;1,1882861225540272e-09
220;0,0;0,0;0,0;0,0;0,0;0,0;;;;;;;;
221;0,00010000003045826337;2,1181924453100767e-11;-9,999999973612868e-05;-4,225360329907033e-17;3,0722134688673797e-11;2,1181882199497467e-11;6,153263548544241e-06;6,153263548544241e-06;6,153263548544241e-06;0,9382833036252701;-0,6136942003898067;0,9382830153646765;-0,6137063367106319;6,15326354854424e-10
222;0,00020000004014538114;2,817420749631232e-11;-0,00020000003018144866;-2,130440997473451e-11;9,963932483996255e-12;6,869797521577808e-12;1,2306525205878495e-05;1,2306525205878495e-05;1,2306525205878495e-05;0,9382833503702246;-0,6136922323384852;0,9382833036252701;-0,6136942003898067;1,2306525205878495e-09
223;0,00030000013246849177;9,254437557129841e-11;-0,00030000003905152615;-2,8140032891146578e-11;9,341696562354188e-11;6,440434268015183e-11;1,845978650638477e-05;1,8459786506384764e-05;1,845978650638477e-05;0,938283642542172;-0,6136799320221973;0,9382833503702246;-0,6136922323384852;1,845978650638477e-09
224;0,26616900506525887;0,1290475747163261;-0,26613270040787457;-0,12902254387183673;3,6304657384300665e-05;2,5030844489376536e-05;0,018196038760636277;0,01819603876063628;0,01819603876063628;0,9385655290565175;-0,6109248622100321;0,9384272280736029;-0,6122198883530567;1,819603876063628e-06
225;0,3935903587532929;0,19033807068275163;-0,39331585189283236;-0,1901488147999046;0,00027450686046054384;0,00018925588284704475;0,026744210020882637;0,026744210020882633;0,026744210020882637;0,9438165892723854;-0,5012029321992654;0,9431052304157175;-0,5078745699664735;2,6744210020882637e-06
226;0,10301874428865367;0,050012923558740395;-0,10300000000001588;-0,049999999999953186;1,8744288637781437e-05;1,2923558787208966e-05;0,0067071553465847785;0,006707155346584778;0,0067071553465847785;0,9857599065328494;-0,2719573466866163;0,985566173079266;-0,27367868824814123;6,707155346584779e-07
227;0,0;0,0;0,0;0,0;0,0;0,0;;;;;;;;
228;0,018000827594259357;0,009000570574781309;-0,01800000000531986;-0,008999999972366347;8,275889394962488e-07;5,706024149617489e-07;0,0012106045181365904;0,0012106045181365904;0,0012106045181365904;0,959811776219242;-0,4143420721904105;0,9597643045409063;-0,4147413605983979;1,2106045181365905e-07
229;0,3482145620513218;0,16914792506990037;-0,34809756065506975;-0,16906726233624234;0,00011700139625203665;8,066273365803234e-05;0,02369729472044831;0,02369729472044831;0,02369729472044831;0,9431697102525806;-0,5072464337188833;0,9428274370938657;-0,5104198244557666;2,369729472044831e-06
230;-0,3182533822080085;-0,15410575009305932;0,31835420961592525;0,15419086593172934;0,00010082740791678146;8,511583867001904e-05;0,02145250557655352;0,021452505576553524;0,021452505576553524;0,9516451967831011;-0,43448812046245283;0,9519892646182707;-0,42919718767399;2,1452505576553525e-06
231;-0,12200000002175888;-0,05899999990866729;0,12200915035437529;0,05900772502901483;9,150332616406076e-06;7,725120347537584e-06;0,008078178756278384;0,008078178756278382;0,008078178756278384;0,9685485154230764;-0,2895620546544926;0,9686314275581768;-0,28830613179721787;8,078178756278384e-07
232;0,0;0,0;0,0;0,0;0,0;0,0;;;;;;;;
233;0,30913588817732507;0,14909368106508464;-0,30909499971097176;-0,14906549412232192;4,088846635330601e-05;2,8186942762714606e-05;0,020353628075078265;0,020353628075078265;0,020353628075078265;0,9735516145529339;-0,544360600680171;0,9734124129759064;-0,545633896251494;2,0353628075078266e-06
234;-0,3161401999774949;-0,15302771488890432;0,31618190747291125;0,15305646643893606;4,170749541637653e-05;2,8751550031735906e-05;0,020556467172588723;0,02055646717258872;0,020556467172588723;0,9864652335516845;-0,27857379240027763;0,9866058538605252;-0,2773166451668512;2,055646717258872e-06
235;0,3211556562274996;0,15510731905267275;-0,3210673631964153;-0,15504644396694564;8,829303108426334e-05;6,087508572710787e-05;0,021150597597033475;0,021150597597033475;0,021150597597033475;0,9735516145529339;-0,544360600680171;0,9732623191756885;-0,5469989354960493;2,1150597597033475e-06
236;0,3171194970547106;0,15308238640049354;-0,31706942175115327;-0,1530478611570013;5,00753035573287e-05;3,452524349223385e-05;0,021370145413120937;0,021370145413120937;0,021370145413120937;0,9513514259256325;-0,4372640429264192;0,9511890425875008;-0,43878125735736406;2,1370145413120937e-06
237;0,049004204269400574;0,024002898691752518;-0,04900000000204477;-0,023999999990319782;4,204267355804869e-06;2,8987014327359895e-06;0,0032635449175558175;0,003263544917555817;0,0032635449175558175;0,965337985754724;-0,649193626465628;0,9652486335547558;-0,6499852233066681;3,2635449175558176e-07
238;0,3634351318024144;0,17523105188288574;-0,36335841564145693;-0,17517815866110387;7,671616095744627e-05;5,289322178186895e-05;0,024146183113944772;0,02414618311394478;0,02414618311394478;0,9647307031426027;-0,6547544805633322;0,9645105464383702;-0,6567893394232002;2,414618311394478e-06
239;-0,3651431418625484;-0,1770297420623503;0,36532141409787583;0,1771526578509105;0,00017827223532740355;0,00012291578856019059;0,0243151297384995;0,024315129738499502;0,024315129738499502;0,9635378136842024;-0,6656315135147152;0,9640460345479714;-0,6609985046504684;2,4315129738499504e-06
240;0,0;0,0;0,0;0,0;0,0;0,0;;;;;;;;
241;0,0;0,0;0,0;0,0;0,0;0,0;;;;;;;;
242;0,10501430535131381;0,05100986280428993;-0,10500000004147661;-0,050999999772610105;1,4305309837203684e-05;9,863031679824275e-06;0,007083658930903209;0,00708365893090321;0,00708365893090321;0,9515460799550398;-0,4346627847401785;0,9514060798741134;-0,43594949043389597;7,08365893090321e-07
243;0,27109499971109446;0,1310654941252137;-0,2710215469720086;-0,13101485422223783;7,345273908587746e-05;5,0639902975879725e-05;0,017859771054537055;0,01785977105453706;0,01785977105453706;0,9734124129759064;-0,545633896251494;0,9731273833132006;-0,5482261882045094;1,785977105453706e-06
244;0,21307733268285647;0,10305331459630353;-0,21302987183461927;-0,10302059406362096;4,746084823720187e-05;3,2720532682564696e-05;0,014356204546664047;0,014356204546664041;0,014356204546664047;0,9518725199195515;-0,4277596419693301;0,9516433995858673;-0,429888479057726;1,4356204546664046e-06
245;-0,2581736208443092;-0,12505075737580815;0,25825338217160587;0,12510575013772002;7,976132729664576e-05;5,4992761911870636e-05;0,01740949795378335;0,017409497953783343;0,01740949795378335;0,9513276386910862;-0,4374277507881134;0,9516451967831011;-0,43448812046245283;1,7409497953783351e-06
246;0,31631585186826666;0,1531488152328985;-0,3161382059671269;-0,15302633912502292;0,00017764590113977796;0,00012247610787557983;0,021514475771168044;0,021514475771168044;0,021514475771168044;0,9431052304157175;-0,5078745699664735;0,9425329334697813;-0,5132287879773028;2,1514475771168045e-06
247;0,12200454583889844;0,05900313329361879;-0,12200000003948942;-0,058999999781404806;4,5457994090197795e-06;3,1335122139819482e-06;0,00817738704328679;0,00817738704328679;0,00817738704328679;0,9568365830110721;-0,44183082833907;0,9567980576217857;-0,44218674458210755;8,17738704328679e-07
248;-0,25800248227608386;-0,12500171137766775;0,2580387654462562;0,12502672889543107;3,62831701723465e-05;2,5017517763320507e-05;0,01696337607738585;0,016963376077385857;0,016963376077385857;0,9757497412563845;-0,21098553869411496;0,9758980007871263;-0,20964790621342191;1,6963376077385857e-06
249;0,3213584156405572;0,15517815866881818;-0,32125333443597565;-0,15510571341938542;0,00010508120458158077;7,244524943275654e-05;0,021361631103471744;0,021361631103471744;0,021361631103471744;0,9645105464383702;-0,6567893394232002;0,9641696547736688;-0,659928332422975;2,1361631103471744e-06
250;0,0;0,0;0,0;0,0;0,0;0,0;;;;;;;;
251;-0,1260000000000011;-0,06100000000000615;0,12600937865679174;0,06100646762437696;9,378656790626216e-06;6,467624370808112e-06;0,008174846103252456;0,008174846103252453;0,008174846103252456;0,9886773467445316;-0,10090000268972438;0,9887568686181645;-0,10019011895356754;8,174846103252457e-07
252;0,4762292016901657;0,230158013712818;-0,4760365878174697;-0,23002522358880292;0,00019261387269597918;0,00013279012401506973;0,03214382313632152;0,032143823136321525;0,032143823136321525;0,9500359895356888;-0,4593539719622944;0,9496207142604859;-0,4632277666695633;3,2143823136321527e-06
253;0,3021118936547974;0,14607714789455262;-0,3020436452598187;-0,14603009291360966;6,824839497870938e-05;4,705498094295657e-05;0,019723405874161496;0,019723405874161496;0,019723405874161496;0,9823046266874838;-0,30820678334544194;0,9820648103933801;-0,3103678383821848;1,97234058741615e-06
254;0,0;0,0;0,0;0,0;0,0;0,0;;;;;;;;
255;0,23604371781926184;0,11403013970861588;-0,23601667624893424;-0,11401149666664433;2,704157032759613e-05;1,864304197154998e-05;0,015325083213635775;0,015325083213635779;0,015325083213635779;0,987589711056442;-0,2609659128615044;0,987467427710058;-0,2620641303752712;1,5325083213635778e-06
256;0,24406736319549688;0,11804644397299117;-0,2440163115082901;-0,11801124554569678;5,105168720678788e-05;3,5198427294394485e-05;0,016082904357393343;0,016082904357393343;0,016082904357393343;0,9732623191756885;-0,5469989354960493;0,9730423196910226;-0,5489982564921019;1,608290435739334e-06
257;0,0;0,0;0,0;0,0;0,0;0,0;;;;;;;;
258;0,2260975605508122;0,11006726309340939;-0,226014359303941;-0,11000989862224239;8,320124687119512e-05;5,73644711669985e-05;0,015398755034407283;0,015398755034407283;0,015398755034407283;0,9428274370938657;-0,5104198244557666;0,9424528188786524;-0,5138753795108941;1,5398755034407282e-06
259;0,07701120778279875;0,03700772654280392;-0,07700000008149516;-0,03699999949407909;1,1207701303597717e-05;7,727048724828767e-06;0,00525587545662268;0,0052558754566226825;0,0052558754566226825;0,9385655290565175;-0,6109248622100321;0,9384177975570731;-0,6123401372982612;5,255875456622683e-07
260;0,0;0,0;0,0;0,0;0,0;0,0;;;;;;;;
261;0,0;0,0;0,0;0,0;0,0;0,0;;;;;;;;
262;0,16801222382149741;0,08200842670614258;-0,16800356553314233;-0,08200245710651068;8,658288355084531e-06;5,969599631908129e-06;0,011471919201144654;0,011471919201144654;0,011471919201144654;0,9409110351567359;-0,5887180480921037;0,9408586978773607;-0,589198218125323;1,1471919201144654e-06
263;0,15414983244422148;0,07403435559659195;-0,15413180790000147;-0,07402192941071713;1,8024544220007765e-05;1,2426185874825357e-05;0,010467968221411267;0,01046796822141127;0,01046796822141127;0,9431697102525806;-0,5072464337188833;0,943050426137862;-0,5083850359333612;1,0467968221411271e-06
264;0,07900764974121309;0,038005273323999667;-0,07900158602623818;-0,03800109289674266;6,0637149749132035e-06;4,180427257007013e-06;0,005394766315548442;0,005394766315548443;0,005394766315548443;0,938283642542172;-0,6136799320221973;0,9382057687947882;-0,6144241431967075;5,394766315548443e-07
265;0,15403180790484292;0,07402192940616723;-0,1540078027004163;-0,07400537862226704;2,400520442660814e-05;1,655078390018494e-05;0,010462449831781769;0,01046244983178177;0,01046244983178177;0,943050426137862;-0,5083850359333612;0,9428914696401725;-0,5099006906324381;1,046244983178177e-06
266;-0,22403639184010343;-0,10802508826419481;0,22421437459189858;0,10814780140633538;0,0001779827517951471;0,0001227131421405736;0,015227745874152062;0,015227745874152064;0,015227745874152064;0,9430066678568417;-0,5088518946077893;0,9438165892723854;-0,5012029321992654;1,5227745874152063e-06
267;-0,14400378935931663;-0,07000261156150502;0,14402507711016083;0,07001728875223752;2,1287750844201092e-05;1,4677190732503842e-05;0,009852480260240552;0,009852480260240552;0,009852480260240552;0,938277434056025;-0,6136128087496363;0,9384272280736029;-0,6122198883530567;9,852480260240552e-07
268;-0,19410000000800468;-0,09400000000545423;0,19414019997820006;0,09402771488915261;4,0199970195387014e-05;2,771488369837649e-05;0,01262500952594619;0,01262500952594619;0,01262500952594619;0,9862445348930954;-0,2805451758955029;0,9864652335516845;-0,27857379240027763;1,262500952594619e-06
269;0,19402807933910793;0,09401935976310129;-0,19399999999985032;-0,09399999999978277;2,8079339257608416e-05;1,9359763318516077e-05;0,012651124588774173;0,012651124588774171;0,012651124588774173;0,9839518139313768;-0,29769094728314077;0,9837979690526877;-0,2990670738065896;1,2651124588774173e-06
270;-0,4216164946721493;-0,20321821618339422;0,42177336693955475;0,20332637063447898;0,00015687226740546123;0,00010815445108475208;0,02736866668967893;0,02736866668967893;0,02736866668967893;0,987336977046671;-0,11299739520175683;0,9877341477420354;-0,10941019725670861;2,736866668967893e-06
271;0,0;0,0;0,0;0,0;0,0;0,0;;;;;;;;
272;0,24604364525970532;0,11903009291353574;-0,24601136800549656;-0,1190078388815363;3,2277254208762374e-05;2,225403199944409e-05;0,01606852133458041;0,016068521334580414;0,016068521334580414;0,9820648103933801;-0,3103678383821848;0,9819255899461798;-0,31162083409665237;1,6068521334580417e-06
273;0,02900158597306087;0,014001093228774046;-0,02900007865015036;-0,014000054020764142;1,5073229105121155e-06;1,039208009903994e-06;0,001981784022909737;0,001981784022909737;0,001981784022909737;0,9382057687947882;-0,6144241431967075;0,93815306110378;-0,6149232823348965;1,981784022909737e-07
274;0,19506942170707395;0,09404786141942705;-0,195010688953773;-0,09400736894137686;5,8732753300955176e-05;4,0492478050185854e-05;0,013144541232055893;0,013144541232055893;0,013144541232055893;0,9511890425875008;-0,43878125735736406;0,9508794278031145;-0,4416840103025648;1,3144541232055893e-06
275;0,18679689094649593;0,09006680524783248;-0,18676082134198538;-0,09004193353926203;3,606960451055241e-05;2,487170857044807e-05;0,012011835388891293;0,012011835388891294;0,012011835388891294;0,9967586687303185;-0,028629666414086465;0,996550584549565;-0,030491658730957227;1,2011835388891295e-06
276;0,2710959131553651;0,13106996263738246;-0,2710247863410771;-0,13102092308279814;7,112681428800283e-05;4,903955458432363e-05;0,018009321988014033;0,018009321988014033;0,018009321988014033;0,965337985754724;-0,649193626465628;0,9650642686905639;-0,6517041373146407;1,8009321988014034e-06
277;0,24425333443407374;0,11810571343490162;-0,2441983431082401;-0,11806780148845215;5,499132583364208e-05;3,791194644946205e-05;0,016246145666629262;0,016246145666629262;0,016246145666629262;0,9641696547736688;-0,659928332422975;0,9639350671167518;-0,6620813439259633;1,624614566662926e-06
278;0,2440983431095635;0,11806780148755143;-0,24402603537401987;-0,11801795045516747;7,230773554361969e-05;4,985103238396016e-05;0,01624075355719716;0,01624075355719716;0,01624075355719716;0,9639350671167518;-0,6620813439259633;0,9636265000178205;-0,6649120795449159;1,624075355719716e-06
279;-0,17300879763285953;-0,08400606406908813;0,1730472270528343;0,08403255841641152;3,842941997475591e-05;2,6494347323394174e-05;0,011839836648773801;0,011839836648773801;0,011839836648773801;0,9378433995300448;-0,617718091325115;0,9380684049522163;-0,6156190117709888;1,18398366487738e-06
280;0,0;0,0;0,0;0,0;0,0;0,0;;;;;;;;
281;0,1816607983945582;0,08804191771771142;-0,18164069963393187;-0,08802806032395168;2,0098760626335865e-05;1,3857393759739156e-05;0,011695387645974605;0,011695387645974605;0,011695387645974605;0,996550584549565;-0,030491658730957227;0,9964314646079582;-0,03154317902571475;1,1695387645974606e-06
282;0,17924042636842533;0,0870278709440405;-0,1792243586110219;-0,08701679414137398;1,6067757403426253e-05;1,1076802666529217e-05;0,011541173478640235;0,011541173478640235;0,011541173478640235;0,9967586687303185;-0,028629666414086465;0,9966621593187106;-0,029476995163815925;1,1541173478640236e-06
283;0,11502981719945268;0,05602055663242154;-0,11500404973361042;-0,05600279145148167;2,5767465842263526e-05;1,7765180939870173e-05;0,007762321319981752;0,00776232131998175;0,007762321319981752;0,9516433995858673;-0,429888479057726;0,9514132383730723;-0,4319890570139279;7,762321319981752e-07
284;0,0;0,0;0,0;0,0;0,0;0,0;;;;;;;;
285;0,17403362157342706;0,08502536440593841;-0,1740195394113787;-0,08501347305956891;1,4082162048345559e-05;1,1891346369502509e-05;0,01133882688982347;0,011338826889823468;0,01133882688982347;0,9862462854784303;-0,13769043732990394;0,986155281097929;-0,13902250773127414;1,1338826889823468e-06
286;-0,24310000002430274;-0,1179999999523968;0,2431431418585853;0,11802974208874331;4,3141834282556246e-05;2,974213634651668e-05;0,01619494781175602;0,016194947811756018;0,01619494781175602;0,9633531502217382;-0,6673099924226049;0,9635378136842024;-0,6656315135147152;1,619494781175602e-06
287;0,0;0,0;0,0;0,0;0,0;0,0;;;;;;;;
288;0,1720323876703412;0,08202232814600008;-0,1720104096477522;-0,08200717694164264;2,197802258901982e-05;1,5151204357438663e-05;0,011157334325695129;0,011157334325695132;0,011157334325695132;0,9862082104210247;-0,12334737229882006;0,9860718119616868;-0,12461548059138641;1,1157334325695133e-06
289;0,17002019602677876;0,08201392632910277;-0,17001034349881095;-0,08200713148222845;9,852527967812996e-06;6,794846874325078e-06;0,011094820957151136;0,011094820957151136;0,011094820957151136;0,9823046266874838;-0,30820678334544194;0,9822430857934578;-0,3087651200896652;1,1094820957151136e-06
290;-0,021000000026539015;-0,009999999829949759;0,021000494165126195;0,010000340521944203;4,941385871801152e-07;3,406919944441006e-07;0,001431227677561859;0,001431227677561859;0,001431227677561859;0,9382731274096933;-0,5539358237242483;0,9382970331431498;-0,5537014416519914;1,4312276775618592e-07
291;-0,15312569061842293;-0,07401771244249791;0,15317362080816546;0,07405075759933893;4,793018974252883e-05;3,304515684102172e-05;0,010325262049705098;0,010325262049705098;0,010325262049705098;0,9510059261887942;-0,4404224047483032;0,9513276386910862;-0,4374277507881134;1,0325262049705099e-06
292;-0,15300000006151052;-0,07399999965847685;0,15302569062233984;0,0740177124391307;2,5690560829322306e-05;1,771278065385018e-05;0,010319796518317444;0,010319796518317444;0,010319796518317444;0,950833389910525;-0,4420267404984267;0,9510059261887942;-0,4404224047483032;1,0319796518317444e-06
293;0,14902154696987796;0,07201485423241359;-0,14900780067893518;-0,07200537762274854;1,3746290942778794e-05;9,47660966504893e-06;0,00981960283141401;0,009819602831414009;0,00981960283141401;0,9731273833132006;-0,5482261882045094;0,9730303692999713;-0,5491095119485649;9,81960283141401e-07
294;0,09500404972673698;0,046002791495010846;-0,09500000003751112;-0,04599999979435301;4,049689225862907e-06;2,791700657839291e-06;0,0064054887382786726;0,006405488738278673;0,006405488738278673;0,9514132383730723;-0,4319890570139279;0,9513694196189508;-0,4323949371278772;6,405488738278673e-07
295;-0,19412783856957308;-0,09401919160298072;0,19415666221756372;0,09403906272999234;2,882364799064452e-05;1,9871127011614198e-05;0,013237461876348508;0,01323746187634851;0,01323746187634851;0,9407601148368275;-0,590131044169755;0,9409110351567359;-0,5887180480921037;1,323746187634851e-06
296;-0,19400000018820707;-0,09399999886667179;0,19402783857661562;0,09401919159709539;2,783838840855757e-05;1,9192730423597815e-05;0,013231938778097701;0,013231938778097701;0,013231938778097701;0,9406142868897218;-0,5914951474174928;0,9407601148368275;-0,590131044169755;1,32319387780977e-06
297;0,1550166762483566;0,07501149666583458;-0,15499999999975528;-0,0749999999998282;1,6676248601327215e-05;1,1496666006374778e-05;0,010068839776644942;0,010068839776644942;0,010068839776644942;0,987467427710058;-0,2620641303752712;0,9873526392829423;-0,26309062886304435;1,0068839776644942e-06
298;0,15402013933028905;0,07401621796536605;-0,15400507130412353;-0,07400349621244544;1,5068026165521164e-05;1,2721752920608065e-05;0,00991224739627447;0,009912247396274472;0,009912247396274472;0,9953209740642333;-0,04093416034092756;0,9952097736738014;-0,04259064550956477;9,912247396274473e-07
299;0,1522972286381906;0,07406703438007409;-0,15221765978538615;-0,07401217432287376;7,956885280444026e-05;5,48600572003316e-05;0,009902648651145849;0,00990264865114585;0,00990264865114585;0,9873710466300998;-0,25770270579303395;0,9868139764901539;-0,2626231175737357;9,902648651145851e-07
300;0,0;0,0;0,0;0,0;0,0;0,0;;;;;;;;
301;0,00010000000111176632;9,094947017729282e-13;-0,00010000000001476631;-1,534946819136564e-13;1,0970000136143604e-12;7,560000198592718e-13;5,773502756084116e-06;5,773502756084118e-06;5,773502756084118e-06;1,0;0,0;0,9999999890299999;-4,33156098716976e-07;5,773502756084118e-10
302;0,0;0,0;0,0;0,0;0,0;0,0;;;;;;;;
303;0,19036134531761786;0,09111123864445346;-0,19032357649404624;-0,09108519827517499;3,7768823571621146e-05;2,6040369278473863e-05;0,012345710186720633;0,012345710186720631;0,012345710186720633;0,9869429775750934;-0,11657521082764874;0,9867310851334061;-0,11852574392801353;1,2345710186720634e-06
304;0,12600982964784974;0,06100829817313933;-0,1260000000001001;-0,060999999999823834;9,829647749648451e-06;8,298173315497703e-06;0,008195726405986066;0,008195726405986066;0,008195726405986066;0,9862462854784303;-0,13769043732990394;0,9861584873679846;-0,1389941790799622;8,195726405986066e-07
305;0,0;0,0;0,0;0,0;0,0;0,0;;;;;;;;
306;-0,04200049419070107;-0,02000034035185576;0,04200314444141966;0,0200021676532694;2,650250718584657e-06;1,827301413639959e-06;0,002862418890546947;0,0028624188905469463;0,002862418890546947;0,9382970331431498;-0,5537014416519914;0,9383611420944824;-0,5530728979687101;2,862418890546947e-07
307;0,08300206551517902;0,040001423875457215;-0,08300000003608159;-0,039999999796845556;2,0654790974378168e-06;1,424078611658719e-06;0,005603126905657977;0,00560312690565798;0,00560312690565798;0,9493992074329921;-0,46531686542026934;0,9493736643736009;-0,46555699881631785;5,603126905657979e-07
308;-0,12200000013367697;-0,05899999918928719;0,12200762330645516;0,05900525511142151;7,623172778192799e-06;5,25592213432291e-06;0,00833803211523852;0,008338032115238522;0,008338032115238522;0,9383638634769855;-0,6128171571126101;0,9384272280736029;-0,6122198883530567;8,338032115238521e-07
309;0,06000317813460731;0,028002336791557426;-0,06000094230383989;-0,028000795423376856;2,2358307674164024e-06;1,5413681805701018e-06;0,00396023192764293;0,00396023192764293;0,00396023192764293;0,965337985754724;-0,649193626465628;0,9652989454862374;-0,6495840875426869;3,9602319276429303e-07
310;0,14201953941157375;0,06901347305944873;-0,1420060464586958;-0,06900416925439573;1,3492952877947051e-05;9,30380505299866e-06;0,009244345945756047;0,009244345945756047;0,009244345945756047;0,986155281097929;-0,13902250773127414;0,9860540903870822;-0,13991912785657978;9,244345945756047e-07
311;0,0;0,0;0,0;0,0;0,0;0,0;;;;;;;;
312;0,13901034349984412;0,0670071314833275;-0,1390000582508059;-0,06700004016571609;1,028524903820549e-05;7,091317611410131e-06;0,009070579379126966;0,009070579379126966;0,009070579379126966;0,9822430857934578;-0,3087651200896652;0,9821645139151739;-0,309478748455121;9,070579379126966e-07
313;0,03410033176119085;0,017000228767248368;-0,03410008127201076;-0,017000056062334793;2,5048918009251686e-07;1,727049135751002e-07;0,0022286917299300683;0,0022286917299300683;0,0022286917299300683;0,9870719495873066;-0,2655813299986313;0,987064146111915;-0,2656456935858757;2,2286917299300682e-07
314;0,1321177255052788;0,06401222037710597;-0,13210000012343912;-0,06399999932040663;1,7725381839694965e-05;1,2221056699332489e-05;0,008990389011179564;0,008990389011179564;0,008990389011179564;0,9427820494517661;-0,5711416818000171;0,9426453900870201;-0,5724178424050641;8,990389011179564e-07
315;0,12200780067789868;0,059005377625371024;-0,12200000000207786;-0,058999999989614894;7,800675820818226e-06;5,377635756129151e-06;0,008041525640897674;0,008041525640897674;0,008041525640897674;0,9730303692999713;-0,5491095119485649;0,9729631405930597;-0,5497204323969279;8,041525640897673e-07
316;0,13111757856303077;0,0640121183233047;-0,13110239532185777;-0,06400165074105324;1,5183241173000184e-05;1,0467582251455498e-05;0,008536611021486324;0,008536611021486324;0,008536611021486324;0,9868139764901539;-0,2626231175737357;0,986690640186588;-0,2637013076726656;8,536611021486325e-07
317;0,13100239532073085;0,06400165074056455;-0,13099999999973286;-0,06399999999974917;2,3953209979943324e-06;1,6507408153731973e-06;0,008531353149954072;0,008531353149954074;0,008531353149954074;0,986690640186588;-0,2637013076726656;0,9866711715887194;-0,263870969327268;8,531353149954073e-07
318;0,1520333731636788;0,0730230098334204;-0,15201046127837373;-0,07300721235383494;2,2911885305065827e-05;1,5797479585466512e-05;0,009858566577691656;0,009858566577691654;0,009858566577691656;0,9877341477420354;-0,10941019725670861;0,9875731414919098;-0,11087805184148865;9,858566577691656e-07
319;0,12912253609547447;0,06301553773642199;-0,12910764780591155;-0,06300527346197318;1,4888289562919876e-05;1,0264274448806843e-05;0,00832307843698891;0,008323078436988911;0,008323078436988911;0,9966621593187106;-0,029476995163815925;0,9965381187066739;-0,0305516698898343;8,323078436988912e-07
320;0,12843701004809685;0,06202551641180723;-0,1284257020574004;-0,06201772027036859;1,1307990696457493e-05;7,796141438642934e-06;0,008264220512561118;0,008264220512561118;0,008264220512561118;0,9964314646079582;-0,03154317902571475;0,9963366412404956;-0,03238799613778512;8,264220512561117e-07
321;-0,04000058277257039;-0,01900040183966695;0,04000203509268329;0,019001403232144973;1,4523201129004737e-06;1,0013924780227779e-06;0,002586373621581571;0,0025863736215815713;0,0025863736215815713;0,988538892494678;-0,1021524833202953;0,9885777676894643;-0,1017884101704234;2,5863736215815715e-07
322;0,12602331031452993;0,061016071679552086;-0,12600000000024855;-0,060999999999117344;2,331031428137731e-05;1,607168043474272e-05;0,00815069716226695;0,00815069716226695;0,00815069716226695;0,9918048309498757;-0,07001918811394832;0,9916066067103254;-0,07178212760636889;8,150697162266949e-07
323;0,12601251216884043;0,06101056355209168;-0,12600000000011735;-0,060999999999809096;1,2512168723083361e-05;1,0563552282585875e-05;0,008187299267616641;0,00818729926761664;0,008187299267616641;0,9872854103062377;-0,12227358493206357;0,9871735344251541;-0,12393337311071634;8,18729926761664e-07
324;0,12601136800571672;0,06100783888229381;-0,126000000000225;-0,06100000000010921;1,1368005491729782e-05;7,838882184599272e-06;0,008231859107273773;0,008231859107273773;0,008231859107273773;0,9819255899461798;-0,31162083409665237;0,9818298697898182;-0,3124810518155482;8,231859107273773e-07
325;0,059003292209266395;0,029002269792112914;-0,05899999999991693;-0,028999999999840227;3,2922093494633375e-06;2,269792272687615e-06;0,0038269715028115825;0,003826971502811584;0,003826971502811584;0,9918652095359928;-0,09155213623939372;0,9918055303578681;-0,09206174467952227;3,826971502811584e-07
326;0,07700780262513125;0,037005379105701605;-0,07700000007866993;-0,03699999951142458;7,802546461321835e-06;5,379594277023225e-06;0,00523151156484134;0,005231511564841341;0,005231511564841341;0,9428914696401725;-0,5099006906324381;0,9427881424695713;-0,5108861402628437;5,23151156484134e-07
327;0,038000942303508735;0,018000795428121535;-0,03800000000188874;-0,017999999993487826;9,423016199966439e-07;7,954346337088469e-07;0,0025149594315512815;0,002514959431551281;0,0025149594315512815;0,9652989454862374;-0,6495840875426869;0,9652715786531022;-0,6500139585542878;2,5149594315512815e-07
328;-0,1470046079775512;-0,07100317588877157;0,14703639178597946;0,07102508872575213;3,178380842827622e-05;2,191283698055324e-05;0,009997453831241638;0,009997453831241638;0,009997453831241638;0,942786347963808;-0,5109249612239551;0,9430066678568417;-0,5088518946077893;9,997453831241637e-07
329;0,12201037195238255;0,05900715046124864;-0,12199999999985982;-0,05899999999972468;1,0371952522736372e-05;7,150461523955376e-06;0,00794073146886966;0,007940731468869658;0,00794073146886966;0,9854037882941749;-0,30349112317531024;0,9853132640915249;-0,304303488364838;7,94073146886966e-07
330;0,11500746745834824;0,05600514911870374;-0,11499999999995755;-0,05599999999966783;7,4674583906836345e-06;5,149119035909033e-06;0,007411068504823803;0,0074110685048238015;0,007411068504823803;0,9965381187066739;-0,0305516698898343;0,9964682539058056;-0,031160868981767696;7,411068504823803e-07
331;0,122016311506371;0,05901124555591042;-0,12200000000216867;-0,0589999999893163;1,6311504202337623e-05;1,124556659411885e-05;0,00804203307829499;0,008042033078294993;0,008042033078294993;0,9730423196910226;-0,5489982564921019;0,9729017484199949;-0,5502758953024205;8,042033078294994e-07
332;-0,058000000063572636;-0,02799999961205829;0,05800378926420781;0,028002612138898406;3,7892006351722407e-06;2,612526840115731e-06;0,003963310905546709;0,003963310905546708;0,003963310905546709;0,9382111791935784;-0,6142402684346706;0,938277434056025;-0,6136128087496363;3,963310905546709e-07
333;0,10932540911347738;0,053017518295112594;-0,10931584217252874;-0,05301092271247507;9,566940948640967e-06;6,595582637526631e-06;0,007040753562601951;0,007040753562601952;0,007040753562601952;0,9963366412404956;-0,03238799613778512;0,9962424539979475;-0,033218037593475504;7,040753562601952e-07
334;0,1940247863400217;0,0940209231018251;-0,19400000000974876;-0,09399999996519515;2,4786330272946744e-05;2,092313662994949e-05;0,012898586818122308;0,012898586818122306;0,012898586818122308;0,9650642686905639;-0,6517041373146407;0,9649235882822028;-0,6538357412708266;1,2898586818122308e-06
335;-0,02100000000004014;-0,009999999999992286;0,021000582772754302;0,010000401839661619;5,827727141624606e-07;4,018396693328957e-07;0,0013584926548388357;0,0013584926548388357;0,0013584926548388357;0,9885091885609979;-0,10242898867066985;0,988538892494678;-0,1021524833202953;1,3584926548388358e-07
336;-0,18613238768115925;-0,08902232815373484;0,1862235764888953;0,08908519827153846;9,118880773603677e-05;6,287011780362062e-05;0,01207880058863773;0,012078800588637735;0,012078800588637735;0,9862082104210247;-0,12334737229882006;0,9867310851334061;-0,11852574392801353;1,2078800588637735e-06
337;0,10310490537723632;0,05000414113570043;-0,10310000002846793;-0,04999999992970737;4,905348768388662e-06;4,141205993062058e-06;0,006830151029441505;0,006830151029441507;0,006830151029441507;0,9686314275581768;-0,28830613179721787;0,9685788436718537;-0,2890989624000346;6,830151029441507e-07
338;0,10100466475588764;0,04900321662373846;-0,10100000000028156;-0,048999999999967646;4,664755606079152e-06;3,2166237708131096e-06;0,006588567953381213;0,006588567953381214;0,006588567953381214;0,9837613331933642;-0,29505650458411703;0,9837122525520172;-0,29549434387008905;6,588567953381214e-07
339;0,10100071541318216;0,04900049347756815;-0,10100000000270237;-0,04900000000099632;7,154104797874039e-07;4,934765718278555e-07;0,006596700125178133;0,006596700125178133;0,006596700125178133;0,9825070864958655;-0,3062540598251976;0,9824995679168188;-0,3063212848746213;6,596700125178132e-07
340;0,0;0,0;0,0;0,0;0,0;0,0;;;;;;;;
341;0,09921576713353814;0,04801087097384677;-0,09920749002034095;-0,04800516439269839;8,277113197188712e-06;5,706581148380574e-06;0,006387651838747216;0,006387651838747216;0,006387651838747216;0,9962424539979475;-0,033218037593475504;0,9961526442597428;-0,034014157191431714;6,387651838747215e-07
342;0,0;0,0;0,0;0,0;0,0;0,0;;;;;;;;
343;0,10401435918470006;0,05100989940592361;-0,10400000011627358;-0,05099999930949825;1,4359068426478272e-05;9,900096425360938e-06;0,007096956455471504;0,007096956455471507;0,007096956455471507;0,9424528188786524;-0,5138753795108941;0,942312476241844;-0,515144765987443;7,096956455471507e-07
344;-0,005100041497255499;-0,002000028603848398;0,005100109490194251;0,0020000754815757767;6,799293875148216e-08;4,687772737869966e-08;0,0003298260463863734;0,0003298260463863734;0,0003298260463863734;0,9589397293159819;-0,4223310768616615;0,958953805563482;-0,42213426047061253;3,2982604638637336e-08
345;-0,07700000008451015;-0,036999999473957386;0,077008797526176;0,03700606472902287;8,797441665847616e-06;6,065255065482167e-06;0,005259744375811983;0,005259744375811985;0,005259744375811985;0,9377275239028043;-0,6188290062330553;0,9378433995300448;-0,617718091325115;5,259744375811985e-07
346;0,04900356541494009;0,02400245779711119;-0,04900000004931789;-0,02399999971296336;3,565365622196226e-06;2,4580841478313853e-06;0,0033484088130409095;0,0033484088130409095;0,0033484088130409095;0,9408586978773607;-0,589198218125323;0,9407848454328663;-0,5898694200307659;3,3484088130409093e-07
347;0,0;0,0;0,0;0,0;0,0;0,0;;;;;;;;
348;0,00010000000517275982;3,442334321434689e-12;-9,999999999219035e-05;1,2983471422095568e-13;5,180569474382175e-12;3,572169035655645e-12;5,8511412861439454e-06;5,8511412861439454e-06;5,8511412861439454e-06;0,9867310851334061;-0,11852574392801353;0,9867310340151187;-0,11852779063000604;5,851141286143946e-10
349;0,0;0,0;0,0;0,0;0,0;0,0;;;;;;;;
350;-0,08100000000298183;-0,03899999998083345;0,0810024822677679;0,03900171141920854;2,482264786080046e-06;1,7114383750876927e-06;0,0053195481180613145;0,0053195481180613145;0,0053195481180613145;0,9757174093409765;-0,21128199080130836;0,9757497412563845;-0,21098553869411496;5,319548118061315e-07
351;0,08601040964751905;0,04100717694185483;-0,08600000000002476;-0,04099999999974494;1,0409647494283303e-05;7,1769421098877295e-06;0,005579032664605267;0,005579032664605267;0,005579032664605267;0,9860718119616868;-0,12461548059138641;0,9859426101069636;-0,12581730027325808;5,579032664605267e-07
352;0,0;0,0;0,0;0,0;0,0;0,0;;;;;;;;
353;-0,060000000074946276;-0,02899999953678968;0,06000220702037382;0,02900152115169458;2,206945427546403e-06;1,5216149048986882e-06;0,0040954427194261536;0,0040954427194261536;0,0040954427194261536;0,9394613166781763;-0,5425649031386596;0,9394986632042543;-0,5422127631861186;4,095442719426153e-07
354;-0,060102207017966404;-0,02900152115106005;0,060102760498615536;0,029001902583485523;5,534806491319655e-07;3,814324254745871e-07;0,004100976490727678;0,004100976490727679;0,004100976490727679;0,9394986632042543;-0,5422127631861186;0,9395080147110785;-0,5421243359654645;4,100976490727679e-07
355;0,08100910419053285;0,03900627668993118;-0,08100000000797461;-0,03899999995727687;9,104182558242191e-06;6,276732654311723e-06;0,0053506546235170035;0,005350654623517003;0,0053506546235170035;0,9701628823885899;-0,2909659936037116;0,970044989537657;-0,29205302250706283;5,350654623517004e-07
356;0,08100604645830611;0,03900416925456758;-0,08099999999998157;-0,038999999999996204;6,046458324540649e-06;4,16925457137618e-06;0,005264208847630503;0,005264208847630503;0,005264208847630503;0,9860540903870822;-0,13991912785657978;0,9859745042751491;-0,14064145395733252;5,264208847630504e-07
357;0,0810050713034109;0,03900349621248213;-0,08099999999959825;-0,0389999999998118;5,0713038126509735e-06;3,496212670324461e-06;0,005215711521192651;0,005215711521192651;0,005215711521192651;0,9952097736738014;-0,04259064550956477;0,9951424053705951;-0,043196119090756414;5,215711521192651e-07
358;0,0790008316885738;0,03800070228675853;-0,07900000000314121;-0,037999999992699526;8,316854325923773e-07;7,022940590045712e-07;0,00520826978200163;0,005208269782001629;0,00520826978200163;0,971791413928578;-0,5902560032381611;0,9717797310294651;-0,5904340182591519;5,20826978200163e-07
359;-0,4034675526915704;-0,19411551886602124;0,40361649467271327;0,19421821618340449;0,00014894198114284718;0,0001026973173832435;0,02619199924029384;0,026191999240293837;0,02619199924029384;0,9869429775750934;-0,11657521082764874;0,987336977046671;-0,11299739520175683;2,619199924029384e-06
360;0,055002650579813996;0,027001827473586516;-0,055000000002302755;-0,026999999989228557;2,650577511240093e-06;1,8274843579593747e-06;0,003664626213918644;0,003664626213918643;0,003664626213918644;0,965337985754724;-0,649193626465628;0,9652878124001322;-0,6496353952782086;3,664626213918644e-07
361;-0,1210000001285446;-0,05799999917987102;0,12103554482869291;0,058024506412217944;3,554470014831279e-05;2,4507232346926422e-05;0,008261129526936795;0,008261129526936795;0,008261129526936795;0,9377703626831045;-0,6184941282823473;0,9380684049522163;-0,6156190117709888;8,261129526936796e-07
362;0,0;0,0;0,0;0,0;0,0;0,0;;;;;;;;
363;-0,00010000000006869359;6,156451030529331e-15;0,00010000001267147565;8,683039376707324e-12;1,2602782058506075e-11;8,689195827737853e-12;5,993132863224001e-06;5,993132863224001e-06;5,993132863224001e-06;0,963353028812452;-0,6673149709644576;0,9633531502217382;-0,6673099924226049;5,993132863224e-10
364;0,16003658769008347;0,07702522434373461;-0,16000206554762764;-0,07700142368943638;3,452214245583396e-05;2,3800654298231083e-05;0,0107982074910536;0,010798207491053596;0,0107982074910536;0,9496207142604859;-0,4632277666695633;0,9493992074329921;-0,46531686542026934;1,0798207491053601e-06
365;0,07100694344490717;0,03400478727244438;-0,07100000000005839;-0,03399999999993579;6,94344484877818e-06;4,787272508591234e-06;0,004594333844757689;0,00459433384475769;0,00459433384475769;0,9893581246822871;-0,09474453026727864;0,9892534440891205;-0,09570431305649388;4,59433384475769e-07
366;0,12213820578148116;0,05902634036481804;-0,12212154948340131;-0,05901485640554002;1,665629807984237e-05;1,1483959278017764e-05;0,008309474965750734;0,008309474965750732;0,008309474965750734;0,9425329334697813;-0,5132287879773028;0,9423940149249957;-0,5145350368236437;8,309474965750733e-07
367;0,12202154948828484;0,059014856401117734;-0,12200000013001201;-0,05899999919740119;2,1549358272823782e-05;1,4857203716543699e-05;0,008303959289961017;0,008303959289961018;0,008303959289961018;0,9423940149249957;-0,5145350368236437;0,9422141602889041;-0,5162230658163426;8,303959289961018e-07
368;0,06810711161181919;0,033004903494625065;-0,06810206956670488;-0,03300142687897269;5,042045114311833e-06;3,4766156523785563e-06;0,004386430792522084;0,004386430792522084;0,004386430792522084;0,9961526442597428;-0,034014157191431714;0,9960729673739441;-0,03471811973716557;4,386430792522083e-07
369;0,0680041271499164;0,03300284544057414;-0,067999999999979;-0,03299999999997842;4,1271499374023746e-06;2,8454405957209494e-06;0,004371175543955132;0,0043711755439551315;0,004371175543955132;0,9983934160037831;-0,014172970919612962;0,9983279653178501;-0,014747535931154167;4,3711755439551325e-07
370;0,0;0,0;0,0;0,0;0,0;0,0;;;;;;;;
371;0,07301068890710144;0,03500736921094329;-0,07300300293186544;-0,03500207023858245;7,685975235996456e-06;5,298972360838483e-06;0,004916272312086458;0,004916272312086458;0,004916272312086458;0,9508794278031145;-0,4416840103025648;0,9507711337685214;-0,4427137602950563;4,916272312086459e-07
372;0,0;0,0;0,0;0,0;0,0;0,0;;;;;;;;
373;0,0850104612784175;0,04100721235413386;-0,08500421820812314;-0,04100290842622939;6,243070294370545e-06;4,303927904472649e-06;0,005517841556439836;0,005517841556439837;0,005517841556439837;0,9875731414919098;-0,11087805184148865;0,9874947400335148;-0,11158474361103135;5,517841556439837e-07
374;0,12202603536890945;0,05901795048231757;-0,12200000000577682;-0,05899999997203185;2,6035363132628775e-05;1,7950510285719146e-05;0,008121313047995524;0,008121313047995524;0,008121313047995524;0,9636265000178205;-0,6649120795449159;0,9634043160556197;-0,6669515942344386;8,121313047995525e-07
375;0,06200479415930091;0,030004047349713247;-0,062000000000136224;-0,02999999999995626;4,794159164683842e-06;4,0473497569873396e-06;0,004011428963479254;0,004011428963479254;0,004011428963479254;0,9914046050728512;-0,07539442078709285;0,9913171210088519;-0,07668794134741483;4,011428963479254e-07
376;0,0;0,0;0,0;0,0;0,0;0,0;;;;;;;;
377;0,06000073274099811;0,02900050512286275;-0,06000000000061823;-0,028999999999707267;7,327403798787491e-07;5,051231554836777e-07;0,003853288125649825;0,003853288125649825;0,003853288125649825;0,9985136516935866;-0,0372566236544596;0,9985004733302054;-0,037373483289906716;3,853288125649825e-07
378;0,0;0,0;0,0;0,0;0,0;0,0;;;;;;;;
379;0,06800265230295091;0,03300182887187944;-0,06799999999964527;-0,03299999999989575;2,652303305636372e-06;1,8288719836889733e-06;0,004416782519659209;0,004416782519659208;0,004416782519659209;0,9880610224791215;-0,10629037026741188;0,9880193936198525;-0,1066597965024837;4,416782519659209e-07
380;0,05600220085111454;0,027001517480189353;-0,05599999999980676;-0,027000000000011376;2,2008513077820258e-06;1,5174801779767322e-06;0,0035986098683900495;0,003598609868390049;0,0035986098683900495;0,9974653257162466;-0,022385780791589503;0,9974229462804172;-0,022764612167236645;3,5986098683900495e-07
381;0,05600055077502475;0,027000379937362595;-0,05600000000081071;-0,026999999999781962;5,50774214042038e-07;3,799375806329275e-07;0,0035893742276651595;0,0035893742276651595;0,0035893742276651595;1,0;0,0;0,9999893657855402;-9,49573051874337e-05;3,5893742276651593e-07
382;0,053103689586721084;0,02600254391198521;-0,053101334242330794;-0,0260009199250921;2,3553443902896154e-06;1,6239868931081092e-06;0,003425989149993083;0,0034259891499930826;0,003425989149993083;0,9964314646079582;-0,03154317902571475;0,9963837810416224;-0,03195282069267921;3,425989149993083e-07
383;0,0;0,0;0,0;0,0;0,0;0,0;;;;;;;;
384;0,05200025771568769;0,02500017768040148;-0,05200000000117278;-0,024999999994880936;2,577145149090798e-07;1,7768552054361897e-07;0,003428073492013989;0,0034280734920139892;0,0034280734920139892;0,9717364066548184;-0,5907741622304706;0,9717311982182236;-0,5908222977281585;3,428073492013989e-07
385;-0,07110510580419417;-0,03400352003580997;0,07110802990408026;0,034005536104678075;2,924099886086884e-06;2,01606886810618e-06;0,00471412572492846;0,00471412572492846;0,00471412572492846;0,9652950254306137;-0,6495987174586804;0,965337985754724;-0,649193626465628;4,71412572492846e-07
386;-0,2019999999999933;-0,09799999999999767;0,20224383309738414;0,09816811474840392;0,00024383309739084424;0,00016811474840625062;0,012979412772949114;0,012979412772949114;0,012979412772949114;0,9986977278365758;-0,01142372708557641;1,0;0,0;1,2979412772949113e-06
387;-0,07100000000249743;-0,03399999998607775;0,07100510580379106;0,03400352003564081;5,105801293633916e-06;3,5200495630619e-06;0,004708730602206424;0,004708730602206422;0,004708730602206424;0,9652199208154981;-0,6503043545692441;0,9652950254306137;-0,6495987174586804;4,7087306022064246e-07
388;-9,99999998556241e-05;-2,6460008017859123e-15;0,00010000001283844803;8,95387499159755e-12;1,2982823922370358e-11;8,951228990795765e-12;5,849885519536142e-06;5,849885519536143e-06;5,849885519536143e-06;0,986942849442037;-0,11658033950341638;0,9869429775750934;-0,11657521082764874;5,849885519536143e-10
389;0,0;0,0;0,0;0,0;0,0;0,0;;;;;;;;
390;0,05000182251518971;0,024001256405140763;-0,050000000000216614;-0,0240000000001712;1,8225149730974333e-06;1,2564049695629187e-06;0,0032129331653201246;0,0032129331653201246;0,0032129331653201246;0,9966621593187106;-0,029476995163815925;0,9966228647966898;-0,02983237683476566;3,2129331653201245e-07
391;0,0;0,0;0,0;0,0;0,0;0,0;;;;;;;;
392;0,0;0,0;0,0;0,0;0,0;0,0;;;;;;;;
393;-0,07000000007509898;-0,033999999549136614;0,07000460790260311;0,034003176374310266;4,607827504138351e-06;3,176825173652198e-06;0,004765954543002728;0,004765954543002728;0,004765954543002728;0,942719323929665;-0,5115466143578735;0,942786347963808;-0,5109249612239551;4,7659545430027275e-07
394;0,04500075029678184;0,022000517304918223;-0,044999999999699274;-0,022000000000226543;7,502970825676303e-07;5,173046916800983e-07;0,0029246056682445233;0,0029246056682445225;0,0029246056682445233;0,988849504034392;-0,09799470242722545;0,9888317121256719;-0,09814934972970028;2,924605668244523e-07
395;0,04500014138170498;0,022000097522635206;-0,044999999999024994;-0,02199999999954573;1,4138267998703435e-07;9,752308947549859e-08;0,002932561969839123;0,002932561969839122;0,002932561969839123;0,9861522675931179;-0,1385205627244647;0,9861489236761425;-0,13854974990550273;2,932561969839123e-07
396;0,05200421820815194;0,025002908426083006;-0,05199999999997401;-0,024999999999884247;4,2182081779265634e-06;2,908426198759695e-06;0,003373646536833683;0,0033736465368336827;0,003373646536833683;0,9874947400335148;-0,11158474361103135;0,9874081133479142;-0,112372649933198;3,373646536833683e-07
397;0,04300030069523966;0,021000207361437394;-0,04299999999867932;-0,0210000000007132;3,006965603458145e-07;2,0736072419216822e-07;0,002799421737206504;0,002799421737206504;0,002799421737206504;0,9869429775750934;-0,11657521082764874;0,9869355283543314;-0,11664030943500049;2,799421737206504e-07
398;0,041000808451810984;0,02000055743483554;-0,04099999999958506;-0,02000000000004709;8,084522259213522e-07;5,57434788450023e-07;0,002675371294230445;0,002675371294230445;0,002675371294230445;0,9844657102640584;-0,2887778964980105;0,9844447558073661;-0,28896197094621506;2,675371294230445e-07
399;-0,04100000000016791;-0,019999999999946488;0,041000995385488105;0,02000068621255359;9,953853201960516e-07;6,862126071018049e-07;0,0026423891196219623;0,0026423891196219623;0,0026423891196219623;0,9967325481748985;-0,028856173202346333;0,9967586687303185;-0,028629666414086465;2,642389119621962e-07
400;0,0750059066651893;0,03600407285095915;-0,07500154324443747;-0,036001063938342986;4,363420751829494e-06;3,008912616161985e-06;0,004867082786701313;0,004867082786701313;0,004867082786701313;0,9869429775750934;-0,11657521082764874;0,9868808689176372;-0,11714293601661241;4,867082786701313e-07
401;0,04000137277664512;0,019000946415237367;-0,040000000000189405;-0,019000000000022117;1,3727764557117106e-06;9,464152152492689e-07;0,0025668657704383618;0,0025668657704383618;0,0025668657704383618;0,9960729673739441;-0,03471811973716557;0,9960359433908987;-0,035062111159938125;2,5668657704383615e-07
402;0,0;0,0;0,0;0,0;0,0;0,0;;;;;;;;
403;-9,99999997161675e-05;7,97024859761164e-14;0,00010000001053863349;7,3827199141508e-12;1,082246598382245e-11;7,462422400126916e-12;5,854243798963894e-06;5,854243798963893e-06;5,854243798963894e-06;0,9862081036889849;-0,12335164795145911;0,9862082104210247;-0,12334737229882006;5,854243798963894e-10
404;0,0;0,0;0,0;0,0;0,0;0,0;;;;;;;;
405;0,0371006827826809;0,018000470675484846;-0,03710024293229971;-0,018000167472642943;4,3985038119392916e-07;3,032028419031052e-07;0,0023936283283186436;0,002393628328318644;0,002393628328318644;0,9946450262635211;-0,11589410795898454;0,9946322887083954;-0,11600636136176927;2,393628328318644e-07
406;0,034001005528411066;0,017000693302418816;-0,03399999999961697;-0,01699999999992225;1,0055287940971547e-06;6,933024965655177e-07;0,00220272592839063;0,0022027259283906304;0,0022027259283906304;0,9963837810416224;-0,03195282069267921;0,9963520810928037;-0,032209683789472796;2,2027259283906306e-07
407;0,03400008127393765;0,017000056061122645;-0,033999999998393565;-0,016999999998794788;8,127554408654536e-08;5,606232785643206e-08;0,002223458542138387;0,0022234585421383873;0,0022234585421383873;0,987064146111915;-0,2656456935858757;0,9870616074658515;-0,26566648793119224;2,2234585421383873e-07
408;-0,04199999999973566;-0,02000000000006964;0,04200154324375503;0,020001063938495094;1,543244019373835e-06;1,0639384254544637e-06;0,0027215765164125202;0,0027215765164125194;0,0027215765164125202;0,9868416072776999;-0,11750884485956782;0,9868808689176372;-0,11714293601661241;2,7215765164125204e-07
409;0,03100019721081268;0,015000135950005924;-0,030999999999667533;-0,015000000000195225;1,972111451468972e-07;1,359498106989071e-07;0,0019990430595441585;0,001999043059544159;0,001999043059544159;0,9946322887083954;-0,11600636136176927;0,9946254514607208;-0,11606705181083281;1,999043059544159e-07
410;0,038003002917837106;0,018002070317049312;-0,03800000001470677;-0,017999999915985443;3,002903130336354e-06;2,0704010638694648e-06;0,0025535343134858585;0,002553534313485858;0,0025535343134858585;0,9507711337685214;-0,4427137602950563;0,9506897348801782;-0,4435116518683735;2,5535343134858585e-07
411;0,029103700703853867;0,014002551467933114;-0,02910146553040429;-0,014001010408771499;2,2351734495773545e-06;1,5410591616155794e-06;0,0018666840862127667;0,0018666840862127667;0,0018666840862127667;0,9989203551908377;-0,00951102974113792;0,9988373936118073;-0,010255504657953855;1,8666840862127666e-07
412;0,029000062195982862;0,01400005250484693;-0,028999999998684352;-0,013999999999250756;6,219729850945321e-08;5,250559617468731e-08;0,0018841640363484024;0,0018841640363484024;0,0018841640363484024;0,9867590178534524;-0,1300816153083985;0,9867566020599453;-0,1301176336628057;1,8841640363484025e-07
413;0,0;0,0;0,0;0,0;0,0;0,0;;;;;;;;
414;-0,00010000000203471005;1,3856007682241166e-12;0,00010000000262961734;-9,752450372511946e-13;5,949072885789303e-13;4,10355730972922e-13;6,015527732323388e-06;6,015527732323389e-06;6,015527732323389e-06;0,9597666349948631;-0,4147795188689658;0,9597666407045846;-0,41477928375245243;6,015527732323389e-10
415;0,02800069679085004;0,014000480463690367;-0,027999999999939237;-0,013999999999983226;6,967909108035464e-07;4,804637071410128e-07;0,0018145664776467757;0,001814566477646776;0,001814566477646776;0,9960729673739441;-0,03471811973716557;0,9960463011366093;-0,034934312618723797;1,814566477646776e-07
416;0,026000247718675932;0,0130001707870142;-0,026000000004189155;-0,012999999980600476;2,477144867771286e-07;1,7080641372471672e-07;0,0017356436258175107;0,0017356436258175107;0,0017356436258175107;0,9669669281370794;-0,3386398216170614;0,9669570170440277;-0,3387225896710121;1,735643625817511e-07
417;0,0;0,0;0,0;0,0;0,0;0,0;;;;;;;;
418;0,0240014509761091;0,012001000374494029;-0,023999999999959453;-0,011999999999951222;1,4509761496472873e-06;1,0003745428074917e-06;0,0015510974119502922;0,0015510974119502918;0,0015510974119502922;0,9988373936118073;-0,010255504657953855;0,9987724346285356;-0,010780464997190365;1,5510974119502923e-07
419;0,024000820254450463;0,01200056552587833;-0,024000000000056254;-0,011999999999909531;8,202543942091578e-07;5,655259687990105e-07;0,0015509247459281677;0,0015509247459281675;0,0015509247459281677;0,9989203551908377;-0,00951102974113792;0,9988836289773717;-0,00980780862139182;1,5509247459281678e-07
420;0,024000359892456895;0,012000248083171268;-0,02400000000025015;-0,01199999999996305;3,5989220674437217e-07;2,480832082176615e-07;0,001576801175306312;0,001576801175306312;0,001576801175306312;0,9825070864958655;-0,3062540598251976;0,9824912378023701;-0,3063841900105798;1,5768011753063122e-07
421;0,0;0,0;0,0;0,0;0,0;0,0;;;;;;;;
422;0,02300014184126535;0,011000097768959502;-0,023000000006103347;-0,010999999966205999;1,418351620041669e-07;9,780275350354528e-08;0,0015336748592430498;0,0015336748592430498;0,0015336748592430498;0,9597666407045846;-0,41477928375245243;0,9597602353542815;-0,4148400412507865;1,5336748592430497e-07
423;0,023000063373509;0,01100004366745143;-0,023000000002419092;-0,010999999987159701;6,337108990686624e-08;4,368029172911736e-08;0,00152023897676371;0,00152023897676371;0,00152023897676371;0,9682454899788059;-0,2779426438029496;0,9682426030989109;-0,2779697547382523;1,5202389767637098e-07
424;0,022000617222101206;0,010000425543745601;-0,021999999999977937;-0,009999999999991226;6,172221232690622e-07;4,2554375437493797e-07;0,0014053638649642946;0,0014053638649642946;0,0014053638649642946;0,992819448222221;-0,0637554353293445;0,992789130188123;-0,06406836878295874;1,4053638649642947e-07
425;0,021300536465352588;0,010000369893656219;-0,021300127809594584;-0,010000088139207476;4,086557580038064e-07;2,817544487426077e-07;0,0013650843742558803;0,0013650843742558803;0,0013650843742558803;0,9952337174606608;-0,09647536908316127;0,9952130078802893;-0,09667350693089236;1,3650843742558802e-07
426;0,021000516754640073;0,01000035607477177;-0,021000000026434547;-0,009999999829181282;5,167282055261457e-07;3,5624559048888504e-07;0,0014313634819935366;0,0014313634819935366;0,0014313634819935366;0,9382091020733849;-0,5545038168706676;0,9381841062246831;-0,5547488663450953;1,4313634819935366e-07
427;0,021000127762035747;0,010000088106235783;-0,021000000000206433;-0,010000000000279953;1,277618293139826e-07;8,810595582969816e-08;0,001349350649629426;0,001349350649629426;0,001349350649629426;0,9952130078802893;-0,09667350693089236;0,9952064515516555;-0,09673414969547056;1,349350649629426e-07
428;0,021000071727292034;0,01000006056157476;-0,020999999999807267;-0,009999999997900855;7,172748476766411e-08;6,056367390580575e-08;0,0013640510045955065;0,0013640510045955065;0,0013640510045955065;0,9844849712759238;-0,13329230437154482;0,9844811281341908;-0,13335103626708997;1,3640510045955066e-07
429;0,021000078640875764;0,01000005407663859;-0,021000000022524955;-0,009999999861325522;7,861835080863466e-08;5,421531306878946e-08;0,0014314166516807955;0,0014314166516807955;0,0014314166516807955;0,93815306110378;-0,6149232823348965;0,9381492579774151;-0,6149605973128798;1,4314166516807953e-07
430;0,0210000812240589;0,010000056001253317;-0,021000000001308514;-0,010000000000889164;8,122275038657811e-08;5,600036415316645e-08;0,0013608320594440412;0,0013608320594440412;0,0013608320594440412;0,9868139764901539;-0,2626231175737357;0,9868098437788256;-0,26266164433823;1,3608320594440411e-07
431;0,021000054607808218;0,010000037590122642;-0,02100000000720685;-0,00999999995513483;5,46006013665834e-08;3,763498781193808e-08;0,001411123380961332;0,001411123380961332;0,001411123380961332;0,9516433995858673;-0,429888479057726;0,9516407206335746;-0,4299143551498335;1,411123380961332e-07
432;0,0;0,0;0,0;0,0;0,0;0,0;;;;;;;;
433;0,0;0,0;0,0;0,0;0,0;0,0;;;;;;;;
434;0,019000328713829995;0,009000226622506904;-0,018999999999891454;-0,009000000000002884;3,287139385410587e-07;2,2662250401955797e-07;0,0012182375968166777;0,001218237596816678;0,001218237596816678;0,9963837810416224;-0,03195282069267921;0,9963651044495484;-0,032127479082390234;1,2182375968166778e-07
435;0,019000292944097986;0,009000201975055966;-0,01900000000019656;-0,009000000000054166;2,9294390142473037e-07;2,0197500179980343e-07;0,0012182927507973583;0,001218292750797358;0,0012182927507973583;0,9963366412404956;-0,03238799613778512;0,9963199974877791;-0,032543681196679754;1,2182927507973583e-07
436;0,01810043136910924;0,009000297361236169;-0,018100174178858123;-0,009000120059477668;2,571902511169788e-07;1,77301758500642e-07;0,0012069614255855814;0,0012069614255855814;0,0012069614255855814;0,9669669281370794;-0,3386398216170614;0,966952135984583;-0,33876523788128254;1,2069614255855814e-07
437;0,018000174178759057;0,00900012005959434;-0,01800000000281086;-0,008999999986048356;1,74175948195604e-07;1,2007354598456144e-07;0,0012016180068294875;0,0012016180068294875;0,0012016180068294875;0,966952135984583;-0,33876523788128254;0,9669420706442721;-0,3388492340764137;1,2016180068294875e-07
438;0,018000015018929002;0,009000010341666066;-0,017999999998811536;-0,008999999999945843;1,5020117465763816e-08;1,0341720223239204e-08;0,001169594976970224;0,0011695949769702238;0,001169594976970224;0,9934174388016739;-0,07799066973773361;0,9934165473327224;-0,07799788049803563;1,169594976970224e-07
439;0,01700020152719184;0,008000138952431075;-0,016999999999838925;-0,00799999999994379;2,0152735291309454e-07;1,3895248728544585e-07;0,0010889461800073076;0,0010889461800073076;0,0010889461800073076;0,9961526442597428;-0,034014157191431714;0,9961398395291887;-0,03413588456164852;1,0889461800073075e-07
440;-0,023200141845546942;-0,011000097767616226;0,023201148948404887;0,011000792118947077;1,007102857945169e-06;6,94351330850565e-07;0,001544537203281197;0,001544537203281197;0,001544537203281197;0,9597666407045846;-0,41477928375245243;0,959811776219242;-0,4143420721904105;1,5445372032811968e-07
441;0,01500016291742747;0,007000112316973866;-0,01499999999997192;-0,006999999999957557;1,6291745555049864e-07;1,1231701630906588e-07;0,0009576915409478849;0,0009576915409478849;0,0009576915409478849;0,997916313111108;-0,01840067950507287;0,9979045495592029;-0,018514502932437397;9,57691540947885e-08
442;0,014000292117555803;0,007000201391773923;-0,014000000000990557;-0,006999999996080016;2,9211656524599783e-07;2,013956939073483e-07;0,0009270077086975379;0,0009270077086975378;0,0009270077086975379;0,9748747399180515;-0,21867012928942867;0,9748528578416155;-0,21885130237253186;9,270077086975379e-08
443;0,01400018034689819;0,007000124342814725;-0,01400000000041947;-0,006999999999962096;1,8034647871964515e-07;1,2434285262975103e-07;0,0009068480379667607;0,0009068480379667606;0,0009068480379667607;0,9965381187066739;-0,0305516698898343;0,9965243087054797;-0,03066354117539876;9,068480379667608e-08
444;0,014000176880979912;0,007000121945277951;-0,013999999999777126;-0,006999999999959612;1,7688120278538944e-07;1,2194531833886052e-07;0,0009071987130008016;0,0009071987130008016;0,0009071987130008016;0,9961526442597428;-0,034014157191431714;0,9961391050845918;-0,03412385163619881;9,071987130008017e-08
445;0,014200400590990085;0,006000276188016802;-0,014200387201741983;-0,006000266952367565;1,3389248102596563e-08;9,235649237569754e-09;0,0009024583922399898;0,0009024583922399897;0,0009024583922399898;0,9862462854784303;-0,13769043732990394;0,9862452664709218;-0,13770268721863313;9,024583922399897e-08
446;0,014100387202368857;0,0060002669542436006;-0,014100078354047715;-0,006000054021999993;3,088483211417109e-07;2,1293224360726531e-07;0,0008970688887193698;0,0008970688887193697;0,0008970688887193698;0,9862452664709218;-0,13770268721863313;0,9862216102365696;-0,1379831056995429;8,970688887193699e-08
447;0,0;0,0;0,0;0,0;0,0;0,0;;;;;;;;
448;0,013000058249719655;0,00600004016558842;-0,012999999999354988;-0,006000000000251235;5,825036466719502e-08;4,016533718467774e-08;0,0008416551383086981;0,0008416551383086981;0,0008416551383086981;0,9821645139151739;-0,309478748455121;0,9821597312915411;-0,30952700166229263;8,416551383086982e-08
449;0,0;0,0;0,0;0,0;0,0;0,0;;;;;;;;
450;0,012000150862714325;0,006000104026873466;-0,012000000000258268;-0,006000000000031693;1,5086245605706872e-07;1,0402684177349825e-07;0,0007768358663180677;0,0007768358663180678;0,0007768358663180678;0,9971310276824007;-0,025336329306150752;0,9971175416075444;-0,025445555027547882;7,768358663180678e-08
451;0,0;0,0;0,0;0,0;0,0;0,0;;;;;;;;
452;0,0;0,0;0,0;0,0;0,0;0,0;;;;;;;;
453;-0,01010000000672816;-0,005000000005669111;0,010100099312387404;0,005000083843442259;9,930565924437529e-08;8,383777314827784e-08;0,0006601801818249843;0,0006601801818249844;0,0006601801818249844;0,9855890006137084;-0,27349438251898445;0,9856000366071043;-0,2733363897609146;6,601801818249845e-08
454;0,010000042355153064;0,005000029197311794;-0,010000000000271054;-0,0049999999994782395;4,2354882009640327e-08;2,9197833554574226e-08;0,0006550782222776822;0,0006550782222776824;0,0006550782222776824;0,985378758594209;-0,12542291705407155;0,9853742689293787;-0,12545967965803848;6,550782222776824e-08
455;0,010000075039379207;0,005000051738892919;-0,010000000000310757;-0,004999999999971606;7,503906845028607e-08;5,173892131307006e-08;0,000647937088694878;0,0006479370886948781;0,0006479370886948781;0,9962424539979475;-0,033218037593475504;0,9962344117133727;-0,033283213936727216;6,479370886948781e-08
456;0,0;0,0;0,0;0,0;0,0;0,0;;;;;;;;
457;0,009000125307302863;0,004000086378837738;-0,009000000002004457;-0,003999999986852386;1,253052984064723e-07;8,639198535199955e-08;0,0005929719487400467;0,000592971948740047;0,000592971948740047;0,958953805563482;-0,42213426047061253;0,9589392404032155;-0,42229746630528714;5,929719487400471e-08
458;0,00900007290334586;0,004000050264646409;-0,008999999999950116;-0,0040000000001984524;7,290339574389515e-08;5,026444795629137e-08;0,0005765733475473683;0,0005765733475473683;0,0005765733475473683;0,9862216102365696;-0,1379831056995429;0,9862128950784341;-0,13807806608710535;5,765733475473683e-08
459;0,0;0,0;0,0;0,0;0,0;0,0;;;;;;;;
460;0,0;0,0;0,0;0,0;0,0;0,0;;;;;;;;
461;0,006000045719758718;0,0030000315230580585;-0,006000000000013685;-0,0030000000000421326;4,571974503240345e-08;3,152301592587031e-08;0,0003893916514654752;0,0003893916514654752;0,0003893916514654752;0,9946322887083954;-0,11600636136176927;0,9946241352759857;-0,11607254235987727;3,893916514654752e-08
462;0,005000041497327671;0,002000028603965467;-0,005000000000663715;-0,001999999993406461;4,149666395572571e-08;2,8610559006138347e-08;0,00032422837788675306;0,00032422837788675306;0,00032422837788675306;0,9589397293159819;-0,4223310768616615;0,9589309764420284;-0,42244973626149773;3,2422837788675305e-08
463;0,005000014554104227;0,0020000100340582206;-0,004999999999889284;-0,001999999999876079;1,4554214942605337e-08;1,0034182141432924e-08;0,00031127552134731955;0,00031127552134731955;0,00031127552134731955;0,9988373936118073;-0,010255504657953855;0,9988341959837367;-0,010297118016367261;3,1127552134731954e-08
464;0,005000022946336775;0,0020000158213938145;-0,004999999999876008;-0,0020000000000748477;2,2946460767094e-08;1,5821318966741105e-08;0,00031199038886997653;0,0003119903888699765;0,00031199038886997653;0,996550584549565;-0,030491658730957227;0,9965455545731348;-0,03055727920326375;3,1199038886997655e-08
465;0,005000005450274635;0,0020000037569397225;-0,004999999999901928;-0,0020000000001182718;5,450372706980455e-09;3,756821450717068e-09;0,0003152567380378361;0,00031525673803783617;0,00031525673803783617;0,9862216102365696;-0,1379831056995429;0,9862204279450628;-0,13799868096920775;3,152567380378362e-08
466;0,00020000004794248167;3,351315411893427e-11;-0,00020000000365951094;-2,9815299353247287e-12;4,428297073651166e-11;3,053162418360954e-11;1,1602549464608785e-05;1,1602549464608785e-05;1,1602549464608785e-05;0,9952130078802893;-0,09667350693089236;0,9952127875253858;-0,09668225359464354;1,1602549464608783e-09
467;-9,999999980310472e-05;-9,863645582986358e-14;0,00010000000802971172;5,770606271421867e-12;8,226607004120645e-12;5,6719698155920036e-12;6,1247879809383145e-06;6,1247879809383145e-06;6,1247879809383145e-06;0,9426453125392931;-0,5724210922041181;0,9426453900870201;-0,5724178424050641;6,124787980938314e-10
468;0,00010000001026189042;6,9309744290770424e-12;-0,0001000000001323239;5,302218790267314e-14;1,0129566524225316e-11;6,9839966169797155e-12;5,96079846476887e-06;5,960798464768868e-06;5,96079846476887e-06;0,9685788436718537;-0,2890989624000346;0,9685787455590231;-0,28910296393492985;5,960798464768869e-10
469;-9,999999982356025e-05;2,815273225453092e-13;0,00010000000292012878;1,8534528854866105e-12;3,096568533815687e-12;2,1349802080319197e-12;5,9414306952690105e-06;5,941430695269011e-06;5,941430695269011e-06;0,9717360982274484;-0,5907867005754545;0,9717361283179228;-0,5907854773219327;5,941430695269011e-10
470;-9,999999992317966e-05;4,2997695061695396e-14;0,0001000000078147933;5,3976509921378776e-12;7,891613645655444e-12;5,440648687199573e-12;5,854028021264919e-06;5,854028021264919e-06;5,854028021264919e-06;0,9862444570624918;-0,28054829315733704;0,9862445348930954;-0,2805451758955029;5,85402802126492e-10
471;-9,999999986920612e-05;-1,7373860848712272e-13;0,00010000000648449909;5,758544768316037e-12;6,615292962399745e-12;5,584806159828914e-12;5,857921570435486e-06;5,857921570435486e-06;5,857921570435486e-06;0,9855889354141112;-0,2734975823769939;0,9855890006137084;-0,27349438251898445;5,857921570435486e-10
472;0,00010000000341532461;2,421517173218438e-12;-9,999999972507694e-05;1,2278491519630024e-13;3,690247678831207e-12;2,544302088414738e-12;5,801274824287614e-06;5,801274824287613e-06;5,801274824287614e-06;0,9952127875253858;-0,09668225359464354;0,99521275079957;-0,09668371137231105;5,801274824287615e-10
