;p_from_mw;q_from_mvar;p_to_mw;q_to_mvar;pl_mw;ql_mvar;i_from_ka;i_to_ka;i_ka;vm_from_pu;va_from_degree;vm_to_pu;va_to_degree;loading_percent
0;-3,1481135943237084;-1,5368827789995863;3,1510845582412563;1,5403876552733313;0,0029709639175479197;0,0035048762737450723;0,20250208248290236;0,20250208248290236;0,20250208248290236;0,9988002949520508;-0,03015888759142782;0,9999999999484361;2,306135533590629e-20;2,0250208248290236e-05
1;-3,0857790466187027;-1,5056070260616683;3,0880128620045166;1,5078822741652902;0,0022338153858139087;0,0022752481036218963;0,19864473626453347;0,19864473626453344;0,19864473626453347;0,9979267718723867;-0,047920149843793204;0,9988002949520508;-0,03015888759142782;1,9864473626453346e-05
2;-2,342509748859923;-1,137115665126826;2,3463399207153848;1,1397564355960117;0,0038301718554616393;0,0026407704691857603;0,15060274186002193;0,15060274186002193;0,15060274186002193;0,9982369419910174;-0,015442404888253667;0,9999999999484361;2,306135533590629e-20;1,5060274186002194e-05
3;-2,2798944572536897;-1,105622717265988;2,2835097488602214;1,108115665126286;0,003615291606531734;0,002492947860297967;0,14680047395002624;0,14680047395002624;0,14680047395002624;0,9965297382433044;-0,030467296666490652;0,9982369419910174;-0,015442404888253667;1,4680047395002624e-05
4;2,7569509471678293;1,308244086073661;-2,743770344477946;-1,2948232265310162;0,01318060268988308;0,013420859542644825;0,17618438367040984;0,17618438367040984;0,17618438367040984;0,9999999999484361;2,306135533590629e-20;0,9942146339547366;-0,12226784536978773;1,7618438367040983e-05
5;-1,9909753601139522;-0,9652996492591289;1,9928713675477987;0,9666067976879869;0,0018960074338465471;0,0013071484288579294;0,1283237094711065;0,12832370947110652;0,12832370947110652;0,9955055682332119;-0,03949612120538557;0,9965297382433044;-0,030467296666490652;1,2832370947110653e-05
6;-2,700742755263314;-1,2628021143126473;2,7223696881724555;1,2848232643116968;0,021626932909141416;0,022021149999049472;0,17481265495940781;0,17481265495940784;0,17481265495940784;0,9846574124822453;-0,32759519353465466;0,9942146339547366;-0,12226784536978773;1,7481265495940785e-05
7;-3,0798548281602773;-1,4997786448276702;3,08557904659282;1,5056070260439312;0,0057242184325425605;0,005828381216260947;0,1986343371460571;0,1986343371460571;0,1986343371460571;0,9956889003566699;-0,09354503113565796;0,9979267718723867;-0,047920149843793204;1,986343371460571e-05
8;-2,590492896389618;-1,2756536669660838;2,5916214368123227;1,276985044165947;0,0011285404227048268;0,001331377199863093;0,16680520051474715;0,16680520051474718;0,16680520051474718;0,9994459626035807;-0,01379961302098099;0,9999999999484361;2,306135533590629e-20;1,6680520051474716e-05
9;-3,034478225505586;-1,473453222627929;3,0426541468096664;1,4817781751384844;0,00817592130408018;0,008324952510555317;0,19623800773141123;0,19623800773141123;0,19623800773141123;0,9924545631757437;-0,15986887968153082;0,9956889003566699;-0,09354503113565796;1,9623800773141124e-05
10;-2,565780224650791;-1,2505927788431679;2,590392896389051;1,2756536669651588;0,024612671738259984;0,02506088812199092;0,1668000181103765;0,16680001811037648;0,1668000181103765;0,9879790756446901;-0,24682929425073458;0,9994459626035807;-0,01379961302098099;1,668000181103765e-05
11;2,5656802246507695;1,2505927788431828;-2,5444951969199363;-1,2290213244551629;0,021185027730833195;0,021571454388019884;0,16679476513957042;0,16679476513957042;0,16679476513957042;0,9879790756446901;-0,24682929425073458;0,9781220194984768;-0,45178818436291523;1,667947651395704e-05
12;-2,902644860420847;-1,4065126577845242;2,9084782255057324;1,4124532226280655;0,005833365084885411;0,005940564843541329;0,18809428035512837;0,1880942803551284;0,1880942803551284;0,9900477218382274;-0,20952662235287664;0,9924545631757437;-0,15986887968153082;1,8809428035512842e-05
13;1,8390007096063736;0,8932730065887821;-1,8341729709891368;-0,8899445838520672;0,004827738617236843;0,0033284227367148533;0,1180375685204216;0,11803756852042159;0,1180375685204216;0,9999999999484361;2,306135533590629e-20;0,9971647346995964;-0,024860419104177238;1,1803756852042161e-05
14;1,587138399385877;0,7698522884248675;-1,5834987200194317;-0,7673429013388012;0,00363967936644527;0,002509387086066295;0,10233028268997192;0,10233028268997194;0,10233028268997194;0,9952512276488391;-0,0417161026042531;0,9927857747028787;-0,06351101083672687;1,0233028268997193e-05
15;1,7081729709893245;0,828944583851868;-1,7051383993859435;-0,8268522884249727;0,0030345716033810533;0,002092295426895263;0,10993230608457118;0,10993230608457118;0,10993230608457118;0,9971647346995964;-0,024860419104177238;0,9952512276488391;-0,0417161026042531;1,0993230608457118e-05
16;1,4574987200195426;0,7063429013386885;-1,4544345518708135;-0,7042302142228531;0,0030641681487291184;0,0021126871158353433;0,09418926702294435;0,09418926702294433;0,09418926702294435;0,9927857747028787;-0,06351101083672687;0,990530854005737;-0,08353919933824001;9,418926702294436e-06
17;0,7727685130546215;0,37311705868657924;-0,769904775650153;-0,37114258284441287;0,002863737404468436;0,0019744758421663677;0,04954417269223889;0,04954417269223889;0,04954417269223889;0,9999999999484361;2,306135533590629e-20;0,9959945353101046;-0,03572430579453253;4,954417269223889e-06
18;0,7488047055715975;0,3611425236719799;-0,7464288804922021;-0,35950443683385946;0,0023758250793953772;0,001638086838120445;0,04819067911349762;0,048190679113497614;0,04819067911349762;0,9959945353101046;-0,03572430579453253;0,9925783763422481;-0,06638653786399049;4,819067911349762e-06
19;0,27629190035656426;0,13407561333992282;-0,2762168314828162;-0,1340122421517126;7,506887374802984e-05;6,337118821023169e-05;0,017812029361027458;0,017812029361027458;0,017812029361027458;0,9954349046903063;-0,34092422111201653;0,9951263200944949;-0,34544790486230254;1,7812029361027458e-06
20;-0,12599999999984185;-0,0610000000001484;0,12601315419076117;0,06101110498593734;1,315419091932335e-05;1,1104985788941424e-05;0,008131710881389786;0,008131710881389788;0,008131710881389788;0,9939218539976516;-0,055129613879250826;0,9940402726214086;-0,05338489068946535;8,131710881389788e-07
21;0,325453253749734;0,15912731691838125;-0,3253925390095578;-0,15907605493103663;6,0714740176215365e-05;5,126198734461962e-05;0,021007260351379575;0,02100726035137957;0,021007260351379575;0,9956466922065972;-0,3378579844500047;0,9954349046903063;-0,34092422111201653;2,1007260351379577e-06
22;0,893348438238216;0,43361934371577504;-0,8899208630938805;-0,43125616185398397;0,0034275751443354485;0,002363181861791075;0,057332281989842714;0,057332281989842714;0,057332281989842714;0,9999999999484361;2,306135533590629e-20;0,9958558429729045;-0,03645897445363998;5,733228198984271e-06
23;1,7594331931431604;0,8514331406088654;-1,7485412055237646;-0,8439234801982285;0,010891987619395804;0,0075096604106369425;0,11285010049404798;0,11285010049404799;0,11285010049404799;0,9999999999484361;2,306135533590629e-20;0,9933109899270491;-0,059469242229411766;1,12850100494048e-05
24;1,7264405889127088;0,8339230550755765;-1,7242617992207763;-0,8324208526067203;0,0021787896919325256;0,0015022024688562396;0,11144057560870284;0,11144057560870282;0,11144057560870284;0,9933109899270491;-0,059469242229411766;0,9919560887910797;-0,0715888857551128;1,1144057560870284e-05
25;0,0;0,0;0,0;0,0;0,0;0,0;;;;;;;;
26;-1,708283801894614;-0,8243677447628861;1,711261799221223;0,826420852606742;0,002977997326608861;0,002053107843855928;0,11060735900968845;0,11060735900968845;0,11060735900968845;0,990090304794256;-0,08831582025127303;0,9919560887910797;-0,0715888857551128;1,1060735900968846e-05
27;0,4515797510329313;0,2202145237598223;-0,4514532505749992;-0,22012731453243686;0,0001265004579321105;8,720922738544856e-05;0,029124839443248698;0,0291248394432487;0,0291248394432487;0,9959478593556094;-0,33524123927411914;0,9956466922065972;-0,3378579844500047;2,91248394432487e-06
28;0,4519309841391699;0,2203877317819901;-0,45167975103501135;-0,22021452375273737;0,0002512331041585325;0,0001732080292527194;0,029130050018720287;0,02913005001872028;0,029130050018720287;0,9965458834214456;-0,3300460859027662;0,9959478593556094;-0,33524123927411914;2,9130050018720286e-06
29;0,0;0,0;0,0;0,0;0,0;0,0;;;;;;;;
30;-0,040999998183987904;-0,019999999904993796;0,04100171488931665;0,020001449208123155;1,7167053287456269e-06;1,4493031293590086e-06;0,002645069855771725;0,002645069855771725;0,002645069855771725;0,9957223390821098;-0,3431284654853233;0,9957698864440937;-0,342437773998727;2,645069855771725e-07
31;0,7639208630938729;0,3702561618540266;-0,7631505874430246;-0,3697251076600267;0,0007702756508483066;0,0005310541939999025;0,04921636388809723;0,049216363888097234;0,049216363888097234;0,9958558429729045;-0,03645897445363998;0,9947710218607819;-0,046048395024794644;4,9216363888097236e-06
32;0,8139103528546637;0,39456537120291424;-0,8132766715377691;-0,3941284976321734;0,0006336813168946742;0,00043687357074084776;0,052457470010169684;0,05245747001016967;0,052457470010169684;0,9955055682332119;-0,03949612120538557;0,9946682516437422;-0,04689407370149733;5,245747001016969e-06
33;1,424434551870799;0,6902302142231016;-1,422586538550183;-0,6889559864395071;0,0018480133206160154;0,0012742277835945393;0,09225982680405033;0,09225982680405029;0,09225982680405033;0,990530854005737;-0,08353919933824001;0,989142441542201;-0,09589412891102632;9,225982680405033e-06
34;0,07520375523130476;0,03600258950656572;-0,07520313210133035;-0,036002159639251574;6,23129974411385e-07;4,2986731414729196e-07;0,004866636368161606;0,004866636368161606;0,004866636368161606;0,989142441542201;-0,09589412891102632;0,9891335717124982;-0,0959756693221145;4,866636368161607e-07
35;0,07510313211068767;0,03600215964340549;-0,07510305412198374;-0,036002105760300954;7,798870392539126e-08;5,388310453380285e-08;0,004861372294673935;0,004861372294673935;0,004861372294673935;0,9891335717124982;-0,0959756693221145;0,9891324598799992;-0,09598590355725713;4,861372294673935e-07
36;0,06610305410610419;0,0320021057544788;-0,06610154301439637;-0,03200106381236724;1,5110917078176023e-06;1,0419421115626104e-06;0,00428677082241195;0,00428677082241195;0,00428677082241195;0,9891324598799992;-0,09598590355725713;0,989108027117938;-0,09620385804659265;4,2867708224119496e-07
37;1,6578636162228637;0,80404297158622;-1,6561165788378087;-0,8028383331989837;0,0017470373850549947;0,0012046383872362787;0,10744913731528423;0,10744913731528422;0,10744913731528423;0,9900477218382274;-0,20952662235287664;0,9889206472659327;-0,21953623332826305;1,0744913731528423e-05
38;1,0377347849636762;0,5046632846232425;-1,034717294891044;-0,5025828263515507;0,0030174900726323006;0,0020804582716917874;0,06662278176188807;0,06662278176188806;0,06662278176188807;0,9999999999484361;2,306135533590629e-20;0,9968600177130822;-0,027458669749080507;6,662278176188807e-06
39;0,023101259244548384;0,011000868171080203;-0,023100060733517485;-0,011000041860962416;1,1985110308990188e-06;8,263101177862636e-07;0,0014935253469047956;0,0014935253469047956;0,0014935253469047956;0,989108027117938;-0,09620385804659265;0,9890524637355449;-0,09672059551162203;1,4935253469047956e-07
40;0,6451458256826689;0,3127210876619954;-0,6448040956183018;-0,31248547623594763;0,0003417300643671073;0,00023561142604777707;0,04161031692715358;0,04161031692715357;0,04161031692715358;0,9947710218607819;-0,046048395024794644;0,9942017572823617;-0,05108269945913746;4,161031692715358e-06
41;0,6447040956137788;0,31248547623656253;-0,6446889321973517;-0,3124749864758834;1,516341642715524e-05;1,0489760679133209e-05;0,04160509115983299;0,04160509115983301;0,04160509115983301;0,9942017572823617;-0,05108269945913746;0,9941764731201284;-0,05130868270348273;4,1605091159833014e-06
42;1,0346172948903951;0,5025828263520455;-1,0343058873828934;-0,5023680763265643;0,0003114075075016931;0,00021475002548121402;0,06661757215046014;0,06661757215046014;0,06661757215046014;0,9968600177130822;-0,027458669749080507;0,9965359377373154;-0,030303808782350086;6,661757215046015e-06
43;1,034205887383305;0,5023680763263705;-1,0328294658918304;-0,5012059719143228;0,0013764214914746553;0,001162104412047671;0,0666123608153417;0,0666123608153417;0,0666123608153417;0,9965359377373154;-0,030303808782350086;0,9950228341614027;-0,05245839450342451;6,661236081534171e-06
44;1,0327294658920643;0,5012059719148784;-1,0321812462045026;-0,5007431994328069;0,0005482196875616907;0,000462772482071494;0,06660714067192687;0,06660714067192688;0,06660714067192688;0,9950228341614027;-0,05245839450342451;0,9944201959199139;-0,06129669843589397;6,660714067192689e-06
45;0,0;0,0;0,0;0,0;0,0;0,0;;;;;;;;
46;1,6061165788379843;0,7788383331992753;-1,6044732473771324;-0,7777052033775381;0,0016433314608519378;0,0011331298217371888;0,10421120520267858;0,10421120520267857;0,10421120520267858;0,9889206472659327;-0,21953623332826305;0,9878275452924498;-0,22925840259397404;1,0421120520267859e-05
47;0,6126889321994977;0,29747498647734727;-0,6123115443611192;-0,297214790211215;0,00037738783837848455;0,0002601962661322732;0,03955289641167073;0,03955289641167074;0,03955289641167074;0,9941764731201284;-0,05130868270348273;0,9935150430719099;-0,05713699995290744;3,955289641167074e-06
48;1,0193386843252408;0,4950747157079399;-1,016428671267804;-0,49306835923605435;0,0029100130574368777;0,002006356471885573;0,06542553853115878;0,06542553853115878;0,06542553853115878;0,9999999999484361;2,306135533590629e-20;0,9969166829540322;-0,027054027224410478;6,542553853115877e-06
49;0,9261812462040911;0,4497431994325134;-0,9255049147878232;-0,4491721394460719;0,0006763314162679945;0,0005710599864414689;0,059777657114548736;0,05977765711454872;0,059777657114548736;0,9944201959199139;-0,06129669843589397;0,9935916893037149;-0,07345312649896414;5,977765711454873e-06
50;2,1326317214406463;1,0839357402091214;-2,129204092075946;-1,0815725046416675;0,003427629364700202;0,0023632355674538807;0,1397760032342583;0,1397760032342583;0,1397760032342583;0,9881433356527405;-0,3905122650971337;0,98643894757195;-0,40379613345654247;1,3977600323425829e-05
51;1,016328671267421;0,4930683592361638;-1,0160283563465446;-0,4928612587798264;0,0003003149208764544;0,0002071004563374279;0,0654203279453765;0,06542032794537649;0,0654203279453765;0,9969166829540322;-0,027054027224410478;0,996598451732655;-0,029857043561752252;6,5420327945376495e-06
52;0,0;0,0;0,0;0,0;0,0;0,0;;;;;;;;
53;1,3833643433280272;0,6673106234370216;-1,3819828062007682;-0,6656810359171119;0,0013815371272589694;0,0016295875199097143;0,09065887837560611;0,09065887837560609;0,09065887837560611;0,9781220194984768;-0,45178818436291523;0,9768788496186364;-0,484190886587104;9,065887837560612e-06
54;-2,078372221689393;-1,0543469080888161;2,0932040438992363;1,0645727609024276;0,01483182220984336;0,010225852813611436;0,13744684228460774;0,13744684228460777;0,13744684228460777;0,9789390253948659;-0,46258222504034974;0,98643894757195;-0,40379613345654247;1,3744684228460776e-05
55;-0,3690140001434159;-0,17901183277801577;0,36910518637356865;0,1790888024387047;9,118623015275107e-05;7,69696606889303e-05;0,0237801598175201;0,0237801598175201;0,0237801598175201;0,9957698864440937;-0,342437773998727;0,9960506393099873;-0,3383245794860213;2,37801598175201e-06
56;-0,3692051863710838;-0,17908880243736724;0,3692502988024183;0,17912688832747808;4,511243133448195e-05;3,8085890110839404e-05;0,023785374915606176;0,023785374915606176;0,023785374915606176;0,9960506393099873;-0,3383245794860213;0,9961895106548758;-0,33628926389467123;2,3785374915606176e-06
57;-0,39835035854237455;-0,19312693977937384;0,398515335983121;0,193266224659621;0,00016497744074644993;0,00013928488024717023;0,02565691398905827;0,02565691398905827;0,02565691398905827;0,9961895106548758;-0,33628926389467123;0,9966603061419104;-0,3293863732027532;2,565691398905827e-06
58;-0,4101883182769991;-0,19906757739609726;0,4102766715382019;0,19912849763187307;8,835326120282261e-05;6,092023577580763e-05;0,026471037898666876;0,026471037898666876;0,026471037898666876;0,9944368718879324;-0,0489332979699803;0,9946682516437422;-0,04689407370149733;2,6471037898666876e-06
59;1,3876301122093366;0,625044543486085;-1,3863376952747313;-0,6235201604066551;0,001292416934605356;0,001524383079429814;0,08923640380845413;0,08923640380845413;0,08923640380845413;0,9846574124822453;-0,32759519353465466;0,9834901088647651;-0,35997625707674935;8,923640380845413e-06
60;0,8590650072584542;0,41673427805565433;-0,8584463674383591;-0,4163077155507056;0,0006186398200951349;0,00042656250494871317;0,055374799116338046;0,05537479911633804;0,055374799116338046;0,9955055682332119;-0,03949612120538557;0,9947311337298193;-0,046328995364451474;5,537479911633805e-06
61;0,4960068778666779;0,19126501647149852;-0,4953370791791671;-0,19069955045349146;0,0006697986875108253;0,0005654660180070548;0,031303761982639317;0,031303761982639317;0,031303761982639317;0,9804667267976326;-0,4316431139076699;0,9789390253948659;-0,46258222504034974;3,1303761982639316e-06
62;-2,685172184147857;-1,3062828926630448;2,687941572370505;1,3081921393875093;0,0027693882226480504;0,001909246724464575;0,17236959709552238;0,17236959709552238;0,17236959709552238;1,000176194407397;-0,29843144690636597;1,0012901012470257;-0,2887453738442174;1,7236959709552238e-05
63;0,0;0,0;0,0;0,0;0,0;0,0;;;;;;;;
64;0,6600082686294688;0,32084508237878745;-0,6594475975513434;-0,3203717111493839;0,0005606710781254076;0,0004733712294035519;0,042514118644185514;0,04251411864418551;0,042514118644185514;0,996598451732655;-0,029857043561752252;0,9956326503131284;-0,043971490100583675;4,2514118644185515e-06
65;-2,623583190835184;-1,276119364663156;2,6281721862079763;1,2792828932060234;0,004588995372792226;0,0031635285428674997;0,16872901151686417;0,1687290115168642;0,1687290115168642;0,9982906043326579;-0,3148498800892839;1,000176194407397;-0,29843144690636597;1,687290115168642e-05
66;0,5800103186643921;0,2814897212183779;-0,5796499086202769;-0,281241245351161;0,0003604100441152447;0,00024847586721687964;0,037802218823358325;0,03780221882335833;0,03780221882335833;0,9846574124822453;-0,32759519353465466;0,9839965115461174;-0,33348062900534614;3,780221882335833e-06
67;0,3463379535575853;0,16811561629665414;-0,3462677824014008;-0,16805637466586598;7,017115618446201e-05;5,924163078815936e-05;0,022370430137105022;0,022370430137105025;0,022370430137105025;0,9935916893037149;-0,07345312649896414;0,9933620023258334;-0,07682515665505925;2,2370430137105027e-06
68;0,34616778240095814;0,16805637466593082;-0,34610861347826966;-0,16800641946845943;5,916892268847951e-05;4,9955197471390766e-05;0,022365201488539987;0,02236520148853999;0,02236520148853999;0,9933620023258334;-0,07682515665505925;0,9931682776738926;-0,07966937792409517;2,236520148853999e-06
69;0,6464463258761104;0,3133076868995167;-0,646194684810992;-0,3131342240637479;0,0002516410651184353;0,00017346283576880062;0,04169475931321298;0,041694759313212974;0,04169475931321298;0,9947311337298193;-0,046328995364451474;0,994312815236819;-0,05002699581742393;4,169475931321298e-06
70;0,3280085984578184;0,15900640912145272;-0,3280054463151253;-0,15900375539448464;3,1521426930858354e-06;2,653726968088188e-06;0,021190166956678545;0,021190166956678545;0,021190166956678545;0,9931682776738926;-0,07966937792409517;0,9931573955062902;-0,0798285965325319;2,1190166956678546e-06
71;-0,31800000000002415;-0,15400000000004982;0,318199503330376;0,15413755947848587;0,00019950333035184675;0,0001375594784360501;0,020618374561079233;0,020618374561079233;0,020618374561079233;0,9893770400925782;-0,2154983355380947;0,9900477218382274;-0,20952662235287664;2,0618374561079232e-06
72;0,544447597551081;0,26437171114944646;-0,5442263191976165;-0,26418491053542464;0,00022127835346441582;0,00018680061402182035;0,0350968340657048;0,03509683406570481;0,03509683406570481;0,9956326503131284;-0,043971490100583675;0,9951709858390834;-0,050732112348845296;3,5096834065704807e-06
73;-1,9986412644660798;-0,9689918469992221;2,00254075195764;0,9716802378024185;0,003899487491560105;0,0026883908031963832;0,13012946833279243;0,1301294683327924;0,13012946833279243;0,985466388374719;-0,42778160489432865;0,9875435755445915;-0,4093020249538123;1,3012946833279243e-05
74;0,00010000002642144246;1,8230312244324e-11;-9,999999999597004e-05;-1,0834697505819982e-14;2,642547241953324e-11;1,821947754681818e-11;5,785498876341753e-06;5,785498876341751e-06;5,785498876341753e-06;0,9979267718723867;-0,047920149843793204;0,9979265081655762;-0,04793058883271709;5,785498876341753e-10
75;0,0;0,0;0,0;0,0;0,0;0,0;;;;;;;;
76;1,1490824273990379;0,5546117022363574;-1,148209487615792;-0,5540098395130251;0,0008729397832458741;0,0006018627233322915;0,07540910864849151;0,07540910864849151;0,07540910864849151;0,9768788496186364;-0,484190886587104;0,9760766572761527;-0,4914978483277891;7,540910864849151e-06
77;1,017155234934823;0,4444634565807115;-1,0165399566140703;-0,44373760650376537;0,0006152783207526991;0,000725850076946144;0,06516308154439562;0,06516308154439564;0,06516308154439564;0,9834901088647651;-0,35997625707674935;0,9827331390014096;-0,3816079226534449;6,516308154439564e-06
78;0,5201946848116294;0,25213422406348357;-0,5200785453071791;-0,2520541499988611;0,00011613950445032994;8,007406462245958e-05;0,03356624648495804;0,03356624648495804;0,03356624648495804;0,994312815236819;-0,05002699581742393;0,9940729824497216;-0,05214863692004991;3,356624648495804e-06
79;-0,42615345497125334;-0,20712338528012286;0,42622631919761345;0,20718491053568305;7,286422636010315e-05;6,152525556019084e-05;0,027494206419903074;0,027494206419903074;0,027494206419903074;0,9949768939999752;-0,05357132996716101;0,9951709858390834;-0,050732112348845296;2,7494206419903074e-06
80;-1,1338175925704252;-0,5492530969564554;1,1344365849448792;0,5496799264785402;0,0006189923744539527;0,00042682952208483727;0,07367719567799827;0,07367719567799828;0,07367719567799828;0,9872451901529787;-0,23445215170135095;0,9878275452924498;-0,22925840259397404;7,367719567799828e-06
81;0,9345399743886356;0,4037377118265594;-0,9341349835952075;-0,4033253165909621;0,00040499079342803945;0,00041239523559727376;0,059808236911880336;0,059808236911880315;0,059808236911880336;0,9827331390014096;-0,3816079226534449;0,982216386668742;-0,3938815772535124;5,980823691188033e-06
82;0,12600544631885835;0,06100375539663279;-0,12600000000036704;-0,061000000000080976;5,4463184913089435e-06;3,755396551813339e-06;0,00813835016562024;0,00813835016562024;0,00813835016562024;0,9931573955062902;-0,0798285965325319;0,9931110103338053;-0,08024068628674005;8,138350165620241e-07
83;0,9994189101960099;0,4831464496122948;-0,9989682158207539;-0,4827659632623998;0,0004506943752560222;0,00038048634989501506;0,06546910900939608;0,06546910900939606;0,06546910900939608;0,9789390253948659;-0,46258222504034974;0,9784351625276002;-0,470142389545576;6,546910900939609e-06
84;0,8971349615664226;0,3853253985172443;-0,8967620298258353;-0,384945648469794;0,00037293174058727896;0,00037975004745027796;0,05739222987219071;0,05739222987219069;0,05739222987219071;0,982216386668742;-0,3938815772535124;0,981720937106208;-0,40572664258647534;5,739222987219071e-06
85;-1,8233333174089457;-0,8830907517387764;1,8275250485250698;0,8859806634333863;0,004191731116124142;0,002889911694609948;0,11898699768182104;0,11898699768182104;0,11898699768182104;0,9830245644459191;-0,44961039102708295;0,985466388374719;-0,42778160489432865;1,1898699768182104e-05
86;-0,34603984387789344;-0,16802747029248338;0,34615345497075567;0,1681233852796371;0,00011361109286223137;9,591498715372238e-05;0,02232985239385706;0,02232985239385706;0,02232985239385706;0,9946043227609508;-0,05902896671656312;0,9949768939999752;-0,05357132996716101;2,232985239385706e-06
87;0,6603737499357417;0,3192576633068669;-0,6601890434341732;-0,3191303337185516;0,0001847065015685434;0,00012732958831529473;0,04325960155072997;0,04325960155072996;0,04325960155072997;0,9789390253948659;-0,46258222504034974;0,9786431238629871;-0,46525775274930903;4,325960155072997e-06
88;-0,2080131541910389;-0,1010111049861582;0,2080431884737285;0,10103645825001423;3,0034282689578307e-05;2,5353263856026098e-05;0,013430788592627889;0,013430788592627885;0,013430788592627889;0,9940402726214086;-0,05338489068946535;0,9942040203835424;-0,05098511839173027;1,3430788592627888e-06
89;0,0;0,0;0,0;0,0;0,0;0,0;;;;;;;;
90;0,8369166559655661;0,4056427588220791;-0,8366266524474345;-0,4053978850142078;0,0002900035181315763;0,0002448738078713042;0,05485113809826503;0,05485113809826503;0,05485113809826503;0,9789390253948659;-0,46258222504034974;0,9785519253720694;-0,4683673200457079;5,485113809826503e-06
91;0,8972985327937583;0,43389528358578006;-0,8963540485323074;-0,4332440758750415;0,0009444842614508842;0,0006512077107385661;0,05812042470343002;0,05812042470343003;0,05812042470343003;0,990090304794256;-0,08831582025127303;0,9889640558126453;-0,09839290353438836;5,812042470343003e-06
92;0,22703585947364122;0,11002472325300938;-0,22700462780370304;-0,11000319114305407;3,123166993818094e-05;2,1532109955313405e-05;0,014745513630383105;0,014745513630383109;0,014745513630383109;0,9878275452924498;-0,22925840259397404;0,987680734568948;-0,23056590278166145;1,474551363038311e-06
93;0,8187620782403413;0,34694571771140287;-0,8185224209601971;-0,34674339150365346;0,00023965728014418985;0,00020232620774940369;0,05229605241824156;0,052296052418241555;0,05229605241824156;0,981720937106208;-0,40572664258647534;0,9813901791928339;-0,4117071070236813;5,229605241824156e-06
94;0,31807854530687457;0,15405414999908104;-0,3179999999998978;-0,1539999999998714;7,854530697676276e-05;5,4149999209635036e-05;0,020526451096015554;0,020526451096015558;0,020526451096015558;0,9940729824497216;-0,05214863692004991;0,9938077605002746;-0,05449956089017001;2,0526451096015557e-06
95;0,0;0,0;0,0;0,0;0,0;0,0;;;;;;;;
96;0,0;0,0;0,0;0,0;0,0;0,0;;;;;;;;
97;0,901209487616009;0,43500983951281336;-0,899096456686279;-0,43355301174153266;0,002113030929730031;0,0014568277712806998;0,059191843134036824;0,05919184313403683;0,05919184313403683;0,9760766572761527;-0,4914978483277891;0,9736029261088518;-0,5140816408108408;5,919184313403683e-06
98;0,8989964566861688;0,43355301174178806;-0,8985738847311742;-0,43326169877007825;0,00042257195499462163;0,00029131297170981174;0,05918650173688909;0,05918650173688909;0,05918650173688909;0,9736029261088518;-0,5140816408108408;0,9731082024398315;-0,5186094523568986;5,918650173688909e-06
99;-0,2531411482428052;-0,12309731978173437;0,2532674578099922;0,12318440058910596;0,0001263095671870107;8,708080737158952e-05;0,016329257257246224;0,016329257257246228;0,016329257257246228;0,9952382599479815;-0,3362113292762828;0,9957745304706478;-0,33151688603901697;1,6329257257246228e-06
100;-0,512705535185509;-0,24841747975987172;0,5128420303153959;0,24851157687502873;0,00013649512988689327;9,409711515701025e-05;0,033638057929702155;0,03363805792970216;0,03363805792970216;0,9778407659824739;-0,4543181611365701;0,9781220194984768;-0,45178818436291523;3,363805792970216e-06
101;-0,24804832483394124;-0,12003332239517882;0,24814114838184104;0,1200973198503807;9,282354789980074e-05;6,399745520188627e-05;0,015992327117813787;0,015992327117813784;0,015992327117813787;0,9948359719425574;-0,33978071964015816;0,9952382599479815;-0,3362113292762828;1,5992327117813786e-06
102;2,4281349389262195;1,2323106052412605;-2,4170256667804613;-1,2246512568446677;0,011109272145758187;0,007659348396592769;0,15700674018717534;0,1570067401871753;0,15700674018717534;1,0012901012470257;-0,2887453738442174;0,9963728173694945;-0,326858535179813;1,5700674018717533e-05
103;0,18124949705186508;0,08703412474892036;-0,18124274710301128;-0,08702947159268923;6,749948853801424e-06;4,653156231132494e-06;0,011695173325088131;0,011695173325088131;0,011695173325088131;0,9925783763422481;-0,06638653786399049;0,9925383944191906;-0,06674924572322033;1,1695173325088133e-06
104;-0,9310457601722897;-0,45072101870910575;0,9318175925699588;0,4512530969564587;0,0007718323976690922;0,0005320782473529628;0,060547217947346334;0,06054721794734634;0,06054721794734634;0,9863616643514069;-0,24234379934035838;0,9872451901529787;-0,23445215170135095;6,054721794734634e-06
105;-0,08100000000004817;-0,039000000000119384;0,08100569703120414;0,03900392762937421;5,697031155965648e-06;3,92762925482959e-06;0,005229107195661894;0,005229107195661894;0,005229107195661894;0,9925930975857338;-0,06532120877857893;0,9926685844792204;-0,06464101487955096;5,229107195661894e-07
106;-0,4485439697875222;-0,21730609479624222;0,44870553518559597;0,21741747976008968;0,0001615653980737708;0,00011138496384746621;0,029439330261704085;0,029439330261704092;0,029439330261704092;0,9774603711636913;-0,4577423718629241;0,9778407659824739;-0,4543181611365701;2,943933026170409e-06
107;2,416925643162425;1,2246513861909367;-2,4155738649073792;-1,2237196353149205;0,0013517782550458435;0,0009317508760162685;0,15700157347779356;0,15700157347779353;0,15700157347779356;0,9963728173694945;-0,326858535179813;0,9957745304706478;-0,33151688603901697;1,5700157347779356e-05
108;0,6965223263996327;0,2877434890416409;-0,69614675714195;-0,28736107945833556;0,00037556925768278404;0,00038240958330532093;0,04433520960963096;0,04433520960963096;0,04433520960963096;0,9813901791928339;-0,4117071070236813;0,9807480499925363;-0,42768634208228534;4,433520960963096e-06
109;-1,5303250422057666;-0,7421170883881554;1,531640358382724;0,7430240012325879;0,0013153161769574595;0,0009069128444325614;0,09875095450376041;0,0987509545037604;0,09875095450376041;0,9943624181102437;-0,34960854101538064;0,9952857237657627;-0,3414603183876876;9,87509545037604e-06
110;0,5778044322233583;0,281200760448533;-0,5768392993197328;-0,2805353336586189;0,0009651329036255429;0,0006654267899141031;0,0376784820629714;0,03767848206297141;0,03767848206297141;0,9846574124822453;-0,32759519353465466;0,9828814909859416;-0,3433152527311655;3,767848206297141e-06
111;0,0;0,0;0,0;0,0;0,0;0,0;;;;;;;;
112;0,1132427471030126;0,05402947159316496;-0,11322697575298932;-0,05401859832682;1,577135002328589e-05;1,0873266344954557e-05;0,00729856085266442;0,007298560852664418;0,00729856085266442;0,9925383944191906;-0,06674924572322033;0,9923887572518969;-0,06812952527398379;7,29856085266442e-07
113;0,11312697575308148;0,05401859832689544;-0,113101895015214;-0,054001306548850526;2,5080737867472225e-05;1,729177804491583e-05;0,007293310455419236;0,007293310455419237;0,007293310455419237;0,9923887572518969;-0,06812952527398379;0,9921506091490616;-0,07032239490055686;7,293310455419236e-07
114;0,5145382399502496;0,24930213654682895;-0,514209102464464;-0,24907521877873848;0,0003291374857855578;0,00022691776809047326;0,03334198653780154;0,03334198653780154;0,03334198653780154;0,9900477218382274;-0,20952662235287664;0,9893634947845366;-0,21561323731899507;3,3341986537801545e-06
115;0,3737577602785587;0,18038645643019524;-0,3737015908068122;-0,1803390279282194;5,6169471746525534e-05;4,742850197583803e-05;0,024139828459364132;0,02413982845936414;0,02413982845936414;0,9925783763422481;-0,06638653786399049;0,9924080862572631;-0,06891339365967704;2,413982845936414e-06
116;0,37360159080675076;0,18033902792830225;-0,3735224669420946;-0,18027224095597108;7,912386465613874e-05;6,678697233117314e-05;0,024134589102920267;0,024134589102920264;0,024134589102920267;0,9924080862572631;-0,06891339365967704;0,9921681743880355;-0,07247071313212677;2,413458910292027e-06
117;0,3734224669420798;0,1802722409557344;-0,37330512522221415;-0,18017316947090592;0,00011734171986566011;9,907148482848904e-05;0,024129348587587588;0,02412934858758759;0,02412934858758759;0,9921681743880355;-0,07247071313212677;0,9918122756022318;-0,07775160361202954;2,4129348587587592e-06
118;-0,12600052317409996;-0,06100036276558892;0,12604832867454324;0,061033323055908216;4,780550044328202e-05;3,296029031929493e-05;0,008127606119860626;0,008127606119860626;0,008127606119860626;0,9944282916325942;-0,343395417556062;0,9948359719425574;-0,33978071964015816;8,127606119860625e-07
119;-0,38446015259960975;-0,18624830565405032;0,3845439697878347;0,186306094796137;8,381718822497719e-05;5,778914208667829e-05;0,025238968569766082;0,025238968569766086;0,025238968569766086;0,9772301834965424;-0,4598161111789918;0,9774603711636913;-0,4577423718629241;2,5238968569766084e-06
120;0,4383658602582131;0,21218330371106406;-0,4382605848646719;-0,21211071553821562;0,0001052753935412154;7,258817284844232e-05;0,028895027652800238;0,02889502765280023;0,028895027652800238;0,9731082024398315;-0,5186094523568986;0,9728556764258596;-0,5209006801467991;2,889502765280024e-06
121;-0,3773860230387321;-0,18319720216192448;0,3774601525993253;0,18324830565408173;7,412956059321685e-05;5,110349215725618e-05;0,024789516084654805;0,024789516084654805;0,024789516084654805;0,977022890824312;-0,46167327814999426;0,9772301834965424;-0,4598161111789918;2,4789516084654807e-06
122;0,1740365697793683;0,08402521298646666;-0,17400000000001709;-0,0840000000000422;3,656977935120875e-05;2,5212986424466566e-05;0,011218332560904319;0,011218332560904319;0,011218332560904319;0,9946043227609508;-0,05902896671656312;0,9943784206206653;-0,061047026001944976;1,121833256090432e-06
123;-0,37714121819302293;-0,18309736089763487;0,3772860230390148;0,1831972021620258;0,00014480484599188603;9,984126439094299e-05;0,024784200193836557;0,02478420019383655;0,024784200193836557;0,97661785867056;-0,4653035680166863;0,977022890824312;-0,46167327814999426;2,4784200193836557e-06
124;0,0831018950143839;0,040001306548834124;-0,08310000000960935;-0,04000000000655454;1,8950047745575072e-06;1,3065422795818793e-06;0,005366921104567707;0,005366921104567708;0,005366921104567708;0,9921506091490616;-0,07032239490055686;0,9921261446820783;-0,07054315923710656;5,366921104567707e-07
125;-0,2710060062043371;-0,13100414019878784;0,271090982903232;0,13106272725138327;8,497669889490078e-05;5,858705259542685e-05;0,017571544339170728;0,017571544339170728;0,017571544339170728;0,9890283351556729;-0,21861285753071286;0,9893634947845366;-0,21561323731899507;1,7571544339170727e-06
126;-1,946054893107274;-0,94332826969181;1,950127580504913;0,9461360916201385;0,0040726873976388855;0,0028078219283284023;0,1254513052053955;0,1254513052053955;0,1254513052053955;0,9952857237657627;-0,3414603183876876;0,9975360561851127;-0,32163115812939985;1,2545130520539547e-05
127;0,7461194339110331;0,36070287324406103;-0,7454926613857267;-0,36027073459460224;0,0006267725253064071;0,0004321386494587909;0,04880283334430118;0,04880283334430117;0,04880283334430118;0,9804144951563354;-0,474088659689297;0,9795244230465296;-0,4821337475669332;4,880283334430119e-06
128;0,19132162315960755;0,09208385565399352;-0,1912814823928065;-0,0920561799406314;4,01407668010334e-05;2,7675713362124155e-05;0,012350453172833455;0,012350453172833457;0,012350453172833457;0,9925783763422481;-0,06638653786399049;0,9923531860403811;-0,06841869258824584;1,2350453172833456e-06
129;0,19118148239262694;0,09205617994079253;-0,1911280067951497;-0,09201931030860577;5,347559747723163e-05;3,686963218675621e-05;0,012345210957139034;0,012345210957139034;0,012345210957139034;0,9923531860403811;-0,06841869258824584;0,9920530521048782;-0,0711249737784507;1,2345210957139033e-06
130;-1,451733455084051;-0,7040197864295551;1,4533250451820703;0,7051170889710181;0,0015915900980192355;0,0010973025414630078;0,09379081780278013;0,09379081780278013;0,09379081780278013;0,9931861148121983;-0,3599955072805348;0,9943624181102437;-0,34960854101538064;9,379081780278012e-06
131;0,5027391994671433;0,2445352495099478;-0,5026258036225434;-0,2444395181820815;0,00011339584459990615;9,573132786627747e-05;0,03283930305306131;0,03283930305306131;0,03283930305306131;0,9828814909859416;-0,3433152527311655;0,9826285957855108;-0,3470556999776943;3,2839303053061314e-06
132;0,502525803621818;0,24443951818299672;-0,5022518329752135;-0,24420823922019783;0,00027397064660450443;0,0002312789627988976;0,032834019299744235;0,03283401929974424;0,03283401929974424;0,9826285957855108;-0,3470556999776943;0,9820175039723703;-0,3560982231847495;3,2834019299744245e-06
133;-0,8042643696980866;-0,3891822761657624;0,8050457601726261;0,3897210187090838;0,0007813904745395117;0,0005387425433214243;0,0523531797506414;0,052353179750641396;0,0523531797506414;0,985327188322163;-0,2516061483084452;0,9863616643514069;-0,24234379934035838;5,235317975064141e-06
134;0,0;0,0;0,0;0,0;0,0;0,0;;;;;;;;
135;0,0;0,0;0,0;0,0;0,0;0,0;;;;;;;;
136;0,2963051252219736;0,143173169470737;-0,29618935385472683;-0,14307543095814515;0,00011577136724677528;9,773851259184396e-05;0,019156433885109164;0,019156433885109164;0,019156433885109164;0,9918122756022318;-0,07775160361202954;0,9913699568443758;-0,08430709472797662;1,9156433885109165e-06
137;0,6134226080955927;0,2971876848348623;-0,6132935400442556;-0,29709871243806224;0,00012906805133705568;8,897239680005775e-05;0,039353433403292726;0,039353433403292726;0,039353433403292726;0,9999999999484361;2,306135533590629e-20;0,9997726803158011;-0,0020007473369945657;3,9353433403292725e-06
138;0,6131935400443054;0,29709871243805736;-0,6127096859034471;-0,29676511923083415;0,00048385414085827527;0,00033359320722320396;0,03934823637302854;0,03934823637302853;0,03934823637302854;0,9997726803158011;-0,0020007473369945657;0,9989203551392206;-0,00951102974229512;3,934823637302853e-06
139;-0,04399999860524077;-0,020999999780021917;0,04400052575269162;0,02100036323052154;5,271474508503071e-07;3,6345049962346887e-07;0,002830649598973025;0,002830649598973025;0,002830649598973025;0,9944153952093868;-0,34351405046987493;0,9944282916325942;-0,343395417556062;2,830649598973025e-07
140;-0,4380507663600661;-0,2120349993602835;0,4381605848639763;0,2121107155380821;0,00010981850391017511;7,571617779861262e-05;0,028889685924328435;0,028889685924328435;0,028889685924328435;0,9725922060098902;-0,5232906287487039;0,9728556764258596;-0,5209006801467991;2,8889685924328434e-06
141;0,0;0,0;0,0;0,0;0,0;0,0;;;;;;;;
142;-9,999999479178613e-05;-3,0902456289591784e-12;9,999999993586468e-05;6,636915367774735e-12;5,1440785496254665e-12;3,546669738815557e-12;5,788758870103589e-06;5,788758870103589e-06;5,788758870103589e-06;0,9973644646035459;-0,3231089955885643;0,9973645159087616;-0,32310696349658047;5,788758870103589e-10
143;0,0001000000098119208;6,787876393247891e-12;-0,00010000000015748219;-1,3146454238247852e-13;9,654438611951012e-12;6,656411850865413e-12;5,819323771815198e-06;5,819323771815197e-06;5,819323771815198e-06;0,9921261446820783;-0,07054315923710656;0,9921260488978759;-0,07054697307978262;5,819323771815198e-10
144;0,0;0,0;0,0;0,0;0,0;0,0;;;;;;;;
145;1,3006439111451324;0,6308896488900056;-1,2880393934872167;-0,6221992564145067;0,012604517657915704;0,008690392475498965;0,0842366893987446;0,08423668939874461;0,08423668939874461;0,9907855697247139;-0,3812369244224905;0,9804144951563354;-0,474088659689297;8,423668939874461e-06
146;-1,3776439084019068;-0,6678896478986656;1,3807334577987858;0,6700197870260757;0,003089549396878999;0,0021301391274101134;0,08921473459579836;0,08921473459579833;0,08921473459579836;0,9907855697247139;-0,3812369244224905;0,9931861148121983;-0,3599955072805348;8,921473459579835e-06
147;-2,0525407504414552;-0,9956802367296529;2,0732156427608923;1,0099348820497571;0,020674892319437088;0,014254645320104231;0,13337191209673344;0,13337191209673344;0,13337191209673344;0,9875435755445915;-0,4093020249538123;0,9982906043326579;-0,3148498800892839;1,3337191209673345e-05
148;0,5003675494803322;0,24218448369872567;-0,5003018124774742;-0,24213914997316968;6,573700285805728e-05;4,5333725555984916e-05;0,03214966055605266;0,03214966055605266;0,03214966055605266;0,9982906043326579;-0,3148498800892839;0,998148877011283;-0,31610399820384855;3,2149660556052655e-06
149;0,11412800679530377;0,055019310308568325;-0,11410803617710791;-0,05500554095551299;1,9970618195863654e-05;1,3769353055338718e-05;0,007373496298492046;0,00737349629849205;0,00737349629849205;0,9920530521048782;-0,0711249737784507;0,9918653754417238;-0,07281250441308473;7,37349629849205e-07
150;0,29753654726530576;0,14416308711405185;-0,2974375153123629;-0,1440948079016261;9,903195294286293e-05;6,827921242574808e-05;0,019398928079550338;0,019398928079550338;0,019398928079550338;0,9839965115461174;-0,33348062900534614;0,98364266129135;-0,3366470327816576;1,9398928079550336e-06
151;0,11400803617688511;0,05500554095538111;-0,11399999999988218;-0,05499999999993647;8,036177002929135e-06;5,540955444645335e-06;0,007368253295058501;0,007368253295058502;0,007368253295058502;0,9918653754417238;-0,07281250441308473;0,9917897962522447;-0,07349080094110681;7,368253295058502e-07
152;-0,5496508798194556;-0,2652419115004023;0,549948434576419;0,2654470652723664;0,00029755475696335854;0,0002051537719640617;0,03560933928885994;0,03560933928885994;0,03560933928885994;0,9895112452613607;-0,09351811549630723;0,990090304794256;-0,08831582025127303;3,560933928885994e-06
153;0,20818831827653866;0,10106757739631944;-0,20814318847349295;-0,10103645824975753;4,512980304571812e-05;3,1119146561911504e-05;0,013436012549864615;0,013436012549864616;0,013436012549864616;0,9944368718879324;-0,0489332979699803;0,9942040203835424;-0,05098511839173027;1,3436012549864616e-06
154;0,2301133614658974;0,1120781582563471;-0,23002433180666584;-0,11201677529020115;8,902965923154871e-05;6,138296614593974e-05;0,015017989181860395;0,015017989181860394;0,015017989181860395;0,9839965115461174;-0,33348062900534614;0,9835854750017443;-0,33710874434358085;1,5017989181860394e-06
155;0,0;0,0;0,0;0,0;0,0;0,0;;;;;;;;
156;-0,26104747628743974;-0,12703273204417395;0,26114121819288927;0,12709736089747814;9,37419054495292e-05;6,462885330418833e-05;0,01716932922956905;0,017169329229569052;0,017169329229569052;0,9762393167590614;-0,4686760531996052;0,97661785867056;-0,4653035680166863;1,7169329229569052e-06
157;-0,045200136474492454;-0,022000095035800242;0,04520046139541222;0,022000319101672976;3,249209197669911e-07;2,2406587273440803e-07;0,002909999654157733;0,002909999654157733;0,002909999654157733;0,9973645159087616;-0,32310696349658047;0,9973722578189713;-0,32303940963789674;2,909999654157733e-07
158;0,5595051649452109;0,2707620022372763;-0,5592320385067518;-0,27057367121988685;0,00027312643845900375;0,00018833101738946478;0,03592555745400894;0,03592555745400894;0,03592555745400894;0,9989203551392206;-0,00951102974229512;0,9983934159521396;-0,014172970921329466;3,592555745400894e-06
159;0,0;0,0;0,0;0,0;0,0;0,0;;;;;;;;
160;-0,28300569703097894;-0,13700392762928282;0,28309370475316237;0,13706460600408507;8,800772218342523e-05;6,067837480225324e-05;0,018287336298201298;0,018287336298201298;0,018287336298201298;0,9926685844792204;-0,06464101487955096;0,9930021438327138;-0,06167765061424655;1,82873362982013e-06
161;0,27043751537007393;0,1310948079114217;-0,27035221097221573;-0,1310359966062667;8,53043978581991e-05;5,881130515500432e-05;0,01764003760614107;0,017640037606141065;0,01764003760614107;0,98364266129135;-0,3366470327816576;0,9833074641502281;-0,3396433311811912;1,7640037606141068e-06
162;0,5878218136667505;0,2849622815891343;-0,586848645363467;-0,28429132883178115;0,0009731683032834226;0,0006709527573531271;0,037774212787317685;0,037774212787317685;0,037774212787317685;0,9984460475005243;-0,3136379225641875;0,9966603061419104;-0,3293863732027532;3,7774212787317686e-06
163;0,22518935385488942;0,10907543095832377;-0,2251046869149289;-0,10900395679788759;8,466693996050934e-05;7,147416043618016e-05;0,014571943393820834;0,014571943393820836;0,014571943393820836;0,9913699568443758;-0,08430709472797662;0,9909446101831172;-0,09058788201899154;1,4571943393820835e-06
164;-0,14500000000043256;-0,06999999999981253;0,1450060062045865;0,07000414019879243;6,006204153946593e-06;4,140198979901699e-06;0,009399601997455367;0,009399601997455365;0,009399601997455367;0,9889840563594021;-0,21901041732501544;0,9890283351556729;-0,21861285753071286;9,399601997455367e-07
165;-0,4970070253377735;-0,19126474141246924;0,4971364170183731;0,19135395263958566;0,00012939168059955541;8,921122711641472e-05;0,03135871339204105;0,031358713392041056;0,031358713392041056;0,9804667267976326;-0,4316431139076699;0,9807480499925363;-0,42768634208228534;3,1358713392041055e-06
166;0,0632074342553976;0,03100512706907164;-0,06320046070448172;-0,031000318960389583;6,973550915875815e-06;4,808108682058387e-06;0,004074908430827005;0,0040749084308270055;0,0040749084308270055;0,9974909657413317;-0,32202558865011405;0,9973722578189713;-0,32303940963789674;4,0749084308270053e-07
167;0,5289199598392965;0,2554963836544308;-0,5288674802131804;-0,2554602007111168;5,247962611609758e-05;3,61829433139782e-05;0,034590835538318224;0,03459083553831822;0,034590835538318224;0,9804144951563354;-0,474088659689297;0,9803093539109031;-0,47504019545093024;3,4590835538318224e-06
168;-0,2021059668924496;-0,0980050371196437;0,2021201547361569;0,0980170162611955;1,418784370729731e-05;1,197914155179336e-05;0,013054675370795719;0,013054675370795717;0,013054675370795719;0,9933714363400873;-0,07668795844049336;0,9934510109976371;-0,07551767501095452;1,3054675370795719e-06
169;-0,20199999999970525;-0,09799999999975696;0,20200596689267442;0,0980050371200203;5,96689296916697e-06;5,0371202633403556e-06;0,013049446017270322;0,013049446017270322;0,013049446017270322;0,9933379568620012;-0,07717981487986056;0,9933714363400873;-0,07668795844049336;1,3049446017270322e-06
170;0,545211146982001;0,2641455536048735;-0,545002649650762;-0,26400182704284225;0,00020849733123906589;0,00014372656203126555;0,035367837320380825;0,035367837320380825;0,035367837320380825;0,9889640558126453;-0,09839290353438836;0,9885554614978361;-0,1020297842831533;3,536783732038082e-06
171;0,448301814495423;0,21713915030613695;-0,4482244361827584;-0,21708580484565174;7,737831266457773e-05;5,334546048521571e-05;0,02881232955434153;0,028812329554341532;0,028812329554341532;0,998148877011283;-0,31610399820384855;0,9979627342678713;-0,3177468112327808;2,8812329554341534e-06
172;0,0;0,0;0,0;0,0;0,0;0,0;;;;;;;;
173;0,3482518333505753;0,16920823924073575;-0,3481110721945603;-0,16908939671862264;0,00014076115601502348;0,00011884252211311064;0,022763370010341705;0,022763370010341705;0,022763370010341705;0,9820175039723703;-0,3560982231847495;0,9815646657018895;-0,3628162476587087;2,2763370010341706e-06
174;0,0;0,0;0,0;0,0;0,0;0,0;;;;;;;;
175;0,46328608815282324;0,22421725968861336;-0,46315678324403514;-0,2241080946971547;0,00012930490878809708;0,0001091649914586601;0,030367044421191123;0,030367044421191126;0,030367044421191126;0,9785519253720694;-0,4683673200457079;0,9782402271765624;-0,473036743304861;3,0367044421191126e-06
176;0,1152122544888727;0,05600845151912396;-0,11520743223370708;-0,05600512673580864;4,822255165626288e-06;3,3247833153213224e-06;0,007414396071311011;0,007414396071311011;0,007414396071311011;0,9975360561851127;-0,32163115812939985;0,9974909657413317;-0,32202558865011405;7,414396071311011e-07
177;0,4911279113569678;0,23757082577901184;-0,4909107357800185;-0,2374210752608761;0,00021717557694933554;0,0001497505181357328;0,031549179630625854;0,03154917963062586;0,03154917963062586;0,9983934159521396;-0,014172970921329466;0,9979163130594408;-0,018400679507316667;3,1549179630625865e-06
178;-0,18402171718892996;-0,09001497200922415;0,18404747628711043;0,09003273204408456;2,5759098180477835e-05;1,7760034860411777e-05;0,012117164892135712;0,012117164892135714;0,012117164892135714;0,9760918816830616;-0,4699722171688813;0,9762393167590614;-0,4686760531996052;1,2117164892135715e-06
179;0,14402433198983478;0,07001677532364727;-0,14400010855697062;-0,07000007499238833;2,4223432864151073e-05;1,6700331258931445e-05;0,009400081970521624;0,009400081970521624;0,009400081970521624;0,9835854750017443;-0,33710874434358085;0,9834068228789834;-0,3386935135693425;9,400081970521625e-07
180;0,4758105728627304;0,2304209629437818;-0,4756115583392417;-0,23028374929192214;0,0001990145234886942;0,0001372136518596745;0,030586375469361993;0,03058637546936199;0,030586375469361993;0,9979163130594408;-0,018400679507316667;0,9974653256645569;-0,022385780794324402;3,058637546936199e-06
181;-0,16800159939479034;-0,0820011027293204;0,16802171718870565;0,08201497200909422;2,0117793915308546e-05;1,3869279773814913e-05;0,011059116350010957;0,011059116350010955;0,011059116350010957;0,9759657380394283;-0,4710875043879524;0,9760918816830616;-0,4699722171688813;1,1059116350010957e-06
182;0,4533638245938932;0,22025085220434415;-0,4530838623422344;-0,220057823139344;0,00027996225165877187;0,00019302906500015538;0,029419781829747593;0,029419781829747603;0,029419781829747603;0,989142441542201;-0,09589412891102632;0,9884827324211392;-0,10172808308839083;2,9419781829747602e-06
183;0,0;0,0;0,0;0,0;0,0;0,0;;;;;;;;
184;0,0;0,0;0,0;0,0;0,0;0,0;;;;;;;;
185;3,5435582738861817;1,7218819368930425;-3,5384647909906337;-1,71837068485441;0,005093482895548007;0,003511252038632451;0,2271688867246561;0,2271688867246561;0,2271688867246561;1,0012901012470257;-0,2887453738442174;0,9997357810803423;-0,3023208566731363;2,271688867246561e-05
186;0,0;0,0;0,0;0,0;0,0;0,0;;;;;;;;
187;-1,3357252091694416;-0,6459826340266668;1,3401702301474676;0,6490472479117854;0,004445020978026015;0,0030646138851185833;0,0874558872120281;0,08745588721202809;0,0874558872120281;0,9795018671491788;-0,48130254497206004;0,9830245644459191;-0,44961039102708295;8,74558872120281e-06
188;0,5156477685272488;0,24953444075734607;-0,5153774141176671;-0,24930621460557803;0,00027035440958167456;0,00022822615176804062;0,0338026058144663;0,03380260581446631;0,03380260581446631;0,9784351625276002;-0,470142389545576;0,977849717288152;-0,4789161774549549;3,3802605814466317e-06
189;0,49522924789259437;0,23915806175363719;-0,49513133609881177;-0,2390905546403293;9,791179378260129e-05;6,750711330788528e-05;0,03222438856511952;0,03222438856511952;0,03222438856511952;0,985327188322163;-0,2516061483084452;0,9851166231670939;-0,2535038121153936;3,222438856511952e-06
190;0,35322443985557306;0,17108580548585414;-0,3531142083902914;-0,17100980191908077;0,00011023146528166272;7,600356677336939e-05;0,022705903274360045;0,022705903274360045;0,022705903274360045;0,9979627342678713;-0,3177468112327808;0,9976262354465839;-0,3207187539913271;2,2705903274360044e-06
191;0,40632044837967923;0,1962315225626694;-0,40625211529202904;-0,1961738233199694;6,833308765019641e-05;5,769924269999338e-05;0,02662560791198554;0,026625607911985545;0,026625607911985545;0,9784351625276002;-0,470142389545576;0,9782473246246912;-0,47296695035148617;2,6625607911985546e-06
192;0,028000623313871067;0,014000527246634024;-0,027999998766773337;-0,01399999991070288;6,245470977293832e-07;5,273359311441794e-07;0,0018165263676017443;0,0018165263676017443;0,0018165263676017443;0,9949968586969202;-0,34692703586471163;0,9949716087122544;-0,3472790888310251;1,8165263676017445e-07
193;0,028101001336234582;0,014000846438178689;-0,028100623308016368;-0,014000527249748979;3,780282182147543e-07;3,191884297096964e-07;0,0018217181434800388;0,001821718143480039;0,001821718143480039;0,9950120933003883;-0,34671330911344794;0,9949968586969202;-0,34692703586471163;1,821718143480039e-07
194;0,2761110723706054;0,13408939672800954;-0,2760282347796878;-0,13401946736752648;8,28375909175949e-05;6,992936048305642e-05;0,018054512317271388;0,01805451231727139;0,01805451231727139;0,9815646657018895;-0,3628162476587087;0,981228694596046;-0,36780495257727486;1,8054512317271392e-06
195;0,41950935748760554;0,20328223181174604;-0,4193792242824117;-0,20319250586227702;0,00013013320519383864;8,972594946901613e-05;0,026982562178360373;0,026982562178360373;0,026982562178360373;0,9974653256645569;-0,022385780794324402;0,9971310276306949;-0,02533632930922435;2,698256217836037e-06
196;-0,24401952580850247;-0,11801346272493395;0,2440507663606694;0,11803499936025019;3,1240552166938995e-05;2,153663531624661e-05;0,016092802697377145;0,016092802697377145;0,016092802697377145;0,9724576666842694;-0,5245136554354622;0,9725922060098902;-0,5232906287487039;1,6092802697377145e-06
197;-0,05099999800098655;-0,024999999630167028;0,05100169354828783;0,025001168545050263;1,6955473012836286e-06;1,168914883234451e-06;0,00329997499190884;0,00329997499190884;0,00329997499190884;0,9937128148939529;-0,35805331525145984;0,9937484529700414;-0,3577473821060526;3,29997499190884e-07
198;-0,8124519960665288;-0,39331164240667943;0,8130189587235819;0,39370254472701005;0,0005669626570530273;0,00039090232033062167;0,05272614504912333;0,05272614504912334;0,05272614504912334;0,9883971372659324;-0,10254124758833902;0,989142441542201;-0,09589412891102632;5,272614504912334e-06
199;-0,22300121782069973;-0,10800084105597628;0,2230457562555499;0,10803154660328554;4,453843485016651e-05;3,070554730925934e-05;0,014620786090017109;0,01462078609001711;0,01462078609001711;0,9784319843267588;-0,4671585492713084;0,9786431238629871;-0,46525775274930903;1,462078609001711e-06
200;0,4072790734203722;0,19719240183578338;-0,40713831269877593;-0,19709536240342615;0,00014076072159624475;9,703943235722656e-05;0,026200576989043947;0,026200576989043954;0,026200576989043954;0,9971310276306949;-0,02533632930922435;0,9967586686785942;-0,0286296664175266;2,6200576989043955e-06
201;-0,15377623451694764;-0,07305256051674491;0,1537995557570808;0,07306863868281896;2,3321240133156174e-05;1,6078166074046107e-05;0,01006346892805889;0,010063468928058891;0,010063468928058891;0,9767184160836733;-0,48571034440198185;0,9768788496186364;-0,484190886587104;1,006346892805889e-06
202;0,0;0,0;0,0;0,0;0,0;0,0;;;;;;;;
203;-0,4540944487869395;-0,22006511899097725;0,4543115443612895;0,22021479021126178;0,00021709557435001248;0,00014967122028453073;0,02933893426010325;0,02933893426010325;0,02933893426010325;0,9930021438327138;-0,06167765061424655;0,9935150430719099;-0,05713699995290744;2,933893426010325e-06
204;0,0691040619193558;0,03400343189352038;-0,06910099951546954;-0,03400084634282144;3,0624038862558933e-06;2,5855506989441723e-06;0,004468638096343634;0,004468638096343633;0,004468638096343634;0,9950623432167017;-0,345993262416629;0,9950120933003883;-0,34671330911344794;4,4686380963436343e-07
205;0,06920818803531013;0,034006276542523015;-0,06920406228401266;-0,034003431569499094;4,125751297476277e-06;2,8449730239202276e-06;0,004473844869105176;0,004473844869105176;0,004473844869105176;0,9951263200944949;-0,34544790486230254;0,9950623432167017;-0,345993262416629;4,473844869105176e-07
206;0,1033522113294357;0,050035996668812345;-0,10333975007232156;-0,05002740551978421;1,2461257114140811e-05;8,59114902813235e-06;0,006742092773288347;0,006742092773288348;0,006742092773288348;0,9833074641502281;-0,3396433311811912;0,9831793600334804;-0,34079242619617317;6,742092773288348e-07
207;0,10323975007278285;0,05002740551957583;-0,10322432249290786;-0,05001676918968587;1,5427579874993658e-05;1,0636329889963936e-05;0,006736807761116592;0,006736807761116591;0,006736807761116592;0,9831793600334804;-0,34079242619617317;0,9830206279859731;-0,3422131242130462;6,736807761116592e-07
208;0,10312432249329345;0,050016769189583817;-0,10311537898767707;-0,05001060294220948;8,943505616379466e-06;6,166247374338185e-06;0,006731522805609225;0,0067315228056092245;0,006731522805609225;0,9830206279859731;-0,3422131242130462;0,982928531242396;-0,3430356525111155;6,731522805609226e-07
209;-0,44330427869988936;-0,21407189673190002;0,44354883809434725;0,2142405036951072;0,0002445593944578883;0,0001686069632071685;0,02874054328253987;0,028740543282539867;0,02874054328253987;0,9889215567477907;-0,09880865915522666;0,9895112452613607;-0,09351811549630723;2,8740543282539867e-06
210;-0,29504333130548177;-0,1430298802466612;0,2951376008743771;0,14309487208933008;9,426956889535543e-05;6,499184266889335e-05;0,019333238539558702;0,019333238539558702;0,019333238539558702;0,9791638804268619;-0,48433503793562444;0,9795018671491788;-0,48130254497206004;1,93332385395587e-06
211;0,3151432887003719;0,1520987873802292;-0,3150731874162383;-0,15205045930180036;7,010128413359462e-05;4,832807842883313e-05;0,02064397081760695;0,02064397081760695;0,02064397081760695;0,9786431238629871;-0,46525775274930903;0,9784078126094484;-0,467395675039626;2,064397081760695e-06
212;0,35025211668758316;0,16917382283386273;-0,3501192022688808;-0,16908218824711377;0,00013291441870233456;9,163458674896208e-05;0,022956458864932486;0,02295645886493249;0,02295645886493249;0,9782473246246912;-0,47296695035148617;0,9778460884942459;-0,47660757798019715;2,2956458864932488e-06
213;0,34115678556074125;0,16510809427015147;-0,34107448008795077;-0,16505135257999132;8,230547279047817e-05;5,674169016015029e-05;0,02236889890219083;0,02236889890219083;0,02236889890219083;0,9782402271765624;-0,473036743304861;0,9779852117453454;-0,47533817571082504;2,236889890219083e-06
214;0,43837741520864504;0,2123062146594433;-0,4380802681909943;-0,2120553417890804;0,00029714701765071183;0,00025087287036290595;0,028758694465807814;0,028758694465807807;0,028758694465807814;0,977849717288152;-0,4789161774549549;0,9770933179124469;-0,49024912607229354;2,8758694465807815e-06
215;0,01600010883076351;0,008000075039996491;-0,015999999966384904;-0,007999999993063153;1,0886437860554987e-07;7,504693333784673e-08;0,0010502297650187534;0,0010502297650187534;0,0010502297650187534;0,9834068228789834;-0,3386935135693425;0,9833996249908399;-0,3387525700284336;1,0502297650187533e-07
216;-0,049000000000032025;-0,02399999999999659;0,04900159939488928;0,02400110272914578;1,5993948572559646e-06;1,1027291491882973e-06;0,0032278215129511135;0,0032278215129511135;0,0032278215129511135;0,9759313703429114;-0,47138866233524274;0,9759657380394283;-0,4710875043879524;3,2278215129511136e-07
217;-0,11299999999999959;-0,05400000000000888;0,11302990134684908;0,05402061571149259;2,9901346849492416e-05;2,061571148370689e-05;0,007305184494122343;0,007305184494122341;0,007305184494122343;0,9898068283528789;-0,09092654246813381;0,990090304794256;-0,08831582025127303;7,305184494122344e-07
218;-0,10167307213112893;-0,04805038015862813;0,10167597942310329;0,04805238463900443;2,907291974357795e-06;2,004480376301132e-06;0,006647592382678577;0,006647592382678578;0,006647592382678578;0,9766881483523573;-0,48600077377308143;0,9767184160836733;-0,48571034440198185;6,647592382678579e-07
219;-0,10155952657441747;-0,04804104095080329;0,1015730721319746;0,04805038015874965;1,3545557557129162e-05;9,339207946358619e-06;0,006642248345818105;0,006642248345818106;0,006642248345818106;0,9765470040523935;-0,48735211004423556;0,9766881483523573;-0,48600077377308143;6,642248345818105e-07
220;-0,10135566885512245;-0,04803838118279427;0,10135952657088598;0,048041040948519034;3,85771576352778e-06;2,659765724763452e-06;0,00663156149658829;0,00663156149658829;0,00663156149658829;0,9765067370935343;-0,48773585528774394;0,9765470040523935;-0,48735211004423556;6,631561496588289e-07
221;-0,10122004245311025;-0,048013817972935836;0,10125566885509246;0,048038381183057643;3,5626401982208344e-05;2,4563210121807122e-05;0,006626219283987815;0,006626219283987816;0,006626219283987816;0,9761345467668376;-0,4912757895838695;0,9765067370935343;-0,48773585528774394;6,626219283987816e-07
222;-0,10111715848315765;-0,04801182957145816;0,1011200424533995;0,048013817972281526;2,8839702418542723e-06;1,98840082336893e-06;0,0066208758475030695;0,006620875847503069;0,0066208758475030695;0,9761043918022424;-0,4915620203733328;0,9761345467668376;-0,4912757895838695;6,620875847503069e-07
223;-0,10100516066981816;-0,04800355793375183;0,10101715848356552;0,0480118295715947;1,1997813747360864e-05;8,271637842872936e-06;0,006615533205416871;0,006615533205416873;0,006615533205416873;0,9759788348146976;-0,49275090554429996;0,9761043918022424;-0,4915620203733328;6,615533205416873e-07
224;0,35521260792828135;0,17207764596778927;-0,35515325976823614;-0,1720367274005351;5,934816004521393e-05;4,091856725416121e-05;0,02326479936737965;0,023264799367379647;0,02326479936737965;0,9795018671491788;-0,48130254497206004;0,9793250493079381;-0,48289250227280783;2,326479936737965e-06
225;0,4517480432544423;0,2184467979024865;-0,4514128511943126;-0,21821570324366174;0,0003351920601296632;0,00023109465882475977;0,02955289522394599;0,029552895223946003;0,029552895223946003;0,9803093539109031;-0,47504019545093024;0,9795232918654527;-0,48213971324066324;2,9552895223946007e-06
226;0,0;0,0;0,0;0,0;0,0;0,0;;;;;;;;
227;0,0;0,0;0,0;0,0;0,0;0,0;;;;;;;;
228;-0,6151796257678308;-0,2994212723261676;0,6160668471949327;0,3000329898887733;0,0008872214271018475;0,0006117175626056959;0,03963792964053668;0,03963792964053668;0,03963792964053668;0,9965458834214456;-0,3300460859027662;0,9980978132136099;-0,3165218627685409;3,9637929640536675e-06
229;0,3481988943238913;0,16913713305154787;-0,34809042723234773;-0,16906235401133038;0,0001084670915435515;7,477904021749304e-05;0,02281666915607522;0,02281666915607522;0,02281666915607522;0,9795244230465296;-0,4821337475669332;0,9791948695210827;-0,48507587276852177;2,2816669156075217e-06
230;-0,31824514629092604;-0,1541000753638312;0,3183405650659642;0,15418062537726548;9,541877503815854e-05;8,055001343429402e-05;0,02086919229372686;0,02086919229372686;0,02086919229372686;0,9782172136352811;-0,4733747552066274;0,9785519253720694;-0,4683673200457079;2,086919229372686e-06
231;0,0;0,0;0,0;0,0;0,0;0,0;;;;;;;;
232;0,6350306666380265;0,3096975450974682;-0,634066846543778;-0,30903298969410675;0,0009638200942485575;0,0006645554033614665;0,040801977294899705;0,0408019772948997;0,040801977294899705;0,9997357810803423;-0,3023208566731363;0,9980978132136099;-0,3165218627685409;4,0801977294899705e-06
233;0,3091346199236647;0,14909280676166653;-0,30909411303744244;-0,14906488286563252;4,0506886222257954e-05;2,792389603401002e-05;0,0202584332001995;0,0202584332001995;0,0202584332001995;0,9781220194984768;-0,45178818436291523;0,9779834689863766;-0,45304960676734857;2,02584332001995e-06
234;-0,31614045440415217;-0,1530278907496695;0,3161824267299647;0,1530568248636339;4,197232581254484e-05;2,893411396440171e-05;0,020621627675565603;0,0206216276755656;0,020621627675565603;0,9833490428090289;-0,3612413834716804;0,9834901088647651;-0,35997625707674935;2,0621627675565604e-06
235;0,3211542033535263;0,1551063173813956;-0,32106673437190636;-0,1550460104501556;8,746898161993144e-05;6,030693124001174e-05;0,02105166568611951;0,02105166568611951;0,02105166568611951;0,9781220194984768;-0,45178818436291523;0,9778340773244429;-0,4544019135949434;2,105166568611951e-06
236;0,27907448086270437;0,13505135271453989;-0,2790377489921;-0,13502602732085367;3,6731870604378436e-05;2,5325393686215225e-05;0,018302786126066752;0,01830278612606675;0,018302786126066752;0,9779852117453454;-0,47533817571082504;0,977846115128964;-0,47659427812178784;1,8302786126066753e-06
237;0,0;0,0;0,0;0,0;0,0;0,0;;;;;;;;
238;0,0;0,0;0,0;0,0;0,0;0,0;;;;;;;;
239;-0,12200000000013118;-0,05899999999996427;0,12201952580823532;0,059013462725082295;1,9525808104131626e-05;1,346272511802693e-05;0,0080470971519898;0,008047097151989802;0,008047097151989802;0,9722894970830216;-0,5260434511106602;0,9724576666842694;-0,5245136554354622;8,047097151989802e-07
240;2,1911891545397886;1,063419486624241;-2,1893402873974934;-1,0621448572651175;0,001848867142295152;0,0012746293591234803;0,1408385671944728;0,14083856719447282;0,14083856719447282;0,9984460475005243;-0,3136379225641875;0,9975360561851127;-0,32163115812939985;1,4083856719447284e-05
241;0,0;0,0;0,0;0,0;0,0;0,0;;;;;;;;
242;0,2651192033331558;0,12808218842920974;-0,2650330434795116;-0,1280227840978326;8,615985364418544e-05;5,940433137713308e-05;0,017384471176910766;0,017384471176910762;0,017384471176910766;0,9778460884942459;-0,47660757798019715;0,9775026184749334;-0,479723959803982;1,7384471176910765e-06
243;0,27109411303703707;0,13106488286568396;-0,27102134583811177;-0,13101471558888453;7,276719892529426e-05;5,0167276799434335e-05;0,017776232359032387;0,017776232359032383;0,017776232359032387;0,9779834689863766;-0,45304960676734857;0,9776997725584742;-0,4556177157921607;1,7776232359032385e-06
244;0,21307318869350145;0,10305045951338294;-0,21302826918475487;-0,10301949103497139;4,491950874657702e-05;3,09684784115527e-05;0,013966557980449722;0,013966557980449722;0,013966557980449722;0,9784078126094484;-0,467395675039626;0,9781849109847831;-0,46941058000440283;1,3966557980449722e-06
245;-0,25816966583262557;-0,12504803288114835;0,2582451475842248;0,12510007501904988;7,548175159921566e-05;5,2042137901525676e-05;0,016936007836860976;0,016936007836860976;0,016936007836860976;0,9779082924295027;-0,4761568020887871;0,9782172136352811;-0,4733747552066274;1,6936007836860977e-06
246;0,37441285440503735;0,18121570379167307;-0,37418215338955263;-0,18105664939031488;0,00023070101548472444;0,0001590544013581885;0,0245175983318103;0,024517598331810303;0,024517598331810303;0,9795232918654527;-0,48213971324066324;0,9788711240495119;-0,4880198874345896;2,4517598331810303e-06
247;0,1821142150109091;0,08800980307853104;-0,18210490033824697;-0,08800338228475425;9,314672662130707e-06;6,420793776787392e-06;0,011705587578367684;0,011705587578367682;0,011705587578367684;0,9976262354465839;-0,3207187539913271;0,9975710903691181;-0,3212083008642806;1,1705587578367682e-06
248;-0,6612196232527431;-0,3201514196102037;0,6614519960668112;0,32031164240705595;0,00023237281406807142;0,0001602227968522385;0,042929154628760145;0,04292915462876014;0,042929154628760145;0,9880219511116735;-0,10588912900547925;0,9883971372659324;-0,10254124758833902;4,292915462876015e-06
249;-0,041999998219427535;-0,019999999723120335;0,04200173740810311;0,02000119875731407;1,7391886755757646e-06;1,199034193734988e-06;0,0027481804073527624;0,002748180407352763;0,002748180407352763;0,9772884039650239;-0,5014780667979971;0,9773322223742588;-0,5010656917094114;2,748180407352763e-07
250;2,782434128813577;1,3506731408060642;-2,779110968318072;-1,348381768045051;0,003323160495504851;0,0022913727610132106;0,1786179796026518;0,17861797960265177;0,1786179796026518;0,9997357810803423;-0,3023208566731363;0,9984460475005243;-0,3136379225641875;1,786179796026518e-05
251;0,0;0,0;0,0;0,0;0,0;0,0;;;;;;;;
252;0,31608027047320064;0,15305534139985028;-0,31599999602790574;-0,15299999931365083;8,027444529490335e-05;5,534208619945025e-05;0,020751161232438725;0,020751161232438725;0,020751161232438725;0,9770933179124469;-0,49024912607229354;0,9768251957866302;-0,4926683547605149;2,0751161232438726e-06
253;0,30211125523806326;0,14607670772270903;-0,3020433962244035;-0,14602992120713515;6,785901365974345e-05;4,678651557388225e-05;0,01966706087635411;0,019667060876354104;0,01966706087635411;0,9851166231670939;-0,2535038121153936;0,9848774919791692;-0,25565254438802104;1,966706087635411e-06
254;-0,10299999977906735;-0,04999999996131087;0,10301537898784795;0,05001060294242411;1,537920878059984e-05;1,0602981113244647e-05;0,0067262382941135285;0,0067262382941135285;0,0067262382941135285;0,9827700306896139;-0,3444478084051545;0,982928531242396;-0,3430356525111155;6,726238294113528e-07
255;0,23604350091702134;0,1140299901727617;-0,23601659350672724;-0,11401143962361157;2,6907410294096934e-05;1,855054915013421e-05;0,015287020148159552;0,01528702014815955;0,015287020148159552;0,9900477218382274;-0,20952662235287664;0,9899257422102428;-0,21061939283261463;1,528702014815955e-06
256;0,2440667343718286;0,11804601045036665;-0,24401615922364905;-0,11801114058075989;5,057514817954911e-05;3,486986960676841e-05;0,016007665897321496;0,0160076658973215;0,0160076658973215;0,9778340773244429;-0,4544019135949434;0,9776151070424088;-0,45638257889370903;1,6007665897321497e-06
257;-0,029000071922686166;-0,01400004978533834;0,029001220242467502;0,014000841475995132;1,1483197813362545e-06;7,9169065679216e-07;0,001900281162029177;0,001900281162029177;0,001900281162029177;0,978390108051267;-0,46753880209783655;0,9784319843267588;-0,4671585492713084;1,9002811620291768e-07
258;0,226090432329156;0,11006235488969518;-0,22601330177671025;-0,11000917595887076;7,713055244573663e-05;5,317893082441849e-05;0,014826338587388074;0,014826338587388075;0,014826338587388075;0,9791948695210827;-0,48507587276852177;0,9788341771140421;-0,4882794214748831;1,4826338587388075e-06
259;0,6843750003052228;0,3308101161079103;-0,6835605294917739;-0,33024858654087413;0,0008144708134488754;0,0005615295670361453;0,044804801189430705;0,0448048011894307;0,044804801189430705;0,9795018671491788;-0,48130254497206004;0,9782420664661076;-0,49270702740170186;4,48048011894307e-06
260;-0,37712015473574156;-0,1830170162605114;0,37716696122994214;0,18305652314930224;4,6806494200579696e-05;3,950688879084119e-05;0,024361113571656674;0,024361113571656674;0,024361113571656674;0,9934510109976371;-0,07551767501095452;0,9935916893037149;-0,07345312649896414;2,4361113571656676e-06
261;0,0;0,0;0,0;0,0;0,0;0,0;;;;;;;;
262;0,16801119167499115;0,08200771968693647;-0,16800325945631125;-0,08200225068801079;7,932218679895797e-06;5,468998925686752e-06;0,01098038065753096;0,01098038065753096;0,01098038065753096;0,9830245644459191;-0,44961039102708295;0,982974469672247;-0,4500502985117126;1,098038065753096e-06
263;0,27529377214025846;0,13213360243770592;-0,2752404855801705;-0,1320968664907549;5,328656008796173e-05;3,6735946951027554e-05;0,017998615210057987;0,017998615210057987;0,017998615210057987;0,9795244230465296;-0,4821337475669332;0,9793193341775059;-0,4840219025588288;1,7998615210057988e-06
264;0,05000224295184037;0,024001546328639285;-0,05000000000010542;-0,02399999999992699;2,242951734954257e-06;1,5463287122950697e-06;0,0032810527431236954;0,0032810527431236954;0,0032810527431236954;0,9759788348146976;-0,49275090554429996;0,9759314787976369;-0,4931883438155538;3,2810527431236955e-07
265;0,2751404855821293;0,13209686649207705;-0,2750694852643632;-0,13204791415260492;7,100031776607896e-05;4,895233947213584e-05;0,017993300390491268;0,017993300390491268;0,017993300390491268;0,9793193341775059;-0,4840219025588288;0,9790459773860161;-0,4865381872917937;1,799330039049127e-06
266;-0,07699999678410062;-0,036999999470520975;0,07701943695612551;0,03701340281758053;1,94401720248899e-05;1,3403347059556814e-05;0,005032649834876367;0,005032649834876367;0,005032649834876367;0,9800417394184555;-0,4774950578972893;0,9803093539109031;-0,47504019545093024;5,032649834876367e-07
267;-0,08599999641781643;-0,04199999935116918;0,0860069793079355;0,042004813819869605;6,982890119064389e-06;4,814468700424512e-06;0,005642847172229529;0,0056428471722295296;0,0056428471722295296;0,9792392336282802;-0,48364780787209705;0,9793250493079381;-0,48289250227280783;5,64284717222953e-07
268;-0,19409999946979192;-0,0939999999122717;0,19414045474239808;0,09402789080795686;4,045527260615467e-05;2,7890895685153683e-05;0,012665035601369532;0,01266503560136953;0,012665035601369532;0,9831276444481235;-0,3632252840277776;0,9833490428090289;-0,3612413834716804;1,2665035601369532e-06
269;0,1940282350378546;0,0940194673284906;-0,19399999958101646;-0,09399999992733271;2,8235456838138218e-05;1,9467401157893804e-05;0,012686245167542312;0,012686245167542312;0,012686245167542312;0,981228694596046;-0,36780495257727486;0,9810744226295262;-0,36918872898521177;1,2686245167542312e-06
270;-0,23122384355025952;-0,11201644035461614;0,2312709856727042;0,11204894215025091;4,714212244469329e-05;3,2501795634770625e-05;0,01500324217212895;0,015003242172128952;0,015003242172128952;0,9887037650841601;-0,10074768212315362;0,9889215567477907;-0,09880865915522666;1,5003242172128953e-06
271;-0,2950420637389251;-0,14302901053854233;0,29516125325621306;0,1431296372188307;0,00011918951728795424;0,00010062668028837374;0,01904460786411634;0,01904460786411634;0,01904460786411634;0,9939989968784001;-0,35554093339070114;0,9944572157846452;-0,34880674279208623;1,9044607864116339e-06
272;0,24604339622487464;0,11902992120731307;-0,24601130313687009;-0,11900779415143659;3,20930880045589e-05;2,2127055876480783e-05;0,01602261420941111;0,01602261420941111;0,01602261420941111;0,9848774919791692;-0,25565254438802104;0,9847386692815165;-0,256898392529891;1,6022614209411111e-06
273;0,0;0,0;0,0;0,0;0,0;0,0;;;;;;;;
274;0,15703775051973554;0,07602602758299551;-0,1570016774216646;-0,07600115748837631;3,607309807093784e-05;2,4870094619197647e-05;0,010301417151882571;0,010301417151882571;0,010301417151882571;0,977846115128964;-0,47659427812178784;0,9776034079114234;-0,4787839162993701;1,030141715188257e-06
275;0,1867968909463784;0,09006680524740276;-0,18676082134186422;-0,09004193353882975;3,606960451418839e-05;2,487170857301546e-05;0,012011835389497676;0,012011835389497676;0,012011835389497676;0,9967586686785942;-0,0286296664175266;0,9965505844978303;-0,030491658734616917;1,2011835389497675e-06
276;0,27109438633949;0,13106884897809684;-0,2710243917421875;-0,1310205900491769;6,99945973025029e-05;4,825892891993644e-05;0,017865408204601124;0,017865408204601124;0,017865408204601124;0,9731082024398315;-0,5186094523568986;0,9728366727008357;-0,5210800222336035;1,7865408204601121e-06
277;-0,1190017341560742;-0,057001198222052026;0,11901439318198956;0,0570099255677803;1,2659025915365274e-05;8,72734572827244e-06;0,007794771562823992;0,007794771562823993;0,007794771562823993;0,9773322223742588;-0,5010656917094114;0,9774447112842314;-0,5000226414609859;7,794771562823994e-07
278;-0,11911439317668487;-0,0570099255701837;0,11913107227798991;0,05702142462229816;1,6679101305039357e-05;1,1499052114456731e-05;0,007800099074952039;0,00780009907495204;0,00780009907495204;0,9774447112842314;-0,5000226414609859;0,9775928150689673;-0,49864674121907765;7,80009907495204e-07
279;-0,17300806676763494;-0,08400556522099964;0,1730433364050148;0,0840298811233298;3,5269637379847785e-05;2,4315902330165895e-05;0,011342643778430363;0,011342643778430365;0,011342643778430365;0,9789483237787241;-0,4862615801051709;0,9791638804268619;-0,48433503793562444;1,1342643778430366e-06
280;0,1600330447933204;0,07702278432978497;-0,1600016737449068;-0,07700115504332745;3,137104841358096e-05;2,1629286457519603e-05;0,010489952568613015;0,010489952568613015;0,010489952568613015;0,9775026184749334;-0,479723959803982;0,9772954126809594;-0,4816227398107672;1,0489952568613016e-06
281;0,18166079839531074;0,08804191771751398;-0,18164069963468218;-0,08802806032375271;2,009876062855631e-05;1,3857393761265713e-05;0,011695387646616004;0,011695387646616004;0,011695387646616004;0,9965505844978303;-0,030491658734616917;0,9964314645562169;-0,03154317902950614;1,1695387646616005e-06
282;0,1792404263665963;0,08702787094375228;-0,1792243586091915;-0,08701679414108472;1,6067757404786276e-05;1,1076802667556174e-05;0,011541173479136541;0,01154117347913654;0,011541173479136541;0,9967586686785942;-0,0286296664175266;0,9966621592669821;-0,02947699516733692;1,154117347913654e-06
283;0,11502821873784999;0,056019455616177764;-0,11500383135247805;-0,05600264192109284;2,4387385371943404e-05;1,6813695084924585e-05;0,007551589646525434;0,007551589646525436;0,007551589646525436;0,9781849109847831;-0,46941058000440283;0,9779609982373758;-0,4713986868456111;7,551589646525436e-07
284;0,19014290155070385;0,0910985222702605;-0,19012296677905674;-0,0910847779133383;1,9934771647106553e-05;1,3744356922196221e-05;0,012308657623534738;0,012308657623534735;0,012308657623534738;0,9889640558126453;-0,09839290353438836;0,9888518730576245;-0,09942074157947613;1,2308657623534739e-06
285;0,17403291462059148;0,08502483645973137;-0,17401912533117492;-0,08501319242268089;1,3789289416560324e-05;1,1644037050478895e-05;0,01122029820936346;0,011220298209363462;0,011220298209363462;0,9966603061419104;-0,3293863732027532;0,9965702530754145;-0,33069074769708273;1,1220298209363462e-06
286;0,0;0,0;0,0;0,0;0,0;0,0;;;;;;;;
287;-0,2510010630986979;-0,12200073314095465;0,2510838623420786;0,12205782313949753;8,279924338067124e-05;5,7089998542883547e-05;0,016306241873056213;0,016306241873056213;0,016306241873056213;0,9881306975463436;-0,10483731798747876;0,9884827324211392;-0,10172808308839083;1,6306241873056212e-06
288;0,1720322486733799;0,08202223232125327;-0,17201036496923378;-0,08200714613812313;2,188370414613061e-05;1,5086183130147424e-05;0,01113336779608306;0,011133367796083064;0,011133367796083064;0,9883303323101027;-0,10421327730264962;0,9881942268437052;-0,10547594498202223;1,1133367796083064e-06
289;0,170020080861611;0,08201384691699261;-0,1700102845154152;-0,0820070908161679;9,79634619580061e-06;6,756100824706346e-06;0,011063142902547635;0,011063142902547637;0,011063142902547637;0,9851166231670939;-0,2535038121153936;0,9850552579861257;-0,2540589656874574;1,1063142902547636e-06
290;-0,31616125402271206;-0,1531296356935783;0,31626159453790864;0,15319881711582053;0,00010034051519658416;6,918142224224266e-05;0,020394943421967952;0,02039494342196795;0,020394943421967952;0,9944572157846452;-0,34880674279208623;0,9947982276486591;-0,34578650358076124;2,039494342196795e-06
291;-0,15312430966722404;-0,07401676169598895;0,1531696671445822;0,07404803311304915;4,535747735814888e-05;3,12714170602052e-05;0,010044329583510748;0,010044329583510748;0,010044329583510748;0,9775953333065471;-0,4789908208200383;0,9779082924295027;-0,4761568020887871;1,0044329583510748e-06
292;-0,1529999980807716;-0,07399999967080616;0,15302430966861344;0,07401676169580242;2,431158784182985e-05;1,6762024996258562e-05;0,010039012704041466;0,010039012704041467;0,010039012704041467;0,9774274914613238;-0,4805090565922321;0,9775953333065471;-0,4789908208200383;1,0039012704041467e-06
293;0,1490213458378217;0,07201471558912406;-0,14900772785997227;-0,07200532743772788;1,361797784943386e-05;9,388151396186317e-06;0,009773665432207786;0,009773665432207784;0,009773665432207786;0,9776997725584742;-0,4556177157921607;0,9776032123919067;-0,4564927959954942;9,773665432207785e-07
294;0,09500383159965956;0,046002641972265265;-0,09499999881115977;-0,045999999794661135;3,83278849978852e-06;2,642177604129936e-06;0,006231589703372954;0,006231589703372956;0,006231589703372956;0,9779609982373758;-0,4713986868456111;0,9779183690953385;-0,4717828290226422;6,231589703372957e-07
295;-0,19412549490088235;-0,0940175811802403;0,1941519003963653;0,09403578522418075;2,6405495482939578e-05;1,820404394045627e-05;0,012670023204843256;0,012670023204843256;0,012670023204843256;0,9828801135620493;-0,45090489515093324;0,9830245644459191;-0,44961039102708295;1,2670023204843257e-06
296;-0,1939999920105958;-0,09399999861725822;0,1940254949042967;0,0940175811783116;2,550289370090164e-05;1,7582561053386403e-05;0,012664736786334943;0,01266473678633494;0,012664736786334943;0,9827405367155791;-0,4521545734629338;0,9828801135620493;-0,45090489515093324;1,2664736786334943e-06
297;0,15501659350696126;0,07501143962345733;-0,15499999999999095;-0,0749999999998302;1,6593506970308258e-05;1,143962362712414e-05;0,010043829709359622;0,010043829709359626;0,010043829709359626;0,9899257422102428;-0,21061939283261463;0,9898112389077538;-0,21164079878807093;1,0043829709359626e-06
298;0,15402008771664022;0,07401617640151405;-0,15400505830660038;-0,07400348725172298;1,5029410039835156e-05;1,2689149791064724e-05;0,009899537763872273;0,009899537763872271;0,009899537763872273;0,996598451732655;-0,029857043561752252;0,9964873939265089;-0,03150928422880649;9,899537763872271e-07
299;0,15229776570831752;0,07406740483017632;-0,15221775707142537;-0,0740122415565872;8,000863689214266e-05;5,516327358912054e-05;0,009929977348664727;0,00992997734866473;0,00992997734866473;0,9846574124822453;-0,32759519353465466;0,9840988049465288;-0,3325427785809317;9,92997734866473e-07
300;0,12601259061563472;0,061008679454267745;-0,1259999999998032;-0,060999999999994836;1,2590615831503671e-05;8,679454272908504e-06;0,008170358799039852;0,008170358799039856;0,008170358799039856;0,9893271507222;-0,21593189779800606;0,9892203456655707;-0,21688370452487343;8,170358799039856e-07
301;0,2021811459949616;0,09805594396459875;-0,20217560700238252;-0,0980521267554923;5,538992579073865e-06;3,817209106457553e-06;0,012973329558216947;0,012973329558216947;0,012973329558216947;0,9999999999484361;2,306135533590629e-20;0,9999704076576076;-0,00025945199636009264;1,2973329558216947e-06
302;0,20207560700219004;0,09805212675474215;-0,20199999999999865;-0,09799999999999504;7,560700219139127e-05;5,212675474711159e-05;0,01296813484835708;0,012968134848357075;0,01296813484835708;0,9999704076576076;-0,00025945199636009264;0,9995662596491068;-0,003804471746558242;1,296813484835708e-06
303;0,0;0,0;0,0;0,0;0,0;0,0;;;;;;;;
304;0,0;0,0;0,0;0,0;0,0;0,0;;;;;;;;
305;0,0;0,0;0,0;0,0;0,0;0,0;;;;;;;;
306;-0,33726159371448283;-0,16319881697985;0,3374145376276469;0,1633042691269899;0,00015294391316406086;0,00010545214713988948;0,02174481953627311;0,021744819536273115;0,021744819536273115;0,9947982276486591;-0,34578650358076124;0,9952857237657627;-0,3414603183876876;2,1744819536273115e-06
307;-0,07699999903163053;-0,03699999984032004;0,07700167478926058;0,03700115521904171;1,6757576300485688e-06;1,1553787216678213e-06;0,005046911154964976;0,005046911154964977;0,005046911154964977;0,9772724093647241;-0,48183440362859403;0,9772954126809594;-0,4816227398107672;5,046911154964976e-07
308;-0,26901225085863695;-0,1300084513081858;0,2690462804633042;0,1300319135800767;3,402960466725169e-05;2,3462271890900555e-05;0,017616682769041655;0,017616682769041662;0,017616682769041662;0,9791911772666487;-0,48410378705426244;0,9793250493079381;-0,48289250227280783;1,7616682769041663e-06
309;0,06000312757501387;0,028002299629070332;-0,06000092731175754;-0,028000782780916337;2,2002632563342117e-06;1,5168481539949707e-06;0,003928606037872364;0,0039286060378723635;0,003928606037872364;0,9731082024398315;-0,5186094523568986;0,9730694739426373;-0,5189937025272158;3,9286060378723645e-07
310;0,14201912748874904;0,06901319186229685;-0,1420059151694733;-0,06900408156272404;1,3212319275729412e-05;9,110299572803737e-06;0,009147706406293941;0,009147706406293945;0,009147706406293945;0,9965702530754145;-0,33069074769708273;0,9964701202074846;-0,3315687229678104;9,147706406293945e-07
311;0,06010490506804863;0,029003383095182637;-0,06009999767060733;-0,028999999609121883;4,907397441300532e-06;3,38348606075331e-06;0,003862430436212994;0,003862430436212994;0,003862430436212994;0,9975710903691181;-0,3212083008642806;0,997483045022347;-0,3219935278888617;3,8624304362129943e-07
312;0,1390102845167905;0,06700709081640316;-0,13900005791872805;-0,06700003993657754;1,0226598062462733e-05;7,050879825623579e-06;0,009044680204439206;0,009044680204439205;0,009044680204439206;0,9850552579861257;-0,2540589656874574;0,9849769104541257;-0,25476852496006747;9,044680204439207e-07
313;0,16011811956084568;0,07801249152743195;-0,1601126715166793;-0,07800873526140643;5,448044166384003e-06;3,7562660255147096e-06;0,0103938351807364;0,010393835180736402;0,010393835180736402;0,9893634947845366;-0,21561323731899507;0,9893271507222;-0,21593189779800606;1,0393835180736403e-06
314;0,1321162173519906;0,06401118410126665;-0,13209999462447986;-0,06399999907436459;1,6222727510756263e-05;1,1185026902060802e-05;0,008600874702523405;0,008600874702523405;0,008600874702523405;0,985466388374719;-0,42778160489432865;0,9853356498823317;-0,42894959433815394;8,600874702523405e-07
315;0,12200772785905213;0,05900532743760906;-0,12199999999950352;-0,058999999999989367;7,727859548611882e-06;5,32743761969684e-06;0,008003905386712135;0,008003905386712137;0,008003905386712137;0,9776032123919067;-0,4564927959954942;0,9775362981980964;-0,4570980141292997;8,003905386712138e-07
316;0,13111767544567662;0,06401218525338807;-0,13110240828210998;-0,06400165981362464;1,5267163566645703e-05;1,0525439763431343e-05;0,008560170734168591;0,008560170734168591;0,008560170734168591;0,9840988049465288;-0,3325427785809317;0,9839751282527517;-0,3336269271777383;8,560170734168591e-07
317;0,13100240828281573;0,06400165981315438;-0,13099999972214937;-0,06399999994819199;2,4085606663559744e-06;1,6598649623944528e-06;0,008554898352437734;0,008554898352437734;0,008554898352437734;0,9839751282527517;-0,3336269271777383;0,9839556059245677;-0,3337975265850755;8,554898352437734e-07
318;0,15203329302757937;0,07302295458188195;-0,15201043615641063;-0,07300719503390637;2,2856871168736026e-05;1,5759547975571775e-05;0,009846723674371248;0,009846723674371245;0,009846723674371248;0,9889215567477907;-0,09880865915522666;0,988760743912813;-0,10027299034473489;9,846723674371248e-07
319;0,12912253609463478;0,0630155377361466;-0,1291076478050705;-0,06300527346169689;1,48882895642799e-05;1,0264274449708899e-05;0,008323078437370183;0,00832307843737018;0,008323078437370183;0,9966621592669821;-0,02947699516733692;0,9965381186549399;-0,030551669893444676;8,323078437370183e-07
320;0,128437010048273;0,06202551641217794;-0,12842570205757536;-0,06201772027073844;1,1307990697623227e-05;7,796141439503357e-06;0,008264220513008782;0,008264220513008784;0,008264220513008784;0,9964314645562169;-0,03154317902950614;0,9963366411887492;-0,032387996141670136;8,264220513008785e-07
321;-0,040100586222756814;-0,019000404218696188;0,04010204172520784;0,01900140780543526;1,4555024510296e-06;1,0035867390734143e-06;0,0025892057146841172;0,002589205714684117;0,0025892057146841172;0,9894723335963683;-0,09388442216414176;0,9895112452613607;-0,09351811549630723;2,589205714684117e-07
322;0,1260230897058029;0,06101591957824857;-0,12600000000007502;-0,061000000000017617;2,3089705727868948e-05;1,5919578230952358e-05;0,008112036420239103;0,0081120364202391;0,008112036420239103;0,9965297382433044;-0,030467296666490652;0,9963324542340277;-0,03221355502224633;8,112036420239103e-07
323;0,1260122942114546;0,061010384005389315;-0,1259999944029141;-0,06099999974080184;1,2299808540505719e-05;1,0384264587472158e-05;0,00811752331876637;0,00811752331876637;0,00811752331876637;0,9957698864440937;-0,342437773998727;0,9956589640275055;-0,34406939486502974;8,117523318766372e-07
324;0,12601130313630746;0,06100779415129495;-0,12600000000003825;-0,06100000000010501;1,1303136269208425e-05;7,794151189940979e-06;0,008208338786818828;0,008208338786818828;0,008208338786818828;0,9847386692815165;-0,256898392529891;0,9846432226203528;-0,257753702066248;8,208338786818827e-07
325;0,05900327409898517;0,029002257306236793;-0,05900000000014356;-0,029000000000135657;3,2740988416060657e-06;2,2573061011360585e-06;0,003816430864311226;0,003816430864311226;0,003816430864311226;0,9946043227609508;-0,05902896671656312;0,9945448079575714;-0,05953577195847247;3,8164308643112256e-07
326;0,198069488491304;0,09504791468737359;-0,19802163732593533;-0,09501492291261869;4,7851165368678616e-05;3,299177475489523e-05;0,012955532482733519;0,012955532482733519;0,012955532482733519;0,9790459773860161;-0,4865381872917937;0,9787901160451509;-0,4888969759876879;1,2955532482733519e-06
327;0,03800092731073685;0,018000782780506253;-0,03799999999952144;-0,017999999999874967;9,273112154123409e-07;7,827806312865615e-07;0,002494874885451591;0,002494874885451591;0,002494874885451591;0,9730694739426373;-0,5189937025272158;0,9730423256623304;-0,5194167352179305;2,494874885451591e-07
328;0,0;0,0;0,0;0,0;0,0;0,0;;;;;;;;
329;0,12201046992322068;0,05900721839409914;-0,12199999924475569;-0,05899999987055406;1,0470678464991057e-05;7,2185235450855645e-06;0,00797843408511236;0,007978434085112361;0,007978434085112361;0,9807480499925363;-0,42768634208228534;0,9806570959797384;-0,4285064390890022;7,978434085112362e-07
330;0,11500746745850103;0,05600514911934745;-0,11500000000010954;-0,056000000000310954;7,467458391488546e-06;5,149119036498839e-06;0,007411068505232824;0,007411068505232824;0,007411068505232824;0,9965381186549399;-0,030551669893444676;0,9964682538540679;-0,031160868985440193;7,411068505232824e-07
331;0,12201615922337117;0,059011140580284005;-0,12199999999975579;-0,05899999999980645;1,6159223615377916e-05;1,1140580477554674e-05;0,008004405733285558;0,008004405733285558;0,008004405733285558;0,9776151070424088;-0,45638257889370903;0,9774751934833953;-0,4576482916577611;8,004405733285558e-07
332;0,0;0,0;0,0;0,0;0,0;0,0;;;;;;;;
333;0,10932540911417603;0,05301751829513378;-0,10931584217322629;-0,05301092271249549;9,566940949737313e-06;6,59558263828991e-06;0,007040753563004587;0,007040753563004587;0,007040753563004587;0,9963366411887492;-0,032387996141670136;0,9962424539461959;-0,03321803759746362;7,040753563004587e-07
334;0,1940243917423612;0,0940205900491902;-0,1940000000001343;-0,09400000000017382;2,4391742226903546e-05;2,0590049016375178e-05;0,0127955048539935;0,012795504853993497;0,0127955048539935;0,9728366727008357;-0,5210800222336035;0,9726971165822099;-0,5231776968098857;1,27955048539935e-06
335;-0,02110000002262368;-0,010000000015638385;0,021100586222891814;0,010000404218711357;5,862002681322753e-07;4,0420307297235614e-07;0,0013624817575963316;0,0013624817575963316;0,0013624817575963316;0,9894425512995524;-0,09416465369654259;0,9894723335963683;-0,09388442216414176;1,3624817575963317e-07
336;-0,18603224867324267;-0,0890222323214143;0,18612296677870332;0,08908477791356353;9,071810546065762e-05;6,254559214922961e-05;0,012047585821179301;0,012047585821179301;0,012047585821179301;0,9883303323101027;-0,10421327730264962;0,9888518730576245;-0,09942074157947613;1,20475858211793e-06
337;0,1031046869146316;0,050003956797563864;-0,10310000000971428;-0,05000000000679344;4,686904917311496e-06;3,9567907704277094e-06;0,006676339808698148;0,006676339808698148;0,006676339808698148;0,9909446101831172;-0,09058788201899154;0,990893210460837;-0,09134540830288342;6,676339808698148e-07
338;0,10100462780299353;0,04900319114321336;-0,1009999999997733;-0,049000000000289284;4,627803220233484e-06;3,1911429240749634e-06;0,006562420026185387;0,006562420026185388;0,006562420026185388;0,987680734568948;-0,23056590278166145;0,9876318487132567;-0,231000273846177;6,562420026185389e-07
339;0,10100070728816259;0,04900048787500867;-0,10099999999766676;-0,04899999999944767;7,072904958244086e-07;4,87875560999107e-07;0,006559156671610936;0,006559156671610939;0,006559156671610939;0,9881306975463436;-0,10483731798747876;0,9881232217573992;-0,10490378003132143;6,559156671610938e-07
340;-0,20200000000007357;-0,09799999999997408;0,20203512180473793;0,09802421441188558;3,512180466436199e-05;2,4214411911499534e-05;0,013158009663329714;0,01315800966332971;0,013158009663329714;0,9851421587815313;-0,2532532566824903;0,985327188322163;-0,2516061483084452;1,3158009663329715e-06
341;0,09921576713378996;0,048010870973689314;-0,09920749002059188;-0,04800516439254033;8,27711319807689e-06;5,706581148984258e-06;0,006387651839088197;0,006387651839088198;0,006387651839088198;0,9962424539461959;-0,03321803759746362;0,9961526442079863;-0,03401415719551356;6,387651839088198e-07
342;-2,1327317380907775;-1,0839356519330579;2,1358384051890638;1,0860774937400648;0,00310666709828622;0,002141841807006939;0,13978121040280983;0,13978121040280977;0,13978121040280983;0,9881433356527405;-0,3905122650971337;0,9896880906499239;-0,3785127255379962;1,3978121040280982e-05
343;0,10401330688358665;0,05100917683476958;-0,10399999566602482;-0,050999999196395904;1,3311217561831623e-05;9,177638373679409e-06;0,0068331019249920685;0,006833101924992068;0,0068331019249920685;0,9788341771140421;-0,4882794214748831;0,9786990522285057;-0,48945618736567365;6,833101924992069e-07
344;-2,140938482576605;-1,0880773152649583;2,1532062581033715;1,0965353323364033;0,012267775526766389;0,008458017071445001;0,14009929604683488;0,14009929604683488;0,14009929604683488;0,9896880906499239;-0,3785127255379962;0,9957745304706478;-0,33151688603901697;1,400992960468349e-05
345;-0,07699999676775612;-0,03699999946815601;0,07700807076614463;0,03700556595685633;8,073998388508086e-06;5,566488700314842e-06;0,005038842331264329;0,0050388423312643284;0,005038842331264329;0,9788373147823775;-0,48728115102230424;0,9789483237787241;-0,4862615801051709;5,038842331264329e-07
346;0,04900326434112964;0,024002251562436436;-0,048999997991600194;-0,023999999630138213;3,26634952944882e-06;2,251932298222986e-06;0,0032049242425896984;0,003204924242589698;0,0032049242425896984;0,982974469672247;-0,4500502985117126;0,9829037819258765;-0,4506652128136783;3,2049242425896983e-07
347;-9,999999998506935e-05;8,155547627515235e-14;0,00010000002264705909;1,5542612680519694e-11;2,2661989743533867e-11;1,5624168156794847e-11;5,8351078512257885e-06;5,835107851225789e-06;5,835107851225789e-06;0,9894423270722217;-0,09417360568346368;0,9894425512995524;-0,09416465369654259;5,835107851225789e-10
348;0,0;0,0;0,0;0,0;0,0;0,0;;;;;;;;
349;0,0;0,0;0,0;0,0;0,0;0,0;;;;;;;;
350;-0,48413296979207254;-0,23409167495321584;0,48421962325155155;0,23415141960927258;8,665345947900249e-05;5,974465605673718e-05;0,031429946473526565;0,03142994647352656;0,031429946473526565;0,9878308720486763;-0,10760053769047048;0,9880219511116735;-0,10588912900547925;3,1429946473526562e-06
351;0,08601036496893319;0,041007146138347966;-0,08600000000015555;-0,04100000000002496;1,036496877764026e-05;7,146138323005369e-06;0,005567047049404445;0,005567047049404444;0,005567047049404445;0,9881942268437052;-0,10547594498202223;0,9880653025584084;-0,10667260706793878;5,567047049404445e-07
352;0,07510609632447207;0,036004203398464;-0,07510096047616409;-0,03600066216825028;5,135848307982749e-06;3,541230213725821e-06;0,004863693293138269;0,004863693293138268;0,004863693293138269;0,9887037650841601;-0,10074768212315362;0,9886306184903791;-0,10141718606621072;4,863693293138269e-07
353;9,999999927611588e-05;6,381659148829583e-12;-9,999999486795359e-05;-3,3423789806127686e-12;4,408162284632797e-12;3,039280168216814e-12;5,788070964126968e-06;5,788070964126969e-06;5,788070964126969e-06;0,997483045022347;-0,3219935278888617;0,9974830010516736;-0,32199526926805394;5,788070964126969e-10
354;0,0;0,0;0,0;0,0;0,0;0,0;;;;;;;;
355;0,08100864985841555;0,039005965168109995;-0,08099999682100914;-0,038999999470245295;8,653037406408659e-06;5,965697864700192e-06;0,005216398130324096;0,005216398130324096;0,005216398130324096;0,9951263200944949;-0,34544790486230254;0,9950113853722343;-0,34648107374191617;5,216398130324096e-07
356;0,08100591753052004;0,03900408200811343;-0,08099999683820154;-0,038999999473811574;5,9206923185006755e-06;4,082534301855234e-06;0,005209173531279207;0,0052091735312792065;0,005209173531279207;0,9964701202074846;-0,3315687229678104;0,9963913661397992;-0,3322760258911662;5,209173531279207e-07
357;0,08100505830633425;0,03900348725221321;-0,08100000000001942;-0,03900000000016094;5,058306314836836e-06;3,48725205227135e-06;0,005209023429365797;0,0052090234293658;0,0052090234293658;0,9964873939265089;-0,03150928422880649;0,9964201120096257;-0,03211320611628555;5,2090234293658e-07
358;0,07900082304565274;0,03800069499738128;-0,07900000000045018;-0,03799999999932863;8,230452025609347e-07;6,949980526499422e-07;0,005181145262218246;0,005181145262218244;0,005181145262218246;0,9768788496186364;-0,484190886587104;0,9768672275637753;-0,484367052264083;5,181145262218246e-07
359;-0,13810029972155063;-0,06700020668883461;0,13811774722526732;0,0670122369560097;1,7447503716683244e-05;1,2030267175097697e-05;0,008964513716861666;0,008964513716861664;0,008964513716861666;0,9885688463034024;-0,10194494723061137;0,9887037650841601;-0,10074768212315362;8,964513716861667e-07
360;0,05500260841287994;0,02700179841325942;-0,0550000000001205;-0,02700000000008465;2,608412759438905e-06;1,7984131747694754e-06;0,003635361365030448;0,0036353613650304474;0,003635361365030448;0,9731082024398315;-0,5186094523568986;0,9730584297583805;-0,5190441939759898;3,635361365030448e-07
361;0,0;0,0;0,0;0,0;0,0;0,0;;;;;;;;
362;0,24325633051153092;0,11810778989720505;-0,24318930185675378;-0,11806157588625066;6,702865477714592e-05;4,6214010954392926e-05;0,015959537916189093;0,015959537916189096;0,015959537916189096;0,9782420664661076;-0,49270702740170186;0,9779509165917996;-0,49531330659242434;1,5959537916189099e-06
363;0,2430893018591414;0,11806157588802113;-0,2429999897881311;-0,11799999820841896;8,93120710103168e-05;6,157767960217331e-05;0,015954227216647014;0,015954227216647014;0,015954227216647014;0,9779509165917996;-0,49531330659242434;0,9775628395013176;-0,49878592708924546;1,5954227216647014e-06
364;0,0;0,0;0,0;0,0;0,0;0,0;;;;;;;;
365;0,0710069331769698;0,03400478019320743;-0,07099999999996522;-0,03400000000003328;6,933177004578295e-06;4,780193174146186e-06;0,00459093557789455;0,00459093557789455;0,00459093557789455;0,990090304794256;-0,08831582025127303;0,9899857016298407;-0,0892741838805147;4,59093557789455e-07
366;0,1801821615001586;0,08705665080269717;-0,18014855667836518;-0,08703348140436086;3,360482179340374e-05;2,316939833631182e-05;0,011802802497854148;0,011802802497854148;0,011802802497854148;0,9788711240495119;-0,4880198874345896;0,978673806739596;-0,48980759212519537;1,1802802497854147e-06
367;0,18004855668231584;0,08703348140331166;-0,1800050612931927;-0,08700349350999473;4,349538912315487e-05;2,9987893316929526e-05;0,011797490894624178;0,011797490894624176;0,011797490894624178;0,978673806739596;-0,48980759212519537;0,9784182943858646;-0,4921201265389477;1,1797490894624177e-06
368;0,0681071116125771;0,0330049034950829;-0,06810206956746212;-0,03300142687943007;5,042045114977967e-06;3,4766156528295844e-06;0,004386430792801089;0,004386430792801089;0,004386430792801089;0,9961526442079863;-0,03401415719551356;0,9960729673221824;-0,03471811974132326;4,386430792801089e-07
369;0,06800412715013168;0,033002845440733335;-0,06800000000019382;-0,033000000000137295;4,1271499378603416e-06;2,8454405960401385e-06;0,004371175544196457;0,004371175544196456;0,004371175544196457;0,9983934159521396;-0,014172970921329466;0,998327965266203;-0,014747535932933145;4,3711755441964565e-07
370;0,0;0,0;0,0;0,0;0,0;0,0;;;;;;;;
371;0,03500167895107842;0,01700115775076585;-0,034999999561979175;-0,01699999992288498;1,6793890992433669e-06;1,1578278808731246e-06;0,0022980639234764367;0,0022980639234764367;0,0022980639234764367;0,9776034079114234;-0,4787839162993701;0,9775527470856892;-0,4792370502463022;2,2980639234764366e-07
372;0,0;0,0;0,0;0,0;0,0;0,0;;;;;;;;
373;0,08501043615623884;0,0410071950340347;-0,08500420807804455;-0,041002901441576554;6,2280781942813945e-06;4,293592458147477e-06;0,005511212305760934;0,0055112123057609345;0,0055112123057609345;0,988760743912813;-0,10027299034473489;0,9886824366479997;-0,10097798538175647;5,511212305760934e-07
374;-0,24113106714508964;-0,11602142374077921;0,241229653818724;0,11608939594804558;9,858667363435436e-05;6,797220726637021e-05;0,015803509373969474;0,01580350937396947;0,015803509373969474;0,9775928150689673;-0,49864674121907765;0,9780250371267262;-0,49468605097821605;1,5803509373969473e-06
375;0,062004761760305116;0,03000401999787732;-0,061999999999861374;-0,02999999999993548;4,761760443741658e-06;4,019997941837744e-06;0,003997851453537639;0,003997851453537639;0,003997851453537639;0,9947710218607819;-0,046048395024794644;0,9946838339063694;-0,047333174795107555;3,997851453537639e-07
376;0,36330420219899573;0,17514079720740344;-0,36322964869626045;-0,17508939506598267;7,455350273527506e-05;5,140214142076993e-05;0,023803404965920018;0,02380340496592002;0,02380340496592002;0,9782420664661076;-0,49270702740170186;0,9780250371267262;-0,49468605097821605;2,380340496592002e-06
377;0,06000073231891789;0,02900050483233401;-0,05999999999906354;-0,028999999999072715;7,323198543546239e-07;5,048332612951623e-07;0,003852182250622009;0,003852182250622008;0,003852182250622009;0,9988002949520508;-0,03015888759142782;0,9987871203707971;-0,03027568016108924;3,852182250622009e-07
378;0,0;0,0;0,0;0,0;0,0;0,0;;;;;;;;
379;0,06800264965072507;0,033001827042962534;-0,06800000000014798;-0,03300000000014405;2,6496505770856604e-06;1,827042818480784e-06;0,004414573221786934;0,004414573221786934;0,004414573221786934;0,9885554614978361;-0,1020297842831533;0,9885138534615623;-0,10239884104830833;4,4145732217869336e-07
380;0,05600220085146731;0,02700151747992724;-0,0560000000001593;-0,0269999999997491;2,2008513080110093e-06;1,5174801781397962e-06;0,0035986098685883367;0,0035986098685883362;0,0035986098685883367;0,9974653256645569;-0,022385780794324402;0,9974229462287254;-0,022764612170021153;3,598609868588337e-07
381;0,056000550774325614;0,027000379937931446;-0,056000000000111516;-0,02700000000035077;5,507742140975491e-07;3,7993758067456085e-07;0,003589374227828146;0,0035893742278281463;0,0035893742278281463;0,9999999999484361;2,306135533590629e-20;0,9999893657339757;-9,495730519310173e-05;3,5893742278281464e-07
382;0,053103689587151955;0,02600254391176253;-0,053101334242761415;-0,026000919924869248;2,3553443905394156e-06;1,6239868932815815e-06;0,0034259891501877307;0,0034259891501877307;0,0034259891501877307;0,9964314645562169;-0,03154317902950614;0,9963837809898787;-0,03195282069652605;3,4259891501877305e-07
383;0,05800506640940045;0,028003494386476202;-0,05799999756458702;-0,027999999587863388;5,06884481343145e-06;3,494798612814487e-06;0,0038008015140946648;0,003800801514094665;0,003800801514094665;0,9784182943858646;-0,4921201265389477;0,9783258751809538;-0,4929594644380096;3,8008015140946654e-07
384;0,05200025509218974;0,025000175876584357;-0,05200000000007895;-0,02499999999912357;2,5509211078883487e-07;1,7587746078615019e-07;0,003410587514669619;0,003410587514669619;0,003410587514669619;0,9767184160836733;-0,48571034440198185;0,9767132342143666;-0,48575799009386944;3,4105875146696194e-07
385;-0,0711050245687322;-0,03400346404581583;0,07110790214630655;0,03400544803910922;2,8775775743478116e-06;1,9839932933959914e-06;0,0046764745920108985;0,004676474592010899;0,004676474592010899;0,9730655852361693;-0,5190080996359465;0,9731082024398315;-0,5186094523568986;4,6764745920108994e-07
386;0,0;0,0;0,0;0,0;0,0;0,0;;;;;;;;
387;-0,07099999999988314;-0,03400000000006299;0,07100502456806793;0,034003464045768296;5,024568184783251e-06;3,4640457053092266e-06;0,0046711225523301345;0,004671122552330134;0,0046711225523301345;0,9729910804734939;-0,5197025109450948;0,9730655852361693;-0,5190080996359465;4,671122552330134e-07
388;-0,00010000000007722504;-8,691373390758915e-14;0,00010000001301737923;9,008723337774107e-12;1,2940154183642763e-11;8,921809603866518e-12;5,840264403479967e-06;5,840264403479969e-06;5,840264403479969e-06;0,9885687183810823;-0,1019500590502987;0,9885688463034024;-0,10194494723061137;5,840264403479969e-10
389;0,0;0,0;0,0;0,0;0,0;0,0;;;;;;;;
390;0,050001822515068114;0,024001256405052112;-0,05000000000009484;-0,024000000000082428;1,8225149732778445e-06;1,2564049696843493e-06;0,003212933165478309;0,0032129331654783093;0,0032129331654783093;0,9966621592669821;-0,02947699516733692;0,9966228647449593;-0,029832376838319404;3,2129331654783095e-07
391;0,0;0,0;0,0;0,0;0,0;0,0;;;;;;;;
392;0,12102164055704061;0,05801492344645551;-0,12099999491156667;-0,05799999917530358;2,164564547393888e-05;1,4924271151926793e-05;0,007916448499709934;0,007916448499709934;0,007916448499709934;0,9787901160451509;-0,4888969759876879;0,9786007148542186;-0,4906480942830771;7,916448499709935e-07
393;0,07700514493311497;0,037003548822963764;-0,07699999677062362;-0,03699999946869955;5,1481624913501944e-06;3,549354264213711e-06;0,005037649091295655;0,005037649091295655;0,005037649091295655;0,979139965310281;-0,4845676378999002;0,9790691665744481;-0,48521778778479063;5,037649091295656e-07
394;0,045000744034939456;0,022000512987078898;-0,0450000000002999;-0,02200000000013179;7,440346395590214e-07;5,129869471084958e-07;0,0029123748102854773;0,0029123748102854777;0,0029123748102854777;0,9930021438327138;-0,06167765061424655;0,9929844263307415;-0,06183100715781873;2,912374810285478e-07
395;0,04500013648030598;0,022000095025329076;-0,04499999825860158;-0,021999999682620567;1,3822170440158654e-07;9,534270850944382e-08;0,0028995941531226137;0,002899594153122614;0,002899594153122614;0,9973645159087616;-0,32310696349658047;0,9973612095840476;-0,3231354981239912;2,8995941531226143e-07
396;0,0520042080777407;0,02500290144140371;-0,05199999999985069;-0,024999999999970397;4,208077890005546e-06;2,9014414333131122e-06;0,0033695930912803415;0,003369593091280342;0,003369593091280342;0,9886824366479997;-0,10097798538175647;0,9885959140448229;-0,10176399966373931;3,369593091280342e-07
397;0,043000299708560945;0,021000206679146493;-0,04300000000029482;-0,02099999999995125;2,9970826612157886e-07;2,066791952443081e-07;0,0027948175452463106;0,00279481754524631;0,0027948175452463106;0,9885688463034024;-0,10194494723061137;0,9885614093343307;-0,10200983188109083;2,7948175452463105e-07
398;0,04100080295873541;0,020000553646778236;-0,041000000000126074;-0,019999999999885852;8,029586093388774e-07;5,53646892383769e-07;0,0026662659216411012;0,0026662659216411012;0,0026662659216411012;0,9878275452924498;-0,22925840259397404;0,9878066621522991;-0,22944122624091362;2,666265921641101e-07
399;-0,04099999999994002;-0,020000000000045388;0,04100099538526031;0,02000068621265256;9,953853202862573e-07;6,862126071711938e-07;0,002642389119749737;0,002642389119749737;0,002642389119749737;0,9967325481231729;-0,02885617320580771;0,9967586686785942;-0,0286296664175266;2,642389119749737e-07
400;0,0;0,0;0,0;0,0;0,0;0,0;;;;;;;;
401;0,04000137277667741;0,019000946415095088;-0,04000000000022155;-0,018999999999879738;1,3727764558574274e-06;9,464152153498828e-07;0,0025668657705699037;0,0025668657705699037;0,0025668657705699037;0,9960729673221824;-0,03471811974132326;0,996035943339135;-0,035062111164140784;2,5668657705699036e-07
402;0,00010000000851343279;5,899295351490976e-12;-9,999999998713337e-05;-2,0006192383838574e-14;8,526299417476076e-12;5,879289159107137e-12;5,840082363247254e-06;5,840082363247256e-06;5,840082363247256e-06;0,9885996162919362;-0,10169484107175615;0,988599532000978;-0,10169820965602194;5,840082363247256e-10
403;0,0;0,0;0,0;0,0;0,0;0,0;;;;;;;;
404;0,0;0,0;0,0;0,0;0,0;0,0;;;;;;;;
405;0,037100681349949594;0,018000469688292803;-0,037100242421394404;-0,018000167120894854;4,3892855518951057e-07;3,0256739794870535e-07;0,002391118763432559;0,0023911187634325587;0,002391118763432559;0,9956889003566699;-0,09354503113565796;0,9956761761560574;-0,09365704928726118;2,391118763432559e-07
406;0,0340010055287497;0,017000693302498874;-0,03399999999995548;-0,017000000000002225;1,0055287942151159e-06;6,933024966487844e-07;0,002202725928524646;0,0022027259285246465;0,0022027259285246465;0,9963837809898787;-0,03195282069652605;0,9963520810410581;-0,0322096837933495;2,2027259285246466e-07
407;0,03400008090116073;0,017000055805897727;-0,03399999999701555;-0,016999999999753792;8,090414518185929e-08;5,580614393513317e-08;0,002218372537202647;0,0022183725372026467;0,002218372537202647;0,9893271507222;-0,21593189779800606;0,9893246178831111;-0,2159525971211642;2,218372537202647e-07
408;0,03310096047635867;0,016000662168642512;-0,03310000000864294;-0,016000000006018606;9,604677157354358e-07;6,621626239058931e-07;0,002147062236046838;0,002147062236046838;0,002147062236046838;0,9886306184903791;-0,10141718606621072;0,9885996162919362;-0,10169484107175615;2,147062236046838e-07
409;0,031000196798995513;0,01500013566437017;-0,03100000000115972;-0,014999999999479121;1,9679783579140686e-07;1,3566489104853419e-07;0,001996947192843193;0,0019969471928431935;0,0019969471928431935;0,9956761761560574;-0,09365704928726118;0,9956693460767939;-0,0937176125439314;1,9969471928431934e-07
410;0,0;0,0;0,0;0,0;0,0;0,0;;;;;;;;
411;0,029103700703608466;0,014002551467870631;-0,029101465530158688;-0,014001010408708879;2,2351734497785825e-06;1,5410591617526226e-06;0,0018666840862948766;0,0018666840862948766;0,0018666840862948766;0,9989203551392206;-0,00951102974229512;0,9988373935601865;-0,010255504659179656;1,8666840862948766e-07
412;0,02900005973906261;0,014000051458292901;-0,028999998713789887;-0,013999999942095212;6,102527272400238e-08;5,151619768967164e-08;0,0018663273203382764;0,0018663273203382764;0,0018663273203382764;0,9961895106548758;-0,33628926389467123;0,9961871177308272;-0,33632460353160837;1,8663273203382765e-07
413;-0,12599999508793633;-0,06099999915532162;0,126008512168932;0,061005872050958344;8,517080995668058e-06;5,8728956367215535e-06;0,008113253246487323;0,008113253246487324;0,008113253246487324;0,9961829901463239;-0,3332793935901324;0,9962557531438136;-0,33263493140316863;8,113253246487325e-07
414;-0,12610851215989496;-0,06100587205601366;0,12610959571289895;0,061006619470312044;1,0835530039887686e-06;7,474142983826537e-07;0,008118469690896444;0,008118469690896442;0,008118469690896444;0,9962557531438136;-0,33263493140316863;0,9962650045528241;-0,3325527412492059;8,118469690896444e-07
415;0,028000696790932242;0,014000480463685305;-0,02800000000002135;-0,013999999999978108;6,967909108902826e-07;4,80463707196524e-07;0,0018145664777452016;0,0018145664777452014;0,0018145664777452016;0,9960729673221824;-0,03471811974132326;0,9960463010848459;-0,034934312622908685;1,8145664777452015e-07
416;0,026000232743111803;0,013000160969224525;-0,025999998994852454;-0,012999999792934789;2,337482593491036e-07;1,611762897365393e-07;0,0016860057352423173;0,0016860057352423175;0,0016860057352423175;0,9954349046903063;-0,34092422111201653;0,9954252770458943;-0,34100232271717235;1,6860057352423176e-07
417;0,14701225595992104;0,07100845218074575;-0,1470051420102123;-0,07100354830919978;7,11394970873136e-06;4,903871545974825e-06;0,009626305161261584;0,009626305161261584;0,009626305161261584;0,9791911772666487;-0,48410378705426244;0,979139965310281;-0,4845676378999002;9,626305161261584e-07
418;0,024001450976111043;0,012001000374433747;-0,023999999999961247;-0,01199999999989084;1,4509761497964735e-06;1,0003745429081057e-06;0,0015510974120289962;0,0015510974120289964;0,0015510974120289964;0,9988373935601865;-0,010255504659179656;0,9987724345769113;-0,010780464998470334;1,5510974120289965e-07
419;0,024000820254332082;0,012000565525999273;-0,023999999999937793;-0,01200000000003041;8,202543942889551e-07;5,655259688631953e-07;0,0015509247460053146;0,0015509247460053143;0,0015509247460053146;0,9989203551392206;-0,00951102974229512;0,9988836289257527;-0,00980780862257871;1,5509247460053145e-07
420;0,02400035580746574;0,012000245267281395;-0,024000000000141724;-0,011999999999890787;3,5580732401716e-07;2,452673906073316e-07;0,001567827058633316;0,001567827058633316;0,001567827058633316;0,9881306975463436;-0,10483731798747876;0,9881149390532311;-0,1049659711804171;1,567827058633316e-07
421;-0,17300168874329722;-0,08400116772253138;0,1730420701258638;0,08402900997795709;4,0381382566595514e-05;2,7842255425708506e-05;0,011173270190731947;0,011173270190731947;0,011173270190731947;0,9937484529700414;-0,3577473821060526;0,9939989968784001;-0,35554093339070114;1,1173270190731946e-06
422;0,023000130732406848;0,011000090624137617;-0,022999999099335814;-0,010999999856258788;1,3163307103353228e-07;9,076787882943138e-08;0,0014774876205444363;0,0014774876205444363;0,0014774876205444363;0,9962650045528241;-0,3325527412492059;0,9962588338669834;-0,3326091285336743;1,4774876205444364e-07
423;0,023000060732989644;0,011000041861149487;-0,023000000000179585;-0,010999999999365748;6,07328100588056e-08;4,186178373909166e-08;0,001488257098977406;0,0014882570989774061;0,0014882570989774061;0,9890524637355449;-0,09672059551162203;0,9890496375881056;-0,09674657776134772;1,4882570989774062e-07
424;0,022000616611392715;0,010000425122599325;-0,022000000000022484;-0,009999999999928596;6,166113702306408e-07;4,2512267072955523e-07;0,0014046683757191667;0,0014046683757191665;0,0014046683757191667;0,9933109899270491;-0,059469242229411766;0,9932806868968141;-0,059781866038868;1,4046683757191667e-07
425;0,0213005375592905;0,010000370651697992;-0,02130012806530206;-0,010000088319317452;4,094939884402571e-07;2,82332380540512e-07;0,001366483680495485;0,001366483680495485;0,001366483680495485;0,9942146339547366;-0,12226784536978773;0,9941939031455875;-0,12246638962198753;1,366483680495485e-07
426;0,02100045627055936;0,010000315002006894;-0,020999999180739755;-0,009999999872639173;4,570898196054607e-07;3,1512936772039313e-07;0,0013462311126510498;0,0013462311126510495;0,0013462311126510498;0,9975360561851127;-0,32163115812939985;0,997512547000763;-0,32184792577394955;1,3462311126510499e-07
427;0,021000128018184308;0,01000008828581786;-0,020999999994291214;-0,009999999999139982;1,2802389309438111e-07;8,828667787813549e-08;0,001350733827942291;0,001350733827942291;0,001350733827942291;0,9941939031455875;-0,12246638962198753;0,9941873400962595;-0,12252715677556354;1,350733827942291e-07
428;0,021000070078133128;0,010000059171842848;-0,0209999999988268;-0,009999999999821556;7,007930632671466e-08;5,9172021291478694e-08;0,001348288114049287;0,0013482881140492872;0,0013482881140492872;0,9959945353101046;-0,03572430579453253;0,9959907365794954;-0,03578168813381703;1,348288114049287e-07
429;0,021000072020105783;0,010000049806725255;-0,020999999735314533;-0,00999999995904278;7,228479124987697e-08;4,9847682474790656e-08;0,001372548078042677;0,0013725480780426773;0,0013725480780426773;0,978390108051267;-0,46753880209783655;0,9783864613326387;-0,46757311095982573;1,3725480780426772e-07
430;0,021000081625432956;0,010000056302564739;-0,020999999953866588;-0,009999999992757013;8,167156636748607e-08;5,6309807726362404e-08;0,0013645866833358728;0,0013645866833358728;0,0013645866833358728;0,9840988049465288;-0,3325427785809317;0,9840946608327801;-0,33258151823343723;1,3645866833358728e-07
431;0,0210000514132432;0,010000035580024286;-0,020999999735463418;-0,009999999959672795;5,167777978112853e-08;3,5620351491322255e-08;0,0013728345428309818;0,0013728345428309818;0,0013728345428309818;0,9781849109847831;-0,46941058000440283;0,9781823047220768;-0,46943507092810044;1,372834542830982e-07
432;0,0;0,0;0,0;0,0;0,0;0,0;;;;;;;;
433;-0,4030000000000697;-0,1950000000000605;0,4031329697925964;0,19509167495363433;0,00013296979252669372;9,167495357381705e-05;0,026175639009054962;0,02617563900905496;0,026175639009054962;0,9874787914012432;-0,11074840398655462;0,9878308720486763;-0,10760053769047048;2,617563900905496e-06
434;0,019000328713891908;0,009000226622444731;-0,018999999999953332;-0,008999999999940687;3,2871393857575315e-07;2,266225040438441e-07;0,0012182375968816427;0,0012182375968816427;0,0012182375968816427;0,9963837809898787;-0,03195282069652605;0,9963651043978036;-0,03212747908625838;1,2182375968816426e-07
435;0,0190002929440182;0,009000201975036268;-0,019000000000116753;-0,009000000000034447;2,9294390144554705e-07;2,0197500182062011e-07;0,001218292750855965;0,0012182927508559652;0,0012182927508559652;0,9963366411887492;-0,032387996141670136;0,996319997436032;-0,03254368120058104;1,2182927508559653e-07
436;0,018100406343559722;0,009000280468377772;-0,018100163654204554;-0,009000113163243713;2,426893551676912e-07;1,6730513405921466e-07;0,0011724423652391509;0,001172442365239151;0,001172442365239151;0,9954349046903063;-0,34092422111201653;0,995420535593203;-0,34104256639491526;1,1724423652391511e-07
437;0,018000163660799342;0,009000113160582811;-0,017999999305237095;-0,008999999857021867;1,6435556224672632e-07;1,1330356094498006e-07;0,0011672517649758511;0,0011672517649758511;0,0011672517649758511;0,995420535593203;-0,34104256639491526;0,9954107581213909;-0,3411218267614174;1,1672517649758511e-07
438;0,018000015024894053;0,009000010345447788;-0,01799999999723929;-0,008999999998537948;1,5027654762939102e-08;1,034690983933717e-08;0,0011698883995610759;0,0011698883995610756;0,0011698883995610759;0,9931682776738926;-0,07966937792409517;0,9931673859812936;-0,079676592302852;1,1698883995610759e-07
439;0,017000201527250753;0,008000138952395864;-0,01699999999989782;-0,007999999999908561;2,0152735293391122e-07;1,3895248730279308e-07;0,0010889461800661058;0,001088946180066106;0,001088946180066106;0,9961526442079863;-0,03401415719551356;0,9961398394774316;-0,03413588456575311;1,088946180066106e-07
440;-0,14920972644570663;-0,07200671009556073;0,14924864214427297;0,07203354068875935;3,891569856634414e-05;2,683059319862069e-05;0,009601163707014958;0,00960116370701496;0,00960116370701496;0,9962650045528241;-0,3325527412492059;0,9965458834214456;-0,3300460859027662;9,60116370701496e-07
441;0,015000162917480825;0,007000112316961566;-0,015000000000025257;-0,006999999999945249;1,6291745556784587e-07;1,1231701631687213e-07;0,0009576915409999658;0,000957691540999966;0,000957691540999966;0,9979163130594408;-0,018400679507316667;0,9979045495075352;-0,018514502934689862;9,576915409999659e-08
442;0,01400028376959293;0,007000195641016205;-0,014000000000030427;-0,007000000000046981;2,837695625024922e-07;1,9564096922445456e-07;0,000913667460550956;0,0009136674605509559;0,000913667460550956;0,989108027117938;-0,09620385804659265;0,9890864599390518;-0,09637985436288425;9,136674605509561e-08
443;0,01400018034643405;0,007000124342885772;-0,013999999999955324;-0,0070000000000331325;1,8034647872658405e-07;1,24342852639292e-07;0,000906848037991628;0,0009068480379916281;0,0009068480379916281;0,9965381186549399;-0,030551669893444676;0,9965243086537452;-0,03066354117900996;9,068480379916281e-08
444;0,014000176880968152;0,007000121945337513;-0,013999999999765344;-0,007000000000019161;1,7688120280794084e-07;1,2194531835187095e-07;0,0009071987130488706;0,0009071987130488705;0,0009071987130488706;0,9961526442079863;-0,03401415719551356;0,9961391050328345;-0,034123851640289256;9,071987130488705e-08
445;0,01420039168305912;0,006000270419845634;-0,014200378572173235;-0,006000261376205372;1,3110885883904633e-08;9,043640262010322e-09;0,0008930280741549497;0,0008930280741549495;0,0008930280741549497;0,9966603061419104;-0,3293863732027532;0,9966592977826347;-0,3293983684313402;8,930280741549497e-08
446;0,014100378578414091;0,006000261372912133;-0,014100076151046255;-0,006000052867527602;3,0242736783619995e-07;2,0850538453090484e-07;0,0008876948851453475;0,0008876948851453475;0,0008876948851453475;0,9966592977826347;-0,3293983684313402;0,9966358887465769;-0,32967295721390977;8,876948851453476e-08
447;0,0;0,0;0,0;0,0;0,0;0,0;;;;;;;;
448;0,013000057918001105;0,006000039936727866;-0,012999999999808337;-0,006000000000432961;5,79181927678335e-08;3,993629490474382e-08;0,0008392519439809762;0,0008392519439809762;0,0008392519439809762;0,9849769104541257;-0,25476852496006747;0,9849721414864135;-0,25481650300532793;8,392519439809762e-08
449;0,0;0,0;0,0;0,0;0,0;0,0;;;;;;;;
450;0,012000150862581384;0,006000104026855503;-0,01200000000012531;-0,006000000000013718;1,5086245607441595e-07;1,0402684178477395e-07;0,0007768358663510001;0,000776835866351;0,0007768358663510001;0,9971310276306949;-0,02533632930922435;0,9971175415558379;-0,02544555503062891;7,76835866351e-08
451;0,0;0,0;0,0;0,0;0,0;0,0;;;;;;;;
452;0,0;0,0;0,0;0,0;0,0;0,0;;;;;;;;
453;-0,010099999982331175;-0,005000000003967674;0,010100099838099884;0,005000084306165036;9,985576870930046e-08;8,430219736177413e-08;0,0006620062096959232;0,0006620062096959232;0,0006620062096959232;0,9828704244674749;-0,3434741206892266;0,9828814909859416;-0,3433152527311655;6,620062096959231e-08
454;0,010000041561686882;0,005000028651201825;-0,009999999999501756;-0,004999999999823144;4,1562185125812445e-08;2,865137868103551e-08;0,0006489191787481422;0,0006489191787481422;0,0006489191787481422;0,9947311337298193;-0,046328995364451474;0,9947266862768082;-0,04636506993741521;6,489191787481422e-08
455;0,010000075039292053;0,005000051738926003;-0,010000000000223597;-0,005000000000004685;7,503906845549024e-08;5,1738921318274234e-08;0,000647937088724876;0,0006479370887248762;0,0006479370887248762;0,9962424539461959;-0,03321803759746362;0,9962344116616206;-0,03328321394072076;6,479370887248761e-08
456;0,0;0,0;0,0;0,0;0,0;0,0;;;;;;;;
457;0,009000115918465697;0,0040000800945373;-0,008999999708921022;-0,003999999973637317;1,1620954467467248e-07;8,012089998312572e-08;0,0005710449973707043;0,0005710449973707043;0,0005710449973707043;0,9957745304706478;-0,33151688603901697;0,9957605039019722;-0,33166824513008797;5,710449973707043e-08
458;0,00900007102659269;0,004000049186617125;-0,008999999638865875;-0,003999999967172098;7,138772681498928e-08;4,9219445026615904e-08;0,0005705483590995267;0,0005705483590995268;0,0005705483590995268;0,9966358887465769;-0,32967295721390977;0,9966272646587836;-0,32976594337992;5,7054835909952686e-08
459;0,0;0,0;0,0;0,0;0,0;0,0;;;;;;;;
460;0,038002917718203806;0,018002011604968567;-0,03799999999982703;-0,01799999999993385;2,9177183767728487e-06;2,0116050347164516e-06;0,0024875752743197537;0,0024875752743197532;0,0024875752743197537;0,9759788348146976;-0,49275090554429996;0,9758976485475832;-0,4935260860254813;2,4875752743197536e-07
461;0,006000045623955149;0,003000031456899733;-0,006000000000028478;-0,0029999999999489996;4,562392667047804e-08;3,1456950733491085e-08;0,0003889833985390717;0,0003889833985390717;0,0003889833985390717;0,9956761761560574;-0,09365704928726118;0,9956680312720159;-0,09372309158593282;3,8898339853907176e-08
462;0,005000038831778205;0,0020000268596446864;-0,004999999873602163;-0,001999999999288017;3,8958176042797055e-08;2,6860356669346913e-08;0,00031415482875258194;0,00031415482875258194;0,00031415482875258194;0,9896880906499239;-0,3785127255379962;0,9896796097217508;-0,3786241262104555;3,14154828752582e-08
463;0,005000014553902692;0,002000010034231531;-0,004999999999687747;-0,0020000000000493885;1,455421494434006e-08;1,0034182142300285e-08;0,000311275521356311;0,000311275521356311;0,000311275521356311;0,9988373935601865;-0,010255504659179656;0,9988341959321156;-0,01029711801759427;3,11275521356311e-08
464;0,0050000229465801;0,002000015821331885;-0,005000000000119327;-0,0020000000000129155;2,2946460772298172e-08;1,582131896934319e-08;0,0003119903888979294;0,0003119903888979294;0,0003119903888979294;0,9965505844978303;-0,030491658734616917;0,9965455545213995;-0,030557279206934317;3,1199038889792936e-08
465;0,005000005128416633;0,002000003677764885;-0,0049999997913560395;-0,0019999999990469694;5,337060593815779e-09;3,6787179157928007e-09;0,0003119624653147281;0,00031196246531472815;0,00031196246531472815;0,9966358887465769;-0,32967295721390977;0,9966347188094123;-0,32968820867694065;3,119624653147282e-08
466;0,00020000004777160314;3,3483057365094075e-11;-0,00020000000339780088;-2,8888079073480805e-12;4,437380226717663e-11;3,0594249457745994e-11;1,1614442721236998e-05;1,1614442721237e-05;1,1614442721237e-05;0,9941939031455875;-0,12246638962198753;0,994193682564808;-0,1224751542265669;1,1614442721236999e-09
467;-9,99999945030533e-05;-3,334353170722222e-12;0,00010000000203225624;8,52548625248609e-12;7,529202941994849e-12;5,191133081763868e-12;5,859427505660752e-06;5,859427505660754e-06;5,859427505660754e-06;0,9853355756944095;-0,42895256863811454;0,9853356498823317;-0,42894959433815394;5,859427505660754e-10
468;0,00010000000982955358;6,784664017052437e-12;-0,00010000000015107463;-1,1167717068284398e-13;9,678478951982185e-12;6,672986846369593e-12;5,826564556558739e-06;5,8265645565587385e-06;5,826564556558739e-06;0,990893210460837;-0,09134540830288342;0,9908931145574535;-0,09134923164233184;5,826564556558739e-10
469;-9,999999974593102e-05;3,302373903530854e-13;0,00010000000281206471;1,7837590325330372e-12;3,066133691343939e-12;2,1139964228861226e-12;5,912160736034713e-06;5,912160736034712e-06;5,912160736034713e-06;0,9765469741101572;-0,48735332127493675;0,9765470040523935;-0,48735211004423556;5,912160736034712e-10
470;-9,999999928843832e-05;-1,309661514636775e-13;0,00010000000723017007;5,60616735695202e-12;7,941731744887798e-12;5,475201205488342e-12;5,872587493530685e-06;5,872587493530684e-06;5,872587493530685e-06;0,9831275663707673;-0,36322842108675546;0,9831276444481235;-0,3632252840277776;5,872587493530686e-10
471;-9,999999959243682e-05;-1,868760908523044e-13;0,00010000000624437556;5,802619593926913e-12;6,651938738331739e-12;5,6157435030746086e-12;5,8741243084444e-06;5,8741243084444e-06;5,8741243084444e-06;0,9828703590875387;-0,3434773382730341;0,9828704244674749;-0,3434741206892266;5,874124308444401e-10
472;0,0001000000035996571;2,4999689696539157e-12;-9,99999999018401e-05;4,955191114959879e-14;3,6978170091933604e-12;2,5495208808035145e-12;5,807221470999646e-06;5,807221470999646e-06;5,807221470999646e-06;0,994193682564808;-0,1224751542265669;0,9941936458013461;-0,12247661499437788;5,807221470999645e-10
