;p_from_mw;q_from_mvar;p_to_mw;q_to_mvar;pl_mw;ql_mvar;i_from_ka;i_to_ka;i_ka;vm_from_pu;va_from_degree;vm_to_pu;va_to_degree;loading_percent
0;-3,860484594522743;-1,8890526746490468;3,864958718975231;1,8943308446553146;0,00447412445248796;0,005278170006267846;0,24850483059285572;0,24850483059285572;0,24850483059285572;0,9985271250572717;-0,03693258977600503;1,0;0,0;2,485048305928557e-05
1;-3,796995646646282;-1,856601109902793;3,800383861803781;1,8600521695385699;0,003388215157498653;0,003451059635776854;0,2446464470929819;0,24464644709298186;0,2446464470929819;0,9974509778438171;-0,05876072022479798;0,9985271250572717;-0,03693258977600503;2,4464644709298187e-05
2;-5,583591046488931;-2,7403313346612843;5,605552505744072;2,75547299807738;0,021961459255140703;0,015141663416095685;0,3606237667236552;0,3606237667236552;0,3606237667236552;0,995775431225792;-0,03593066924079269;1,0;0,0;3,606237667236552e-05
3;-5,503232708745206;-2,6966035538053874;5,5245910465067345;2,711331334636656;0,02135833776152829;0,014727780831268689;0,3568120530627215;0,3568120530627216;0,3568120530627216;0,9916232402964306;-0,0715641111708819;0,995775431225792;-0,03593066924079269;3,5681205306272165e-05
4;2,245891475766655;1,102659234357418;-2,2370312332524223;-1,0936374867867578;0,008860242514232564;0,00902174757066021;0,1444516748262778;0,14445167482627783;0,14445167482627783;1,0;0,0;0,9952334240584675;-0,09649200059534621;1,4445167482627782e-05
5;-5,203036333101322;-2,548505686626166;5,216209389924482;2,5575874761921065;0,0131730568231605;0,009081789565940301;0,3382440533570552;0,33824405335705515;0,3382440533570552;0,9889219746454284;-0,09485353618968394;0,9916232402964306;-0,0715641111708819;3,3824405335705525e-05
6;-2,201142428859962;-1,0688847559089731;2,2156306967869726;1,0836371168927281;0,014488267927010412;0,014752360983754986;0,1430815501042392;0,1430815501042392;0,1430815501042392;0,9873702664255544;-0,25774753804912337;0,9952334240584675;-0,09649200059534621;1,430815501042392e-05
7;-3,7882127044246174;-1,8477601654233626;3,7968956466462744;1,8566011099021553;0,008682942221656997;0,00884094447879269;0,24464124718440033;0,2446412471844004;0,2446412471844004;0,9946940571407064;-0,11487731437932741;0,9974509778438171;-0,05876072022479798;2,4464124718440038e-05
8;-3,125359662517754;-1,5489127381549874;3,1270068482058377;1,5508559786671867;0,001647185688083752;0,0019432405121992957;0,20152192680776254;0,2015219268077626;0,2015219268077626;0,999329908957706;-0,016574277245143834;1,0;0,0;2,0152192680776258e-05
9;-3,7385533649474016;-1,8170739408540846;3,7510120217099354;1,829759694793723;0,01245865676253377;0,012685753939638333;0,24224252540009358;0,24224252540009356;0,24224252540009358;0,9907007588414646;-0,1967447913909796;0,9946940571407064;-0,11487731437932741;2,4224252540009362e-05
10;-3,089335316182283;-1,5123341808197408;3,1252596625167524;1,548912738154672;0,03592434633446917;0,036578557334931094;0,20151675029481347;0,20151675029481345;0,20151675029481347;0,9854660193989485;-0,29677843378957464;0,999329908957706;-0,016574277245143834;2,0151675029481348e-05
11;3,089235316239186;1,512334180772668;-3,0583135832416666;-1,4808484182129276;0,030921732997519324;0,03148576255974045;0,2015114883313255;0,20151148833132557;0,20151148833132557;0,9854660193989485;-0,29677843378957464;0,9735516279443623;-0,5443604486057609;2,0151148833132556e-05
12;-3,6035186829665795;-1,746873228508659;3,6125533649477037;1,7560739408537003;0,009034681981124226;0,009200712345041273;0,23408438573068308;0,2340843857306831;0,2340843857306831;0,9877051386121405;-0,2586245984721827;0,9907007588414646;-0,1967447913909796;2,340843857306831e-05
13;3,7419346442886763;1,8370870733533593;-3,721864251102899;-1,8232497970816408;0,020070393185777302;0,01383727627171849;0,2406724177328306;0,2406724177328306;0,2406724177328306;1,0;0,0;0,994215563158159;-0,049438135641084645;2,406724177328306e-05
14;3,4642856822309636;1,695887560288452;-3,4467047347142867;-1,6837663270100802;0,017580947516676826;0,012121233278371779;0,22490222358870787;0,2249022235887079;0,2249022235887079;0,9901655865373022;-0,08436894806485082;0,9847442042177822;-0,1315199624660957;2,249022235887079e-05
15;3,5958642511167085;1,7622497970629283;-3,582285682184929;-1,7528875603478387;0,013578568931779333;0,009362236715089622;0,23254319992607045;0,23254319992607042;0,23254319992607045;0,994215563158159;-0,049438135641084645;0,9901655865373022;-0,08436894806485082;2,3254319992607042e-05
16;3,32070473482847;1,6227663268681183;-3,3044863851689437;-1,6115840755350754;0,01621834965952651;0,011182251333042847;0,21669478016962115;0,2166947801696211;0,21669478016962115;0,9847442042177822;-0,1315199624660957;0,9795540505018763;-0,17711878604918044;2,1669478016962116e-05
17;2,425128309568578;1,186954842974032;-2,396777804222969;-1,16740787339827;0,02835050534560901;0,019546969575761963;0,1558857393213638;0,15588573932136382;0,15588573932136382;1,0;0,0;0,9873881387593567;-0,10947194020255159;1,558857393213638e-05
18;2,37567773298358;1,1574078131073686;-2,351251271605817;-1,1405662260596587;0,024426461377763165;0,016841587047709883;0,15452049590964184;0,15452049590964184;0,15452049590964184;0,9873881387593567;-0,10947194020255159;0,9764287170107333;-0,2068642979217124;1,5452049590964185e-05
19;-2,896901799080227;-1,4131623493199283;2,9056422352540614;1,420540797911964;0,008740436173834354;0,007378448592035625;0,19219850495015864;0,19219850495015864;0,19219850495015864;0,9682280474000607;-0,329353466674863;0,9715599301162233;-0,2797622873925966;1,9219850495015865e-05
20;-3,2868693810123553;-1,6074707234866368;3,2962264102446435;1,6153700825037303;0,009357029232288205;0,007899359017093488;0,2168796740222864;0,2168796740222864;0,2168796740222864;0,9740243541552738;-0,24326180660526917;0,977186184710966;-0,19666470026660085;2,1687967402228638e-05
21;-2,8428911261480665;-1,3840163295764238;2,8478011220150177;1,3881618821269766;0,004909995866951178;0,004145552550552711;0,18891346365631842;0,18891346365631842;0,18891346365631842;0,9663241758869304;-0,35789397468137124;0,9682280474000607;-0,329353466674863;1,8891346365631844e-05
22;1,6790880717250332;0,8172077258266199;-1,6669670341376692;-0,8088507343774651;0,012121037587363936;0,008356991449154805;0,10781411811941277;0,10781411811941279;0,10781411811941279;1,0;0,0;0,9922059251776582;-0,06833658979701493;1,0781411811941278e-05
23;1,9229532248093335;0,9317911274606558;-1,9099360615653505;-0,9228162296836825;0,013017163243983054;0,008974897776973356;0,12336914538650545;0,12336914538650545;0,12336914538650545;1,0;0,0;0,9926869595760144;-0,06483528130292911;1,2336914538650544e-05
24;1,8878354441790672;0,9128158040266705;-1,885225960767949;-0,9110166526734506;0,0026094834111183296;0,0017991513532199521;0,12195874897638063;0,12195874897638063;0,12195874897638063;0,9926869595760144;-0,06483528130292911;0,9912040880444941;-0,07807450078973505;1,2195874897638062e-05
25;-3,1538539716498293;-1,5405490650939737;3,160869381182059;1,5464707233354114;0,007015409532229899;0,005921658241437644;0,2085819160515868;0,2085819160515868;0,2085819160515868;0,9715599301162233;-0,2797622873925966;0,9740243541552738;-0,24326180660526917;2,085819160515868e-05
26;-1,868654686845363;-0,9025545247064927;1,8722259607677783;0,9050166526732157;0,0035712739224151857;0,002462127966723071;0,12112490577977966;0,12112490577977968;0,12112490577977968;0,9891607747388782;-0,0963650549809012;0,9912040880444941;-0,07807450078973505;1,2112490577977967e-05
27;-2,7120297665944566;-1,3196649146454558;2,716891126495163;1,323016328924217;0,004861359900706574;0,003351414278761178;0,1805495366618465;0,18054953666184645;0,1805495366618465;0,9644573860287602;-0,3747023854493777;0,9663241758869304;-0,35789397468137124;1,805495366618465e-05
28;-2,702279012636025;-1,3130113795272178;2,711929767051496;1,3196649141348646;0,009650754415471141;0,006653534607646838;0,18054415386123004;0,18054415386123002;0,18054415386123004;0,9607515255624356;-0,40826719131401995;0,9644573860287602;-0,3747023854493777;1,8054415386123004e-05
29;1,2260055420368385;0,5941191525731638;-1,2246536922290958;-0,5929779460293493;0,0013518498077427221;0,0011412065438145547;0,07967748127642775;0,07967748127642775;0,07967748127642775;0,9871897073042096;-0,1128266820600211;0,9859476313179147;-0,13124699393922606;7,967748127642776e-06
30;1,1836536922291865;0,572977946029154;-1,1821986592185272;-0,5717495558911662;0,0014550330106593012;0,0012283901379878115;0,0770061997870175;0,07700619978701748;0,0770061997870175;0,9859476313179147;-0,13124699393922606;0,9845645061259735;-0,15182695018657716;7,70061997870175e-06
31;1,5409670341377852;0,7478507343772293;-1,5378080922485629;-0,7456728525539801;0,0031589418892223886;0,0021778818232491837;0,09966834766292615;0,09966834766292615;0,09966834766292615;0,9922059251776582;-0,06833658979701493;0,990008903639939;-0,08778434022508044;9,966834766292615e-06
32;4,34470484837702;2,1322771356743058;-4,326320228553352;-2,119602382142928;0,018384619823668125;0,012674753531377814;0,2825525404085316;0,28255254040853156;0,2825525404085316;0,9889219746454284;-0,09485353618968394;0,9844088065670343;-0,13384406721419218;2,8255254040853163e-05
33;3,246485683526697;1,5835835914093497;-3,236644984503034;-1,5767983090923563;0,009840699023663024;0,00678528231699338;0,21289872517463526;0,21289872517463532;0,21289872517463532;0,9795540505018763;-0,17711878604918044;0,9763489466485992;-0,20551288187214964;2,128987251746353e-05
34;2,7464588284555758;1,3396699590567995;-2,745599752051715;-1,339077323681274;0,0008590764038607368;0,0005926353755254521;0,180698884351266;0,18069888435126596;0,180698884351266;0,9763489466485992;-0,20551288187214964;0,9760192354014918;-0,2084392957140101;1,80698884351266e-05
35;2,74549975204569;1,339077323676915;-2,7453920064999027;-1,3390028812998256;0,00010774554578718565;7,444237708931212e-05;0,18069356764995087;0,18069356764995087;0,18069356764995087;0,9760192354014918;-0,2084392957140101;0,9759778658631613;-0,20880836331862684;1,8069356764995085e-05
36;2,736392006523694;1,33500288127119;-2,733724458202004;-1,333163528360576;0,0026675483216900275;0,0018393529106139894;0,18011131726505064;0,1801113172650506;0,18011131726505064;0,9759778658631613;-0,20880836331862684;0,9749508460842573;-0,21791601133713687;1,8011131726505064e-05
37;2,3165387745786585;1,1242665516341506;-2,313110659355793;-1,1219027560859496;0,0034281152228654577;0,0023637955482009865;0,15051491545938;0,15051491545937998;0,15051491545938;0,9877051386121405;-0,2586245984721827;0,9861262738519476;-0,2726609851578961;1,5051491545938002e-05
38;1,1165396049066771;0,543121263032873;-1,1130460913399185;-0,5407126025162569;0,0034935135667586437;0,0024086605166161457;0,07168545635119168;0,07168545635119167;0,07168545635119168;1,0;0,0;0,9966213693385275;-0,029533450032944133;7,168545635119169e-06
39;2,6907241663662718;1,3121633267314312;-2,673838278665564;-1,3005213981257169;0,01688588770070787;0,011641928605714336;0,177277463043768;0,177277463043768;0,177277463043768;0,9749508460842573;-0,21791601133713687;0,9683465690769517;-0,27693120062620014;1,7727746304376803e-05
40;1,4198032845600201;0,688668793782123;-1,4181318109150403;-0,6875163687245716;0,0016714736449798817;0,0011524250575514206;0,09202571407696769;0,09202571407696772;0,09202571407696772;0,990008903639939;-0,08778434022508044;0,9887498744360617;-0,09896097939595162;9,202571407696771e-06
41;1,4180318109169692;0,6875163687280819;-1,417957633295327;-0,6874650540720144;7,417762164219077e-05;5,131465606744712e-05;0,09202045983177447;0,09202045983177444;0,09202045983177447;0,9887498744360617;-0,09896097939595162;0,9886939509680518;-0,09946319768805399;9,202045983177446e-06
42;1,1129460913399567;0,5407126025163289;-1,112585553837078;-0,5404639719083153;0,0003605375028787883;0,00024863060801361136;0,07168024564334066;0,07168024564334065;0,07168024564334066;0,9966213693385275;-0,029533450032944133;0,9962726575536136;-0,03259444766106532;7,168024564334067e-06
43;1,1124855538372644;0,5404639719081571;-1,1108919601620457;-0,5391185103235674;0,0015935936752187185;0,0013454615845897022;0,07167503306581599;0,07167503306581598;0,07167503306581599;0,9962726575536136;-0,03259444766106532;0,9946445396886651;-0,05643702558872113;7,167503306581599e-06
44;1,1107919601623608;0,5391185103238606;-1,1101572352198188;-0,5385827155617295;0,0006347249425420198;0,0005357947621310588;0,07166981099047916;0,07166981099047914;0,07166981099047916;0,9946445396886651;-0,05643702558872113;0,9939960938769619;-0,06595042964423994;7,166981099047916e-06
45;2,6507382157797457;1,2895213539269357;-2,6400695384338024;-1,2821654987395734;0,010668677345943234;0,007355855187362259;0,17575205459793922;0,1757520545979392;0,17575205459793922;0,9683465690769517;-0,27693120062620014;0,9641381466636566;-0,31495145025104765;1,7575205459793923e-05
46;2,263110659356317;1,0979027560865038;-2,2598288602491907;-1,0956398501993931;0,0032817991071261154;0,0022629058871106444;0,1472678104805739;0,1472678104805739;0,1472678104805739;0,9861262738519476;-0,2726609851578961;0,9845815066153596;-0,28643006129996545;1,472678104805739e-05
47;1,3859576332938628;0,6724650540692931;-1,3840055420361792;-0,6711191525728877;0,0019520912576835858;0,001345901496405455;0,08995688322401603;0,08995688322401603;0,08995688322401603;0,9886939509680518;-0,09946319768805399;0,9871897073042096;-0,1128266820600211;8,995688322401602e-06
48;1,4015615284428122;0,681904989228741;-1,396056335052003;-0,6781093428963634;0,005505193390809238;0,0037956463323776113;0,08998831650731114;0,08998831650731115;0,08998831650731115;1,0;0,0;0,9957587216625431;-0,03708642226705755;8,998831650731114e-06
49;1,004157235219578;0,487582715561729;-1,0033615649254615;-0,4869108918722761;0,000795670294116535;0,0006718236894528995;0,064837413417473;0,064837413417473;0,064837413417473;0,9939960938769619;-0,06595042964423994;0,9930974666602299;-0,07914340924797833;6,4837413417473e-06
50;2,6399695388050644;1,2821654983383888;-2,6345507425917716;-1,278429419964245;0,005418796213292776;0,003736078374143803;0,1757466680214384;0,1757466680214384;0,1757466680214384;0,9641381466636566;-0,31495145025104765;0,9620007248024349;-0,33438721642858676;1,757466680214384e-05
51;1,3959563350520303;0,6781093428960178;-1,3953881714746503;-0,6777175310745923;0,0005681635773799876;0,00039181182142544735;0,0899831011465519;0,0899831011465519;0,0899831011465519;0,9957587216625431;-0,03708642226705755;0,9953209740642333;-0,04093416034092756;8,99831011465519e-06
52;-2,6872174202274093;-1,3052797800673774;2,6882790130220497;1,3060113791127264;0,0010615927946404646;0,0007315990453489185;0,17960360101803294;0,17960360101803294;0,17960360101803294;0,9603418080559578;-0,41199093288360455;0,9607515255624356;-0,40826719131401995;1,7960360101803293e-05
53;1,946362308674046;0,9432615247519974;-1,9435968369113177;-0,9399995217393488;0,0027654717627283443;0,003262003012648673;0,12826662737372085;0,12826662737372083;0,12826662737372085;0,9735516279443623;-0,5443604486057609;0,9717914287223469;-0,5902558279579434;1,2826662737372086e-05
54;-2,574956283028775;-1,245162134069514;2,5985507434921002;1,2614294191340831;0,023594460463325362;0,016267285064569093;0,1733574606112094;0,1733574606112095;0,1733574606112095;0,9525668918729855;-0,4211343149636152;0,9620007248024349;-0,33438721642858676;1,733574606112095e-05
55;0,8541860777825409;0,41273893385868915;-0,8536870479708081;-0,412317706276209;0,0004990298117327763;0,0004212275824801437;0,05563055385643243;0,055630553856432424;0,05563055385643243;0,9845645061259735;-0,15182695018657716;0,983908002162987;-0,16162723582909966;5,563055385643243e-06
56;0,8535870479713048;0,4123177062763207;-0,8533403188025898;-0,41210940670724744;0,000246729168715043;0,00020829956907325586;0,05562527000918091;0,05562527000918091;0,05562527000918091;0,983908002162987;-0,16162723582909966;0,9835833741895592;-0,16647912219515032;5,562527000918091e-06
57;0,8242402562040908;0,39810935386220714;-0,8235167451764431;-0,3974985179419295;0,0007235110276476719;0,0006108359202776636;0,05372973698699877;0,05372973698699877;0,05372973698699877;0,9835833741895592;-0,16647912219515032;0,9825978707239201;-0,1812263156051422;5,372973698699877e-06
58;-3,915037698909359;-1,9188915157006325;3,923320228652595;1,9246023820332279;0,008282529743235845;0,005710866332595321;0,25629561728422307;0,2562956172842231;0,2562956172842231;0,9821671915097833;-0,15328536989791583;0,9844088065670343;-0,13384406721419218;2,5629561728422313e-05
59;0,88813561658708;0,4311313250347006;-0,8875947502972271;-0,4304933827434711;0,0005408662898528371;0,0006379422912294874;0,05772789176554643;0,05772789176554642;0,05772789176554643;0,9873702664255544;-0,25774753804912337;0,98660507304937;-0,27736150844886426;5,772789176554643e-06
60;0,5403314847897911;0,2622285508694281;-0,5400834339078655;-0,2620575156367903;0,0002480508819255878;0,00017103523263778397;0,0350641742645693;0,03506417426456931;0,03506417426456931;0,9889219746454284;-0,09485353618968394;0,9884315765164275;-0,0992029978942185;3,506417426456931e-06
61;-0,0011000000067382812;-5,0984209072586295e-12;0,0011000030450111899;2,570108050148768e-09;3,03827290865262e-09;2,5650096292415095e-09;6,66711240508907e-05;6,66711240508907e-05;6,66711240508907e-05;0,9525642608247767;-0,42126791843501044;0,9525668918729855;-0,4211343149636152;6,667112405089069e-09
62;-0,6076093010349328;-0,2933511323040668;0,6077632523305044;0,29345726802183764;0,00015395129557160825;0,00010613571777084996;0,040640628913715296;0,04064062891371529;0,040640628913715296;0,9585197015092926;-0,4288622879562439;0,9587822113458008;-0,4264304766718764;4,06406289137153e-06
63;3,3862902245441426;1,660860119328925;-3,3783264102104114;-1,6553700824236313;0,007963814333731278;0,005490036905293705;0,22227545891814432;0,22227545891814432;0,22227545891814432;0,9796712712816257;-0,17500484035585875;0,977186184710966;-0,19666470026660085;2,222754589181443e-05
64;1,0393680321446765;0,5057013131092737;-1,0379735688189713;-0,5045239760847661;0,001394463325705253;0,0011773370245076187;0,0670475096839622;0,06704750968396221;0,06704750968396221;0,9953209740642333;-0,04093416034092756;0,9937977377310291;-0,06320453287114992;6,7047509683962214e-06
65;-0,5503905157189836;-0,2662003077395937;0,5506093010325287;0,26635113238157593;0,00021878531354513342;0,000150824641982239;0,036841731674631555;0,03684173167463157;0,03684173167463157;0,9581081326898869;-0,4326577281912359;0,9585197015092926;-0,4288622879562439;3,684173167463157e-06
66;0,5799140105459436;0,28149226712559683;-0,579555673370439;-0,2812452203468143;0,0003583371755045972;0,00024704677878251147;0,03769335389556108;0,037693353895561076;0,03769335389556108;0,9873702664255544;-0,25774753804912337;0,9867112618239761;-0,26359724611644064;3,769335389556108e-06
67;0,8013615649254457;0,38891089187245936;-0,8009855416797926;-0,3885934362183413;0,00037602324565311207;0,00031745565411805954;0,05178480741573041;0,05178480741573042;0,05178480741573042;0,9930974666602299;-0,07914340924797833;0,9925657852462346;-0,08695790582524582;5,178480741573042e-06
68;0,8008855416797914;0,38859343621799963;-0,800568391487109;-0,38832567233480425;0,00031715019268241385;0,00026776388319538214;0,05177957409573685;0,05177957409573685;0,05177957409573685;0,9925657852462346;-0,08695790582524582;0,9921173057579379;-0,09355547988337803;5,1779574095736855e-06
69;0,32808339181406526;0,15905748662352487;-0,32801773901850445;-0,15901223041667817;6,565279556081105e-05;4,5256206846699953e-05;0,02129694579622836;0,02129694579622836;0,02129694579622836;0,9884315765164275;-0,0992029978942185;0,9882179024239726;-0,10110205091354349;2,129694579622836e-06
70;0,782468376421327;0,3793256619701434;-0,7824504003521908;-0,3793105282709132;1,79760691362274e-05;1,5133699230174269e-05;0,05060329642572724;0,05060329642572724;0,05060329642572724;0,9921173057579379;-0,09355547988337803;0,9920913184541357;-0,093936089605315;5,060329642572724e-06
71;-0,5200515140649299;-0,2520355137193734;0,52058823431026;0,2524055875265799;0,0005367202453301356;0,00037007380720649463;0,033818421964257855;0,03381842196425785;0,033818421964257855;0,986605026295042;-0,268424129385077;0,9877051386121405;-0,2586245984721827;3,381842196425786e-06
72;0,9229735688189077;0,44852397608465056;-0,9223351048223073;-0,44798499219974486;0,0006384639966003913;0,0005389838849056972;0,05961652844861466;0,059616528448614675;0,059616528448614675;0,9937977377310291;-0,06320453287114992;0,9930134880262539;-0,07469945728637892;5,961652844861468e-06
73;-1,5912414522283105;-0,7698894312732593;1,5939391937147747;0,7717493124543914;0,002697741486464178;0,001859881181132117;0,10823607999145743;0,10823607999145743;0,10823607999145743;0,9429246255755173;-0,5722811624119979;0,9446521208380025;-0,5561282313705591;1,0823607999145743e-05
74;0,0;0,0;0,0;0,0;0,0;0,0;;;;;;;;
75;-9,999999994766379e-05;7,983234017680676e-15;0,00010000003168120545;2,1870714132554746e-11;3,173354165704988e-11;2,1878697366572427e-11;5,845372566476874e-06;5,845372566476875e-06;5,845372566476875e-06;0,9877048251783946;-0,25863713403841626;0,9877051386121405;-0,2586245984721827;5,845372566476875e-10
76;1,8119929987345287;0,8769967466102874;-1,809797232573748;-0,875482839435139;0,0021957661607807655;0,0015139071751483213;0,11959821780952477;0,11959821780952476;0,11959821780952477;0,9717914287223469;-0,5902558279579434;0,9705189519421569;-0,601829406062771;1,1959821780952478e-05
77;0,5184128426940127;0,2514369162156798;-0,5182481165932857;-0,2512425871635178;0,00016472610072693072;0,00019432905216199003;0,03371685175062355;0,03371685175062354;0,03371685175062355;0,98660507304937;-0,27736150844886426;0,9862060819840808;-0,2876045768551619;3,371685175062355e-06
78;0,20201773901868647;0,0980122304190181;-0,2020000000004348;-0,09799999999578231;1,7739018251666794e-05;1,2230423235795596e-05;0,013118300811392753;0,01311830081139275;0,013118300811392753;0,9882179024239726;-0,10110205091354349;0,9881241657194322;-0,10193413123596241;1,3118300811392751e-06
79;-0,8040744924770509;-0,39076493577518306;0,8043351048222354;0,39098499219985944;0,0002606123451844855;0,00022005642467637365;0,05199738487526998;0,051997384875269996;0,051997384875269996;0,9926464207576611;-0,0800815274158454;0,9930134880262539;-0,07469945728637892;5,199738487527e-06
80;-0,9311463491781712;-0,45079032658260476;0,9315663993893111;0,451079974465635;0,0004200502111398885;0,000289647883030264;0,06069334053272011;0,06069334053272009;0,06069334053272011;0,9841017964861847;-0,29072951682690057;0,9845815066153596;-0,28643006129996545;6,0693340532720105e-06
81;0,4362481165934101;0,21124258716299946;-0,43615695417550593;-0,21114975802362337;9,116241790418922e-05;9,282913937608273e-05;0,02837568422222489;0,028375684222224896;0,028375684222224896;0,9862060819840808;-0,2876045768551619;0,985956827193984;-0,292785656823012;2,83756842222249e-06
82;0,580450400356873;0,2813105282714345;-0,5803345333183076;-0,28123063454546277;0,00011586703856536484;7,989372597172473e-05;0,03753745360013436;0,037537453600134364;0,037537453600134364;0,9920913184541357;-0,093936089605315;0,9918773577020358;-0,09583411824565018;3,753745360013437e-06
83;0,9994988795039835;0,4832110500935832;-0,9990227985709723;-0,48280913183943774;0,0004760809330112137;0,00040191825414548354;0,06728771115430135;0,06728771115430135;0,06728771115430135;0,9525668918729855;-0,4211343149636152;0,9520490303931625;-0,4291191812562666;6,728771115430135e-06
84;0,3991569541753522;0,1931497580244979;-0,39908061583188587;-0,19307202398794743;7,633834346632007e-05;7,773403655048083e-05;0,025966283266730922;0,025966283266730922;0,025966283266730922;0,985956827193984;-0,292785656823012;0,9857287584323996;-0,2975314651550323;2,5966283266730925e-06
85;-1,4173614643162937;-0,6849728193122469;1,420123732650256;0,6868772142604969;0,0027622683339623144;0,00190439494825001;0,09659079276799479;0,0965907927679948;0,0965907927679948;0,9409426808328976;-0,5909036282796878;0,9429246255755173;-0,5722811624119979;9,65907927679948e-06
86;-0,7235750003331495;-0,35134324471135914;0,7240744924768764;0,3517649357746347;0,0004994921437269095;0,0004216910632755533;0,04682090613582852;0,046820906135828524;0,046820906135828524;0,9918652095359928;-0,09155213623939372;0,9926464207576611;-0,0800815274158454;4,682090613582853e-06
87;0,6603947713616404;0,3192721495067036;-0,6601996825432128;-0,3191376627467663;0,00019508881842755788;0,000134486759937269;0,04445878735783109;0,04445878735783109;0,04445878735783109;0,9525668918729855;-0,4211343149636152;0,9522627875601389;-0,42396008726952067;4,445878735783109e-06
88;0,00010000000552805466;5,237968967937636e-12;-9,999999971588351e-05;-3,316587105599346e-13;5,8121711518080085e-12;4,9063102573777015e-12;5,908293732955659e-06;5,908293732955658e-06;5,908293732955659e-06;0,977186184710966;-0,19666470026660085;0,9771861279152343;-0,19666751137514168;5,908293732955659e-10
89;1,2757931660990998;0,6189924583244695;-1,2626917663766057;-0,6099595563122897;0,013101399722494023;0,009032902012179767;0,084585226428003;0,08458522642800298;0,084585226428003;0,9678973041687204;-0,2836456211633723;0,9571617478667547;-0,38202822774390544;8,458522642800299e-06
90;0,8369626301629426;0,40567893151632944;-0,8366563090331127;-0,40542027940763714;0,00030632112982986737;0,00025865210869230326;0,05637317396158702;0,05637317396158702;0,05637317396158702;0,9525668918729855;-0,4211343149636152;0,9521690493349764;-0,4272443582789274;5,637317396158702e-06
91;1,0689823998294214;0,5172289011588773;-1,0676390844907901;-0,5163027054114475;0,0013433153386313013;0,0009261957474298033;0,06931391083648827;0,06931391083648829;0,06931391083648829;0,9891607747388782;-0,0963650549809012;0,987817574073396;-0,10837826217611934;6,931391083648828e-06
92;1,085261652596883;0,5265593184294546;-1,0845429801906283;-0,526063842737507;0,0007186724062546723;0,0004954756919476333;0,07073392977236773;0,07073392977236773;0,07073392977236773;0,9845815066153596;-0,28643006129996545;0,983877212768591;-0,2927071915630271;7,073392977236773e-06
93;0,32108061583122927;0,1550720239870585;-0,3210423950788055;-0,15503975682667603;3,8220752423767657e-05;3,22671603824598e-05;0,02088445807558636;0,02088445807558637;0,02088445807558637;0,9857287584323996;-0,2975314651550323;0,985594819134133;-0,2995296473447543;2,088445807558637e-06
94;0,0;0,0;0,0;0,0;0,0;0,0;;;;;;;;
95;-0,2020000000001699;-0,09799999999994968;0,20205151406511687;0,09803551371963855;5,1514064946966975e-05;3,5513719688864964e-05;0,013142119256610246;0,013142119256610244;0,013142119256610246;0,9863333144298907;-0,27083927206525904;0,986605026295042;-0,268424129385077;1,3142119256610245e-06
96;0,4543345333192915;0,2202306345455665;-0,4541545788682439;-0,22010657091538416;0,00017995445104762586;0,00012406363018233058;0,029388982085931607;0,029388982085931607;0,029388982085931607;0,9918773577020358;-0,09583411824565018;0,9914529305920596;-0,09959704319591049;2,9388982085931604e-06
97;1,5627972326100914;0,7564828394247329;-1,5563632076837746;-0,7520469052119912;0,006434024926316839;0,004435934212741688;0,10328810410728098;0,10328810410728097;0,10328810410728098;0,9705189519421569;-0,601829406062771;0,9662017209774124;-0,6412568584407117;1,0328810410728098e-05
98;1,556263207729611;0,7520469051700006;-1,5549764087912255;-0,7511598107513972;0,0012867989383855694;0,0008870944186034624;0,10328272387495592;0,10328272387495589;0,10328272387495592;0,9662017209774124;-0,6412568584407117;0,9653383071588205;-0,6491811163563372;1,0328272387495592e-05
99;-1,9161483717348478;-0,9319933199519308;1,92399872775192;0,9374055413326683;0,00785035601707218;0,005412221380737492;0,12873391705285905;0,12873391705285905;0,12873391705285905;0,9556208327827923;-0,45482339624225043;0,9598488401404469;-0,4164512665064145;1,2873391705285905e-05
100;-0,46354716574353244;-0,22430829348459103;0,4636597302396781;0,22438589328148636;0,00011256449614566177;7,759979689533902e-05;0,030547315607170666;0,030547315607170666;0,030547315607170666;0,973296236688333;-0,5466763906567057;0,9735516279443623;-0,5443604486057609;3,0547315607170666e-06
101;-1,905166325600447;-0,9248689801388155;1,9111483725062646;0,9289933191404212;0,005982046905817606;0,0041243390016056924;0,1283829910440778;0,1283829910440778;0,1283829910440778;0,9523906194324254;-0,48442381484351665;0,9556208327827923;-0,45482339624225043;1,283829910440778e-05
102;-0,746872625467862;-0,3604637294452363;0,747996506136458;0,3612385951145646;0,0011238806685959224;0,0007748656693282729;0,04993851162143044;0,04993851162143044;0,04993851162143044;0,9587822113458008;-0,4264304766718764;0,9603418080559578;-0,41199093288360455;4,993851162143044e-06
103;1,6425095678985548;0,7986218163289864;-1,6419340441220855;-0,7982250722788248;0,0005755237764693;0,00039674405016165704;0,10799112279826205;0,10799112279826205;0,10799112279826205;0,9764287170107333;-0,2068642979217124;0,9760592533201462;-0,21016402289481115;1,0799112279826205e-05
104;-0,7286708896504349;-0,35246255895705747;0,7291463491782216;0,352790326582511;0,00047545952778671463;0,00032776762545355664;0,047521426413763404;0,047521426413763404;0,047521426413763404;0,9834083833093461;-0,29695613081079053;0,9841017964861847;-0,29072951682690057;4,75214264137634e-06
105;0,37315457886842907;0,18110657091551224;-0,3730330253868974;-0,18102276989757507;0,00012155348153164436;8,380101793717398e-05;0,024153882473607547;0,024153882473607544;0,024153882473607547;0,9914529305920596;-0,09959704319591049;0,9911040806898369;-0,10268085297409907;2,4153882473607547e-06
106;-0,39941793653404173;-0,1932192014496018;0,39954716574383997;0,1933082934893147;0,00012922920979824282;8,909203971288471e-05;0,026328983512566403;0,0263289835125664;0,026328983512566403;0,97295606224448;-0,5497647728227294;0,973296236688333;-0,5466763906567057;2,6328983512566403e-06
107;1,939120914208535;0,9440411848280575;-1,9381989616981163;-0,9434057033383816;0,000921952510418711;0,0006354814896759597;0,12965986125650483;0,12965986125650486;0,12965986125650486;0,9603418080559578;-0,41199093288360455;0,9598488401404469;-0,4164512665064145;1,2965986125650486e-05
108;0,19904239507904928;0,09603975682677561;-0,19901037196908397;-0,09600715047285424;3,202310996530677e-05;3,26063539213689e-05;0,012945996985192398;0,012945996985192398;0,012945996985192398;0,985594819134133;-0,2995296473447543;0,9854030065294745;-0,3035360279372248;1,2945996985192397e-06
109;-0,14800388565236153;-0,0710026789155667;0,14801647986036895;0,07101136264439742;1,2594208007421503e-05;8,683728830713444e-06;0,009662992719002257;0,009662992719002256;0,009662992719002257;0,9807970451290443;-0,1976605111110479;0,9808873323899554;-0,19682920686109046;9,662992719002257e-07
110;0,5777955729354337;0,28119412926416487;-0,5768357687229245;-0,2805323764281806;0,0009598042125091855;0,0006617528359842972;0,03757432288860075;0,03757432288860074;0,03757432288860075;0,9873702664255544;-0,25774753804912337;0,9855992549943636;-0,2733812467484528;3,757432288860075e-06
111;-3,704290224417143;-1,814860119452004;3,7130376990059974;1,8208915155912992;0,008747474588854498;0,006031396139295264;0,24309786508637982;0,24309786508637982;0,24309786508637982;0,9796712712816257;-0,17500484035585875;0,9821671915097833;-0,15328536989791583;2,4309786508637983e-05
112;1,5739340441400502;0,7652250722636985;-1,5707612289266693;-0,7630376333426481;0,003172815213380975;0,002187438921050444;0,10352022035899279;0,10352022035899278;0,10352022035899279;0,9760592533201462;-0,21016402289481115;0,9739344620055281;-0,22919218952174336;1,035202203589928e-05
113;1,570661228981079;0,7630376332814182;-1,5656088427505965;-0,7595542931278579;0,005052386230482542;0,0034833401535602215;0,10351488821931727;0,10351488821931727;0,10351488821931727;0,9739344620055281;-0,22919218952174336;0,9705509672339727;-0,2596630985151723;1,0351488821931727e-05
114;0,35424796644904055;0,17117095666441096;-0,35409137625584947;-0,17106299844428002;0,00015659019319108625;0,00010795822013093259;0,022997735675987434;0,022997735675987438;0,022997735675987438;0,9877051386121405;-0,2586245984721827;0,9872332676528158;-0,26286123335611467;2,299773567598744e-06
115;0,5173160182062493;0,24985775307306157;-0,517204793189564;-0,2497638366490755;0,00011122501668525686;9,391642398606792e-05;0,03396919457316137;0,03396919457316137;0,03396919457316137;0,9764287170107333;-0,2068642979217124;0,9761890700726136;-0,21047502965031548;3,3969194573161366e-06
116;0,517104793190434;0,24976383664851282;-0,5169480957210524;-0,2496315712492248;0,0001566974693816281;0,00013226539928801184;0,03396386883008087;0,03396386883008088;0,03396386883008088;0,9761890700726136;-0,21047502965031548;0,9758514294995095;-0,21556001572253958;3,3963868830080885e-06
117;0,5168480957221487;0,24963157124762103;-0,5166156833168326;-0,24943534570981904;0,00023241240531612917;0,0001962255378019917;0,033958541210834095;0,03395854121083409;0,033958541210834095;0,9758514294995095;-0,21556001572253958;0,9753505322365799;-0,22311201351640103;3,3958541210834093e-06
118;-1,7727160309678227;-0,8586638506369014;1,7831663267166542;0,8658689793064105;0,010450295748831495;0,007205128669509064;0,12016777084046881;0,1201677708404688;0,12016777084046881;0,9463624009694568;-0,5401761199707086;0,9523906194324254;-0,48442381484351665;1,2016777084046882e-05
119;-0,3353536181637084;-0,16217485609519477;0,3354179365335498;0,16221920145552318;6,431836984138739e-05;4,434536032840719e-05;0,022109176833826023;0,022109176833826027;0,022109176833826027;0,9727544406947681;-0,5515979185934178;0,97295606224448;-0,5497647728227294;2,2109176833826024e-06
120;1,0457624328385837;0,5060772490970418;-1,0451536698295256;-0,5056575024398327;0,0006087630090580998;0,0004197466572091191;0,06948383897456503;0,06948383897456503;0,06948383897456503;0,9653383071588205;-0,6491811163563372;0,964731068484534;-0,6547401835626007;6,948383897456503e-06
121;-0,328297036239405;-0,15913584960547106;0,32835361816393277;0,15917485609509827;5,658192452778765e-05;3,9006489627207985e-05;0,021657643150192123;0,021657643150192123;0,021657643150192123;0,972573352984563;-0,5532340141319724;0,9727544406947681;-0,5515979185934178;2,1657643150192123e-06
122;0,5515717081237532;0,2673409749188755;-0,5512018090121003;-0,2670859484613471;0,0003698991116529715;0,0002550264575283956;0,035678680491727004;0,03567868049172701;0,03567868049172701;0,9918652095359928;-0,09155213623939372;0,9911465871200624;-0,09792775131250674;3,5678680491727013e-06
123;-0,3280865161038923;-0,15905964725178223;0,32819703623972935;0,15913584960555752;0,00011052013583706666;7,620235377528428e-05;0,021652301478505772;0,021652301478505772;0,021652301478505772;0,9722195333359677;-0,556431497053975;0,972573352984563;-0,5532340141319724;2,165230147850577e-06
124;1,5356088427944063;0,7455542930836495;-1,5349304466107472;-0,7450865616519613;0,000678396183659169;0,00046773143168821196;0,10154575076928878;0,10154575076928879;0,10154575076928879;0,9705509672339727;-0,2596630985151723;0,9700878443911134;-0,2638428340784013;1,0154575076928878e-05
125;-0,27100603217237834;-0,13100415809910576;0,2710913762557526;0,13106299844435781;8,534408337423915e-05;5,8840345252053616e-05;0,017609487389586273;0,017609487389586273;0,017609487389586273;0,9868973842915233;-0,26587381695654727;0,9872332676528158;-0,26286123335611467;1,7609487389586271e-06
126;-0,2460170861579374;-0,11801178067564974;0,2460838348605223;0,11805779905430407;6,674870258488452e-05;4,601837865432501e-05;0,016060388995721667;0,016060388995721667;0,016060388995721667;0,9808873323899554;-0,19682920686109046;0,9811752318911331;-0,194179433916654;1,6060388995721667e-06
127;0,6248185306406862;0,3024953954649724;-0,6243571213047304;-0,3021772691923024;0,0004614093359557314;0,00031812627266997184;0,04187292024566836;0,04187292024566836;0,04187292024566836;0,9571617478667547;-0,38202822774390544;0,9563979970022257;-0,3890720845178451;4,1872920245668366e-06
128;0,19132568558990018;0,09208665655799975;-0,19128420411975317;-0,09205805647461518;4,148147014701453e-05;2,8600083384566766e-05;0,012555011968615817;0,012555011968615819;0,012555011968615819;0,9764287170107333;-0,2068642979217124;0,9761997968067455;-0,20896424617383813;1,255501196861582e-06
129;0,19118420412028034;0,09205805647423676;-0,19112894243475959;-0,09201995539420607;5,526168552075217e-05;3,810108003068913e-05;0,012549683015035729;0,012549683015035729;0,012549683015035729;0,9761997968067455;-0,20896424617383813;0,9758946917165551;-0,21176085945906611;1,2549683015035729e-06
130;-0,07100000000022626;-0,034000000000006726;0,07100388565274428;0,03400267891613506;3,885652518020866e-06;2,678916128331932e-06;0,004634220441972191;0,004634220441972192;0,004634220441972192;0,9807389691842239;-0,1981975716234463;0,9807970451290443;-0,1976605111110479;4,634220441972192e-07
131;0,5027356694102635;0,2445322925845173;-0,5026228998780243;-0,2444370900036627;0,0001127695322391542;9,520258085460309e-05;0,03274848781982295;0,03274848781982295;0,03274848781982295;0,9855992549943636;-0,2733812467484528;0,9853470592773905;-0,27710108830545793;3,274848781982295e-06
132;0,5025228998778464;0,2444370900033874;-0,502250442437271;-0,24420708845014039;0,0002724574405753577;0,00023000155324701121;0,032743218639605616;0,03274321863960562;0,03274321863960562;0,9853470592773905;-0,27710108830545793;0,9847376575902407;-0,28609375366953144;3,2743218639605624e-06
133;-0,6022305086724696;-0,291158931032467;0,6026708896504632;0,29146255895710277;0,000440380977993593;0,00030362792463578536;0,03930278121575133;0,03930278121575133;0,03930278121575133;0,9826318216728147;-0,3039462773461806;0,9834083833093461;-0,29695613081079053;3,930278121575133e-06
134;0,8575383165348323;0,4160606268716324;-0,8565264292615239;-0,41536294833427617;0,001011887273308365;0,00069767853735625;0,05593141102697451;0,05593141102697451;0,05593141102697451;0,983877212768591;-0,2927071915630271;0,9826231143783286;-0,30390210592370603;5,593141102697451e-06
135;-9,999999961960434e-05;3,3162841356783985e-14;0,00010000000727352132;5,243576472161643e-12;7,65391698317238e-12;5,276739313518427e-12;6,0610116810746545e-06;6,061011681074654e-06;6,0610116810746545e-06;0,9525641879163029;-0,42127094178371455;0,9525642608247767;-0,42126791843501044;6,061011681074655e-10
136;0,43961568331665124;0,21243534571660003;-0,4393521603436229;-0,21221286977949982;0,0002635229730283406;0,00022247593710020275;0,028901695736511458;0,02890169573651146;0,02890169573651146;0,9753505322365799;-0,22311201351640103;0,9746831974873009;-0,2331706385281527;2,890169573651146e-06
137;0,6134226080957887;0,2971876848368993;-0,6132935400444646;-0,2970987124401081;0,0001290680513241771;8,897239679117597e-05;0,039353433401324966;0,03935343340132497;0,03935343340132497;1,0;0,0;0,9997726803673762;-0,0020007473367535215;3,9353433401324975e-06
138;0,613193540044534;0,2970987124405757;-0,6127096859037239;-0,2967651192333856;0,0004838541408100916;0,0003335932071900638;0,03934823637107398;0,03934823637107398;0,03934823637107398;0,9997726803673762;-0,0020007473367535215;0,9989203551908377;-0,00951102974113792;3,934823637107398e-06
139;-1,6898519751509047;-0,8180681118699346;1,6907160318749102;0,8186638500216427;0,0008640567240054686;0,0005957381517081028;0,11460173269380693;0,11460173269380697;0,11460173269380697;0,945839818115148;-0,5450474880633721;0,9463624009694568;-0,5401761199707086;1,1460173269380696e-05
140;-0,6813481389366123;-0,33024001943618037;0,6816185382875196;0,33042645072599874;0,00027039935090733547;0,00018643128981837842;0,04533231327372421;0,045332313273724195;0,04533231327372421;0,9643176093871267;-0,658509149203399;0,964731068484534;-0,6547401835626007;4,533231327372421e-06
141;0,4858681337459547;0,23446065626919796;-0,4858405821534212;-0,2344416655653729;2,7551592533536784e-05;1,8990703825050304e-05;0,031698566910601814;0,031698566910601814;0,031698566910601814;0,9825978707239201;-0,1812263156051422;0,9825376433136153;-0,18177111893078093;3,1698566910601817e-06
142;0,48574058215209415;0,2344416655648865;-0,4855863869341522;-0,23433535313008108;0,0001541952179419659;0,0001063124348054112;0,03169327483459946;0,03169327483459946;0,03169327483459946;0,9825376433136153;-0,18177111893078093;0,9822004927640772;-0,18482310594264403;3,1693274834599462e-06
143;1,4519304466376368;0,7050865616392016;-1,4492996465041184;-0,7032727131203326;0,0026308001335184628;0,00181384851886901;0,09606229003990154;0,09606229003990152;0,09606229003990154;0,9700878443911134;-0,2638428340784013;0,9681893564179799;-0,28100060619588213;9,606229003990154e-06
144;1,44919964653647;0,7032727130873818;-1,4487949532607873;-0,70299369063739;0,0004046932756827104;0,0002790224499917837;0,09605692515435667;0,09605692515435668;0,09605692515435668;0,9681893564179799;-0,28100060619588213;0,9678973041687204;-0,2836456211633723;9,605692515435669e-06
145;-0,07700000001136265;-0,03699999993735816;0,07704722932362806;0,03703256296524019;4,722931226541771e-05;3,256302788202936e-05;0,005156368961441109;0,005156368961441107;0,005156368961441109;0,9565271830925307;-0,3879899158737739;0,9571617478667547;-0,38202822774390544;5,156368961441109e-07
146;0,0;0,0;0,0;0,0;0,0;0,0;;;;;;;;
147;0,0;0,0;0,0;0,0;0,0;0,0;;;;;;;;
148;0,500390515714578;0,2422003078130464;-0,5003191420682309;-0,24215108693051834;7,137364634712817e-05;4,922088252806711e-05;0,03349965886130686;0,03349965886130686;0,03349965886130686;0,9581081326898869;-0,4326577281912359;0,9579604539359341;-0,4340192628406397;3,349965886130686e-06
149;0,11412894243324997;0,05501995540296047;-0,11410830464790665;-0,05500572605112543;2,0637785343322057e-05;1,4229351835044757e-05;0,007495649277725634;0,007495649277725635;0,007495649277725635;0,9758946917165551;-0,21176085945906611;0,9757039058827943;-0,21350474627365468;7,495649277725634e-07
150;0,19427440090391718;0,09405129570621182;-0,194232425558155;-0,09402235511214321;4,197534576216855e-05;2,894059406860494e-05;0,012629530389367895;0,012629530389367899;0,012629530389367899;0,9867112618239761;-0,26359724611644064;0,9864809015272802;-0,2656571850435186;1,26295303893679e-06
151;0,11400830464818999;0,0550057260513674;-0,1140000000030865;-0,054999999986786514;8,304645103499042e-06;5,726064580886814e-06;0,007490319430720063;0,0074903194307200625;0,007490319430720063;0,9757039058827943;-0,21350474627365468;0,9756270746086476;-0,21420570116832732;7,490319430720064e-07
152;-0,3782322529261922;-0,1820911810008569;0,37837324070370676;0,18218838722485778;0,00014098777751453406;9,720622400088974e-05;0,02451157393852687;0,02451157393852687;0,02451157393852687;0,9887622391119901;-0,09997071187031167;0,9891607747388782;-0,0963650549809012;2,451157393852687e-06
153;0,0;0,0;0,0;0,0;0,0;0,0;;;;;;;;
154;0,3332812724665692;0,16219392464052412;-0,33309560167905916;-0,16206591085542837;0,0001856707875100283;0,00012801378509574857;0,021687836040685256;0,021687836040685252;0,021687836040685256;0,9867112618239761;-0,26359724611644064;0,9861177044331476;-0,2688343497999908;2,1687836040685255e-06
155;-1,6439391932841207;-0,7957493126564609;1,6458519753867287;0,7970681118079169;0,001912782102607924;0,0013187991514560515;0,11162575618147091;0,1116257561814709;0,11162575618147091;0,9446521208380025;-0,5561282313705591;0,945839818115148;-0,5450474880633721;1,1162575618147091e-05
156;-0,21202416165273938;-0,10301665798697816;0,2120865161018939;0,10305964726192357;6,235444915453359e-05;4,298927494540694e-05;0,01400297016500065;0,014002970165000649;0,01400297016500065;0,9719108308470025;-0,5592055782486037;0,9722195333359677;-0,556431497053975;1,400297016500065e-06
157;0,4404862444115319;0,2123352548230619;-0,4404545431922965;-0,21231339362261964;3,17012192354027e-05;2,1861200442258033e-05;0,028743661066094262;0,028743661066094262;0,028743661066094262;0,9822004927640772;-0,18482310594264403;0,9821240663218006;-0,1855176339985843;2,8743661066094263e-06
158;0,5595051649452054;0,2707620022390505;-0,5592320385067738;-0,2705736712216801;0,00027312643843158124;0,00018833101737042446;0,03592555745219696;0,03592555745219695;0,03592555745219696;0,9989203551908377;-0,00951102974113792;0,9983934160037831;-0,014172970919612962;3,5925557452196958e-06
159;0,6055253542120798;0,2933622069494496;-0,6051140562136686;-0,29307863076449847;0,0004112979984111087;0,0002835761849511176;0,039533781638033734;0,03953378163803374;0,03953378163803374;0,9826231143783286;-0,30390210592370603;0,9819019974524399;-0,3103680687185682;3,953378163803374e-06
160;0,1710330253864606;0,08302276989748306;-0,17100074719169012;-0,08300051516401612;3,227819477047422e-05;2,225473346693929e-05;0,011075024102837928;0,011075024102837927;0,011075024102837928;0,9911040806898369;-0,10268085297409907;0,9909020415015481;-0,10446685264219914;1,107502410283793e-06
161;0,16723242555781484;0,08102235511187364;-0,16720000004921592;-0,08100000003371942;3,2425508598915576e-05;2,2355078154220887e-05;0,010875699370370426;0,010875699370370424;0,010875699370370426;0,9864809015272802;-0,2656571850435186;0,9862742471766227;-0,26750149134767587;1,0875699370370425e-06
162;-0,0001000000000377358;7,652546584660644e-15;0,00010000002358413068;1,6226454665095334e-11;2,3546394882175727e-11;1,6234107211679995e-11;5,875754696347121e-06;5,875754696347119e-06;5,875754696347121e-06;0,9825976393575868;-0,18123561706122351;0,9825978707239201;-0,1812263156051422;5,87575469634712e-10
163;0,36835216034338536;0,17821286978574222;-0,36811790038519565;-0,17801511215043347;0,00023425995818970868;0,0001977576353087429;0,024238714000815075;0,024238714000815075;0,024238714000815075;0,9746831974873009;-0,2331706385281527;0,9739757724454043;-0,2438189192974764;2,4238714000815077e-06
164;-0,1450000000001131;-0,06999999999969378;0,14500603217230879;0,07000415809897431;6,032172195691299e-06;4,158099280532346e-06;0,009419899841758552;0,00941989984175855;0,009419899841758552;0,9868530098778973;-0,26627309553776896;0,9868973842915233;-0,26587381695654727;9,419899841758553e-07
165;0,0;0,0;0,0;0,0;0,0;0,0;;;;;;;;
166;-0,4221355361672286;-0,203093445352717;0,4224545431932396;0,20331339362152615;0,00031900702601100894;0,0002199482688091392;0,027560747357292376;0,027560747357292373;0,027560747357292376;0,9813221061992814;-0,19283787153032217;0,9821240663218006;-0,1855176339985843;2,756074735729238e-06
167;0,5478260066586393;0,2644315976456256;-0,5477669563286047;-0,2643908844221817;5,9050330034615683e-05;4,071322344390005e-05;0,036692461815677965;0,03669246181567798;0,03669246181567798;0,9571617478667547;-0,38202822774390544;0,9570502236465751;-0,3830640568904142;3,6692461815677976e-06
168;-0,2021059976392004;-0,09800506307471317;0,20212025858466165;0,098017103937854;1,4260945461253005e-05;1,2040863140827529e-05;0,013088263757414575;0,013088263757414575;0,013088263757414575;0,9908223210896355;-0,10270221253522539;0,9909021004868673;-0,10152590020569581;1,3088263757414574e-06
169;-0,20200000000130558;-0,09800000000063064;0,2020059976382245;0,09800506307426252;5,997636918914084e-06;5,063073631877968e-06;0,013083020950219139;0,013083020950219139;0,013083020950219139;0,9907887554719773;-0,10319660314060346;0,9908223210896355;-0,10270221253522539;1,3083020950219137e-06
170;0,5452116378014126;0,26414589195017757;-0,5450026558100789;-0,2640018312902048;0,00020898199133367878;0,00014406065997274453;0,03540892041097659;0,03540892041097659;0,03540892041097659;0,987817574073396;-0,10837826217611934;0,9874085051328643;-0,11202359340456712;3,540892041097659e-06
171;0,44831914205893403;0,21715108701041858;-0,44823512818644606;-0,2170931669219509;8,401387248796466e-05;5,792008846766672e-05;0,030022319860697196;0,030022319860697196;0,030022319860697196;0,9579604539359341;-0,4340192628406397;0,9577664938669462;-0,4358028346829531;3,0022319860697197e-06
172;-0,377120258584594;-0,18301710393760934;0,3772018090123233;0,18308594846152304;8,155042772928223e-05;6,884452391370255e-05;0,024423785658617705;0,024423785658617702;0,024423785658617705;0,9909021004868673;-0,10152590020569581;0,9911465871200624;-0,09792775131250674;2,4423785658617707e-06
173;0,348250442437384;0,1692070884500635;-0,34811045912833316;-0,1690889026524165;0,00013998330905085066;0,00011818579764699688;0,02270038762222819;0,022700387622228195;0,022700387622228195;0,9847376575902407;-0,28609375366953144;0,9842860723360605;-0,29277469655303995;2,2700387622228197e-06
174;0,1012363343520932;0,048025049882252265;-0,10120558640044604;-0,048003850691661513;3,074795164716149e-05;2,1199190590751038e-05;0,006894023129285072;0,006894023129285071;0,006894023129285072;0,9383794062422082;-0,6151840286876948;0,93807066273709;-0,6182401050653393;6,894023129285073e-07
175;0,4633021956047009;0,22422948574877555;-0,4631656152933271;-0,22411417853681986;0,00013658031137375737;0,00011530721195568416;0,031209662184141593;0,031209662184141593;0,031209662184141593;0,9521690493349764;-0,4272443582789274;0,9518487017623819;-0,43217625785722413;3,1209662184141592e-06
176;-0,3700843073216041;-0,17805812478102265;0,37013553616702344;0,1780934453529671;5,12288454193599e-05;3,53205719444416e-05;0,024166178136973318;0,024166178136973318;0,024166178136973318;0,9811752318911331;-0,194179433916654;0,9813221061992814;-0,19283787153032217;2,4166178136973317e-06
177;0,4911279113568028;0,23757082578118424;-0,49091073577987526;-0,23742107526306355;0,00021717557692751965;0,0001497505181206893;0,03154917962904004;0,03154917962904004;0,03154917962904004;0,9983934160037831;-0,014172970919612962;0,997916313111108;-0,01840067950507287;3,1549179629040038e-06
178;-0,135010176555657;-0,06600701573932923;0,13502416165103867;0,06601665799387417;1,3985095381668922e-05;9,642254544944828e-06;0,00892829244370151;0,008928292443701512;0,008928292443701512;0,9718021995712288;-0,56016617673119;0,9719108308470025;-0,5592055782486037;8,928292443701511e-07
179;0,24709560167917005;0,12006591085558484;-0,2470246798640859;-0,12001701531662336;7,092181508414064e-05;4,88955389614798e-05;0,016084357474015244;0,016084357474015244;0,016084357474015244;0,9861177044331476;-0,2688343497999908;0,9858120244954096;-0,27154281389425866;1,6084357474015242e-06
180;0,47581057286269207;0,23042096294558106;-0,4756115583392233;-0,2302837492937353;0,0001990145234687657;0,00013721365184576895;0,03058637546782176;0,030586375467821756;0,03058637546782176;0,997916313111108;-0,01840067950507287;0,9974653257162466;-0,022385780791589503;3,058637546782176e-06
181;-0,11900000000251422;-0,05799999998825029;0,11901017655559865;0,05800701574069584;1,017655308442611e-05;7,015752445549417e-06;0,007865577252591658;0,00786557725259166;0,00786557725259166;0,9717124901223232;-0,5609659044523044;0,9718021995712288;-0,56016617673119;7,86557725259166e-07
182;0,0;0,0;0,0;0,0;0,0;0,0;;;;;;;;
183;0,0;0,0;0,0;0,0;0,0;0,0;;;;;;;;
184;-0,40299999999979347;-0,1949999999992447;0,4031140562130909;0,19507863076456736;0,00011405621329740878;7,863076532266255e-05;0,026332356375052605;0,026332356375052615;0,026332356375052615;0,9816017983590092;-0,3130678168147967;0,9819019974524399;-0,3103680687185682;2,6332356375052615e-06
185;0,13900937318057;0,06700646138164601;-0,13900085045161564;-0,0670005861387073;8,522728954352132e-06;5,875242938713221e-06;0,009292461322481798;0,009292461322481798;0,009292461322481798;0,9587822113458008;-0,4264304766718764;0,9587186608339232;-0,4270215217391235;9,292461322481798e-07
186;-0,028000000000865128;-0,013999999995790309;0,028000701799688277;0,014000483931581903;7,017988231487748e-07;4,839357915942949e-07;0,001845167158623785;0,001845167158623785;0,001845167158623785;0,9795276377638054;-0,1773365636941217;0,9795540505018763;-0,17711878604918044;1,8451671586237852e-07
187;-0,9318381828730792;-0,4493020949035617;0,9341925834145473;0,4509253332698556;0,0023544005414680713;0,001623238366293911;0,06364910730459364;0,06364910730459362;0,06364910730459364;0,9383794062422082;-0,6151840286876948;0,9409426808328976;-0,5909036282796878;6,364910730459363e-06
188;0,5156842971320955;0,24956457129435058;-0,5153987033916066;-0,24932348049630615;0,0002855937404888653;0,00024109079804443545;0,03474223827386514;0,03474223827386514;0,03474223827386514;0,9520490303931625;-0,4291191812562666;0,9514473088117732;-0,43838638885105785;3,4742238273865137e-06
189;0,4952305086725331;0,2391589310330191;-0,4951320584546222;-0,23909105269314862;9,845021791088371e-05;6,78783398704863e-05;0,03231286922844205;0,03231286922844206;0,03231286922844206;0,9826318216728147;-0,3039462773461806;0,9824206783439123;-0,3058543682856576;3,231286922844206e-06
190;0,35323512816380737;0,17109316707610758;-0,35311544216750285;-0,17101064469841143;0,00011968599630451937;8,252237769615367e-05;0,02365961443365671;0,02365961443365671;0,02365961443365671;0,9577664938669462;-0,4358028346829531;0,957415861007954;-0,4390295631156991;2,3659614433656708e-06
191;0,40633850144336664;0,1962445606543984;-0,4062663211363153;-0,19618361288812686;7,218030705136158e-05;6,094776627155185e-05;0,027364868937934023;0,027364868937934033;0,027364868937934033;0,9520490303931625;-0,4291191812562666;0,9518559768050961;-0,4321025546701291;2,7364868937934032e-06
192;0,0;0,0;0,0;0,0;0,0;0,0;;;;;;;;
193;0,00010000000366919107;3,4709566358220436e-12;-9,999999964606638e-05;-7,402808099882279e-14;4,023124688208243e-12;3,396928554823221e-12;5,942932801025308e-06;5,942932801025308e-06;5,942932801025308e-06;0,9714905244664772;-0,2805692397558441;0,971490485382203;-0,28057118605246595;5,942932801025308e-10
194;0,2761104591285649;0,13408890265240891;-0,2760280793839349;-0,13401935979396842;8,237974462999009e-05;6,954285844049113e-05;0,018004549221383403;0,01800454922138341;0,01800454922138341;0,9842860723360605;-0,29277469655303995;0,9839510310072849;-0,29773584296463984;1,800454922138341e-06
195;0,4195093574883884;0,20328223181326854;-0,4193792242832072;-0,20319250586380824;0,0001301332051812376;8,972594946030088e-05;0,026982562177041317;0,026982562177041314;0,026982562177041317;0,9974653257162466;-0,022385780791589503;0,9971310276824007;-0,025336329306150752;2,6982562177041317e-06
196;-0,4872213060273987;-0,23615258331349964;0,48734813893097084;0,236240019475823;0,00012683290357212718;8,74361623233455e-05;0,03242562109440885;0,03242562109440885;0,03242562109440885;0,9640464875568978;-0,6609806315435677;0,9643176093871267;-0,658509149203399;3,2425621094408855e-06
197;-0,051000000003468944;-0,02499999998436271;0,05100178733862062;0,025001232178037607;1,787335151673397e-06;1,2321936748958817e-06;0,0033881192852093936;0,003388119285209394;0,003388119285209394;0,9678607141777057;-0,2839681152751566;0,9678973041687204;-0,2836456211633723;3,388119285209394e-07
198;-0,40903875981514903;-0,19802672497809679;0,4091861561285698;0,19812834994441095;0,00014739631342075565;0,00010162496631416218;0,026883889595154545;0,026883889595154545;0,026883889595154545;0,9759689331327889;-0,2089461024412798;0,9763489466485992;-0,20551288187214964;2,6883889595154545e-06
199;-0,22300128928840846;-0,10800088838711527;0,22304833075485356;0,10803331956657372;4,704146644510243e-05;3,2431179458447534e-05;0,015026009997945471;0,015026009997945471;0,015026009997945471;0,9520457961316345;-0,4259676817089751;0,9522627875601389;-0,42396008726952067;1,5026009997945471e-06
200;0,4072790734206752;0,19719240183687167;-0,407138312699093;-0,1970953624045241;0,00014076072158220043;9,703943234756762e-05;0,026200576987728586;0,026200576987728583;0,026200576987728586;0,9971310276824007;-0,025336329306150752;0,9967586687303185;-0,028629666414086465;2,6200576987728585e-06
201;-0,05250025785822585;-0,025000177775868705;0,052503006511608996;0,02500207275680976;2,7486533831430626e-06;1,8949809410563623e-06;0,003454871334093816;0,0034548713340938164;0,0034548713340938164;0,9717363424517518;-0,5907771978336835;0,9717914287223469;-0,5902558279579434;3,4548713340938165e-07
202;0,0;0,0;0,0;0,0;0,0;0,0;;;;;;;;
203;0,0;0,0;0,0;0,0;0,0;0,0;;;;;;;;
204;0,04110113161566779;0,020000955389318502;-0,041100000008204594;-0,01999999998677329;1,1316074631922968e-06;9,554025452128412e-07;0,0027163883024077084;0,0027163883024077084;0,0027163883024077084;0,9715210367042894;-0,280113048485868;0,9714905244664772;-0,2805692397558441;2,716388302407708e-07
205;0,04120265859137899;0,020002008336556645;-0,04120113161507911;-0,02000095538739221;1,5269762998829095e-06;1,0529491644359346e-06;0,0027217331729939274;0,0027217331729939274;0,0027217331729939274;0,9715599301162233;-0,2797622873925966;0,9715210367042894;-0,280113048485868;2,7217331729939274e-07
206;0,00020000004940863092;3,3954239530783595e-11;-0,00020000001183216145;-8,047940834190672e-12;3,757646946963948e-11;2,5906298696592924e-11;1,17077053055543e-05;1,17077053055543e-05;1,17077053055543e-05;0,9862742471766227;-0,26750149134767587;0,9862740618731345;-0,2675089129532998;1,17077053055543e-09
207;0,00010000001165317909;8,00574596696196e-12;-0,00010000000000459556;2,5207547250264084e-14;1,1648583532757224e-11;8,030953514212225e-12;5,853852988618429e-06;5,853852988618428e-06;5,853852988618429e-06;0,9862740618731345;-0,2675089129532998;0,9862739469861869;-0,26751351435018356;5,853852988618429e-10
208;0,0;0,0;0,0;0,0;0,0;0,0;;;;;;;;
209;-0,27203810554172114;-0,1310262726477014;0,27213020810591265;0,13108977106159939;9,210256419150964e-05;6,349841389799438e-05;0,017637566282120574;0,017637566282120574;0,017637566282120574;0,9884004158380741;-0,10324121439225678;0,9887622391119901;-0,09997071187031167;1,7637566282120574e-06
210;-0,41608280488731203;-0,2010570866188126;0,41628690428266835;0,20119779794217232;0,00020409939535631638;0,0001407113233597157;0,02844721191352424;0,02844721191352424;0,02844721191352424;0,9378821833865321;-0,6198800415487472;0,9383794062422082;-0,6151840286876948;2,844721191352424e-06
211;0,315151351757869;0,1521043434099467;-0,31507730857768307;-0,15205329777414467;7,404318018594536e-05;5,1045635802021705e-05;0,02121645309311385;0,021216453093113846;0,02121645309311385;0,9522627875601389;-0,42396008726952067;0,9520209507195608;-0,42621813373708584;2,121645309311385e-06
212;0,35026632109912864;0,169183612900328;-0,35012592177373;-0,16908681802819636;0,00014039932539866573;9,679487213162807e-05;0,02359398828623042;0,02359398828623042;0,02359398828623042;0,9518559768050961;-0,4321025546701291;0,9514435975291622;-0,4359479514655929;2,359398828623042e-06
213;0,341165615226837;0,16511417867224082;-0,3410786775172656;-0,16505424350131617;8,693770957141078e-05;5,993517092464651e-05;0,022989755199491594;0,022989755199491594;0,022989755199491594;0,9518487017623819;-0,43217625785722413;0,9515866081641957;-0,4346071170531431;2,298975519949159e-06
214;0,4383987033856518;0,21232348061773967;-0,43808480165790514;-0,21205846221683397;0,00031390172774664604;0,0002650184009057033;0,02955835984987445;0,02955835984987446;0,02955835984987446;0,9514473088117732;-0,43838638885105785;0,9506698755178504;-0,4503576126341259;2,955835984987446e-06
215;0,11902467986347108;0,058017015316650315;-0,11901874432457525;-0,05801292358345404;5,935538895829318e-06;4,0917331962722625e-06;0,007754816064662879;0,007754816064662879;0,007754816064662879;0,9858120244954096;-0,27154281389425866;0,9857589541886178;-0,27200902270704486;7,754816064662878e-07
216;0,0;0,0;0,0;0,0;0,0;0,0;;;;;;;;
217;-0,27311620360985894;-0,13201117396576625;0,27329210009680405;0,13213244713931624;0,00017589648694510407;0,00012127317354998501;0,01771798770961493;0,017717987709614934;0,017717987709614934;0,9884727481080539;-0,1025258414846328;0,9891607747388782;-0,0963650549809012;1,7717987709614935e-06
218;-0,0004000001040840323;-7,054489993194284e-11;0,0004000001412428622;9,616466776293938e-11;3,7158829886783235e-11;2,5619767830996538e-11;2,3765725241868073e-05;2,3765725241868066e-05;2,3765725241868073e-05;0,971736252180307;-0,5907808675928711;0,9717363424517518;-0,5907771978336835;2,376572524186807e-09
219;-0,00030000000644744325;-3,563311614852594e-12;0,0003000001039893886;7,081521373554758e-11;9,754194533247856e-11;6,725190212069498e-11;1,7824295471798e-05;1,7824295471798e-05;1,7824295471798e-05;0,9717359362302416;-0,5907937117553835;0,971736252180307;-0,5907808675928711;1,7824295471798e-09
220;-0,0001000000005347835;6,024562473751856e-14;0,00010000000363135328;2,074735451503172e-12;3,0965697806481854e-12;2,1349810762406906e-12;5,941431911996897e-06;5,941431911996897e-06;5,941431911996897e-06;0,971735906139761;-0,5907949350093904;0,9717359362302416;-0,5907937117553835;5,941431911996896e-10
221;0,0;0,0;0,0;0,0;0,0;0,0;;;;;;;;
222;0,00010000000334057603;1,971727090173197e-12;-0,00010000000084846304;-2,534986940006716e-13;2,4921129884118015e-12;1,7182283961725254e-12;6,154657973209323e-06;6,1546579732093235e-06;6,1546579732093235e-06;0,9380704679116286;-0,6182483089993454;0,9380704445338531;-0,6182492934716621;6,154657973209323e-10
223;0,0002000000433945209;3,028629483561155e-11;-0,00020000000185703323;-1,64915627583133e-12;4,1537487669275966e-11;2,8637138559780217e-11;1,2309315649510643e-05;1,2309315649510641e-05;1,2309315649510643e-05;0,93807066273709;-0,6182401050653393;0,9380704679116286;-0,6182483089993454;1,2309315649510643e-09
224;0,3362037086685651;0,163071500847437;-0,33614575320247636;-0,16303154249598864;5,79554660887216e-05;3,995835144834925e-05;0,02299020709631773;0,022990207096317727;0,02299020709631773;0,9383794062422082;-0,6151840286876948;0,9382046623014846;-0,6168188802712187;2,299020709631773e-06
225;0,393576853885188;0,19032876220987727;-0,3933099058358244;-0,190144717670255;0,00026694804936355787;0,00018404453962225786;0,0263734259235335;0,026373425923533502;0,026373425923533502;0,9570502236465751;-0,3830640568904142;0,9563487275784885;-0,3895523310505911;2,6373425923533504e-06
226;0,10301874432474148;0,050012923583736546;-0,10299999999987165;-0,04999999999996855;1,874432486982658e-05;1,2923583767997238e-05;0,00670716182892539;0,006707161828925389;0,00670716182892539;0,9857589541886178;-0,27200902270704486;0,9855652205477936;-0,2737303675952087;6,70716182892539e-07
227;0,0;0,0;0,0;0,0;0,0;0,0;;;;;;;;
228;0,0;0,0;0,0;0,0;0,0;0,0;;;;;;;;
229;0,3482086588973082;0,16914385733077958;-0,34809487586144827;-0,16906541338899456;0,00011378303585990457;7,844394178502245e-05;0,023369101029705876;0,023369101029705876;0,023369101029705876;0,9563979970022257;-0,3890720845178451;0,9560604642312946;-0,39215826682882116;2,3369101029705876e-06
230;-0,3182533241586548;-0,15410571009703097;0,31835411342725184;0,15419079373949307;0,00010078926859702353;8,50836424620971e-05;0,02144844784377478;0,021448447843774778;0,02144844784377478;0,9518250465842913;-0,43253329209228086;0,9521690493349764;-0,4272443582789274;2,144844784377478e-06
231;-0,14300062487490836;-0,06900052753373456;0,1430130487112278;0,0690110162924245;1,2423836319441772e-05;1,0488758689933264e-05;0,009412887737891971;0,00941288773789197;0,009412887737891971;0,9738791830429453;-0,2452793313180127;0,9739757724454043;-0,2438189192974764;9,412887737891971e-07
232;0,01800085041715832;0,009000586330153241;-0,018000000005687515;-0,008999999970166166;8,504114708055011e-07;5,863599870752079e-07;0,0012119864833067813;0,0012119864833067817;0,0012119864833067817;0,9587186608339232;-0,4270215217391235;0,9586699351757693;-0,42743187681875006;1,211986483306782e-07
233;0,3091358881732946;0,14909368106318202;-0,3090949997080673;-0,14906549412119546;4,0888465227317816e-05;2,818694198655769e-05;0,020353627794845088;0,020353627794845088;0,020353627794845088;0,9735516279443623;-0,5443604486057609;0,9734124263692515;-0,5456337441420389;2,035362779484509e-06
234;-0,31614020004219257;-0,153027714932763;0,31618190760366177;0,15305646652832897;4,17075614692064e-05;2,875159556597895e-05;0,02055648345039097;0,020556483450390975;0,020556483450390975;0,9864644526291771;-0,278618657672426;0,98660507304937;-0,27736150844886426;2,0556483450390976e-06
235;0,32115565622342646;0,15510731904981753;-0,3210673631947735;-0,15504644396576686;8,829302865293043e-05;6,08750840506711e-05;0,02115059730581095;0,021150597305810946;0,02115059730581095;0,9735516279443623;-0,5443604486057609;0,9732623325711003;-0,5469987833490311;2,115059730581095e-06
236;0,279078677500367;0,13505424362567803;-0,2790398780932421;-0,13502749273485595;3,8799407124923135e-05;2,6750890822074824e-05;0,018810841613226836;0,018810841613226836;0,018810841613226836;0,9515866081641957;-0,4346071170531431;0,9514436504112089;-0,43593388960166857;1,8810841613226835e-06
237;0,04900420426667807;0,024002898689929084;-0,04900000000212234;-0,02399999999042691;4,204264555732196e-06;2,8986995021726414e-06;0,003263543830782231;0,0032635438307822306;0,003263543830782231;0,9653383071588205;-0,6491811163563372;0,9652489549886069;-0,6499727126702112;3,263543830782231e-07
238;0,36343513154824925;0,17523105170763997;-0,3633584154455122;-0,1751781585259991;7,67161027370733e-05;5,2893181640867315e-05;0,02414617395157224;0,024146173951572238;0,02414617395157224;0,964731068484534;-0,6547401835626007;0,9645109118638443;-0,6567750408809251;2,414617395157224e-06
239;-0,36504311307604603;-0,17702972221654512;0,3652213060241031;0,17715258333783007;0,00017819294805704322;0,0001228611212849562;0,02430972201287887;0,024309722012878867;0,02430972201287887;0,9635383713508276;-0,6656093610141725;0,9640464875568978;-0,6609806315435677;2,430972201287887e-06
240;0,0;0,0;0,0;0,0;0,0;0,0;;;;;;;;
241;0,0;0,0;0,0;0,0;0,0;0,0;;;;;;;;
242;0,265125921751979;0,128086818196189;-0,2650349087060586;-0,12802406775139566;9,101304592040727e-05;6,275044479334135e-05;0,01786737829479447;0,01786737829479447;0,01786737829479447;0,9514435975291622;-0,4359479514655929;0,951090586426749;-0,4392397570868033;1,786737829479447e-06
243;0,2710949997075577;0,13106549412317062;-0,271021546970495;-0,13101485422158965;7,345273706266253e-05;5,063990158096776e-05;0,017859770808559862;0,01785977080855986;0,017859770808559862;0,9734124263692515;-0,5456337441420389;0,9731273967104714;-0,54822603602368;1,7859770808559863e-06
244;0,2130773085461216;0,10305329797451392;-0,21302986250770622;-0,10302058765204203;4,7446038415388525e-05;3,2710322471887765e-05;0,014353964495885286;0,014353964495885286;0,014353964495885286;0,9520209507195608;-0,42621813373708584;0,9517918661368157;-0,4283463068970946;1,4353964495885286e-06
245;-0,2581735929742855;-0,1250507381848597;0,2582533241234922;0,1251057101399899;7,973114920672986e-05;5,497195513018416e-05;0,01740620415765237;0,017406204157652372;0,017406204157652372;0,9515075485741369;-0,4354718112491512;0,9518250465842913;-0,43253329209228086;1,7406204157652373e-06
246;0,3163099058332349;0,15314471772592705;-0,3161371529560413;-0,15302561506221665;0,00017275287719359378;0,00011910266371040201;0,021216112877189428;0,021216112877189428;0,021216112877189428;0,9563487275784885;-0,3895523310505911;0,955784367409912;-0,3947591984490933;2,1216112877189426e-06
247;0,18211544211722447;0,08801064499014201;-0,18210532845598845;-0,08800367343725116;1,0113661236016425e-05;6,971552890852606e-06;0,012197297625859981;0,012197297625859985;0,012197297625859985;0,957415861007954;-0,4390295631156991;0,9573583994755838;-0,4395610968995519;1,2197297625859985e-06
248;-0,25800248191517816;-0,12500171113116376;0,2580387598097884;0,12502672501138756;3,627789461024822e-05;2,501388022380091e-05;0,01696214279766726;0,016962142797667258;0,01696214279766726;0,9758206843809283;-0,2102835404641387;0,9759689331327889;-0,2089461024412798;1,696214279766726e-06
249;0,3213584154448713;0,15517815853342462;-0,3212533343200526;-0,1551057133389822;0,00010508112481871779;7,244519444241093e-05;0,021361622996091033;0,021361622996091022;0,021361622996091033;0,9645109118638443;-0,6567750408809251;0,9641700203285258;-0,6599140315013238;2,1361622996091036e-06
250;0,0;0,0;0,0;0,0;0,0;0,0;;;;;;;;
251;-0,16010101548111494;-0,07800070006598946;0,16011620360995882;0,07801117396587195;1,5188128843879323e-05;1,0473899882498805e-05;0,010403067112996423;0,010403067112996421;0,010403067112996423;0,9883715124924607;-0,10341490524114023;0,9884727481080539;-0,1025258414846328;1,0403067112996425e-06
252;0,3160848015969465;0,15305846236276913;-0,3160000001259896;-0,15299999929524755;8,480147095690782e-05;5,846306752158026e-05;0,021328260718413213;0,021328260718413213;0,021328260718413213;0,9506698755178504;-0,4503576126341259;0,9503942967402322;-0,4529132326767951;2,1328260718413214e-06
253;0,30211186719844;0,14607712965358796;-0,3020436349395537;-0,1460300857979399;6,823225888630269e-05;4,704385564804903e-05;0,019721074115928185;0,019721074115928182;0,019721074115928185;0,9824206783439123;-0,3058543682856576;0,9821808904019629;-0,30801491266448167;1,9721074115928185e-06
254;0,0;0,0;0,0;0,0;0,0;0,0;;;;;;;;
255;0,236043707597343;0,11403013266065501;-0,23601667234956994;-0,11401149397758903;2,7035247773060656e-05;1,8638683065980155e-05;0,015323291539952941;0,015323291539952938;0,015323291539952941;0,9877051386121405;-0,2586245984721827;0,9875828695621425;-0,2597225592841449;1,5323291539952943e-06
256;0,24406736319373787;0,11804644397213886;-0,24401631150793712;-0,11801124554581384;5,105168580074593e-05;3,519842632501713e-05;0,01608290413592173;0,016082904135921734;0,016082904135921734;0,9732623325711003;-0,5469987833490311;0,9730423330894639;-0,5489981042900285;1,6082904135921734e-06
257;-0,029000076358448344;-0,014000052590814141;0,029001289218464173;0,014000888777700523;1,2128600158298197e-06;8,361868863819566e-07;0,0019529529454174249;0,0019529529454174245;0,0019529529454174249;0,952002759132795;-0,4263693052091468;0,9520457961316345;-0,4259676817089751;1,9529529454174248e-07
258;0,22609487584494772;0,11006541348986858;-0,22601396394360065;-0,11000962744571136;8,091190134706938e-05;5,578604415722166e-05;0,015185423078154282;0,015185423078154276;0,015185423078154282;0,9560604642312946;-0,39215826682882116;0,9556910359808402;-0,3955187889738998;1,518542307815428e-06
259;0,07711123592090952;0,03700774592359292;-0,07710000009345536;-0,03699999948354688;1,1235827454159075e-05;7,74644004603725e-06;0,005262466233442363;0,005262466233442362;0,005262466233442363;0,9383794062422082;-0,6151840286876948;0,9382315012629217;-0,6166059334366955;5,262466233442363e-07
260;0,0;0,0;0,0;0,0;0,0;0,0;;;;;;;;
261;0,0;0,0;0,0;0,0;0,0;0,0;;;;;;;;
262;0,16801222300125707;0,08200842611735434;-0,1680035652953735;-0,082002456919317;8,657705883569067e-06;5,969198037344969e-06;0,011471533317800152;0,011471533317800155;0,011471533317800155;0,9409426808328976;-0,5909036282796878;0,9408903453140071;-0,5913837660139422;1,1471533317800155e-06
263;0,15414846240130736;0,07403341195289771;-0,15413093335380404;-0,07402132736424873;1,752904750332296e-05;1,2084588648986205e-05;0,010323082750289437;0,010323082750289437;0,010323082750289437;0,9563979970022257;-0,3890720845178451;0,9562803639026136;-0,39017940383709604;1,0323082750289436e-06
264;0,0500024279682857;0,024001673500038432;-0,05000000005543752;-0,0239999996560187;2,427912848178282e-06;1,6738440197332227e-06;0,003413656313581605;0,003413656313581605;0,003413656313581605;0,93807066273709;-0,6182401050653393;0,9380213928267487;-0,6187136140470514;3,4136563135816044e-07
265;0,15403093335428902;0,07402132736345815;-0,15400758805575354;-0,0740052315625527;2,3345298535482062e-05;1,6095800905446822e-05;0,010317640703773605;0,010317640703773607;0,010317640703773607;0,9562803639026136;-0,39017940383709604;0,9561236075115318;-0,39165340423417755;1,0317640703773605e-06
266;-0,15400845750964745;-0,0740058307527314;0,15409010245274746;0,07406212220460885;8,164494310000658e-05;5,62914518774521e-05;0,01031362430619101;0,010313624306191009;0,01031362430619101;0,9565017870068402;-0,38821687026949203;0,9570502236465751;-0,3830640568904142;1,031362430619101e-06
267;-0,14400379116310283;-0,07000261276686881;0,14402508901892527;0,07001729692464517;2,1297855822444145e-05;1,4684157776362339e-05;0,009854818395631975;0,009854818395631973;0,009854818395631975;0,9380548327354564;-0,6182124617251885;0,9382046623014846;-0,6168188802712187;9,854818395631975e-07
268;-0,19410000000782576;-0,09400000000524816;0,19414020004169721;0,09402771493284647;4,0200033871451435e-05;2,7714927598301853e-05;0,0126250195248398;0,012625019524839798;0,0126250195248398;0,9862437537957958;-0,28059004428960205;0,9864644526291771;-0,278618657672426;1,2625019524839799e-06
269;0,19402807938421648;0,09401935979382589;-0,1940000000002597;-0,09399999999968879;2,807938395679721e-05;1,9359794137099873e-05;0,012651134658368228;0,012651134658368226;0,012651134658368228;0,9839510310072849;-0,29773584296463984;0,9837971860061434;-0,2991119716783947;1,2651134658368228e-06
270;-0,06000160337642095;-0,029001105547618436;0,06000477737928556;0,029003293840955686;3,174002864606007e-06;2,188293337250513e-06;0,0038929982709214636;0,0038929982709214636;0,0038929982709214636;0,9883439118328429;-0,10374756156479323;0,9884004158380741;-0,10324121439225678;3,892998270921464e-07
271;0,0210006248703406;0,010000527548423017;-0,02100000000077357;-0,009999999997413715;6,248695670306448e-07;5,275510093025876e-07;0,0013789473711687712;0,0013789473711687708;0,0013789473711687712;0,9738791830429453;-0,2452793313180127;0,9738460654497899;-0,24579083237678828;1,3789473711687713e-07
272;0,2460436349398133;0,1190300857983729;-0,24601136531751663;-0,1190078370283085;3,226962229666008e-05;2,2248770064403622e-05;0,016066621532454063;0,016066621532454067;0,016066621532454067;0,9821808904019629;-0,30801491266448167;0,9820416864150712;-0,30926761218141713;1,6066621532454065e-06
273;0,0;0,0;0,0;0,0;0,0;0,0;;;;;;;;
274;0,15703987804917965;0,07602749298740773;-0,15700177400784643;-0,07600122268726693;3,810404133322565e-05;2,627030014079601e-05;0,010587435380513972;0,010587435380513974;0,010587435380513974;0,9514436504112089;-0,43593388960166857;0,951194204397386;-0,4382467708192298;1,0587435380513972e-06
275;0,18679689094649593;0,09006680524783248;-0,18676082134198538;-0,09004193353926203;3,606960451055241e-05;2,487170857044807e-05;0,012011835388891293;0,012011835388891294;0,012011835388891294;0,9967586687303185;-0,028629666414086465;0,996550584549565;-0,030491658730957227;1,2011835388891295e-06
276;0,2710959130915126;0,13106996259090253;-0,27102478632462385;-0,1310209230689984;7,112676688875164e-05;4,9039521904131744e-05;0,018009315987260868;0,01800931598726087;0,01800931598726087;0,9653383071588205;-0,6491811163563372;0,965064590185865;-0,6516916255332729;1,800931598726087e-06
277;0,24425333431757135;0,11810571335456813;-0,2441983430334932;-0,11806780143690558;5,4991284078154123e-05;3,791191766254476e-05;0,01624613949870051;0,01624613949870051;0,01624613949870051;0,9641700203285258;-0,6599140315013238;0,9639354327606737;-0,6620670413713331;1,624613949870051e-06
278;0,24409834303487518;0,11806780143619339;-0,24402603535423548;-0,11801795044166175;7,230768063970494e-05;4,985099453164166e-05;0,01624074739132171;0,01624074739132171;0,01624074739132171;0,9639354327606737;-0,6620670413713331;0,9636268657788927;-0,6648977748420614;1,6240747391321712e-06
279;-0,1730088011352109;-0,08400606643921023;0,1730472458264398;0,08403257131497538;3,8444691228906036e-05;2,650487576515148e-05;0,011842188898633992;0,011842188898633994;0,011842188898633994;0,9376571332616149;-0,6219799549555446;0,9378821833865321;-0,6198800415487472;1,1842188898633994e-06
280;0,16003490867033307;0,07702406797203888;-0,16000177023021678;-0,07700122012823776;3,3138440116292633e-05;2,2847843801118706e-05;0,01078139701414587;0,01078139701414587;0,01078139701414587;0,951090586426749;-0,4392397570868033;0,9508776237586279;-0,44124548467339714;1,078139701414587e-06
281;0,1816607983945582;0,08804191771771142;-0,18164069963393187;-0,08802806032395168;2,0098760626335865e-05;1,3857393759739156e-05;0,011695387645974605;0,011695387645974605;0,011695387645974605;0,996550584549565;-0,030491658730957227;0,9964314646079582;-0,03154317902571475;1,1695387645974606e-06
282;0,17924042636842533;0,0870278709440405;-0,1792243586110219;-0,08701679414137398;1,6067757403426253e-05;1,1076802666529217e-05;0,011541173478640235;0,011541173478640235;0,011541173478640235;0,9967586687303185;-0,028629666414086465;0,9966621593187106;-0,029476995163815925;1,1541173478640236e-06
283;0,11502980789140228;0,05602055022584262;-0,11500404846817873;-0,05600279058982432;2,5759423223553624e-05;1,7759636018299663e-05;0,007761109825938897;0,007761109825938895;0,007761109825938897;0,9517918661368157;-0,4283463068970946;0,9515617408463878;-0,43044622942188054;7,761109825938896e-07
284;0,36142744668877125;0,17415681346054945;-0,36135509741776467;-0,1741069310630291;7,234927100657762e-05;4,988239752035106e-05;0,02344888186779853;0,02344888186779853;0,02344888186779853;0,987817574073396;-0,10837826217611934;0,9876037830365274;-0,11031110872215012;2,344888186779853e-06
285;0,17403387183139543;0,08502555320151994;-0,1740196848551601;-0,08501357334730641;1,418697623534193e-05;1,197985421352854e-05;0,01138094636872486;0,011380946368724863;0,011380946368724863;0,9825978707239201;-0,1812263156051422;0,9825065282912476;-0,18256829781399256;1,1380946368724863e-06
286;-0,24300000001184432;-0,11799999994368596;0,24304311307187038;0,11802972224295614;4,3113060026050976e-05;2,972229927018788e-05;0,016189546148643007;0,016189546148643007;0,016189546148643007;0,963353764923102;-0,6672855046384997;0,9635383713508276;-0,6656093610141725;1,6189546148643008e-06
287;0,0;0,0;0,0;0,0;0,0;0,0;;;;;;;;
288;0,17203233035636564;0,08202228863420327;-0,17201039122479525;-0,08200716424052763;2,1939131570392068e-05;1,5124393675639003e-05;0,01114745827280806;0,011147458272808062;0,011147458272808062;0,9870815822282965;-0,11511577170663788;0,9869453045045786;-0,11638163663258362;1,114745827280806e-06
289;0,17002019125503504;0,08201392303871062;-0,17001034105525173;-0,08200712979748072;9,850199783306701e-06;6,793241229902103e-06;0,01109351000854115;0,011093510008541151;0,011093510008541151;0,9824206783439123;-0,3058543682856576;0,982359144721507;-0,3064125731187;1,1093510008541152e-06
290;0,0;0,0;0,0;0,0;0,0;0,0;;;;;;;;
291;-0,15312568089205053;-0,07401770575091018;0,15317359293950505;0,07405073839966904;4,79120474545236e-05;3,303264875885448e-05;0,010323307732308142;0,010323307732308142;0,010323307732308142;0,9511858969651006;-0,43846533248093;0,9515075485741369;-0,4354718112491512;1,0323307732308141e-06
292;-0,15300000005922537;-0,07399999967178918;0,15302568089579419;0,07401770574789136;2,568083656881437e-05;1,770607610218633e-05;0,010317843235007746;0,010317843235007746;0,010317843235007746;0,9510133933438385;-0,4400690610753478;0,9511858969651006;-0,43846533248093;1,0317843235007746e-06
293;0,14902154696863693;0,07201485423172957;-0,1490078006780729;-0,0720053776223256;1,3746290564026209e-05;9,476609403966108e-06;0,009819602696141305;0,009819602696141303;0,009819602696141305;0,9731273967104714;-0,54822603602368;0,9730303826985786;-0,5491093597434069;9,819602696141305e-07
294;0,09500404846164724;0,0460027906313905;-0,09500000003644286;-0,04599999980210067;4,048425204378203e-06;2,790829289826824e-06;0,0064044889940177725;0,0064044889940177725;0,0064044889940177725;0,9515617408463878;-0,43044622942188054;0,9515179289313376;-0,4308519828549042;6,404488994017772e-07
295;-0,1941278366996512;-0,09401919028620978;0,1941566584076619;0,09403906007579219;2,882170801069006e-05;1,986978958240515e-05;0,013237016394168442;0,013237016394168442;0,013237016394168442;0,9407917655919911;-0,5923165293012252;0,9409426808328976;-0,5909036282796878;1,323701639416844e-06
296;-0,19400000019214397;-0,09399999884139233;0,19402783670688534;0,09401919028004609;2,783651474136395e-05;1,9191438653753945e-05;0,013231493481728;0,013231493481728;0,013231493481728;0,940645942552475;-0,5936805407530491;0,9407917655919911;-0,5923165293012252;1,3231493481728e-06
297;0,1550166723489438;0,07501149397753909;-0,15499999999970548;-0,07499999999976766;1,6672349238328055e-05;1,1493977771434571e-05;0,010067662522758794;0,010067662522758794;0,010067662522758794;0,9875828695621425;-0,2597225592841449;0,9874680945561853;-0,26074881777639447;1,0067662522758793e-06
298;0,15402013933028905;0,07401621796536605;-0,15400507130412353;-0,07400349621244544;1,5068026165521164e-05;1,2721752920608065e-05;0,00991224739627447;0,009912247396274472;0,009912247396274472;0,9953209740642333;-0,04093416034092756;0,9952097736738014;-0,04259064550956477;9,912247396274473e-07
299;0,15229722879164523;0,0740670344846179;-0,15221765981292;-0,0740121743405994;7,956897872524182e-05;5,486014401850925e-05;0,009902656486806891;0,00990265648680689;0,009902656486806891;0,9873702664255544;-0,25774753804912337;0,9868131958448085;-0,26266795761048717;9,90265648680689e-07
300;-0,034100081064645835;-0,017000055917381292;0,03410101548145433;0,017000700066013067;9,344168084984839e-07;6,441486317745881e-07;0,002225809355360898;0,0022258093553608983;0,0022258093553608983;0,9883423661614394;-0,10365485964468717;0,9883715124924607;-0,10341490524114023;2,2258093553608983e-07
301;0,2021811459944729;0,09805594396402739;-0,20217560700189444;-0,09805212675492135;5,538992578463242e-06;3,8172091060412194e-06;0,012973329557508208;0,012973329557508208;0,012973329557508208;1,0;0,0;0,9999704077091732;-0,00025945199633370104;1,2973329557508209e-06
302;0,2020756070021373;0,09805212675466503;-0,2019999999999538;-0,0979999999999233;7,560700218350869e-05;5,212675474172701e-05;0,012968134847683669;0,012968134847683667;0,012968134847683669;0,9999704077091732;-0,00025945199633370104;0,9995662597006932;-0,003804471746170219;1,296813484768367e-06
303;-0,17120115166063776;-0,08300079416608934;0,1712318191907521;0,08302193842565364;3,066753011432555e-05;2,1144259564301326e-05;0,011124711296470167;0,011124711296470167;0,011124711296470167;0,9874126962359385;-0,1120114876265573;0,9876037830365274;-0,11031110872215012;1,1124711296470166e-06
304;0,1492143360068923;0,07201203020897666;-0,14920046708187823;-0,07200032208408778;1,3868925014065558e-05;1,1708124888876181e-05;0,009735087843233686;0,009735087843233686;0,009735087843233686;0,9825978707239201;-0,1812263156051422;0,9824936155128748;-0,1827883348570712;9,735087843233686e-07
305;0,0;0,0;0,0;0,0;0,0;0,0;;;;;;;;
306;-0,020999999999958236;-0,009999999999882749;0,021000606297062355;0,01000041803110813;6,062971041193022e-07;4,180312253819485e-07;0,0013690914422938882;0,001369091442293888;0,0013690914422938882;0,9808566691818988;-0,19711680835324277;0,9808873323899554;-0,19682920686109046;1,3690914422938882e-07
307;-0,07700000002975786;-0,036999999832986755;0,0770017701991687;0,03700122030546701;1,7701694108446242e-06;1,2204724802525324e-06;0,005187134063605872;0,005187134063605873;0,005187134063605873;0,9508539813200335;-0,44146907328815044;0,9508776237586279;-0,44124548467339714;5,187134063605873e-07
308;-0,19200176128777188;-0,09300121263690025;0,19202066419777652;0,09301424555980362;1,890291000464228e-05;1,3032922903361e-05;0,013129857580991774;0,01312985758099177;0,013129857580991774;0,9381048727473182;-0,6177558162380536;0,9382046623014846;-0,6168188802712187;1,3129857580991774e-06
309;0,06000317813296372;0,02800233678986465;-0,060000942303685266;-0,028000795422710556;2,2358292784546707e-06;1,5413671540925877e-06;0,003960230608973532;0,003960230608973532;0,003960230608973532;0,9653383071588205;-0,6491811163563372;0,9652992669033333;-0,6495715771734011;3,9602306089735317e-07
310;0,1420196848552536;0,06901357334727595;-0,14200609146815313;-0,06900420028974462;1,3593387100468979e-05;9,373057531333884e-06;0,009278687108487458;0,009278687108487456;0,009278687108487458;0,9825065282912476;-0,18256829781399256;0,9824049616725214;-0,1834715905848482;9,278687108487458e-07
311;0,060105328418823795;0,02900367364883055;-0,0601000000234367;-0,028999999898796213;5,328395387096951e-06;3,6737500343358986e-06;0,004024697801232784;0,004024697801232783;0,004024697801232784;0,9573583994755838;-0,4395610968995519;0,9572666551837125;-0,44041368090010147;4,0246978012327837e-07
312;0,13901034105548532;0,06700712979793126;-0,13900005823695633;-0,06700004015607054;1,028281852899493e-05;7,0896418607191425e-06;0,009069507580585725;0,009069507580585725;0,009069507580585725;0,982359144721507;-0,3064125731187;0,982280582127458;-0,3071260328601367;9,069507580585725e-07
313;0,0;0,0;0,0;0,0;0,0;0,0;;;;;;;;
314;0,1321177201449075;0,06401221666988685;-0,1321000001245953;-0,06399999930978105;1,7720020312195217e-05;1,2217360105801212e-05;0,00898902921356738;0,008989029213567376;0,00898902921356738;0,9429246255755173;-0,5722811624119979;0,9427879868805916;-0,5735569370638335;8,98902921356738e-07
315;0,12200780067715956;0,05900537762497683;-0,12200000000155367;-0,05899999998936888;7,800675605892926e-06;5,377635607949072e-06;0,008041525530116377;0,008041525530116375;0,008041525530116377;0,9730303826985786;-0,5491093597434069;0,972963153992593;-0,5497202801749339;8,041525530116377e-07
316;0,13111757859043574;0,06401211834109691;-0,13110239532523374;-0,06400165074227945;1,5183265202001195e-05;1,0467598817454071e-05;0,008536617776501538;0,008536617776501538;0,008536617776501538;0,9868131958448085;-0,26266795761048717;0,9866898594436465;-0,263746149415545;8,536617776501538e-07
317;0,1310023953253637;0,06400165074233907;-0,13100000000057485;-0,0639999999989112;2,39532478885085e-06;1,650743427866752e-06;0,00853135990088902;0,008531359900889022;0,008531359900889022;0,9866898594436465;-0,263746149415545;0,9866703908303722;-0,2639158113386573;8,531359900889022e-07
318;0,1520333281623249;0,07302297880659252;-0,15201044717047837;-0,07300720262768891;2,288099184652448e-05;1,5776178903609273e-05;0,009851917889707023;0,009851917889707025;0,009851917889707025;0,9884004158380741;-0,10324121439225678;0,9882395181725532;-0,10470709039776027;9,851917889707025e-07
319;0,12912253609547447;0,06301553773642199;-0,12910764780591155;-0,06300527346197318;1,4888289562919876e-05;1,0264274448806843e-05;0,00832307843698891;0,008323078436988911;0,008323078436988911;0,9966621593187106;-0,029476995163815925;0,9965381187066739;-0,0305516698898343;8,323078436988912e-07
320;0,12843701004809685;0,06202551641180723;-0,1284257020574004;-0,06201772027036859;1,1307990696457493e-05;7,796141438642934e-06;0,008264220512561118;0,008264220512561118;0,008264220512561118;0,9964314646079582;-0,03154317902571475;0,9963366412404956;-0,03238799613778512;8,264220512561117e-07
321;-0,04010058711182328;-0,019000404831408836;0,04010204482049475;0,019001409939363886;1,4577086714720466e-06;1,0051079550495168e-06;0,0025911673038050255;0,0025911673038050255;0,0025911673038050255;0,9887232979673618;-0,10033757373872118;0,9887622391119901;-0,09997071187031167;2,5911673038050256e-07
322;0,126023318855987;0,06101607756855972;-0,1260000000001224;-0,06099999999898961;2,331885586459581e-05;1,6077569570109584e-05;0,008152190352808012;0,008152190352808012;0,008152190352808012;0,9916232402964306;-0,0715641111708819;0,9914249797424451;-0,07332769652692335;8,152190352808013e-07
323;0,12601258143617278;0,061010622032362315;-0,12599999999981984;-0,06100000000003152;1,2581436352937514e-05;1,0622032330792619e-05;0,008209930519763032;0,008209930519763032;0,008209930519763032;0,9845645061259735;-0,15182695018657716;0,9844523209963795;-0,15349592594059264;8,209930519763032e-07
324;0,12601136531706744;0,06100783702832233;-0,1259999999997805;-0,060999999999806875;1,136531728693213e-05;7,837028515457478e-06;0,00823088575130787;0,008230885751307869;0,00823088575130787;0,9820416864150712;-0,30926761218141713;0,9819459775769305;-0,31012762650350867;8,23088575130787e-07
325;0,059003292209266395;0,029002269792112914;-0,05899999999991693;-0,028999999999840227;3,2922093494633375e-06;2,269792272687615e-06;0,0038269715028115825;0,003826971502811584;0,003826971502811584;0,9918652095359928;-0,09155213623939372;0,9918055303578681;-0,09206174467952227;3,826971502811584e-07
326;0,07700758804331534;0,03700523162688037;-0,07700000001263382;-0,03699999993404386;7,588030681515701e-06;5,23169283650482e-06;0,005159095261957023;0,005159095261957022;0,005159095261957023;0,9561236075115318;-0,39165340423417755;0,956021710633298;-0,39261176370789286;5,159095261957023e-07
327;0,03800094230277356;0,01800079542757653;-0,03800000000178112;-0,017999999993472564;9,423009924361403e-07;7,954341039659307e-07;0,0025149585940879016;0,0025149585940879016;0,0025149585940879016;0,9652992669033333;-0,6495715771734011;0,9652719000793112;-0,6500014478987275;2,514958594087902e-07
328;-0,07700000001229437;-0,03699999993606848;0,07700845749914138;0,03700583081473622;8,457486847010531e-06;5,8308786677410684e-06;0,005157118438439133;0,005157118438439133;0,005157118438439133;0,9563881723030686;-0,38928486175035176;0,9565017870068402;-0,38821687026949203;5,157118438439133e-07
329;0,12201037196904531;0,05900715047272379;-0,12200000000006245;-0,058999999999852164;1,0371968982861302e-05;7,150472871628177e-06;0,007940737769782099;0,007940737769782099;0,007940737769782099;0,9854030065294745;-0,3035360279372248;0,9853124822549942;-0,30434839441584133;7,940737769782099e-07
330;0,11500746745834824;0,05600514911870374;-0,11499999999995755;-0,05599999999966783;7,4674583906836345e-06;5,149119035909033e-06;0,007411068504823803;0,0074110685048238015;0,007411068504823803;0,9965381187066739;-0,0305516698898343;0,9964682539058056;-0,031160868981767696;7,411068504823803e-07
331;0,12201631150578827;0,05901124555546442;-0,1220000000020353;-0,05899999998918014;1,6311503752974854e-05;1,124556628428336e-05;0,008042032967516457;0,008042032967516455;0,008042032967516457;0,9730423330894639;-0,5489981042900285;0,9729017618203725;-0,5502757430651488;8,042032967516458e-07
332;-0,05800000006555878;-0,027999999598189537;0,05800379106502295;0,028002613365261962;3,7909994641746603e-06;2,613767072424944e-06;0,003964251535692509;0,00396425153569251;0,00396425153569251;0,9379885621484252;-0,618840219260983;0,9380548327354564;-0,6182124617251885;3,96425153569251e-07
333;0,10932540911347738;0,053017518295112594;-0,10931584217252874;-0,05301092271247507;9,566940948640967e-06;6,595582637526631e-06;0,007040753562601951;0,007040753562601952;0,007040753562601952;0,9963366412404956;-0,03238799613778512;0,9962424539979475;-0,033218037593475504;7,040753562601952e-07
334;0,19402478632350226;0,09402092308774791;-0,19400000000974843;-0,09399999996506243;2,4786313753827338e-05;2,0923122685478912e-05;0,012898582519914907;0,012898582519914907;0,012898582519914907;0,965064590185865;-0,6516916255332729;0,9649239098243833;-0,653823228069033;1,2898582519914908e-06
335;-0,021100000022679477;-0,010000000015620767;0,021100587111523194;0,010000404831393875;5,870888437169153e-07;4,0481577310777506e-07;0,0013635140068552578;0,0013635140068552576;0,0013635140068552578;0,9886934931067367;-0,10061823003960133;0,9887232979673618;-0,10033757373872118;1,3635140068552578e-07
336;-0,18603233035659958;-0,08902228863417362;0,18612327822737104;0,08908499263800204;9,094787077146282e-05;6,270400382842045e-05;0,012062832870117399;0,012062832870117399;0,012062832870117399;0,9870815822282965;-0,11511577170663788;0,9876037830365274;-0,11031110872215012;1,20628328701174e-06
337;0,1031048516715583;0,050004095873292013;-0,10310000001356619;-0,04999999999426244;4,851657992119285e-06;4,095879029573923e-06;0,006792668974950323;0,006792668974950323;0,006792668974950323;0,9739757724454043;-0,2438189192974764;0,9739234771264831;-0,24460307255317976;6,792668974950323e-07
338;0,10100466365650146;0,049003215865835;-0,10099999999975608;-0,04899999999979339;4,663656745382272e-06;3,2158660416073404e-06;0,006587791884321924;0,006587791884321923;0,006587791884321924;0,983877212768591;-0,2927071915630271;0,9838281379084718;-0,2931449277138212;6,587791884321924e-07
339;0,10100071524198426;0,04900049336477605;-0,10100000000044808;-0,049000000004738295;7,152415361783016e-07;4,933600377537983e-07;0,00659592117659566;0,006595921176595662;0,006595921176595662;0,9826231143783286;-0,30390210592370603;0,9826155966870876;-0,30396931509810593;6,595921176595662e-07
340;0,0;0,0;0,0;0,0;0,0;0,0;;;;;;;;
341;0,09921576713353814;0,04801087097384677;-0,09920749002034095;-0,04800516439269839;8,277113197188712e-06;5,706581148380574e-06;0,006387651838747216;0,006387651838747216;0,006387651838747216;0,9962424539979475;-0,033218037593475504;0,9961526442597428;-0,034014157191431714;6,387651838747215e-07
342;0,0;0,0;0,0;0,0;0,0;0,0;;;;;;;;
343;0,10401396392482262;0,0510096275513949;-0,10400000001880036;-0,05099999990620309;1,396390602226294e-05;9,627645191807865e-06;0,006998620856576462;0,006998620856576463;0,006998620856576463;0,9556910359808402;-0,3955187889738998;0,9555526379411475;-0,3967532468758308;6,998620856576463e-07
344;-0,005100041419839103;-0,0020000285509788147;0,005100109286027633;0,002000075341318262;6,786618853005244e-08;4,6790339447173174e-08;0,0003295184774923206;0,00032951847749232064;0,00032951847749232064;0,9598347770193314;-0,4166477160106306;0,9598488401404469;-0,4164512665064145;3,295184774923206e-08
345;-0,07700000008723058;-0,036999999456095584;0,07700880102534317;0,03700606712173019;8,800938112590861e-06;6,067665634608421e-06;0,005260789485850518;0,005260789485850517;0,005260789485850518;0,9375412346098465;-0,6230913113313562;0,9376571332616149;-0,6219799549555446;5,260789485850518e-07
346;0,049003565175873745;0,024002457625542744;-0,049000000050132046;-0,023999999706776666;3,565125741698816e-06;2,4579187660779545e-06;0,0033482961694061217;0,0033482961694061217;0,0033482961694061217;0,9408903453140071;-0,5913837660139422;0,9408164953539843;-0,5920549227644765;3,3482961694061217e-07
347;-0,00010000000002160215;-1,6327310529517906e-14;0,00010000002271794348;1,5664178977363985e-11;2,2696341334116354e-11;1,5647851666834468e-11;5,83952867473167e-06;5,83952867473167e-06;5,83952867473167e-06;0,9886932687095257;-0,10062719559615199;0,9886934931067367;-0,10061823003960133;5,83952867473167e-10
348;0,0;0,0;0,0;0,0;0,0;0,0;;;;;;;;
349;0,0;0,0;0,0;0,0;0,0;0,0;;;;;;;;
350;-0,08100000000409281;-0,03899999998166554;0,08100248190794197;0,0390017111711867;2,4819038491608048e-06;1,7111895211571748e-06;0,005319161356127822;0,005319161356127822;0,005319161356127822;0,9757883548162397;-0,2105799494667406;0,9758206843809283;-0,2102835404641387;5,319161356127822e-07
351;0,08601039122483985;0,04100716424059113;-0,08600000000005609;-0,041000000000037846;1,0391224783759534e-05;7,16424055328263e-06;0,005574093668401444;0,005574093668401443;0,005574093668401444;0,9869453045045786;-0,11638163663258362;0,986816217029829;-0,11758132964490303;5,574093668401444e-07
352;0,04200160337679111;0,020001105547943997;-0,042000000000157384;-0,020000000000147636;1,603376633727005e-06;1,1055477963616e-06;0,0027175519903199193;0,0027175519903199193;0,0027175519903199193;0,9883439118328429;-0,10374756156479323;0,9883030585528987;-0,10412789754125006;2,717551990319919e-07
353;0,00010000000447690484;3,5020857830479638e-12;-9,999999969057303e-05;-2,0207038959418704e-13;4,7863318126603605e-12;3,3000153934537767e-12;6,031237920078255e-06;6,031237920078256e-06;6,031237920078256e-06;0,9572666551837125;-0,44041368090010147;0,9572666093657555;-0,440415571669555;6,031237920078255e-10
354;0,0;0,0;0,0;0,0;0,0;0,0;;;;;;;;
355;0,0810090780192332;0,03900625865279323;-0,08100000000678198;-0,03899999996269952;9,07801245121631e-06;6,258690093713382e-06;0,005342958821296826;0,0053429588212968275;0,0053429588212968275;0,9715599301162233;-0,2797622873925966;0,9714422068301011;-0,28084619199350985;5,342958821296828e-07
356;0,08100609146795591;0,03900420028996507;-0,08099999999992608;-0,03899999999955263;6,091468029836844e-06;4,2002904124399665e-06;0,005283765848172718;0,00528376584817272;0,00528376584817272;0,9824049616725214;-0,1834715905848482;0,9823250798905718;-0,18419929322830683;5,283765848172719e-07
357;0,0810050713034109;0,03900349621248213;-0,08099999999959825;-0,0389999999998118;5,0713038126509735e-06;3,496212670324461e-06;0,005215711521192651;0,005215711521192651;0,005215711521192651;0,9952097736738014;-0,04259064550956477;0,9951424053705951;-0,043196119090756414;5,215711521192651e-07
358;0,07900083168818105;0,03800070228727473;-0,07900000000277377;-0,03799999999323709;8,316854072792923e-07;7,022940376397169e-07;0,005208269702707398;0,005208269702707396;0,005208269702707398;0,9717914287223469;-0,5902558279579434;0,9717797458234118;-0,5904338429735102;5,208269702707397e-07
359;0,0;0,0;0,0;0,0;0,0;0,0;;;;;;;;
360;0,055002650578182086;0,02700182747239063;-0,05500000000243601;-0,026999999989249686;2,6505757460756896e-06;1,8274831409433034e-06;0,0036646249936823057;0,0036646249936823057;0,0036646249936823057;0,9653383071588205;-0,6491811163563372;0,9652881338209351;-0,6496228848747362;3,6646249936823055e-07
361;-0,12100000013235833;-0,057999999152103604;0,12103555895806678;0,058024516123691076;3,5558825708451036e-05;2,4516971587472403e-05;0,008262770861512553;0,008262770861512555;0,008262770861512555;0,9375840819014402;-0,6227563002798395;0,9378821833865321;-0,6198800415487472;8,262770861512555e-07
362;0,00010000000975235331;6,73999706851608e-12;-9,999999978732155e-05;1,3055833430897635e-13;9,965031756578938e-12;6,870555402825056e-12;6,153602013124836e-06;6,153602013124836e-06;6,153602013124836e-06;0,9382315012629217;-0,6166059334366955;0,9382314077678616;-0,6166098699745938;6,153602013124836e-10
363;0,0;0,0;0,0;0,0;0,0;0,0;;;;;;;;
364;0,0;0,0;0,0;0,0;0,0;0,0;;;;;;;;
365;0,07100694621641261;0,03400478918330598;-0,07100000000009256;-0,03399999999996084;6,946216320052878e-06;4,789183345142722e-06;0,004595250665881206;0,004595250665881205;0,004595250665881206;0,9891607747388782;-0,0963650549809012;0,989056073256147;-0,09732522082621288;4,595250665881206e-07
366;0,12213715292678119;0,05902561522883596;-0,12212095558985409;-0,05901444770789032;1,6197336927106787e-05;1,1167520945640219e-05;0,008194192262235065;0,008194192262235065;0,008194192262235065;0,955784367409912;-0,3947591984490933;0,955647376195433;-0,3960294723206253;8,194192262235065e-07
367;0,12202095559070955;0,059014447707171805;-0,12200000002109808;-0,05899999989101077;2,0955569611472158e-05;1,4447816161035354e-05;0,00818875307815216;0,008188753078152162;0,008188753078152162;0,955647376195433;-0,3960294723206253;0,9554700168103075;-0,3976709965576625;8,188753078152162e-07
368;0,06810711161181919;0,033004903494625065;-0,06810206956670488;-0,03300142687897269;5,042045114311833e-06;3,4766156523785563e-06;0,004386430792522084;0,004386430792522084;0,004386430792522084;0,9961526442597428;-0,034014157191431714;0,9960729673739441;-0,03471811973716557;4,386430792522083e-07
369;0,0680041271499164;0,03300284544057414;-0,067999999999979;-0,03299999999997842;4,1271499374023746e-06;2,8454405957209494e-06;0,004371175543955132;0,0043711755439551315;0,004371175543955132;0,9983934160037831;-0,014172970919612962;0,9983279653178501;-0,014747535931154167;4,3711755439551325e-07
370;0,0;0,0;0,0;0,0;0,0;0,0;;;;;;;;
371;0,035001773961797884;0,01700122294484332;-0,035000000013753016;-0,016999999924813904;1,7739480448683564e-06;1,22302002941721e-06;0,002361874884764049;0,002361874884764049;0,002361874884764049;0,951194204397386;-0,4382467708192298;0,9511421368570993;-0,4387254173414649;2,3618748847640489e-07
372;0,0;0,0;0,0;0,0;0,0;0,0;;;;;;;;
373;0,08501044717081198;0,041007202627730534;-0,08500421251940608;-0,041002904503747446;6,234651405895297e-06;4,298123983087487e-06;0,005514119848834135;0,005514119848834135;0,005514119848834135;0,9882395181725532;-0,10470709039776027;0,9881611695950926;-0,10541282935889436;5,514119848834135e-07
374;0,1220260353492333;0,05901795046853452;-0,12200000000587409;-0,05899999997188196;2,603534335920976e-05;1,7950496652562042e-05;0,008121309963991309;0,008121309963991309;0,008121309963991309;0,9636268657788927;-0,6648977748420614;0,963404681901065;-0,6669372879829617;8,121309963991309e-07
375;0,06200480768854607;0,03000405877163598;-0,0619999999999744;-0,030000000000013297;4,807688571667468e-06;4,0587716226836434e-06;0,004017085223226586;0,004017085223226586;0,004017085223226586;0,990008903639939;-0,08778434022508044;0,9899212962195347;-0,08908151085559167;4,0170852232265857e-07
376;0,0;0,0;0,0;0,0;0,0;0,0;;;;;;;;
377;0,06000073271904304;0,02900050510937737;-0,05999999999843768;-0,028999999999853667;7,327206053633906e-07;5,051095237039449e-07;0,0038532361308355923;0,0038532361308355923;0,0038532361308355923;0,9985271250572717;-0,03693258977600503;0,9985139468717142;-0,03704944625779426;3,8532361308355926e-07
378;0,0;0,0;0,0;0,0;0,0;0,0;;;;;;;;
379;0,0680026558099546;0,03300183128992262;-0,06799999999970764;-0,03299999999975896;2,6558102469570466e-06;1,8312901636646783e-06;0,0044197015448704975;0,004419701544870496;0,0044197015448704975;0,9874085051328643;-0,11202359340456712;0,9873668487613034;-0,11239350808358425;4,419701544870498e-07
380;0,05600220085111454;0,027001517480189353;-0,05599999999980676;-0,027000000000011376;2,2008513077820258e-06;1,5174801779767322e-06;0,0035986098683900495;0,003598609868390049;0,0035986098683900495;0,9974653257162466;-0,022385780791589503;0,9974229462804172;-0,022764612167236645;3,5986098683900495e-07
381;0,05600055077502475;0,027000379937362595;-0,05600000000081071;-0,026999999999781962;5,50774214042038e-07;3,799375806329275e-07;0,0035893742276651595;0,0035893742276651595;0,0035893742276651595;1,0;0,0;0,9999893657855402;-9,49573051874337e-05;3,5893742276651593e-07
382;0,053103689586721084;0,02600254391198521;-0,053101334242330794;-0,0260009199250921;2,3553443902896154e-06;1,6239868931081092e-06;0,003425989149993083;0,0034259891499930826;0,003425989149993083;0,9964314646079582;-0,03154317902571475;0,9963837810416224;-0,03195282069267921;3,425989149993083e-07
383;0,0;0,0;0,0;0,0;0,0;0,0;;;;;;;;
384;0,052000257716400204;0,025000177680715063;-0,052000000001851225;-0,024999999995171034;2,577145489790489e-07;1,7768554402830539e-07;0,0034280737185546054;0,0034280737185546054;0,0034280737185546054;0,9717363424517518;-0,5907771978336835;0,9717311340148128;-0,5908253333377315;3,4280737185546053e-07
385;-0,07110510580096029;-0,03400352003346538;0,07110802989889878;0,03400553610099069;2,9240979384920207e-06;2,0160675253122484e-06;0,004714124155011432;0,004714124155011431;0,004714124155011432;0,9652953468490171;-0,6495862070796354;0,9653383071588205;-0,6491811163563372;4,7141241550114316e-07
386;0,0;0,0;0,0;0,0;0,0;0,0;;;;;;;;
387;-0,0710000000030883;-0,03399999998613952;0,07100510580098128;0,03400352003335808;5,105797892979158e-06;3,5200472185623055e-06;0,004708729034110283;0,004708729034110283;0,004708729034110283;0,9652202422589131;-0,6502918437202544;0,9652953468490171;-0,6495862070796354;4,7087290341102827e-07
388;-0,000100000000128276;1,1152777863821252e-14;0,00010000001309875088;8,931561949342734e-12;1,2970474873178275e-11;8,942714727206555e-12;5,8471027060537796e-06;5,8471027060537796e-06;5,8471027060537796e-06;0,9874125681638358;-0,11201661142399953;0,9874126962359385;-0,1120114876265573;5,847102706053779e-10
389;0,0;0,0;0,0;0,0;0,0;0,0;;;;;;;;
390;0,05000182251518971;0,024001256405140763;-0,050000000000216614;-0,0240000000001712;1,8225149730974333e-06;1,2564049695629187e-06;0,0032129331653201246;0,0032129331653201246;0,0032129331653201246;0,9966621593187106;-0,029476995163815925;0,9966228647966898;-0,02983237683476566;3,2129331653201245e-07
391;0,0;0,0;0,0;0,0;0,0;0,0;;;;;;;;
392;0,0;0,0;0,0;0,0;0,0;0,0;;;;;;;;
393;0,0;0,0;0,0;0,0;0,0;0,0;;;;;;;;
394;0,04500074719221058;0,02200051516414012;-0,045000000000325;-0,022000000000377697;7,471918855792015e-07;5,151637624233041e-07;0,002918547473010789;0,0029185474730107895;0,0029185474730107895;0,9909020415015481;-0,10446685264219914;0,990884286448019;-0,10462085992921002;2,9185474730107894e-07
395;0,04500014252298955;0,02200009830944318;-0,04500000000033803;-0,022000000000022963;1,4252265152087107e-07;9,830942021560318e-08;0,002944360888502418;0,002944360888502419;0,002944360888502419;0,9822004927640772;-0,18482310594264403;0,9821971353931295;-0,1848525284597392;2,944360888502419e-07
396;0,052004212519470266;0,02500290450378815;-0,05200000000000636;-0,024999999999919482;4,212519463905884e-06;2,90450386866703e-06;0,0033713709040952364;0,0033713709040952364;0,0033713709040952364;0,9881611695950926;-0,10541282935889436;0,9880746013420942;-0,10619967319649849;3,3713709040952364e-07
397;0,04300030041082528;0,021000207162735363;-0,043000000000287815;-0,020999999999252925;3,00410537466822e-07;2,0716348243798866e-07;0,002798090013982782;0,002798090013982782;0,002798090013982782;0,9874126962359385;-0,1120114876265573;0,9874052505588734;-0,11207652431251214;2,798090013982782e-07
398;0,04100080826176543;0,020000557303531716;-0,04099999999970008;-0,019999999999860626;8,082620653465655e-07;5,573036710899981e-07;0,002675056631180883;0,002675056631180884;0,002675056631180884;0,9845815066153596;-0,28643006129996545;0,9845605546232211;-0,2866140924519115;2,675056631180884e-07
399;-0,04100000000016791;-0,019999999999946488;0,041000995385488105;0,02000068621255359;9,953853201960516e-07;6,862126071018049e-07;0,0026423891196219623;0,0026423891196219623;0,0026423891196219623;0,9967325481748985;-0,028856173202346333;0,9967586687303185;-0,028629666414086465;2,642389119621962e-07
400;0,03310085123774197;0,0160005869935354;-0,03310000000857676;-0,016000000005866755;8,512291652107429e-07;5,869876686451225e-07;0,0021497028620943025;0,002149702862094302;0,0021497028620943025;0,9874126962359385;-0,1120114876265573;0,9873852522276831;-0,11225775522744078;2,1497028620943028e-07
401;0,04000137277664512;0,019000946415237367;-0,040000000000189405;-0,019000000000022117;1,3727764557117106e-06;9,464152152492689e-07;0,0025668657704383618;0,0025668657704383618;0,0025668657704383618;0,9960729673739441;-0,03471811973716557;0,9960359433908987;-0,035062111159938125;2,5668657704383615e-07
402;0,00010000000854223393;5,974518138277835e-12;-9,999999999494896e-05;-8,075845910803853e-14;8,547284963676162e-12;5,893759679169796e-12;5,847264957681432e-06;5,8472649576814335e-06;5,8472649576814335e-06;0,9873852522276831;-0,11225775522744078;0,9873851678330572;-0,11226113210269915;5,847264957681433e-10
403;0,0;0,0;0,0;0,0;0,0;0,0;;;;;;;;
404;0,0;0,0;0,0;0,0;0,0;0,0;;;;;;;;
405;0,03710068271448189;0,01800047062883281;-0,03710024290746395;-0,018000167455882583;4,398070179434388e-07;3,0317295022716517e-07;0,002393510335842449;0,002393510335842449;0,002393510335842449;0,9946940571407064;-0,11487731437932741;0,9946813202134712;-0,11498955671575312;2,393510335842449e-07
406;0,034001005528411066;0,017000693302418816;-0,03399999999961697;-0,01699999999992225;1,0055287940971547e-06;6,933024965655177e-07;0,00220272592839063;0,0022027259283906304;0,0022027259283906304;0,9963837810416224;-0,03195282069267921;0,9963520810928037;-0,032209683789472796;2,2027259283906306e-07
407;0,03400008106512221;0,01700005591799482;-0,03399999999967006;-0,01700000000058439;8,106545214964234e-08;5,59174104276805e-08;0,0022205829356037664;0,002220582935603767;0,002220582935603767;0,9883423661614394;-0,10365485964468717;0,988339830798616;-0,10367560023812515;2,2205829356037666e-07
408;0,0;0,0;0,0;0,0;0,0;0,0;;;;;;;;
409;0,03100019719066266;0,015000135935932888;-0,03099999999895984;-0,014999999999524987;1,97191702820676e-07;1,3593640790093842e-07;0,001998944517941902;0,0019989445179419024;0,0019989445179419024;0,9946813202134712;-0,11498955671575312;0,9946744833028347;-0,11505024118161031;1,9989445179419024e-07
410;0,0;0,0;0,0;0,0;0,0;0,0;;;;;;;;
411;0,029103700703853867;0,014002551467933114;-0,02910146553040429;-0,014001010408771499;2,2351734495773545e-06;1,5410591616155794e-06;0,0018666840862127667;0,0018666840862127667;0,0018666840862127667;0,9989203551908377;-0,00951102974113792;0,9988373936118073;-0,010255504657953855;1,8666840862127666e-07
412;0,029000062597856847;0,014000052845132666;-0,02899999999828174;-0,013999999999943401;6,259957510690306e-08;5,2845189264447145e-08;0,001890247367133392;0,0018902473671333915;0,001890247367133392;0,9835833741895592;-0,16647912219515032;0,9835809505962677;-0,16651537350671003;1,8902473671333918e-07
413;0,023200467082091527;0,011000322083884118;-0,02320017251618446;-0,011000118967953764;2,9456590706564145e-07;2,03115930354561e-07;0,0015088319914502808;0,001508831991450281;0,001508831991450281;0,9824936155128748;-0,1827883348570712;0,9824801010689902;-0,182916270919561;1,5088319914502808e-07
414;0,023100172518176306;0,011000118969268105;-0,023100135354155716;-0,011000093334232;3,716402059011914e-08;2,5635036104282305e-08;0,001503524258012045;0,001503524258012045;0,001503524258012045;0,9824801010689902;-0,182916270919561;0,9824783893865743;-0,18293232001018833;1,503524258012045e-07
415;0,02800069679085004;0,014000480463690367;-0,027999999999939237;-0,013999999999983226;6,967909108035464e-07;4,804637071410128e-07;0,0018145664776467757;0,001814566477646776;0,001814566477646776;0,9960729673739441;-0,03471811973716557;0,9960463011366093;-0,034934312618723797;1,814566477646776e-07
416;0,026000247072798594;0,013000170343554081;-0,026000000003202132;-0,01299999998181117;2,4706959646236815e-07;1,7036174291065742e-07;0,0017333828997219084;0,0017333828997219086;0,0017333828997219086;0,9682280474000607;-0,329353466674863;0,9682181492164971;-0,329436019255833;1,7333828997219086e-07
417;0,07000176115295886;0,03400121347636941;-0,07000000008154465;-0,033999999513893965;1,7610714142107797e-06;1,2139624754464728e-06;0,0047895279668730886;0,0047895279668730886;0,0047895279668730886;0,9381048727473182;-0,6177558162380536;0,9380793838517032;-0,6179932896867469;4,789527966873089e-07
418;0,0240014509761091;0,012001000374494029;-0,023999999999959453;-0,011999999999951222;1,4509761496472873e-06;1,0003745428074917e-06;0,0015510974119502922;0,0015510974119502918;0,0015510974119502922;0,9988373936118073;-0,010255504657953855;0,9987724346285356;-0,010780464997190365;1,5510974119502923e-07
419;0,024000820254450463;0,01200056552587833;-0,024000000000056254;-0,011999999999909531;8,202543942091578e-07;5,655259687990105e-07;0,0015509247459281677;0,0015509247459281675;0,0015509247459281677;0,9989203551908377;-0,00951102974113792;0,9988836289773717;-0,00980780862139182;1,5509247459281678e-07
420;0,024000359807190775;0,012000248024856157;-0,023999999999973713;-0,012000000000233572;3,5980721706241336e-07;2,4802462258478875e-07;0,0015766149810192307;0,0015766149810192307;0,0015766149810192307;0,9826231143783286;-0,30390210592370603;0,9826072675563039;-0,3040322053789248;1,5766149810192308e-07
421;0,0;0,0;0,0;0,0;0,0;0,0;;;;;;;;
422;0,023000135353792722;0,011000093333293066;-0,023000000000466356;-0,01100000000010384;1,353533263664941e-07;9,333318922583045e-08;0,0014982207599665723;0,0014982207599665723;0,0014982207599665723;0,9824783893865743;-0,18293232001018833;0,9824721321093515;-0,1829903009214272;1,4982207599665723e-07
423;0,02300006335948642;0,011000043659472594;-0,023000000001625658;-0,010999999988299416;6,335786076339112e-08;4,367117317771729e-08;0,0015200802884193093;0,001520080288419309;0,0015200802884193093;0,9683465690769517;-0,27693120062620014;0,9683436824984001;-0,2769583059019245;1,5200802884193094e-07
424;0,02200061738685825;0,0100004256573856;-0,021999999999959212;-0,01000000000002658;6,173868990384801e-07;4,2565735901972657e-07;0,0014055514428595332;0,0014055514428595337;0,0014055514428595337;0,9926869595760144;-0,06483528130292911;0,9926566374952783;-0,06514829829579592;1,4055514428595337e-07
425;0,021300536465908775;0,010000369893701429;-0,021300127809909804;-0,010000088139086547;4,08655998970775e-07;2,8175461488227915e-07;0,0013650847767231976;0,0013650847767231976;0,0013650847767231976;0,9952334240584675;-0,09649200059534621;0,9952127144719903;-0,09669013855992217;1,3650847767231975e-07
426;0,02100047246141762;0,010000325726952128;-0,021000000000033277;-0,010000000000036029;4,7246138434181573e-07;3,2572691609916715e-07;0,0013686802737901615;0,001368680273790162;0,001368680273790162;0,9811752318911331;-0,194179433916654;0,981151330677704;-0,19440349111257757;1,368680273790162e-07
427;0,021000127761832278;0,010000088105775504;-0,020999999999927632;-0,009999999999767728;1,2776190464608428e-07;8,810600777599265e-08;0,0013493510474224223;0,001349351047422422;0,0013493510474224223;0,9952127144719903;-0,09669013855992217;0,9952061581414238;-0,09675078136025929;1,3493510474224223e-07
428;0,021000071305714935;0,010000060208313927;-0,020999999999406747;-0,010000000000263819;7,130630818794059e-08;6,020805010803487e-08;0,0013600403231714788;0,0013600403231714788;0,0013600403231714788;0,9873881387593567;-0,10947194020255159;0,9873843069175099;-0,10953032723164245;1,360040323171479e-07
429;0,02100007635299544;0,010000052607170483;-0,021000000005496545;-0,00999999995783973;7,634749889587344e-08;5,264933075274647e-08;0,001410592295948232;0,0014105922959482323;0,0014105922959482323;0,952002759132795;-0,4263693052091468;0,9519990113345979;-0,4264055423658645;1,4105922959482323e-07
430;0,021000081223530944;0,010000056000299145;-0,021000000000652053;-0,009999999999846394;8,122287889142377e-08;5,600045275069854e-08;0,0013608331359152644;0,001360833135915264;0,0013608331359152644;0,9868131958448085;-0,26266795761048717;0,9868090631302111;-0,2627064844359398;1,3608331359152642e-07
431;0,02100005459391219;0,010000037580258445;-0,021000000010343477;-0,009999999957010867;5,458356871351766e-08;3,762324757815294e-08;0,0014109032639399613;0,0014109032639399613;0,0014109032639399613;0,9517918661368157;-0,4283463068970946;0,9517891876024053;-0,4283721749171611;1,4109032639399612e-07
432;0,0;0,0;0,0;0,0;0,0;0,0;;;;;;;;
433;0,0;0,0;0,0;0,0;0,0;0,0;;;;;;;;
434;0,019000328713829995;0,009000226622506904;-0,018999999999891454;-0,009000000000002884;3,287139385410587e-07;2,2662250401955797e-07;0,0012182375968166777;0,001218237596816678;0,001218237596816678;0,9963837810416224;-0,03195282069267921;0,9963651044495484;-0,032127479082390234;1,2182375968166778e-07
435;0,019000292944097986;0,009000201975055966;-0,01900000000019656;-0,009000000000054166;2,9294390142473037e-07;2,0197500179980343e-07;0,0012182927507973583;0,001218292750797358;0,0012182927507973583;0,9963366412404956;-0,03238799613778512;0,9963199974877791;-0,032543681196679754;1,2182927507973583e-07
436;0,018100430245125334;0,009000296588415621;-0,01810017372445396;-0,009000119748251852;2,5652067137463264e-07;1,7684016376945388e-07;0,0012053892750165578;0,0012053892750165584;0,0012053892750165584;0,9682280474000607;-0,329353466674863;0,9682132745153779;-0,32947855643685753;1,2053892750165584e-07
437;0,01800017372515988;0,009000119748292673;-0,018000000002668586;-0,008999999987351154;1,7372249129510298e-07;1,197609415196782e-07;0,0012000528163191532;0,0012000528163191532;0,0012000528163191532;0,9682132745153779;-0,32947855643685753;0,9682032222858711;-0,32956233395502454;1,200052816319153e-07
438;0,018000015062618013;0,009000010367605827;-0,01800000000310806;-0,008999999998762912;1,505950995156491e-08;1,0368842914484921e-08;0,0011711276908886023;0,0011711276908886025;0,0011711276908886025;0,9921173057579379;-0,09355547988337803;0,992116413120747;-0,09356270955495066;1,1711276908886024e-07
439;0,01700020152719184;0,008000138952431075;-0,016999999999838925;-0,00799999999994379;2,0152735291309454e-07;1,3895248728544585e-07;0,0010889461800073076;0,0010889461800073076;0,0010889461800073076;0,9961526442597428;-0,034014157191431714;0,9961398395291887;-0,03413588456164852;1,0889461800073075e-07
440;0,0;0,0;0,0;0,0;0,0;0,0;;;;;;;;
441;0,01500016291742747;0,007000112316973866;-0,01499999999997192;-0,006999999999957557;1,6291745555049864e-07;1,1231701630906588e-07;0,0009576915409478849;0,0009576915409478849;0,0009576915409478849;0,997916313111108;-0,01840067950507287;0,9979045495592029;-0,018514502932437397;9,57691540947885e-08
442;0,014000292071737877;0,007000201360495821;-0,014000000000779046;-0,006999999996244614;2,9207095883151957e-07;2,0136425120647478e-07;0,0009269353417913891;0,0009269353417913892;0,0009269353417913892;0,9749508460842573;-0,21791601133713687;0,9749289657160475;-0,21809715613539915;9,269353417913892e-08
443;0,01400018034689819;0,007000124342814725;-0,01400000000041947;-0,006999999999962096;1,8034647871964515e-07;1,2434285262975103e-07;0,0009068480379667607;0,0009068480379667606;0,0009068480379667607;0,9965381187066739;-0,0305516698898343;0,9965243087054797;-0,03066354117539876;9,068480379667608e-08
444;0,014000176880979912;0,007000121945277951;-0,013999999999777126;-0,006999999999959612;1,7688120278538944e-07;1,2194531833886052e-07;0,0009071987130008016;0,0009071987130008016;0,0009071987130008016;0,9961526442597428;-0,034014157191431714;0,9961391050845918;-0,03412385163619881;9,071987130008017e-08
445;0,014200403572119335;0,006000278246676086;-0,014200390083251092;-0,0060002689423107654;1,3488868242858554e-08;9,304365320740582e-09;0,0009058094551891415;0,0009058094551891415;0,0009058094551891415;0,9825978707239201;-0,1812263156051422;0,9825968479325617;-0,18123865663123823;9,058094551891415e-08
446;0,01410039008218611;0,006000268940061871;-0,01410007893593726;-0,006000054423536048;3,111462488492034e-07;2,1451652582309827e-07;0,0009003999401612241;0,0009003999401612241;0,0009003999401612241;0,9825968479325617;-0,18123865663123823;0,9825731038562903;-0,18152116143701025;9,003999401612242e-08
447;0,0;0,0;0,0;0,0;0,0;0,0;;;;;;;;
448;0,013000058235759216;0,00600004015555715;-0,01299999999915983;-0,0059999999997115295;5,8236599386612964e-08;4,0155845620892805e-08;0,0008415556856843038;0,0008415556856843038;0,0008415556856843038;0,982280582127458;-0,3071260328601367;0,9822758000689552;-0,3071742746645517;8,415556856843039e-08
449;0,0;0,0;0,0;0,0;0,0;0,0;;;;;;;;
450;0,012000150862714325;0,006000104026873466;-0,012000000000258268;-0,006000000000031693;1,5086245605706872e-07;1,0402684177349825e-07;0,0007768358663180677;0,0007768358663180678;0,0007768358663180678;0,9971310276824007;-0,025336329306150752;0,9971175416075444;-0,025445555027547882;7,768358663180678e-08
451;0,0;0,0;0,0;0,0;0,0;0,0;;;;;;;;
452;0,0;0,0;0,0;0,0;0,0;0,0;;;;;;;;
453;-0,01010000000673546;-0,0050000000053488595;0,010100099312552213;0,005000083843254981;9,930581675206274e-08;8,383790612177117e-08;0,0006601807053734439;0,0006601807053734439;0,0006601807053734439;0,9855882189922157;-0,27353923975712807;0,9855992549943636;-0,2733812467484528;6,601807053734439e-08
454;0,01000004209378366;0,005000029017261784;-0,010000000000130122;-0,004999999999509133;4,209365353849415e-08;2,9017752650392636e-08;0,0006530549636820762;0,0006530549636820763;0,0006530549636820763;0,9884315765164275;-0,0992029978942185;0,9884271007182677;-0,09923953376173339;6,530549636820763e-08
455;0,010000075039379207;0,005000051738892919;-0,010000000000310757;-0,004999999999971606;7,503906845028607e-08;5,173892131307006e-08;0,000647937088694878;0,0006479370886948781;0,0006479370886948781;0,9962424539979475;-0,033218037593475504;0,9962344117133727;-0,033283213936727216;6,479370886948781e-08
456;0,0;0,0;0,0;0,0;0,0;0,0;;;;;;;;
457;0,00900012507354232;0,004000086218372609;-0,009000000001830027;-0,003999999987433669;1,2507171229247938e-07;8,623093893968259e-08;0,0005924190007437418;0,0005924190007437418;0,0005924190007437418;0,9598488401404469;-0,4164512665064145;0,95983428856224;-0,4166141681077681;5,924190007437419e-08
458;0,009000073445721906;0,004000050638382852;-0,008999999999899172;-0,003999999999949666;7,344582273437206e-08;5,0638433185361265e-08;0,000578714327091476;0,000578714327091476;0,000578714327091476;0,9825731038562903;-0,18152116143701025;0,982564356336303;-0,18161682835708057;5,7871432709147605e-08
459;0,0;0,0;0,0;0,0;0,0;0,0;;;;;;;;
460;0,038003158381165206;0,018002177242773428;-0,03800000004015886;-0,01799999974177803;3,158341006344323e-06;2,177500995396986e-06;0,00258811789474657;0,002588117894746569;0,00258811789474657;0,93807066273709;-0,6182401050653393;0,9379861950822795;-0,6190792085302186;2,58811789474657e-07
461;0,006000045715133843;0,003000031519888368;-0,005999999999896164;-0,002999999999980188;4,571523767871177e-08;3,15199081800388e-08;0,0003893724565947;0,0003893724565947;0,0003893724565947;0,9946813202134712;-0,11498955671575312;0,9946731671829812;-0,11505573118936306;3,8937245659469997e-08
462;0,005000041419934124;0,0020000285509666153;-0,005000000000626926;-0,0019999999937425;4,141930719844117e-08;2,8557224115381002e-08;0,0003239260288188894;0,00032392602881888943;0,00032392602881888943;0,9598347770193314;-0,4166477160106306;0,9598260323076014;-0,41676615421138247;3,239260288188894e-08
463;0,005000014554104227;0,0020000100340582206;-0,004999999999889284;-0,001999999999876079;1,4554214942605337e-08;1,0034182141432924e-08;0,00031127552134731955;0,00031127552134731955;0,00031127552134731955;0,9988373936118073;-0,010255504657953855;0,9988341959837367;-0,010297118016367261;3,1127552134731954e-08
464;0,005000022946336775;0,0020000158213938145;-0,004999999999876008;-0,0020000000000748477;2,2946460767094e-08;1,5821318966741105e-08;0,00031199038886997653;0,0003119903888699765;0,00031199038886997653;0,996550584549565;-0,030491658730957227;0,9965455545731348;-0,03055727920326375;3,1199038886997655e-08
465;0,00500000549064512;0,002000003784839198;-0,004999999999720339;-0,0020000000000661;5,490924780832129e-09;3,784773098224059e-09;0,0003164273572802677;0,0003164273572802677;0,0003164273572802677;0,9825731038562903;-0,18152116143701025;0,9825719171746685;-0,18153685259025448;3,164273572802677e-08
466;0,00020000004791055997;3,340058811141912e-11;-0,00020000000362756308;-2,868945966793569e-12;4,4282996892889073e-11;3,053164214462555e-11;1,1602552883416895e-05;1,1602552883416895e-05;1,1602552883416895e-05;0,9952127144719903;-0,09669013855992217;0,9952124941170216;-0,09669888522882739;1,1602552883416896e-09
467;-0,00010000000004605045;8,845376222181068e-14;0,00010000000827016911;5,581800422652122e-12;8,224118665267101e-12;5,6702541848739326e-12;6,123861620763253e-06;6,123861620763252e-06;6,123861620763253e-06;0,9427879093445937;-0,5735601858799045;0,9427879868805916;-0,5735569370638335;6,123861620763253e-10
468;0,00010000001002163273;6,951245161155386e-12;-0,00010000000000293794;-4,369088384995962e-14;1,0018694790339504e-11;6,907554277305426e-12;5,9280871712118135e-06;5,9280871712118135e-06;5,9280871712118135e-06;0,9739234771264831;-0,24460307255317976;0,9739233795520699;-0,24460703028984912;5,928087171211813e-10
469;-0,0001000000005347835;6,024562473751856e-14;0,00010000000363135328;2,074735451503172e-12;3,0965697806481854e-12;2,1349810762406906e-12;5,941431911996897e-06;5,941431911996897e-06;5,941431911996897e-06;0,971735906139761;-0,5907949350093904;0,9717359362302416;-0,5907937117553835;5,941431911996896e-10
470;-0,00010000000004249315;1,4239975358527516e-13;0,00010000000793411928;5,2982575578920085e-12;7,891626127532955e-12;5,440657311477284e-12;5,854032664594473e-06;5,8540326645944715e-06;5,854032664594473e-06;0,9862436759651306;-0,28059316155637837;0,9862437537957958;-0,28059004428960205;5,854032664594473e-10
471;-0,00010000000015592668;6,207509837776641e-14;0,00010000000677123015;5,522739931156655e-12;6,615303465608291e-12;5,5848150295344215e-12;5,857926232861172e-06;5,857926232861171e-06;5,857926232861172e-06;0,9855881537925668;-0,2735424396202193;0,9855882189922157;-0,27353923975712807;5,857926232861172e-10
472;0,00010000000339925503;2,3086532541836914e-12;-9,999999970900517e-05;2,356503358616435e-13;3,690249860788079e-12;2,544303590045335e-12;5,801276533686147e-06;5,801276533686147e-06;5,801276533686147e-06;0,9952124941170216;-0,09669888522882739;0,995212457391195;-0,0967003430073579;5,801276533686147e-10
