;p_from_mw;q_from_mvar;p_to_mw;q_to_mvar;pl_mw;ql_mvar;i_from_ka;i_to_ka;i_ka;vm_from_pu;va_from_degree;vm_to_pu;va_to_degree;loading_percent
0;-3,3573899033083143;-1,6404888837494094;3,360770682316038;1,6444772230425797;0,0033807790077236;0,003988339293170329;0,21601762982152814;0,21601762982152806;0,21601762982152814;0,998720019444673;-0,03214639835690942;0,9999999999324107;-4,174950805941648e-20;2,1601762982152815e-05
1;-3,294741049640342;-1,6088929951542899;3,2972891708705863;1,6114883788344851;0,0025481212302440603;0,0025953836801952956;0,21215997996016256;0,21215997996016253;0,21215997996016256;0,9977869531302146;-0,05110016902949889;0,998720019444673;-0,03214639835690942;2,1215997996016254e-05
2;-2,621409575542917;-1,2730251830289145;2,626208861947487;1,27633412432153;0,004799286404569614;0,003308941292615497;0,16858234174661407;0,16858234174661407;0,16858234174661407;0,9980264070149524;-0,017267686451889478;0,9999999999324107;-4,174950805941648e-20;1,685823417466141e-05
3;-2,5578545212385957;-1,2408842156827287;2,562409575543351;1,2440251830287834;0,004555054304755224;0,003140967346054735;0,16477926856351643;0,16477926856351643;0,16477926856351643;0,9961100724077193;-0,03412001532006353;0,9980264070149524;-0,017267686451889478;1,6477926856351643e-05
4;2,3160850345233177;1,1127574513233278;-2,3067398856992862;-1,1032419585402318;0,00934514882403148;0,009515492783096047;0,14835182319417783;0,14835182319417783;0,14835182319417783;0,9999999999324107;-4,174950805941648e-20;0,9951196687450424;-0,10150472926100298;1,4835182319417782e-05
5;-2,2683671690767215;-1,1001693804022314;2,270831412066266;1,1018682826821515;0,0024642429895442852;0,0016989022799200892;0,1462947200814744;0,1462947200814744;0,1462947200814744;0,9949424469641533;-0,04440850929942854;0,9961100724077193;-0,03412001532006353;1,462947200814744e-05
6;-2,2700494036516874;-1,0776753035258413;2,2853382138175564;1,0932427990826095;0,015288810165869027;0,015567495556768174;0,1469813548528997;0,1469813548528997;0,1469813548528997;0,9870676017635102;-0,27127323194532016;0,9951196687450424;-0,10150472926100298;1,4698135485289971e-05
7;-3,288011369532499;-1,6022444954002526;3,294541049614403;1,6088929951362518;0,006529680081904132;0,006648499735999236;0,2121495810348828;0,21214958103488282;0,21214958103488282;0,9953965628766444;-0,09979909027984535;0,9977869531302146;-0,05110016902949889;2,121495810348828e-05
8;-1,5065009490901886;-0,7354300209333906;1,506881159624854;0,7358785681248042;0,00038021053466530397;0,00044854719141362853;0,09681955891653826;0,09681955891653828;0,09681955891653828;0,9996789068914922;-0,008073090250866558;0,9999999999324107;-4,174950805941648e-20;9,681955891653828e-06
9;-3,241469868989349;-1,5747329416093778;3,2508106877823773;1,5842440254333943;0,009340818793028394;0,009511083824016442;0,20975254953918962;0,20975254953918965;0,20975254953918965;0,9919391975490025;-0,17067308511303883;0,9953965628766444;-0,09979909027984535;2,0975254953918964e-05
10;-1,4981091988697153;-0,7269872713281192;1,506400949089743;0,7354300209332583;0,008291750220027705;0,008442749605139022;0,09681436898981668;0,0968143689898167;0,0968143689898167;0,993029359807378;-0,14395707557987253;0,9996789068914922;-0,008073090250866558;9,68143689898167e-06
11;1,498009198869721;0,7269872713281356;-1,490872507533316;-0,7197204027830181;0,007136691336405043;0,007266868545117489;0,0968091383422862;0,09680913834228619;0,0968091383422862;0,993029359807378;-0,14395707557987253;0,9873102199154938;-0,2623815773619428;9,680913834228621e-06
12;-3,108768418344972;-1,5069083383968496;3,1154698689892095;1,513732941609332;0,00670145064423755;0,00682460321248235;0,20160459310655465;0,20160459310655462;0,20160459310655465;0,9893593267094726;-0,22390524184250044;0,9919391975490025;-0,17067308511303883;2,0160459310655465e-05
13;1,6286624740763687;0,7899713974699766;-1,6248780053917624;-0,7873622438651698;0,003784468684606246;0,0026091536048067354;0,1045083132854057;0,10450831328540568;0,1045083132854057;0,9999999999324107;-4,174950805941648e-20;0,9974899146519933;-0,022084915887447914;1,0450831328540571e-05
14;1,3785442676427535;0,6677531637516789;-1,3758029560830576;-0,6658631588544883;0,0027413115596959248;0,0018900048971906003;0,08880794266833522;0,08880794266833522;0,08880794266833522;0,9958119916370637;-0,036911220570494986;0,9936725030291765;-0,055875788466026144;8,880794266833522e-06
15;1,498878005391631;0,726362243864972;-1,4965442676428447;-0,7247531637516809;0,002333737748786424;0,0016090801132910837;0,09640569041147394;0,09640569041147394;0,09640569041147394;0,9974899146519933;-0,022084915887447914;0,9958119916370637;-0,036911220570494986;9,640569041147394e-06
16;1,249802956083353;0,6048631588546728;-1,2475550456632836;-0,6033132663058575;0,0022479104200694433;0,0015498925488153237;0,08067419128753792;0,08067419128753793;0,08067419128753793;0,9936725030291765;-0,055875788466026144;0,9917412891286544;-0,0730688724985194;8,067419128753794e-06
17;0,7726673121873482;0,373116230610876;-0,7698041854076907;-0,37114217577935676;0,002863126779657499;0,001974054831519245;0,04953889034444259;0,04953889034444258;0,04953889034444259;0,9999999999324107;-4,174950805941648e-20;0,9959949309071657;-0,03570886713338238;4,9538890344442586e-06
18;0,7487041153281029;0,361142116607648;-0,746328810965859;-0,3595043887942385;0,0023753043622438685;0,0016377278134094841;0,048185397771766;0,048185397771766;0,048185397771766;0,9959949309071657;-0,03570886713338238;0,9925791185327816;-0,06635743743872384;4,818539777176601e-06
19;0,0;0,0;0,0;0,0;0,0;0,0;;;;;;;;
20;-0,4022684442277121;-0,19505578552818795;0,40240308748703796;0,1951694535972133;0,00013464325932588395;0,0001136680690253522;0,02601609841222472;0,026016098412224724;0,026016098412224724;0,9921272634813428;-0,07371303122129734;0,9925061877512503;-0,06813595192260842;2,6016098412224726e-06
21;0,04910193593950848;0,025001614986687556;-0,049100534059097665;-0,0250004313667681;1,4018804108117955e-06;1,1836199194578678e-06;0,0031921098700328394;0,00319210987003284;0,00319210987003284;0,9965938640873567;-0,2406473365572915;0,9965615552947441;-0,2410826955678434;3,19210987003284e-07
22;0,852756766179491;0,4142116396492126;-0,8496327475784394;-0,412057748404522;0,0031240186010516036;0,00215389124469062;0,054734674713788956;0,05473467471378896;0,05473467471378896;0,9999999999324107;-4,174950805941648e-20;0,9960434275499636;-0,034736835351538445;5,473467471378896e-06
23;1,7594331931423652;0,8514331406091209;-1,748541205522627;-0,8439234801982483;0,010891987619738197;0,007509660410872643;0,11285010049582153;0,11285010049582153;0,11285010049582153;0,9999999999324107;-4,174950805941648e-20;0,9933109899109184;-0,059469242231194666;1,1285010049582153e-05
24;1,726440588911356;0,8339230550757156;-1,7242617992193559;-0,8324208526068123;0,002178789692000249;0,001502202468903313;0,1114405756104453;0,11144057561044528;0,1114405756104453;0,9933109899109184;-0,059469242231194666;0,9919560887749277;-0,07158888575725932;1,114405756104453e-05
25;-0,2762169529921898;-0,13401232213521191;0,27626844422834873;0,13405578552841246;5,149123615894036e-05;4,346339320054904e-05;0,01786968090255593;0,017869680902555935;0,017869680902555935;0,9919162885755657;-0,07681551640243572;0,9921272634813428;-0,07371303122129734;1,7869680902555935e-06
26;-1,7082838018927837;-0,8243677447627487;1,7112617992194847;0,8264208526066685;0,0029779973267010096;0,002053107843919877;0,11060735901139652;0,1106073590113965;0,11060735901139652;0,9900903047780748;-0,08831582025391689;0,9919560887749277;-0,07158888575725932;1,1060735901139652e-05
27;0,17512075430054358;0,08601469277108947;-0,175101706690853;-0,0860015613773237;1,9047609690570066e-05;1,313139376576955e-05;0,011301542763852548;0,011301542763852548;0,011301542763852548;0,9967107782562724;-0,23965198874692017;0,9965938640873567;-0,2406473365572915;1,1301542763852549e-06
28;0,17525860438606877;0,08604078804703157;-0,1752207540804315;-0,08601469285202136;3,785030563727143e-05;2,6095195010206185e-05;0,011306742288339168;0,011306742288339168;0,011306742288339168;0,9969429924124541;-0,23767234947622748;0,9967107782562724;-0,23965198874692017;1,1306742288339168e-06
29;0,04100149558531753;0,020001262545246378;-0,04100000000017521;-0,019999999999998026;1,4955851423206767e-06;1,2625452483518151e-06;0,0026501896048907606;0,0026501896048907606;0,0026501896048907606;0,9938401389655515;-0,05413733665103511;0,9937987967395527;-0,05473897656745527;2,6501896048907604e-07
30;0,0;0,0;0,0;0,0;0,0;0,0;;;;;;;;
31;0,7236327475784841;0,351057748404505;-0,722941590119213;-0,3505812409788112;0,0006911574592710634;0,0004765074256937729;0,04662028667633278;0,04662028667633278;0,04662028667633278;0,9960434275499636;-0,034736835351538445;0,9950157702238085;-0,04379645561221794;4,662028667633278e-06
32;1,091300952439826;0,5294342685315789;-1,0901601193672805;-0,528647753599334;0,001140833072545533;0,0007865149322449083;0,0703854580148042;0,0703854580148042;0,0703854580148042;0,9949424469641533;-0,04440850929942854;0,993818920249653;-0,05432424832733407;7,03854580148042e-06
33;1,2175550456633812;0,5893132663058248;-1,2162087238240153;-0,5883849609336489;0,0013463218393658938;0,0009283053721759194;0,07874709321970551;0,07874709321970548;0,07874709321970551;0,9917412891286544;-0,0730688724985194;0,9905563074894809;-0,08362977576693677;7,874709321970551e-06
34;0,07520374449977066;0,03600258212322561;-0,07520312314756189;-0,03600215348230623;6,213522087683554e-07;4,286409193768326e-07;0,004859689247335983;0,004859689247335983;0,004859689247335983;0,9905563074894809;-0,08362977576693677;0,9905474503214868;-0,0837110835693109;4,859689247335982e-07
35;0,07510312315445038;0,036002153474123465;-0,07510304538824522;-0,03600209974474536;7,776620515598243e-08;5,37293781063819e-08;0,004854432687142157;0,004854432687142158;0,004854432687142158;0,9905474503214868;-0,0837110835693109;0,9905463400761317;-0,08372128860915841;4,854432687142158e-07
36;0,06610304539312326;0,032002099746570895;-0,0661015386125523;-0,03200106077711483;1,5067805709534365e-06;1,0389694560658524e-06;0,004280651387059449;0,004280651387059447;0,004280651387059449;0,9905463400761317;-0,08372128860915841;0,9905219421922994;-0,08393862132204669;4,280651387059448e-07
37;1,2064457788735539;0,5846864006118339;-1,2055195797484006;-0,5840477565679637;0,0009261991251532375;0,0006386440438701513;0,07823552782203885;0,07823552782203885;0,07823552782203885;0,9893593267094726;-0,22390524184250044;0,9885387176435046;-0,2312097783656462;7,823552782203884e-06
38;1,1198071782671928;0,5444816681302506;-1,1162937524617083;-0,5420592787924063;0,003513425805484527;0,002422389337844222;0,0718894615280575;0,0718894615280575;0,0718894615280575;0,9999999999324107;-4,174950805941648e-20;0,996611840171601;-0,02965000380926631;7,18894615280575e-06
39;0,02310125565256703;0,011000865693806006;-0,023100060561112388;-0,01100004174130562;1,1950914546414448e-06;8,239525003863463e-07;0,0014913931712892362;0,0014913931712892362;0,0014913931712892362;0,9905219421922994;-0,08393862132204669;0,9904664581330178;-0,08445388452939574;1,4913931712892364e-07
40;0,6049368307011204;0,29357722295861965;-0,6046363827857592;-0,29337007419070993;0,00030044791536121274;0,00020714876790972614;0,03901611538546206;0,039016115385462055;0,03901611538546206;0,9950157702238085;-0,04379645561221794;0,9944819583496419;-0,04850130011647946;3,901611538546206e-06
41;0,6045363827836656;0,2933700741914002;-0,6045230513801455;-0,2933608517821157;1,3331403520111529e-05;9,222409284526112e-06;0,039010892285466545;0,039010892285466545;0,039010892285466545;0,9944819583496419;-0,04850130011647946;0,9944582489892457;-0,04871248554925598;3,901089228546654e-06
42;1,1161937524618641;0,5420592787926652;-1,1158311598317876;-0,541809230946443;0,0003625926300765414;0,0002500478462222899;0,07188425034642254;0,07188425034642254;0,07188425034642254;0,996611840171601;-0,02965000380926631;0,9962621448959197;-0,03272311554508225;7,188425034642254e-06
43;1,1157311598314195;0,5418092309467414;-1,1141284817517274;-0,5404560994539258;0,0016026780796920548;0,0013531314928155735;0,07187903728895274;0,07187903728895277;0,07187903728895277;0,9962621448959197;-0,03272311554508225;0,9946294630915483;-0,056649708825837475;7,187903728895278e-06
44;1,1140284817518022;0,5404560994536426;-1,113390138255462;-0,5399172501366301;0,0006383434963401768;0,0005388493170125352;0,07187381470514553;0,07187381470514552;0,07187381470514553;0,9946294630915483;-0,056649708825837475;0,9939791996347551;-0,06619670677246738;7,187381470514553e-06
45;0,0;0,0;0,0;0,0;0,0;0,0;;;;;;;;
46;1,1555195797486744;0,5600477565682823;-1,1546684877761848;-0,5594609013184171;0,0008510919724895594;0,0005868552498652368;0,07499634198894597;0,07499634198894599;0,07499634198894599;0,9885387176435046;-0,2312097783656462;0,9877520803864663;-0,23821611856404856;7,499634198894598e-06
47;0,5725230513817355;0,2783608517803488;-0,5721935337695239;-0,2781336604307529;0,00032951761221167164;0,00022719134959592324;0,036959293221532075;0,03695929322153208;0,03695929322153208;0,9944582489892457;-0,04871248554925598;0,9938401389655515;-0,05413733665103511;3,6959293221532083e-06
48;1,0193386843234273;0,4950747157072447;-1,0164286712659067;-0,4930683592353019;0,0029100130575205885;0,002006356471942805;0,06542553853209553;0,06542553853209551;0,06542553853209553;0,9999999999324107;-4,174950805941648e-20;0,9969166829379625;-0,027054027225201876;6,542553853209552e-06
49;1,0073901382550865;0,48891725013678256;-1,006589456067231;-0,48824119465814786;0,0008006821878554504;0,0006760554786346962;0,06504129692899387;0,06504129692899388;0,06504129692899388;0,9939791996347551;-0,06619670677246738;0,9930777901438275;-0,07944126346077925;6,504129692899388e-06
50;1,188283546704301;0,5995394237554423;-1,1872259918232957;-0,598810275109715;0,0010575548810052293;0,0007291486457273733;0,0776402897831602;0,07764028978316019;0,0776402897831602;0,9897341392113721;-0,2947205482859934;0,9887877900458533;-0,30224408301148065;7,76402897831602e-06
51;1,0163286712659243;0,4930683592356325;-1,0160283563450394;-0,492861258779289;0,0003003149208848921;0,00020710045634353413;0,06542032794633962;0,06542032794633962;0,06542032794633962;0,9969166829379625;-0,027054027225201876;0,9965984517165808;-0,02985704356263307;6,542032794633961e-06
52;0,0;0,0;0,0;0,0;0,0;0,0;;;;;;;;
53;0,37894484920278887;0,18214979105266635;-0,37884323815087384;-0,18202993607459989;0,00010161105191502928;0,00011985497806646372;0,024586659972902852;0,024586659972902856;0,024586659972902856;0,9873102199154938;-0,2623815773619428;0,9869732495374827;-0,271106406027057;2,4586659972902855e-06
54;-1,146773299318489;-0,5787387198728223;1,1512268380462425;0,5818092280602453;0,004453538727753559;0,003070508187422938;0,07531649966193954;0,07531649966193954;0,07531649966193954;0,9846793644236805;-0,3348785307664715;0,9887877900458533;-0,30224408301148065;7,531649966193954e-06
55;-0,3280115041201675;-0,15901032284230057;0,3280833695585034;0,15907098395741306;7,18654383359274e-05;6,06611151124925e-05;0,021111066694193648;0,021111066694193648;0,021111066694193648;0,9969013620922442;-0,24413999432768663;0,9971505855310266;-0,24048857593588507;2,1111066694193647e-06
56;-0,32818336937683357;-0,15907098392544608;0,32821892521510504;0,1591010017211877;3,5555838271472684e-05;3,0017795741632547e-05;0,02111627675779601;0,021116276757796006;0,02111627675779601;0,9971505855310266;-0,24048857593588507;0,9972738639653358;-0,23868153109492557;2,111627675779601e-06
57;-0,3573189182369574;-0,17310104979247407;0,3574513323204143;0,1732128425301592;0,00013241408345693317;0,00011179273768513465;0,022985778987438678;0,02298577898743868;0,02298577898743868;0,9972738639653358;-0,23868153109492557;0,9976956118997024;-0,2324964065972899;2,298577898743868e-06
58;-0,6869118100233411;-0,333476542445614;0,687160119367486;0,3336477535993927;0,00024830934414488137;0,00017121115377871643;0,044376823184154576;0,04437682318415456;0,044376823184154576;0,9934310198465062;-0,05774281038510955;0,993818920249653;-0,05432424832733407;4,437682318415458e-06
59;0,9569467656444961;0,43992790825027744;-0,9563308147466656;-0,4392014049824299;0,0006159508978305084;0,0007265032678475669;0,061604691401311855;0,06160469140131183;0,061604691401311855;0,9870676017635102;-0,27127323194532016;0,9862587869648626;-0,29320425385001553;6,160469140131185e-06
60;0,8590662166370314;0,41673511187094897;-0,8584468744548429;-0,41630806507558726;0,0006193421821885092;0,0004270467953617074;0,05540622461277809;0,055406224612778096;0,055406224612778096;0,9949424469641533;-0,04440850929942854;0,99416757294538;-0,05124912628021757;5,54062246127781e-06
61;0,06760691861773349;0,008570121538557142;-0,06759600941235012;-0,008560911629605733;1,0909205383366483e-05;9,209908951408538e-06;0,0039950382863807934;0,003995038286380793;0,0039950382863807934;0,9848525009438449;-0,3283490183422149;0,9846793644236805;-0,3348785307664715;3,995038286380793e-07
62;-0,7731598794233675;-0,37373146221916853;0,7733905242297606;0,3738904712874962;0,00023064480639312102;0,0001590090683276646;0,04974398638911962;0,04974398638911961;0,04974398638911962;0,9967023688939153;-0,23966253212815913;0,9970237038241944;-0,23680894667555766;4,974398638911963e-06
63;0,0;0,0;0,0;0,0;0,0;0,0;;;;;;;;
64;0,6600082686285673;0,320845082377669;-0,6594475975504259;-0,32037171114825175;0,0005606710781413948;0,0004733712294172632;0,042514118644795935;0,042514118644795935;0,042514118644795935;0,9965984517165808;-0,02985704356263307;0,9956326502970405;-0,043971490101948583;4,251411864479594e-06
65;-0,7158175618093928;-0,3464954216567192;0,7161599853025996;0,34673147909555013;0,00034242349320678933;0,00023605743883092778;0,04609063898143245;0,046090638981432466;0,046090638981432466;0,9961874519279192;-0,24421934092779007;0,9967023688939153;-0,23966253212815913;4,6090638981432466e-06
66;0,5800067767509905;0,28148731386179293;-0,5796481293475811;-0,28124005320398865;0,0003586474034094067;0,0002472606578042824;0,03770966674446058;0,03770966674446058;0,03770966674446058;0,9870676017635102;-0,27127323194532016;0,9864083189986077;-0,2771299398587219;3,7709666744460577e-06
67;0,4274224254848259;0,20718461296851481;-0,4273154976192412;-0,20709433967848562;0,00010692786558469392;9,027329002919693e-05;0,027614708776508533;0,02761470877650853;0,027614708776508533;0,9930777901438275;-0,07944126346077925;0,9927942980783957;-0,08361516718609248;2,761470877650853e-06
68;0,4272154976188672;0,20709433967833107;-0,4271253271453673;-0,20701821046040528;9,017047349990648e-05;7,612921792579663e-05;0,02760947568043767;0,027609475680437666;0,02760947568043767;0,9927942980783957;-0,08361516718609248;0,9925551841796146;-0,08713655793682261;2,760947568043767e-06
69;0,6464468328450482;0,3133080363922251;-0,6461949059781498;-0,3131343765457372;0,00025192686689845534;0,00017365984648787247;0,04171843004201406;0,04171843004201404;0,04171843004201406;0,99416757294538;-0,05124912628021757;0,9937490169608131;-0,054951322237287284;4,171843004201406e-06
70;0,40902531210319565;0,19801820010337373;-0,40902040693676855;-0,198014070540185;4,905166427093821e-06;4,129563188737251e-06;0,026433721953183834;0,02643372195318384;0,02643372195318384;0,9925551841796146;-0,08713655793682261;0,9925416109847847;-0,08733570546308489;2,643372195318384e-06
71;-0,973859803654275;-0,4725927779369311;0,975740226797077;0,47388934790549614;0,0018804231428019014;0,0012965699685650312;0,06330050048016156;0,06330050048016153;0,06330050048016156;0,9872999758930677;-0,2421550784062564;0,9893593267094726;-0,22390524184250044;6,330050048016155e-06
72;0,5444475975504278;0,2643717111483389;-0,5442263191969572;-0,2641849105343118;0,00022127835347063307;0,00018680061402709391;0,035096834066209795;0,035096834066209795;0,035096834066209795;0,9956326502970405;-0,043971490101948583;0,9951709858229891;-0,050732112350441505;3,509683406620979e-06
73;-0,17111561882168175;-0,08301093295199236;0,17114370846176866;0,08303029855586677;2,8089640086909062e-05;1,9365603874416104e-05;0,01104447246810976;0,011044472468109759;0,01104447246810976;0,9942071331108577;-0,26175516006346533;0,9943834324886189;-0,2601999229677196;1,104447246810976e-06
74;0,00010000002649273844;1,824564660407066e-11;-0,00010000000005985957;-2,106253415169583e-14;2,643287887562403e-11;1,8224584069918966e-11;5,786309595793902e-06;5,786309595793901e-06;5,786309595793902e-06;0,9977869531302146;-0,05110016902949889;0,9977866893864511;-0,05111061094423523;5,786309595793902e-10
75;0,0;0,0;0,0;0,0;0,0;0,0;;;;;;;;
76;0,2470395002076939;0,11902723406902482;-0,24700000000031794;-0,11899999999991748;3,950020737597537e-05;2,7234069107345826e-05;0,01604099679296166;0,016040996792961656;0,01604099679296166;0,9869732495374827;-0,271106406027057;0,9868026242780985;-0,2726506100558318;1,604099679296166e-06
77;0,5871483192438359;0,26014550164974914;-0,5869435315542132;-0,2599039115347448;0,00020478768962273186;0,00024159011500435312;0,037593930176008615;0,03759393017600862;0,03759393017600862;0,9862587869648626;-0,29320425385001553;0,9858209697231207;-0,3055150558871056;3,759393017600862e-06
78;0,5201949059789037;0,25213437654576454;-0,5200786345479832;-0,25205421152252516;0,00011627143092052261;8,01650232393758e-05;0,03358530554500023;0,033585305545000235;0,033585305545000235;0,9937490169608131;-0,054951322237287284;0,9935090479937987;-0,057075372008631615;3,3585305545000237e-06
79;-0,4261534549707296;-0,20712338527869742;0,4262263191970918;0,20718491053425947;7,286422636221257e-05;6,152525556205046e-05;0,027494206420284394;0,02749420642028439;0,027494206420284394;0,9949768939838782;-0,053571329968872226;0,9951709858229891;-0,050732112350441505;2,7494206420284396e-06
80;-0,6844064175686694;-0,33128019327400954;0,684631819741856;0,3314356205552309;0,00022540217318667288;0,0001554272812213653;0,04446000296251873;0,04446000296251874;0,04446000296251874;0,9874006800985028;-0,2413568961767191;0,9877520803864663;-0,23821611856404856;4,446000296251874e-06
81;0,5049445324603611;0,21990334551765012;-0,504826740380066;-0,21978339984606204;0,00011779208029505384;0,00011994567158807312;0,03225495725036282;0,032254957250362815;0,03225495725036282;0,9858209697231207;-0,3055150558871056;0,9855419448461952;-0,31206446172605373;3,2254957250362817e-06
82;0,20702040693495877;0,10001407053892483;-0,2070056993654135;-0,1000039292377791;1,4707569545274746e-05;1,0141301145738524e-05;0,013373814965554707;0,013373814965554707;0,013373814965554707;0,9925416109847847;-0,08733570546308489;0,9924653956579931;-0,08801698710443034;1,3373814965554708e-06
83;0,29506033345706045;0,14204991877033926;-0,29502156752656367;-0,14201719169805976;3,8765930496786893e-05;3,2727072279498115e-05;0,019200850575727246;0,019200850575727246;0,019200850575727246;0,9846793644236805;-0,3348785307664715;0,9845316508663096;-0,33709600855263344;1,9200850575727247e-06
84;0,4678265292651435;0,20178363698103952;-0,4677256690127915;-0,20168093270181622;0,00010086025235200857;0,0001027042792232924;0,029846846355077138;0,029846846355077138;0,029846846355077138;0,9855419448461952;-0,31206446172605373;0,9852841195398724;-0,31817926363214283;2,984684635507714e-06
85;0,0;0,0;0,0;0,0;0,0;0,0;;;;;;;;
86;-0,34603984387821757;-0,16802747029204212;0,3461534549710836;0,16812338527919893;0,00011361109286600612;9,591498715680324e-05;0,022329852394224324;0,022329852394224328;0,022329852394224328;0,9946043227448478;-0,059028966718475684;0,9949768939838782;-0,053571329968872226;2,2329852394224327e-06
87;0,31607494601252545;0,15305177516618465;-0,31603309859339607;-0,15302292715810395;4,184741912938161e-05;2,884800808070076e-05;0,020590920557769645;0,02059092055776965;0,02059092055776965;0,9846793644236805;-0,3348785307664715;0,9845385058151159;-0,3361392600898084;2,0590920557769647e-06
88;-0,48440308748688676;-0,23516945359720653;0,48456644953983946;0,2353073547175819;0,000163362052952698;0,00013790112037537217;0,03132336940987322;0,03132336940987322;0,03132336940987322;0,9925061877512503;-0,06813595192260842;0,9928880748615453;-0,0625296903478558;3,1323369409873226e-06
89;0,0;0,0;0,0;0,0;0,0;0,0;;;;;;;;
90;0,526236988009128;0,25519376022473644;-0,5261236411056337;-0,2550980521173041;0,00011334690349429355;9,570810743236846e-05;0,03429168612749036;0,03429168612749037;0,03429168612749037;0,9846793644236805;-0,3348785307664715;0,9844373444171043;-0,33847072626873126;3,429168612749037e-06
91;0,8972985327927553;0,43389528358592533;-0,8963540485312752;-0,43324407587516656;0,000944484261480083;0,0006512077107587722;0,05812042470433093;0,058120424704330924;0,05812042470433093;0,9900903047780748;-0,08831582025391689;0,9889640557964469;-0,09839290353731847;5,8120424704330936e-06
92;0,2270358649546712;0,1100247270319574;-0,22700462851068118;-0,11000319163061838;3,123644399002923e-05;2,1535401339020654e-05;0,01474664058191255;0,014746640581912546;0,01474664058191255;0,9877520803864663;-0,23821611856404856;0,9876052584426487;-0,23952381857681884;1,474664058191255e-06
93;0,38972733954039385;0,16367931519629322;-0,389673576917907;-0,16363392710076005;5,3762622486852596e-05;4,5388095533172024e-05;0,024769304756898515;0,02476930475689851;0,024769304756898515;0,9852841195398724;-0,31817926363214283;0,9851276149637739;-0,32103015142545255;2,4769304756898517e-06
94;0,31807863454778706;0,15405421152274185;-0,3180000000002374;-0,15400000000009903;7,863454754963861e-05;5,421152264281637e-05;0,020538108522250055;0,020538108522250055;0,020538108522250055;0,9935090479937987;-0,057075372008631615;0,9932436754179811;-0,05942896630713573;2,0538108522250055e-06
95;-0,655317547943619;-0,3182189476573365;0,6558598036543091;0,31859277793706603;0,0005422557106901094;0,00037383027972953675;0,04263875942973482;0,04263875942973482;0,04263875942973482;0,9864183692119541;-0,24996684934454402;0,9872999758930677;-0,2421550784062564;4,263875942973482e-06
96;0,08100569936471025;0,03900392923786392;-0,08100000000023823;-0,0389999999999817;5,699364472019908e-06;3,929237882220604e-06;0,005230177920955085;0,005230177920955085;0,005230177920955085;0,9924653956579931;-0,08801698710443034;0,9923898933075894;-0,08869745956725755;5,230177920955084e-07
97;0,0;0,0;0,0;0,0;0,0;0,0;;;;;;;;
98;-9,999958212794431e-05;-2,376200083703e-10;9,999958626299898e-05;2,404706354512888e-10;4,135054671177037e-12;2,8506270809887645e-12;5,854812134389525e-06;5,854812134389525e-06;5,854812134389525e-06;0,9861082530977175;-0,3389775276259971;0,9861082938740704;-0,3389758943358623;5,854812134389525e-10
99;-0,12702231442176035;-0,06201548348428918;0,1270542645957845;0,06203751069102933;3,1950174024159006e-05;2,2027206740146688e-05;0,0082126803854558;0,0082126803854558;0,0082126803854558;0,9937075497020894;-0,26342460348441793;0,9939773263725178;-0,2610837479161328;8,212680385455798e-07
100;-0,4635347502808694;-0,22429973382370444;0,46364419144047325;0,22437518045250868;0,00010944115960387357;7,544662880423769e-05;0,03012053483285323;0,03012053483285324;0,03012053483285324;0,9870583969608269;-0,264633405506948;0,9873102199154938;-0,2623815773619428;3,0120534832853237e-06
101;-0,12199981220269249;-0,05899996763818789;0,1220223213647921;0,05901548664307074;2,25091620996154e-05;1,551900488284963e-05;0,007875211875645417;0,007875211875645416;0,007875211875645417;0,993509456254607;-0,26518782435559096;0,9937075497020894;-0,26342460348441793;7,875211875645418e-07
102;1,338298379881714;0,6734828532843694;-1,334906347816708;-0,6711441982386186;0,0033920320650060454;0,002338655045750815;0,08675718824647939;0,0867571882464794;0,0867571882464794;0,9970237038241944;-0,23680894667555766;0,9943077730803997;-0,25844594463870335;8,675718824647942e-06
103;0,1811494283955289;0,0870340774155216;-0,18114268451323523;-0,08702942844134468;6,743882293658299e-06;4,6489741769295545e-06;0,011689916587431307;0,011689916587431312;0,011689916587431312;0,9925791185327816;-0,06635743743872384;0,9925391532293202;-0,06671948523718481;1,1689916587431312e-06
104;-0,4821997303781098;-0,23313770928594427;0,48240641756833197;0,23328019327373212;0,00020668719022215454;0,00014248398778785032;0,03133209764814632;0,031332097648146325;0,031332097648146325;0,9869435087597965;-0,24545323949042766;0,9874006800985028;-0,2413568961767191;3,1332097648146324e-06
105;0,0;0,0;0,0;0,0;0,0;0,0;;;;;;;;
106;-0,3994091079704523;-0,19321311463186688;0,3995347502813314;0,19329973382398244;0,00012564231087908162;8,661919211555569e-05;0,02596101726305344;0,025961017263053436;0,02596101726305344;0,9867229769256826;-0,2676362387930587;0,9870583969608269;-0,264633405506948;2,596101726305344e-06
107;1,334806775687308;0,6711436430676485;-1,3343940547319804;-0,6708591636345452;0,0004127209553277389;0,0002844794331032796;0,08675200821111745;0,08675200821111745;0,08675200821111745;0,9943077730803997;-0,25844594463870335;0,9939773263725178;-0,2610837479161328;8,675200821111745e-06
108;0,26767160336859597;0,10463593590804465;-0,2676173971256469;-0,1045807423948519;5,4206242949050853e-05;5,5193513192747234e-05;0,01684334722937345;0,016843347229373452;0,016843347229373452;0,9851276149637739;-0,32103015142545255;0,9848856863534566;-0,32734545555233086;1,6843347229373454e-06
109;-1,2913001188013742;-0,6196190128673155;1,292227273431412;0,6202582876344679;0,0009271546300377853;0,0006392747671524202;0,08290912029111469;0,08290912029111469;0,08290912029111469;0,9973796839285263;-0,23576997644713332;0,9981543717241689;-0,2287645487549447;8,290912029111469e-06
110;0,5777964889100815;0,28119485372357633;-0,5768360925880178;-0,2805326926478991;0,0009603963220636835;0,0006621610756772367;0,03758591102558633;0,037585911025586324;0,03758591102558633;0,9870676017635102;-0,27127323194532016;0,9852960440597454;-0,2869165345333328;3,758591102558633e-06
111;0,0;0,0;0,0;0,0;0,0;0,0;;;;;;;;
112;0,11314268451253276;0,054029428441058826;-0,11312693588461742;-0,054018570840052044;1,5748627915340707e-05;1,085760100678207e-05;0,007293301364347634;0,007293301364347633;0,007293301364347634;0,9925391532293202;-0,06671948523718481;0,9923896156984389;-0,06809580470926307;7,293301364347635e-07
113;0,11302693588447935;0,0540185708401384;-0,1130018913009974;-0,05400130398853755;2,504458348194516e-05;1,726685160084729e-05;0,0072880518331530095;0,007288051833153011;0,007288051833153011;0,9923896156984389;-0,06809580470926307;0,9921516262658866;-0,07028236451895645;7,288051833153011e-07
114;0,5145388511748725;0,24930255793966638;-0,5142092546567181;-0,24907532370017677;0,00032959651815445135;0,0002272342394896154;0,033365228676934235;0,033365228676934235;0,033365228676934235;0,9893593267094726;-0,22390524184250044;0,9886746226796296;-0,2300003357491292;3,3365228676934233e-06
115;0,37375775959193414;0,18038645585126703;-0,3737015902044233;-0,1803390274204183;5,616938751085154e-05;4,742843084873383e-05;0,024139810358457466;0,02413981035845747;0,02413981035845747;0,9925791185327816;-0,06635743743872384;0,9924088285755082;-0,06888428945489322;2,413981035845747e-06
116;0,37360159020401595;0,18033902742003335;-0,3735224664580199;-0,18027224054786092;7,912374599605698e-05;6,678687217243073e-05;0,024134571005901474;0,024134571005901474;0,024134571005901474;0,9924088285755082;-0,06888428945489322;0,9921689168862016;-0,0724416036043171;2,4134571005901474e-06
117;0,37342246645813754;0,18027224054774654;-0,3733051249142462;-0,18017316921149296;0,0001173415438913139;9,907133625358666e-05;0,024129330494499664;0,024129330494499664;0,024129330494499664;0,9921689168862016;-0,0724416036043171;0,9918130183672924;-0,07772248617736302;2,4129330494499665e-06
118;0,0;0,0;0,0;0,0;0,0;0,0;;;;;;;;
119;-0,3353465753976231;-0,16217000051934283;0,33540910797020845;0,16221311463231564;6,253257258537204e-05;4,311411297280854e-05;0,02180008600211589;0,021800086002115884;0,02180008600211589;0,9865241742077758;-0,26941857847917056;0,9867229769256826;-0,2676362387930587;2,180008600211589e-06
120;-0,5093076714391745;-0,24507885795898265;0,5094457492422382;0,24517406363903926;0,00013807780306362982;9,520568005660923e-05;0,03309189303431557;0,03309189303431556;0,03309189303431557;0,9861082938740704;-0,3389758943358623;0,9863973968977319;-0,33634931465367734;3,309189303431557e-06
121;-0,3282915645207787;-0,15913207707980886;0,3283465753977473;0,15917000051948985;5,501087696863083e-05;3,792343968098133e-05;0,02135485467505781;0,021354854675057815;0,021354854675057815;0,9863456183125479;-0,2710093118800242;0,9865241742077758;-0,26941857847917056;2,1354854675057816e-06
122;0,1740365697792049;0,0840252129864228;-0,17399999999985255;-0,08399999999999756;3,656977935234673e-05;2,5212986425243722e-05;0,0112183325610763;0,011218332561076303;0,011218332561076303;0,9946043227448478;-0,059028966718475684;0,9943784206045587;-0,06104702600391669;1,1218332561076303e-06
123;-0,32808411307567026;-0,15905799055309688;0,3281915645204165;0,15913207707990207;0,00010745144474622048;7,40865268051838e-05;0,021349587581618337;0,02134958758161833;0,021349587581618337;0,9859967454095697;-0,274118094392651;0,9863456183125479;-0,2710093118800242;2,1349587581618337e-06
124;0,08300189130031582;0,04000130398822377;-0,08300000000012385;-0,0400000000001297;1,891300191972367e-06;1,303988094066011e-06;0,005361672587718122;0,005361672587718121;0,005361672587718122;0,9921516262658866;-0,07028236451895645;0,9921271839286123;-0,07050224830400961;5,361672587718122e-07
125;-0,2710060145836568;-0,13100414597465612;0,2710911098271956;0,13106281475767145;8,509524353877973e-05;5,866878301533096e-05;0,017583796442006926;0,017583796442006933;0,017583796442006933;0,9883392293520025;-0,23300413888670826;0,9886746226796296;-0,2300003357491292;1,7583796442006933e-06
126;-1,7067388244961303;-0,8205607563676405;1,7098437980327377;0,8227014099292218;0,003104973536607325;0,0021406535615813294;0,10953769485805988;0,10953769485805986;0,10953769485805988;0,9981543717241689;-0,2287645487549447;1,0001182639930943;-0,21113386529429504;1,0953769485805988e-05
127;-0,8756094287967057;-0,4271157455788907;0,876463287184431;0,42770445231953863;0,000853858387725337;0,0005887067406479263;0,056961705700139316;0,056961705700139316;0,056961705700139316;0,9874540336014376;-0,32681526613530976;0,9884934910852455;-0,3177226097124184;5,6961705700139315e-06
128;0,19132162297743888;0,0920838555284304;-0,19128148227075012;-0,09205617985651367;4,014070668875713e-05;2,7675671916735367e-05;0,012350443925197505;0,012350443925197505;0,012350443925197505;0,9925791185327816;-0,06635743743872384;0,9923539283995347;-0,0683895891232466;1,2350443925197506e-06
129;0,19118148227065299;0,09205617985660228;-0,19112800675325747;-0,09201931027962916;5,3475517395512595e-05;3,686957697311699e-05;0,012345201713426892;0,012345201713426892;0,012345201713426892;0,9923539283995347;-0,0683895891232466;0,9920537946887662;-0,07109586626321177;1,2345201713426892e-06
130;-1,21320049654557;-0,5818608655766272;1,2143002578131186;0,582619082680004;0,0010997612675485158;0,0007582171033767571;0,07796396511926203;0,07796396511926203;0,07796396511926203;0,9964025378560254;-0,24462146347626976;0,9973796839285263;-0,23576997644713332;7,796396511926203e-06
131;0,5027359937636571;0,2445326175643135;-0,5026231546391512;-0,24443735623209867;0,0001128391245058813;9,526133221482436e-05;0,03275859112501195;0,032758591125011956;0,032758591125011956;0,9852960440597454;-0,2869165345333328;0,9850437705214029;-0,29063866542876254;3,275859112501195e-06
132;0,5025231546133023;0,2444373562757507;-0,5022505290338926;-0,24420721278403082;0,0002726255794097687;0,00023014349171987525;0,03275332032280754;0,03275332032280754;0,03275332032280754;0,9850437705214029;-0,29063866542876254;0,984434180798427;-0,29963687008417644;3,2753320322807545e-06
133;-0,35604703804615656;-0,17203243304077168;0,35619973037841984;0,17213770928627195;0,00015269233226328227;0,00010527624550027426;0,02314289166409162;0,023142891664091628;0,023142891664091628;0,9864862599660535;-0,24956087802883123;0,9869435087597965;-0,24545323949042766;2,3142891664091625e-06
134;0,0;0,0;0,0;0,0;0,0;0,0;;;;;;;;
135;0,0;0,0;0,0;0,0;0,0;0,0;;;;;;;;
136;0,2963051249139908;0,14317316921142736;-0,29618935372042;-0,14307543084545912;0,00011577119357081278;9,773836596824181e-05;0,0191564195162177;0,019156419516217698;0,0191564195162177;0,9918130183672924;-0,07772248617736302;0,9913706999412362;-0,08427796747013025;1,91564195162177e-06
137;0,6134226080981969;0,2971876848364946;-0,6132935400468545;-0,29709871243969094;0,00012906805134238475;8,897239680366598e-05;0,03935343340409978;0,039353433404099775;0,03935343340409978;0,9999999999324107;-4,174950805941648e-20;0,9997726802997712;-0,002000747337056398;3,935343340409979e-06
138;0,6131935400462843;0,2970987124395086;-0,6127096859054071;-0,29676511923227233;0,0004838541408772601;0,0003335932072362491;0,03934823637379882;0,039348236373798806;0,03934823637379882;0,9997726802997712;-0,002000747337056398;0,9989203551231739;-0,009511029742591473;3,9348236373798825e-06
139;0,08200169367217432;0,04000124544026682;-0,08199984713444824;-0,03999997231439275;1,8465377260717952e-06;1,2731258740711349e-06;0,005297843797172332;0,005297843797172332;0,005297843797172332;0,9942969428857467;-0,2609671238092727;0,9942727738955334;-0,2611772957072145;5,297843797172332e-07
140;-0,4380480506442781;-0,21203381323831647;0,4381548716882807;0,21210746276797082;0,00010682104400261405;7,364952965435712e-05;0,02849269098825967;0,028492690988259673;0,028492690988259673;0,9861375470404837;-0,33867405813682216;0,9863973968977319;-0,33634931465367734;2,849269098825967e-06
141;-0,6949978895162447;-0,336249359352578;0,6950526237160787;0,3362870864268618;5,473419983392791e-05;3,772707428378874e-05;0,044678199342550094;0,0446781993425501;0,0446781993425501;0,9976956118997024;-0,2324964065972899;0,9977805141497378;-0,23174520617615693;4,46781993425501e-06
142;-0,695152623586226;-0,3362870862728481;0,6954591227208377;0,33649840715362006;0,0003064991346116708;0,0002113208807719702;0,04468340811964089;0,04468340811964089;0,04468340811964089;0,9977805141497378;-0,23174520617615693;0,9982559236836921;-0,22753610735542582;4,4683408119640895e-06
143;0,0;0,0;0,0;0,0;0,0;0,0;;;;;;;;
144;-9,999970541972459e-05;-1,6785114578170308e-10;9,999970689164609e-05;1,6886598632650267e-10;1,4719215023261192e-12;1,014840544799589e-12;5,79305978345035e-06;5,793059783450351e-06;5,793059783450351e-06;0,9966211121794376;-0,24497557510069398;0,9966211268489781;-0,24497499363960434;5,793059783450351e-10
145;0,8809665536639795;0,42138967236027314;-0,8752563224611447;-0,41745265932849657;0,005710231202834759;0,003937013031776571;0,056697645102488044;0,056697645102488044;0,056697645102488044;0,9944288459625755;-0,2625517673832238;0,9874540336014376;-0,32681526613530976;5,669764510248805e-06
146;-1,140109166310901;-0,5464189922252979;1,1422006038750308;0,5478609672241076;0,002091437564129661;0,0014419749988097141;0,07340260420423432;0,07340260420423432;0,07340260420423432;0,9944288459625755;-0,2625517673832238;0,9964025378560254;-0,24462146347626976;7,3402604204234325e-06
147;-0,34715536973541833;-0,16803850810192955;0,34773821534474014;0,16844036061505974;0,0005828456093218137;0,00040185251313018533;0,022393372994054955;0,022393372994054958;0,022393372994054958;0,9943834324886189;-0,2601999229677196;0,9961874519279192;-0,24421934092779007;2,2393372994054956e-06
148;0,31807943841861047;0,15405507789815498;-0,3180527549532919;-0,15403667637631732;2,6683465318588784e-05;1,8401521837657642e-05;0,02048295246022531;0,02048295246022531;0,02048295246022531;0,9961874519279192;-0,24421934092779007;0,9960971520585583;-0,24501867245877534;2,048295246022531e-06
149;0,1141280067533415;0,05501931027967818;-0,11410803616505875;-0,055005540947247356;1,997058828275e-05;1,3769332430822734e-05;0,007373490776265085;0,007373490776265087;0,007373490776265087;0,9920537946887662;-0,07109586626321177;0,9918661181661694;-0,07278339437102538;7,373490776265086e-07
150;0,297535355034178;0,14416228297713027;-0,29743680761193847;-0,14409433783238512;9,85474222395255e-05;6,794514474514624e-05;0,01935141360966618;0,01935141360966618;0,01935141360966618;0,9864083189986077;-0,2771299398587219;0,9860553354677009;-0,28028087213461766;1,935141360966618e-06
151;0,11400803616498838;0,05500554094726486;-0,1140000000000225;-0,05500000000011975;8,036164965877224e-06;5,540947145110664e-06;0,007368247776769305;0,007368247776769304;0,007368247776769305;0,9918661181661694;-0,07278339437102538;0,9917905390332938;-0,0734616898831339;7,368247776769305e-07
152;-0,5496508798192712;-0,26524191150059123;0,5499484345762441;0,265447065272562;0,00029755475697290645;0,00020515377197077855;0,035609339289437686;0,035609339289437686;0,035609339289437686;0,9895112452451701;-0,09351811549911165;0,9900903047780748;-0,08831582025391689;3,5609339289437687e-06
153;0,4849118100232166;0,23547654244577013;-0,4846664495395986;-0,23530735471759662;0,0002453604836180068;0,0001691877281735088;0,031328600251525;0,03132860025152499;0,031328600251525;0,9934310198465062;-0,05774281038510955;0,9928880748615453;-0,0625296903478558;3,1328600251524996e-06
154;0,23011278044800867;0,1120777713004004;-0,23002418609753703;-0,11201668846505468;8,85943504716491e-05;6,108283534572712e-05;0,014981229111694529;0,014981229111694527;0,014981229111694529;0,9864083189986077;-0,2771299398587219;0,9859982885761918;-0,2807403266847906;1,4981229111694529e-06
155;0,12601175442412896;0,061008225840238184;-0,12600161098727902;-0,06100123228049487;1,014343684993535e-05;6,993559743311006e-06;0,008128758647630727;0,008128758647630727;0,008128758647630727;0,9943834324886189;-0,2601999229677196;0,9942969428857467;-0,2609671238092727;8,128758647630726e-07
156;-0,21202349047803817;-0,10301619527523385;0,2120841130754777;0,10305799055278933;6,0622597439524695e-05;4,179527755547585e-05;0,013807139416489344;0,013807139416489344;0,013807139416489344;0,9856923601628929;-0,2768151696230002;0,9859967454095697;-0,274118094392651;1,3807139416489344e-06
157;-0,7405591687642415;-0,35849848520721694;0,7406460533496777;0,3585584009260243;8,68845854361533e-05;5,9915718807368457e-05;0,04758559094819486;0,047585590948194846;0,04758559094819486;0,9982559236836921;-0,22753610735542582;0,998382481684673;-0,2264170656338536;4,758559094819486e-06
158;0,5595051649466944;0,27076200223886654;-0,559232038508225;-0,2705736712214698;0,00027312643846943985;0,00018833101739673674;0,03592555745470327;0,035925557454703286;0,035925557454703286;0,9989203551231739;-0,009511029742591473;0,9983934159360827;-0,014172970921755146;3,592555745470329e-06
159;0,20204552480943974;0,09803138783026462;-0,2020000000000397;-0,09799999999998057;4,5524809400038224e-05;3,138783028404368e-05;0,013152676221101552;0,013152676221101554;0,013152676221101554;0,9857815708604887;-0,2556146898746327;0,9855416363251479;-0,25774981591468366;1,3152676221101554e-06
160;-0,20200000000010265;-0,09799999999992796;0,20204482719057465;0,09803090684534224;4,482719047199657e-05;3,090684541427746e-05;0,013051511830349688;0,013051511830349688;0,013051511830349688;0,9931807298261423;-0,05995525135383372;0,9934188188839892;-0,05785283599120703;1,3051511830349688e-06
161;0,27043681080874815;0,13109433838402773;-0,2703519238185962;-0,13103581485174962;8,488699015196666e-05;5,852353227811524e-05;0,0175968269563523;0,0175968269563523;0,0175968269563523;0,9860553354677009;-0,28028087213461766;0,9857209594312577;-0,28326251997887986;1,75968269563523e-06
162;0,0;0,0;0,0;0,0;0,0;0,0;;;;;;;;
163;0,22518935372049018;0,10907543084532531;-0,22510468690757154;-0,1090039567921354;8,466681291863232e-05;7,147405318991273e-05;0,014571932461287917;0,01457193246128792;0,01457193246128792;0,9913706999412362;-0,08427796747013025;0,9909453535991016;-0,09055874534135133;1,457193246128792e-06
164;-0,1450000000007086;-0,07000000000065637;0,14500601458401866;0,07000414597555944;6,014583310065547e-06;4,145974903072003e-06;0,009406156326950856;0,009406156326950858;0,009406156326950858;0,9882949196801549;-0,23340225328523395;0,9883392293520025;-0,23300413888670826;9,406156326950858e-07
165;-0,0686085564849757;-0,008567698371807679;0,06861071822345008;0,00856918881803351;2,1617384743793933e-06;1,4904462258304163e-06;0,004053280273144304;0,004053280273144303;0,004053280273144304;0,9848525009438449;-0,3283490183422149;0,9848856863534566;-0,32734545555233086;4,053280273144304e-07
166;0,7596440734508435;0,3682465284583156;-0,7586460182482097;-0,3675583915331195;0,0009980552026338518;0,0006881369251961478;0,048749273434969494;0,048749273434969494;0,048749273434969494;0,9998015967895788;-0,21392107833329282;0,998382481684673;-0,2264170656338536;4,8749273434969495e-06
167;0,5477864268266185;0,26440516977889117;-0,5477309525154141;-0,2643669221005778;5,547431120433988e-05;3,8247678313396705e-05;0,03556408549405398;0,03556408549405398;0,03556408549405398;0,9874540336014376;-0,32681526613530976;0,9873459391763496;-0,32778850323632996;3,556408549405398e-06
168;-0,20210597307388803;-0,09800504233639014;0,20212017561279422;0,09801703388545577;1,4202538906188389e-05;1,1991549065629159e-05;0,013061434375360581;0,013061434375360583;0,013061434375360583;0,9928574231511911;-0,08267944494220467;0,9929370390085883;-0,08150794955899074;1,3061434375360583e-06
169;-0,20200000000006493;-0,09799999999933882;0,20200597307330237;0,09800504233684923;5,973073237436344e-06;5,0423375104052814e-06;0,0130562023145237;0,013056202314523696;0,0130562023145237;0,9928239263392044;-0,08317181080955573;0,9928574231511911;-0,08267944494220467;1,3056202314523699e-06
170;0,5452111469816999;0,26414555360489617;-0,5450026496504543;-0,26400182704286035;0,0002084973312456162;0,00014372656203581746;0,03536783732094489;0,03536783732094489;0,03536783732094489;0,9889640557964469;-0,09839290353731847;0,9885554614816311;-0,10202978428619879;3,5367837320944887e-06
171;0,2660528517678224;0,12903669242843163;-0,26602547254450926;-0,12901781689050545;2,73792233131398e-05;1,8875537926177355e-05;0,017138756478846287;0,017138756478846284;0,017138756478846287;0,9960971520585583;-0,24501867245877534;0,9959864177426873;-0,24599449873617824;1,7138756478846288e-06
172;0,0;0,0;0,0;0,0;0,0;0,0;;;;;;;;
173;0,34825054982190834;0,16920721392839394;-0,3481104800831866;-0,16908895515947867;0,00014006973872171535;0,00011825876891527476;0,02270739447287309;0,022707394472873097;0,022707394472873097;0,984434180798427;-0,29963687008417644;0,983982456139551;-0,30632193277054354;2,2707394472873095e-06
174;1,4656764954851564;0,7092264093499249;-1,4599675908817369;-0,705290402225249;0,005708904603419551;0,0039360071246759;0,09393794048149283;0,09393794048149279;0,09393794048149283;1,0007379683788789;-0,21115952366308782;0,9965260790804151;-0,2484880257011279;9,393794048149283e-06
175;0,306086114321612;0,1480681506712624;-0,30603035483166846;-0,14802107601415554;5,575948994351876e-05;4,7074657106849216e-05;0,019941343514651273;0,019941343514651273;0,019941343514651273;0,9844373444171043;-0,33847072626873126;0,9842326681412622;-0,34152053098011587;1,9941343514651273e-06
176;0,8118819036989985;0,39341055717250284;-0,8116439685761269;-0,3932465088798525;0,00023793512287162422;0,00016404829265032062;0,052081078149632476;0,052081078149632476;0,052081078149632476;1,0001182639930943;-0,21113386529429504;0,9998015967895788;-0,21392107833329282;5,2081078149632475e-06
177;0,49112791135811695;0,23757082578041697;-0,4909107357811593;-0,2374210752622755;0,0002171755769576622;0,00014975051814147822;0,03154917963122846;0,03154917963122847;0,03154917963122847;0,9983934159360827;-0,014172970921755146;0,9979163130433745;-0,01840067950785665;3,154917963122847e-06
178;-0,13500989386165285;-0,0660068208640929;0,1350234904777825;0,06601619527521375;1,3596616129651906e-05;9,374411120852133e-06;0,008803413652571264;0,008803413652571264;0,008803413652571264;0,985585248306926;-0,27774909163215095;0,9856923601628929;-0,2768151696230002;8,803413652571265e-07
179;0,14402419625316806;0,07001669032200437;-0,14400009127639105;-0,07000007165777859;2,4104976777017395e-05;1,661866422578151e-05;0,009377069923386728;0,009377069923386728;0,009377069923386728;0,9859982885761918;-0,2807403266847906;0,9858200738071767;-0,28231734743349707;9,377069923386728e-07
180;0,47581057286393696;0,23042096294493947;-0,47561155834044055;-0,23028374929307455;0,00019901452349641024;0,0001372136518649203;0,030586375469946445;0,03058637546994645;0,03058637546994645;0,9979163130433745;-0,01840067950785665;0,9974653256484818;-0,022385780794982903;3,058637546994645e-06
181;-0,11900000000029795;-0,05799999999997692;0,11900989386213323;0,05800682086405448;9,893861835280626e-06;6,820864077564104e-06;0,007755560147798365;0,0077555601477983654;0,0077555601477983654;0,9854967936412242;-0,278526605963204;0,985585248306926;-0,27774909163215095;7,755560147798366e-07
182;0,0;0,0;0,0;0,0;0,0;0,0;;;;;;;;
183;0,0;0,0;0,0;0,0;0,0;0,0;;;;;;;;
184;0,0;0,0;0,0;0,0;0,0;0,0;;;;;;;;
185;-2,1117884295492773;-1,047373943316491;2,113627495868708;1,0486417252047795;0,00183906631943076;0,0012677818882884662;0,1365023471386924;0,1365023471386924;0,1365023471386924;0,9970237038241944;-0,23680894667555766;0,9979588188800168;-0,22907147534910338;1,3650234713869239e-05
186;0,0;0,0;0,0;0,0;0,0;0,0;;;;;;;;
187;0,48371817836377046;0,23442711336305083;-0,4831592702770478;-0,23404177491548397;0,0005589080867226537;0,00038533844756685753;0,031011469005202807;0,031011469005202793;0,031011469005202807;1,0007379683788789;-0,21115952366308782;0,9994887489683886;-0,22215334423952296;3,101146900520281e-06
188;0,07700588088364714;0,03700501133366399;-0,07699994162423793;-0,036999997565546006;5,939259409212805e-06;5,013768117984041e-06;0,005010136974598198;0,005010136974598197;0,005010136974598198;0,9845316508663096;-0,33709600855263344;0,9844449373278346;-0,33840155491097856;5,010136974598198e-07
189;0,24904703804577247;0,12003243304064379;-0,2490223527276137;-0,12001541328739852;2,4685318158773617e-05;1,7019753245264835e-05;0,01618029914362128;0,016180299143621277;0,01618029914362128;0,9864862599660535;-0,24956087802883123;0,9863805449845373;-0,2505172671044976;1,618029914362128e-06
190;0,1710256488447537;0,08301784759659633;-0,17099968261287504;-0,08299994412199943;2,596623187867131e-05;1,7903474596903113e-05;0,011020224927871096;0,011020224927871098;0,011020224927871098;0,9959864177426873;-0,24599449873617824;0,995823077524984;-0,24743148735795992;1,1020224927871097e-06
191;0,14101574495752897;0,06801218284235135;-0,14100762013066198;-0,06800532238318852;8,124826866989787e-06;6,860459162830179e-06;0,009181022833973354;0,009181022833973353;0,009181022833973354;0,9845316508663096;-0,33709600855263344;0,9844668891847863;-0,3380657922546217;9,181022833973354e-07
192;0,02800062859725062;0,014000530755669982;-0,02799999999999007;-0,01399999999998652;6,285972605490908e-07;5,307556834623084e-07;0,0018224068994942132;0,0018224068994942134;0,0018224068994942134;0,9917864080964779;-0,07830423779497783;0,9917610763715209;-0,07865857376142923;1,8224068994942134e-07
193;0,028101009076723426;0,014000852014317102;-0,02810062859700778;-0,014000530755963568;3,80479715646892e-07;3,212583535340541e-07;0,0018276154815043946;0,0018276154815043944;0,0018276154815043946;0,9918016920181445;-0,07808912512096793;0,9917864080964779;-0,07830423779497783;1,8276154815043946e-07
194;0,2761104898286872;0,13408895568144358;-0,2760280592109908;-0,13401936987727084;8,243061769641624e-05;6,95858041727393e-05;0,018010107658514365;0,018010107658514365;0,018010107658514365;0,983982456139551;-0,30632193277054354;0,9836473113682185;-0,31128614094679014;1,8010107658514364e-06
195;0,41950935748882223;0,20328223181289165;-0,4193792242836232;-0,20319250586341916;0,0001301332051990567;8,972594947248558e-05;0,026982562178887518;0,026982562178887507;0,026982562178887518;0,9974653256484818;-0,022385780794982903;0,9971310276146133;-0,02533632930996227;2,698256217888752e-06
196;-0,2440182513703284;-0,11801296728074692;0,24404863905662214;0,11803391596674703;3,0387686293736893e-05;2,0948686000110683e-05;0,015871616208159446;0,015871616208159443;0,015871616208159446;0,9860048568796937;-0,33986370362024465;0,9861375470404837;-0,33867405813682216;1,5871616208159446e-06
197;-0,05099989148080673;-0,024999979783510283;0,05100157726076683;0,025001141964762153;1,6857799600977774e-06;1,162181251870148e-06;0,0032904563737658466;0,003290456373765847;0,003290456373765847;0,9965855915665691;-0,24527916400809188;0,9966211268489781;-0,24497499363960434;3,290456373765847e-07
198;-1,0590439134738303;-0,51271975515049;1,060004979324818;0,5133823788109165;0,0009610658509877634;0,0006626236604265756;0,06864760112399941;0,0686476011239994;0,06864760112399941;0,9895859410883336;-0,09227037160464689;0,9905563074894809;-0,08362977576693677;6,86476011239994e-06
199;-0,19399987093948348;-0,09399997752903955;0,19403317972522685;0,09402294116707255;3,330878574336893e-05;2,2963638033002276e-05;0,012643946457401493;0,012643946457401495;0,012643946457401495;0,9843559087573471;-0,3377712302449293;0,9845385058151159;-0,3361392600898084;1,2643946457401495e-06
200;0,4072790734212472;0,19719240183640271;-0,40713831269964573;-0,19709536240404188;0,0001407607216014628;9,703943236083479e-05;0,02620057698952774;0,02620057698952774;0,02620057698952774;0,9971310276146133;-0,02533632930996227;0,9967586686625058;-0,02862966641837128;2,6200576989527738e-06
201;-0,05270025033325041;-0,025000172596401398;0,052702931648460356;0,025002021152953125;2,681315209945856e-06;1,8485565517270541e-06;0,003412289152023307;0,0034122891520233065;0,003412289152023307;0,9869188551543417;-0,27161808450078273;0,9869732495374827;-0,271106406027057;3,4122891520233073e-07
202;0,0;0,0;0,0;0,0;0,0;0,0;;;;;;;;
203;-0,3730455706014507;-0,1810314194020699;0,3731920381847494;0,18113239788580948;0,0001464675832986706;0,00010097848373957774;0,024098477575582002;0,024098477575582006;0,024098477575582006;0,9934188188839892;-0,05785283599120703;0,9938401389655515;-0,05413733665103511;2,4098477575582008e-06
204;0,06910409133945312;0,03400345433177836;-0,06910100907696523;-0,03400085201470132;3,0822624878940053e-06;2,6023170770356208e-06;0,004483103449129238;0,004483103449129238;0,004483103449129238;0,9918521045982642;-0,07736440955145192;0,9918016920181445;-0,07808912512096793;4,483103449129238e-07
205;0,06920824384500336;0,03400631775298711;-0,06920409133969875;-0,0340034543313406;4,152505304610976e-06;2,8634216465081574e-06;0,00448832706321428;0,0044883270632142805;0,0044883270632142805;0,9919162885755657;-0,07681551640243572;0,9918521045982642;-0,07736440955145192;4,488327063214281e-07
206;0,10335194361852301;0,05003581832168783;-0,10333954337723374;-0,050027269238724116;1,240024128927597e-05;8,549082963715815e-06;0,00672556638464316;0,00672556638464316;0,00672556638464316;0,9857209594312577;-0,28326251997887986;0,9855931693331176;-0,28440599379904025;6,72556638464316e-07
207;0,10323954339179137;0,05002726923214435;-0,10322419135222129;-0,05001668498246456;1,535203957007958e-05;1,0584249679791713e-05;0,006720294315813612;0,006720294315813612;0,006720294315813612;0,9855931693331176;-0,28440599379904025;0,9854348263793138;-0,2858197399621792;6,720294315813613e-07
208;0,10312419136653823;0,05001668497566416;-0,10311529165232863;-0,05001054892099705;8,899714209600895e-06;6,136054667107982e-06;0,006715022307969415;0,006715022307969418;0,006715022307969418;0,9854348263793138;-0,2858197399621792;0,9853429553876429;-0,2866382423876924;6,715022307969418e-07
209;-0,4433042787001977;-0,21407189673151883;0,44354883809466367;0,21424050369473158;0,00024455939446599295;0,00016860696321274737;0,02874054328301722;0,02874054328301722;0,02874054328301722;0,9889215567315904;-0,09880865915824055;0,9895112452451701;-0,09351811549911165;2,874054328301722e-06
210;-1,9290782504134456;-0,9393348290805564;1,9329596788072567;0,9420107847092622;0,003881428393811115;0,0026759556287058173;0,12405510429703842;0,12405510429703842;0,12405510429703842;0,9985685946144298;-0,22998824582466115;1,0007379683788789;-0,21115952366308782;1,2405510429703843e-05
211;0,0;0,0;0,0;0,0;0,0;0,0;;;;;;;;
212;0,08500767027571329;0,04100531753768875;-0,08499994335679088;-0,04099999040291126;7,726918922409953e-06;5,327134777487197e-06;0,005535056094687245;0,005535056094687246;0,005535056094687246;0,9844668891847863;-0,3380657922546217;0,9843701540700568;-0,3389406648904947;5,535056094687245e-07
213;0,18403046391974173;0,08902106577733448;-0,1840068093282353;-0,08900475821652941;2,3654591506439004e-05;1,6307560805076116e-05;0,011991899384099038;0,011991899384099036;0,011991899384099038;0,9842326681412622;-0,34152053098011587;0,9840959589583103;-0,3427481789210487;1,1991899384099038e-06
214;0,0;0,0;0,0;0,0;0,0;0,0;;;;;;;;
215;0,016000106457389578;0,008000074292163348;-0,015999998125380274;-0,007999999612225018;1,0833200930412956e-07;7,467993833054631e-08;0,001047658697648511;0,001047658697648511;0,001047658697648511;0,9858200738071767;-0,28231734743349707;0,9858128935401576;-0,2823761150911146;1,0476586976485109e-07
216;0,0;0,0;0,0;0,0;0,0;0,0;;;;;;;;
217;-0,1130000000000018;-0,05399999999995268;0,11302990134685231;0,05402061571143707;2,9901346850519372e-05;2,06157114843869e-05;0,007305184494240505;0,007305184494240506;0,007305184494240506;0,9898068283366931;-0,09092654247087095;0,9900903047780748;-0,08831582025391689;7,305184494240506e-07
218;-0,0006000004053108255;-2,8005982548269743e-10;0,0006000004863656639;3,359444199716598e-10;8,105483840538386e-11;5,588459448896235e-11;3,510019496618114e-05;3,5100194966181145e-05;3,5100194966181145e-05;0,9869187218301554;-0,27162342107851734;0,9869188551543417;-0,27161808450078273;3,5100194966181143e-09
219;-0,0005000001437346943;-9,922651581206116e-11;0,0005000004064124832;2,8033404752165237e-10;2,6267778891701093e-10;1,8110753170959121e-10;2,925016648806615e-05;2,9250166488066144e-05;2,925016648806615e-05;0,9869182033471857;-0,2716441744500848;0,9869187218301554;-0,27162342107851734;2,9250166488066154e-09
220;-0,00030000011335845546;-7,767732183661573e-11;0,000300000140376752;9,630553179293775e-11;2,7018296562715538e-11;1,8628209956322025e-11;1,755010305980959e-05;1,7550103059809587e-05;1,755010305980959e-05;0,9869181144643804;-0,27164773217311855;0,9869182033471857;-0,2716441744500848;1,755010305980959e-09
221;-0,00020000000248990445;-1,5821274560995858e-12;0,00020000011356516604;7,816479758015461e-11;1,1107526159156826e-10;7,658267012405503e-11;1,1700070929134893e-05;1,1700070929134892e-05;1,1700070929134893e-05;0,9869175663536773;-0,271669671479319;0,9869181144643804;-0,27164773217311855;1,1700070929134894e-09
222;-0,00010000000040110031;-3,2774860324044096e-13;0,00010000000265262593;1,8801000729925147e-12;2,2515256125439295e-12;1,5523514697520738e-12;5,850035546916857e-06;5,850035546916857e-06;5,850035546916857e-06;0,9869175441329758;-0,27167056091116654;0,9869175663536773;-0,271669671479319;5,850035546916857e-10
223;0,0;0,0;0,0;0,0;0,0;0,0;;;;;;;;
224;0,33618994983807826;0,16306264886084668;-0,3361389964781229;-0,16302751822689665;5,095335995536354e-05;3,513063395002569e-05;0,0215566909627874;0,021556690962787388;0,0215566909627874;1,0007379683788789;-0,21115952366308782;1,0005741203944372;-0,21259693390896106;2,1556690962787396e-06
225;0,3935467688375968;0,19030863669183826;-0,3932959926477126;-0,1901357416715319;0,00025077618988422756;0,00017289502030634618;0,02556208782034987;0,025562087820349872;0,025562087820349872;0,9873459391763496;-0,32778850323632996;0,9866660244082306;-0,33388439692415167;2,556208782034987e-06
226;0,0;0,0;0,0;0,0;0,0;0,0;;;;;;;;
227;0,0;0,0;0,0;0,0;0,0;0,0;;;;;;;;
228;-0,18925857796456133;-0,0930407823938093;0,1893428082012227;0,09309885709026527;8,423023666137563e-05;5,80746964559814e-05;0,012213185740546252;0,012213185740546252;0,012213185740546252;0,9969429924124541;-0,23767234947622748;0,9974214472997865;-0,2336107632242036;1,2213185740546253e-06
229;-0,9985629076918109;-0,4867043898922339;0,9994399952788036;0,48730906885069636;0,0008770875869926753;0,0006046789584624457;0,06488207489648727;0,06488207489648726;0,06488207489648727;0,9884934910852455;-0,3177226097124184;0,9894308225328621;-0,30951553746416954;6,488207489648728e-06
230;-0,16501221626010434;-0,08000850264362905;0,16503756809088535;0,08002990399057752;2,5351830781006335e-05;2,1401346948474176e-05;0,010757054921986559;0,010757054921986559;0,010757054921986559;0,9842647946806787;-0,34103113152638787;0,9844373444171043;-0,33847072626873126;1,0757054921986558e-06
231;0,0;0,0;0,0;0,0;0,0;0,0;;;;;;;;
232;0,20744638864880635;0,10217029201222594;-0,20734277433251408;-0,10209884978543639;0,00010361431629227202;7,144222678955037e-05;0,013378058921904875;0,013378058921904875;0,013378058921904875;0,9979588188800168;-0,22907147534910338;0,9974214472997865;-0,2336107632242036;1,3378058921904875e-06
233;0,3091321234333816;0,14909108568609566;-0,3090923676712184;-0,1490636795862214;3,9755762163196096e-05;2,7406099874255352e-05;0,020069727025798918;0,02006972702579892;0,02006972702579892;0,9873102199154938;-0,2623815773619428;0,9871729600182754;-0,2636196274267553;2,006972702579892e-06
234;-0,3161401785883309;-0,15302772580490326;0,31618191544778457;0,15305649759737772;4,173685945368932e-05;2,8771792474457936e-05;0,020563702258941177;0,020563702258941177;0,020563702258941177;0,9861181171617306;-0,29446228565442495;0,9862587869648626;-0,29320425385001553;2,0563702258941176e-06
235;0,3211513434569744;0,15510434559100328;-0,3210654965768633;-0,15504515704438773;8,584688011109565e-05;5,918854661554618e-05;0,020855551929011958;0,020855551929011958;0,020855551929011958;0,9873102199154938;-0,2623815773619428;0,9870249602092781;-0,26494687068734696;2,0855551929011957e-06
236;0,1220068506279092;0,059004765366508886;-0,12199991866481492;-0,05899998601028522;6,931963094272686e-06;4,779356223665043e-06;0,007951037521453833;0,007951037521453833;0,007951037521453833;0,9840959589583103;-0,3427481789210487;0,9840355353169685;-0,3432912950502605;7,951037521453832e-07
237;0,04900388085925194;0,02400275039266619;-0,04899985188740436;-0,02399997255161122;4,028971847577778e-06;2,777841054971142e-06;0,0031947843475537896;0,0031947843475537904;0,0031947843475537904;0,9861082938740704;-0,3389758943358623;0,9860208242554651;-0,33973448698516934;3,1947843475537904e-07
238;0,24120056027431905;0,11606971285383046;-0,2411682619261832;-0,11604744422529362;3,229834813583965e-05;2,226862853683953e-05;0,015667338067084237;0,015667338067084237;0,015667338067084237;0,9863973968977319;-0,33634931465367734;0,9862545642038387;-0,33764683268876244;1,5667338067084238e-06
239;-0,12199962917127995;-0,0589999361232084;0,12201862183586884;0,05901303125459842;1,899266458889326e-05;1,3095131390021553e-05;0,007936475601528657;0,007936475601528657;0,007936475601528657;0,9858389990560656;-0,3413517325086132;0,9860048568796937;-0,33986370362024465;7,936475601528657e-07
240;-2,444761794699105;-1,210597253827717;2,4470783253430812;1,2121942955526595;0,0023165306439763;0,0015970417249424607;0,15764774784894686;0,15764774784894692;0,15764774784894692;0,9990984362400865;-0,2195936490759393;1,0001182639930943;-0,21113386529429504;1,5764774784894692e-05
241;1,1900792188933216;0,5741634522305877;-1,1889011831605634;-0,5733512360755808;0,0011780357327582092;0,0008122161550069285;0,07725714614178479;0,07725714614178479;0,07725714614178479;0,9874540336014376;-0,32681526613530976;0,9863973968977319;-0,33634931465367734;7,725714614178479e-06
242;0,0;0,0;0,0;0,0;0,0;0,0;;;;;;;;
243;0,2710923676714835;0,1310636795860662;-0,27102094992537495;-0,1310144426511514;7,141774610852636e-05;4,9236934914820285e-05;0,01761063271716979;0,017610632717169786;0,01761063271716979;0,9871729600182754;-0,2636196274267553;0,9868919064752574;-0,26614013291086536;1,761063271716979e-06
244;-0,1019996180553807;-0,048999936819999965;0,10200953924192906;0,04900677670004349;9,921186548356165e-06;6,8398800435257034e-06;0,00656377518223697;0,0065637751822369686;0,00656377518223697;0,995345919214396;-0,2590889095794505;0,9954506323664108;-0,2581425256967911;6,56377518223697e-07
245;-0,10499993014573561;-0,05099998767057485;0,10501227121681529;0,051008496425464254;1,2341071079682853e-05;8,508754889405279e-06;0,006848043146562733;0,006848043146562734;0,006848043146562734;0,984139862323228;-0,34214118360938156;0,9842647946806787;-0,34103113152638787;6,848043146562734e-07
246;0,3162962258307475;0,15313578136025455;-0,3161339411770076;-0,15302389590367782;0,00016228465373990808;0,00011188545657672688;0,020563256807329466;0,020563256807329466;0,020563256807329466;0,9866660244082306;-0,33388439692415167;0,9861190308342818;-0,33877598524417163;2,0563256807329466e-06
247;0,0;0,0;0,0;0,0;0,0;0,0;;;;;;;;
248;-0,9076070393907003;-0,43941852719571073;0,9080439134735795;0,4397197551500727;0,0004368740828791795;0,00030122795436199334;0,05886238003446773;0,05886238003446775;0,05886238003446775;0,9890715052158616;-0,0968560952585966;0,9895859410883336;-0,09227037160464689;5,886238003446775e-06
249;0,1991683900310169;0,09604746443955331;-0,19912980622658352;-0,09602086393238009;3,858380443338971e-05;2,660050717322171e-05;0,012944176121810971;0,012944176121810971;0,012944176121810971;0,9862545642038387;-0,33764683268876244;0,9860480156453245;-0,3395129407403411;1,2944176121810971e-06
250;-2,4420734750219943;-1,2088122079001715;2,4446619740022237;1,2105970196970233;0,0025884989802293923;0,0017848117968517485;0,15764257256771244;0,15764257256771247;0,15764257256771247;0,9979588188800168;-0,22907147534910338;0,9990984362400865;-0,2195936490759393;1,5764257256771248e-05
251;0,0;0,0;0,0;0,0;0,0;0,0;;;;;;;;
252;-0,12199954241733824;-0,058999921210234535;0,12201108521491659;0,05900787894194126;1,1542797578353858e-05;7,957731706725868e-06;0,007868814149830143;0,007868814149830145;0,007868814149830145;0,9943152970806477;-0,26810185484875176;0,9944169612160547;-0,2671977647037085;7,868814149830145e-07
253;0,05600232330805126;0,02700160184312927;-0,055999999999857095;-0,026999999999996777;2,323308194163154e-06;1,6018431324947568e-06;0,0036390590493528756;0,0036390590493528747;0,0036390590493528756;0,9863805449845373;-0,2505172671044976;0,9863363052830709;-0,250917117292685;3,639059049352876e-07
254;-0,10299998776249969;-0,049999997849383415;0,10301529166777039;0,05001054891354145;1,5303905270699913e-05;1,0551064158037526e-05;0,006709750745692421;0,006709750745692421;0,006709750745692421;0,9851848433567181;-0,2880434847172375;0,9853429553876429;-0,2866382423876924;6,70975074569242e-07
255;0,23604356149996342;0,11403003193947513;-0,23601661661740053;-0,1140114555561345;2,6944882562884853e-05;1,8576383340629388e-05;0,015297661083519997;0,015297661083519997;0,015297661083519997;0,9893593267094726;-0,22390524184250044;0,9892372621737759;-0,22499953373603068;1,5297661083519996e-06
256;0,24406549657639284;0,11804515704440252;-0,2440158594685211;-0,11801093392214895;4,963710787173059e-05;3,422312225356827e-05;0,01585852035790632;0,015858520357906324;0,015858520357906324;0,9870249602092781;-0,26494687068734696;0,9868080301199025;-0,26689081291886113;1,5858520357906323e-06
257;0,0;0,0;0,0;0,0;0,0;0,0;;;;;;;;
258;-1,121439606860054;-0,5463090079637023;1,1232986886646579;0,5475907825594895;0,0018590818046038127;0,0012817745957871551;0,07278970226889991;0,07278970226889991;0,07278970226889991;0,9894308225328621;-0,30951553746416954;0,9912017550829799;-0,29401237753673926;7,278970226889991e-06
259;0,44258260737869687;0,21433356891764388;-0,44225605453588646;-0,21410843000117208;0,0003265528428104125;0,00022513891647180095;0,0283702737254864;0,028370273725486395;0,0283702737254864;1,0007379683788789;-0,21115952366308782;0,9999401713247253;-0,2181906377894269;2,83702737254864e-06
260;-0,37712017561308375;-0,18301703388536023;0,37716703058244644;0,1830565816894742;4,6854969362686294e-05;3,954780411397074e-05;0,02437372510509994;0,02437372510509994;0,02437372510509994;0,9929370390085883;-0,08150794955899074;0,9930777901438275;-0,07944126346077925;2,4373725105099945e-06
261;0,0;0,0;0,0;0,0;0,0;0,0;;;;;;;;
262;0,16801021738098934;0,08200735685028357;-0,168002544423489;-0,08200206660325184;7,672957500343136e-06;5,290247031733419e-06;0,0107994454015651;0,010799445401565104;0,010799445401565104;0,9994887489683886;-0,22215334423952296;0,9994394796539231;-0,22257887365189727;1,0799445401565103e-06
263;9,999957855014802e-05;2,4664036892002853e-10;-9,99995729388032e-05;-2,4277188751999457e-10;5,6113448170793875e-12;3,868481400033957e-12;5,840684244826632e-06;5,840684244826632e-06;5,840684244826632e-06;0,9884934910852455;-0,3177226097124184;0,98849343561714;-0,31772482619052783;5,840684244826632e-10
264;0,3943022171425648;0,19020911685056763;-0,39416818399196474;-0,19011671213853415;0,00013403315060006582;9,240471203347811e-05;0,025363510369571976;0,025363510369571976;0,025363510369571976;0,9965260790804151;-0,2484880257011279;0,996159893584799;-0,25176010756848216;2,536351036957198e-06
265;0,0;0,0;0,0;0,0;0,0;0,0;;;;;;;;
266;-0,1540074783653281;-0,07400540039490312;0,15408418351353523;0,07405828602376277;7,670514820712349e-05;5,288562885964743e-05;0,009996752010287673;0,009996752010287673;0,009996752010287673;0,9868143527271319;-0,3326297455860763;0,9873459391763496;-0,32778850323632996;9,996752010287672e-07
267;-0,14400280692682513;-0,07000220457694148;0,1440215314167186;0,07001511448515807;1,872448989348463e-05;1,290990821659066e-05;0,00924029170807952;0,00924029170807952;0,00924029170807952;1,0004336339222932;-0,21382216105339807;1,0005741203944372;-0,21259693390896106;9,24029170807952e-07
268;-0,19409996948245553;-0,0939999947125489;0,19414019776020813;0,09402772911219852;4,022827775260196e-05;2,7734399649620434e-05;0,012629453811419188;0,01262945381141919;0,01262945381141919;0,9858973408105262;-0,2964350567895618;0,9861181171617306;-0,29446228565442495;1,2629453811419189e-06
269;0,1940280735005289;0,09401936771443813;-0,19399997677429726;-0,09399999596338371;2,8096726231635616e-05;1,937175105441724e-05;0,01265504082648755;0,012655040826487551;0,012655040826487551;0,9836473113682185;-0,31128614094679014;0,9834934188649609;-0,3126631193212407;1,2655040826487552e-06
270;-0,23122384354999073;-0,11201644035390322;0,2312709856724368;0,11204894214953895;4,714212244608107e-05;3,250179563572819e-05;0,015003242172342557;0,015003242172342559;0,015003242172342559;0,9887037650679567;-0,10074768212625691;0,9889215567315904;-0,09880865915824055;1,5003242172342558e-06
271;-0,29514115600498536;-0,14302883472594508;0,29525972413311696;0,1431289367935881;0,000118568128131602;0,00010010206764302088;0,018994898889820814;0,018994898889820807;0,018994898889820814;0,9968710563146204;-0,24277696780470273;0,9973280637528613;-0,23607621538648876;1,8994898889820813e-06
272;0,0;0,0;0,0;0,0;0,0;0,0;;;;;;;;
273;0,029001298683702825;0,014000951473711392;-0,02899996167032464;-0,014000029683826644;1,3370133781845372e-06;9,217898847488359e-07;0,0018664701515705186;0,0018664701515705188;0,0018664701515705188;0,996159893584799;-0,25176010756848216;0,9961102527878758;-0,2522028517684425;1,8664701515705186e-07
274;0,0;0,0;0,0;0,0;0,0;0,0;;;;;;;;
275;0,18679689094779187;0,090066805247272;-0,1867608213432761;-0,09004193353869788;3,606960451577046e-05;2,4871708574111806e-05;0,012011835389762013;0,012011835389762015;0,012011835389762015;0,9967586686625058;-0,02862966641837128;0,9965505844817373;-0,030491658735572923;1,2011835389762015e-06
276;0,2710910877049605;0,1310669020540229;-0,27102292818050133;-0,1310199083463248;6,815952445915485e-05;4,6993707698117504e-05;0,017629660946649854;0,01762966094664985;0,017629660946649854;0,9861082938740704;-0,3389758943358623;0,9858403471907488;-0,3413817217136885;1,7629660946649856e-06
277;0,12213004056631754;0,05902090289267982;-0,12211689814490226;-0,059011842285950335;1,3142421415285321e-05;9,060606729484333e-06;0,007942202245424726;0,007942202245424726;0,007942202245424726;0,9860480156453245;-0,3395129407403411;0,9859333372904863;-0,34054347794548884;7,942202245424727e-07
278;0,12201689851206055;0,05901184212229485;-0,12199962910109763;-0,058999936093725544;1,7269410962916787e-05;1,1906028569305671e-05;0,007936930146793059;0,00793693014679306;0,00793693014679306;0,9859333372904863;-0,34054347794548884;0,9857825398421026;-0,3418961541358607;7,936930146793061e-07
279;-1,5292131694087794;-0,7463587719312912;1,53187669590996;0,7481950837016389;0,002663526501180513;0,0018363117703477094;0,09856944401205138;0,09856944401205138;0,09856944401205138;0,9966947603465468;-0,24618687760141497;0,9985685946144298;-0,22998824582466115;9,856944401205139e-06
280;-0,10499960792028479;-0,05099993075744559;0,1050126867122556;0,0510089481461642;1,3078791970808079e-05;9,017388718605968e-06;0,006773183223702764;0,006773183223702764;0,006773183223702764;0,9950142860553479;-0,26188643983661497;0,9951481499532021;-0,26071004305898;6,773183223702764e-07
281;0,18166079839645088;0,0880419177175032;-0,1816406996358215;-0,08802806032374133;2,009876062938898e-05;1,3857393761862458e-05;0,011695387646864038;0,01169538764686404;0,01169538764686404;0,9965505844817373;-0,030491658735572923;0,9964314645401213;-0,03154317903051884;1,169538764686404e-06
282;0,17924042636689239;0,08702787094393688;-0,179224358609487;-0,08701679414126898;1,60677574053969e-05;1,1076802667903118e-05;0,011541173479342921;0,011541173479342921;0,011541173479342921;0,9967586686625058;-0,02862966641837128;0,996662159250892;-0,029476995168197614;1,154117347934292e-06
283;-0,20000922222814269;-0,0960067508043993;0,20008002953396134;0,09605556835624676;7,080730581865424e-05;4,881755184746317e-05;0,012867518366895639;0,012867518366895639;0,012867518366895639;0,9954506323664108;-0,2581425256967911;0,9958318369857156;-0,25469129137803287;1,286751836689564e-06
284;0,1901429015497043;0,09109852226998474;-0,19012296677805676;-0,09108477791306224;1,9934771647550642e-05;1,3744356922501533e-05;0,012308657623676762;0,012308657623676764;0,012308657623676764;0,9889640557964469;-0,09839290353731847;0,9888518730414245;-0,09942074158242668;1,2308657623676765e-06
285;0,17403244858886582;0,08502476289073835;-0,1740186879668949;-0,08501314306122962;1,3760621970920761e-05;1,1619829508729973e-05;0,011208628839323533;0,011208628839323529;0,011208628839323533;0,9976956118997024;-0,2324964065972899;0,9976056524737419;-0,23379806843620213;1,1208628839323534e-06
286;0,0;0,0;0,0;0,0;0,0;0,0;;;;;;;;
287;-0,45304659297846045;-0,2200321244696536;0,45331754794369505;0,2202189476571473;0,0002709549652346044;0,00018682318749371762;0,02949777460416338;0,029497774604163383;0,029497774604163383;0,9857815708604887;-0,2556146898746327;0,9864183692119541;-0,24996684934454402;2,9497774604163384e-06
288;0,17203224867284808;0,08202223232129938;-0,17201036496870134;-0,0820071461381688;2,1883704146741234e-05;1,5086183130577635e-05;0,011133367796238748;0,011133367796238748;0,011133367796238748;0,9883303322938956;-0,10421327730571685;0,9881942268274961;-0,10547594498511875;1,1133367796238748e-06
289;0,17002002941979386;0,08201381144420955;-0,1700102581694609;-0,08200707265087646;9,771250332968329e-06;6,738793333085913e-06;0,011048963271173929;0,011048963271173929;0,011048963271173929;0,9863805449845373;-0,2505172671044976;0,9863192584556943;-0,25107099878157946;1,104896327117393e-06
290;-0,31625976542556056;-0,1531288542416931;0,31635957927524316;0,15319767254571506;9,98138496826062e-05;6,881830402197253e-05;0,02034134869428774;0,020341348694287734;0,02034134869428774;0,9973280637528613;-0,23607621538648876;0,9976681729866682;-0,23307015213041415;2,034134869428774e-06
291;0,0;0,0;0,0;0,0;0,0;0,0;;;;;;;;
292;9,999949386895356e-05;2,976465889352122e-10;-9,999948575641867e-05;-2,9205326802677505e-10;8,112534895157036e-12;5,59332090843713e-12;5,799127143139501e-06;5,799127143139503e-06;5,799127143139503e-06;0,9955762872456402;-0,25695429587695706;0,9955762064785935;-0,2569575006164172;5,799127143139503e-10
293;0,14902094992571388;0,0720144426512542;-0,1490075845250294;-0,07200522862502476;1,3365400684473006e-05;9,214026229442673e-06;0,009682603505130996;0,009682603505130996;0,009682603505130996;0,9868919064752574;-0,26614013291086536;0,9867962459710147;-0,26699898606943423;9,682603505130996e-07
294;-0,2200799561647471;-0,10605555279227065;0,22009975657972689;0,10606920244004396;1,9800414979787018e-05;1,364964777331168e-05;0,014163760347859128;0,014163760347859128;0,014163760347859128;0,9958318369857156;-0,25469129137803287;0,9959287005475463;-0,2538234666783988;1,4163760347859127e-06
295;-0,19412395569499713;-0,09401688361975556;0,1941494977753667;0,09403449242219893;2,5542080369561626e-05;1,7608802443364047e-05;0,012461157443303837;0,012461157443303835;0,012461157443303837;0,9993466793659309;-0,22340553445927508;0,9994887489683886;-0,22215334423952296;1,2461157443303837e-06
296;-0,1939992870950329;-0,0939998758502907;0,1940239560870826;0,09401688349122458;2,4668992049697858e-05;1,7007640933888735e-05;0,012455958148385213;0,012455958148385215;0,012455958148385215;0,9992094034370187;-0,22461435267760851;0,9993466793659309;-0,22340553445927508;1,2455958148385216e-06
297;0,15501661661791474;0,07501145555621651;-0,1550000000003676;-0,07500000000007423;1,661661754714938e-05;1,1455556142278556e-05;0,010050821538589418;0,010050821538589416;0,010050821538589418;0,9892372621737759;-0,22499953373603068;0,9891226791616782;-0,22602236208800744;1,0050821538589417e-06
298;0,15402008771628245;0,07401617640208707;-0,15400505830624214;-0,07400348725229561;1,5029410040307e-05;1,268914979146718e-05;0,009899537764027641;0,009899537764027638;0,009899537764027641;0,9965984517165808;-0,02985704356263307;0,9964873939104328;-0,031509284229719825;9,899537764027643e-07
299;0,15229727051057715;0,07406707244901194;-0,15221765267699083;-0,07401217862120414;7,961783358631513e-05;5,489382780779484e-05;0,009905696105234514;0,009905696105234514;0,009905696105234514;0,9870676017635102;-0,27127323194532016;0,986510360184335;-0,2761966697084674;9,905696105234513e-07
300;0,12601260817235205;0,061008691557157;-0,1259999999999647;-0,06100000000011438;1,260817238735168e-05;8,691557042618536e-06;0,008176053254040283;0,008176053254040283;0,008176053254040283;0,9886382532877709;-0,2303194404610371;0,9885313737915533;-0,23127257425892556;8,176053254040282e-07
301;0,20218114599669534;0,09805594396444844;-0,20217560700411605;-0,0980521267553418;5,538992579295909e-06;3,817209106637964e-06;0,012973329558511128;0,012973329558511128;0,012973329558511128;0,9999999999324107;-4,174950805941648e-20;0,9999704076415815;-0,00025945199637451795;1,297332955851113e-06
302;0,2020756070021488;0,0980521267547249;-0,20199999999995513;-0,09799999999997612;7,560700219366723e-05;5,212675474877693e-05;0,012968134848562338;0,012968134848562341;0,012968134848562341;0,9999704076415815;-0,00025945199637451795;0,9995662596330743;-0,003804471746686747;1,296813484856234e-06
303;0,0;0,0;0,0;0,0;0,0;0,0;;;;;;;;
304;0,1492135564134153;0,07201165290119593;-0,14920010419925486;-0,07200029656296042;1,3452214160436515e-05;1,1356338235513075e-05;0,009587720410687867;0,009587720410687865;0,009587720410687867;0,9976956118997024;-0,2324964065972899;0,9975929348684689;-0,23401149596534765;9,587720410687866e-07
305;0,0;0,0;0,0;0,0;0,0;0,0;;;;;;;;
306;-0,33735953456160445;-0,16319766510220984;0,33751167097321444;0,16330256049118308;0,00015213641160999325;0,00010489538897323625;0,021687340251142995;0,02168734025114299;0,021687340251142995;0,9976681729866682;-0,23307015213041415;0,9981543717241689;-0,2287645487549447;2,1687340251142996e-06
307;-0,5152459425842301;-0,24917055731589421;0,5153185016959065;0,24922058439152345;7,255911167647344e-05;5,002707562923314e-05;0,03320978281119796;0,03320978281119796;0,03320978281119796;0,9949967240308001;-0,26205609509163585;0,9951481499532021;-0,26071004305898;3,3209782811197962e-06
308;-0,19200084619330407;-0,09300094530543355;0,19201746540118567;0,09301240369226302;1,661920788159632e-05;1,1458386829463207e-05;0,01231121291151833;0,01231121291151833;0,01231121291151833;1,0004805527076808;-0,21342068681990112;1,0005741203944372;-0,21259693390896106;1,231121291151833e-06
309;0,06000286100546468;0,02800221407573887;-0,06000071839093107;-0,028000736970264933;2,1426145336150837e-06;1,4771054739383394e-06;0,003876798063711141;0,0038767980637111404;0,003876798063711141;0,9861082938740704;-0,3389758943358623;0,986070076099837;-0,3393500768316531;3,8767980637111406e-07
310;0,14201880167193287;0,06901311374233651;-0,14200561681878865;-0,0690040223815042;1,3184853144221353e-05;9,091360832311213e-06;0,009138193208217696;0,009138193208217696;0,009138193208217696;0,9976056524737419;-0,23379806843620213;0,997505623732222;-0,23467421755548945;9,138193208217696e-07
311;-0,12199971075113267;-0,05899995014927486;0,12202008698943506;0,059013998882659825;2,0376238302394212e-05;1,4048733384966483e-05;0,007870404620671605;0,007870404620671607;0,007870404620671607;0,9941155674836695;-0,2653390383819415;0,9942950003731633;-0,26374276160141585;7,870404620671608e-07
312;0,13901025816949625;0,06700707265087087;-0,1390000577702602;-0,06700003983421496;1,0200399236048874e-05;7,0328166559135985e-06;0,009033087299197004;0,009033087299197001;0,009033087299197004;0,9863192584556943;-0,25107099878157946;0,9862410113448546;-0,25177874042837134;9,033087299197004e-07
313;0,16011814482942827;0,0780125089435125;-0,16011268918876453;-0,0780087474399258;5,455640663731831e-06;3,7615035867050173e-06;0,010401078994696571;0,01040107899469657;0,010401078994696571;0,9886746226796296;-0,2300003357491292;0,9886382532877709;-0,2303194404610371;1,040107899469657e-06
314;0,1321156915272872;0,064010946107136;-0,13209975292100398;-0,06399995697229777;1,59386062832112e-05;1,0989134838226833e-05;0,00852522511232413;0,00852522511232413;0,00852522511232413;0,9942071331108577;-0,26175516006346533;0,9940775445323504;-0,2629026946770509;8,52522511232413e-07
315;0,12200758452510473;0,059005228625455715;-0,1220000000002254;-0,058999999999998005;7,584524879325483e-06;5,228625457709413e-06;0,007929330615089512;0,00792933061508951;0,007929330615089512;0,9867962459710147;-0,26699898606943423;0,9867299552376906;-0,2675929795021496;7,929330615089512e-07
316;0,13111757391649428;0,06401212297463062;-0,13110238132849664;-0,06400164894852077;1,5192587997647777e-05;1,0474026109846823e-05;0,00853923819211561;0,008539238192115607;0,00853923819211561;0,986510360184335;-0,2761966697084674;0,9863869859229246;-0,27727552333613686;8,53923819211561e-07
317;0,13100238134639147;0,0640016489375485;-0,13099998455083028;-0,06399999718053462;2,396795561188103e-06;1,6517570138874227e-06;0,008533978702784892;0,008533978702784892;0,008533978702784892;0,9863869859229246;-0,27727552333613686;0,9863675113334414;-0,2774452894172859;8,533978702784892e-07
318;0,15203329302720278;0,07302295458190375;-0,15201043615603335;-0,07300719503392766;2,2856871169429915e-05;1,5759547976085253e-05;0,009846723674513285;0,009846723674513284;0,009846723674513285;0,9889215567315904;-0,09880865915824055;0,9887607438966102;-0,10027299034779522;9,846723674513285e-07
319;0,1291225360937911;0,063015537736366;-0,1291076478042265;-0,06300527346191602;1,4888289564585211e-05;1,0264274449986455e-05;0,008323078437466202;0,008323078437466203;0,008323078437466203;0,996662159250892;-0,029476995168197614;0,9965381186388481;-0,030551669894318997;8,323078437466203e-07
320;0,12843701004956276;0,06202551641170293;-0,1284257020588646;-0,06201772027026308;1,1307990698150583e-05;7,796141439850302e-06;0,008264220513197603;0,008264220513197603;0,008264220513197603;0,9964314645401213;-0,03154317903051884;0,9963366411726516;-0,032387996142745124;8,264220513197603e-07
321;-0,04010058622227762;-0,019000404218558798;0,04010204172472867;0,019001407805297882;1,4555024510504166e-06;1,0035867390838227e-06;0,002589205714697784;0,002589205714697784;0,002589205714697784;0,9894723335801774;-0,09388442216694722;0,9895112452451701;-0,09351811549911165;2,589205714697784e-07
322;0,12602310917308535;0,06101593300033353;-0,1259999999999425;-0,060999999999972424;2,3109173142854544e-05;1,5933000361109673e-05;0,008115455413723709;0,008115455413723709;0,008115455413723709;0,9961100724077193;-0,03412001532006353;0,9959127052484327;-0,035867745691127696;8,115455413723708e-07
323;0,12601197662383654;0,06101034651499794;-0,125999704772809;-0,06099998585388455;1,2271851027534364e-05;1,0360661113387182e-05;0,00810829248920454;0,00810829248920454;0,00810829248920454;0,9969013620922442;-0,24413999432768663;0,9967905657888287;-0,24576790485470862;8,10829248920454e-07
324;0,126011229073507;0,061007743080457075;-0,12600000000019096;-0,060999999999858626;1,1229073316049165e-05;7,743080598449081e-06;0,008181402327182414;0,008181402327182414;0,008181402327182414;0,9879801966871521;-0,10660987157238964;0,9878850632441781;-0,10745957729676887;8,181402327182414e-07
325;0,05900327409873793;0,029002257306117895;-0,05899999999989623;-0,029000000000016696;3,2740988416962713e-06;2,2573061011985085e-06;0,003816430864357091;0,0038164308643570907;0,003816430864357091;0,9946043227448478;-0,059028966718475684;0,9945448079414676;-0,059535771960401995;3,816430864357091e-07
326;-0,07699972167597452;-0,03699995389934154;0,07700669036587139;0,03700475857746468;6,968689896871827e-06;4,8046781231381175e-06;0,004944069618774069;0,00494406961877407;0,00494406961877407;0,9975974900239043;-0,23875062857373053;0,9976951399515647;-0,23787048586657525;4,94406961877407e-07
327;0,03800077090821422;0,01800075819607145;-0,03799986789415266;-0,017999995925643317;9,030140615609583e-07;7,622704281326498e-07;0,0024619729194879742;0,0024619729194879742;0,0024619729194879742;0,986070076099837;-0,3393500768316531;0,9860432858379907;-0,33976202486651225;2,4619729194879743e-07
328;-0,07699976621382136;-0,036999961245407324;0,07700771193702405;0,037005439296838014;7,945723202687494e-06;5,478051430689301e-06;0,004998654914258841;0,0049986549142588405;0,004998654914258841;0,9867042290751125;-0,3336331176761421;0,9868143527271319;-0,3326297455860763;4,998654914258842e-07
329;0,12201033989174223;0,059007150593152244;-0,12199995702837196;-0,058999992609650595;1,0382863370267392e-05;7,157983501648868e-06;0,007944907024857105;0,007944907024857105;0,007944907024857105;0,9848856863534566;-0,32734545555233086;0,9847951145481924;-0,3281586750191823;7,944907024857104e-07
330;0,11500746745841527;0,056005149118971455;-0,11500000000002357;-0,055999999999934824;7,467458391696713e-06;5,149119036630678e-06;0,007411068505338494;0,007411068505338492;0,007411068505338494;0,9965381186388481;-0,030551669894318997;0,9964682538379751;-0,031160868986335893;7,411068505338495e-07
331;0,12201585946907752;0,05901093392199061;-0,12200000000004363;-0,058999999999958926;1,585946903388813e-05;1,0933922031684806e-05;0,007929817101422576;0,007929817101422576;0,007929817101422576;0,9868080301199025;-0,26689081291886113;0,9866694203423787;-0,2681330499320392;7,929817101422575e-07
332;-0,05799978754485566;-0,027999963818274125;0,05800312045342418;0,02800226174702726;3,332908568520754e-06;2,2979287531352255e-06;0,003717029787949277;0,0037170297879492767;0,003717029787949277;1,0003714961507002;-0,2143740657605978;1,0004336339222932;-0,21382216105339807;3,717029787949277e-07
333;0,10932540911471197;0,05301751829515876;-0,10931584217376185;-0,0530109227125202;9,56694095012589e-06;6,5955826385605265e-06;0,007040753563146918;0,007040753563146918;0,007040753563146918;0,9963366411726516;-0,032387996142745124;0,9962424539300965;-0,03321803759858233;7,040753563146918e-07
334;0,1940230821672128;0,09402001764913615;-0,19399932997172664;-0,09399996746720339;2,3752195486170802e-05;2,0050181932754207e-05;0,012626642793864667;0,01262664279386467;0,01262664279386467;0,9858403471907488;-0,3413817217136885;0,9857026327658596;-0,3434243994400969;1,262664279386467e-06
335;-0,021100000022455084;-0,010000000015737063;0,02110058622272323;0,010000404218810046;5,862002681461531e-07;4,042030729827645e-07;0,001362481757612203;0,001362481757612203;0,001362481757612203;0,9894425512833612;-0,09416465369934787;0,9894723335801774;-0,09388442216694722;1,362481757612203e-07
336;-0,18603224867270118;-0,08902223232138835;0,18612296677816434;0,08908477791353933;9,071810546315562e-05;6,254559215097821e-05;0,012047585821347675;0,012047585821347675;0,012047585821347675;0,9883303322938956;-0,10421327730571685;0,9888518730414245;-0,09942074158242668;1,2047585821347676e-06
337;0,10310468690739556;0,05000395679191253;-0,10310000000951132;-0,05000000000707957;4,686897884242924e-06;3,956784832961913e-06;0,006676334799525857;0,006676334799525858;0,006676334799525858;0,9909453535991016;-0,09055874534135133;0,9908939539153861;-0,09131627048857215;6,676334799525858e-07
338;0,1010046285108287;0,04900319163056284;-0,1010000000001667;-0,04899999999981602;4,628510661991436e-06;3,191630746822438e-06;0,00656292159813273;0,00656292159813273;0,00656292159813273;0,9876052584426487;-0,23952381857681884;0,9875563688505612;-0,2399582560393717;6,562921598132731e-07
339;0,10100071066213212;0,0490004902027794;-0,10099999999660875;-0,048999999999188464;7,106655233735104e-07;4,902035909346014e-07;0,006574787440486225;0,006574787440486225;0,006574787440486225;0,9857815708604887;-0,2556146898746327;0,985774077256396;-0,2556814690576444;6,574787440486226e-07
340;0,0;0,0;0,0;0,0;0,0;0,0;;;;;;;;
341;0,0992157671348424;0,048010870973440874;-0,09920749002164389;-0,04800516439229162;8,277113198507102e-06;5,706581149254875e-06;0,006387651839240053;0,006387651839240053;0,006387651839240053;0,9962424539300965;-0,03321803759858233;0,9961526441918847;-0,03401415719669564;6,387651839240052e-07
342;-1,1883832636112186;-0,5995397923705752;1,1893418463973162;0,6002006718989529;0,000958582786097617;0,000660879528377678;0,07764549281235952;0,07764549281235952;0,07764549281235952;0,9897341392113721;-0,2947205482859934;0,9905918664083733;-0,28791352032283885;7,764549281235952e-06
343;-1,2452982844915008;-0,6065907247160749;1,2471541574135012;0,6078702868948548;0,001855872922000401;0,0012795621787798916;0,08068320205793995;0,08068320205793995;0,08068320205793995;0,9912017550829799;-0,29401237753673926;0,9927966618043844;-0,2800691680694486;8,068320205793995e-06
344;-1,194441216490315;-0,6022015610435055;1,198240267939026;0,6048208168277663;0,003799051448710955;0,00261925578426081;0,07796337481617789;0,0779633748161779;0,0779633748161779;0,9905918664083733;-0,28791352032283885;0,9939773263725178;-0,2610837479161328;7,79633748161779e-06
345;-1,4304998121525314;-0,6974878945799015;1,4332135173614349;0,6993588151144925;0,002713705208903461;0,0018709205345910362;0,09237783380736239;0,09237783380736242;0,09237783380736242;0,9946577771261484;-0,263876172286929;0,9966947603465468;-0,24618687760141497;9,237783380736243e-06
346;0,049002980367371385;0,024002145123275535;-0,048999820787587835;-0,023999966801666273;3,159579783550137e-06;2,1783216092620405e-06;0,0031521081013915976;0,003152108101391598;0,003152108101391598;0,9994394796539231;-0,22257887365189727;0,9993699568119333;-0,22317368751478162;3,1521081013915984e-07
347;-9,999999998364961e-05;-5,025965567049317e-14;0,00010000002264563936;1,567442783428223e-11;2,2661989743533867e-11;1,5624168178611735e-11;5,835107851238432e-06;5,835107851238433e-06;5,835107851238433e-06;0,9894423270560305;-0,0941736056862645;0,9894425512833612;-0,09416465369934787;5,835107851238434e-10
348;0,0;0,0;0,0;0,0;0,0;0,0;;;;;;;;
349;0,0;0,0;0,0;0,0;0,0;0,0;;;;;;;;
350;-0,7304101583405596;-0,3532827843104393;0,7306070393902324;0,35341852719557615;0,00019688104967285902;0,00013574288513684696;0,04737537346408588;0,047375373464085886;0,047375373464085886;0,9887834798462978;-0,09943099629964126;0,9890715052158616;-0,0968560952585966;4,737537346408589e-06
351;0,08601036496884244;0,04100714613837042;-0,08600000000006447;-0,041000000000047186;1,0364968777973327e-05;7,146138323234352e-06;0,005567047049491539;0,005567047049491539;0,005567047049491539;0,9881942268274961;-0,10547594498511875;0,9880653025421973;-0,10667260707107269;5,567047049491539e-07
352;0,07510609632482548;0,036004203398833055;-0,0751009604765173;-0,03600066216861918;5,135848308177038e-06;3,541230213878477e-06;0,004863693293245904;0,004863693293245904;0,004863693293245904;0,9887037650679567;-0,10074768212625691;0,9886306184741741;-0,10141718606933144;4,863693293245904e-07
353;-0,18201994484332815;-0,08801397440850495;0,1820380801448522;0,08802647809108786;1,8135301524058178e-05;1,2503682582917786e-05;0,011739982494252269;0,011739982494252269;0,011739982494252269;0,9942950003731633;-0,26374276160141585;0,9944020606624185;-0,26279008699477535;1,1739982494252268e-06
354;-0,18213807996353892;-0,08802647811196485;0,1821426198964394;0,08802960681686253;4,5399329004769395e-06;3,128704897686907e-06;0,011745209721293452;0,011745209721293452;0,011745209721293452;0,9944020606624185;-0,26279008699477535;0,9944288459625755;-0,2625517673832238;1,174520972129345e-06
355;0,08100870914754045;0,03900600438202307;-0,08100000000008652;-0,038999999999985976;8,709147453933586e-06;6,004382037093359e-06;0,005233283495514978;0,005233283495514979;0,005233283495514979;0,9919162885755657;-0,07681551640243572;0,9918009818112836;-0,0778553840494089;5,233283495514978e-07
356;0,0810057414580391;0,03900404604334967;-0,08099983307469917;-0,03899997199653958;5,908383339928158e-06;4,0740468100902705e-06;0,0052037558400348264;0,005203755840034826;0,0052037558400348264;0,997505623732222;-0,23467421755548945;0,9974269515648775;-0,23538004905422455;5,203755840034827e-07
357;0,08100505830644439;0,03900348725202443;-0,08100000000012937;-0,03899999999997206;5,058306315017247e-06;3,4872520523754336e-06;0,005209023429450838;0,005209023429450838;0,005209023429450838;0,9964873939104328;-0,031509284229719825;0,9964201119935486;-0,03211320611722243;5,209023429450838e-07
358;0,07900080629793182;0,0380006808554756;-0,07900000000263356;-0,038000000001422375;8,06295298264037e-07;6,808540532268759e-07;0,005128153169850641;0,005128153169850641;0,005128153169850641;0,9869732495374827;-0,271106406027057;0,9869617463516083;-0,27127898657427596;5,128153169850641e-07
359;-0,13810029972175017;-0,06700020668842668;0,1381177472254674;0,06701223695560218;1,7447503717238355e-05;1,2030267175500153e-05;0,008964513717008706;0,008964513717008706;0,008964513717008706;0,9885688462871968;-0,10194494723377706;0,9887037650679567;-0,10074768212625691;8,964513717008706e-07
360;0,05500237399084163;0,027001720126785617;-0,054999833919659236;-0,026999968832837697;2,5400711823955757e-06;1,7512939479193135e-06;0,003587421223399068;0,003587421223399068;0,003587421223399068;0,9861082938740704;-0,3389758943358623;0,9860591775489611;-0,33939924511729663;3,587421223399068e-07
361;-0,2750397426840292;-0,13202792249522538;0,2752020063163882;0,13213979944236767;0,00016226363235899433;0,00011187694714229202;0,01765072712489773;0,017650727124897733;0,017650727124897733;0,9979317384904834;-0,23573844021583465;0,9985685946144298;-0,22998824582466115;1,7650727124897735e-06
362;0,24324872732268757;0,11810300001478508;-0,24318458030786697;-0,11805877279800048;6,414701482060359e-05;4,422721678459807e-05;0,015612709766868214;0,015612709766868212;0,015612709766868214;0,9999401713247253;-0,2181906377894269;0,9996553487533943;-0,22068498013565377;1,5612709766868213e-06
363;0,24308458052916113;0,11805877292322786;-0,2429991080891712;-0,11799984254052619;8,547243998993648e-05;5,893038270167461e-05;0,015607514382986121;0,01560751438298612;0,015607514382986121;0,9996553487533943;-0,22068498013565377;0,9992757052693477;-0,22400835613478443;1,5607514382986123e-06
364;-0,43800990141094664;-0,2120076730256751;0,4382462307644879;0,21217060593898904;0,0002363293535412314;0,000162932913313929;0,028252808880718492;0,028252808880718492;0,028252808880718492;0,9944169612160547;-0,2671977647037085;0,9949967240308001;-0,26205609509163585;2,825280888071849e-06
365;0,0710069331772187;0,03400478019317387;-0,07100000000021389;-0,03399999999999955;6,933177004814217e-06;4,780193174319658e-06;0,004590935577981826;0,0045909355779818264;0,0045909355779818264;0,9900903047780748;-0,08831582025391689;0,9899857016136578;-0,08927418388319865;4,5909355779818265e-07
366;0,12213452949329448;0,05902399881440256;-0,1221193140309473;-0,05901350826307153;1,5215462347173414e-05;1,0490551331031328e-05;0,007941945791325069;0,007941945791325067;0,007941945791325069;0,9861190308342818;-0,33877598524417163;0,9859862567318279;-0,33996929019095545;7,94194579132507e-07
367;0,12201931439953757;0,05901350810022396;-0,12199962914652618;-0,05899993610376357;1,968525301139501e-05;1,3571996460390312e-05;0,00793667398417981;0,00793667398417981;0,00793667398417981;0,9859862567318279;-0,33996929019095545;0,9858143571052934;-0,341511319808351;7,93667398417981e-07
368;0,06810711161262731;0,03300490349490123;-0,06810206956751219;-0,033001426879248306;5,0420451151167445e-06;3,476615652926729e-06;0,004386430792870017;0,004386430792870017;0,004386430792870017;0,9961526441918847;-0,03401415719669564;0,9960729673060796;-0,03471811974253537;4,386430792870017e-07
369;0,06800412714992507;0,03300284544055653;-0,06799999999998711;-0,03299999999996043;4,127149937957486e-06;2,8454405961025886e-06;0,0043711755442515455;0,0043711755442515455;0,0043711755442515455;0,9983934159360827;-0,014172970921755146;0,9983279652501452;-0,014747535933378316;4,3711755442515454e-07
370;0,0;0,0;0,0;0,0;0,0;0,0;;;;;;;;
371;-0,12199954423112092;-0,05899992150851343;0,12201919539173507;0,05901346968603876;1,9651160614156393e-05;1,3548177525329885e-05;0,007861049711092973;0,007861049711092973;0,007861049711092973;0,9952974053567961;-0,25942174572233356;0,995470657106605;-0,25788250652329203;7,861049711092972e-07
372;-0,3150994028658267;-0,15206914086920229;0,3151670716035675;0,15211579194136352;6,766873774077808e-05;4,66510721612301e-05;0,020282630895926877;0,02028263089592688;0,02028263089592688;0,9959287005475463;-0,2538234666783988;0,996159893584799;-0,25176010756848216;2,028263089592688e-06
373;0,0850104361562543;0,04100719503405827;-0,0850042080780598;-0,04100290144159997;6,228078194489561e-06;4,293592458300133e-06;0,005511212305852658;0,005511212305852658;0,005511212305852658;0,9887607438966102;-0,10027299034779522;0,9886824366317956;-0,10097798538484083;5,511212305852658e-07
374;0,0;0,0;0,0;0,0;0,0;0,0;;;;;;;;
375;0,06200475941767677;0,030004018020181975;-0,06199999999989728;-0,029999999999976226;4,7594177794846315e-06;4,018020205748263e-06;0,0039968679122606345;0,003996867912260635;0,003996867912260635;0,9950157702238085;-0,04379645561221794;0,9949286037192784;-0,04508060335913999;3,996867912260635e-07
376;0,12200760946031321;0,05900547798545632;-0,1219995525093658;-0,058999922987812675;8,056950947410435e-06;5,554997643646142e-06;0,007825109414045479;0,00782510941404548;0,00782510941404548;0,9999401713247253;-0,2181906377894269;0,9998688113219788;-0,2188218884759488;7,825109414045481e-07
377;0,06000073243793792;0,029000504914172127;-0,060000000000350336;-0,02899999999975004;7,324375875875089e-07;5,049144220850565e-07;0,0038524918910834613;0,003852491891083461;0,0038524918910834613;0,998720019444673;-0,03214639835690942;0,9987068438044394;-0,0322632097027732;3,852491891083461e-07
378;-0,24601122907339143;-0,11900774308052223;0,2460657596372464;0,11904534139549115;5,45305638549598e-05;3,759831496892574e-05;0,015970039394061053;0,015970039394061046;0,015970039394061053;0,9879801966871521;-0,10660987157238964;0,9882168545423365;-0,10449294596893713;1,5970039394061054e-06
379;0,06800264965066695;0,033001827043118465;-0,06800000000008978;-0,033000000000299914;2,649650577168927e-06;1,827042818550173e-06;0,004414573221860223;0,004414573221860222;0,004414573221860223;0,9885554614816311;-0,10202978428619879;0,9885138534453566;-0,10239884105136479;4,4145732218602226e-07
380;0,05600220085162863;0,027001517480554137;-0,05600000000032051;-0,02700000000037593;2,2008513081220316e-06;1,5174801782057157e-06;0,0035986098686705023;0,0035986098686705006;0,0035986098686705023;0,9974653256484818;-0,022385780794982903;0,9974229462126494;-0,022764612170681653;3,598609868670502e-07
381;0,05600055077484927;0,027000379936788214;-0,05600000000063514;-0,02699999999920753;5,507742141322436e-07;3,799375806849692e-07;0,0035893742278842347;0,003589374227884234;0,0035893742278842347;0,9999999999324107;-4,174950805941648e-20;0,9999893657179502;-9,49573052026036e-05;3,5893742278842343e-07
382;0,05310368958717993;0,02600254391187208;-0,0531013342427893;-0,02600091992497874;2,355344390629621e-06;1,6239868933405621e-06;0,0034259891502473193;0,0034259891502473184;0,0034259891502473193;0,9964314645401213;-0,03154317903051884;0,9963837809737822;-0,03195282069755204;3,425989150247319e-07
383;0,0;0,0;0,0;0,0;0,0;0,0;;;;;;;;
384;0,05200024984731395;0,025000172259596012;-0,05200000000108834;-0,024999999998997244;2,498462256042555e-07;1,7226059876793154e-07;0,0033753365380047654;0,0033753365380047662;0,0033753365380047662;0,9869188551543417;-0,27161808450078273;0,9869137268435427;-0,2716647503798085;3,375336538004766e-07
385;-0,07110467601791708;-0,03400333836758581;0,0711074781914343;0,03400527037230904;2,80217351722456e-06;1,9320047232318505e-06;0,004614796675922595;0,004614796675922594;0,004614796675922595;0,9860662387452025;-0,3393640965740156;0,9861082938740704;-0,3389758943358623;4,6147966759225945e-07
386;0,0;0,0;0,0;0,0;0,0;0,0;;;;;;;;
387;-0,07099978352794063;-0,0339999648655725;0,07100467643229999;0,03400333813939607;4,8929043593576305e-06;3,3732738235689452e-06;0,004609515216804792;0,004609515216804792;0,004609515216804792;0,9859927166169612;-0,3400403113335182;0,9860662387452025;-0,3393640965740156;4,609515216804792e-07
388;-0,00010000000007558577;-8,690820811362263e-14;0,00010000001301573993;9,00871781241441e-12;1,2940154156537709e-11;8,921809604300788e-12;5,840264403479969e-06;5,840264403479968e-06;5,840264403479969e-06;0,9885687183648767;-0,10195005905346474;0,9885688462871968;-0,10194494723377706;5,840264403479969e-10
389;0,0;0,0;0,0;0,0;0,0;0,0;;;;;;;;
390;0,050001822514969554;0,024001256404929085;-0,049999999999996214;-0,023999999999959356;1,8225149733402946e-06;1,2564049697294521e-06;0,003212933165521947;0,003212933165521947;0,003212933165521947;0,996662159250892;-0,029476995168197614;0,9966228647288685;-0,029832376839198736;3,212933165521947e-07
391;-0,7033308796296804;-0,3402294773894694;0,7042320524052091;0,3408508058147314;0,0009011727755287025;0,0006213284252619689;0,045328329893626965;0,04532832989362696;0,045328329893626965;0,9951481499532021;-0,26071004305898;0,9965260790804151;-0,2484880257011279;4,532832989362696e-06
392;-0,15400641220866007;-0,07400471240881831;0,15404017951350235;0,07402799433931757;3,376730484228041e-05;2,3281930499260972e-05;0,009887655340883122;0,009887655340883119;0,009887655340883122;0,9976951399515647;-0,23787048586657525;0,9979317384904834;-0,23573844021583465;9,887655340883122e-07
393;0,0;0,0;0,0;0,0;0,0;0,0;;;;;;;;
394;0,045000743410586436;0,022000512556483814;-0,04499999999998722;-0,021999999999791603;7,434105992187856e-07;5,125566922108138e-07;0,002911153213509374;0,002911153213509373;0,002911153213509374;0,9934188188839892;-0,05785283599120703;0,993401108813633;-0,05800606391313299;2,911153213509374e-07
395;0,04500004605618809;0,022000078342483628;-0,04499990808171572;-0,02199998317031108;1,3797447236812976e-07;9,51721725490906e-08;0,0028969997944111405;0,002896999794411141;0,002896999794411141;0,9982559236836921;-0,22753610735542582;0,9982526203170063;-0,2275645909006006;2,896999794411141e-07
396;0,05200420807776853;0,025002901441384732;-0,05199999999987838;-0,024999999999951325;4,208077890151263e-06;2,9014414334067873e-06;0,003369593091336552;0,0033695930913365526;0,0033695930913365526;0,9886824366317956;-0,10097798538484083;0,9885959140286174;-0,10176399966684659;3,369593091336553e-07
397;0,043000299707156034;0,021000206679503527;-0,04299999999888992;-0,02100000000030828;2,9970826611463997e-07;2,0667919524777756e-07;0,0027948175452275487;0,0027948175452275487;0,0027948175452275487;0,9885688462871968;-0,10194494723377706;0,988561409318125;-0,10200983188426224;2,794817545227549e-07
398;0,04100080308126321;0,02000055373161942;-0,04099999999995088;-0,020000000000122257;8,030813123255376e-07;5,537314971618135e-07;0,0026664696347151167;0,002666469634715117;0,002666469634715117;0,9877520803864663;-0,23821611856404856;0,9877311956507618;-0,23839897014833672;2,666469634715117e-07
399;-0,04100000000016396;-0,020000000000075607;0,041000995385484296;0,020000686212682806;9,953853203348295e-07;6,862126071989494e-07;0,002642389119804815;0,002642389119804816;0,002642389119804816;0,996732548107084;-0,02885617320666372;0,9967586686625058;-0,02862966641837128;2,642389119804816e-07
400;0,0;0,0;0,0;0,0;0,0;0,0;;;;;;;;
401;0,04000137277656216;0,01900094641514062;-0,04000000000010627;-0,018999999999925247;1,3727764558921218e-06;9,46415215374169e-07;0,002566865770606499;0,002566865770606499;0,002566865770606499;0,9960729673060796;-0,03471811974253537;0,9960359433230318;-0,03506211116535891;2,566865770606499e-07
402;0,00010000000851210528;6,0749001932691696e-12;-9,999999998580585e-05;-1,9561102098918094e-13;8,526299431028603e-12;5,879289172279989e-12;5,840082363265459e-06;5,840082363265459e-06;5,840082363265459e-06;0,9885996162757308;-0,10169484107487907;0,9885995319847727;-0,10169820965914386;5,84008236326546e-10
403;0,0;0,0;0,0;0,0;0,0;0,0;;;;;;;;
404;0,0;0,0;0,0;0,0;0,0;0,0;;;;;;;;
405;0,037100681749891284;0,018000469966034122;-0,03710024256347061;-0,0180001672208813;4,3918642067541924e-07;3,0274515282202596e-07;0,002391821037716083;0,002391821037716083;0,002391821037716083;0,9953965628766444;-0,09979909027984535;0,9953838349389172;-0,09991117423902676;2,391821037716083e-07
406;0,034001005528731795;0,017000693302400317;-0,03399999999993755;-0,016999999999903648;1,0055287942428714e-06;6,933024966696011e-07;0,0022027259285567493;0,0022027259285567493;0,0022027259285567493;0,9963837809737822;-0,03195282069755204;0,9963520810249612;-0,0322096837943846;2,202725928556749e-07
407;0,03400008101949788;0,017000055884267368;-0,03400000000256246;-0,017000000000322864;8,1016935417344e-08;5,588394450320444e-08;0,0022199183395007114;0,002219918339500712;0,002219918339500712;0,9886382532877709;-0,2303194404610371;0,9886357186837537;-0,23034016864150217;2,2199183395007117e-07
408;0,03310096047616852;0,016000662168553427;-0,033100000008452764;-0,016000000005929514;9,604677157562524e-07;6,62162623912832e-07;0,0021470622360697687;0,002147062236069769;0,002147062236069769;0,9886306184741741;-0,10141718606933144;0,9885996162757308;-0,10169484107487907;2,147062236069769e-07
409;0,03100019691283769;0,015000135744442786;-0,030999999999385502;-0,014999999999850213;1,9691345218980638e-07;1,3574459257342797e-07;0,001997533698151483;0,001997533698151483;0,001997533698151483;0,9953838349389172;-0,09991117423902676;0,9953770028536527;-0,09997177307564332;1,9975336981514831e-07
410;-0,15701906504800073;-0,07601344648473145;0,15706620888771297;0,07604595058215272;4,7143839712243674e-05;3,250409742126814e-05;0,010117739943716602;0,010117739943716602;0,010117739943716602;0,995470657106605;-0,25788250652329203;0,9957936137223065;-0,2550213837404909;1,0117739943716604e-06
411;0,029103700703850845;0,014002551467955952;-0,02910146553040096;-0,014001010408794123;2,2351734498861353e-06;1,5410591618289504e-06;0,0018666840863396249;0,0018666840863396247;0,0018666840863396249;0,9989203551231739;-0,009511029742591473;0,9988373935441379;-0,010255504659508514;1,8666840863396246e-07
412;0,028999993001165788;0,014000048303294575;-0,028999932108761096;-0,01399999689926116;6,089240469145385e-08;5,140403341527544e-08;0,0018642944711887118;0,0018642944711887122;0,0018642944711887122;0,9972738639653358;-0,23868153109492557;0,997271473647219;-0,23871679374371765;1,8642944711887122e-07
413;0,023200404985530144;0,011000305082418865;-0,0232001192705046;-0,011000108069554045;2,857150255448915e-07;1,9701286482071145e-07;0,0014859910156499755;0,0014859910156499753;0,0014859910156499755;0,9975929348684689;-0,23401149596534765;0,9975796250076995;-0,2341355878274345;1,4859910156499757e-07
414;0,023100119545374106;0,011000107920556756;-0,02310008349802832;-0,011000083055781743;3,604734578541158e-08;2,4864775013261342e-08;0,00148076363268883;0,0014807636326888299;0,00148076363268883;0,9975796250076995;-0,2341355878274345;0,9975779392369083;-0,23415115467053524;1,4807636326888301e-07
415;0,028000696790656913;0,014000480463635206;-0,027999999999746016;-0,013999999999928002;6,967909108972214e-07;4,804637072034629e-07;0,0018145664777589636;0,001814566477758964;0,001814566477758964;0,9960729673060796;-0,03471811974253537;0,9960463010687429;-0,03493431262412487;1,814566477758964e-07
416;0,02600018387702214;0,013000150589470558;-0,025999950657762366;-0,012999989777941562;2,332192597723215e-07;1,6081152899583007e-07;0,0016840968407966597;0,0016840968407966595;0,0016840968407966597;0,9965615552947441;-0,2410826955678434;0,996551938550156;-0,24116062030878638;1,6840968407966597e-07
417;0,07000129259987667;0,034001022124628126;-0,06999974429382397;-0,033999954828075975;1,548306052701065e-06;1,06729655215132e-06;0,004490892253249099;0,004490892253249099;0,004490892253249099;1,0004805527076808;-0,21342068681990112;1,000456653088274;-0,2136294698055538;4,490892253249098e-07
418;0,024001450976169104;0,012001000374551207;-0,02400000000001925;-0,012000000000008256;1,450976149855454e-06;1,0003745429514738e-06;0,0015510974120599562;0,0015510974120599558;0,0015510974120599562;0,9988373935441379;-0,010255504659508514;0,9987724345608615;-0,010780464998815638;1,551097412059956e-07
419;0,024000820254390234;0,01200056552598374;-0,023999999999995917;-0,01200000000001486;8,202543943167107e-07;5,655259688805425e-07;0,0015509247460328333;0,0015509247460328331;0,0015509247460328333;0,9989203551231739;-0,009511029742591473;0,9988836289097054;-0,009807808622884414;1,5509247460328333e-07
420;0,024000357504934813;0,012000246437575477;-0,02399999999975151;-0,011999999999805597;3,575051833043519e-07;2,464377698799952e-07;0,0015715633247240408;0,0015715633247240408;0,0015715633247240408;0,9857815708604887;-0,2556146898746327;0,9857657748135262;-0,25574395697151264;1,5715633247240409e-07
421;-0,17310131608041082;-0,08400109713802295;0,17314150242422352;0,08402880491764671;4,0186343812698144e-05;2,7707779623756257e-05;0,011146254542745194;0,011146254542745194;0,011146254542745194;0,9966211268489781;-0,24497499363960434;0,9968710563146204;-0,24277696780470273;1,1146254542745195e-06
422;0,023000083793361645;0,011000082885120091;-0,02299995250702357;-0,010999992356331745;1,3128633807521495e-07;9,052878834590883e-08;0,001475540421982051;0,0014755404219820513;0,0014755404219820513;0,9975779392369083;-0,23415115467053524;0,997571776682977;-0,23420739334161478;1,4755404219820515e-07
423;0,02300006056138582;0,011000041741869238;-0,023000000001857826;-0,010999999999524997;6,0559527993026e-08;4,174234424086931e-08;0,001486132444384716;0,0014861324443847157;0,001486132444384716;0,9904664581330178;-0,08445388452939574;0,9904636360202226;-0,08447979264711933;1,486132444384716e-07
424;0,02200061661147696;0,010000425122524007;-0,022000000000106712;-0,009999999999853265;6,166113702479881e-07;4,251226707416983e-07;0,0014046683757446238;0,0014046683757446238;0,0014046683757446238;0,9933109899109184;-0,059469242231194666;0,993280686880683;-0,05978186604066378;1,4046683757446238e-07
425;0,0213005362359234;0,010000369927969162;-0,02130012748649627;-0,01000008810893869;4,0874942713181595e-07;2,818190304714613e-07;0,0013652408126984185;0,0013652408126984187;0,0013652408126984187;0,9951196687450424;-0,10150472926100298;0,9950989567913391;-0,10170291252052437;1,3652408126984187e-07
426;0,021000411740519278;0,010000306763520449;-0,020999957009685752;-0,009999993260497837;4,54730833526068e-07;3,13503022611461e-07;0,0013427527498278582;0,0013427527498278584;0,0013427527498278584;1,0001182639930943;-0,21113386529429504;1,000094815549335;-0,21134951393009477;1,3427527498278585e-07
427;0,021000127445603714;0,010000088072190274;-0,020999999654489735;-0,009999999946039421;1,2779111397895337e-07;8,812615085243558e-08;0,001349505285075767;0,0013495052850757668;0,001349505285075767;0,9950989567913391;-0,10170291252052437;0,9950923997113461;-0,10176356918437009;1,349505285075767e-07
428;0,02100007007960321;0,010000059171261613;-0,021000000000352546;-0,009999999999287324;7,007925066290777e-08;5,917197428914611e-08;0,0013482875785881152;0,0013482875785881154;0,0013482875785881154;0,9959949309071657;-0,03570886713338238;0,9959911321780652;-0,03576624942709088;1,3482875785881154e-07
429;0,02099999106607382;0,010000035788095241;-0,02099992133067926;-0,009999987698479915;6,973539455959465e-08;4,808961532633271e-08;0,0013481267668779278;0,001348126766877928;0,001348126766877928;0,9961102527878758;-0,2522028517684425;0,9961066709535976;-0,25223595051063524;1,348126766877928e-07
430;0,021000078772672563;0,010000055644508567;-0,02099999749993549;-0,009999999609680272;8,127273707150828e-08;5,603482829477646e-08;0,0013612507414788237;0,001361250741478824;0,001361250741478824;0,986510360184335;-0,2761966697084674;0,9865062262014901;-0,27623522017984203;1,361250741478824e-07
431;0,020999971042979366;0,010000022038350643;-0,020999921142653154;-0,009999987643158613;4,990032621138285e-08;3,439519202959318e-08;0,001349018691480033;0,001349018691480033;0,001349018691480033;0,9954506323664108;-0,2581425256967911;0,9954480713165963;-0,2581661741929293;1,349018691480033e-07
432;0,0;0,0;0,0;0,0;0,0;0,0;;;;;;;;
433;-0,6490657596373282;-0,3140453413954902;0,6494101583404917;0,31428278431033163;0,0003443987031634954;0,00023744291484145696;0,042126128753755085;0,042126128753755085;0,042126128753755085;0,9882168545423365;-0,10449294596893713;0,9887834798462978;-0,09943099629964126;4,212612875375508e-06
434;0,01900032871411625;0,009000226622564188;-0,019000000000177656;-0,009000000000060132;3,287139385931004e-07;2,2662250405598716e-07;0,0012182375969160344;0,0012182375969160344;0,0012182375969160344;0,9963837809737822;-0,03195282069755204;0,9963651043817067;-0,0321274790872912;1,2182375969160345e-07
435;0,019000292944065408;0,009000201974978788;-0,019000000000163945;-0,00899999999997696;2,929439014628943e-07;2,01975001827559e-07;0,0012182927508766952;0,001218292750876695;0,0012182927508766952;0,9963366411726516;-0,032387996142745124;0,996319997419934;-0,032543681201669415;1,2182927508766951e-07
436;0,01810037170203534;0,00900027304159028;-0,01810012956193134;-0,009000106115098872;2,421401039988391e-07;1,669264914072599e-07;0,0011711148861130176;0,0011711148861130174;0,0011711148861130176;0,9965615552947441;-0,2410826955678434;0,9965472024659253;-0,24120077285182392;1,1711148861130176e-07
437;0,018000129825897777;0,009000105965158994;-0,01799996584230218;-0,008999992918024698;1,6398359559827158e-07;1,1304713429596824e-07;0,0011659301648514352;0,0011659301648514354;0,0011659301648514354;0,9965472024659253;-0,24120077285182392;0,9965374360638859;-0,24127985372482325;1,1659301648514354e-07
438;0,018000015045862496;0,009000010357515431;-0,017999999999637036;-0,008999999997819213;1,504622546000256e-08;1,035969621893118e-08;0,0011706110317860898;0,00117061103178609;0,00117061103178609;0,9925551841796146;-0,08713655793682261;0,9925542919362229;-0,08714378123087228;1,1706110317860902e-07
439;0,017000201527506986;0,008000138952265885;-0,017000000000154038;-0,007999999999778578;2,01527352947789e-07;1,3895248730626253e-07;0,0010889461800939369;0,0010889461800939366;0,0010889461800939369;0,9961526441918847;-0,03401415719669564;0,9961398394613297;-0,03413588456694389;1,0889461800939369e-07
440;0,0;0,0;0,0;0,0;0,0;0,0;;;;;;;;
441;0,015000162917593951;0,007000112316937243;-0,015000000000138375;-0,006999999999920919;1,629174555765195e-07;1,1231701632381103e-07;0,0009576915410207204;0,0009576915410207204;0,0009576915410207204;0,9979163130433745;-0,01840067950785665;0,9979045494914686;-0,01851450293523675;9,576915410207204e-08
442;0,014000282959910713;0,0070001950828851535;-0,0139999999999358;-0,007000000000074807;2,8295997491281644e-07;1,950828103468305e-07;0,0009123631942211429;0,0009123631942211429;0,0009123631942211429;0,9905219421922994;-0,08393862132204669;0,9905004058007166;-0,08411411553608798;9,123631942211429e-08
443;0,014000180346385109;0,0070001243427724276;-0,013999999999906376;-0,006999999999919787;1,8034647873352294e-07;1,2434285264015937e-07;0,0009068480380007987;0,0009068480380007987;0,0009068480380007987;0,9965381186388481;-0,030551669894318997;0,9965243086376532;-0,030663541179889307;9,068480380007987e-08
444;0,014000176881272856;0,00700012194522376;-0,014000000000070041;-0,006999999999905406;1,7688120281487973e-07;1,2194531835447303e-07;0,0009071987130763817;0,0009071987130763816;0,0009071987130763817;0,9961526441918847;-0,03401415719669564;0,9961391050167326;-0,034123851641478034;9,071987130763816e-08
445;0,014200360857725443;0,006000268380539068;-0,01420034777408524;-0,006000259355692359;1,3083640202499192e-08;9,024846708491352e-09;0,0008920996925087191;0,000892099692508719;0,0008920996925087191;0,9976956118997024;-0,2324964065972899;0,9976946045885685;-0,23250837688330692;8,920996925087192e-08
446;0,014100348069402547;0,006000259189198214;-0,014100046270505727;-0,006000051117106449;3,017988968196522e-07;2,0807209176552238e-07;0,0008867720509331353;0,0008867720509331352;0,0008867720509331353;0,9976946045885685;-0,23250837688330692;0,9976712198850737;-0,23278239467899664;8,867720509331353e-08
447;0,0;0,0;0,0;0,0;0,0;0,0;;;;;;;;
448;0,013000057769239627;0,00600003983404133;-0,01299999999942484;-0,006000000000057402;5,776981478779197e-08;3,9833983928212746e-08;0,0008381762338853741;0,0008381762338853738;0,0008381762338853741;0,9862410113448546;-0,25177874042837134;0,9862362484897614;-0,2518265955614595;8,381762338853741e-08
449;0,15313035192464983;0,07402122148957307;-0,15309942859216866;-0,07399990189393414;3,092333248116974e-05;2,131959563893282e-05;0,009861195865766389;0,009861195865766389;0,009861195865766389;0,9957936137223065;-0,2550213837404909;0,9955762872456402;-0,25695429587695706;9,86119586576639e-07
450;0,012000150862565086;0,006000104026847064;-0,012000000000109009;-0,006000000000005276;1,508624560778854e-07;1,0402684178737603e-07;0,0007768358663624664;0,0007768358663624663;0,0007768358663624664;0,9971310276146133;-0,02533632930996227;0,997117541539756;-0,025445555031372885;7,768358663624664e-08
451;0,0;0,0;0,0;0,0;0,0;0,0;;;;;;;;
452;-1,3511538033010777;-0,6588702360271655;1,3535000879102157;0,6604879206277204;0,002346284609137994;0,0016176846005548917;0,08741923711915406;0,08741923711915403;0,08741923711915406;0,9927966618043844;-0,2800691680694486;0,9946577771261484;-0,263876172286929;8,741923711915405e-06
453;-0,010099998652335565;-0,0049999999174867304;0,010100098019260921;0,005000083806983161;9,936692535635061e-08;8,388949643018534e-08;0,0006603837977979325;0,0006603837977979327;0,0006603837977979327;0,9852850046624466;-0,2870746247509815;0,9852960440597454;-0,2869165345333328;6,603837977979327e-08
454;0,010000041609494878;0,005000028683660899;-0,010000000000175509;-0,004999999999789675;4,1609319368501874e-08;2,8683871223546265e-08;0,0006492870329391754;0,0006492870329391752;0,0006492870329391754;0,99416757294538;-0,05124912628021757;0,9941631229712319;-0,05128524176393453;6,492870329391754e-08
455;0,01000007503913055;0,005000051738845006;-0,010000000000062093;-0,004999999999923688;7,503906845722497e-08;5,1738921318274234e-08;0,0006479370887248763;0,0006479370887248763;0,0006479370887248763;0,9962424539300965;-0,03321803759858233;0,9962344116455212;-0,033283213941842076;6,479370887248763e-08
456;0,0;0,0;0,0;0,0;0,0;0,0;;;;;;;;
457;0,009000102376309225;0,004000079098386786;-0,00899998574645182;-0,003999998687701364;1,1662985740373832e-07;8,041068542182644e-08;0,0005720767579100547;0,0005720767579100547;0,0005720767579100547;0,9939773263725178;-0,2610837479161328;0,9939632744595097;-0,26123565427801815;5,7207675791005474e-08
458;0,009000052174364302;0,004000047360295929;-0,008999980934985474;-0,0039999982431318665;7,123937882831666e-08;4,911716406253569e-08;0,0005699552339120429;0,0005699552339120429;0,0005699552339120429;0,9976712198850737;-0,23278239467899664;0,9976626047616418;-0,23287518748100428;5,699552339120429e-08
459;0,0;0,0;0,0;0,0;0,0;0,0;;;;;;;;
460;0,34843335696854943;0,16823050540417767;-0,34819641864321976;-0,16806714956697758;0,00023693832532967196;0,00016335583720009095;0,02241672702576498;0,022416727025764985;0,022416727025764985;0,9965260790804151;-0,2484880257011279;0,9957936137223065;-0,2550213837404909;2,2416727025764986e-06
461;0,006000045650627492;0,0030000314753422523;-0,00599999999989723;-0,002999999999910881;4,565073026194244e-08;3,1475431371517926e-08;0,00038909764364706173;0,0003890976436470618;0,0003890976436470618;0,9953838349389172;-0,09991117423902676;0,9953756876627086;-0,09997725533656063;3,8909764364706175e-08
462;0,0050000325730434735;0,0020000267695055875;-0,004999993686007124;-0,0019999999581973523;3,8887036349702364e-08;2,6811308235195896e-08;0,00031386786601427424;0,00031386786601427424;0,00031386786601427424;0,9905918664083733;-0,28791352032283885;0,990583393226247;-0,2880247174867842;3,1386786601427426e-08
463;0,005000014554354686;0,0020000100343767016;-0,005000000000139739;-0,002000000000194557;1,4554214946942146e-08;1,003418214446869e-08;0,0003112755213886865;0,0003112755213886865;0,0003112755213886865;0,9988373935441379;-0,010255504659508514;0,9988341959160668;-0,010297118017925868;3,1127552138868645e-08
464;0,005000022946499342;0,0020000158212109924;-0,005000000000038571;-0,0019999999998920235;2,294646077143081e-08;1,582131896890951e-08;0,0003119903888960224;0,00031199038889602237;0,0003119903888960224;0,9965505844817373;-0,030491658735572923;0,9965455545053066;-0,030557279207890996;3,119903888960224e-08
465;0,004999994380052732;0,0020000035952826823;-0,004999989054083237;-0,001999999924209616;5,325969495290073e-09;3,6710730661956847e-09;0,0003116381476545858;0,0003116381476545858;0,0003116381476545858;0,9976712198850737;-0,23278239467899664;0,9976700511639888;-0,2327976144269754;3,116381476545858e-08
466;0,00020000004363211063;3,554718306492027e-11;-0,00019999999933899043;-5,008561206038393e-12;4,429312019699379e-11;3,0538621858881874e-11;1,1603879015336016e-05;1,1603879015336016e-05;1,1603879015336016e-05;0,9950989567913391;-0,10170291252052437;0,9950987364111832;-0,10171166118902128;1,1603879015336017e-09
467;-9,99997418012025e-05;-1,4638795711403835e-10;9,9999749198527e-05;1,5148816444575493e-10;7,39732450641406e-12;5,100207331716574e-12;5,80788515305327e-06;5,80788515305327e-06;5,80788515305327e-06;0,9940774709969485;-0,2629056168817229;0,9940775445323504;-0,2629026946770509;5,80788515305327e-10
468;0,00010000000979328985;6,714107159910292e-12;-0,00010000000011482546;-4,1130326065705527e-14;9,67846439656802e-12;6,6729768338445866e-12;5,82656018285195e-06;5,82656018285195e-06;5,82656018285195e-06;0,9908939539153861;-0,09131627048857215;0,9908938580120747;-0,09132009382228913;5,826560182851949e-10
469;-9,999999981811762e-05;2,640900139776753e-13;0,00010000000282014796;1,8057092734572148e-12;3,0020303327634237e-12;2,06979928743489e-12;5,85003178088765e-06;5,85003178088765e-06;5,85003178088765e-06;0,9869181737196027;-0,271645360357692;0,9869182033471857;-0,2716441744500848;5,85003178088765e-10
470;-9,999997847089448e-05;-1,2278193843549191e-11;9,999998636806394e-05;1,772267283333381e-11;7,897169463505493e-12;5,44447898978462e-12;5,8560883226539996e-06;5,856088322654e-06;5,856088322654e-06;0,9858972629525239;-0,2964381762461091;0,9858973408105262;-0,2964350567895618;5,856088322654e-10
471;-9,999998167378739e-05;-9,866371235914385e-12;9,999998829316068e-05;1,5454622102004373e-11;6,6193732895132584e-12;5,588250866089988e-12;5,859727884501414e-06;5,859727884501414e-06;5,859727884501414e-06;0,9852849394427396;-0,28707782658287695;0,9852850046624466;-0,2870746247509815;5,859727884501414e-10
472;0,00010000000068855985;4,004976800928448e-12;-9,999999699746643e-05;-1,4600915724404635e-12;3,691093424288382e-12;2,544885228487985e-12;5,801939566793525e-06;5,801939566793526e-06;5,801939566793526e-06;0,9950987364111832;-0,10171166118902128;0,9950986996811585;-0,10171311930080974;5,801939566793526e-10
