;p_from_mw;q_from_mvar;p_to_mw;q_to_mvar;pl_mw;ql_mvar;i_from_ka;i_to_ka;i_ka;vm_from_pu;va_from_degree;vm_to_pu;va_to_degree;loading_percent
0;-3,609225451299477;-1,7648520188454344;3,6131343075154905;1,769463336178529;0,0039088562160136675;0,004611317333094611;0,2322767029852009;0,2322767029852009;0,2322767029852009;0,9986234893633349;-0,03454285109905035;0,9999999999173014;-1,0268825278014927e-21;2,322767029852009e-05
1;-3,5461710865305545;-1,732843097789881;3,5491247187215027;1,7358515138317474;0,002953632190948241;0,003008416041866413;0,22841868599752213;0,22841868599752216;0,22841868599752216;0,9976188190312959;-0,05493572993030537;0,9986234893633349;-0,03454285109905035;2,2841868599752217e-05
2;-3,0998900977559667;-1,5079770231143046;3,1066105720829835;1,5126105567549433;0,006720474327016834;0,004633533640638676;0,19949118564453708;0,19949118564453708;0,19949118564453708;0,9976643075543012;-0,020343232672212136;0,9999999999173014;-1,0268825278014927e-21;1,9949118564453707e-05
3;-3,0344660149993685;-1,4745472550333112;3,0408900977557356;1,4789770231142394;0,006424082756367078;0,004429768080928209;0,19568672039549145;0,19568672039549145;0,19568672039549145;0,9953882923100396;-0,040278542024459775;0,9976643075543012;-0,020343232672212136;1,9568672039549145e-05
4;2,2470054364704777;1,1026761508351508;-2,2381380572006755;-1,0936471364196934;0,00886737926980219;0,009029014415457448;0,14450983964404995;0,14450983964404995;0,14450983964404995;0,9999999999173014;-1,0268825278014927e-21;0,9952318255623003;-0,09658320292231154;1,4450983964404996e-05
5;-2,743827952584171;-1,3330390952781233;2,747442872287105;1,3355312989086507;0,0036149197029340385;0,0024922036305274897;0,17718877877095596;0,17718877877095593;0,17718877877095596;0,9939739428169179;-0,05269428580362372;0,9953882923100396;-0,040278542024459775;1,7718877877095598e-05
6;-2,2022374723956477;-1,0688824103969419;2,2167375207330924;1,083646766525192;0,014500048337444671;0,014764356128250222;0,1431397080877012;0,14313970808770118;0,1431397080877012;0,9873660159840985;-0,257993381194541;0,9952318255623003;-0,09658320292231154;1,4313970808770121e-05
7;-3,538501868208409;-1,725136143483868;3,5460710865323826;1,7328430977905775;0,007569218323973725;0,007706954306709646;0,22841348632077854;0,22841348632077854;0,22841348632077854;0,9950449736700757;-0,1073489264545174;0,9976188190312959;-0,05493572993030537;2,2841348632077855e-05
8;-1,4735198702714283;-0,7053726483768409;1,4738809187093396;0,7057985893964183;0,00036104843791129326;0,0004259410195773805;0,0943482310692884;0,0943482310692884;0,0943482310692884;0,9996881660975626;-0,008004426779266187;0,9999999999173014;-1,0268825278014927e-21;9,43482310692884e-06
9;-3,490455742446142;-1,6960925382324392;3,5013011859742433;1,7071356731855978;0,010845443528101129;0,011043134953158562;0,22601560912946858;0,22601560912946855;0,22601560912946858;0,9913193567154284;-0,18372519494433948;0,9950449736700757;-0,1073489264545174;2,2601560912946857e-05
10;-1,46555438608342;-0,6973503967698457;1,4734282702993622;0,7053676706976695;0,007873884215942262;0,00801727392782381;0,09434333533037045;0,09434333533037045;0,09434333533037045;0,9932262060481465;-0,1432628289067585;0,9996881660975626;-0,008004426779266187;9,434333533037045e-06
11;1,4654692153380893;0,6973416041536185;-1,4586921218876625;-0,6904408927593886;0,006777093450426763;0,006900711394229875;0,09433864516414965;0,09433864516414966;0,09433864516414966;0,9932262060481465;-0,1432628289067585;0,9876684843696257;-0,2611038210894462;9,433864516414967e-06
12;-3,3566298625179654;-1,6271228420970132;3,364455742446368;1,6350925382322512;0,007825879928402557;0,007969696135238014;0,21786255911750424;0,21786255911750424;0,21786255911750424;0,9885313836200811;-0,24128343110523448;0,9913193567154284;-0,18372519494433948;2,1786255911750424e-05
13;2,1411351777288155;1,039907930386862;-2,1345910997800304;-1,0353961994166303;0,0065440779487850875;0,004511730970231609;0,13742717288229928;0,13742717288229925;0,13742717288229928;0,9999999999173014;-1,0268825278014927e-21;0,9966990374759662;-0,02896651974074275;1,374271728822993e-05
14;1,8863919100848607;0,914500915816744;-1,8812430984685748;-0,9109510532937941;0,005148811616285887;0,003549862522949865;0,12170995775345911;0,12170995775345915;0,12170995775345915;0,9944481521432172;-0,048828147116520025;0,9915158971732243;-0,07482067692974158;1,2170995775345915e-05
15;2,0085910997800305;0,974396199416737;-2,004391910084709;-0,9715009158167728;0,004199189695321515;0,002895283599964271;0,12931812248618355;0,12931812248618357;0,12931812248618357;0,9966990374759662;-0,02896651974074275;0,9944481521432172;-0,048828147116520025;1,2931812248618358e-05
16;1,7552430984686302;0,8499510532935789;-1,750789109180015;-0,8468801102749888;0,00445398928861529;0,003070943018590122;0,11355851494825006;0,11355851494825006;0,11355851494825006;0,9915158971732243;-0,07482067692974158;0,9887974185286477;-0,09905974877563983;1,1355851494825006e-05
17;0,6569906805091973;0,31702901748165707;-0,6549212251153593;-0,3156021793661237;0,00206945539383796;0,0014268381155333465;0,04211666939543607;0,04211666939543606;0,04211666939543607;0,9999999999173014;-1,0268825278014927e-21;0,9965951191916964;-0,030395484602220964;4,211666939543607e-06
18;0,6338211551205775;0,30560212026532485;-0,6321211831909994;-0,3044300214996512;0,001699971929578048;0,001172098765673646;0,0407639903778519;0,0407639903778519;0,0407639903778519;0,9965951191916964;-0,030395484602220964;0,9937054563889229;-0,056321004228901135;4,0763990377851905e-06
19;-0,41297450331310964;-0,2012700797757196;0,413144946639617;0,2014139635931262;0,00017044332650734129;0,00014388381740659817;0,02683944018132064;0,026839440181320645;0,026839440181320645;0,9882490425065696;-0,11749623959272985;0,9887142344790049;-0,11068142522827794;2,6839440181320643e-06
20;-0,8156851679833734;-0,3966991413891538;0,8162426376213139;0,39716976648841346;0,0005574696379404553;0,00047062509925965834;0,05293713925510551;0,05293713925510551;0,05293713925510551;0,9892429251513211;-0,10292123141094608;0,9900141938904049;-0,09159684011867283;5,29371392551055e-06
21;-0,36379708997440846;-0,17620481970687749;0,3638738531668056;0,17626963154310982;7,676319239713347e-05;6,481183623233133e-05;0,02362103163727668;0,02362103163727668;0,02362103163727668;0,9880111244379302;-0,12102028437687447;0,9882490425065696;-0,11749623959272985;2,362103163727668e-06
22;1,180194574720616;0,5732964479232284;-1,1742107153657602;-0,5691708059473628;0,005983859354855792;0,004125641975865624;0,07575240483940875;0,07575240483940872;0,07575240483940875;0,9999999999173014;-1,0268825278014927e-21;0,9945242077058208;-0,04814083768880271;7,575240483940875e-06
23;1,7594333645383462;0,8514332587924646;-1,7485413746251004;-0,8439235968002952;0,010891989913245803;0,007509661992169403;0,11285011237714962;0,11285011237714962;0,11285011237714962;0,9999999999173014;-1,0268825278014927e-21;0,9933109891747742;-0,0594692422742691;1,1285011237714961e-05
24;1,726440758014445;0,8339231716777078;-1,7242619678578752;-0,8324209688884994;0,002178790156569743;0,0015022027892084289;0,11144058749133219;0,11144058749133222;0,11144058749133222;0,9933109891747742;-0,0594692422742691;0,9919560878908915;-0,07158888581973619;1,1144058749133222e-05
25;-0,6893620096455898;-0,33542636569060613;0,6896851679834396;0,3356991413889921;0,00032315833784979375;0,00027277569838596305;0,044766982423963195;0,044766982423963195;0,044766982423963195;0,9887142344790049;-0,11068142522827794;0,9892429251513211;-0,10292123141094608;4,476698242396319e-06
26;-1,7082839698918617;-0,8243678606032984;1,7112619678582994;0,8264209688882687;0,0029779979664377176;0,0020531082849702953;0,1106073708917931;0,11060737089179311;0,11060737089179311;0,9900903036888575;-0,088315820348866;0,9919560878908915;-0,07158888581973619;1,106073708917931e-05
27;-0,23776153523579704;-0,11518030832287221;0,23779708997446108;0,11520481970677916;3,55547386640398e-05;2,4511383906952733e-05;0,01544067338499577;0,01544067338499577;0,01544067338499577;0,9878515216555247;-0,12244237860012276;0,9880111244379302;-0,12102028437687447;1,544067338499577e-06
28;-0,2375909959663474;-0,11513167632506555;0,23766153523553166;0,11518030832299132;7,053926918426656e-05;4,8631997925777104e-05;0,015435413776791135;0,015435413776791135;0,015435413776791135;0,9875347577881692;-0,12526350445573503;0,9878515216555247;-0,12244237860012276;1,5435413776791133e-06
29;0,7370994833172848;0,3570938971774837;-0,7366148417925147;-0,35668477178773683;0,0004846415247701241;0,0004091253897468561;0,04770695375422913;0,04770695375422912;0,04770695375422913;0,9912072608160682;-0,0775095046783005;0,9904635759522336;-0,08849324507170923;4,770695375422912e-06
30;0,695614841792652;0,3366847717878907;-0,6951169102527458;-0,33626440043649664;0,0004979315399061823;0,00042037135139405546;0,045047851908760365;0,04504785190876035;0,045047851908760365;0,9904635759522336;-0,08849324507170923;0,989654457063003;-0,10047287279422058;4,5047851908760365e-06
31;1,048210715365538;0,508170805947298;-1,0467564299736507;-0,5071681722073063;0,0014542853918873;0,001002633739991765;0,06762562016566073;0,06762562016566073;0,06762562016566073;0,9945242077058208;-0,04814083768880271;0,9930335970215689;-0,06133187807402806;6,762562016566073e-06
32;1,5667596511276836;0,7623025460099133;-1,5644009984937848;-0,7606764399991531;0,0023586526338987834;0,0016261060107601866;0,10120544585071387;0,1012054458507139;0,1012054458507139;0,9939739428169179;-0,05269428580362372;0,9923581811044659;-0,06686669509771209;1,012054458507139e-05
33;1,7207891091799024;0,8328801102747526;-1,7180838550533257;-0,8310148044724013;0,0027052541265766283;0,0018653058023513358;0,11162568074094102;0,11162568074094104;0,11162568074094104;0,9887974185286477;-0,09905974877563983;0,9871176925586144;-0,11408244687639954;1,1162568074094103e-05
34;0,8240606996926456;0,39830936627697516;-0,8239853009823876;-0,3982573523434449;7,539871025796785e-05;5,2013933530270506e-05;0,053532994141182205;0,053532994141182184;0,053532994141182205;0,9871176925586144;-0,11408244687639954;0,9870200671929156;-0,11496007642060002;5,35329941411822e-06
35;0,8238853009876992;0,39825735234656384;-0,8238758457695219;-0,39825081965036857;9,455218177301106e-06;6,532696195271637e-06;0,05352772767027187;0,053527727670271884;0,053527727670271884;0,9870200671929156;-0,11496007642060002;0,9870078187161367;-0,1150706865712475;5,352772767027189e-06
36;0,814875845750921;0,3942508196441231;-0,8146452805946635;-0,3940918381974515;0,00023056515625752283;0,0001589814466715911;0,05295191767099913;0,05295191767099914;0,05295191767099914;0,9870078187161367;-0,1150706865712475;0,9867060280061749;-0,11777386715488139;5,2951917670999135e-06
37;1,4542017913935905;0,7048971593039499;-1,4528537663416052;-0,7039676527355906;0,0013480250519852799;0,0009295065683593284;0,09438452952188192;0,09438452952188191;0,09438452952188192;0,9885313836200811;-0,24128343110523448;0,98754137857453;-0,25010017567482223;9,438452952188193e-06
38;1,116539604900958;0,5431212630434155;-1,1130460913336244;-0,5407126025264031;0,003493513567333517;0,0024086605170123843;0,07168545635708927;0,07168545635708927;0,07168545635708927;0,9999999999173014;-1,0268825278014927e-21;0,9966213692555459;-0,029533450035956553;7,168545635708927e-06
39;0,7716449954426707;0,37309164160373276;-0,77029357440268;-0,3721599081027944;0,0013514210399907522;0,0009317335009383365;0,05015184536491159;0,05015184536491159;0,05015184536491159;0,9867060280061749;-0,11777386715488139;0,984838533522908;-0,1345555460518681;5,0151845364911585e-06
40;0,9287516515332682;0,4501641381278688;-0,9280409711570785;-0,44967414782745885;0,0007106803761897096;0,0004899903004099704;0,06000626439531507;0,06000626439531506;0,06000626439531507;0,9930335970215689;-0,06133187807402806;0,992212665863835;-0,06860760458186062;6,000626439531508e-06
41;0,9279409711564992;0,44967414782565995;-0,9279094340758931;-0,4496523310781175;3,1537080606103274e-05;2,1816747542480197e-05;0,06000102796500994;0,06000102796500994;0,06000102796500994;0,992212665863835;-0,06860760458186062;0,9921762026343465;-0,0689343394417178;6,000102796500994e-06
42;1,1129460913332867;0,5407126025265107;-1,1125855538303486;-0,5404639719184563;0,0003605375029380742;0,00024863060805435655;0,07168024564921915;0,07168024564921915;0,07168024564921915;0,9966213692555459;-0,029533450035956553;0,9962726574706029;-0,03259444766439223;7,168024564921915e-06
43;1,1124855538303775;0,5404639719185175;-1,1108919601548977;-0,5391185103337072;0,001593593675479843;0,0013454615848103035;0,07167503307169143;0,07167503307169143;0,07167503307169143;0,9962726574706029;-0,03259444766439223;0,9946445396055168;-0,056437025595061606;7,167503307169142e-06
44;1,1107919601546163;0,5391185103340576;-1,1101572352119713;-0,538582715571839;0,0006347249426450485;0,0005357947622185444;0,0716698109963245;0,0716698109963245;0,0716698109963245;0,9946445396055168;-0,056437025595061606;0,9939960937937591;-0,06595042965178087;7,166981099632449e-06
45;0,7471935131501171;0,3611598658823259;-0,7463759706533338;-0,3605961854915098;0,0008175424967832301;0,0005636803908161125;0,04865195415449342;0,04865195415449342;0,04865195415449342;0,984838533522908;-0,1345555460518681;0,9836739605231343;-0,14504278951963717;4,865195415449342e-06
46;1,4028537663416094;0,6799676527356305;-1,4015967696473572;-0,6791009131435192;0,001256996694252166;0,0008667395921113652;0,09114207283252086;0,09114207283252086;0,09114207283252086;0,98754137857453;-0,25010017567482223;0,9865853868263597;-0,2586235485800686;9,114207283252086e-06
47;0,8959094340735145;0,43465233107754053;-0,8950994833174121;-0,43409389717730024;0,0008099507561024621;0,000558433900240296;0,057944690721256915;0,057944690721256936;0,057944690721256936;0,9921762026343465;-0,0689343394417178;0,9912072608160682;-0,0775095046783005;5,7944690721256935e-06
48;1,341697104172356;0,6522546006527626;-1,3366537010551802;-0,6487773432368165;0,005043403117175771;0,0034772574159461778;0,08613143413383384;0,08613143413383384;0,08613143413383384;0,9999999999173014;-1,0268825278014927e-21;0,9959406893815231;-0,03556424161144632;8,613143413383384e-06
49;1,0041572352122432;0,48758271557176264;-1,0033615649179968;-0,4869108918822;0,0007956702942464311;0,000671823689562645;0,06483741342277154;0,06483741342277156;0,06483741342277156;0,9939960937937591;-0,06595042965178087;0,9930974665769512;-0,07914340925713584;6,4837413422771565e-06
50;0,746275970653359;0,36059618549151534;-0,7458607921671069;-0,3603099338402552;0,0004151784862521657;0,00028625165126011654;0,048646669358235146;0,04864666935823514;0,048646669358235146;0,9836739605231343;-0,14504278951963717;0,9830824938351087;-0,15037649823791638;4,8646669358235144e-06
51;1,3365537010554198;0,6487773432367938;-1,3360331992501888;-0,6484183994950933;0,0005205018052309995;0,0003589437417005348;0,08612621899443533;0,08612621899443533;0,08612621899443533;0,9959406893815231;-0,03556424161144632;0,9955217230259014;-0,039253265833113185;8,612621899443533e-06
52;-0,2235840571702631;-0,10812689443865371;0,2235909959672692;0,10813167632610735;6,93879700608413e-06;4,781887453633726e-06;0,014520385617624568;0,014520385617624565;0,014520385617624568;0,9875016423219048;-0,12555970546654152;0,9875347577881692;-0,12526350445573503;1,4520385617624568e-06
53;0,8104162799699471;0,377243338648574;-0,8099573014712104;-0,37670195208813295;0,0004589784987367729;0,0005413865604410595;0,05225468474382994;0,05225468474382993;0,05225468474382994;0,9876684843696257;-0,2611038210894462;0,9869563603608137;-0,28016162942181566;5,2254684743829935e-06
54;-0,7081771514938797;-0,3421491417627416;0,7098607921672191;0,3433099338402755;0,0016836406733393705;0,0011607920775339453;0,046308660154148466;0,046308660154148466;0,046308660154148466;0,9805628029740802;-0,1731028337282197;0,9830824938351087;-0,15037649823791638;4,630866015414847e-06
55;0,36710445792957147;0,17725388740891787;-0,3670132563969488;-0,17717690483152088;9,12015326226534e-05;7,698257739699454e-05;0,02378215507445199;0,02378215507445199;0,02378215507445199;0,989654457063003;-0,10047287279422058;0,9893738175547083;-0,10464400943898612;2,378215507445199e-06
56;0,36691325639729644;0,17717690483154636;-0,36686817610798744;-0,17713884607714114;4,5080289308996324e-05;3,805875440521245e-05;0,023776900019320337;0,023776900019320337;0,023776900019320337;0,9893738175547083;-0,10464400943898612;0,9892350596817288;-0,1067071068537459;2,3776900019320337e-06
57;0,3377681142221394;0,16313879383496088;-0,33764800000934997;-0,16303738546258784;0,00012011421278945722;0,00010140837237304634;0,02189219646035666;0,02189219646035666;0,02189219646035666;0,9892350596817288;-0,1067071068537459;0,9888335090511579;-0,11267817243194264;2,189219646035666e-06
58;-1,1017563442789362;-0,5362319463626548;1,102397950118342;0,5366743383975341;0,0006416058394058677;0,0004423920348792798;0,07133354898925871;0,07133354898925869;0,07133354898925871;0,9917345538568801;-0,07233400659484718;0,9923581811044659;-0,06686669509771209;7,133354898925871e-06
59;0,8891382388824902;0,4311342050103437;-0,8885963777028608;-0,43049508926409324;0,0005418611796293993;0,0006391157462504737;0,05778096079908445;0,057780960799084465;0,057780960799084465;0,9873660159840985;-0,257993381194541;0,9866002683154216;-0,27764506948712014;5,778096079908447e-06
60;0,8590683014566074;0,41673654926788634;-0,8584477484886867;-0,4163086676155074;0,00062055296792074;0,0004278816523789475;0,05546035649100847;0,055460356491008465;0,05546035649100847;0,9939739428169179;-0,05269428580362372;0,9931983117123955;-0,05954825037670801;5,546035649100847e-06
61;0,0;0,0;0,0;0,0;0,0;0,0;;;;;;;;
62;0,0;0,0;0,0;0,0;0,0;0,0;;;;;;;;
63;0,0;0,0;0,0;0,0;0,0;0,0;;;;;;;;
64;0,9800130680430649;0,47640218807201734;-0,978774241534512;-0,4753562542790129;0,0012388265085528927;0,0010459337930044388;0,06319523718660848;0,06319523718660848;0,06319523718660848;0,9955217230259014;-0,039253265833113185;0,9940861279678858;-0,06026667602068652;6,319523718660848e-06
65;0,05700201621585458;0,027001481830479443;-0,05699982943640808;-0,02699997432423158;2,186779446501641e-06;1,5075062478643597e-06;0,0036832690525018873;0,003683269052501887;0,0036832690525018873;0,9886788242874771;-0,2795189675639218;0,9886377305481716;-0,2799061768986532;3,683269052501887e-07
66;0,5800064171226974;0,28148703071190395;-0,579647986973633;-0,28123991983478047;0,00035843014906444814;0,0002471108771234798;0,037698243505460693;0,03769824350546069;0,037698243505460693;0,9873660159840985;-0,257993381194541;0,9867069329452643;-0,26384654884039777;3,7698243505460698e-06
67;0,8013615649181547;0,38891089188186095;-0,8009855416724406;-0,38859343622769155;0,0003760232457140633;0,00031745565416940735;0,051784807419930266;0,05178480741993028;0,05178480741993028;0,9930974665769512;-0,07914340925713584;0,9925657851629112;-0,08695790583528037;5,178480741993028e-06
68;0,8008855416720884;0,38859343622753384;-0,8005683914793548;-0,3883256723442951;0,0003171501927335951;0,00026776388323873634;0,0517795740999226;0,05177957409992261;0,05177957409992261;0,9925657851629112;-0,08695790583528037;0,9921173056745766;-0,09355547989415752;5,17795740999226e-06
69;0,6464477067976672;0,3133086388756751;-0,6461952872431439;-0,31313463940658814;0,00025241955452326437;0,00017399946908697173;0,04175920400739542;0,041759204007395426;0,041759204007395426;0,9931983117123955;-0,05954825037670801;0,9927793466371926;-0,06325767885028954;4,175920400739542e-06
70;0,7824683764232686;0,3793256619713995;-0,7824504003541292;-0,37931052827216677;1,797606913944705e-05;1,5133699232727782e-05;0,050603296430112674;0,050603296430112674;0,050603296430112674;0,9921173056745766;-0,09355547989415752;0,992091318370772;-0,09393608961615581;5,060329643011267e-06
71;-0,9738612549389587;-0,47259377850460504;0,9757448485654605;0,4738925345523869;0,0018835936265018116;0,001298756047781846;0,0633538418470731;0,06335384184707309;0,0633538418470731;0,9864702972907277;-0,25956391482943636;0,9885313836200811;-0,24128343110523448;6,3353841847073095e-06
72;0,8637742415345672;0,41935625427893114;-0,8632155803655164;-0,4188846390134748;0,0005586611690507892;0,0004716152654563599;0,05576641415125241;0,05576641415125241;0,05576641415125241;0,9940861279678858;-0,06026667602068652;0,9933525947725063;-0,071031406029811;5,576641415125241e-06
73;-0,17111565777519444;-0,08301105843058575;0,1711441525608224;0,0830307033505367;2,8494785627969366e-05;1,964491995094797e-05;0,01112383623670571;0,011123836236705712;0,011123836236705712;0,9871143606432147;-0,29355365724194865;0,9872919268984282;-0,2919759984569765;1,1123836236705713e-06
74;0,0;0,0;0,0;0,0;0,0;0,0;;;;;;;;
75;-9,999999997829685e-05;-1,734072236680544e-14;0,00010000003165881289;2,1859479588353904e-11;3,168051603929904e-11;2,18421388659871e-11;5,840486822558709e-06;5,840486822558707e-06;5,840486822558709e-06;0,9885310704483129;-0,2412959457249949;0,9885313836200811;-0,24128343110523448;5,840486822558709e-10
76;0,0;0,0;0,0;0,0;0,0;0,0;;;;;;;;
77;0,519414469301928;0,25143862218535656;-0,5192492253541112;-0,2512436822237292;0,00016524394781680662;0,0001949399616273384;0,03376980775663269;0,03376980775663269;0,03376980775663269;0,9866002683154216;-0,27764506948712014;0,9862007840690914;-0,2879218024132598;3,3769807756632694e-06
78;0,520195287243723;0,25213463940655007;-0,5200787883874486;-0,2520543175816042;0,00011649885627440515;8,032182494588369e-05;0,033618135701781605;0,033618135701781605;0,033618135701781605;0,9927793466371926;-0,06325767885028954;0,9925391430936482;-0,06538588086927404;3,3618135701781603e-06
79;-0,744992108869301;-0,36169594366052216;0,7452155803655223;0,36188463901354073;0,0002234714962212614;0,00018869535301857532;0,04814986549155701;0,048149865491557;0,04814986549155701;0,9930127221736086;-0,0760211126159431;0,9933525947725063;-0,071031406029811;4,8149865491557015e-06
80;-0,9311416754084818;-0,4507871043506784;0,9315600148059036;0,45107557253290487;0,00041833939742175197;0,0002884681822264423;0,060569616106999256;0,060569616106999256;0,060569616106999256;0,9861066546673619;-0,26290554786442977;0,9865853868263597;-0,2586235485800686;6,056961610699925e-06
81;0,4372492253541989;0,21124368222369405;-0,4371577224537169;-0,21115050637670083;9,150290048198784e-05;9,317584699322645e-05;0,028428625017488243;0,028428625017488243;0,028428625017488243;0,9862007840690914;-0,2879218024132598;0,9859511444436326;-0,2931255858296984;2,8428625017488243e-06
82;0,5804504003578882;0,28131052827143155;-0,5803345333193031;-0,2812306345454462;0,00011586703858512681;7,989372598532496e-05;0,037537453603341646;0,03753745360334165;0,03753745360334165;0,992091318370772;-0,09393608961615581;0,991877357618654;-0,09583411825681917;3,753745360334165e-06
83;0,3321138319437797;0,16009609888128973;-0,33206428080330436;-0,16005426669165596;4,95511404753346e-05;4,1832189633772554e-05;0,02170811876044427;0,02170811876044427;0,02170811876044427;0,9805628029740802;-0,1731028337282197;0,9803957790885751;-0,17561549547547728;2,170811876044427e-06
84;0,40015772245395276;0,1931505063765363;-0,4000810725604771;-0,19307245509391127;7,664989347566653e-05;7,805128262503014e-05;0,02601921576604826;0,026019215766048254;0,02601921576604826;0,9859511444436326;-0,2931255858296984;0,9857226910365702;-0,29789410746389383;2,6019215766048264e-06
85;0,0;0,0;0,0;0,0;0,0;0,0;;;;;;;;
86;-0,6645712980896005;-0,32234067852251697;0,6649921088692804;0,3226959436600163;0,0004208107796799254;0,00035526513749933875;0,042975299471035955;0,04297529947103595;0,042975299471035955;0,9922957550594033;-0,08656346087265536;0,9930127221736086;-0,0760211126159431;4,297529947103596e-06
87;0,0;0,0;0,0;0,0;0,0;0,0;;;;;;;;
88;-0,8982426376209454;-0,43716976648828143;0,8988077334143514;0,4376467887931655;0,000565095793406023;0,00047702230488405606;0,05825777827178226;0,05825777827178226;0,05825777827178226;0,9900141938904049;-0,09159684011867283;0,9907246431862602;-0,08118734308161207;5,825777827178226e-06
89;-0,9079788757276994;-0,43914270824153295;0,9142782682856615;0,44348589270407773;0,00629939255796208;0,00434318446254478;0,05865229417887715;0,05865229417887716;0,05865229417887716;0,992825457830612;-0,24202589930947435;1,0002698232487708;-0,17621663862233672;5,865229417887716e-06
90;0,29906331955070414;0,14505304288189438;-0,29902640134112507;-0,1450218698029688;3,6918209579073213e-05;3,117307892558374e-05;0,019570608325496775;0,019570608325496775;0,019570608325496775;0,9805628029740802;-0,1731028337282197;0,9804246768748994;-0,17516077884065218;1,9570608325496775e-06
91;0,8975992568077696;0,4338957827753557;-0,896654258947144;-0,43324422094570103;0,0009449978606256293;0,0006515618296546455;0,05813622514944324;0,05813622514944324;0,05813622514944324;0,9900903036888575;-0,088315820348866;0,9889637713362504;-0,09840418707024469;5,813622514944324e-06
92;0,22703594985959086;0,1100247855692829;-0,22700463946885996;-0,11000319918670089;3,1310390730898696e-05;2,158638258201173e-05;0,01476408529170628;0,014764085291706277;0,01476408529170628;0,9865853868263597;-0,2586235485800686;0,9864383911970271;-0,2599343437426723;1,476408529170628e-06
93;0,3220810725596496;0,15507245509362966;-0,32204265785907576;-0,15504002419612367;3,84147005738078e-05;3,2430897505986156e-05;0,020937379280174414;0,02093737928017442;0,02093737928017442;0,9857226910365702;-0,29789410746389383;0,9855884543486338;-0,2999068574525446;2,093737928017442e-06
94;0,31807878838754855;0,1540543175817712;-0,3179999999998953;-0,15400000000006753;7,878838765323914e-05;5,431758170368339e-05;0,02055818901487706;0,020558189014877055;0,02055818901487706;0,9925391430936482;-0,06538588086927404;0,9922735110564614;-0,06774407849163278;2,055818901487706e-06
95;-0,6553180841116292;-0,31821931734457565;0,655861254939028;0,31859377850440185;0,0005431708273988534;0,00037446115982620043;0,04267472308294242;0,04267472308294244;0,04267472308294244;0,985587946984985;-0,26738884337911856;0,9864702972907277;-0,25956391482943636;4,267472308294244e-06
96;0,4543345333191456;0,22023063454571115;-0,4541545788680678;-0,22010657091550806;0,00017995445107776842;0,00012406363020309175;0,029388982088398213;0,029388982088398217;0,029388982088398217;0,991877357618654;-0,09583411825681917;0,9914529305086422;-0,09959704320769933;2,938898208839822e-06
97;-0,24699928952329253;-0,11899988071706714;0,24715139646695922;0,11910475074836696;0,00015210694366668553;0,00010487003129981687;0,015881205164871886;0,01588120516487189;0,01588120516487189;0,9967290028475422;-0,20772321474992894;0,9973926555077056;-0,20178024450730217;1,588120516487189e-06
98;-0,24725139639192711;-0,11910475052576501;0,24728184079118704;0,11912573830859224;3,0444399259921262e-05;2,098778282723368e-05;0,015886420014468983;0,015886420014468987;0,015886420014468987;0,9973926555077056;-0,20178024450730217;0,9975254375537943;-0,20059127746206756;1,5886420014468985e-06
99;-0,2090845485601166;-0,10205829252395156;0,2091722899174853;0,10211878349395254;8,774135736869249e-05;6,0490970000978694e-05;0,01360976047764406;0,013609760477644067;0,013609760477644067;0,9869994350556494;-0,12995919518451404;0,987446494506452;-0,12605214900798006;1,3609760477644066e-06
100;0,0;0,0;0,0;0,0;0,0;0,0;;;;;;;;
101;-0,20402063760959652;-0,09901422893995084;0,2040845485604493;0,09905829252410214;6,391095085278575e-05;4,406358415130762e-05;0,013269978585525246;0,013269978585525245;0,013269978585525246;0,9866655699150496;-0,13292366722188734;0,9869994350556494;-0,12995919518451404;1,3269978585525247e-06
102;-9,999999992397452e-05;8,730480020986294e-14;0,0001000000153286388;1,0533525168822445e-11;1,5404664279209876e-11;1,0620829969032308e-11;5,8465761771499125e-06;5,846576177149913e-06;5,846576177149913e-06;0,98750149020061;-0,12556579075293794;0,9875016423219048;-0,12555970546654152;5,846576177149913e-10
103;0,1811493163102557;0,08703400014043751;-0,18114258771631447;-0,08702936170546528;6,728593941213168e-06;4,6384349722261575e-06;0,01167665857364872;0,011676658573648722;0,011676658573648722;0,9937054563889229;-0,056321004228901135;0,9936655364123645;-0,05668223171712472;1,1676658573648721e-06
104;-0,7286681537935547;-0,3524606726641543;0,7291416754087202;0,352787104350414;0,0004735216151655619;0,0003264316862596761;0,04742448188162136;0,04742448188162136;0,04742448188162136;0,9854146561557738;-0,26910685108709864;0,9861066546673619;-0,26290554786442977;4,742448188162136e-06
105;0,37315457886769204;0,1811065709153823;-0,37303302538614036;-0,1810227698974313;0,00012155348155168388;8,380101795099626e-05;0,024153882475597854;0,024153882475597854;0,024153882475597854;0,9914529305086422;-0,09959704320769933;0,9911040806063908;-0,10268085298639734;2,4153882475597855e-06
106;0,0640029884700835;0,031002155825119605;-0,06399981502030841;-0,030999968013913224;3,173449775087378e-06;2,1878112063805633e-06;0,004125908218860191;0,004125908218860191;0,004125908218860191;0,9951497793353883;-0,2217233186672865;0,9950964680167097;-0,22219510699702544;4,125908218860191e-07
107;0,22338405715243556;0,10812689442869744;-0,2233725113565935;-0,10811893616679319;1,1545795842060613e-05;7,95826190425064e-06;0,014509859724078526;0,014509859724078523;0,014509859724078526;0,9875016423219048;-0,12555970546654152;0,987446494506452;-0,12605214900798006;1,4509859724078526e-06
108;0,20004265785886519;0,09604002419606451;-0,20001037256794874;-0,09600715088603265;3,2285290916450604e-05;3,2873310031864e-05;0,012998884959371779;0,012998884959371775;0,012998884959371779;0,9855884543486338;-0,2999068574525446;0,9853959939928767;-0,3039515507845571;1,299888495937178e-06
109;0,0;0,0;0,0;0,0;0,0;0,0;;;;;;;;
110;0,5777955867598342;0,28119413961096607;-0,5768357742330621;-0,28053238104257594;0,0009598125267721302;0,000661758568390125;0,03757448563123223;0,03757448563123223;0,03757448563123223;0,9873660159840985;-0,257993381194541;0,9855949968812219;-0,27362722462888595;3,757448563123223e-06
111;0,0;0,0;0,0;0,0;0,0;0,0;;;;;;;;
112;0,11314258771621175;0,05402936170597736;-0,11312687480130683;-0,05401852872664682;1,5712914904916775e-05;1,083297933053562e-05;0,007285027196570329;0,007285027196570329;0,007285027196570329;0,9936655364123645;-0,05668223171712472;0,9935161685329852;-0,058055432197135125;7,285027196570329e-07
113;0,11302687480123198;0,054018528726655246;-0,11300188701113117;-0,05400130103094152;2,4987790100808316e-05;1,7227695713724345e-05;0,007279783617612857;0,007279783617612859;0,007279783617612859;0,9935161685329852;-0,058055432197135125;0,9932784490987395;-0,06023703493008779;7,279783617612859e-07
114;0,514539587995143;0,24930306592950216;-0,514209438117988;-0,24907545018685723;0,0003301498771549616;0,00022761574264493212;0,03339322534212782;0,033393225342127825;0,033393225342127825;0,9885313836200811;-0,24128343110523448;0,9878461050414661;-0,2473887462545725;3,3393225342127825e-06
115;0,3737567193647089;0,1803855776556882;-0,3737006775940554;-0,18033825698224187;5,604177065349214e-05;4,7320673446316075e-05;0,02411237193808569;0,0241123719380857;0,0241123719380857;0,9937054563889229;-0,056321004228901135;0,9935353600245627;-0,058842130272215895;2,41123719380857e-06
116;0,3736006775940616;0,18033825698278289;-0,3735217336173361;-0,180271621850485;7,894397672553177e-05;6,663513229787643e-05;0,024107138524465464;0,024107138524465464;0,024107138524465464;0,9935353600245627;-0,058842130272215895;0,9932957210698387;-0,06239138004778291;2,4107138524465464e-06
117;0,37342173361730246;0,1802716218505483;-0,3733046586737044;-0,18017277560462863;0,00011707494359808335;9,884624591965929e-05;0,02410190395649274;0,02410190395649274;0,02410190395649274;0,9932957210698387;-0,06239138004778291;0,9929402271250134;-0,06766028375594427;2,410190395649274e-06
118;-0,08199999999996342;-0,039999999999934185;0,0820206376092341;0,04001422893984175;2,063760927067948e-05;1,4228939907566518e-05;0,0053401493969678585;0,005340149396967858;0,0053401493969678585;0,9863975872872521;-0,13527205087612793;0,9866655699150496;-0,13292366722188734;5,340149396967858e-07
119;0,12801176265325445;0,06200830086272131;-0,12800280352542281;-0,06200212384435312;8,959127831636993e-06;6,1770183681919555e-06;0,008251595409963619;0,008251595409963619;0,008251595409963619;0,9952250358850654;-0,22105722400171757;0,9951497793353883;-0,2217233186672865;8,251595409963619e-07
120;-1,220429339319541;-0,5887841738449316;1,2212048918328682;0,5893189231153629;0,0007755525133272823;0,0005347492704312895;0,07842694217651276;0,07842694217651278;0,07842694217651278;0,9975254375537943;-0,20059127746206756;0,9982107150856182;-0,19447960647202242;7,842694217651278e-06
121;0,1350208573000332;0,06501458371707135;-0,13501174159991713;-0,06500829952887893;9,11570011605245e-06;6,284188192415274e-06;0,008692953386563269;0,008692953386563267;0,008692953386563269;0,995297691398751;-0,22040444530245093;0,9952250358850654;-0,22105722400171757;8,692953386563269e-07
122;0,5515712980899209;0,2673406785228765;-0,551201720499275;-0,267085873737585;0,0003695775906459309;0,00025480478529149586;0,03566317093954224;0,03566317093954224;0,03566317093954224;0,9922957550594033;-0,08656346087265536;0,9915774450397237;-0,09293354129818503;3,5663170939542234e-06
123;0,1351386926029769;0,06502688142801102;-0,13512085690627743;-0,06501458392168401;1,7835696699469716e-05;1,2297506327016428e-05;0,008698180178715677;0,00869818017871568;0,00869818017871568;0,9954397625791399;-0,21912524023565735;0,995297691398751;-0,22040444530245093;8,698180178715679e-07
124;0,08300188701124915;0,04000130103078889;-0,08299999999999773;-0,0399999999997756;1,8870112514224324e-06;1,3010310132913205e-06;0,005355589749311604;0,005355589749311603;0,005355589749311604;0,9932784490987395;-0,06023703493008779;0,9932540344914085;-0,06045642009239069;5,355589749311604e-07
125;-0,2710060246843307;-0,13100415293769566;0,27109126283238805;0,13106292024600857;8,523814805733165e-05;5,87673083129181e-05;0,01759855490428363;0,017598554904283623;0,01759855490428363;0,987510430208329;-0,2503975918662248;0,9878461050414661;-0,2473887462545725;1,759855490428363e-06
126;0,3783841198242449;0,1831275171156795;-0,3782285867297842;-0,18302028835231782;0,00015553309446070251;0,00010722876336169418;0,024515799005615097;0,02451579900561509;0,024515799005615097;0,9899748604141938;-0,2720552801863254;0,9895351545203016;-0,27597744522976797;2,4515799005615095e-06
127;1,0423652355639963;0,5045633175235534;-1,0411894489704894;-0,5037526520746788;0,0011757865935069223;0,0008106654488746479;0,06684275062936298;0,066842750629363;0,066842750629363;1,0002698232487708;-0,17621663862233672;0,9990506471818336;-0,18698522667712025;6,684275062936299e-06
128;0,07711514751536673;0,037010443704018785;-0,07710864789824688;-0,037005962435854065;6,4996171198483665e-06;4,48126816472022e-06;0,004969743199470923;0,004969743199470924;0,004969743199470924;0,9937054563889229;-0,056321004228901135;0,9936148568843702;-0,0571434921046355;4,969743199470924e-07
129;0,07700864789836186;0,03700596243600139;-0,07700000000017611;-0,037000000000042964;8,647898185748515e-06;5,962435958427326e-06;0,004964505278363357;0,004964505278363357;0,004964505278363357;0,9936148568843702;-0,0571434921046355;0,9934941755735949;-0,05823569535106866;4,964505278363357e-07
130;0,0770042530909085;0,03700305124950746;-0,0769997731762123;-0,03699996262650848;4,479914696195464e-06;3,0886229989771086e-06;0,00497599093670827;0,00497599093670827;0,00497599093670827;0,9912607893633587;-0,2563710727823045;0,9911984171939832;-0,2569368268513553;4,97599093670827e-07
131;0,5027356749197811;0,24453229719798822;-0,5026229044103198;-0,24443709379214063;0,00011277050946134626;9,520340584759368e-05;0,03274862971311843;0,03274862971311843;0,03274862971311843;0,9855949968812219;-0,27362722462888595;0,9853428000713491;-0,27734709833699583;3,274862971311843e-06
132;0,5025229044104024;0,24443709379238918;-0,5022504446088024;-0,24420709024602608;0,00027245980159995575;0,00023000354636310005;0,032743360510158415;0,032743360510158415;0,032743360510158415;0,9853428000713491;-0,27734709833699583;0,9847333957434807;-0,28633984149399183;3,2743360510158414e-06
133;-0,6022295684966655;-0,29115828280157624;0,6026681537935564;0,2914606726642752;0,0004385852968908921;0,0003023898626989818;0,03922256958552177;0,03922256958552177;0,03922256958552177;0,9846396794368427;-0,2760685407597662;0,9854146561557738;-0,26910685108709864;3,922256958552177e-06
134;0,0;0,0;0,0;0,0;0,0;0,0;;;;;;;;
135;0,0;0,0;0,0;0,0;0,0;0,0;;;;;;;;
136;0,2963046586738937;0,14317277560469527;-0,2961891505983255;-0,14307525937277302;0,00011550807556820475;9,751623192225112e-05;0,019134638338083005;0,019134638338083;0,019134638338083005;0,9929402271250134;-0,06766028375594427;0,992498411660084;-0,07420088300031767;1,9134638338083006e-06
137;0,6134226080960339;0,29718768483626756;-0,6132935400446884;-0,29709871243946173;0,00012906805134549337;8,897239680583091e-05;0,03935343340457628;0,039353433404576275;0,03935343340457628;0,9999999999173014;-1,0268825278014927e-21;0,999772680284659;-0,0020007473370982245;3,9353433404576285e-06
138;0,6131935400445636;0,2970987124395457;-0,6127096859036741;-0,2967651192323009;0,00048385414088947254;0,0003335932072447978;0,03934823637430509;0,0393482363743051;0,0393482363743051;0,999772680284659;-0,0020007473370982245;0,9989203551080508;-0,00951102974278375;3,9348236374305105e-06
139;0,0;0,0;0,0;0,0;0,0;0,0;;;;;;;;
140;-0,6814233099895987;-0,3302239061720321;0,6816759014757661;0,3303980595359559;0,00025259148616740834;0,00017415336392379022;0,04381415225051882;0,04381415225051883;0,04381415225051883;0,9978111065302703;-0,1980016068933326;0,9982107150856182;-0,19447960647202242;4,381415225051883e-06
141;0,00010000000153084588;-9,794240096364568e-13;-0,00010000000059608646;1,6237330224907756e-12;9,347594177649618e-13;6,443090128543188e-13;5,838700577430564e-06;5,838700577430566e-06;5,838700577430566e-06;0,9888335090511579;-0,11267817243194264;0,9888334998079434;-0,1126785415938171;5,838700577430565e-10
142;0,0;0,0;0,0;0,0;0,0;0,0;;;;;;;;
143;0,0;0,0;0,0;0,0;0,0;0,0;;;;;;;;
144;-9,999959710579221e-05;-2,2862271126792918e-10;9,999959858898661e-05;2,296453240946567e-10;1,4831943995468472e-12;1,02261282672752e-12;5,8152009206645894e-06;5,815200920664591e-06;5,815200920664591e-06;0,9928254431049981;-0,24202648522387385;0,992825457830612;-0,24202589930947435;5,81520092066459e-10
145;-1,0995541513322322;-0,5306247130793776;1,1085316870747552;0,5368144230851665;0,008977535742523024;0,006189710005788829;0,07109134750360992;0,07109134750360993;0,07109134750360993;0,9915178811876553;-0,2540297201796453;1,0002698232487708;-0,17621663862233672;7,109134750360994e-06
146;0,1480395274990539;0,07102748222745049;-0,14800404377085763;-0,07100301740488003;3,548372819628387e-05;2,446482257045801e-05;0,009561007044137024;0,009561007044137024;0,009561007044137024;0,9915178811876553;-0,2540297201796453;0,9912607893633587;-0,2563710727823045;9,561007044137024e-07
147;-0,26514511926573553;-0,12803151755725942;0,2654897001135784;0,1282690945029678;0,0003445808478428902;0,00023757694570838983;0,017218222553911512;0,017218222553911502;0,017218222553911512;0,9872919268984282;-0,2919759984569765;0,9886788242874771;-0,2795189675639218;1,7218222553911513e-06
148;-0,3724915678960507;-0,17927055127623828;0,37252863056629526;0,1792961105327937;3,706267024455867e-05;2,5559256555424126e-05;0,024140140585602567;0,02414014058560257;0,02414014058560257;0,9886788242874771;-0,2795189675639218;0,98878520636309;-0,27855467643534965;2,4140140585602573e-06
149;0,0;0,0;0,0;0,0;0,0;0,0;;;;;;;;
150;0,2975352476349836;0,14416219075915332;-0,2974367599334339;-0,14409428678982217;9,848770154974318e-05;6,790396933115117e-05;0,019345549149278423;0,019345549149278427;0,019345549149278427;0,9867069329452643;-0,26384654884039777;0,9863540563913091;-0,26699557448363487;1,9345549149278426e-06
151;-9,999959715272308e-05;-2,2947350927870198e-10;9,999960216003347e-05;2,329260568903747e-10;5,0073103893518225e-12;3,452547611672742e-12;5,816236479869592e-06;5,816236479869593e-06;5,816236479869593e-06;0,9926486747049409;-0,24360139669237396;0,9926487244102205;-0,2435994185270205;5,816236479869593e-10
152;-0,5493505876749782;-0,26524171008224123;0,5496478785600304;0,26544668192359727;0,0002972908850521483;0,00020497184135603863;0,035593546584690994;0,03559354658469099;0,035593546584690994;0,9895114817972535;-0,09350865244913913;0,9900903036888575;-0,088315820348866;3,5593546584690998e-06
153;0,8997563442788854;0,4382319463629444;-0,8989077334145393;-0,43764678879345786;0,0008486108643460666;0,0005851575694865163;0,05826301777760359;0,05826301777760357;0,05826301777760359;0,9917345538568801;-0,07233400659484718;0,9907246431862602;-0,08118734308161207;5,82630177776036e-06
154;0,23011273933888254;0,11207772907555255;-0,23002419864250048;-0,1120166832329034;8,854069638206119e-05;6,104584264915447e-05;0,014976691994252202;0,0149766919942522;0,014976691994252202;0,9867069329452643;-0,26384654884039777;0,9862970267056513;-0,26745475089139187;1,4976691994252203e-06
155;0,04400111585107749;0,021000839530830175;-0,043999867956751676;-0,020999979149516623;1,2478943258106834e-06;8,603813135520111e-07;0,0028511533011947063;0,0028511533011947054;0,0028511533011947063;0,9872919268984282;-0,2919759984569765;0,9872616172659435;-0,29225682763228134;2,851153301194706e-07
156;0,25122149509371816;0,12108414224418843;-0,2511383575236619;-0,12102682437985153;8,313757005623534e-05;5,73178643368949e-05;0,016169072315622052;0,016169072315622052;0,016169072315622052;0,9957960418990417;-0,21593209800141894;0,9954397625791399;-0,21912524023565735;1,6169072315622052e-06
157;-0,045100007364302176;-0,022000072939948778;0,04510033638093288;0,0220002998302289;3,2901663070405984e-07;2,2689028012293222e-07;0,002928282861796071;0,0029282828617960715;0,0029282828617960715;0,9893624112380158;-0,2774698603808933;0,9893702028197251;-0,2774017261114263;2,9282828617960713e-07
158;0,5595051649458554;0,27076200223822433;-0,5592320385073786;-0,2705736712208226;0,00027312643847687834;0,00018833101740173275;0,03592555745518736;0,03592555745518736;0,03592555745518736;0,9989203551080508;-0,00951102974278375;0,9983934159209525;-0,014172970922085045;3,5925557455187353e-06
159;0,20204560169403643;0,09803144083961358;-0,2020000000001771;-0,09800000000007172;4,560169385933732e-05;3,144083954186028e-05;0,013163777967782854;0,01316377796778285;0,013163777967782854;0,9849506112642621;-0,27304621143364205;0,9847104742068187;-0,27518494249676345;1,3163777967782854e-06
160;0,17103302538668572;0,08302276989738075;-0,17100074719190977;-0,08300051516391005;3,227819477594207e-05;2,2254733470700172e-05;0,011075024103779587;0,011075024103779585;0,011075024103779587;0,9911040806063908;-0,10268085298639734;0,990902041418085;-0,10446685265480325;1,1075024103779586e-06
161;0,2704367599331755;0,131094286789839;-0,27035192439045846;-0,1310357987269021;8,48355427170433e-05;5,848806293690112e-05;0,017591493696099636;0,017591493696099636;0,017591493696099636;0,9863540563913091;-0,26699557448363487;0,986019781701148;-0,2699754168724032;1,7591493696099637e-06
162;0,0;0,0;0,0;0,0;0,0;0,0;;;;;;;;
163;0,22518915059815944;0,10907525937253995;-0,22510467625267996;-0,10900394779656529;8,447434547947941e-05;7,131157597466131e-05;0,014555360335012956;0,014555360335012955;0,014555360335012956;0,992498411660084;-0,07420088300031767;0,9920735490638172;-0,08046738998546747;1,4555360335012957e-06
164;-0,1450000000004161;-0,06999999999983524;0,1450060246847259;0,07000415293756332;6,024684309796635e-06;4,152937728083006e-06;0,0094140514478419;0,0094140514478419;0,0094140514478419;0,9874660833448187;-0,2507963748352315;0,987510430208329;-0,2503975918662248;9,4140514478419e-07
165;-0,0010000000001755464;-4,22192773550573e-13;0,0010000004518727847;3,11852299589547e-10;4,516972382066775e-10;3,1143010681599643e-10;5,8590712119609164e-05;5,859071211960918e-05;5,859071211960918e-05;0,985395548892381;-0,3039693944072169;0,9853959939928767;-0,3039515507845571;5,859071211960918e-09
166;0,06310735251446255;0,031005162671104362;-0,06310028380022094;-0,031000288949419953;7,068714241609264e-06;4,873721684409138e-06;0,004102617975387131;0,004102617975387131;0,004102617975387131;0,9894897290823819;-0,27637709753147743;0,9893702028197251;-0,2774017261114263;4,102617975387131e-07
167;2,695562228696284;1,3255261009613855;-2,694243766705362;-1,324617065607863;0,001318461990921893;0,0009090353535223805;0,17338019756443473;0,17338019756443473;0,17338019756443473;1,0002698232487708;-0,17621663862233672;0,9997422644033859;-0,18068111546720775;1,7338019756443473e-05
168;-0,20210599242351016;-0,09800505867235393;0,20212024096945355;0,0980170890662802;1,4248545943396085e-05;1,2030393926276695e-05;0,013082572569115573;0,013082572569115571;0,013082572569115573;0,9912533200019523;-0,0977038528896099;0,9913330647082615;-0,09652856318131714;1,3082572569115574e-06
169;-0,202000000000495;-0,09800000000072405;0,20200599242262587;0,09800505867214616;5,992422130868258e-06;5,05867142211458e-06;0,013077332041495023;0,013077332041495025;0,013077332041495025;0,9912197689797115;-0,09819781364986757;0,9912533200019523;-0,0977038528896099;1,3077332041495025e-06
170;0,5452111471035954;0,2641455536886495;-0,545002649652307;-0,26400182704386277;0,00020849745128836972;0,0001437266447867347;0,03536784750249454;0,03536784750249453;0,03536784750249454;0,9889637713362504;-0,09840418707024469;0,9885551769038091;-0,10204106991219039;3,536784750249454e-06
171;-0,42452847627989104;-0,2042960845110543;0,4245990128968862;0,20434471323123568;7,053661699513158e-05;4,862872018138176e-05;0,027509079558558032;0,027509079558558042;0,027509079558558042;0,98878520636309;-0,27855467643534965;0,9889628603199728;-0,2769457778576899;2,7509079558558043e-06
172;-0,37712024097007024;-0,1830170890656401;0,37720172049936346;0,18308587373739588;8,147952929321578e-05;6,878467175577829e-05;0,024413166555964174;0,02441316655596417;0,024413166555964174;0,9913330647082615;-0,09652856318131714;0,9915774450397237;-0,09293354129818503;2,4413166555964177e-06
173;0,3482504446087191;0,16920709024591696;-0,348110460086013;-0,16908890342359906;0,00013998452270613804;0,00011818682231790056;0,022700486028195695;0,0227004860281957;0,0227004860281957;0,9847333957434807;-0,28633984149399183;0,984281808531543;-0,2930208422353495;2,2700486028195702e-06
174;1,297222058291335;0,6431465520613788;-1,2925637682993631;-0,6399348917042892;0,00465828999197182;0,0032116603570896407;0,08485509069123413;0,0848550906912341;0,08485509069123413;0,9851466447643983;-0,30452433781753374;0,9813365136714921;-0,3366324026243046;8,485509069123414e-06
175;0,1840230268421641;0,08901902113917132;-0,18400270697942805;-0,0890018662015683;2,031986273604014e-05;1,7154937603014453e-05;0,012038029508334207;0,012038029508334208;0,012038029508334208;0,9804246768748994;-0,17516077884065218;0,9803011194296977;-0,1770092922199868;1,2038029508334208e-06
176;0,11511209198470555;0,05600851118243813;-0,11510719832050985;-0,056005137164989935;4,89366419570425e-06;3,3740174481960983e-06;0,007469091345842217;0,007469091345842217;0,007469091345842217;0,9895351545203016;-0,27597744522976797;0,9894897290823819;-0,27637709753147743;7,469091345842217e-07
177;0,491127911357593;0,23757082578009314;-0,49091073578062927;-0,23742107526194753;0,00021717557696371292;0,0001497505181456138;0,031549179631671136;0,03154917963167115;0,03154917963167115;0,9983934159209525;-0,014172970922085045;0,9979163130282378;-0,018400679508308676;3,154917963167115e-06
178;0,3282995439520246;0,1581380706463208;-0,3282212727051161;-0,1580841052448955;7,827124690851228e-05;5,396540142529882e-05;0,02112208650295635;0,021122086502956345;0,02112208650295635;0,9960528054358856;-0,21362775392181035;0,9957960418990417;-0,21593209800141894;2,112208650295635e-06
179;0,144024198642543;0,07001668323287442;-0,14400010826608609;-0,07000007463452917;2,4090376456925577e-05;1,6608598345249637e-05;0,009374229660123787;0,009374229660123787;0,009374229660123787;0,9862970267056513;-0,26745475089139187;0,9861188659179473;-0,26903081675927704;9,374229660123787e-07
180;0,47581057286310413;0,23042096294480663;-0,47561155833960234;-0,230283749292938;0,00019901452350179483;0,00013721365186863954;0,03058637547036367;0,03058637547036368;0,03058637547036368;0,9979163130282378;-0,018400679508308676;0,9974653256333389;-0,022385780795535503;3,058637547036368e-06
181;0,3443802658472501;0,16619374198472714;-0,34429949874342913;-0,16613806085168986;8,076710382098895e-05;5,568113303727751e-05;0,022158864648617306;0,022158864648617306;0,022158864648617306;0,9963053827783404;-0,21137305857823482;0,9960528054358856;-0,21362775392181035;2,2158864648617305e-06
182;0,0;0,0;0,0;0,0;0,0;0,0;;;;;;;;
183;-0,1140996662955106;-0,05499994393503196;0,1141062133834947;0,05500445737146365;6,5470879841017515e-06;4,513436431693996e-06;0,007367097621552977;0,007367097621552979;0,007367097621552979;0,9926487244102205;-0,2435994185270205;0,9927103025946183;-0,24304629805804998;7,367097621552979e-07
184;0,0;0,0;0,0;0,0;0,0;0,0;;;;;;;;
185;0,0;0,0;0,0;0,0;0,0;0,0;;;;;;;;
186;0,0;0,0;0,0;0,0;0,0;0,0;;;;;;;;
187;0,4837389675065316;0,23444095741149426;-0,4831621753205418;-0,23404328879513664;0,0005767921859898273;0,0003976686163576215;0,031503719106704776;0,031503719106704776;0,031503719106704776;0,9851466447643983;-0,30452433781753374;0,9838775956578304;-0,3158694063059244;3,1503719106704777e-06
188;0,19906298875036926;0,09605317570527162;-0,19902290264472983;-0,09601933605884748;4,0086105639436376e-05;3,3839646424144165e-05;0,01301608528474222;0,013016085284742218;0,01301608528474222;0,9803957790885751;-0,17561549547547728;0,9801704093849285;-0,17900087480669216;1,301608528474222e-06
189;0,4952295684967357;0,23915828280134027;-0,4951315197873159;-0,23909068128899139;9,804870941981791e-05;6,7601512348886e-05;0,03224691129300741;0,032246911293007406;0,03224691129300741;0,9846396794368427;-0,2760685407597662;0,9844289671077963;-0,27796885608629585;3,2246911293007417e-06
190;-0,5195987316971235;-0,2503446640495985;0,5198411365064011;0,25051179990378536;0,00024240480927761876;0,00016713585418687282;0,033671046087709745;0,03367104608770975;0,03367104608770975;0,9889628603199728;-0,2769457778576899;0,9894617065620668;-0,27244251334612546;3,367104608770975e-06
191;0,05600129205278246;0,02700109098613455;-0,056000000000051876;-0,02699999999981085;1,2920527305837481e-06;1,0909863237019979e-06;0,003661205692799083;0,0036612056927990823;0,003661205692799083;0,9803957790885751;-0,17561549547547728;0,9803699542231866;-0,17600402638385823;3,6612056927990834e-07
192;0,02800063267677364;0,014000534200127887;-0,028000000000079583;-0,013999999999977423;6,326766940588369e-07;5,342001504638622e-07;0,00182831081079348;0,0018283108107934795;0,00182831081079348;0,9885839332519273;-0,1121798062601209;0,9885585194616082;-0,11253644171615884;1,82831081079348e-07
193;0,028101015625741996;0,014000857543177926;-0,028100632676811885;-0,014000534199941182;3,829489301117317e-07;3,233432367445721e-07;0,0018335362656769004;0,0018335362656769004;0,0018335362656769004;0,9885992666879257;-0,11196329765395545;0,9885839332519273;-0,1121798062601209;1,8335362656769004e-07
194;0,27611046008617646;0,1340889034237193;-0,276028079627181;-0,1340193599622299;8,238045899544577e-05;6,954346148937973e-05;0,01800462728547483;0,01800462728547483;0,01800462728547483;0,984281808531543;-0,2930208422353495;0,9839467657500516;-0,29798203164586784;1,800462728547483e-06
195;0,41950935748830365;0,20328223181263422;-0,41937922428310104;-0,2031925058631592;0,0001301332052026094;8,972594947501134e-05;0,026982562179263637;0,02698256217926363;0,026982562179263637;0,9974653256333389;-0,022385780795535503;0,9971310275994657;-0,025336329310600352;2,698256217926364e-06
196;-0,4873053763549798;-0,23614231970795987;0,4874238641286357;0,2362240028983538;0,00011848777365591756;8,168319039392191e-05;0,031340729837206316;0,03134072983720632;0,03134072983720632;0,9975490593163515;-0,2003114898254753;0,9978111065302703;-0,1980016068933326;3,1340729837206325e-06
197;-0,1651060652380478;-0,08000442987603178;0,1651237926656834;0,08001665121246342;1,7727427635588766e-05;1,2221336431639251e-05;0,010670347280322791;0,010670347280322795;0,010670347280322795;0,9927103025946183;-0,24304629805804998;0,992825457830612;-0,24202589930947435;1,0670347280322795e-06
198;-0,812453858092693;-0,39331292623663927;0,81302315536219;0,3937054381963527;0,0005692972694970599;0,00039251195971340413;0,05283459015941329;0,05283459015941331;0,05283459015941331;0,9863708552978879;-0,12075688299419682;0,9871176925586144;-0,11408244687639954;5,283459015941331e-06
199;0,12201313393073769;0,05900913771402075;-0,12199983982224542;-0,05899997253166497;1,3294108492267753e-05;9,165182355781731e-06;0,007987904370580189;0,007987904370580187;0,007987904370580189;0,9796086704618191;-0,352196118685936;0,9794933269153577;-0,3532373956467862;7,987904370580189e-07
200;0,4072790734205545;0,19719240183623418;-0,40713831269894923;-0,19709536240387077;0,00014076072160529307;9,703943236341606e-05;0,02620057698988541;0,02620057698988541;0,02620057698988541;0,9971310275994657;-0,025336329310600352;0,9967586686473531;-0,028629666419097286;2,620057698988541e-06
201;-0,7303512799493568;-0,33833539791020095;0,7308626043611499;0,3386879159908694;0,0005113244117931348;0,00035251808066844026;0,04712161355762917;0,04712161355762918;0,04712161355762918;0,986206341868349;-0,2876254507215278;0,9869563603608137;-0,28016162942181566;4,712161355762918e-06
202;0,0;0,0;0,0;0,0;0,0;0,0;;;;;;;;
203;0,0;0,0;0,0;0,0;0,0;0,0;;;;;;;;
204;0,06910411789047334;0,03400347674785305;-0,06910101562587867;-0,03400085754323829;3,1022645946704452e-06;2,6192046147580084e-06;0,0044976263045521155;0,004497626304552116;0,004497626304552116;0,9886498425786746;-0,11123387949626348;0,9885992666879257;-0,11196329765395545;4,4976263045521164e-07
205;0,0692082973431083;0,03400635875136266;-0,06920411789044273;-0,034003476747763564;4,179452665564742e-06;2,882003599095906e-06;0,004502866837769821;0,004502866837769821;0,004502866837769821;0,9887142344790049;-0,11068142522827794;0,9886498425786746;-0,11123387949626348;4,502866837769821e-07
206;0,10335192439010019;0,05003579872689391;-0,10333953166926273;-0,05002725482874597;1,2392720837459126e-05;8,54389814794465e-06;0,006723526627195421;0,006723526627195421;0,006723526627195421;0,986019781701148;-0,2699754168724032;0,9858920303611812;-0,27111819796882664;6,723526627195421e-07
207;0,10323953166937101;0,050027254828779254;-0,10322418894045529;-0,050016676998200366;1,534272891572097e-05;1,0577830578888114e-05;0,006718256155761069;0,006718256155761069;0,006718256155761069;0,9858920303611812;-0,27111819796882664;0,9857337354317981;-0,2725310874270394;6,718256155761068e-07
208;0,10312418894049624;0,050016676998190464;-0,10311529462375857;-0,05001054466489939;8,894316737673158e-06;6,132333291074266e-06;0,006712985745859193;0,006712985745859193;0,006712985745859193;0,9857337354317981;-0,2725310874270394;0,9856418923038646;-0,2733490937288626;6,712985745859193e-07
209;-0,4431041762660839;-0,21407182610728914;0,44334855642140303;0,21424030949737846;0,00024438015531913493;0,000168483390089319;0,028730009288409304;0,028730009288409297;0,028730009288409304;0,9889219932985823;-0,09879122478817448;0,9895114817972535;-0,09350865244913913;2,8730009288409303e-06
210;0,0;0,0;0,0;0,0;0,0;0,0;;;;;;;;
211;0,0;0,0;0,0;0,0;0,0;0,0;;;;;;;;
212;0,0;0,0;0,0;0,0;0,0;0,0;;;;;;;;
213;0,062002706979001315;0,030001866200993627;-0,06199999999987071;-0,029999999999805647;2,706979130608078e-06;1,866201187979144e-06;0,004056698238647652;0,004056698238647653;0,004056698238647653;0,9803011194296977;-0,1770092922199868;0,9802548716356668;-0,17742588800135736;4,0566982386476526e-07
214;0,12202290264469579;0,059019336058708856;-0,12200000000010473;-0,05899999999996972;2,29026445910524e-05;1,9336058739133355e-05;0,007984106029829952;0,007984106029829952;0,007984106029829952;0,9801704093849285;-0,17900087480669216;0,97996043810703;-0,18214419414366276;7,984106029829953e-07
215;0,01600010826669501;0,008000074634912854;-0,01600000000030309;-0,00800000000020864;1,0826639191760523e-07;7,463470421374685e-08;0,001047341362809276;0,0010473413628092755;0,001047341362809276;0,9861188659179473;-0,26903081675927704;0,9861116878258525;-0,2690895488265904;1,0473413628092759e-07
216;0,4635165243271102;0,22428786127482742;-0,46337992463412964;-0,22419368036475598;0,00013659969298057684;9,418091007143414e-05;0,029830224769864355;0,029830224769864366;0,029830224769864366;0,9966227636141567;-0,20855942342585265;0,9963053827783404;-0,21137305857823482;2,9830224769864362e-06
217;-0,11299999999998322;-0,05399999999994094;0,11302990134689954;0,05402061571147071;2,9901346916313964e-05;2,0615711529767267e-05;0,00730518450228041;0,00730518450228041;0,00730518450228041;0,9898068272471638;-0,09092654257156753;0,9900903036888575;-0,088315820348866;7,30518450228041e-07
218;-0,678127948404237;-0,3132465297154967;0,6782538112496206;0,3133333079290033;0,00012586284538362857;8,677821350661086e-05;0,04373899798842569;0,04373899798842567;0,04373899798842569;0,9860074824006189;-0,28961923920826466;0,986206341868349;-0,2876254507215278;4,373899798842569e-06
219;-0,6774442031286909;-0,31283923428014526;0,6780314236782964;0,3132441031679717;0,0005872205496054717;0,00040486888782642616;0,04373380748971305;0,04373380748971304;0,04373380748971305;0,985079589267095;-0,29893035688016106;0,9860074824006189;-0,28961923920826466;4,373380748971305e-06
220;-0,6770801856289926;-0,3127210396301431;0,6772478823051221;0,31283666086785744;0,0001676966761294807;0,0001156212377143584;0,04372329829805508;0,04372329829805511;0,04372329829805511;0,9848145405258518;-0,30159160567582516;0,985079589267095;-0,29893035688016106;4,372329829805511e-06
221;-0,6754377652728284;-0,3116458921456059;0,6769886034127814;0,3127151430656282;0,001550838139953048;0,0010692509200223022;0,04371827913845588;0,04371827913845586;0,04371827913845588;0,9823632032875106;-0,3262670564972797;0,9848145405258518;-0,30159160567582516;4,371827913845587e-06
222;-0,6752202503932897;-0,31155344689143916;0,6753459650302086;0,31164012292017684;0,0001257146369189055;8,667602873768665e-05;0,043713238205282196;0,043713238205282196;0,043713238205282196;0,9821644756019742;-0,32827241783913386;0,9823632032875106;-0,3262670564972797;4,3713238205282195e-06
223;-0,6745997274465797;-0,31119013269064144;0,6751234419340202;0,31155119651980273;0,0005237144874404853;0,00036106382916129;0,04370801563194985;0,04370801563194985;0,04370801563194985;0,9813365136714921;-0,3366324026243046;0,9821644756019742;-0,32827241783913386;4,370801563194985e-06
224;-1,781954164804545;-0,8775921102669693;1,7834400689944625;0,878616591404751;0,001485904189917564;0,001024481137781752;0,1164102134752157;0,11641021347521568;0,1164102134752157;0,9851466447643983;-0,30452433781753374;0,9860322651292028;-0,29695719369473794;1,164102134752157e-05
225;0,5380919637437795;0,2606846818294224;-0,537634378837037;-0,2603692047030667;0,0004575849067425253;0,0003154771263557121;0,034529398910197344;0,03452939891019735;0,03452939891019735;0,9997422644033859;-0,18068111546720775;0,9988237326958266;-0,18877734080337946;3,452939891019735e-06
226;0,0;0,0;0,0;0,0;0,0;0,0;;;;;;;;
227;0,0;0,0;0,0;0,0;0,0;0,0;;;;;;;;
228;0,0;0,0;0,0;0,0;0,0;0,0;;;;;;;;
229;0,5216048004961985;0,25341773945223944;-0,5213708015356028;-0,2532564166267056;0,0002339989605957271;0,00016132282553382726;0,03351276118803323;0,03351276118803323;0,03351276118803323;0,9990506471818336;-0,18698522667712025;0,9985665994278493;-0,191220633562447;3,351276118803323e-06
230;-0,05999999999993306;-0,028999999999829294;0,060003374499385746;0,029002848663272508;3,3744994526879735e-06;2,8486634432133007e-06;0,0039245819611393035;0,0039245819611393035;0,0039245819611393035;0,9803617443600363;-0,17610329677283856;0,9804246768748994;-0,17516077884065218;3,9245819611393035e-07
231;0,0;0,0;0,0;0,0;0,0;0,0;;;;;;;;
232;0,018000745852930232;0,009000539688747877;-0,017999947394692694;-0,008999989150593213;7,984582375379634e-07;5,505381546633964e-07;0,001174381833422743;0,001174381833422743;0,001174381833422743;0,9894119793141596;-0,27708890454969975;0,9893647654777584;-0,2774741905751215;1,174381833422743e-07
233;0,30913192123917865;0,1490910015224117;-0,3090921943642261;-0,14906361533627424;3,9726874952572544e-05;2,7386186137456914e-05;0,020062434198838467;0,020062434198838464;0,020062434198838467;0,9876684843696257;-0,2611038210894462;0,9875312743482388;-0,26234097195051276;2,0062434198838467e-06
234;-0,31614020043344876;-0,15302771520307723;0,3161819084013773;0,1530564670788407;4,1707967928517053e-05;2,8751875763483037e-05;0,020556583616324557;0,02055658361632456;0,02055658361632456;0,9864596472100183;-0,27890223095705774;0,9866002683154216;-0,27764506948712014;2,0556583616324563e-06
235;0,32115112318499567;0,15510425095441827;-0,32106533868858295;-0,15504510541927183;8,57844964127219e-05;5,914553514643761e-05;0,020847972836401742;0,020847972836401742;0,020847972836401742;0,9876684843696257;-0,2611038210894462;0,9873833283272894;-0,2636672509457903;2,0847972836401743e-06
236;0,0;0,0;0,0;0,0;0,0;0,0;;;;;;;;
237;0,5129460221989819;0,24858405464473682;-0,5125163850107253;-0,24828783420303874;0,00042963718825661523;0,0002962204416980807;0,03299099124012114;0,03299099124012114;0,03299099124012114;0,9975254375537943;-0,20059127746206756;0,9966227636141567;-0,20855942342585265;3,2990991240121144e-06
238;0,44062866075665635;0,2123651360964952;-0,4405233480487427;-0,2122925265140213;0,00010531270791364067;7,26095824739037e-05;0,028290814360530336;0,028290814360530336;0,028290814360530336;0,9982107150856182;-0,19447960647202242;0,9979527754175074;-0,19678616595955484;2,8290814360530333e-06
239;-0,3651392417957843;-0,17702759268684878;0,3653057251945649;0,17714238026555243;0,0001664833987806147;0,00011478757870364564;0,023497421256241824;0,023497421256241817;0,023497421256241824;0,997057929969648;-0,20463834017858382;0,9975490593163515;-0,2003114898254753;2,3497421256241823e-06
240;-0,13910883091569629;-0,06700630435564897;0,1391163967421571;0,06701152031969115;7,565826460803615e-06;5,215964042182275e-06;0,009009422085138103;0,009009422085138104;0,009009422085138104;0,9894769683197473;-0,276502830080019;0,9895351545203016;-0,27597744522976797;9,009422085138104e-07
241;2,3480821441001347;1,1351658708686698;-2,343609462220142;-1,1320821066176217;0,004472681879992724;0,003083764251048171;0,15053706155198254;0,15053706155198252;0,15053706155198254;1,0002698232487708;-0,17621663862233672;0,9982107150856182;-0,19447960647202242;1,5053706155198255e-05
242;-0,08499988835998365;-0,040999981156535664;0,08500870687798529;0,04100606122913869;8,818518001635356e-06;6,080072603026343e-06;0,005561690417519896;0,0055616904175198965;0,0055616904175198965;0,9796555579035351;-0,35179133342886293;0,9797654319572171;-0,35079268221949644;5,561690417519896e-07
243;0,2710922074730464;0,13106361735183797;-0,27102084162495216;-0,1310144161965338;7,13658480942514e-05;4,920115530415714e-05;0,017604232886474006;0,017604232886474006;0,017604232886474006;0,9875312743482388;-0,26234097195051276;0,9872503229394334;-0,264859645998169;1,7604232886474005e-06
244;-0,10199986593179587;-0,04899997791778966;0,10201010367559969;0,04900703603923439;1,0237743803820365e-05;7,0581214447335006e-06;0,006667668785569197;0,006667668785569198;0,006667668785569198;0,9798388281875273;-0,3502517647338161;0,9799451987679533;-0,3492751858901528;6,667668785569199e-07
245;0,0;0,0;0,0;0,0;0,0;0,0;;;;;;;;
246;0,46063459458270883;0,22336924212625187;-0,46029852799253196;-0,22313754453183618;0,00033606659017687557;0,00023169759441568627;0,029591422477834705;0,029591422477834705;0,029591422477834705;0,9988237326958266;-0,18877734080337946;0,9980365124918432;-0,19570455908810908;2,9591422477834705e-06
247;-0,6908406320034906;-0,33351171032207133;0,6909768396943772;0,33360560106044945;0,000136207690886625;9,389073837812179e-05;0,044762077528634286;0,044762077528634286;0,044762077528634286;0,9894617065620668;-0,27244251334612546;0,9896725682344855;-0,27055055137170514;4,476207752863429e-06
248;-0,6612205281602103;-0,3201520434998094;0,661453858092001;0,32031292623650454;0,0002333299317907045;0,00016088273669512265;0,043017473979495756;0,04301747397949575;0,043017473979495756;0,9859948972425342;-0,12411853876696788;0,9863708552978879;-0,12075688299419682;4,301747397949575e-06
249;0,3985234684890585;0,19229254582677366;-0,3983725571553202;-0,19218850429757317;0,00015091133373829058;0,00010404152920048815;0,025599578714078208;0,02559957871407821;0,02559957871407821;0,9979527754175074;-0,19678616595955484;0,9975442733044462;-0,20042907993174047;2,559957871407821e-06
250;-0,13900038649102728;-0,06700048139366113;0,1390088312628554;0,06700630420004261;8,44477182812553e-06;5,8228063814780295e-06;0,00900416561095615;0,00900416561095615;0,00900416561095615;0,9894119793141596;-0,27708890454969975;0,9894769683197473;-0,276502830080019;9,00416561095615e-07
251;0,0;0,0;0,0;0,0;0,0;0,0;;;;;;;;
252;0,0;0,0;0,0;0,0;0,0;0,0;;;;;;;;
253;0,3021114108527184;0,14607681501515615;-0,3020434569267794;-0,14602996306074675;6,795392593900162e-05;4,6851954409399266e-05;0,019680809921801032;0,019680809921801032;0,019680809921801032;0,9844289671077963;-0,27796885608629585;0,9841896687434414;-0,2801205920583343;1,9680809921801033e-06
254;-0,10300000000008683;-0,05000000000002447;0,1030152946238879;0,05001054466520266;1,5294623801079266e-05;1,0544665178191526e-05;0,0067077157816799755;0,006707715781679976;0,006707715781679976;0,9854838282267814;-0,2747534840747332;0,9856418923038646;-0,2733490937288626;6,707715781679976e-07
255;0,2360436345322952;0,11403008228894607;-0,23601664447748155;-0,11401147476288123;2,6990054813658126e-05;1,86075260648344e-05;0,015310478738254535;0,015310478738254536;0,015310478738254536;0,9885313836200811;-0,24128343110523448;0,9884092168078726;-0,24237955703842487;1,5310478738254537e-06
256;0,24406536515383376;0,11804510982534369;-0,24401576412154594;-0,11801091157599612;4,9601032287821534e-05;3,419824934756954e-05;0,015852756430539728;0,015852756430539728;0,015852756430539728;0,9873833283272894;-0,2636672509457903;0,9871664770809521;-0,2656097803479436;1,5852756430539729e-06
257;0,3161490488092346;0,15310297313736357;-0,3160128796090531;-0,1530090934661441;0,0001361692001815018;9,387967121946006e-05;0,020693115570577788;0,020693115570577788;0,020693115570577788;0,9800647660161904;-0,3480930933932851;0,9796086704618191;-0,352196118685936;2,069311557057779e-06
258;0,3993711487372465;0,1942564772618257;-0,3991398023965021;-0,19409697171362433;0,0002313463407443983;0,0001595055482013774;0,025677456970409348;0,02567745697040935;0,02567745697040935;0,9985665994278493;-0,191220633562447;0,9979419556583433;-0,19667419268065117;2,5677456970409355e-06
259;0,0;0,0;0,0;0,0;0,0;0,0;;;;;;;;
260;0,0;0,0;0,0;0,0;0,0;0,0;;;;;;;;
261;0,0;0,0;0,0;0,0;0,0;0,0;;;;;;;;
262;0,16801089396912564;0,08200765594665323;-0,1680029755241319;-0,08200219644422253;7,918444993731955e-06;5,459502430693597e-06;0,010970843223276714;0,010970843223276714;0,010970843223276714;0,9838775956578304;-0,3158694063059244;0,9838275443929043;-0,31630854943746667;1,0970843223276714e-06
263;0,39758499361518324;0,1913349752243293;-0,3974780460155509;-0,19126124516293777;0,00010694759963231215;7,373006139152483e-05;0,025498566787469902;0,025498566787469906;0,025498566787469906;0,9990506471818336;-0,18698522667712025;0,9987600518635618;-0,18959090531398334;2,5498566787469904e-06
264;0,7109677811329367;0,3436676923871578;-0,7105180733855807;-0,3433576562900604;0,0004497077473559763;0,0003100360970973992;0,0464588475249634;0,0464588475249634;0,0464588475249634;0,9813365136714921;-0,3366324026243046;0,9806656838097317;-0,342689304043624;4,64588475249634e-06
265;0,3973780459680469;0,191261245553585;-0,3972355204203341;-0,19116297896528509;0,00014252554771276849;9,82665882999223e-05;0,025493357924759992;0,025493357924759992;0,025493357924759992;0,9987600518635618;-0,18959090531398334;0,998372694374359;-0,19306533934667888;2,549335792475999e-06
266;-2,141261782024748;-1,0537255924109687;2,156058900038602;1,0639277093452815;0,014797118013853972;0,010202116934312722;0,13884659402029637;0,13884659402029634;0,13884659402029637;0,9923479026254111;-0,2431247735810917;0,9997422644033859;-0,18068111546720775;1,3884659402029637e-05
267;0,0;0,0;0,0;0,0;0,0;0,0;;;;;;;;
268;-0,1941000000078664;-0,09400000000531687;0,19414020043357338;0,09402771520305657;4,0200425706987675e-05;2,7715197739697217e-05;0,012625081053634739;0,012625081053634739;0,012625081053634739;0,9862389473010421;-0,28087363678532223;0,9864596472100183;-0,27890223095705774;1,2625081053634738e-06
269;0,19402807962746824;0,09401935996211698;-0,1939999999999952;-0,09400000000008359;2,8079627473032165e-05;1,9359962033393963e-05;0,01265118951623348;0,012651189516233481;0,012651189516233481;0,9839467657500516;-0,29798203164586784;0,9837929200818046;-0,29935817229210443;1,2651189516233483e-06
270;-0,23102380723900215;-0,11201641531794922;0,2310708832682224;0,11204887154608802;4,707602922024434e-05;3,245622813879967e-05;0,014992721215431083;0,01499272121543109;0,01499272121543109;0,9887043430184934;-0,10072460497575443;0,9889219932985823;-0,09879122478817448;1,4992721215431088e-06
271;0,49823555910825873;0,24076782251868678;-0,49789465680881745;-0,24048001309151557;0,00034090229944128136;0,00028780942717121505;0,032208312378729606;0,032208312378729606;0,032208312378729606;0,9919266063630624;-0,250047319606567;0,9911519426273924;-0,2615298552080043;3,2208312378729605e-06
272;0,2460434569268214;0,119029963060672;-0,24601131894804273;-0,11900780505418507;3,213797877865687e-05;2,2158006486930337e-05;0,016033816250913817;0,016033816250913817;0,016033816250913817;0,9841896687434414;-0,2801205920583343;0,9840507489888102;-0,281368182433003;1,6033816250913819e-06
273;0,3453449367388126;0,16723804531144354;-0,3451490830581257;-0,16710301604046268;0,00019585368068691933;0,0001350292709808576;0,02259014619570085;0,02259014619570085;0,02259014619570085;0,9806656838097317;-0,342689304043624;0,9800647660161904;-0,3480930933932851;2,259014619570085e-06
274;-0,12199983948911002;-0,058999972468286;0,12202155193011255;0,05901494180807171;2,1712441002533223e-05;1,4969339785710079e-05;0,007992075511092614;0,007992075511092612;0,007992075511092614;0,9789821176306044;-0,3578631489125976;0,9791704042352141;-0,35616246402284835;7,992075511092613e-07
275;0,18679689094619345;0,09006680524731628;-0,18676082134167704;-0,09004193353874178;3,606960451640884e-05;2,4871708574500384e-05;0,012011835389862334;0,012011835389862335;0,012011835389862335;0,9967586686473531;-0,028629666419097286;0,9965505844665827;-0,030491658736297184;1,2011835389862335e-06
276;0,27108904106105103;0,13106538381261393;-0,27102243395040204;-0,1310194604422075;6,660711064898628e-05;4,592337040643102e-05;0,01742773636338996;0,017427736363389967;0,017427736363389967;0,9975254375537943;-0,20059127746206756;0,9972605598925244;-0,20294233833045375;1,7427736363389967e-06
277;0,32137277783989343;0,15518854123479575;-0,32128388753510007;-0,1551272587611671;8,889030479336535e-05;6,12824736286599e-05;0,02065524949890153;0,020655249498901535;0,020655249498901535;0,9975442733044462;-0,20042907993174047;0,997246044335777;-0,20308393294559374;2,0655249498901534e-06
278;0,3211838876105096;0,155127258997629;-0,3210669877373694;-0,15504666486315938;0,00011689987314017491;8,059413446961927e-05;0,020650036123519448;0,020650036123519445;0,020650036123519448;0,997246044335777;-0,20308393294559374;0,996853737777729;-0,2065760905419732;2,065003612351945e-06
279;0,0;0,0;0,0;0,0;0,0;0,0;;;;;;;;
280;-0,1900085694234793;-0,0920060370058703;0,19005269020825305;0,09203645680823139;4,4120784773754584e-05;3,0419802361084103e-05;0,012440293375676608;0,012440293375676608;0,012440293375676608;0,9797654319572171;-0,35079268221949644;0,9800112542799125;-0,3485812271188381;1,2440293375676606e-06
281;0,18166079839510624;0,08804191771722343;-0,1816406996344765;-0,08802806032346135;2,00987606297498e-05;1,3857393762084502e-05;0,011695387646964716;0,01169538764696472;0,01169538764696472;0,9965505844665827;-0,030491658736297184;0,9964314645249659;-0,0315431790312545;1,169538764696472e-06
282;0,17924042636771065;0,08702787094420338;-0,17922435861030464;-0,08701679414153507;1,606775740600752e-05;1,1076802668305574e-05;0,011541173479567747;0,01154117347956775;0,01154117347956775;0,9967586686473531;-0,028629666419097286;0,9966621592357374;-0,029476995168954186;1,154117347956775e-06
283;-0,20001002638032275;-0,09600705045738998;0,20008309270977254;0,09605742547568757;7,306632944978353e-05;5,0375018297590946e-05;0,013071168319935421;0,013071168319935423;0,013071168319935423;0,9799451987679533;-0,3492751858901528;0,9803324366237064;-0,34571389327387797;1,3071168319935422e-06
284;0,19044311184346896;0,09109866725724006;-0,19042312581120382;-0,09108488755783974;1,9986032265134623e-05;1,3779699400320866e-05;0,012324472811195235;0,012324472811195234;0,012324472811195235;0,9889637713362504;-0,09840418707024469;0,9888514553646609;-0,09943734097943518;1,2324472811195235e-06
285;0,17403344578326593;0,08502523178880886;-0,17401943724634666;-0,08501340261342621;1,4008536919268844e-05;1,182917538264383e-05;0,011309146908202967;0,01130914690820297;0,01130914690820297;0,9888335090511579;-0,11267817243194264;0,988742742883024;-0,11400328040992692;1,1309146908202972e-06
286;-0,24309930301854907;-0,11799987790442261;0,24313959161635035;0,11802765300923541;4,0288597801280135e-05;2,7775104812804985e-05;0,015650251676512118;0,015650251676512118;0,015650251676512118;0,9968794774308205;-0,20620582731934547;0,997057929969648;-0,20463834017858382;1,5650251676512118e-06
287;-0,4530466716660077;-0,2200321787247931;0,4533180841115498;0,22021931734451805;0,0002714124455420741;0,0001871386197249414;0,029522666120168257;0,029522666120168257;0,029522666120168257;0,9849506112642621;-0,27304621143364205;0,985587946984985;-0,26738884337911856;2,952266612016826e-06
288;0,17203224872793618;0,08202223235914047;-0,1720103649865868;-0,08200714615036316;2,18837413493711e-05;1,5086208777312371e-05;0,011133377259680482;0,011133377259680482;0,011133377259680482;0,9883294925491224;-0,10424672485922974;0,9881933869670316;-0,10550939468461291;1,113337725968048e-06
289;0,1700201089346447;0,0820138662742094;-0,1700102988940256;-0,08200710072895483;9,81004061909041e-06;6,765545254569516e-06;0,011070872848430308;0,011070872848430308;0,011070872848430308;0,9844289671077963;-0,27796885608629585;0,9843675590500662;-0,27852478556381655;1,1070872848430307e-06
290;0,47689491825052416;0,23047984976514863;-0,47666528253507223;-0,23032152363575364;0,00022963571545192574;0,00015832612939498114;0,030853473142005945;0,030853473142005945;0,030853473142005945;0,9911519426273924;-0,2615298552080043;0,9906361326618309;-0,2661433958996471;3,0853473142005946e-06
291;0,10502115005975594;0,05101465246130312;-0,10499986232262665;-0,050999975769722976;2,128773712929688e-05;1,4676691580145507e-05;0,006881153689647988;0,006881153689647986;0,006881153689647988;0,979618313759742;-0,3521059362396317;0,9794038501304942;-0,3540203278881441;6,881153689647989e-07
292;0,10513258981313058;0,051022539972752745;-0,10512114989806028;-0,051014652534728915;1,1439915070299289e-05;7,887438023830573e-06;0,006886455441054466;0,006886455441054467;0,006886455441054467;0,9797334714630853;-0,35107565595874674;0,979618313759742;-0,3521059362396317;6,886455441054467e-07
293;0,1490208834994208;0,07201442340293769;-0,14900752781246723;-0,07200521607329548;1,3355686953570034e-05;9,207329642213491e-06;0,009679084295230511;0,00967908429523051;0,009679084295230511;0,9872503229394334;-0,264859645998169;0,9871546972025548;-0,265717874862906;9,679084295230512e-07
294;-0,22008306696074215;-0,1060574200271813;0,22010349903254448;0,10607150511497695;2,0432071802328755e-05;1,4085087795656648e-05;0,014387907157195038;0,014387907157195035;0,014387907157195038;0,9803324366237064;-0,34571389327387797;0,9804308331121617;-0,3448184077595246;1,4387907157195036e-06
295;-0,19412512793443987;-0,09401749476840941;0,1941514875587676;0,0940356671886098;2,635962432773198e-05;1,817242020038523e-05;0,012659013352197143;0,012659013352197145;0,012659013352197145;0,9837332702892277;-0,31716166097186554;0,9838775956578304;-0,3158694063059244;1,2659013352197145e-06
296;-0,19399966952375391;-0,09399994269311159;0,19402512811428257;0,09401749471005343;2,545859052865973e-05;1,755201694184083e-05;0,012653731527260417;0,012653731527260414;0,012653731527260417;0,9835938147220952;-0,3184091670910525;0,9837332702892277;-0,31716166097186554;1,2653731527260417e-06
297;0,15501664447704344;0,07501147476267965;-0,15500000000004038;-0,07500000000012784;1,6644477003058267e-05;1,1474762551810791e-05;0,01005924362420792;0,010059243624207922;0,010059243624207922;0,9884092168078726;-0,24237955703842487;0,9882945377806786;-0,24340410006759666;1,0059243624207922e-06
298;0,1540201312059459;0,07401621142359972;-0,1540050692579538;-0,07400349480240757;1,5061947992112135e-05;1,2716621192149224e-05;0,009910247982605503;0,009910247982605503;0,009910247982605503;0,9955217230259014;-0,039253265833113185;0,9954105450660924;-0,04090908291797488;9,910247982605502e-07
299;0,15229722963041104;0,07406703506355158;-0,15221765996567593;-0,07401217444655227;7,956966473510185e-05;5,486061699931655e-05;0,00990269917495754;0,00990269917495754;0,00990269917495754;0,9873660159840985;-0,257993381194541;0,9868089430018995;-0,26291384314295435;9,90269917495754e-07
300;0,1260126293367238;0,06100870614685888;-0,12600000000009215;-0,06100000000005412;1,262933663165322e-05;8,706146804760007e-06;0,008182912592051835;0,008182912592051833;0,008182912592051835;0,987809705138569;-0,24770838648412524;0,98770273597507;-0,24866312005171096;8,182912592051835e-07
301;0,2021811459964827;0,09805594396296688;-0,20217560700390322;-0,09805212675386017;5,538992579490198e-06;3,817209106707353e-06;0,012973329558658774;0,012973329558658772;0,012973329558658774;0,9999999999173014;-1,0268825278014927e-21;0,9999704076264718;-0,0002594519963888557;1,2973329558658774e-06
302;0,20207560700229282;0,09805212675475312;-0,2020000000000967;-0,09800000000000268;7,560700219610972e-05;5,212675475044226e-05;0,01296813484876648;0,01296813484876648;0,01296813484876648;0,9999704076264718;-0,0002594519963888557;0,9995662596179583;-0,0038044717468193427;1,296813484876648e-06
303;0,0;0,0;0,0;0,0;0,0;0,0;;;;;;;;
304;0,14921415572719415;0,07201187892813013;-0,14920046120477665;-0,07200031803364156;1,3694522417506683e-05;1,1560894488574225e-05;0,009673684526652857;0,009673684526652857;0,009673684526652857;0,9888335090511579;-0,11267817243194264;0,9887299114265623;-0,11422055135759386;9,673684526652857e-07
305;0,0;0,0;0,0;0,0;0,0;0,0;;;;;;;;
306;0,4556653439359544;0,220321534487405;-0,45538389249376;-0,22012747865163476;0,00028145144219443585;0,00019405583577022933;0,029497923710477433;0,029497923710477443;0,029497923710477443;0,9906361326618309;-0,2661433958996471;0,9899748604141938;-0,2720552801863254;2,9497923710477444e-06
307;-0,39312628746273504;-0,19008733360136898;0,3931698375453377;0,19011735992371062;4,355008260265025e-05;3,002632234164193e-05;0,025728504813005572;0,02572850481300557;0,025728504813005572;0,9798939416209349;-0,34964053445587845;0,9800112542799125;-0,3485812271188381;2,572850481300557e-06
308;1,7850241397858266;0,87964246654435;-1,783538103278352;-0,878617894178047;0,0014860365074746973;0,0010245723663029338;0,11641539643799875;0,11641539643799875;0,11641539643799875;0,9869179393376981;-0,2894022043691728;0,9860322651292028;-0,29695719369473794;1,1641539643799875e-05
309;0,060002802154697596;0,02800216471018791;-0,06000070831062176;-0,028000721226771993;2,0938440758386245e-06;1,4434834159186838e-06;0,003832422007605667;0,003832422007605666;0,003832422007605667;0,9975254375537943;-0,20059127746206756;0,9974876572435787;-0,20095694350711427;3,8324220076056663e-07
310;0,14201943724634913;0,069013402613559;-0,14200601484191203;-0,06900414745382076;1,3422404437107849e-05;9,255159738236207e-06;0,009220147057856396;0,009220147057856393;0,009220147057856396;0,988742742883024;-0,11400328040992692;0,9886418170598957;-0,11489521342870934;9,220147057856397e-07
311;-0,8129764803050712;-0,39260553720633196;0,8138889541137818;0,39323465731521046;0,0009124738087106232;0,0006291201088785003;0,05266780978258819;0,05266780978258819;0,05266780978258819;0,9896725682344855;-0,27055055137170514;0,9908732237030835;-0,25979308883567426;5,266780978258819e-06
312;0,13901029889383976;0,06700710072894292;-0,13900005799948245;-0,06700003999232458;1,024089435730513e-05;7,0607366183389475e-06;0,009051000011632523;0,009051000011632523;0,009051000011632523;0,9843675590500662;-0,27852478556381655;0,9842891567740342;-0,27923533668645506;9,051000011632523e-07
313;0,16011817528517805;0,07801252994013314;-0,16011271048701786;-0,07800876212272226;5,464798160187412e-06;3,767817410876839e-06;0,010409804634292016;0,010409804634292016;0,010409804634292016;0,9878461050414661;-0,2473887462545725;0,987809705138569;-0,24770838648412524;1,0409804634292018e-06
314;0,13211577389019016;0,06401107932411979;-0,13209960538262305;-0,06399993168005164;1,6168507567110302e-05;1,1147644068149054e-05;0,008586489660132167;0,008586489660132167;0,008586489660132167;0,9871143606432147;-0,29355365724194865;0,9869838407979474;-0,2947177409047206;8,586489660132167e-07
315;0,12200753709826831;0,05900521763094465;-0,12199995808581766;-0,05899999280564917;7,579012450645295e-06;5,224825295482849e-06;0,007926448574669703;0,007926448574669703;0,007926448574669703;0,9871546972025548;-0,265717874862906;0,9870884305627946;-0,2663114364553793;7,926448574669703e-07
316;0,13111757874261465;0,06401211844614146;-0,13110239534650395;-0,06400165075707333;1,5183396110701741e-05;1,0467689068135999e-05;0,008536654577394668;0,008536654577394668;0,008536654577394668;0,9868089430018995;-0,26291384314295435;0,9866856060690389;-0,26399204424253464;8,536654577394667e-07
317;0,13100239534689972;0,0640016507577233;-0,1310000000014586;-0,06400000000006284;2,3953454411362873e-06;1,650757660454083e-06;0,008531396679145868;0,008531396679145872;0,008531396679145872;0,9866856060690389;-0,26399204424253464;0,9866661373718364;-0,26416170762842356;8,531396679145871e-07
318;0,15203329299802018;0,0730229545613388;-0,152010436147041;-0,0730071950272837;2,2856850979191545e-05;1,5759534055095892e-05;0,009846719325548071;0,009846719325548071;0,009846719325548071;0,9889219932985823;-0,09879122478817448;0,9887611805346285;-0,10025555468465007;9,846719325548071e-07
319;0,12912253609466184;0,06301553773655545;-0,12910764780509662;-0,06300527346210504;1,4888289565223589e-05;1,0264274450416666e-05;0,0083230784376429;0,0083230784376429;0,0083230784376429;0,9966621592357374;-0,029476995168954186;0,996538118623691;-0,0305516698951173;8,3230784376429e-07
320;0,12843701004743355;0,062025516411642986;-0,1284257020567353;-0,062017720270203094;1,130799069823385e-05;7,796141439891935e-06;0,008264220513210695;0,008264220513210694;0,008264220513210695;0,9964314645249659;-0,0315431790312545;0,9963366411574957;-0,032387996143465034;8,264220513210696e-07
321;-0,040000581673567674;-0,01900040108141635;0,040002031253821325;0,019001400584727907;1,4495802536512725e-06;9,995033115571539e-07;0,002583932821890405;0,002583932821890405;0,002583932821890405;0,9894726432896411;-0,09387203880923772;0,9895114817972535;-0,09350865244913913;2,583932821890405e-07
322;0,1260231427125116;0,06101595612463268;-0,12599999999986822;-0,06099999999991001;2,3142712643392516e-05;1,595612472267416e-05;0,008121342461933303;0,008121342461933303;0,008121342461933303;0,9953882923100396;-0,040278542024459775;0,9951907819775871;-0,0420288084608479;8,121342461933302e-07
323;0,12601245232325803;0,06101051302725945;-0,1259999999998945;-0,061000000000157435;1,245232336352653e-05;1,0513027102011796e-05;0,008167695985203307;0,008167695985203309;0,008167695985203309;0,989654457063003;-0,10047287279422058;0,9895428490542177;-0,1021247231468586;8,167695985203309e-07
324;0,12601131894821146;0,061007805054325785;-0,1259999999999835;-0,06099999999989677;1,131894822797852e-05;7,805054429016467e-06;0,008214078103414115;0,008214078103414115;0,008214078103414115;0,9840507489888102;-0,281368182433003;0,9839552355906509;-0,28222468834584946;8,214078103414115e-07
325;0,0;0,0;0,0;0,0;0,0;0,0;;;;;;;;
326;0,3202357403361435;0,1541630158285776;-0,320115309497752;-0,15407998280183446;0,00012043083839147206;8,303302674314561e-05;0,020553124968894856;0,020553124968894856;0,020553124968894856;0,998372694374359;-0,19306533934667888;0,997966708090484;-0,19670647255574852;2,0553124968894854e-06
327;0,038000757804820644;0,01800074122083485;-0,03799987534565827;-0,017999996301622467;8,824591623754485e-07;7,449192123837323e-07;0,0024337912386066867;0,0024337912386066867;0,0024337912386066867;0,9974876572435787;-0,20095694350711427;0,9974611736452156;-0,20135951484190395;2,433791238606687e-07
328;-2,0585719655623413;-1,0127898976008418;2,0642714895596286;1,016719343013311;0,005699523997287237;0,003929445412469201;0,13387692645863297;0,13387692645863292;0,13387692645863297;0,9893942492402016;-0,26826750658601295;0,9923479026254111;-0,2431247735810917;1,3387692645863297e-05
329;0,12201037211709086;0,05900715057475502;-0,12200000000045674;-0,0590000000000921;1,0372116634113637e-05;7,1505746629257905e-06;0,007940794290180063;0,007940794290180062;0,007940794290180063;0,9853959939928767;-0,3039515507845571;0,9853054690740636;-0,30476392882663667;7,940794290180063e-07
330;0,1150074674584375;0,056005149119002194;-0,11500000000004558;-0,0559999999999654;7,467458391918758e-06;5,149119036797212e-06;0,007411068505453151;0,00741106850545315;0,007411068505453151;0,996538118623691;-0,0305516698951173;0,996468253822817;-0,031160868987157055;7,411068505453151e-07
331;0,12201580601663596;0,05901091877805497;-0,12199995807567145;-0,058999992803768046;1,584794096451403e-05;1,0925974286923879e-05;0,007926934530140869;0,007926934530140869;0,007926934530140869;0,9871664770809521;-0,2656097803479436;0,9870279176878396;-0,26685111419541424;7,926934530140869e-07
332;0,08600716651797569;0,04200506428029795;-0,08599975751563547;-0,04199995602150251;7,409002340211246e-06;5,108258795440135e-06;0,005541970472771022;0,005541970472771024;0,005541970472771024;0,9971539311497032;-0,20345997638330843;0,9970612214184424;-0,20426136649280657;5,541970472771024e-07
333;0,10932540911393494;0,05301751829505834;-0,10931584217298465;-0,053010922712419646;9,566940950292424e-06;6,5955826386923655e-06;0,007040753563210968;0,007040753563210967;0,007040753563210968;0,9963366411574957;-0,032387996143465034;0,9962424539149396;-0,03321803759931164;7,040753563210968e-07
334;0,194022578966799;0,09401956352374434;-0,1939993677971268;-0,09399997004342503;2,3211169672215926e-05;1,9593480319310408e-05;0,012482010056804056;0,012482010056804054;0,012482010056804056;0,9972605598925244;-0,20294233833045375;0,9971244229432538;-0,20493849462969602;1,2482010056804056e-06
335;-0,020999999999980548;-0,009999999999952412;0,021000581673239645;0,01000040108151374;5,816732590972762e-07;4,010815613277041e-07;0,0013572105883380258;0,0013572105883380258;0,0013572105883380258;0,9894429673888309;-0,09414802252213908;0,9894726432896411;-0,09387203880923772;1,3572105883380258e-07
336;-0,18623224874574834;-0,08902223237142849;0,18632312580554536;0,08908488755463502;9,087705979701766e-05;6,265518320652808e-05;0,012058135963682928;0,012058135963682928;0,012058135963682928;0,9883294925491224;-0,10424672485922974;0,9888514553646609;-0,09943734097943518;1,2058135963682928e-06
337;0,10310467625288229;0,050003947796713105;-0,1031000000100091;-0,05000000000708065;4,676242873188907e-06;3,947789632453846e-06;0,006668741621828234;0,0066687416218282345;0,0066687416218282345;0,9920735490638172;-0,08046738998546747;0,9920222078385608;-0,08122319309365168;6,668741621828235e-07
338;0,10100463946933454;0,04900319918700845;-0,10100000000089092;-0,04900000000022573;4,639468443617956e-06;3,1991867827166343e-06;0,006570685709893534;0,0065706857098935334;0,006570685709893534;0,9864383911970271;-0,2599343437426723;0,9863894437671776;-0,26036980966447987;6,570685709893534e-07
339;0,10100071186666432;0,04900049103230867;-0,1010000000015022;-0,04900000000122969;7,118651621229599e-07;4,910310789779659e-07;0,006580334384798207;0,0065803343847982065;0,006580334384798207;0,9849506112642621;-0,27304621143364205;0,9849431113380469;-0,2731131033423738;6,580334384798207e-07
340;0,0;0,0;0,0;0,0;0,0;0,0;;;;;;;;
341;0,0992157671340419;0,048010870973593606;-0,09920749002084327;-0,04800516439244422;8,277113198632002e-06;5,7065811493867136e-06;0,006387651839299332;0,006387651839299333;0,006387651839299333;0,9962424539149396;-0,03321803759931164;0,9961526441767268;-0,03401415719742974;6,387651839299333e-07
342;0,0;0,0;0,0;0,0;0,0;0,0;;;;;;;;
343;0,2771401507509879;0,13509703212210014;-0,27704944428427264;-0,13503449305339366;9,070646671527349e-05;6,253906870648529e-05;0,017837259604891326;0,017837259604891326;0,017837259604891326;0,9979419556583433;-0,19667419268065117;0,997589349540051;-0,19973596743348504;1,7837259604891326e-06
344;-0,005100039136485811;-0,0020000269831370633;0,005100103262002004;0,002000071194470202;6,412551619306567e-08;4,421133313874809e-08;0,0003203085118903666;0,00032030851189036657;0,0003203085118903666;0,9874328244470029;-0,1262377708716128;0,987446494506452;-0,12605214900798006;3,2030851189036664e-08
345;0,0960119041796473;0,0470083456192038;-0,09599972602436298;-0,04699994958535306;1,217815528432864e-05;8,396033850742446e-06;0,006188383132919038;0,006188383132919039;0,006188383132919039;0,9973523850750771;-0,20181501663848905;0,9972158975993077;-0,2029865759807301;6,188383132919039e-07
346;0,04900317760346322;0,024002232693236338;-0,04899991692626865;-0,02399998467163842;3,2606771945692392e-06;2,248021597917732e-06;0,0032021402014509506;0,0032021402014509506;0,0032021402014509506;0,9838275443929043;-0,31630854943746667;0,9837569180470959;-0,3169223951750093;3,2021402014509505e-07
347;0,0;0,0;0,0;0,0;0,0;0,0;;;;;;;;
348;0,00010000000533326302;3,2937546883309325e-12;-0,00010000000017488684;2,631113473954882e-13;5,158376181172049e-12;3,5568660357264207e-12;5,838594834937305e-06;5,838594834937304e-06;5,838594834937305e-06;0,9888514553646609;-0,09943734097943518;0,9888514043559852;-0,09943937891345571;5,838594834937304e-10
349;0,0;0,0;0,0;0,0;0,0;0,0;;;;;;;;
350;-0,4841335176907898;-0,2340920526969882;0,48422052816033234;0,23415204349951824;8,701046954251446e-05;5,999080253002442e-05;0,0314946252159688;0,0314946252159688;0,0314946252159688;0,9858034249562717;-0,12583699284042119;0,9859948972425342;-0,12411853876696788;3,14946252159688e-06
351;0,08601036498646003;0,04100714615049722;-0,08600000000005918;-0,04100000000002388;1,0364986400848708e-05;7,1461504733416614e-06;0,0055670517821301444;0,005567051782130145;0,005567051782130145;0,9881933869670316;-0,10550939468461291;0,9880644625721315;-0,10670605880490333;5,567051782130145e-07
352;0,07500608049612488;0,03600419248517303;-0,07500095576942543;-0,03600065892344438;5,1247266994458585e-06;3,5335617286497145e-06;0,0048584243088161646;0,004858424308816165;0,004858424308816165;0,9887043430184934;-0,10072460497575443;0,9886312696807804;-0,10139118310986829;4,858424308816165e-07
353;-0,8738887795869005;-0,4222346241784946;0,8743095707379337;0,4225247455740087;0,0004207911510332174;0,000290121395514098;0,05655074857112483;0,056550748571124826;0,05655074857112483;0,9908732237030835;-0,25979308883567426;0,9913889047601887;-0,2551811616156002;5,6550748571124835e-06
354;-0,874409571851807;-0,42252474387763456;0,8745148371275772;0,422597287677527;0,00010526527577014999;7,254379989246607e-05;0,056555992097908625;0,056555992097908625;0,056555992097908625;0,9913889047601887;-0,2551811616156002;0,9915178811876553;-0,2540297201796453;5,6555992097908625e-06
355;0,08100876566287808;0,03900604334577324;-0,08099999999988962;-0,03900000000000721;8,765662988463596e-06;6,043345766031105e-06;0,0052502359900511416;0,005250235990051143;0,005250235990051143;0,9887142344790049;-0,11068142522827794;0,9885985541934222;-0,111728040010982;5,250235990051143e-07
356;0,08100601484198033;0,03900414745404501;-0,08099999999998785;-0,03900000000009309;6,014841992488251e-06;4,1474539519206766e-06;0,005250427795585134;0,005250427795585133;0,005250427795585134;0,9886418170598957;-0,11489521342870934;0,9885624392950348;-0,11561376286102477;5,250427795585133e-07
357;0,08100506925808809;0,03900349480254684;-0,08100000000008019;-0,03900000000027681;5,0692580079031435e-06;3,494802270027908e-06;0,005214659385087161;0,005214659385087163;0,005214659385087163;0,9954105450660924;-0,04090908291797488;0,9953431903527369;-0,041514312262770255;5,214659385087162e-07
358;0,07900076816445731;0,03800067928366964;-0,07899996184220823;-0,037999998406858526;8,063222490806154e-07;6,808768111127295e-07;0,005128238874661802;0,005128238874661802;0,005128238874661802;0,9869563603608137;-0,28016162942181566;0,9869448569821785;-0,2803342156915557;5,128238874661803e-07
359;-0,13800029970789285;-0,06700020667922266;0,1380177267424699;0,06701222283267567;1,742703457704997e-05;1,2016153453017764e-05;0,008959253659705024;0,008959253659705024;0,008959253659705024;0,9885694975344737;-0,10191894343531614;0,9887043430184934;-0,10072460497575443;8,959253659705024e-07
360;0,055002325604735114;0,02700168217911317;-0,054999843350278556;-0,026999970747859946;2,482254456558086e-06;1,7114312532255649e-06;0,0035463580332422465;0,003546358033242246;0,0035463580332422465;0,9975254375537943;-0,20059127746206756;0,9974768834364862;-0,20100499251251852;3,5463580332422465e-07
361;0,12203170587482452;0,05902204160770055;-0,12199965032696851;-0,058999940063559284;3,205554785601361e-05;2,2101544141263363e-05;0,007845192526932384;0,007845192526932382;0,007845192526932384;0,9975931131344323;-0,20005541797344456;0,9973099238570156;-0,20256651355670205;7,845192526932384e-07
362;0,0;0,0;0,0;0,0;0,0;0,0;;;;;;;;
363;-9,999960388218036e-05;-2,2532606342669072e-10;9,999961565142824e-05;2,3344056539421185e-10;1,1769247875532615e-11;8,114501967521127e-12;5,791553173926695e-06;5,791553173926694e-06;5,791553173926695e-06;0,9968793601049671;-0,20621047658917632;0,9968794774308205;-0,20620582731934547;5,791553173926695e-10
364;-0,3159995853156652;-0,1529999282907611;0,31612638854323744;0,15308735043691588;0,0001268032275722475;8,742214615478638e-05;0,02069512014980615;0,02069512014980615;0,02069512014980615;0,9794692593018755;-0,3534617707351166;0,9798939416209349;-0,34964053445587845;2,069512014980615e-06
365;0,07100693317721776;0,034004780193251885;-0,07100000000019767;-0,03400000000006704;6,9331770200936615e-06;4,78019318484596e-06;0,004590935583034318;0,004590935583034317;0,004590935583034318;0,9900903036888575;-0,088315820348866;0,9899857005243253;-0,08927418398025028;4,5909355830343177e-07
366;0,2662990738923821;0,12913764006932926;-0,266228363981384;-0,1290888879555905;7,070991099811241e-05;4,8752113738753655e-05;0,017120817065103024;0,01712081706510302;0,017120817065103024;0,9980365124918432;-0,19570455908810908;0,9977502263427205;-0,19822452730800458;1,7120817065103024e-06
367;0,2661283641425358;0,12908888806928534;-0,26603681617435637;-0,12902577032833648;9,154796817945066e-05;6,311774094885925e-05;0,017115610534309864;0,017115610534309864;0,017115610534309864;0,9977502263427205;-0,19822452730800458;0,9973794562507052;-0,20148686128426077;1,7115610534309864e-06
368;0,06810711161229924;0,033004903494486204;-0,06810206956718404;-0,0330014268788332;5,042045115200011e-06;3,4766156530030567e-06;0,004386430792909162;0,004386430792909162;0,004386430792909162;0,9961526441767268;-0,03401415719742974;0,9960729672909211;-0,034718119743303015;4,3864307929091623e-07
369;0,06800412714978155;0,03300284544049916;-0,06799999999984349;-0,03299999999990298;4,127149938054631e-06;2,8454405961789164e-06;0,004371175544308873;0,004371175544308873;0,004371175544308873;0,9983934159209525;-0,014172970922085045;0,9983279652350143;-0,014747535933720692;4,371175544308873e-07
370;-0,05900000000013812;-0,029000000000002635;0,059003048375873085;0,02900210160158925;3,0483757349625273e-06;2,1016015866147375e-06;0,0038250533388685098;0,0038250533388685098;0,0038250533388685098;0,9923028948267862;-0,06733849859160072;0,9923581811044659;-0,06686669509771209;3,8250533388685097e-07
371;-0,24402139159958824;-0,11801491421580337;0,24410262277797593;0,11807091774897856;8,123117838768068e-05;5,600353317518347e-05;0,015982614216511475;0,015982614216511475;0,015982614216511475;0,9791704042352141;-0,35616246402284835;0,979522650841415;-0,3529823160768846;1,5982614216511476e-06
372;-0,3151033748859891;-0,15207148358829203;0,3151732016729119;0,1521196224273524;6,982678692279976e-05;4,8138839060379857e-05;0,020603513137782782;0,020603513137782782;0,020603513137782782;0,9804308331121617;-0,3448184077595246;0,9806656838097317;-0,342689304043624;2,060351313778278e-06
373;0,0850104361470775;0,0410071950277409;-0,08500420807438511;-0,041002901439075715;6,228072692390785e-06;4,293588665188475e-06;0,005511209871452383;0,005511209871452383;0,005511209871452383;0,9887611805346285;-0,10025555468465007;0,9886828733044037;-0,10096054909899668;5,511209871452383e-07
374;0,1990673377973896;0,09604672527460273;-0,1990026509080538;-0,09600212583243412;6,468688933580768e-05;4,459944216861356e-05;0,0128012554855758;0,0128012554855758;0,0128012554855758;0,996853737777729;-0,2065760905419732;0,9965035711489281;-0,20970315376551218;1,28012554855758e-06
375;0,06200477844053425;0,030004034079585507;-0,062000000000100614;-0,02999999999997665;4,778440433637898e-06;4,0340796088576825e-06;0,004004847377386178;0,004004847377386178;0,004004847377386178;0,9930335970215689;-0,06133187807402806;0,9929462564942546;-0,0626211579087563;4,004847377386178e-07
376;-0,07699977798418668;-0,03699996342765943;0,0770030016640143;0,0370021860468566;3,223679827621395e-06;2,2226191971688736e-06;0,00494972430462957;0,00494972430462957;0,00494972430462957;0,9964584504350454;-0,2101103248550269;0,9965035711489281;-0,20970315376551218;4,949724304629569e-07
377;0,060000732578985846;0,02900050501168591;-0,05999999999978824;-0,028999999999643315;7,325791976098284e-07;5,050120425939553e-07;0,0038528642948386844;0,003852864294838684;0,0038528642948386844;0,9986234893633349;-0,03454285109905035;0,9986103124494684;-0,034659685029004954;3,8528642948386847e-07
378;0,0;0,0;0,0;0,0;0,0;0,0;;;;;;;;
379;0,06800264965235595;0,033001827043763726;-0,06800000000025312;-0,032999999999893184;2,64965210282353e-06;1,827043870542e-06;0,004414574492799524;0,0044145744927995235;0,004414574492799524;0,9885551769038091;-0,10204106991219039;0,9885135688555559;-0,10241012688985718;4,4145744927995243e-07
380;0,056002200851133124;0,027001517480320723;-0,05599999999982498;-0,027000000000142497;2,2008513081428482e-06;1,5174801782265324e-06;0,003598609868693432;0,0035986098686934306;0,003598609868693432;0,9974653256333389;-0,022385780795535503;0,9974229461975062;-0,022764612171240296;3,598609868693432e-07
381;0,05600055077329259;0,0270003799370908;-0,055999999999078474;-0,026999999999510114;5,507742141183658e-07;3,799375806849692e-07;0,003589374227865099;0,0035893742278650972;0,003589374227865099;0,9999999999173014;-1,0268825278014927e-21;0,9999893657028408;-9,495730519902379e-05;3,589374227865099e-07
382;0,05310368958743477;0,02600254391182933;-0,05310133424304406;-0,02600091992493592;2,355344390712888e-06;1,623986893409951e-06;0,003425989150311599;0,0034259891503115995;0,0034259891503115995;0,9964314645249659;-0,0315431790312545;0,9963837809586258;-0,03195282069830857;3,4259891503115995e-07
383;0,1440371608387813;0,07002582963780822;-0,14400700236782296;-0,07000503638286566;3,015847095833024e-05;2,0793254942558237e-05;0,009270973768901;0,009270973768900998;0,009270973768901;0,9973794562507052;-0,20148686128426077;0,9971539311497032;-0,20345997638330843;9,270973768901001e-07
384;0,05200022378734655;0,025000168137242818;-0,051999973580192455;-0,024999995627795948;2,5020715409274086e-07;1,7250944686977854e-07;0,0033777736679445115;0,0033777736679445123;0,0033777736679445123;0,986206341868349;-0,2876254507215278;0,9862012098545963;-0,2876721839958746;3,3777736679445123e-07
385;-0,07110457694239379;-0,034003263754061354;0,07110731532486302;0,03400515177699498;2,738382469225087e-06;1,8880229336257215e-06;0,004561966711154808;0,004561966711154808;0,004561966711154808;0,997483863872536;-0,20097064403394502;0,9975254375537943;-0,20059127746206756;4,5619667111548084e-07
386;0,0;0,0;0,0;0,0;0,0;0,0;;;;;;;;
387;-0,07099979581586746;-0,033999967055878516;0,07100457733399317;0,034003263537629586;4,781518125704376e-06;3,2964817510694466e-06;0,004556745704193733;0,004556745704193733;0,004556745704193733;0,9974111834241806;-0,20163146606328067;0,997483863872536;-0,20097064403394502;4,556745704193733e-07
388;0,0;0,0;0,0;0,0;0,0;0,0;;;;;;;;
389;0,00010000000705830028;4,9570146983545184e-12;-9,999999994831336e-05;-5,5269948094333386e-14;7,109986915627281e-12;4,901744750260185e-12;5,841678451298937e-06;5,841678451298936e-06;5,841678451298937e-06;0,9883294925491224;-0,10424672485922974;0,9883294222790286;-0,10424953335189369;5,841678451298937e-10
390;0,05000182251527202;0,024001256404917015;-0,05000000000029861;-0,02399999999994725;1,8225149734096835e-06;1,2564049697641466e-06;0,0032129331655862945;0,0032129331655862945;0,0032129331655862945;0,9966621592357374;-0,029476995168954186;0,9966228647137134;-0,029832376839964515;3,2129331655862945e-07
391;-0,6662224194878639;-0,3221537975415552;0,6670560560340598;0,3227285620002184;0,0008336365461959483;0,0005747644586631684;0,0435967443729215;0,043596744372921485;0,0435967443729215;0,9800112542799125;-0,3485812271188381;0,9813365136714921;-0,3366324026243046;4,3596744372921496e-06
392;0,24311552985230833;0,11708001960588875;-0,24303135842776052;-0,1170219849695593;8,417142454780757e-05;5,803463632944594e-05;0,015610882647948751;0,015610882647948753;0,015610882647948753;0,997966708090484;-0,19670647255574852;0,9975931131344323;-0,20005541797344456;1,5610882647948754e-06
393;-1,9782065821356505;-0,9734633571118716;1,9815767380116505;0,9757868807282445;0,0033701558759999806;0,002323523616372891;0,12889224363891705;0,12889224363891705;0,12889224363891705;0,9875801914212421;-0,2837470614773614;0,9893942492402016;-0,26826750658601295;1,2889224363891706e-05
394;0,04500074719152498;0,02200051516336984;-0,0449999999996393;-0,021999999999607354;7,47191885676346e-07;5,151637624857541e-07;0,0029185474732010175;0,002918547473201017;0,0029185474732010175;0,990902041418085;-0,10446685265480325;0,9908842863645546;-0,10462085994183958;2,9185474732010177e-07
395;0,0450000077532283;0,02200007273254359;-0,04499986728727141;-0,021999975841792304;1,4046595689376495e-07;9,68907512867434e-08;0,0029230391652945984;0,002923039165294598;0,0029230391652945984;0,9893624112380158;-0,2774698603808933;0,9893590781792587;-0,27749885824752873;2,9230391652945987e-07
396;0,052004208073966836;0,025002901438787285;-0,051999999999794516;-0,024999999999917297;4,208074172319665e-06;2,9014388699885596e-06;0,0033695916028190116;0,003369591602819011;0,0033695916028190116;0,9886828733044037;-0,10096054909899668;0,988596350739447;-0,10174656268662474;3,3695916028190113e-07
397;0,0430002997073761;0,021000206679179147;-0,04299999999950487;-0,021000000000256216;2,997078712291268e-07;2,066789229308863e-07;0,0027948157040680525;0,0027948157040680525;0,0027948157040680525;0,9885694975344737;-0,10191894343531614;0,9885620605703014;-0,10198382800030774;2,7948157040680524e-07
398;0,041000804982111894;0,020000555042040225;-0,04100000000021691;-0,020000000000074916;8,049818949820708e-07;5,550419653090055e-07;0,002669623020928191;0,0026696230209281913;0,0026696230209281913;0,9865853868263597;-0,2586235485800686;0,9865644773922042;-0,2588068328941194;2,6696230209281913e-07
399;-0,04100000000024921;-0,01999999999994772;0,04100099538556958;0,02000068621255494;9,95385320369524e-07;6,862126072197661e-07;0,002642389119846178;0,002642389119846178;0,002642389119846178;0,9967325480919308;-0,028856173207400145;0,9967586686473531;-0,028629666419097286;2,642389119846178e-07
400;0,0;0,0;0,0;0,0;0,0;0,0;;;;;;;;
401;0,04000137277666169;0,01900094641529284;-0,04000000000020574;-0,019000000000077424;1,372776455947633e-06;9,464152154158023e-07;0,0025668657706545586;0,0025668657706545577;0,0025668657706545586;0,9960729672909211;-0,034718119743303015;0,9960359433078725;-0,0350621111661383;2,566865770654559e-07
402;0,0;0,0;0,0;0,0;0,0;0,0;;;;;;;;
403;-9,999999997352174e-05;2,2244283510771817e-14;0,00010000001074958044;7,408178859894725e-12;1,07760587020507e-11;7,430423143405497e-12;5,841678666931648e-06;5,841678666931648e-06;5,841678666931648e-06;0,9883293860461648;-0,10425098217763462;0,9883294925491224;-0,10424672485922974;5,841678666931647e-10
404;0,0;0,0;0,0;0,0;0,0;0,0;;;;;;;;
405;0,03710068223306888;0,018000470297973893;-0,037100242736216746;-0,018000167338830805;4,3949685213373613e-07;3,029591430885048e-07;0,0023926661974294212;0,0023926661974294217;0,0023926661974294217;0,9950449736700757;-0,1073489264545174;0,9950322412348772;-0,10746108963621773;2,3926661974294214e-07
406;0,034001005528746;0,017000693302494953;-0,033999999999951715;-0,01699999999999826;1,0055287942845048e-06;6,933024966938872e-07;0,0022027259285934443;0,002202725928593444;0,0022027259285934443;0,9963837809586258;-0,03195282069830857;0,9963520810098042;-0,032209683795143454;2,2027259285934444e-07
407;0,034000081150110426;0,01700005597684637;-0,03399999999720769;-0,016999999999114196;8,115290273807974e-08;5,597773217527746e-08;0,0022217803564025373;0,0022217803564025377;0,0022217803564025377;0,987809705138569;-0,24770838648412524;0,9878071684085835;-0,24772914945173363;2,221780356402538e-07
408;0,03300095576906261;0,016000658923342834;-0,03299999999987518;-0,01599999999996351;9,557691874328977e-07;6,589233793249938e-07;0,002141804172573604;0,002141804172573604;0,002141804172573604;0,9886312696807804;-0,10139118310986829;0,9886003377560408;-0,10166603086391356;2,141804172573604e-07
409;0,031000197051273666;0,015000135840302244;-0,030999999998636615;-0,014999999999760951;1,9705263705135923e-07;1,358405412928837e-07;0,0019982395344530428;0,0019982395344530428;0,0019982395344530428;0,9950322412348772;-0,10746108963621773;0,995025406735468;-0,10752173130578467;1,998239534453043e-07
410;-0,2791025770545075;-0,13507090945918626;0,2792564005444442;0,13517696559999082;0,0001538234899367552;0,00010605614080455572;0,018276051239067653;0,018276051239067653;0,018276051239067653;0,979522650841415;-0,3529823160768846;0,9801060099442649;-0,34772712872324085;1,8276051239067652e-06
411;0,02910370070358778;0,014002551468098723;-0,029101465530137857;-0,014001010408936865;2,2351734499242992e-06;1,5410591618584407e-06;0,0018666840863577625;0,001866684086357762;0,0018666840863577625;0,9989203551080508;-0,00951102974278375;0,9988373935290139;-0,010255504659686223;1,8666840863577622e-07
412;0,029000061886891727;0,014000052243598266;-0,029000000000563037;-0,014000000000516;6,18863286901139e-08;5,224308226477181e-08;0,0018794479766538195;0,0018794479766538197;0,0018794479766538197;0,9892350596817288;-0,1067071068537459;0,9892326499349501;-0,10674294512646922;1,8794479766538198e-07
413;0,023200461205094666;0,011000318033466896;-0,0232001703435071;-0,011000117471825022;2,908615875651943e-07;2,0056164187418069e-07;0,0014993148023240534;0,0014993148023240534;0,0014993148023240534;0,9887299114265623;-0,11422055135759386;0,988716482227171;-0,11434687860497081;1,4993148023240534e-07
414;0,02310017034716659;0,01100011747247551;-0,02310013365050291;-0,01100009215981334;3,669666368000257e-08;2,5312662171178557e-08;0,001494040547723642;0,001494040547723642;0,001494040547723642;0,988716482227171;-0,11434687860497081;0,9887147813414588;-0,11436272587279459;1,4940405477236418e-07
415;0,02800069679093884;0,014000480463598279;-0,02800000000002791;-0,013999999999891056;6,967909109319159e-07;4,804637072225448e-07;0,0018145664778002372;0,001814566477800237;0,0018145664778002372;0,9960729672909211;-0,034718119743303015;0,9960463010535839;-0,03493431262489675;1,8145664778002372e-07
416;0,026000237159424486;0,013000163528929206;-0,025999999999412576;-0,013000000000135877;2,371600119101258e-07;1,6352879332950931e-07;0,001698265498198862;0,0016982654981988617;0,001698265498198862;0,9882490425065696;-0,11749623959272985;0,9882393448548986;-0,11757548114776459;1,6982654981988618e-07
417;-1,9070222497628015;-0,9386435396550689;1,9082092035538412;0,9394617446130188;0,0011869537910396133;0,0008182049579499306;0,12434294111790377;0,12434294111790378;0,12434294111790378;0,9869179393376981;-0,2894022043691728;0,9875801914212421;-0,2837470614773614;1,2434294111790377e-05
418;0,02400145097611625;0,012001000374546792;-0,023999999999966364;-0,012000000000003813;1,4509761498866791e-06;1,0003745429792293e-06;0,0015510974120805953;0,001551097412080596;0,001551097412080596;0,9988373935290139;-0,010255504659686223;0,9987724345457366;-0,010780464999005448;1,551097412080596e-07
419;0,02400082025438183;0,012000565525979362;-0,023999999999987493;-0,012000000000010468;8,202543943375273e-07;5,655259688944203e-07;0,001550924746055766;0,0015509247460557662;0,0015509247460557662;0,9989203551080508;-0,00951102974278375;0,9988836288945817;-0,009807808623082412;1,5509247460557662e-07
420;0,024000358108590046;0,01200024685387137;-0,023999999999910048;-0,01200000000009527;3,581086799979427e-07;2,4685377610078607e-07;0,0015728892262790747;0,0015728892262790743;0,0015728892262790747;0,9849506112642621;-0,27304621143364205;0,9849348018904361;-0,2731756967399808;1,5728892262790746e-07
421;0,6207554292312223;0,3001261328481606;-0,6202354038154662;-0,29976758443963425;0,0005200254157561313;0,00035854840852633796;0,040096087202846;0,040096087202845986;0,040096087202846;0,992825457830612;-0,24202589930947435;0,9919266063630624;-0,250047319606567;4,0096087202846e-06
422;0,023000133652259152;0,01100009215913921;-0,02300000000107142;-0,01099999999966349;1,3365118773159268e-07;9,215947571923622e-08;0,0014887705019723894;0,0014887705019723892;0,0014887705019723894;0,9887147813414588;-0,11436272587279459;0,9887085635329814;-0,11441997764844022;1,4887705019723894e-07
423;0,023000061255363323;0,011000042220072467;-0,02300000000171087;-0,01099999999928358;6,12536524523255e-08;4,222078888761749e-08;0,0014946250948351895;0,0014946250948351895;0,0014946250948351895;0,984838533522908;-0,1345555460518681;0,9848356952828696;-0,13458175112379192;1,4946250948351895e-07
424;0,022000616611420828;0,010000425122666527;-0,02200000000004966;-0,009999999999995153;6,166113711673915e-07;4,2512267137313764e-07;0,001404668376786083;0,0014046683767860828;0,001404668376786083;0,9933109891747742;-0,0594692422742691;0,9932806861445164;-0,05978186608419064;1,404668376786083e-07
425;0,021300536467600942;0,0100003698946612;-0,021300127810289175;-0,010000088139141184;4,0865731176786824e-07;2,817555200158861e-07;0,0013650869693729026;0,0013650869693729024;0,0013650869693729026;0,9952318255623003;-0,09658320292231154;0,9952111159425584;-0,09678134152339853;1,3650869693729027e-07
426;0,02100040201555063;0,0100003105151548;-0,02099993750626857;-0,009999990270620618;4,645092820630692e-07;3,2024453418266763e-07;0,0013571131143656748;0,0013571131143656748;0,0013571131143656748;0,9895351545203016;-0,27597744522976797;0,9895114553009206;-0,276197730866775;1,3571131143656746e-07
427;0,021000127762671097;0,010000088106633788;-0,021000000000356015;-0,010000000000342965;1,277623150816587e-07;8,81062908221486e-08;0,001349353214844347;0,0013493532148443471;0,0013493532148443471;0,9952111159425584;-0,09678134152339853;0,9952045596014607;-0,09684198451855149;1,3493532148443472e-07
428;0,021000069993365365;0,010000059100841384;-0,02099999999849883;-0,010000000000117498;6,999486653475051e-08;5,9100723885999185e-08;0,0013474755811816019;0,0013474755811816023;0,0013474755811816023;0,9965951191916964;-0,030395484602220964;0,9965913227503563;-0,030452797800780505;1,3474755811816022e-07
429;0,021000044364031377;0,010000045370150791;-0,02099997232622474;-0,009999995692789218;7,203780663656012e-08;4,967736157331093e-08;0,0013702011920046957;0,0013702011920046955;0,0013702011920046957;0,9800647660161904;-0,3480930933932851;0,9800611255327973;-0,34812728499475215;1,370201192004696e-07
430;0,02100008122223118;0,01000005600069565;-0,020999999998652204;-0,00999999999976021;8,122357897724641e-08;5,6000935440975175e-08;0,0013608390006286757;0,001360839000628676;0,001360839000628676;0,9868089430018995;-0,26291384314295435;0,9868048102694911;-0,26295237030048146;1,360839000628676e-07
431;0,021000023812607783;0,01000003117438576;-0,02099997232043885;-0,009999995681971727;5,1492168931521753e-08;3,54924140338192e-08;0,0013703669232498312;0,0013703669232498317;0,0013703669232498317;0,9799451987679533;-0,3492751858901528;0,9799425971897663;-0,34929958882621387;1,3703669232498315e-07
432;0,0;0,0;0,0;0,0;0,0;0,0;;;;;;;;
433;-0,4030000000001987;-0,19500000000008305;0,4031335176904886;0,19509205269736132;0,00013351769028990823;9,205269727827203e-05;0,02622951151141519;0,026229511511415185;0,02622951151141519;0,9854506196798593;-0,12899782517653188;0,9858034249562717;-0,12583699284042119;2,6229511511415185e-06
434;0,019000328714004387;0,00900022662251543;-0,01900000000006579;-0,009000000000011365;3,2871393859656983e-07;2,2662250406466078e-07;0,0012182375969274984;0,0012182375969274984;0,0012182375969274984;0,9963837809586258;-0,03195282069830857;0,99636510436655;-0,03212747908805811;1,2182375969274983e-07
435;0,01900029294395353;0,009000201974930035;-0,01900000000005206;-0,008999999999928203;2,929439014698332e-07;2,0197500183276318e-07;0,001218292750888159;0,0012182927508881589;0,001218292750888159;0,9963366411574957;-0,032387996143465034;0,9963199974047778;-0,03254368120238955;1,2182927508881592e-07
436;0,0181004129856566;0,009000284704288417;-0,018100166753941525;-0,009000114957123072;2,4623171507656694e-07;1,6974716534473577e-07;0,0011809680112598183;0,0011809680112598183;0,0011809680112598183;0,9882490425065696;-0,11749623959272985;0,9882345689216867;-0,11761631221967601;1,1809680112598184e-07
437;0,018000166754884552;0,009000114957737816;-0,018000000000343557;-0,009000000000367102;1,6675454099501774e-07;1,1495737071466616e-07;0,0011757396672658627;0,0011757396672658624;0,0011757396672658627;0,9882345689216867;-0,11761631221967601;0,9882247203510511;-0,11769672948308359;1,1757396672658628e-07
438;0,018000015060887685;0,009000010370512287;-0,01800000000137773;-0,009000000001669367;1,5059509955034356e-08;1,0368842919689092e-08;0,001171127690972582;0,0011711276909725818;0,001171127690972582;0,9921173056745766;-0,09355547989415752;0,9921164130373856;-0,09356270956572932;1,171127690972582e-07
439;0,017000201527248723;0,00800013895267479;-0,016999999999895776;-0,008000000000187477;2,01527352947789e-07;1,3895248731320142e-07;0,0010889461801070544;0,0010889461801070542;0,0010889461801070544;0,9961526441767268;-0,03401415719742974;0,9961398394461716;-0,03413588456767248;1,0889461801070544e-07
440;0,0;0,0;0,0;0,0;0,0;0,0;;;;;;;;
441;0,015000162917543802;0,007000112317008153;-0,01500000000008822;-0,006999999999991826;1,6291745558172366e-07;1,1231701632728047e-07;0,0009576915410343525;0,0009576915410343528;0,0009576915410343528;0,9979163130282378;-0,018400679508308676;0,9979045494763317;-0,01851450293569099;9,576915410343529e-08
442;0,014000285153104228;0,007000196594807071;-0,01400000000020408;-0,007000000000114994;2,8515290014831385e-07;1,9659469207688324e-07;0,0009158917547555402;0,0009158917547555401;0,0009158917547555402;0,9867060280061749;-0,11777386715488139;0,9866844083226589;-0,11795072141023322;9,158917547555402e-08
443;0,014000180346703472;0,00700012434293101;-0,014000000000224727;-0,007000000000078361;1,80346478745666e-07;1,24342852648833e-07;0,0009068480380351974;0,0009068480380351977;0,0009068480380351977;0,996538118623691;-0,0305516698951173;0,9965243086224959;-0,03066354118069691;9,068480380351977e-08
444;0,01400017688106002;0,0070001219452940164;-0,013999999999857201;-0,006999999999975658;1,7688120281834918e-07;1,2194531835880984e-07;0,0009071987130809738;0,0009071987130809737;0,0009071987130809738;0,9961526441767268;-0,03401415719742974;0,9961391050015747;-0,034123851642215514;9,071987130809738e-08
445;0,014200398495119365;0,006000274744447353;-0,014200385175848243;-0,006000265557066906;1,3319271121789433e-08;9,187380446695759e-09;0,0009000970184524473;0,0009000970184524476;0,0009000970184524476;0,9888335090511579;-0,11267817243194264;0,9888324927099926;-0,11269035830226226;9,000970184524475e-08
446;0,014100385177639833;0,006000265558871139;-0,014100077943470544;-0,006000053739487637;3,072341692895997e-07;2,1181938350198215e-07;0,0008947216162613071;0,0008947216162613071;0,0008947216162613071;0,9888324927099926;-0,11269035830226226;0,9888088983746888;-0,11296931126855306;8,947216162613071e-08
447;0,0;0,0;0,0;0,0;0,0;0,0;;;;;;;;
448;0,013000057998876728;0,006000039992368677;-0,012999999999716384;-0,006000000000244252;5,799916034422703e-08;3,9992124425437814e-08;0,0008398383612901617;0,0008398383612901618;0,0008398383612901618;0,9842891567740342;-0,27923533668645506;0,984284384474062;-0,279283381802995;8,398383612901619e-08
449;0,25822323278971543;0,12508513610799651;-0,2581323891989977;-0,12502250545130175;9,084359071770409e-05;6,263065669476209e-05;0,016901824425886492;0,016901824425886485;0,016901824425886492;0,9801060099442649;-0,34772712872324085;0,9797334714630853;-0,35107565595874674;1,6901824425886493e-06
450;0,012000150862205773;0,006000104026844423;-0,011999999999749695;-0,006000000000002635;1,508624560778854e-07;1,040268417882434e-07;0,0007768358663555908;0,0007768358663555907;0,0007768358663555908;0,9971310275994657;-0,025336329310600352;0,9971175415246084;-0,025445555032011197;7,768358663555908e-08
451;0,0;0,0;0,0;0,0;0,0;0,0;;;;;;;;
452;0,17304974029555212;0,08403454829810288;-0,1730116830256179;-0,08400830908600049;3,805726993422187e-05;2,6239212102388554e-05;0,011133596600956704;0,0111335966009567;0,011133596600956704;0,997589349540051;-0,19973596743348504;0,9973523850750771;-0,20181501663848905;1,1133596600956702e-06
453;-0,010100000006876398;-0,005000000005744038;0,010100099313551244;0,005000083844374601;9,930667484517319e-08;8,383863056311142e-08;0,000660183557665224;0,000660183557665224;0,000660183557665224;0,9855839608313933;-0,27378521900274205;0,9855949968812219;-0,27362722462888595;6,601835576652239e-08
454;0,010000041690502122;0,005000028739845711;-0,00999999999992941;-0,004999999999961544;4,169057271109777e-08;2,8739884166961716e-08;0,0006499206771737337;0,0006499206771737337;0,0006499206771737337;0,9931983117123955;-0,05954825037670801;0,9931938573954825;-0,05958443638526133;6,499206771737336e-08
455;0,010000075038978677;0,005000051739122744;-0,009999999999910218;-0,005000000000201422;7,503906845895969e-08;5,173892132174368e-08;0,0006479370887340599;0,0006479370887340599;0,0006479370887340599;0,9962424539149396;-0,03321803759931164;0,9962344116303641;-0,03328321394256909;6,4793708873406e-08
456;0,0;0,0;0,0;0,0;0,0;0,0;;;;;;;;
457;0,009000118178110715;0,0040000814781403;-0,009000000000034977;-0,004000000000032689;1,1817807573852313e-07;8,147810761065938e-08;0,0005758612937083288;0,0005758612937083288;0,0005758612937083288;0,987446494506452;-0,12605214900798006;0,9874323496351364;-0,12620607201248804;5,7586129370832886e-08
458;0,009000072522522296;0,004000050001832469;-0,009000000000147862;-0,0040000000000859365;7,252237443390597e-08;5,00017465323091e-08;0,0005750646762158895;0,0005750646762158895;0,0005750646762158895;0,9888088983746888;-0,11296931126855306;0,988800206020787;-0,11306377536081147;5,750646762158895e-08
459;0,0;0,0;0,0;0,0;0,0;0,0;;;;;;;;
460;0,576148126068236;0,27872301606111005;-0,5754795838064857;-0,2782620932419761;0,0006685422617502823;0,0004609228191339576;0,03765468156123451;0,03765468156123451;0,03765468156123451;0,9813365136714921;-0,3366324026243046;0,9801060099442649;-0,34772712872324085;3,765468156123451e-06
461;0,006000045682837423;0,003000031497722458;-0,005999999999839649;-0,0030000000000431648;4,5682997773521805e-08;3,1497679293338715e-08;0,0003892351331848499;0,0003892351331848499;0,0003892351331848499;0,9950322412348772;-0,10746108963621773;0,9950240910797886;-0,10752721744176459;3,892351331848499e-08
462;0,005000039136262116;0,0020000269831055594;-0,004999999999919519;-0,001999999999909023;3,913634259635618e-08;2,6983196536531362e-08;0,00031487236793049705;0,00031487236793049705;0,00031487236793049705;0,9874328244470029;-0,1262377708716128;0,98742432414814;-0,12634968100768146;3,148723679304971e-08
463;0,005000014554101554;0,0020000100343464345;-0,004999999999886608;-0,00200000000016429;1,4554214946074784e-08;1,003418214446869e-08;0,0003112755213791648;0,0003112755213791648;0,0003112755213791648;0,9988373935290139;-0,010255504659686223;0,9988341959009428;-0,010297118018102848;3,112755213791648e-08
464;0,005000022946423473;0,002000015821446049;-0,004999999999962702;-0,0020000000001270794;2,294646077143081e-08;1,582131896977687e-08;0,0003119903889017434;0,0003119903889017434;0,0003119903889017434;0,9965505844665827;-0,030491658736297184;0,9965455544901519;-0,030557279208609435;3,119903889017434e-08
465;0,005000005421677078;0,0020000037370089684;-0,004999999999789689;-0,0019999999998218197;5,421887388709634e-09;3,737187148720317e-09;0,0003144318445923195;0,0003144318445923195;0,0003144318445923195;0,9888088983746888;-0,11296931126855306;0,9888077191767385;-0,11298480513717218;3,144318445923195e-08
466;0,00020000004779323016;3,3106067093684964e-11;-0,0002000000035100911;-2,5743269133684898e-12;4,428313905889894e-11;3,0531740180316475e-11;1,1602571512879458e-05;1,1602571512879456e-05;1,1602571512879458e-05;0,9952111159425584;-0,09678134152339853;0,9952108955872365;-0,09679008822041268;1,1602571512879459e-09
467;-9,999958767570006e-05;-2,346282042714737e-10;9,999959517971647e-05;2,3980197210281495e-10;7,504016410531979e-12;5,173767831341231e-12;5,8496188903510354e-06;5,8496188903510354e-06;5,8496188903510354e-06;0,9869837667340968;-0,2947207052572422;0,9869838407979474;-0,2947177409047206;5,849618890351035e-10
468;0,00010000000959215295;6,460968045988023e-12;-9,999999993569122e-05;1,9683866235966064e-13;9,65646173320487e-12;6,657806708347684e-12;5,819933465278878e-06;5,8199334652788785e-06;5,8199334652788785e-06;0,9920222078385608;-0,08122319309365168;0,992022112044323;-0,08122700773554868;5,819933465278879e-10
469;-9,999990917546543e-05;-5,1353672641792205e-11;9,999991218870711e-05;5,3431201781752685e-11;3,013241687958336e-12;2,077529139960481e-12;5,8609453337727135e-06;5,860945333772715e-06;5,860945333772715e-06;0,9850795595842297;-0,29893154721683496;0,985079589267095;-0,29893035688016106;5,860945333772715e-10
470;-9,999999998695598e-05;-4,7332114238605985e-14;0,00010000000787865906;5,488042465760994e-12;7,891703078782147e-12;5,440710351522388e-12;5,8540611913276424e-06;5,854061191327643e-06;5,854061191327643e-06;0,9862388694699975;-0,2808767540824815;0,9862389473010421;-0,28087363678532223;5,854061191327643e-10
471;-9,999999995011607e-05;-5,585134365111292e-14;0,00010000000656547667;5,640714609002037e-12;6,615360603062781e-12;5,584863265350924e-12;5,857951529653525e-06;5,8579515296535235e-06;5,857951529653525e-06;0,9855838956314629;-0,27378841889347233;0,9855839608313933;-0,27378521900274205;5,857951529653525e-10
472;0,00010000000387832867;2,3884842061859942e-12;-0,0001000000001880669;1,5582757340731742e-13;3,690261759906922e-12;2,5443117795933116e-12;5,801285879617448e-06;5,801285879617447e-06;5,801285879617448e-06;0,9952108955872365;-0,09679008822041268;0,9952108588613507;-0,09679154600362679;5,801285879617447e-10
