;p_from_mw;q_from_mvar;p_to_mw;q_to_mvar;pl_mw;ql_mvar;i_from_ka;i_to_ka;i_ka;vm_from_pu;va_from_degree;vm_to_pu;va_to_degree;loading_percent
0;-3,8604845945166173;-1,8890526746479248;3,864958718969092;1,8943308446541778;0,004474124452474637;0,005278170006252969;0,2485048305925086;0,24850483059250855;0,2485048305925086;0,9985271250572737;-0,03693258977592109;1,0;0,0;2,4850483059250865e-05
1;-3,7969956466394867;-1,8566011099014552;3,800383861796974;1,8600521695372214;0,0033882151574871067;0,003451059635766196;0,24464644709259362;0,24464644709259362;0,24464644709259362;0,9974509778438208;-0,05876072022465951;0,9985271250572737;-0,03693258977592109;2,4464644709259362e-05
2;-5,4821170433888256;-2,69093951001001;5,503285498957666;2,7055344249260997;0,021168455568840727;0,014594914916089774;0,3540530459667399;0,3540530459667399;0,3540530459667399;0,9958523712753635;-0,03526167898879601;1,0;0,0;3,540530459667399e-05
3;-5,402538058906774;-2,647749137274901;5,4231170434041704;2,6619395099898435;0,020578984497396036;0,014190372714942612;0,35024162666895226;0,35024162666895226;0,35024162666895226;0,9917765993907937;-0,0702192351207292;0,9958523712753635;-0,03526167898879601;3,502416266689523e-05
4;2,245891475766996;1,1026592343562243;-2,2370312332527647;-1,0936374867855656;0,008860242514231231;0,009021747570658656;0,14445167482626511;0,14445167482626511;0,14445167482626511;1,0;0,0;0,9952334240584686;-0,09649200059546867;1,4445167482626512e-05
5;-5,102848276002882;-2,500000526069258;5,115514747294588;2,508733064640871;0,012666471291706394;0,008732538571613269;0,33167650542830995;0,3316765054283099;0,33167650542830995;0,9891277493138705;-0,09303918913048664;0,9917765993907937;-0,0702192351207292;3,316765054283099e-05
6;-2,201142428860529;-1,0688847559086243;2,2156306967875428;1,0836371168923844;0,014488267927013965;0,014752360983760093;0,14308155010425996;0,14308155010425996;0,14308155010425996;0,9873702664255551;-0,2577475380493918;0,9952334240584686;-0,09649200059546867;1,4308155010425996e-05
7;-3,7882127044181884;-1,8477601654218252;3,7968956466398187;1,8566011099005904;0,008682942221630352;0,008840944478765156;0,24464124718402394;0,244641247184024;0,244641247184024;0,9946940571407139;-0,11487731437904382;0,9974509778438208;-0,05876072022465951;2,4464124718402403e-05
8;-3,1251016735601547;-1,5484557433407757;3,126748448953549;1,5503984998144915;0,0016467753933944174;0,0019427564737157788;0,20149682686716147;0,20149682686716147;0,20149682686716147;0,9993300168671272;-0,016575458630244982;1,0;0,0;2,0149682686716148e-05
9;-3,7385533649426974;-1,8170739408529117;3,7510120217052028;1,829759694792521;0,012458656762505349;0,012685753939609246;0,2422425253998142;0,24224252539981417;0,2422425253998142;0,9907007588414763;-0,19674479139054557;0,9946940571407139;-0,11487731437904382;2,422425253998142e-05
10;-3,089086275866734;-1,511886297609525;3,1250016735597437;1,5484557433410988;0,035915397693009776;0,036569445731573724;0,20149165013790682;0,20149165013790685;0,20149165013790685;0,985468265896183;-0,29681228200103066;0,9993300168671272;-0,016575458630244982;2,0149165013790687e-05
11;3,0889862759224993;1,511886297563523;-3,058072245695954;-1,480408378277572;0,030914030226545375;0,031477919285950895;0,20148638796711743;0,20148638796711743;0,20148638796711743;0,985468265896183;-0,29681228200103066;0,9735557198351964;-0,5444221454990001;2,0148638796711743e-05
12;-3,603518682961672;-1,7468732285073953;3,6125533649427726;1,756073940852414;0,00903468198110069;0,009200712345018625;0,23408438573038912;0,2340843857303891;0,23408438573038912;0,9877051386121558;-0,25862459847163405;0,9907007588414763;-0,19674479139054557;2,3408438573038912e-05
13;3,8321727950266222;1,8811914355658246;-3,811123578898465;-1,866679322316602;0,021049216128157244;0,014512113249222525;0,24647129344806307;0,24647129344806307;0,24647129344806307;1,0;0,0;0,9940762361125101;-0,050650610902149895;2,4647129344806306e-05
14;3,552859491751622;1,7388444300696324;-3,534360723459387;-1,726090402698808;0,018498768292234846;0,012754027370824428;0,2306980995402156;0,2306980995402156;0,2306980995402156;0,989925333556012;-0,08647753172167433;0,9843643241860318;-0,13489195001788049;2,3069809954021562e-05
15;3,685123578915069;1,8056793222948904;-3,6708594916974286;-1,795844430140409;0,014264087217640498;0,0098348921544813;0,23834093376390617;0,23834093376390617;0,23834093376390617;0,9940762361125101;-0,050650610902149895;0,989925333556012;-0,08647753172167433;2,3834093376390617e-05
16;3,408360723594692;1,6650904025309121;-3,3912636833401506;-1,6533023103272688;0,017097040254541618;0,011788092203643297;0,22248748532726625;0,22248748532726625;0,22248748532726625;0,9843643241860318;-0,13489195001788049;0,9790355330707115;-0,18177232505502083;2,2248748532726624e-05
17;2,5228554455005963;1,2355399832771212;-2,4921667408498447;-1,2143808833311058;0,030688704650751575;0,02115909994601539;0,16218670978400626;0,16218670978400623;0,16218670978400626;1,0;0,0;0,9868779597295022;-0,11377214741514806;1,6218670978400624e-05
18;2,4710666695620125;1,2043808229456585;-2,444607719534559;-1,1861378730894823;0,026458950027453465;0,01824294985617625;0,16082076301927528;0,16082076301927528;0,16082076301927528;0,9868779597295022;-0,11377214741514806;0,9754714647838186;-0,21512530355351955;1,6082076301927527e-05
19;-2,7770323470900693;-1,354709927582555;2,785082507448143;1,361505663307679;0,008050160358073821;0,006795735725124041;0,1844529978247866;0,18445299782478666;0,18445299782478666;0,9671425129001353;-0,33641941047586355;0,9703401138698622;-0,2887681179756021;1,8445299782478667e-05
20;-3,1244216757637266;-1,527855104128181;3,1328996585302282;1,535012357563089;0,00847798276650158;0,007157253434908029;0,2064410804634503;0,2064410804634503;0,2064410804634503;0,9726810564630326;-0,25404763598493124;0,975690658243619;-0,20961757658065183;2,064410804634503e-05
21;-2,7234162251439584;-1,325897030950763;2,727931668495323;1,3297094593538341;0,0045154433513645564;0,0038124284030711664;0,18116426924391782;0,18116426924391782;0,18116426924391782;0,9653167362486365;-0,3638184626794712;0,9671425129001353;-0,33641941047586355;1,811642692439178e-05
22;1,6573367482665162;0,8066630241493158;-1,6455274811406144;-0,7985209864994343;0,011809267125901801;0,008142037649881528;0,10641851862159377;0,10641851862159378;0,10641851862159378;1,0;0,0;0,9923067825745644;-0,0674361334778903;1,0641851862159378e-05
23;1,9230281629901071;0,9318427952145782;-1,9100099035732852;-0,9228671416631717;0,013018259416821998;0,008975653551406504;0,12337433972327774;0,12337433972327774;0,12337433972327774;1,0;0,0;0,9926866443768182;-0,06483530182536414;1,2337433972327774e-05
24;1,8879092861858604;0,9128667160053855;-1,8852995804985873;-0,911067411400207;0,002609705687273145;0,00179930460517852;0,12196394309724476;0,12196394309724476;0,12196394309724476;0,9926866443768182;-0,06483530182536414;0,9912037081945873;-0,07807453057616758;1,2196394309724476e-05
25;-2,9920916081000173;-1,4615119378868662;2,998421675933655;1,4668551039819757;0,006330067833637543;0,005343166095109542;0,19813186171640954;0,1981318617164095;0,19813186171640954;0,9703401138698622;-0,2887681179756021;0,9726810564630326;-0,25404763598493124;1,981318617164095e-05
26;-1,8687280002938822;-0,9026050722743861;1,8722995804990092;0,905067411400277;0,003571580205127045;0,002462339125890889;0,121130099678377;0,121130099678377;0,121130099678377;0,9891603051943995;-0,09636510029808414;0,9912037081945873;-0,07807453057616758;1,21130099678377e-05
27;-2,592963659730108;-1,2618274381680017;2,5974162254530473;1,2648970303491556;0,004452565722939283;0,0030695921811538796;0,17279161365182846;0,1727916136518285;0,1727916136518285;0,9635301525979528;-0,379918134385994;0,9653167362486365;-0,3638184626794712;1,7279161365182848e-05
28;-2,5840244666742698;-1,255733418810575;2,5928636601535984;1,2618274377013796;0,0088391934793286;0,00609401889080452;0,1727862257529194;0,1727862257529194;0,1727862257529194;0,9599835080178707;-0,4120596468878112;0,9635301525979528;-0,379918134385994;1,727862257529194e-05
29;1,2047662689683645;0,583927493499641;-1,2034612286189623;-0,5828258026326905;0,0013050403494021534;0,0011016908669505554;0,07828586325069234;0,07828586325069233;0,07828586325069234;0,9873644877665951;-0,1112495721498307;0,9861440834126425;-0,12933974988392058;7,828586325069234e-06
30;1,1624612286190275;0,5628258026325099;-1,1610582899758877;-0,5616413923952094;0,001402938643139784;0,0011844102373005372;0,07561511333532314;0,07561511333532317;0,07561511333532317;0,9861440834126425;-0,12933974988392058;0,9847859168557069;-0,14953752266361903;7,561511333532317e-06
31;1,5195274811409085;0,7375209864992143;-1,516456333871449;-0,7354036332685339;0,003071147269459562;0,0021173532306804077;0,09827357638710138;0,09827357638710138;0,09827357638710138;0,9923067825745644;-0,0674361334778903;0,9901404923481539;-0,08660416428643734;9,827357638710138e-06
32;0,664452651768433;0,3223120697311824;-0,6640247625827105;-0,32201707369537674;0,00042788918572256307;0,00029499603580568357;0,043105982159604636;0,04310598215960464;0,04310598215960464;0,9891277493138705;-0,09303918913048664;0,9884396725226915;-0,09914689071088957;4,310598215960464e-06
33;3,2920572125503527;1,605297506077414;-3,2819288307598953;-1,598313862974694;0,010128381790457386;0,0069836431027199275;0,21598824627710272;0,21598824627710272;0,21598824627710272;0,9790355330707115;-0,18177232505502083;0,9757839818537458;-0,21061928206990296;2,1598824627710272e-05
34;2,791742458882054;1,3611853641206664;-2,790853935592582;-1,3605724147590579;0,0008885232894719763;0,0006129493616084947;0,18376973278855238;0,18376973278855238;0,18376973278855238;0,9757839818537458;-0,21061928206990296;0,9754486758373985;-0,21360043526267683;1,8376973278855237e-05
35;2,7907539355971656;1,3605724147495224;-2,7906424967114165;-1,3604954206102773;0,00011143888574904892;7,699413924511234e-05;0,18376441254482898;0,18376441254482898;0,18376441254482898;0,9754486758373985;-0,21360043526267683;0,9754066043023443;-0,21397640769053655;1,83764412544829e-05
36;2,7816424967330913;1,3564954205757158;-2,7788832215274417;-1,354592819284698;0,0027592752056495584;0,0019026012910177137;0,18318181766982486;0,18318181766982491;0,18318181766982491;0,9754066043023443;-0,21397640769053655;0,9743621030910025;-0,22325533152238589;1,831818176698249e-05
37;2,316538774573511;1,1242665516326413;-2,3131106593506603;-1,1219027560844501;0,0034281152228508027;0,0023637955481912165;0,15051491545906848;0,1505149154590685;0,1505149154590685;0,9877051386121558;-0,25862459847163405;0,986126273851966;-0,2726609851572903;1,5051491545906851e-05
38;1,1165396049066771;0,543121263032873;-1,1130460913399185;-0,5407126025162569;0,0034935135667586437;0,0024086605166161457;0,07168545635119168;0,07168545635119167;0,07168545635119168;1,0;0,0;0,9966213693385275;-0,029533450032944133;7,168545635119169e-06
39;2,7358829293781306;1,3335926173687864;-2,7184073702383666;-1,3215441414191602;0,017475559139763952;0,012048475949626214;0,18034625143638114;0,18034625143638114;0,18034625143638114;0,9743621030910025;-0,22325533152238589;0,9676436901791675;-0,28340538304703167;1,8034625143638113e-05
40;1,398451527460364;0,6783995755754789;-1,3968303002757962;-0,6772817937683349;0,0016212271845676973;0,0011177818071440582;0,0906319591641241;0,09063195916412412;0,09063195916412412;0,9901404923481539;-0,08660416428643734;0,9889005215914503;-0,0976062206428097;9,063195916412413e-06
41;1,396730300277576;0,6772817937709638;-1,396658352647202;-0,6772320217800886;7,194763037388086e-05;4,977199087519146e-05;0,09062670585641636;0,09062670585641637;0,09062670585641637;0,9889005215914503;-0,0976062206428097;0,9888454446859241;-0,09810058405349849;9,062670585641638e-06
42;1,1129460913399567;0,5407126025163289;-1,112585553837078;-0,5404639719083153;0,0003605375028787883;0,00024863060801361136;0,07168024564334066;0,07168024564334065;0,07168024564334066;0,9966213693385275;-0,029533450032944133;0,9962726575536136;-0,03259444766106532;7,168024564334067e-06
43;1,1124855538372644;0,5404639719081571;-1,1108919601620457;-0,5391185103235674;0,0015935936752187185;0,0013454615845897022;0,07167503306581599;0,07167503306581598;0,07167503306581599;0,9962726575536136;-0,03259444766106532;0,9946445396886651;-0,05643702558872113;7,167503306581599e-06
44;1,1107919601623608;0,5391185103238606;-1,1101572352198188;-0,5385827155617295;0,0006347249425420198;0,0005357947621310588;0,07166981099047916;0,07166981099047914;0,07166981099047916;0,9946445396886651;-0,05643702558872113;0,9939960938769619;-0,06595042964423994;7,166981099047916e-06
45;2,695307307338005;1,3105440970718294;-2,6842629451326534;-1,302929214140701;0,011044362205351543;0,007614882931128442;0,1788197324943617;0,17881973249436173;0,17881973249436173;0,9676436901791675;-0,28340538304703167;0,9633619448563696;-0,3221707896012366;1,7881973249436172e-05
46;2,263110659350954;1,097902756083883;-2,259828860243843;-1,095639850196784;0,0032817991071110164;0,002262905887099098;0,1472678104802217;0,1472678104802217;0,1472678104802217;0,986126273851966;-0,2726609851572903;0,9845815066153816;-0,286430061299316;1,472678104802217e-05
47;1,3646583526465927;0,6622320217814125;-1,3627662689681659;-0,6609274934997065;0,001892083678426859;0,0013045282817060189;0,08856344695890392;0,0885634469589039;0,08856344695890392;0,9888454446859241;-0,09810058405349849;0,9873644877665951;-0,1112495721498307;8,856344695890393e-06
48;1,3416971041704642;0,6522546006513039;-1,3366537010541386;-0,6487773432359437;0,005043403116325562;0,003477257415360202;0,08613143412657584;0,08613143412657584;0,08613143412657584;1,0;0,0;0,995940689464564;-0,035564241605567724;8,613143412657584e-06
49;1,004157235219578;0,487582715561729;-1,0033615649254615;-0,4869108918722761;0,000795670294116535;0,0006718236894528995;0,064837413417473;0,064837413417473;0,064837413417473;0,9939960938769619;-0,06595042964423994;0,9930974666602299;-0,07914340924797833;6,4837413417473e-06
50;2,679062887307037;1,3009291735151307;-2,673473786317731;-1,2970756757058144;0,005589100989305873;0,0038534978093163197;0,17848703252078504;0,17848703252078496;0,17848703252078504;0,9633619448563696;-0,3221707896012366;0,9611912181223387;-0,34193494964554066;1,7848703252078505e-05
51;1,3365537010548372;0,6487773432362091;-1,3360331992496932;-0,6484183994945688;0,000520501805143958;0,00035894374164024967;0,086126218987209;0,086126218987209;0,086126218987209;0,995940689464564;-0,035564241605567724;0,9955217231089775;-0,03925326582662243;8,6126218987209e-06
52;-2,55106542656483;-1,2390724933228519;2,552023639730714;1,2397328480661591;0,0009582131658838478;0,0006603547433072787;0,1706346106153124;0,17063461061531246;0,17063461061531246;0,9595942523337224;-0,41560080370947977;0,9599835080178707;-0,4120596468878112;1,7063461061531245e-05
53;1,8969316700365724;0,9186909745734569;-1,8943055711703827;-0,9155933683970072;0,0026260988661896967;0,0030976061764497187;0,12499268504242751;0,12499268504242754;0,12499268504242754;0,9735557198351964;-0,5444221454990001;0,9718406406789695;-0,5891703630945476;1,2499268504242754e-05
54;-2,613128044671101;-1,2632904154654305;2,6374737873591347;1,280075674744001;0,024345742688033578;0,01678525927857044;0,17609581104682132;0,17609581104682132;0,17609581104682132;0,9516085000484795;-0,43018503036536665;0,9611912181223387;-0,34193494964554066;1,7609581104682132e-05
55;0,8330457141977143;0,4026307751397095;-0,832571245584426;-0,40223027949347906;0,0004744686132883702;0,00040049564623045875;0,05424427170347994;0,05424427170347994;0,05424427170347994;0,9847859168557069;-0,14953752266361903;0,9841457551912548;-0,15908740962347684;5,4244271703479935e-06
56;0,8324712455850922;0,4022302794939434;-0,832236661032983;-0,4020322329420498;0,00023458455210922935;0,00019804655189359366;0,054238989410528717;0,05423898941052873;0,05423898941052873;0,9841457551912548;-0,15908740962347684;0,9838292085477008;-0,16381517858282874;5,423898941052873e-06
57;0,8031365984649298;0,38803218012385854;-0,8024499279731119;-0,3874524474235002;0,0006866704918179201;0,0005797327003583264;0,05234393037778527;0,052343930377785244;0,05234393037778527;0,9838292085477008;-0,16381517858282874;0,9828690936740254;-0,17817149501162347;5,234393037778527e-06
58;-0,2020000000003901;-0,09799999999642699;0,20202168998607561;0,09801495540411596;2,1689985685524604e-05;1,4955407688976852e-05;0,013115634647202395;0,013115634647202393;0,013115634647202395;0,988325032955449;-0,10016449084161927;0,9884396725226915;-0,09914689071088957;1,3115634647202396e-06
59;0,8881356165870806;0,43113132503424767;-0,8875947502972278;-0,4304933827430185;0,0005408662898528371;0,0006379422912291544;0,05772789176553484;0,05772789176553484;0,05772789176553484;0,9873702664255551;-0,2577475380493918;0,986605073049371;-0,27736150844914703;5,772789176553484e-06
60;4,1203956242849555;2,0236884562762767;-4,105910795360125;-2,0137009244213413;0,014484828924830495;0,009987531854935394;0,267947625917085;0,267947625917085;0,267947625917085;0,9891277493138705;-0,09303918913048664;0,9853777833601093;-0,1253531981380896;2,6794762591708498e-05
61;-0,0011000000068091;-5,0872107057225915e-12;0,0011000030512049856;2,5752660580840604e-09;3,044395885561102e-09;2,570178847378338e-09;6,673827080064903e-05;6,673827080064903e-05;6,673827080064903e-05;0,9516058663504477;-0,4303189030847016;0,9516085000484795;-0,43018503036536665;6,673827080064903e-09
62;-0,6075098620507035;-0,29335151908262785;0,6076640010704975;0,29345778421954405;0,00015413901979399736;0,00010626513691619488;0,04066539943001071;0,04066539943001072;0,04066539943001072;0,9578089417135988;-0,4321706833237459;0,9580716141805701;-0,42973659987985124;4,066539943001072e-06
63;3,222233601660222;1,579999241070897;-3,2149996584821476;-1,5750123574804282;0,0072339431780745755;0,004986883590468727;0,21184513694029802;0,211845136940298;0,21184513694029802;0,978059099600144;-0,18892866474466924;0,975690658243619;-0,20961757658065183;2,11845136940298e-05
64;0,9800130680414663;0,4764021880713351;-0,9787742415331242;-0,4753562542785085;0,0012388265083420613;0,001045933792826581;0,06319523718123417;0,06319523718123414;0,06319523718123417;0,9955217231089775;-0,03925326582662243;0,9940861280510841;-0,06026667601064621;6,319523718123416e-06
65;-0,5502908159141923;-0,2662005147163457;0,5505098620478932;0,26635151916064653;0,00021904613370093973;0,0001510044443008285;0,03686368516852836;0,03686368516852835;0,03686368516852836;0,9573971231150148;-0,43596944648825425;0,9578089417135988;-0,4321706833237459;3,6863685168528357e-06
66;0,5799140105459459;0,2814922671257066;-0,5795556733704411;-0,28124522034692406;0,00035833717550481925;0,00024704677878251147;0,037693353895563976;0,03769335389556397;0,037693353895563976;0,9873702664255551;-0,2577475380493918;0,9867112618239766;-0,26359724611670193;3,7693353895563973e-06
67;0,8013615649254457;0,38891089187245936;-0,8009855416797926;-0,3885934362183413;0,00037602324565311207;0,00031745565411805954;0,05178480741573041;0,05178480741573042;0,05178480741573042;0,9930974666602299;-0,07914340924797833;0,9925657852462346;-0,08695790582524582;5,178480741573042e-06
68;0,8008855416797914;0,38859343621799963;-0,800568391487109;-0,38832567233480425;0,00031715019268241385;0,00026776388319538214;0,05177957409573685;0,05177957409573685;0,05177957409573685;0,9925657852462346;-0,08695790582524582;0,9921173057579379;-0,09355547988337803;5,1779574095736855e-06
69;3,893910753083411;1,9107008951294884;-3,8845619244008223;-1,9042565004769927;0,009348828682588906;0,0064443946524956885;0,2541378283603634;0,25413782836036347;0,25413782836036347;0,9853777833601093;-0,1253531981380896;0,9828262349179623;-0,14743256201967722;2,5413782836036347e-05
70;0,782468376421327;0,3793256619701434;-0,7824504003521908;-0,3793105282709132;1,79760691362274e-05;1,5133699230174269e-05;0,05060329642572724;0,05060329642572724;0,05060329642572724;0,9921173057579379;-0,09355547988337803;0,9920913184541357;-0,093936089605315;5,060329642572724e-06
71;-0,5200515140651036;-0,2520355137193814;0,520588234310434;0,252405587526588;0,0005367202453303577;0,00037007380720660565;0,033818421964266696;0,03381842196426668;0,033818421964266696;0,986605026295057;-0,2684241293845356;0,9877051386121558;-0,25862459847163405;3,3818421964266697e-06
72;0,8637742415329002;0,4193562542784743;-0,8632155803639447;-0,4188846390130984;0,0005586611689554211;0,00047161526537586873;0,05576641414648645;0,05576641414648646;0,05576641414648646;0,9940861280510841;-0,06026667601064621;0,993352594855767;-0,07103140601794217;5,576641414648647e-06
73;-1,481982884814406;-0,7172285549809448;1,4843215320362688;0,7188408688290554;0,002338647221862722;0,0016123138481105581;0,10077533417218885;0,10077533417218884;0,10077533417218885;0,9432461868021392;-0,5660685145839909;0,9448546301554707;-0,5510429856517602;1,0077533417218885e-05
74;0,0;0,0;0,0;0,0;0,0;0,0;;;;;;;;
75;-0,00010000000003188124;8,362442833111664e-15;0,00010000003176542292;2,1870334949362062e-11;3,173354168415493e-11;2,1878697392195173e-11;5,845372571399609e-06;5,845372571399609e-06;5,845372571399609e-06;0,9877048251784097;-0,25863713403787175;0,9877051386121558;-0,25862459847163405;5,845372571399609e-10
76;1,7625017159190122;0,852590581511933;-1,7604248870187544;-0,8511586775916459;0,0020768289002577323;0,0014319039202871364;0,1163140086334144;0,1163140086334144;0,1163140086334144;0,9718406406789695;-0,5891703630945476;0,9706031457779098;-0,6004403509395565;1,163140086334144e-05
77;0,5184128426943454;0,2514369162145543;-0,5182481165936186;-0,25124258716239245;0,0001647261007268197;0,0001943290521618235;0,03371685175061229;0,033716851750612294;0,033716851750612294;0,986605073049371;-0,27736150844914703;0,986206081984082;-0,28760457685547874;3,3716851750612294e-06
78;3,7585619244757718;1,843256500388823;-3,752328274800253;-1,8389586202720287;0,006233649675518649;0,004297880116794328;0,24591441725977198;0,245914417259772;0,245914417259772;0,9828262349179623;-0,14743256201967722;0,9810679637050951;-0,1627075880331329;2,4591441725977203e-05
79;-0,7449921088683332;-0,3616959436596755;0,7452155803645164;0,3618846390126619;0,00022347149618318074;0,00018869535298637885;0,048149865487446285;0,048149865487446285;0,048149865487446285;0,9930127222568984;-0,07602111260323276;0,993352594855767;-0,07103140601794217;4,814986548744628e-06
80;-0,9311463491759435;-0,4507903265812949;0,9315663993870814;0,4510799744643237;0,0004200502111378901;0,0002896478830287652;0,06069334053256756;0,06069334053256756;0,06069334053256756;0,9841017964862079;-0,29072951682624093;0,9845815066153816;-0,286430061299316;6,069334053256756e-06
81;0,436248116593635;0,21124258716277194;-0,43615695417573086;-0,21114975802339578;9,116241790413371e-05;9,282913937616599e-05;0,0283756842222309;0,028375684222230895;0,0283756842222309;0,986206081984082;-0,28760457685547874;0,9859568271939856;-0,29278565682334856;2,83756842222309e-06
82;0,580450400356873;0,2813105282714345;-0,5803345333183076;-0,28123063454546277;0,00011586703856536484;7,989372597172473e-05;0,03753745360013436;0,037537453600134364;0,037537453600134364;0,9920913184541357;-0,093936089605315;0,9918773577020358;-0,09583411824565018;3,753745360013437e-06
83;0,9995019116089326;0,48321349967162125;-0,9990248679816057;-0,482810768689236;0,00047704362732692296;0,0004027309823852465;0,06735570881877542;0,06735570881877542;0,06735570881877542;0,9516085000484795;-0,43018503036536665;0,9510901151558998;-0,43818599955772314;6,735570881877542e-06
84;0,3991569541755724;0,19314975802337384;-0,399080615832106;-0,19307202398682347;7,633834346637558e-05;7,773403655036981e-05;0,02596628326671382;0,02596628326671382;0,02596628326671382;0,9859568271939856;-0,29278565682334856;0,9857287584324012;-0,2975314651553883;2,596628326671382e-06
85;-1,3085129386970997;-0,6325946388869773;1,310865177213001;0,6342163463408426;0,0023522385159013837;0,001621707453865251;0,08913401644622476;0,08913401644622475;0,08913401644622476;0,9414172116866333;-0,5832319618106445;0,9432461868021392;-0,5660685145839909;8,913401644622477e-06
86;-0,6645712980887711;-0,3223406785222644;0,6649921088683793;0,32269594365970317;0,000420810779608205;0,0003552651374387761;0,04297529946737628;0,04297529946737628;0,04297529946737628;0,9922957551427544;-0,08656346085814959;0,9930127222568984;-0,07602111260323276;4,2975299467376276e-06
87;0,6603955681505245;0,31927269859486207;-0,6602000856655583;-0,3191379404562896;0,0001954824849661474;0,0001347581385724439;0,04450362108215114;0,04450362108215114;0,04450362108215114;0,9516085000484795;-0,43018503036536665;0,9513040890595786;-0,43301649919521196;4,450362108215114e-06
88;0,00010000000614461726;5,05177044026308e-12;-0,00010000000031461475;-1,3040794842669124e-13;5,830002509942846e-12;4,921362491836389e-12;5,917349928356421e-06;5,917349928356422e-06;5,917349928356422e-06;0,975690658243619;-0,20961757658065183;0,9756906013608313;-0,2096203963134766;5,917349928356422e-10
89;1,3475848181547292;0,654158785757209;-1,3329318239495254;-0,644056120115049;0,014652994205203829;0,010102665642160003;0,08945381286237934;0,08945381286237937;0,08945381286237937;0,9668143629039908;-0,2930908620057607;0,9554606214679056;-0,3971847496967563;8,945381286237936e-06
90;0,8751305630680329;0,4238042141859747;-0,8747951045111936;-0,42352095895263964;0,0003354585568393631;0,00028325523333505576;0,058993402740985974;0,058993402740985974;0,058993402740985974;0,9516085000484795;-0,43018503036536665;0,9511922029369517;-0,4365943350923654;5,899340274098598e-06
91;1,0901726912276437;0,5272911545301758;-1,088775781603944;-0,5263280063282557;0,0013969096236996492;0,0009631482019201165;0,07068309718613876;0,07068309718613877;0,07068309718613877;0,9891603051943995;-0,09636510029808414;0,9877906021636523;-0,10862720638194528;7,068309718613877e-06
92;1,0852616525942071;0,5265593184279251;-1,0845429801879563;-0,5260638427359798;0,0007186724062508976;0,0004954756919453018;0,07073392977218584;0,07073392977218583;0,07073392977218584;0,9845815066153816;-0,286430061299316;0,983877212768615;-0,2927071915623737;7,073392977218585e-06
93;0,32108061583212727;0,1550720239870521;-0,3210423950797034;-0,1550397568266696;3,822075242387868e-05;3,2267160382515314e-05;0,020884458075633532;0,02088445807563353;0,020884458075633532;0,9857287584324012;-0,2975314651553883;0,9855948191341346;-0,29952964734511117;2,088445807563353e-06
94;3,5503282749053198;1,7409586201581424;-3,540233601515902;-1,7339992412073435;0,010094673389417608;0,0069593789507989;0,23270187583228666;0,23270187583228671;0,23270187583228671;0,9810679637050951;-0,1627075880331329;0,978059099600144;-0,18892866474466924;2,3270187583228673e-05
95;-0,20200000000017204;-0,09799999999995308;0,202051514065119;0,09803551371964195;5,1514064946966975e-05;3,5513719688864964e-05;0,013142119256610244;0,013142119256610246;0,013142119256610246;0,9863333144299057;-0,2708392720647161;0,986605026295057;-0,2684241293845356;1,3142119256610245e-06
96;0,4543345333192915;0,2202306345455665;-0,4541545788682439;-0,22010657091538416;0,00017995445104762586;0,00012406363018233058;0,029388982085931607;0,029388982085931607;0,029388982085931607;0,9918773577020358;-0,09583411824565018;0,9914529305920596;-0,09959704319591049;2,9388982085931604e-06
97;1,5134248870516405;0,7321586775837593;-1,5073933472647019;-0,7280002364830794;0,0060315397869386;0,004158441100679866;0,10000530410031347;0,10000530410031346;0,10000530410031347;0,9706031457779098;-0,6004403509395565;0,9664232692990333;-0,6386623390404994;1,0000530410031347e-05
98;1,507293347305882;0,7280002364451111;-1,506087049125815;-0,7271686376997378;0,0012062981800671224;0,0008315987453733076;0,09999992456547552;0,09999992456547553;0,09999992456547553;0,9664232692990333;-0,6386623390404994;0,9655873250894059;-0,6463429556119991;9,999992456547552e-06
99;-1,8042420679568474;-0,8775069426117155;1,8112089743912718;0,8823100929248975;0,006966906434424436;0,004803150313182014;0,12127416598905409;0,12127416598905412;0,12127416598905412;0,955147904924985;-0,45597463041319314;0,9591308848657418;-0,41979298016355177;1,2127416598905412e-05
100;-0,5127112511700572;-0,24842142053398536;0,5128490337833046;0,2485164052153883;0,0001377826132473725;9,498468140292649e-05;0,033796330215911205;0,033796330215911205;0,033796330215911205;0,9732731428884442;-0,5469759177036541;0,9735557198351964;-0,5444221454990001;3,3796330215911206e-06
101;-1,7939350190553742;-0,8708479817231589;1,79924206862493;0,8745069419198581;0,005307049569555744;0,0036589601966992014;0,12092306723558209;0,12092306723558209;0,12092306723558209;0,9521054007304558;-0,48387079554886836;0,955147904924985;-0,45597463041319314;1,2092306723558208e-05
102;-0,7287704552750355;-0,3514622333533522;0,7298417996510199;0,35220087758861174;0,0010713443759844399;0,0007386442352595446;0,0487573441101774;0,048757344110177396;0,0487573441101774;0,9580716141805701;-0,42973659987985124;0,9595942523337224;-0,41560080370947977;4,8757344110177404e-06
103;1,6636702641103105;0,8090425795188136;-1,6630786193629632;-0,8086347222887276;0,0005916447473472974;0,0004078572300860728;0,10949314444191781;0,1094931444419178;0,10949314444191781;0,9754714647838186;-0,21512530355351955;0,9750968586812966;-0,2184728131560513;1,094931444419178e-05
104;-0,7286708896487659;-0,3524625589558538;0,7291463491765503;0,35279032658130555;0,00047545952778438316;0,0003277676254517248;0,047521426413643215;0,04752142641364321;0,047521426413643215;0,9834083833093711;-0,29695613081012473;0,9841017964862079;-0,29072951682624093;4,752142641364321e-06
105;0,37315457886842907;0,18110657091551224;-0,3730330253868974;-0,18102276989757507;0,00012155348153164436;8,380101793717398e-05;0,024153882473607547;0,024153882473607544;0,024153882473607547;0,9914529305920596;-0,09959704319591049;0,9911040806898369;-0,10268085297409907;2,4153882473607547e-06
106;-0,44854816125326974;-0,21730898455546313;0,44871125116908295;0,21742142053862112;0,0001630899158132082;0,00011243598315799352;0,02957789769475903;0,02957789769475903;0,02957789769475903;0,9728909574888279;-0,5504323565267074;0,9732731428884442;-0,5469759177036541;2,9577897694759033e-06
107;1,821123627020423;0,886871615621305;-1,820309099288258;-0,8863101796571214;0,0008145277321649491;0,0005614359641835653;0,12187207754556956;0,12187207754556956;0,12187207754556956;0,9595942523337224;-0,41560080370947977;0,9591308848657418;-0,41979298016355177;1,2187207754556956e-05
108;0,19904239507961102;0,09603975682688365;-0,19901037196964555;-0,09600715047296213;3,2023109965473306e-05;3,260635392152156e-05;0,012945996985224764;0,012945996985224764;0,012945996985224764;0,9855948191341346;-0,29952964734511117;0,9854030065294757;-0,3035360279375956;1,2945996985224764e-06
109;-0,14800388275941126;-0,07100267692118332;0,14801646759089268;0,07101135418488272;1,2584831481421421e-05;8,677263699394255e-06;0,009659394947204187;0,009659394947204185;0,009659394947204187;0,981162335457375;-0,19372067157485648;0,9812525891019757;-0,19288998614797562;9,659394947204185e-07
110;0,5777955729357117;0,281194129263207;-0,576835768723203;-0,28053237642722295;0,0009598042125087414;0,0006617528359840752;0,037574322888590826;0,037574322888590826;0,037574322888590826;0,9873702664255551;-0,2577475380493918;0,985599254994365;-0,2733812467488794;3,7574322888590825e-06
111;0,0;0,0;0,0;0,0;0,0;0,0;;;;;;;;
112;1,5950786193864375;0,7756347222677681;-1,5918133389951268;-0,7733835349354671;0,0032652803913106876;0,002251187332301008;0,10501782955434098;0,105017829554341;0,105017829554341;0,9750968586812966;-0,2184728131560513;0,9729413076410132;-0,23778762939954048;1,05017829554341e-05
113;1,5917133390661464;0,7733835348554119;-1,586513704308184;-0,7697986750070136;0,005199634757962368;0,003584859848398292;0,1050124921289529;0,10501249212895292;0,10501249212895292;0,9729413076410132;-0,23778762939954048;0,9695088325680826;-0,2687203707885617;1,0501249212895292e-05
114;0,3542479664490438;0,17117095666430474;-0,3540913762558528;-0,17106299844417383;0,00015659019319103074;0,00010795822013090484;0,02299773567598455;0,022997735675984555;0,022997735675984555;0,9877051386121558;-0,25862459847163405;0,9872332676528313;-0,2628612333555661;2,2997735675984554e-06
115;0,5384193401681977;0,2599449091265898;-0,538298637400641;-0,2598429898584973;0,00012070276755671294;0,00010191926809249852;0,03538690856250032;0,03538690856250031;0,03538690856250032;0,9754714647838186;-0,21512530355351955;0,9752218263883871;-0,21889279152866234;3,5386908562500322e-06
116;0,5381986374017789;0,2598429898567824;-0,538028585282833;-0,2596994520479019;0,00017005211894582928;0,0001435378088804895;0,03538157711728564;0,03538157711728562;0,03538157711728564;0,9752218263883871;-0,21889279152866234;0,974870107171501;-0,22419876888378193;3,5381577117285634e-06
117;0,5379285852845422;0,259699452045981;-0,5376763622838417;-0,2594865004443177;0,0002522230007004911;0,00021295160166329152;0,03537624369747615;0,035376243697476155;0,035376243697476155;0,974870107171501;-0,22419876888378193;0,9743483217928508;-0,23207940157462165;3,537624369747616e-06
118;-1,6627423448632048;-0,8055099396621632;1,671935019995207;0,811847981066444;0,00919267513200217;0,0063380414042807365;0,11270538592683316;0,11270538592683316;0,11270538592683316;0,9464515107490177;-0,5361575242952976;0,9521054007304558;-0,48387079554886836;1,1270538592683316e-05
119;-0,38446355288845585;-0,18625064992867416;0,38454816125306496;0,1863089845603608;8,46083646091067e-05;5,833463168664066e-05;0,025357808006245038;0,025357808006245045;0,025357808006245045;0,9726596859088159;-0,5525256258589827;0,9728909574888279;-0,5504323565267074;2,5357808006245044e-06
120;1,0458619335155257;0,5060769048381498;-1,0452533907961734;-0,5056573100723436;0,0006085427193522897;0,00041959476580621935;0,06947126597063907;0,06947126597063909;0,06947126597063909;0,9655873250894059;-0,6463429556119991;0,964980199810869;-0,6519009363603904;6,947126597063908e-06
121;-0,3773887235698249;-0,1831990640364967;0,3774635528884019;0,18325064992833834;7,48293185769966e-05;5,158589184164897e-05;0,02490624358904814;0,024906243589048138;0,02490624358904814;0,9724514171058425;-0,5544002911227265;0,9726596859088159;-0,5525256258589827;2,490624358904814e-06
122;0,551571298088589;0,2673406785224603;-0,5512017204980068;-0,26708587373721276;0,0003695775905822041;0,00025480478524753103;0,035663170936466294;0,035663170936466294;0,035663170936466294;0,9922957551427544;-0,08656346085814959;0,9915774451231366;-0,09293354128257549;3,5663170936466293e-06
123;-0,3771425518154607;-0,1830982803040689;0,3772887235707513;0,18319906403659184;0,00014617175529063609;0,00010078373252292439;0,024900902711435663;0,02490090271143566;0,024900902711435663;0,9720444777034637;-0,5580648073889184;0,9724514171058425;-0,5544002911227265;2,4900902711435662e-06
124;1,5565137043660178;0,7557986749490956;-1,5558151792350932;-0,7553170652829042;0,0006985251309246099;0,0004816096661913738;0,10304123956007559;0,1030412395600756;0,1030412395600756;0,9695088325680826;-0,2687203707885617;0,9690388857024417;-0,2729648831940488;1,030412395600756e-05
125;-0,2710060321723813;-0,13100415809911042;0,2710913762557556;0,13106299844436242;8,534408337429467e-05;5,8840345251998105e-05;0,017609487389586276;0,017609487389586273;0,017609487389586276;0,9868973842915386;-0,2658738169559987;0,9872332676528313;-0,2628612333555661;1,7609487389586278e-06
126;-0,22501646759122168;-0,10801135418466234;0,22507227963744475;0,10804983253371042;5,5812046223069345e-05;3,8478349048076677e-05;0,014685834117112944;0,014685834117112943;0,014685834117112944;0,9812525891019757;-0,19288998614797562;0,9815158591487108;-0,19047191108255832;1,4685834117112945e-06
127;0,6248210983124276;0,3024971655800976;-0,6243580403918114;-0,3021779026635578;0,00046305792061618334;0,00031926291653977534;0,04194765811691161;0,04194765811691161;0,04194765811691161;0,9554606214679056;-0,3971847496967563;0,9546955073499043;-0,40425373107908547;4,194765811691161e-06
128;0,2424181153773123;0,11715038430536123;-0,2423512883553353;-0,11710430931346469;6,682702197702284e-05;4,607499189654418e-05;0,015935515428982566;0,015935515428982566;0,015935515428982566;0,9754714647838186;-0,21512530355351955;0,9751808353571321;-0,21776645970382977;1,5935515428982565e-06
129;0,24225128835575288;0,11710430931301134;-0,24216224526067592;-0,11704291708330024;8,904309507695718e-05;6,13922297111047e-05;0,01593018489544211;0,01593018489544211;0,01593018489544211;0,9751808353571321;-0,21776645970382977;0,9747934526121674;-0,22128559018945324;1,5930184895442107e-06
130;-0,07099999999975048;-0,03399999999983603;0,07100388275917939;0,03400267692135906;3,882759428905369e-06;2,6769215230315613e-06;0,00463249490047677;0,004632494900476772;0,004632494900476772;0,9811042811370332;-0,1942573322388455;0,981162335457375;-0,19372067157485648;4,6324949004767723e-07
131;0,5027356694093664;0,24453229258384587;-0,5026228998771277;-0,2444370900029915;0,00011276953223871011;9,520258085438105e-05;0,032748487819758455;0,03274848781975845;0,032748487819758455;0,985599254994365;-0,2733812467488794;0,9853470592773923;-0,2771010883058936;3,2748487819758457e-06
132;0,5025228998781852;0,24443709000338237;-0,5022504424376094;-0,24420708845013508;0,0002724574405758018;0,00023000155324728877;0,03274321863962328;0,03274321863962328;0,03274321863962328;0,9853470592773923;-0,2771010883058936;0,9847376575902421;-0,286093753669987;3,2743218639623285e-06
133;-0,6022305086704667;-0,29115893103143176;0,6026708896484573;0,2914625589560655;0,0004403809779905954;0,00030362792463373145;0,0393027812156178;0,0393027812156178;0,0393027812156178;0,9826318216728424;-0,303946277345498;0,9834083833093711;-0,29695613081012473;3,93027812156178e-06
134;0,8575383165319312;0,4160606268699334;-0,85652642925863;-0,41536294833258225;0,0010118872733012596;0,0006976785373511429;0,05593141102677647;0,05593141102677648;0,05593141102677648;0,983877212768615;-0,2927071915623737;0,9826231143783569;-0,3039021059230261;5,593141102677648e-06
135;-0,00010000000000332748;6,953231312968047e-15;0,0001000000076726693;5,2804202239397285e-12;7,669341819060115e-12;5,2873734552526965e-12;6,0671159552854495e-06;6,0671159552854495e-06;6,0671159552854495e-06;0,9516057933685453;-0,4303219325263064;0,9516058663504477;-0,4303189030847016;6,06711595528545e-10
136;0,4606763622835674;0,2224865004532827;-0,4603864518086706;-0,22224174720146322;0,0002899104748967929;0,0002447532518194684;0,030314194836307377;0,03031419483630738;0,03031419483630738;0,9743483217928508;-0,23207940157462165;0,9736484133335696;-0,24264996308561299;3,031419483630738e-06
137;0,6134226080957887;0,2971876848368993;-0,6132935400444646;-0,2970987124401081;0,0001290680513241771;8,897239679117597e-05;0,039353433401324966;0,03935343340132497;0,03935343340132497;1,0;0,0;0,9997726803673762;-0,0020007473367535215;3,9353433401324975e-06
138;0,613193540044534;0,2970987124405757;-0,6127096859037239;-0,2967651192333856;0,0004838541408100916;0,0003335932071900638;0,03934823637107398;0,03934823637107398;0,03934823637107398;0,9997726803673762;-0,0020007473367535215;0,9989203551908377;-0,00951102974113792;3,934823637107398e-06
139;-1,5799871453660157;-0,7649892539312293;1,5807423456153151;0,7655099391920323;0,0007552002492994259;0,0005206852608029555;0,10713987099925851;0,10713987099925851;0,10713987099925851;0,945962949984684;-0,5407096539758947;0,9464515107490177;-0,5361575242952976;1,071398709992585e-05
140;-0,6814481088029194;-0,3302399986688154;0,6817184326768156;0,33042637791976454;0,0002703238738962499;0,00018637925094910912;0,045325985990954595;0,045325985990954595;0,045325985990954595;0,9645668020773115;-0,6556698169691592;0,964980199810869;-0,6519009363603904;4,53259859909546e-06
141;0,4648013433805314;0,22441460665875196;-0,4647761380351819;-0,22439723317125723;2,5205345349499364e-05;1,7373487494726225e-05;0,030318841379236742;0,030318841379236742;0,030318841379236742;0,9828690936740254;-0,17817149501162347;0,9828114858770677;-0,17869173690966186;3,0318841379236743e-06
142;0,4646761380353671;0,2243972331702261;-0,46453507594734833;-0,22429997558833625;0,00014106208801878406;9,725758188985911e-05;0,030313551318133847;0,030313551318133847;0,030313551318133847;0,9828114858770677;-0,17869173690966186;0,9824890019834546;-0,18160598931740254;3,0313551318133844e-06
143;1,4728151792702693;0,7153170652661883;-1,4701021595562895;-0,7134465291022407;0,0027130197139797474;0,0018705361639476115;0,09755184391105566;0,09755184391105566;0,09755184391105566;0,9690388857024417;-0,2729648831940488;0,9671109459360456;-0,29040258391663815;9,755184391105567e-06
144;1,4700021595956523;0,7134465290594042;-1,4695848179049578;-0,7131587859511826;0,0004173416906945171;0,0002877431082215498;0,09754647315676514;0,09754647315676514;0,09754647315676514;0,9671109459360456;-0,29040258391663815;0,9668143629039908;-0,2930908620057607;9,754647315676515e-06
145;-0,07710000001617852;-0,036999999918999556;0,07714749802307837;0,03703274820282655;4,749800689984873e-05;3,274828382699574e-05;0,005171015836752463;0,005171015836752463;0,005171015836752463;0,9548243047934335;-0,40319334250956446;0,9554606214679056;-0,3971847496967563;5,171015836752462e-07
146;0,0;0,0;0,0;0,0;0,0;0,0;;;;;;;;
147;0,0;0,0;0,0;0,0;0,0;0,0;;;;;;;;
148;0,500290815910008;0,2422005147899837;-0,5002193592650401;-0,24215123666972757;7,145664496788218e-05;4,9278120256124325e-05;0,03351913115792603;0,03351913115792602;0,03351913115792603;0,9573971231150148;-0,43596944648825425;0,9572493567329813;-0,4373320904396319;3,3519131157926025e-06
149;0,16516224525903236;0,08004291709450759;-0,1651188402066445;-0,08001299015459754;4,340505238786818e-05;2,992693991005213e-05;0,010870458303909113;0,010870458303909113;0,010870458303909113;0,9747934526121674;-0,22128559018945324;0,9745166801536062;-0,22378413803177127;1,0870458303909114e-06
150;0,19427440090391668;0,09405129570598664;-0,19423242555815454;-0,09402235511191812;4,197534576214079e-05;2,8940594068521674e-05;0,01262953038936212;0,012629530389362119;0,01262953038936212;0,9867112618239766;-0,26359724611670193;0,9864809015272811;-0,26565718504377994;1,262953038936212e-06
151;0,16501884020751262;0,0800129901546306;-0,16500136630037837;-0,08000094187087087;1,747390713424668e-05;1,2048283759738543e-05;0,010865127116606232;0,010865127116606232;0,010865127116606232;0,9745166801536062;-0,22378413803177127;0,9744051986663659;-0,22478943605811808;1,0865127116606232e-06
152;-0,3571305295738095;-0,17208999271764408;0,3572562625643045;0,17217668129061;0,00012573299049500886;8,668857296592614e-05;0,023147553119919846;0,023147553119919853;0,023147553119919853;0,9887839263490151;-0,09976229479671588;0,9891603051943995;-0,09636510029808414;2,3147553119919853e-06
153;0,0;0,0;0,0;0,0;0,0;0,0;;;;;;;;
154;0,3332812724663471;0,16219392464080415;-0,3330956016788371;-0,16206591085570834;0,0001856707875099728;0,00012801378509580408;0,02168783604068073;0,021687836040680725;0,02168783604068073;0,9867112618239766;-0,26359724611670193;0,9861177044331481;-0,26883434980023396;2,168783604068073e-06
155;-1,534321531688196;-0,7428408689652863;1,5359871455568501;0,7439892539034557;0,0016656138686541588;0,0011483849381693778;0,10416428288289475;0,10416428288289474;0,10416428288289475;0,9448546301554707;-0,5510429856517602;0,945962949984684;-0,5407096539758947;1,0416428288289475e-05
156;-0,26104792469527943;-0,12703304116485342;0,26114255181370194;0,1270982803140452;9,462711842250782e-05;6,523914919176477e-05;0,01725020448539615;0,017250204485396152;0,017250204485396152;0,9716641526571634;-0,5614691141583813;0,9720444777034637;-0,5580648073889184;1,7250204485396153e-06
157;0,41943493350933675;0,20229987733964952;-0,4194062008128062;-0,20228006323617811;2,8732696530531232e-05;1,9814103471404998e-05;0,027364800944676287;0,027364800944676287;0,027364800944676287;0,9824890019834546;-0,18160598931740254;0,9824162393235396;-0,18226608129691932;2,7364800944676287e-06
158;0,5595051649452054;0,2707620022390505;-0,5592320385067738;-0,2705736712216801;0,00027312643843158124;0,00018833101737042446;0,03592555745219696;0,03592555745219695;0,03592555745219696;0,9989203551908377;-0,00951102974113792;0,9983934160037831;-0,014172970919612962;3,5925557452196958e-06
159;0,6055253542120943;0,293362206949577;-0,6051140562136831;-0,29307863076462576;0,0004112979984112197;0,0002835761849512286;0,03953378163803662;0,03953378163803663;0,03953378163803663;0,9826231143783569;-0,3039021059230261;0,9819019974524681;-0,31036806871787903;3,953378163803663e-06
160;0,1710330253864606;0,08302276989748306;-0,17100074719169012;-0,08300051516401612;3,227819477047422e-05;2,225473346693929e-05;0,011075024102837928;0,011075024102837927;0,011075024102837928;0,9911040806898369;-0,10268085297409907;0,9909020415015481;-0,10446685264219914;1,107502410283793e-06
161;0,167232425557927;0,08102235511176026;-0,16720000004932806;-0,08100000003360606;3,242550859894333e-05;2,235507815419313e-05;0,010875699370373429;0,010875699370373429;0,010875699370373429;0,9864809015272811;-0,26565718504377994;0,9862742471766236;-0,2675014913479386;1,0875699370373428e-06
162;-0,00010000000008997553;-4,726504625586917e-14;0,00010000002362337697;1,627241389957815e-11;2,3533401437422427e-11;1,622514885332228e-11;5,87413328280669e-06;5,87413328280669e-06;5,87413328280669e-06;0,9828688623715377;-0,17818079133493364;0,9828690936740254;-0,17817149501162347;5,87413328280669e-10
163;0,38938645180863757;0,1882417472100179;-0,3891241950105163;-0,18802035519475035;0,000262256798121252;0,00022139201526755192;0,025646252922614257;0,025646252922614257;0,025646252922614257;0,9736484133335696;-0,24264996308561299;0,972899968243083;-0,25394260152673415;2,5646252922614255e-06
164;-0,144999999999668;-0,07000000000014713;0,1450060321718637;0,07000415809942766;6,032172195691299e-06;4,158099280532346e-06;0,009419899841746484;0,009419899841746486;0,009419899841746486;0,9868530098779128;-0,2662730955372171;0,9868973842915386;-0,2658738169559987;9,419899841746486e-07
165;0,0;0,0;0,0;0,0;0,0;0,0;;;;;;;;
166;-0,40111830740809257;-0,19308156711979044;0,4014062008130303;0,1932800632369745;0,0002878934049377335;0,00019849611718406046;0,02618223544519772;0,02618223544519772;0,02618223544519772;0,9816543673727157;-0,18920914451559812;0,9824162393235396;-0,18226608129691932;2,618223544519772e-06
167;0,6179632279606265;0,29852620599842206;-0,6178877987751348;-0,2984742001030899;7,542918549174882e-05;5,2005895332163377e-05;0,041470129865211196;0,041470129865211196;0,041470129865211196;0,9554606214679056;-0,3971847496967563;0,9553345697266442;-0,3983551752660942;4,14701298652112e-06
168;-0,20210599242253355;-0,09800505867190236;0,20212024096847442;0,09801708906582648;1,4248545940870327e-05;1,2030393924125637e-05;0,013082572567951659;0,013082572567951653;0,013082572567951659;0,9912533200853935;-0,09770385287316191;0,9913330647916957;-0,09652856316507888;1,3082572567951657e-06
169;-0,20200000000185003;-0,0980000000006919;0,20200599242397993;0,09800505867211319;5,992422129896813e-06;5,058671421295791e-06;0,013077332040464325;0,013077332040464325;0,013077332040464325;0,9912197690631555;-0,09819781363334511;0,9912533200853935;-0,09770385287316191;1,3077332040464326e-06
170;0,5452116493695426;0,2641458999242886;-0,5450026559558433;-0,2640018313903671;0,0002089934136992877;0,0001440685339215153;0,035409888073550506;0,0354098880735505;0,035409888073550506;0,9877906021636523;-0,10862720638194528;0,9873815220438847;-0,11227273676928526;3,5409888073550506e-06
171;0,44821935925439416;0,2171512367513693;-0,44813525082631644;-0,21709325147523711;8,410842807771157e-05;5,798527613218307e-05;0,030039209808651914;0,03003920980865192;0,03003920980865192;0,9572493567329813;-0,4373320904396319;0,9570552849334129;-0,43911697399791694;3,0039209808651917e-06
172;-0,3771202409687732;-0,18301708906532907;0,37720172049805234;0,18308587373707286;8,147952927911595e-05;6,878467174378788e-05;0,024413166553833604;0,024413166553833607;0,024413166553833607;0,9913330647916957;-0,09652856316507888;0,9915774451231366;-0,09293354128257549;2,4413166553833605e-06
173;0,34825044243760983;0,16920708845005986;-0,34811045912855887;-0,16908890265241272;0,00013998330905096168;0,00011818579764713566;0,022700387622239977;0,022700387622239977;0,022700387622239977;0,9847376575902421;-0,286093753669987;0,9842860723360618;-0,29277469655350813;2,270038762223998e-06
174;0,06301433386686368;0,030009881984762798;-0,06300242336807622;-0,030001670285436474;1,1910498787459645e-05;8,211699326323568e-06;0,004290714480806156;0,0042907144808061555;0,004290714480806156;0,93915358539433;-0,6046344908002674;0,938961381871551;-0,6065170028273661;4,2907144808061565e-07
175;0,4282398005085054;0,20718342392424519;-0,42812288714983016;-0,20708472043401574;0,00011691335867525243;9,870349022944591e-05;0,028875338703569908;0,0288753387035699;0,028875338703569908;0,9511922029369517;-0,4365943350923654;0,950895826470006;-0,44116451211968283;2,887533870356991e-06
176;-0,34907275177096025;-0,16805015803415252;0,3491183074083151;0,16808156711927813;4,555563735486601e-05;3,1409085125611025e-05;0,022788815484887252;0,022788815484887256;0,022788815484887256;0,9815158591487108;-0,19047191108255832;0,9816543673727157;-0,18920914451559812;2,2788815484887256e-06
177;0,4911279113568028;0,23757082578118424;-0,49091073577987526;-0,23742107526306355;0,00021717557692751965;0,0001497505181206893;0,03154917962904004;0,03154917962904004;0,03154917962904004;0,9983934160037831;-0,014172970919612962;0,997916313111108;-0,01840067950507287;3,1549179629040038e-06
178;-0,18402192230980538;-0,09001511339944014;0,18404792469365172;0,09003304117161322;2,6002383846340793e-05;1,7927772173076395e-05;0,012174251608405235;0,012174251608405235;0,012174251608405235;0,9715160229746664;-0,5627775149305491;0,9716641526571634;-0,5614691141583813;1,2174251608405235e-06
179;0,24709560167872333;0,12006591085581016;-0,24702467986363927;-0,12001701531684873;7,092181508405737e-05;4,889553896142429e-05;0,01608435747399748;0,016084357473997477;0,01608435747399748;0,9861177044331481;-0,26883434980023396;0,9858120244954102;-0,2715428138944795;1,6084357473997482e-06
180;0,47581057286269207;0,23042096294558106;-0,4756115583392233;-0,2302837492937353;0,0001990145234687657;0,00013721365184576895;0,03058637546782176;0,030586375467821756;0,03058637546782176;0,997916313111108;-0,01840067950507287;0,9974653257162466;-0,022385780791589503;3,058637546782176e-06
181;-0,1680016145058269;-0,08200111312782832;0,168021922309931;0,08201511340131243;2,0307804104086058e-05;1,4000273484110481e-05;0,011111219636020804;0,0111112196360208;0,011111219636020804;0,9713892850230789;-0,5639033343137344;0,9715160229746664;-0,5627775149305491;1,1111219636020803e-06
182;0,0;0,0;0,0;0,0;0,0;0,0;;;;;;;;
183;0,0510013662960055;0,025000941888580503;-0,05100000000140357;-0,024999999991381663;1,3662946019288302e-06;9,418971988403579e-07;0,003365460613689525;0,0033654606136895244;0,003365460613689525;0,9744051986663659;-0,22478943605811808;0,9743770400504942;-0,2250359356269836;3,3654606136895245e-07
184;-0,4030000000002496;-0,19499999999936424;0,4031140562135471;0,195078630764687;0,0001140562132975198;7,863076532277358e-05;0,02633235637507907;0,026332356375079066;0,02633235637507907;0,981601798359037;-0,31306781681410734;0,9819019974524681;-0,31036806871787903;2,633235637507907e-06
185;0,12100645424571008;0,058004449093721905;-0,1210000000341086;-0,057999999807426414;6,4542116014754125e-06;4,449286295490906e-06;0,008086545294945471;0,008086545294945473;0,008086545294945473;0,9580716141805701;-0,42973659987985124;0,9580163296969911;-0,43025851464811726;8,086545294945474e-07
186;-0,06920220873435064;-0,03400186493157638;0,06920647097423349;0,034004804022329554;4,262239882854568e-06;2,939090753176221e-06;0,004547244880238291;0,00454724488023829;0,004547244880238291;0,9789705066300383;-0,1823357692503559;0,9790355330707115;-0,18177232505502083;4,5472448802382906e-07
187;-0,823480876660136;-0,3972625860888988;0,8253168883876828;0,39852842196713095;0,0018360117275467713;0,0012658358782321466;0,05620693038443617;0,05620693038443617;0,05620693038443617;0,93915358539433;-0,6046344908002674;0,9414172116866333;-0,5832319618106445;5,620693038443617e-06
188;0,5156856821584379;0,24956571383006668;-0,515399510497977;-0,24932413516703283;0,0002861716604608544;0,00024157866303384234;0,034777372247999205;0,034777372247999205;0,034777372247999205;0,9510901151558998;-0,43818599955772314;0,9504877849790351;-0,4474719166804277;3,4777372247999202e-06
189;0,4952305086703017;0,23915893103147964;-0,4951320584523917;-0,23909105269160977;9,845021790999553e-05;6,787833986987568e-05;0,03231286922828375;0,032312869228283754;0,032312869228283754;0,9826318216728424;-0,303946277345498;0,9824206783439409;-0,305854368284974;3,231286922828375e-06
190;0,35313525080396135;0,1710932516303364;-0,3530154417313624;-0,17101064439268363;0,00011980907259895313;8,260723765277089e-05;0,023671776213405896;0,023671776213405896;0,023671776213405896;0,9570552849334129;-0,43911697399791694;0,9567044658440245;-0,4423454264430256;2,3671776213405894e-06
191;0,4063391858286357;0,19624505498316805;-0,40626685963339726;-0,19618398403150852;7,232619523844797e-05;6,107095165952536e-05;0,027392509412823028;0,02739250941282303;0,02739250941282303;0,9510901151558998;-0,43818599955772314;0,9508968665562901;-0,441175394767795;2,7392509412823034e-06
192;-0,04120082782857524;-0,020000698970337273;0,04120220873416232;0,020001864937061374;1,3809055870797615e-06;1,1659667241009641e-06;0,0027011027328478474;0,002701102732847848;0,002701102732847848;0,9789330699337485;-0,18289352786960494;0,9789705066300383;-0,1823357692503559;2,7011027328478477e-07
193;-0,0411000000068973;-0,019999999998395808;0,041100827828299505;0,020000698970061716;8,278214022050534e-07;6,989716659078216e-07;0,002695798325561031;0,00269579832556103;0,002695798325561031;0,9789105779035666;-0,1832273136183283;0,9789330699337485;-0,18289352786960494;2,695798325561031e-07
194;0,2761104591285658;0,13408890265229495;-0,2760280793839358;-0,1340193597938545;8,237974462999009e-05;6,954285844046337e-05;0,01800454922138051;0,018004549221380506;0,01800454922138051;0,9842860723360618;-0,29277469655350813;0,9839510310072864;-0,29773584296511657;1,8004549221380508e-06
195;0,4195093574883884;0,20328223181326854;-0,4193792242832072;-0,20319250586380824;0,0001301332051812376;8,972594946030088e-05;0,026982562177041317;0,026982562177041314;0,026982562177041317;0,9974653257162466;-0,022385780791589503;0,9971310276824007;-0,025336329306150752;2,6982562177041317e-06
196;-0,4873212993063961;-0,23615257868377915;0,48744810879697087;0,23623999870563264;0,000126809490574753;8,742002185349595e-05;0,03242262811704249;0,03242262811704249;0,03242262811704249;0,9642957086227236;-0,6581417297727474;0,9645668020773115;-0,6556698169691592;3,2422628117042488e-06
197;0,0;0,0;0,0;0,0;0,0;0,0;;;;;;;;
198;-0,4090388047632712;-0,19802675595444427;0,4091863719749793;0,1981284987495715;0,0001475672117081106;0,00010174279512722983;0,026899470309516844;0,026899470309516848;0,026899470309516848;0,9754037480957951;-0,2140564809114591;0,9757839818537458;-0,21061928206990296;2,689947030951685e-06
199;-0,22300129190069723;-0,10800089011678082;0,22304842827367108;0,10803338672639907;4,713637297384943e-05;3,2496609618251626e-05;0,015041159907234581;0,015041159907234586;0,015041159907234586;0,9510868788491729;-0,43502814300016823;0,9513040890595786;-0,43301649919521196;1,5041159907234586e-06
200;0,4072790734206752;0,19719240183687167;-0,407138312699093;-0,1970953624045241;0,00014076072158220043;9,703943234756762e-05;0,026200576987728586;0,026200576987728583;0,026200576987728586;0,9971310276824007;-0,025336329306150752;0,9967586687303185;-0,028629666414086465;2,6200576987728585e-06
201;-0,05270025819032004;-0,02500017800968002;0,05270302366804881;0,025002084589687938;2,765477728775001e-06;1,9065800079196005e-06;0,003465428735510754;0,003465428735510753;0,003465428735510754;0,9717853992105394;-0,5896981013156056;0,9718406406789695;-0,5891703630945476;3,4654287355107537e-07
202;0,0;0,0;0,0;0,0;0,0;0,0;;;;;;;;
203;0,0;0,0;0,0;0,0;0,0;0,0;;;;;;;;
204;-0,00010000000023805299;-1,4202449194337838e-13;0,00010000000557268972;4,6459939910080095e-12;5,334636730839129e-12;4,503969499064631e-12;5,897886021417992e-06;5,897886021417994e-06;5,897886021417994e-06;0,9789105256822453;-0,18322989420261368;0,9789105779035666;-0,1832273136183283;5,897886021417994e-10
205;0,0;0,0;0,0;0,0;0,0;0,0;;;;;;;;
206;0,00020000004929702936;3,406688728364854e-11;-0,00020000001172055997;-8,160588585785067e-12;3,757646938832432e-11;2,5906298697863473e-11;1,17077052990213e-05;1,1707705299021302e-05;1,1707705299021302e-05;0,9862742471766236;-0,2675014913479386;0,9862740618731353;-0,26750891295356105;1,1707705299021302e-09
207;0,00010000001154157753;8,118394174365961e-12;-9,999999989299403e-05;-8,744065290101677e-14;1,1648583492099643e-11;8,030953521464944e-12;5,853852982085433e-06;5,853852982085433e-06;5,853852982085433e-06;0,9862740618731353;-0,26750891295356105;0,9862739469861878;-0,26751351435044657;5,853852982085433e-10
208;0,0;0,0;0,0;0,0;0,0;0,0;;;;;;;;
209;-0,27203810386841387;-0,13102627149389626;0,2721302023882496;0,13108976711948775;9,209851983571493e-05;6,349562559149202e-05;0,017637179032442656;0,017637179032442652;0,017637179032442656;0,9884221110194051;-0,10303265380225309;0,9887839263490151;-0,09976229479671588;1,7637179032442654e-06
210;-0,41608266815867506;-0,2010569926580151;0,4162864306983727;0,20119747174450103;0,00020376253969761615;0,00014047908648592844;0,02842372688198541;0,028423726881985415;0,028423726881985415;0,9386567730379665;-0,6093227605412765;0,93915358539433;-0,6046344908002674;2,8423726881985417e-06
211;0,3151516573566305;0,15210455399333384;-0,31507746470830644;-0,15205340531365757;7,419264832403405e-05;5,114867967626058e-05;0,021237856718400214;0,021237856718400207;0,021237856718400214;0,9513040890595786;-0,43301649919521196;0,9510620082440621;-0,43527910031528017;2,1237856718400213e-06
212;0,35026685959160275;0,16918398404610205;-0,35012617643181526;-0,1690869934913109;0,00014068315978749135;9,699055479114871e-05;0,023617825309847008;0,023617825309847004;0,023617825309847008;0,9508968665562901;-0,441175394767795;0,9504840706411684;-0,44502855607736336;2,3617825309847007e-06
213;0,3061228870756489;0,14808472059982442;-0,30605276389650055;-0,1480363774268934;7,012317914834032e-05;4,834317293100909e-05;0,02064719447293741;0,02064719447293741;0,02064719447293741;0,950895826470006;-0,44116451211968283;0,9506604457500026;-0,44335242491884186;2,064719447293741e-06
214;0,43839951049097725;0,21232413530627392;-0,43808497336487084;-0,21205858045640236;0,0003145371261064067;0,0002655548498715632;0,029588260670807005;0,029588260670807012;0,029588260670807012;0,9504877849790351;-0,4474719166804277;0,9497095651895789;-0,45946734459456623;2,9588260670807012e-06
215;0,11902467986347351;0,05801701531709818;-0,11901874432457767;-0,0580129235839019;5,935538895843195e-06;4,091733196279201e-06;0,007754816064674495;0,007754816064674495;0,007754816064674495;0,9858120244954102;-0,2715428138944795;0,9857589541886184;-0,2720090227072602;7,754816064674495e-07
216;-0,049000000001140666;-0,02399999999473;0,04900161450285413;0,024001113139550223;1,6145017134663875e-06;1,1131448202222893e-06;0,003243029649844286;0,003243029649844286;0,003243029649844286;0,9713547554003082;-0,5642073367045812;0,9713892850230789;-0,5639033343137344;3,243029649844286e-07
217;-0,27311620362449396;-0,1320111739767459;0,2732921002786852;0,13213244726560494;0,00017589665419126543;0,00012127328885905286;0,01771799613293209;0,017717996132932092;0,017717996132932092;0,9884722782364732;-0,10252589265472047;0,9891603051943995;-0,09636510029808414;1,7717996132932092e-06
218;-0,0006000004181192969;-2,895420196318853e-10;0,0006000005017183041;3,4718073324620805e-10;8,359900716559815e-11;5,763871361432274e-11;3,564680550484179e-05;3,5646805504841793e-05;3,5646805504841793e-05;0,9717852638101123;-0,5897036053988618;0,9717853992105394;-0,5896981013156056;3,5646805504841793e-09
219;-0,0005000001472690967;-1,0161485661748163e-10;0,0005000004181918805;2,8840703587333064e-10;2,709227838815567e-10;1,86792179255849e-10;2,970567539851717e-05;2,970567539851717e-05;2,970567539851717e-05;0,9717847372528731;-0,5897250101816848;0,9717852638101123;-0,5897036053988618;2,9705675398517173e-09
220;-0,00030000011633335856;-8,031503547253799e-11;0,0003000001441997124;9,952795248419392e-11;2,7866353864182403e-11;1,9212917011655932e-11;1,782340855653606e-05;1,782340855653606e-05;1,782340855653606e-05;0,9717846469859066;-0,5897286795753526;0,9717847372528731;-0,5897250101816848;1,782340855653606e-09
221;-0,0002000000019051483;-1,6026822427811385e-12;0,00020000011646686985;8,058914965124387e-11;1,1456172154585692e-10;7,898646740846273e-11;1,1882274682796857e-05;1,1882274682796859e-05;1,1882274682796859e-05;0,9717840903395413;-0,5897513075180182;0,9717846469859066;-0,5897286795753526;1,188227468279686e-09
222;-9,999999935655511e-05;2,0005837400105878e-14;0,00010000000167875221;1,5810712372884043e-12;2,3221970949904164e-12;1,6010770746885102e-12;5,941137384541664e-06;5,941137384541665e-06;5,941137384541665e-06;0,9717840677727997;-0,5897522248675936;0,9717840903395413;-0,5897513075180182;5,941137384541665e-10
223;0,0;0,0;0,0;0,0;0,0;0,0;;;;;;;;
224;0,2661689186101449;0,12904751523635566;-0,2661326594286938;-0,12902251574599813;3,625918145111484e-05;2,499949035753013e-05;0,01818463883023064;0,018184638830230637;0,01818463883023064;0,93915358539433;-0,6046344908002674;0,9390153710586663;-0,6059278954333696;1,818463883023064e-06
225;0,3935785729563372;0,19032994729022132;-0,3933106627104861;-0,19014523937429795;0,00026791024585109957;0,0001847079159233711;0,026420913800043997;0,026420913800044007;0,026420913800044007;0,9553345697266442;-0,3983551752660942;0,9546318104908121;-0,40486679171123363;2,642091380004401e-06
226;0,10301874432485379;0,05001292358373566;-0,10299999999998394;-0,04999999999996766;1,8744324869854334e-05;1,2923583767997238e-05;0,006707161828931282;0,006707161828931278;0,006707161828931282;0,9857589541886184;-0,2720090227072602;0,985565220547794;-0,2737303675954241;6,707161828931282e-07
227;0,0;0,0;0,0;0,0;0,0;0,0;;;;;;;;
228;0,01800082729799902;0,009000570372035891;-0,018000000005157647;-0,008999999973773378;8,272928413710634e-07;5,703982625133303e-07;0,0012103879312647399;0,0012103879312647399;0,0012103879312647399;0,9599835080178707;-0,4120596468878112;0,9599360448326074;-0,4124587924436372;1,2103879312647398e-07
229;0,348209404855595;0,16914437151713357;-0,3480952151154238;-0,16906564718654474;0,00011418974017118888;7,872433058883632e-05;0,023410828850525423;0,023410828850525416;0,023410828850525423;0,9546955073499043;-0,40425373107908547;0,9543573718678793;-0,407350934170244;2,3410828850525423e-06
230;-0,39140261638712803;-0,18920864025805542;0,39155530400488264;0,18933753511817553;0,00015268761775460993;0,00012889486012010454;0,026399191837197755;0,026399191837197765;0,026399191837197765;0,950768867307754;-0,44312752092672325;0,9511922029369517;-0,4365943350923654;2,6399191837197766e-06
231;-0,16400296510016973;-0,07900243210590839;0,1640193325970534;0,07901625027935791;1,6367496883662458e-05;1,3818173449517412e-05;0,010804039220094113;0,010804039220094113;0,010804039220094113;0,9727891222733624;-0,2556249721589471;0,972899968243083;-0,25394260152673415;1,0804039220094113e-06
232;0,0;0,0;0,0;0,0;0,0;0,0;;;;;;;;
233;0,3091358870301022;0,14909368027503692;-0,3090949989089125;-0,14906549357021676;4,08881211896861e-05;2,8186704820160058e-05;0,020353542166423697;0,020353542166423693;0,020353542166423697;0,9735557198351964;-0,5444221454990001;0,9734165188457228;-0,5456954303303467;2,03535421664237e-06
234;-0,3161402000415218;-0,15302771493298914;0,316181907602991;0,15305646652855512;4,170756146915089e-05;2,875159556597895e-05;0,020556483450361384;0,020556483450361387;0,020556483450361387;0,986464452629178;-0,2786186576727059;0,986605073049371;-0,27736150844914703;2,055648345036139e-06
235;0,3211556549136562;0,15510731814733084;-0,3210673626279778;-0,1550464435755361;8,829228567841518e-05;6,0874571794738985e-05;0,02115050831584575;0,02115050831584575;0,02115050831584575;0,9735557198351964;-0,5444221454990001;0,9732664256791503;-0,547060458057673;2,115050831584575e-06
236;0,24405276387541888;0,11803637756926248;-0,24402304102783462;-0,11801588466203616;2,972284758426258e-05;2,04929072263188e-05;0,016464209710979675;0,016464209710979675;0,016464209710979675;0,9506604457500026;-0,44335242491884186;0,950535326138287;-0,4445164919241362;1,6464209710979674e-06
237;0,0;0,0;0,0;0,0;0,0;0,0;;;;;;;;
238;0,36343495812533877;0,17523093214779947;-0,3633582817085704;-0,17517806632830388;7,667641676839532e-05;5,2865819495595545e-05;0,024139927621078257;0,02413992762107826;0,02413992762107826;0,964980199810869;-0,6519009363603904;0,9647601001445356;-0,6539347428858718;2,413992762107826e-06
239;-0,3651431194928006;-0,17702972664458927;0,3653212993031216;0,17715257870762038;0,00017817981032103303;0,00012285206303111473;0,024308825847795423;0,024308825847795423;0,024308825847795423;0,9637876195216766;-0,6627723385376272;0,9642957086227236;-0,6581417297727474;2,4308825847795424e-06
240;0,0;0,0;0,0;0,0;0,0;0,0;;;;;;;;
241;0,0;0,0;0,0;0,0;0,0;0,0;;;;;;;;
242;0,2651261764074997;0,12808699368351031;-0,2650349793216283;-0,12802411634933902;9,11970858714084e-05;6,287733417129071e-05;0,01788543422691383;0,01788543422691384;0,01788543422691384;0,9504840706411684;-0,44502855607736336;0,9501307027967377;-0,44832701378017753;1,788543422691384e-06
243;0,2710949989089222;0,13106549357308142;-0,27102154678995166;-0,13101485409762656;7,34521189705295e-05;5,063947545486114e-05;0,017859695664953365;0,01785969566495336;0,017859695664953365;0,9734165188457228;-0,5456954303303467;0,9731314903861963;-0,5482877004083831;1,7859695664953367e-06
244;0,21307746467252348;0,10305340554258437;-0,21302992283224606;-0,10302062917224195;4,754184027741526e-05;3,2776370342421646e-05;0,014368448772250362;0,014368448772250365;0,014368448772250365;0,9510620082440621;-0,43527910031528017;0,9508326924940098;-0,4374115682924512;1,4368448772250363e-06
245;-0,3312711331092838;-0,16011798699653929;0,33140261634794627;0,16020864028284007;0,00013148323866246647;9,065328630078473e-05;0,02235245646140355;0,022352456461403547;0,02235245646140355;0,9503611987473326;-0,4469256184096122;0,950768867307754;-0,44312752092672325;2,235245646140355e-06
246;0,31631066270686725;0,15314523944848063;-0,31613728697804344;-0,1530257073662305;0,00017337572882381025;0,0001195320822501289;0,021254325267887238;0,021254325267887238;0,021254325267887238;0,9546318104908121;-0,40486679171123363;0,9540664338314411;-0,4100924163073383;2,1254325267887237e-06
247;0,1820154416803759;0,08801064468629366;-0,18200532198769948;-0,08800366897580796;1,0119692676419101e-05;6,975710485704334e-06;0,01220093410858405;0,012200934108584052;0,012200934108584052;0,9567044658440245;-0,4423454264430256;0,9566469852694143;-0,44287677318648994;1,2200934108584052e-06
248;-0,25800248479477816;-0,12500171310640396;0,2580388047567482;0,12502675599238755;3,631996197001053e-05;2,5042885983594942e-05;0,016971974484890757;0,016971974484890757;0,016971974484890757;0,9752554134148561;-0,21539546954165548;0,9754037480957951;-0,2140564809114591;1,6971974484890756e-06
249;0,32135828170776987;0,15517806633518658;-0,32125325495331974;-0,15510565862484918;0,00010502675445012155;7,240771033739657e-05;0,021356095887443353;0,02135609588744336;0,02135609588744336;0,9647601001445356;-0,6539347428858718;0,9644192968144637;-0,6570721115997487;2,135609588744336e-06
250;0,0;0,0;0,0;0,0;0,0;0,0;;;;;;;;
251;-0,16010101548098238;-0,07800070006672104;0,16011620362426862;0,07801117397656317;1,5188143286243294e-05;1,0473909842129148e-05;0,010403072059132762;0,010403072059132762;0,010403072059132762;0,9883710425727475;-0,10341495725653159;0,9884722782364732;-0,10252589265472047;1,0403072059132762e-06
252;0,3160849732957643;0,15305858062290797;-0,31600000014231155;-0,15299999919558394;8,49731534527387e-05;5,858142732403926e-05;0,021349839575309015;0,02134983957530901;0,021349839575309015;0,9497095651895789;-0,45946734459456623;0,9494337075933688;-0,4620281370497699;2,1349839575309012e-06
253;0,3021118671986692;0,14607712965337125;-0,30204363493978287;-0,1460300857977232;6,82322588863582e-05;4,704385564804903e-05;0,019721074115934198;0,019721074115934194;0,019721074115934198;0,9824206783439409;-0,305854368284974;0,9821808904019914;-0,30801491266380776;1,97210741159342e-06
254;0,0;0,0;0,0;0,0;0,0;0,0;;;;;;;;
255;0,23604370759689944;0,1140301326613348;-0,23601667234912643;-0,11401149397826878;2,7035247773005144e-05;1,863868306602179e-05;0,01532329153994664;0,01532329153994664;0,01532329153994664;0,9877051386121558;-0,25862459847163405;0,9875828695621577;-0,259722559283583;1,532329153994664e-06
256;0,24406736262696668;0,11804644358128578;-0,2440163113708208;-0,11801124545119344;5,105125614587869e-05;3,519813009233985e-05;0,016082836458309553;0,016082836458309553;0,016082836458309553;0,9732664256791503;-0,547060458057673;0,9730464271232904;-0,549059762178459;1,6082836458309552e-06
257;-0,02900007651389329;-0,014000052688928441;0,029001291821068764;0,014000890562969796;1,2153071754748834e-06;8,378740413549773e-07;0,0019549221666336405;0,001954922166633641;0,001954922166633641;0,9510437984547808;-0,435430576806141;0,9510868788491729;-0,43502814300016823;1,954922166633641e-07
258;0,2260952150946314;0,11006564731998703;-0,2260140138908827;-0,11000966181152005;8,120120374871531e-05;5,598550846697137e-05;0,015212546772691342;0,01521254677269134;0,015212546772691342;0,9543573718678793;-0,407350934170244;0,9539872837491392;-0,4107234656784352;1,5212546772691343e-06
259;0,07701119374246813;0,03700771689972982;-0,07700000007671187;-0,036999999527686685;1,1193665756262239e-05;7,717372043136717e-06;0,005252583425691653;0,005252583425691652;0,005252583425691653;0,93915358539433;-0,6046344908002674;0,939005946427235;-0,6060479937964939;5,252583425691653e-07
260;0,0;0,0;0,0;0,0;0,0;0,0;;;;;;;;
261;0,0;0,0;0,0;0,0;0,0;0,0;;;;;;;;
262;0,11900433688271295;0,05800298941191924;-0,11900000011099822;-0,057999999353172;4,336771714727461e-06;2,9900587472375673e-06;0,00811901488586296;0,00811901488586296;0,00811901488586296;0,9414172116866333;-0,5832319618106445;0,9413801742424958;-0,5835728925642851;8,11901488586296e-07
263;0,1541486355266886;0,07403353126701673;-0,1541310438622965;-0,07402140351005848;1,7591664392080375e-05;1,212775695824675e-05;0,010341504261484294;0,010341504261484292;0,010341504261484294;0,9546955073499043;-0,40425373107908547;0,9545776643314763;-0,4053650037305788;1,0341504261484293e-06
264;0,050002423358399016;0,024001670361030424;-0,05000000005018945;-0,023999999691526108;2,423308209563435e-06;1,6706695043153252e-06;0,003410417706092147;0,0034104177060921468;0,003410417706092147;0,938961381871551;-0,6065170028273661;0,9389121587046652;-0,6069896138245631;3,4104177060921474e-07
265;0,1540310438634957;0,07402140350903018;-0,15400761517136308;-0,07400525021103449;2,3428692132621e-05;1,6153297995688543e-05;0,010336052508230675;0,010336052508230675;0,010336052508230675;0,9545776643314763;-0,4053650037305788;0,9544206282071377;-0,40684426809464125;1,0336052508230676e-06
266;-0,2240355175288685;-0,1080244867461608;0,22420922583391303;0,10814425280052802;0,00017370830504453982;0,00011976605436721244;0,0150437792950625;0,015043779295062502;0,015043779295062502;0,9545344332617544;-0,4058206562179959;0,9553345697266442;-0,3983551752660942;1,5043779295062502e-06
267;-0,14400378460271623;-0,07000260835231928;0,1440250456851559;0,07001726715608071;2,126108243966085e-05;1,4658803761433137e-05;0,00984630693848395;0,009846306938483946;0,00984630693848395;0,9388656708987969;-0,6073190712110617;0,9390153710586663;-0,6059278954333696;9,846306938483949e-07
268;-0,19410000000793903;-0,09400000000535887;0,19414020004181054;0,0940277149329572;4,0200033871506946e-05;2,771492759832961e-05;0,012625019524848582;0,012625019524848582;0,012625019524848582;0,9862437537957965;-0,280590044289881;0,986464452629178;-0,2786186576727059;1,2625019524848583e-06
269;0,1940280793839944;0,09401935979393744;-0,19400000000003764;-0,09399999999980035;2,8079383956769455e-05;1,9359794137085995e-05;0,012651134658359334;0,012651134658359334;0,012651134658359334;0,9839510310072864;-0,29773584296511657;0,9837971860061449;-0,29911197167886533;1,2651134658359334e-06
270;-0,06000160330583383;-0,029001105499121972;0,060004777169341626;0,02900329369638068;3,1738635077951938e-06;2,1881972587095566e-06;0,0038929128075874233;0,003892912807587424;0,003892912807587424;0,9883656082546148;-0,10353897874581706;0,9884221110194051;-0,10303265380225309;3,892912807587424e-07
271;0,04200296509495304;0,020002432126157293;-0,04200045978139399;-0,020000316995630166;2,50531355905359e-06;2,115130527127751e-06;0,002761112161060565;0,0027611121610605655;0,0027611121610605655;0,9727891222733624;-0,2556249721589471;0,9727228097044819;-0,256650307963889;2,7611121610605654e-07
272;0,24604363493981665;0,11903008579793262;-0,24601136531752002;-0,11900783702786827;3,226962229663233e-05;2,224877006434811e-05;0,016066621532442503;0,016066621532442503;0,016066621532442503;0,9821808904019914;-0,30801491266380776;0,9820416864151;-0,309267612180752;1,6066621532442505e-06
273;0,0;0,0;0,0;0,0;0,0;0,0;;;;;;;;
274;0,1220230409771002;0,05901588495086747;-0,12200000005233196;-0,05899999970646806;2,3040924768250037e-05;1,5885244399410636e-05;0,008232944842473104;0,008232944842473102;0,008232944842473104;0,950535326138287;-0,4445164919241362;0,9503413648368332;-0,4463212144498931;8,232944842473105e-07
275;0,18679689094649593;0,09006680524783248;-0,18676082134198538;-0,09004193353926203;3,606960451055241e-05;2,487170857044807e-05;0,012011835388891293;0,012011835388891294;0,012011835388891294;0,9967586687303185;-0,028629666414086465;0,996550584549565;-0,030491658730957227;1,2011835388891295e-06
276;0,07700572279467748;0,03700394565884305;-0,07700000000293865;-0,036999999985742674;5,722791738826949e-06;3,945673100379243e-06;0,005108397161862954;0,005108397161862955;0,005108397161862955;0,9655873250894059;-0,6463429556119991;0,9655097131574307;-0,6470657565031439;5,108397161862955e-07
277;0,24425325495157205;0,11810565863991881;-0,2441982921299602;-0,11806776634476007;5,496282161185362e-05;3,789229515874237e-05;0,016241934604654392;0,016241934604654392;0,016241934604654392;0,9644192968144637;-0,6570721115997487;0,964184769965163;-0,6592240083521945;1,6241934604654394e-06
278;0,2440982921305975;0,11806776634373431;-0,24402602187508102;-0,11801794115115898;7,227025551648225e-05;4,982519257533402e-05;0,01623654389153012;0,016236543891530116;0,01623654389153012;0,964184769965163;-0,6592240083521945;0,9638762828490564;-0,662053277493753;1,623654389153012e-06
279;-0,1730087865883721;-0,08400605654077001;0,17304716781848403;0,08403251766461606;3,8381230111933506e-05;2,6461123846049928e-05;0,011832410839526986;0,011832410839526988;0,011832410839526988;0,9384319087377422;-0,6114192087977465;0,9386567730379665;-0,6093227605412765;1,1832410839526988e-06
280;0,16003497928096969;0,07702411660141173;-0,16000177381815353;-0,07700122254770539;3,3205462816154885e-05;2,2894053706340456e-05;0,010792294228040207;0,010792294228040207;0,010792294228040207;0,9501307027967377;-0,44832701378017753;0,9499175248769454;-0,45033679695939033;1,0792294228040208e-06
281;0,1816607983945582;0,08804191771771142;-0,18164069963393187;-0,08802806032395168;2,0098760626335865e-05;1,3857393759739156e-05;0,011695387645974605;0,011695387645974605;0,011695387645974605;0,996550584549565;-0,030491658730957227;0,9964314646079582;-0,03154317902571475;1,1695387645974606e-06
282;0,17924042636842533;0,0870278709440405;-0,1792243586110219;-0,08701679414137398;1,6067757403426253e-05;1,1076802666529217e-05;0,011541173478640235;0,011541173478640235;0,011541173478640235;0,9967586687303185;-0,028629666414086465;0,9966621593187106;-0,029476995163815925;1,1541173478640236e-06
283;0,1150298681004649;0,0560205916969355;-0,1150040566510782;-0,05600279619187954;2,5811449386695107e-05;1,7795505055956395e-05;0,007768943407645307;0,007768943407645307;0,007768943407645307;0,9508326924940098;-0,4374115682924512;0,9506023349277328;-0,43951573067240685;7,768943407645306e-07
284;0,3825641322348795;0,18418210640399624;-0,382483095402877;-0,1841262342243392;8,103683200250122e-05;5,5872179657023846e-05;0,024816828891285184;0,024816828891285184;0,024816828891285184;0,9877906021636523;-0,10862720638194528;0,9875643511015284;-0,11067733682590607;2,481682889128518e-06
285;0,17403385313163505;0,08502553909464014;-0,17401967398748458;-0,08501356585404417;1,417914415047239e-05;1,1973240595972157e-05;0,011377804443270722;0,011377804443270724;0,011377804443270724;0,9828690936740254;-0,17817149501162347;0,9827777764585406;-0,1795127365767842;1,1377804443270724e-06
286;-0,24310000002370424;-0,11799999995532204;0,2431431194882969;0,11802972666992366;4,311946459265026e-05;2,9726714601621684e-05;0,016190748605355448;0,016190748605355444;0,016190748605355448;0,963603003941025;-0,6644499472955665;0,9637876195216766;-0,6627723385376272;1,6190748605355448e-06
287;0,0;0,0;0,0;0,0;0,0;0,0;;;;;;;;
288;0,17203233906675025;0,08202229463866514;-0,17201039402465873;-0,08200716617039579;2,194504209152015e-05;1,5128468269356987e-05;0,011148959764567997;0,011148959764567997;0,011148959764567997;0,9869487006178937;-0,11632663561415553;0,9868124045383067;-0,11759284147926857;1,1148959764567997e-06
289;0,17002019125459109;0,08201392303849406;-0,1700103410548078;-0,0820071297972642;9,850199783278946e-06;6,793241229860469e-06;0,0110935100085118;0,011093510008511798;0,0110935100085118;0,9824206783439409;-0,305854368284974;0,9823591447215357;-0,30641257311801223;1,10935100085118e-06
290;0,02100045978024107;0,010000316998754375;-0,02100000000061936;-0,00999999999611506;4,5977962170873354e-07;3,1700263931552786e-07;0,0013805724446283257;0,001380572444628326;0,001380572444628326;0,9727228097044819;-0,256650307963889;0,9726997500636717;-0,25686839311115367;1,380572444628326e-07
291;-0,22616642634712372;-0,1090457978687924;0,22627113307527202;0,10911798723988732;0,00010470672814830162;7,218937109491896e-05;0,015261028487572532;0,015261028487572532;0,015261028487572532;0,9498857712036445;-0,45138490365722655;0,9503611987473326;-0,4469256184096122;1,5261028487572532e-06
292;-0,22601028443496832;-0,10900708988790746;0,22606642635618784;0,10904579786095077;5,614192121952688e-05;3,870797304331153e-05;0,01525555376427486;0,015255553764274858;0,01525555376427486;0,9496307571530247;-0,45377619575207273;0,9498857712036445;-0,45138490365722655;1,525555376427486e-06
293;0,14902154678721324;0,07201485410717454;-0,14900780061233826;-0,07200537757752587;1,374617487498453e-05;9,47652964866652e-06;0,009819561375076743;0,009819561375076743;0,009819561375076743;0,9731314903861963;-0,5482877004083831;0,973034476782542;-0,5491710166956145;9,819561375076742e-07
294;0,09500405664303448;0,046002796239622765;-0,09500000004111667;-0,045999999773619855;4,056601917809544e-06;2,796466002909226e-06;0,00641095339103078;0,00641095339103078;0,00641095339103078;0,9506023349277328;-0,43951573067240685;0,9505584787909014;-0,4399223035794853;6,41095339103078e-07
295;-0,2431465012183389;-0,11803205801841057;0,24319171379556961;0,11806322773242343;4,521257723072436e-05;3,1169714012860283e-05;0,0165790591691737;0,0165790591691737;0,0165790591691737;0,9412281674485361;-0,5849902624082343;0,9414172116866333;-0,5832319618106445;1,65790591691737e-06
296;-0,24300282674820842;-0,11800194733952092;0,24304650122875737;0,11803205800969561;4,3674480548955286e-05;3,0110670174693377e-05;0,01657354119081445;0,01657354119081445;0,01657354119081445;0,9410454878639753;-0,5866884388736353;0,9412281674485361;-0,5849902624082343;1,6573541190814453e-06
297;0,15501667234939454;0,07501149397753973;-0,15500000000015618;-0,07499999999976827;1,667234923835581e-05;1,1493977771462327e-05;0,010067662522782376;0,010067662522782376;0,010067662522782376;0,9875828695621577;-0,259722559283583;0,9874680945562003;-0,26074881777583664;1,0067662522782376e-06
298;0,15402013120625893;0,07401621142362715;-0,1540050692582692;-0,07400349480243709;1,5061947989725155e-05;1,2716621190053679e-05;0,009910247981795545;0,009910247981795543;0,009910247981795545;0,9955217231089775;-0,03925326582662243;0,9954105451491777;-0,0409090829112072;9,910247981795546e-07
299;0,1522972287917315;0,07406703448498168;-0,152217659813006;-0,074012174340963;7,956897872549162e-05;5,486014401868966e-05;0,009902656486820722;0,00990265648682072;0,009902656486820722;0,9873702664255551;-0,2577475380493918;0,9868131958448081;-0,2626679576107053;9,902656486820722e-07
300;-0,03410008106381389;-0,017000055917717756;0,03410101548151094;0,01700070006696207;9,344176970516038e-07;6,441492443123864e-07;0,002225810413646723;0,0022258104136467236;0,0022258104136467236;0,9883418962278683;-0,10365491188822652;0,9883710425727475;-0,10341495725653159;2,2258104136467234e-07
301;0,2021811459944729;0,09805594396402739;-0,20217560700189444;-0,09805212675492135;5,538992578463242e-06;3,8172091060412194e-06;0,012973329557508208;0,012973329557508208;0,012973329557508208;1,0;0,0;0,9999704077091732;-0,00025945199633370104;1,2973329557508209e-06
302;0,2020756070021373;0,09805212675466503;-0,2019999999999538;-0,0979999999999233;7,560700218350869e-05;5,212675474172701e-05;0,012968134847683669;0,012968134847683667;0,012968134847683669;0,9999704077091732;-0,00025945199633370104;0,9995662597006932;-0,003804471746170219;1,296813484768367e-06
303;-0,138000300411651;-0,06700020716525684;0,13802023760901425;0,06701395321113864;1,9937197363234516e-05;1,37460458817934e-05;0,008969771980119869;0,008969771980119867;0,008969771980119869;0,9874102660686911;-0,11204337824187008;0,9875643511015284;-0,11067733682590607;8,969771980119869e-07
304;0,14921432809441507;0,07201202357024046;-0,14920046682428603;-0,07200032190759363;1,3861270129034153e-05;1,1701662646829147e-05;0,009732400855440727;0,009732400855440727;0,009732400855440727;0,9828690936740254;-0,17817149501162347;0,9827648672387361;-0,17973265221075066;9,732400855440729e-07
305;0,0;0,0;0,0;0,0;0,0;0,0;;;;;;;;
306;0,0;0,0;0,0;0,0;0,0;0,0;;;;;;;;
307;-0,0770000000337118;-0,03699999981072878;0,07700177378339379;0,037001222751686005;1,7737496819936194e-06;1,2229409572239724e-06;0,005192377054888714;0,005192377054888714;0,005192377054888714;0,9498938585413069;-0,45056083778431555;0,9499175248769454;-0,45033679695939033;5,192377054888714e-07
308;-0,122000000125192;-0,05899999924310209;0,12200761375027716;0,05900524858242208;7,613625085153841e-06;5,2493393199876115e-06;0,008332808967614146;0,008332808967614147;0,008332808967614147;0,9389520461552449;-0,6065244161886235;0,9390153710586663;-0,6059278954333696;8,332808967614148e-07
309;0,25410871786062983;0,1220804274170221;-0,25406821150676495;-0,12205250258216072;4,0506353864877553e-05;2,792483486138697e-05;0,016856318662462875;0,016856318662462882;0,016856318662462882;0,9655873250894059;-0,6463429556119991;0,9654208505872509;-0,6478938781962146;1,6856318662462881e-06
310;0,1420196739876486;0,06901356585367271;-0,14200608810534945;-0,0690041979709322;1,3585882299133045e-05;9,36788274051581e-06;0,009276125410037375;0,009276125410037375;0,009276125410037375;0,9827777764585406;-0,1795127365767842;0,9826762378808759;-0,18041553074456385;9,276125410037375e-07
311;0,06000532195019041;0,02900366918839453;-0,06000000001899383;-0,02899999989520289;5,321931196580754e-06;3,669293191638917e-06;0,0040222557613001884;0,004022255761300188;0,0040222557613001884;0,9566469852694143;-0,44287677318648994;0,9565552873805533;-0,44372589222988346;4,022255761300189e-07
312;0,13901034105459514;0,06700712979793969;-0,13900005823606626;-0,06700004015607901;1,0282818528883908e-05;7,089641860677509e-06;0,009069507580538547;0,009069507580538545;0,009069507580538547;0,9823591447215357;-0,30641257311801223;0,982280582127487;-0,3071260328594369;9,069507580538547e-07
313;0,0;0,0;0,0;0,0;0,0;0,0;;;;;;;;
314;0,13211770805391115;0,06401220839184898;-0,1321000001168683;-0,06399999936275237;1,7707937042865662e-05;1,2209029096613144e-05;0,008985963884587314;0,008985963884587314;0,008985963884587314;0,9432461868021392;-0,5660685145839909;0,9431095947022249;-0,567343419408956;8,985963884587314e-07
315;0,122007800612312;0,05900537757998325;-0,1220000000023583;-0,05899999998963466;7,80060995370091e-06;5,377590348583372e-06;0,008041491690429307;0,008041491690429304;0,008041491690429307;0,973034476782542;-0,5491710166956145;0,9729672483594635;-0,5497819319858502;8,041491690429307e-07
316;0,1311175785903263;0,06401211834165782;-0,1311023953251243;-0,06400165074284037;1,5183265202001195e-05;1,0467598817454071e-05;0,008536617776510186;0,008536617776510186;0,008536617776510186;0,9868131958448081;-0,2626679576107053;0,986689859443646;-0,26374614941573027;8,536617776510186e-07
317;0,1310023953244706;0,06400165074324012;-0,13099999999968173;-0,06399999999981226;2,3953247888786056e-06;1,6507434278528743e-06;0,008531359900865215;0,008531359900865215;0,008531359900865215;0,986689859443646;-0,26374614941573027;0,9866703908303717;-0,2639158113388306;8,531359900865214e-07
318;0,15203332669896705;0,07302297779748501;-0,1520104467120298;-0,07300720231145473;2,2879986937257568e-05;1,5775486030281116e-05;0,00985170154435724;0,009851701544357237;0,00985170154435724;0,9884221110194051;-0,10303265380225309;0,988261216887179;-0,10449846544806161;9,851701544357242e-07
319;0,12912253609547447;0,06301553773642199;-0,12910764780591155;-0,06300527346197318;1,4888289562919876e-05;1,0264274448806843e-05;0,00832307843698891;0,008323078436988911;0,008323078436988911;0,9966621593187106;-0,029476995163815925;0,9965381187066739;-0,0305516698898343;8,323078436988912e-07
320;0,12843701004809685;0,06202551641180723;-0,1284257020574004;-0,06201772027036859;1,1307990696457493e-05;7,796141438642934e-06;0,008264220512561118;0,008264220512561118;0,008264220512561118;0,9964314646079582;-0,03154317902571475;0,9963366412404956;-0,03238799613778512;8,264220512561117e-07
321;-0,01900000000018902;-0,00899999999993283;0,019000327185842436;0,009000225598441955;3,271856534176054e-07;2,255985091237367e-07;0,0012276009404486392;0,001227600940448639;0,0012276009404486392;0,988765477783694;-0,09993621415981564;0,9887839263490151;-0,09976229479671588;1,227600940448639e-07
322;0,12602331164173683;0,06101607259478559;-0,12599999999981978;-0,06099999999899052;2,3311641917045378e-05;1,607259579507192e-05;0,008150929269863966;0,008150929269863966;0,008150929269863966;0,9917765993907937;-0,0702192351207292;0,9915783695063798;-0,0719822750010559;8,150929269863965e-07
323;0,1260125757782984;0,06101061725528148;-0,12600000000000047;-0,06099999999983324;1,2575778297940765e-05;1,061725544823644e-05;0,008208084249548345;0,008208084249548345;0,008208084249548345;0,9847859168557069;-0,14953752266361903;0,9846737569547804;-0,15120574794043154;8,208084249548345e-07
324;0,12601136531706922;0,0610078370281023;-0,1259999999997823;-0,06099999999958684;1,136531728693213e-05;7,837028515457478e-06;0,008230885751302087;0,008230885751302085;0,008230885751302087;0,9820416864151;-0,309267612180752;0,9819459775769592;-0,3101276265028492;8,230885751302086e-07
325;0,0;0,0;0,0;0,0;0,0;0,0;;;;;;;;
326;0,07700761515595464;0,03700525029650052;-0,07700000001656608;-0,03699999991311909;7,615139388558734e-06;5,25038338142908e-06;0,005168302638626093;0,005168302638626094;0,005168302638626094;0,9544206282071377;-0,40684426809464125;0,9543185494742684;-0,4078060510019624;5,168302638626094e-07
327;0,2320682115079924;0,11205250259047508;-0,2320328267588615;-0,11202263290292845;3,538474913089562e-05;2,986968754663255e-05;0,015411470364211187;0,015411470364211186;0,015411470364211187;0,9654208505872509;-0,6478938781962146;0,9652528238115696;-0,6504539481544928;1,5411470364211186e-06
328;-0,14700449716895705;-0,07100310034462938;0,14703551751816604;0,07102448682689536;3,1020349208987774e-05;2,1386482265975393e-05;0,009876652669441328;0,009876652669441328;0,009876652669441328;0,9543167755551953;-0,4078439415673905;0,9545344332617544;-0,4058206562179959;9,876652669441329e-07
329;0,12201037196882118;0,05900715047261223;-0,12199999999983836;-0,05899999999974062;1,0371968982819668e-05;7,150472871607361e-06;0,007940737769767423;0,007940737769767421;0,007940737769767423;0,9854030065294757;-0,3035360279375956;0,9853124822549956;-0,30434839441621186;7,940737769767423e-07
330;0,11500746745834824;0,05600514911870374;-0,11499999999995755;-0,05599999999966783;7,4674583906836345e-06;5,149119035909033e-06;0,007411068504823803;0,0074110685048238015;0,007411068504823803;0,9965381187066739;-0,0305516698898343;0,9964682539058056;-0,031160868981767696;7,411068504823803e-07
331;0,12201631136869986;0,05901124546129751;-0,12200000000224553;-0,05899999998967037;1,631136645433018e-05;1,1245471627140124e-05;0,008041999121395225;0,008041999121395225;0,008041999121395225;0,9730464271232904;-0,549059762178459;0,9729058564458166;-0,5503373902008646;8,041999121395225e-07
332;-0,05800000005979979;-0,027999999637887123;0,058003784513082635;0,028002608891586928;3,784453282841549e-06;2,6092536998048588e-06;0,003960827383034205;0,003960827383034204;0,003960827383034205;0,9387994575535843;-0,6079457448283758;0,9388656708987969;-0,6073190712110617;3,960827383034205e-07
333;0,10932540911347738;0,053017518295112594;-0,10931584217252874;-0,05301092271247507;9,566940948640967e-06;6,595582637526631e-06;0,007040753562601951;0,007040753562601952;0,007040753562601952;0,9963366412404956;-0,03238799613778512;0,9962424539979475;-0,033218037593475504;7,040753562601952e-07
334;0,0;0,0;0,0;0,0;0,0;0,0;;;;;;;;
335;0,0;0,0;0,0;0,0;0,0;0,0;;;;;;;;
336;-0,21923495072716853;-0,10502409547824243;0,21936134490425332;0,10511123793574678;0,00012639417708479317;8,714245750435223e-05;0,014220555972285177;0,01422055597228518;0,01422055597228518;0,9869487006178937;-0,11632663561415553;0,9875643511015284;-0,11067733682590607;1,4220555972285181e-06
337;0,10310486240915635;0,050004104933052324;-0,1031000000144348;-0,04999999998983378;4,862394721555363e-06;4,104943218542767e-06;0,00680018091668629;0,006800180916686289;0,00680018091668629;0,972899968243083;-0,25394260152673415;0,9728476150911127;-0,2547284900219909;6,80018091668629e-07
338;0,10100466365694963;0,049003215865611356;-0,10100000000020423;-0,048999999999569735;4,66365674539615e-06;3,215866041621218e-06;0,006587791884339697;0,006587791884339695;0,006587791884339697;0,983877212768615;-0,2927071915623737;0,9838281379084957;-0,2931449277131737;6,587791884339696e-07
339;0,10100071524195815;0,04900049335941659;-0,10100000000042197;-0,04899999999937887;7,152415361783016e-07;4,933600377260428e-07;0,006595921176456639;0,006595921176456638;0,006595921176456639;0,9826231143783569;-0,3039021059230261;0,9826155966871161;-0,30396931509743197;6,595921176456639e-07
340;0,0;0,0;0,0;0,0;0,0;0,0;;;;;;;;
341;0,09921576713353814;0,04801087097384677;-0,09920749002034095;-0,04800516439269839;8,277113197188712e-06;5,706581148380574e-06;0,006387651838747216;0,006387651838747216;0,006387651838747216;0,9962424539979475;-0,033218037593475504;0,9961526442597428;-0,034014157191431714;6,387651838747215e-07
342;0,005100058255543913;0,002000040160846016;-0,005100041117004181;-0,002000028344954661;1,7138539731495483e-08;1,181589135519287e-08;0,0003283132011689239;0,0003283132011689239;0,0003283132011689239;0,9633619448563696;-0,3221707896012366;0,9633583804170427;-0,3222203977210813;3,2831320116892394e-08
343;0,10401401386629679;0,05100966195106255;-0,10400000002417273;-0,050999999876602184;1,4013842124058207e-05;9,662074460368986e-06;0,0070111235171638284;0,007011123517163827;0,0070111235171638284;0,9539872837491392;-0,4107234656784352;0,9538486384679863;-0,4119623374662063;7,011123517163828e-07
344;0,0;0,0;0,0;0,0;0,0;0,0;;;;;;;;
345;-0,07700000007968838;-0,03699999950874906;0,07700878648799395;0,03700605715704124;8,786408305566651e-06;6,05764829218064e-06;0,005256445072232835;0,005256445072232836;0,005256445072232836;0,938316105796543;-0,6125287306146097;0,9384319087377422;-0,6114192087977465;5,256445072232836e-07
346;0,0;0,0;0,0;0,0;0,0;0,0;;;;;;;;
347;0,02100123087273584;0,010000848617575865;-0,020999999999962875;-0,0099999999999821;1,2308727729663793e-06;8,486175937655327e-07;0,0013598983626888178;0,0013598983626888176;0,0013598983626888178;0,9875500513111715;-0,11081214037496076;0,9874873804843471;-0,11139588925589576;1,3598983626888177e-07
348;0,02110151289014077;0,010001043077453546;-0,021101230872969196;-0,010000848617556101;2,82017171573945e-07;1,9445989744501513e-07;0,0013651790343240614;0,0013651790343240614;0,0013651790343240614;0,9875643511015284;-0,11067733682590607;0,9875500513111715;-0,11081214037496076;1,3651790343240616e-07
349;-0,1940000000077965;-0,09399999996282953;0,194032826756242;0,09402263290567026;3,282674844551359e-05;2,2632942840730697e-05;0,012896544558796168;0,012896544558796168;0,012896544558796168;0,9650763907656282;-0,6520626955938641;0,9652528238115696;-0,6504539481544928;1,2896544558796168e-06
350;-0,08100000000402882;-0,03899999997920712;0,08100248478599138;0,03900171315309103;2,484781962561189e-06;1,7131738839146204e-06;0,005322244616975218;0,005322244616975217;0,005322244616975218;0,9752230651102658;-0,21569222226046325;0,9752554134148561;-0,21539546954165548;5,322244616975218e-07
351;0,08601039402466584;0,04100716617090262;-0,08600000000006343;-0,04100000000001152;1,0394024602414231e-05;7,166170891102774e-06;0,005574844561612806;0,0055748445616128055;0,005574844561612806;0,9868124045383067;-0,11759284147926857;0,9866832996739616;-0,11879285769539148;5,574844561612807e-07
352;0,04200160330637689;0,020001105499255576;-0,04200000000014227;-0,02000000000000026;1,6033062346168525e-06;1,1054992553154175e-06;0,0027174923301772594;0,002717492330177259;0,0027174923301772594;0,9883656082546148;-0,10353897874581706;0,9883247558715494;-0,103919298023639;2,7174923301772597e-07
353;0,0;0,0;0,0;0,0;0,0;0,0;;;;;;;;
354;-0,00010000000085191768;-9,39461629056811e-13;0,00010000000205517833;1,7686914007623744e-12;1,2032606492131184e-12;8,292297717055633e-13;6,0466651106049026e-06;6,0466651106049026e-06;6,0466651106049026e-06;0,9548242933044084;-0,4031938176232099;0,9548243047934335;-0,40319334250956446;6,046665110604902e-10
355;0,08100910086366953;0,03900627439867225;-0,0810000000073521;-0,038999999959241326;9,100856317431627e-06;6,2744394309227625e-06;0,005349677095245423;0,005349677095245423;0,005349677095245423;0,9703401138698622;-0,2887681179756021;0,970222242557216;-0,2898547497777177;5,349677095245423e-07
356;0,08100608810469664;0,03900419797102984;-0,08099999999995326;-0,038999999999726656;6,08810474338195e-06;4,197971303181169e-06;0,005282306982123269;0,0052823069821232695;0,0052823069821232695;0,9826762378808759;-0,18041553074456385;0,9825963781546067;-0,18114283163370332;5,28230698212327e-07
357;0,08100506925805233;0,0390034948021637;-0,0810000000000453;-0,03899999999989429;5,069258007028843e-06;3,4948022694103464e-06;0,0052146593846403915;0,005214659384640394;0,005214659384640394;0,9954105451491777;-0,0409090829112072;0,995343190435828;-0,04151431225590824;5,214659384640394e-07
358;0,07900083160367102;0,03800070221626066;-0,07900000000249326;-0,03799999999334831;8,316011777670385e-07;7,022229123465618e-07;0,005208005960581205;0,0052080059605812065;0,0052080059605812065;0,9718406406789695;-0,5891703630945476;0,9718289583716464;-0,5893483600817437;5,208005960581206e-07
359;0,0;0,0;0,0;0,0;0,0;0,0;;;;;;;;
360;0,055002649210644315;0,027001826529965058;-0,055000000001992316;-0,026999999989389678;2,649208651998858e-06;1,8265405753795094e-06;0,0036636798153837306;0,00366367981538373;0,0036636798153837306;0,9655873250894059;-0,6463429556119991;0,9655371646922182;-0,6467844962901615;3,663679815383731e-07
361;-0,1210000001209748;-0,05799999923408551;0,12103550024660764;0,05802447573335544;3,5500125632845214e-05;2,4476499269926455e-05;0,008255948003918004;0,008255948003918004;0,008255948003918004;0,9383589177075711;-0,6121942726750015;0,9386567730379665;-0,6093227605412765;8,255948003918003e-07
362;0,0;0,0;0,0;0,0;0,0;0,0;;;;;;;;
363;-0,00010000000002140212;-9,492678631066215e-14;0,00010000001261764943;8,779617139711193e-12;1,2596247314514489e-11;8,68469035340053e-12;5,991578893759822e-06;5,991578893759823e-06;5,991578893759823e-06;0,9636028825632194;-0,664454923255968;0,963603003941025;-0,6644499472955665;5,991578893759823e-10
364;0,0;0,0;0,0;0,0;0,0;0,0;;;;;;;;
365;0,07100694622298304;0,034004789187796335;-0,071000000000067;-0,03399999999990349;6,946222916040523e-06;4,789187892845215e-06;0,004595252847659707;0,004595252847659707;0,004595252847659707;0,9891603051943995;-0,09636510029808414;0,9890556036619569;-0,09732526705505207;4,595252847659707e-07
366;0,12213728693988678;0,05902570758651914;-0,12212103118063175;-0,059014499785336454;1,6255759255026647e-05;1,1207801182688826e-05;0,008208956815446337;0,008208956815446337;0,008208956815446337;0,9540664338314411;-0,4100924163073383;0,953929195778846;-0,41136726957939973;8,208956815446338e-07
367;0,12202103118174745;0,05901449978440052;-0,12200000002727343;-0,0589999998562607;2,1031154474021596e-05;1,4499928139823093e-05;0,008203507834795343;0,008203507834795343;0,008203507834795343;0,953929195778846;-0,41136726957939973;0,95375151682051;-0,413014713547309;8,203507834795342e-07
368;0,06810711161181919;0,033004903494625065;-0,06810206956670488;-0,03300142687897269;5,042045114311833e-06;3,4766156523785563e-06;0,004386430792522084;0,004386430792522084;0,004386430792522084;0,9961526442597428;-0,034014157191431714;0,9960729673739441;-0,03471811973716557;4,386430792522083e-07
369;0,0680041271499164;0,03300284544057414;-0,067999999999979;-0,03299999999997842;4,1271499374023746e-06;2,8454405957209494e-06;0,004371175543955132;0,0043711755439551315;0,004371175543955132;0,9983934160037831;-0,014172970919612962;0,9983279653178501;-0,014747535931154167;4,3711755439551325e-07
370;-0,05900000000020441;-0,02899999999893004;0,059003072596148905;0,029002118298337137;3,072595944494938e-06;2,118299407095209e-06;0,003840218841569982;0,0038402188415699815;0,003840218841569982;0,9883841670467041;-0,09962244260686089;0,9884396725226915;-0,09914689071088957;3,8402188415699816e-07
371;0,0;0,0;0,0;0,0;0,0;0,0;;;;;;;;
372;0,0;0,0;0,0;0,0;0,0;0,0;;;;;;;;
373;0,08501044671203618;0,04100720231165768;-0,08500421233448174;-0,04100290437646578;6,234377554439896e-06;4,297935191896474e-06;0,005513998746137542;0,005513998746137543;0,005513998746137543;0,988261216887179;-0,10449846544806161;0,9881828700304404;-0,1052041734160262;5,513998746137543e-07
374;0,12202602187056352;0,059017941176977874;-0,12200000000572407;-0,058999999973312935;2,6021864839451125e-05;1,7941203664939565e-05;0,008119207487252856;0,008119207487252854;0,008119207487252856;0,9638762828490564;-0,662053277493753;0,9636541564913825;-0,664091735020125;8,119207487252855e-07
375;0,062004806410644764;0,03000405769263536;-0,06200000000008858;-0,029999999999945494;4,806410556182361e-06;4,057692689865555e-06;0,004016551262029007;0,004016551262029007;0,004016551262029007;0,9901404923481539;-0,08660416428643734;0,9900528965728188;-0,08790099012392841;4,016551262029007e-07
376;0,0;0,0;0,0;0,0;0,0;0,0;;;;;;;;
377;0,06000073272085914;0,029000505108922266;-0,060000000000253746;-0,028999999999398555;7,327206053911461e-07;5,051095237108838e-07;0,003853236130918676;0,003853236130918676;0,003853236130918676;0,9985271250572737;-0,03693258977592109;0,9985139468717161;-0,0370494462577183;3,853236130918676e-07
378;0,0;0,0;0,0;0,0;0,0;0,0;;;;;;;;
379;0,0680026559552245;0,03300183138995648;-0,06799999999980774;-0,03299999999969227;2,6559554167637778e-06;1,8313902642105861e-06;0,004419822336342197;0,0044198223363421975;0,0044198223363421975;0,9873815220438847;-0,11227273676928526;0,9873398645338443;-0,11264267166743369;4,419822336342197e-07
380;0,05600220085111454;0,027001517480189353;-0,05599999999980676;-0,027000000000011376;2,2008513077820258e-06;1,5174801779767322e-06;0,0035986098683900495;0,003598609868390049;0,0035986098683900495;0,9974653257162466;-0,022385780791589503;0,9974229462804172;-0,022764612167236645;3,5986098683900495e-07
381;0,05600055077502475;0,027000379937362595;-0,05600000000081071;-0,026999999999781962;5,50774214042038e-07;3,799375806329275e-07;0,0035893742276651595;0,0035893742276651595;0,0035893742276651595;1,0;0,0;0,9999893657855402;-9,49573051874337e-05;3,5893742276651593e-07
382;0,053103689586721084;0,02600254391198521;-0,053101334242330794;-0,0260009199250921;2,3553443902896154e-06;1,6239868931081092e-06;0,003425989149993083;0,0034259891499930826;0,003425989149993083;0,9964314646079582;-0,03154317902571475;0,9963837810416224;-0,03195282069267921;3,425989149993083e-07
383;0,0;0,0;0,0;0,0;0,0;0,0;;;;;;;;
384;0,05200025768954668;0,025000177662543498;-0,052000000001016726;-0,02499999999493872;2,5768852995183833e-07;1,7766760477752608e-07;0,0034279006638477426;0,003427900663847742;0,0034279006638477426;0,9717853992105394;-0,5896981013156056;0,9717801910365308;-0,589746231959888;3,4279006638477423e-07
385;-0,07110510316705211;-0,03400351821830655;0,07110802575660953;0,03400553324585367;2,9225895574191973e-06;2,0150275471184087e-06;0,004712908119670537;0,004712908119670537;0,004712908119670537;0,9655443758615165;-0,6467478374130343;0,9655873250894059;-0,6463429556119991;4,712908119670537e-07
386;0,0;0,0;0,0;0,0;0,0;0,0;;;;;;;;
387;-0,07100000000257482;-0,033999999986955194;0,07100510316666737;0,03400351821837491;5,103164092551404e-06;3,518231419717688e-06;0,004707514390221803;0,004707514390221803;0,004707514390221803;0,9654692906451133;-0,6474531100827567;0,9655443758615165;-0,6467478374130343;4,7075143902218033e-07
388;0,0;0,0;0,0;0,0;0,0;0,0;;;;;;;;
389;0,00010000000713273473;4,883339596821496e-12;-0,00010000000000283942;3,213034104307748e-14;7,129895306969003e-12;4,915469937864574e-12;5,849851263890726e-06;5,849851263890727e-06;5,849851263890727e-06;0,9869487006178937;-0,11632663561415553;0,9869486302494885;-0,11632945197077361;5,849851263890727e-10
390;0,05000182251518971;0,024001256405140763;-0,050000000000216614;-0,0240000000001712;1,8225149730974333e-06;1,2564049695629187e-06;0,0032129331653201246;0,0032129331653201246;0,0032129331653201246;0,9966621593187106;-0,029476995163815925;0,9966228647966898;-0,02983237683476566;3,2129331653201245e-07
391;0,0;0,0;0,0;0,0;0,0;0,0;;;;;;;;
392;0,0;0,0;0,0;0,0;0,0;0,0;;;;;;;;
393;-0,07000000001545398;-0,033999999919872126;0,07000449715314111;0,034003100430948355;4,497137687131669e-06;3,1005110762288846e-06;0,004708362386610124;0,004708362386610125;0,004708362386610125;0,9542505614458374;-0,4084506622877767;0,9543167755551953;-0,4078439415673905;4,708362386610125e-07
394;0,04500074719221058;0,02200051516414012;-0,045000000000325;-0,022000000000377697;7,471918855792015e-07;5,151637624233041e-07;0,002918547473010789;0,0029185474730107895;0,0029185474730107895;0,9909020415015481;-0,10446685264219914;0,990884286448019;-0,10462085992921002;2,9185474730107894e-07
395;0,04500014243735042;0,022000098251812563;-0,044999999998391126;-0,022000000000121665;1,424389592941111e-07;9,825169089774932e-08;0,0029434962669513064;0,002943496266951307;0,002943496266951307;0,9824890019834546;-0,18160598931740254;0,9824856455984105;-0,18163539455704328;2,9434962669513067e-07
396;0,05200421233444233;0,0250029043762834;-0,05200000000002215;-0,025000000000001132;4,212334420182484e-06;2,9043762822672514e-06;0,003371296856025805;0,003371296856025805;0,003371296856025805;0,9881828700304404;-0,1052041734160262;0,9880963036788126;-0,10599098269289714;3,3712968560258053e-07
397;0,04300030041306103;0,021000207164821986;-0,043000000001044814;-0,0210000000003198;3,0041201621450186e-07;2,0716450218477567e-07;0,0027980969006800305;0,002798096900680031;0,002798096900680031;0,9874102660686911;-0,11204337824187008;0,9874028203733005;-0,11210841524795402;2,798096900680031e-07
398;0,041000808261765;0,020000557303308762;-0,04099999999969966;-0,01999999999963768;8,082620653396266e-07;5,573036710830592e-07;0,002675056631175069;0,002675056631175069;0,002675056631175069;0,9845815066153816;-0,286430061299316;0,9845605546232433;-0,28661409245126346;2,675056631175069e-07
399;-0,04100000000016791;-0,019999999999946488;0,041000995385488105;0,02000068621255359;9,953853201960516e-07;6,862126071018049e-07;0,0026423891196219623;0,0026423891196219623;0,0026423891196219623;0,9967325481748985;-0,028856173202346333;0,9967586687303185;-0,028629666414086465;2,642389119621962e-07
400;0,0;0,0;0,0;0,0;0,0;0,0;;;;;;;;
401;0,04000137277664512;0,019000946415237367;-0,040000000000189405;-0,019000000000022117;1,3727764557117106e-06;9,464152152492689e-07;0,0025668657704383618;0,0025668657704383618;0,0025668657704383618;0,9960729673739441;-0,03471811973716557;0,9960359433908987;-0,035062111159938125;2,5668657704383615e-07
402;-0,03300000000001716;-0,015999999999994068;0,03300115082335168;0,016000793547441584;1,1508233345169927e-06;7,93547447516807e-07;0,0021455715968468564;0,002145571596846856;0,0021455715968468564;0,9868644474663228;-0,11708027986472146;0,9869016283743602;-0,11674913157831536;2,1455715968468564e-07
403;-0,03310115082339717;-0,016000793547170114;0,0331026116533631;0,016001800834258523;1,4608299659241153e-06;1,0072870884093865e-06;0,002150837125808403;0,002150837125808403;0,002150837125808403;0,9869016283743602;-0,11674913157831536;0,9869487006178937;-0,11632663561415553;2,1508371258084028e-07
404;-0,049000000047432254;-0,02399999972641434;0,04900282657158458;0,0240019484041813;2,826524152323151e-06;1,9486777669622257e-06;0,0033476897250329127;0,0033476897250329127;0,0033476897250329127;0,9409869272862786;-0,587220535391937;0,9410454878639753;-0,5866884388736353;3,3476897250329126e-07
405;0,03710068271312508;0,018000470628835852;-0,037100242906107174;-0,01800016745588564;4,398070179087443e-07;3,031729502132874e-07;0,002393510335771654;0,0023935103357716546;0,0023935103357716546;0,9946940571407139;-0,11487731437904382;0,9946813202134791;-0,11498955671545573;2,3935103357716547e-07
406;0,034001005528411066;0,017000693302418816;-0,03399999999961697;-0,01699999999992225;1,0055287940971547e-06;6,933024965655177e-07;0,00220272592839063;0,0022027259283906304;0,0022027259283906304;0,9963837810416224;-0,03195282069267921;0,9963520810928037;-0,032209683789472796;2,2027259283906306e-07
407;0,034000081064196934;0,017000055918621013;-0,03399999999866769;-0,01700000000115741;8,106552924075361e-08;5,5917463603893935e-08;0,00222058399140729;0,00222058399140729;0,00222058399140729;0,9883418962278683;-0,10365491188822652;0,9883393608638392;-0,10367565250138727;2,2205839914072897e-07
408;0,0;0,0;0,0;0,0;0,0;0,0;;;;;;;;
409;0,03100019719202072;0,015000135936382773;-0,031000000000317877;-0,014999999999974862;1,9719170284149268e-07;1,3593640791134676e-07;0,0019989445180242167;0,0019989445180242163;0,0019989445180242167;0,9946813202134791;-0,11498955671545573;0,9946744833028424;-0,11505024118131424;1,9989445180242165e-07
410;-0,03500000001631728;-0,016999999910345988;0,035002578244155175;0,01700177751202902;2,578227837897462e-06;1,7776016830312047e-06;0,002366092306674851;0,0023660923066748506;0,002366092306674851;0,9494467812242147;-0,4555044068975567;0,9495223213890938;-0,4548086558752778;2,366092306674851e-07
411;0,029103700703853867;0,014002551467933114;-0,02910146553040429;-0,014001010408771499;2,2351734495773545e-06;1,5410591616155794e-06;0,0018666840862127667;0,0018666840862127667;0,0018666840862127667;0,9989203551908377;-0,00951102974113792;0,9988373936118073;-0,010255504657953855;1,8666840862127666e-07
412;0,02900006256918484;0,014000052817451336;-0,029000000000890112;-0,013999999998668288;6,256829472930936e-08;5,2818783048691476e-08;0,001889775039284458;0,0018897750392844576;0,001889775039284458;0,9838292085477008;-0,16381517858282874;0,9838267855600079;-0,16385141178001644;1,889775039284458e-07
413;0,023200466824393414;0,01100032190746525;-0,02320017242107653;-0,011000118903647858;2,944033168847393e-07;2,030038173915505e-07;0,0015084155224629246;0,0015084155224629246;0,0015084155224629246;0,9827648672387361;-0,17973265221075066;0,9827513565251218;-0,17986051765902672;1,5084155224629247e-07
414;0,023100172423998595;0,01100011890314842;-0,023100135280491253;-0,011000093282261968;3,714350734276839e-08;2,562088645234606e-08;0,0015031092540478026;0,0015031092540478026;0,0015031092540478026;0,9827513565251218;-0,17986051765902672;0,9827496453151658;-0,1798765578912397;1,5031092540478026e-07
415;0,02800069679085004;0,014000480463690367;-0,027999999999939237;-0,013999999999983226;6,967909108035464e-07;4,804637071410128e-07;0,0018145664776467757;0,001814566477646776;0,001814566477646776;0,9960729673739441;-0,03471811973716557;0,9960463011366093;-0,034934312618723797;1,814566477646776e-07
416;0,02600024762848177;0,013000170725016358;-0,02600000000393382;-0,012999999980618104;2,476245479499095e-07;1,7074439825383314e-07;0,0017353285131747425;0,0017353285131747422;0,0017353285131747425;0,9671425129001353;-0,33641941047586355;0,9671326036064801;-0,33650214847913623;1,7353285131747423e-07
417;0,0;0,0;0,0;0,0;0,0;0,0;;;;;;;;
418;0,0240014509761091;0,012001000374494029;-0,023999999999959453;-0,011999999999951222;1,4509761496472873e-06;1,0003745428074917e-06;0,0015510974119502922;0,0015510974119502918;0,0015510974119502922;0,9988373936118073;-0,010255504657953855;0,9987724346285356;-0,010780464997190365;1,5510974119502923e-07
419;0,024000820254450463;0,01200056552587833;-0,024000000000056254;-0,011999999999909531;8,202543942091578e-07;5,655259687990105e-07;0,0015509247459281677;0,0015509247459281675;0,0015509247459281677;0,9989203551908377;-0,00951102974113792;0,9988836289773717;-0,00980780862139182;1,5509247459281678e-07
420;0,02400035980786099;0,012000248024741523;-0,024000000000643913;-0,012000000000118933;3,5980721707629115e-07;2,480246225899929e-07;0,0015766149810513945;0,0015766149810513947;0,0015766149810513947;0,9826231143783569;-0,3039021059230261;0,982607267556332;-0,3040322053782512;1,5766149810513945e-07
421;0,0;0,0;0,0;0,0;0,0;0,0;;;;;;;;
422;0,0230001352800298;0,011000093282160232;-0,023000000001413792;-0,011000000000487696;1,3527861600706736e-07;9,328167253561115e-08;0,0014978072198741745;0,0014978072198741747;0,0014978072198741747;0,9827496453151658;-0,1798765578912397;0,9827433897650821;-0,17993450679922673;1,4978072198741746e-07
423;0,023000063453199826;0,011000043719497145;-0,023000000003261075;-0,01099999998485665;6,344993875098681e-08;4,3734640495923793e-08;0,0015211844538727374;0,0015211844538727374;0,0015211844538727374;0,9676436901791675;-0,28340538304703167;0,967640801503845;-0,28343252771476135;1,5211844538727375e-07
424;0,02200061738736209;0,010000425657696389;-0,022000000000070952;-0,010000000000067037;6,173872911380274e-07;4,2565762935209417e-07;0,0014055518891862714;0,0014055518891862714;0,0014055518891862714;0,9926866443768182;-0,06483530182536414;0,9926563222864535;-0,065148319017021;1,4055518891862713e-07
425;0,021300536465342714;0,010000369893476059;-0,02130012780934377;-0,010000088138861187;4,086559989430194e-07;2,817546148718708e-07;0,0013650847766879146;0,0013650847766879149;0,0013650847766879149;0,9952334240584686;-0,09649200059546867;0,995212714471992;-0,09669013856004664;1,365084776687915e-07
426;0,021000472133610597;0,01000032550092742;-0,021000000000113227;-0,010000000000064953;4,7213349737076915e-07;3,2550086246675713e-07;0,0013682052610822595;0,0013682052610822595;0,0013682052610822595;0,9815158591487108;-0,19047191108255832;0,9814919662304163;-0,1906958127871552;1,3682052610822596e-07
427;0,021000127761833097;0,010000088106228044;-0,020999999999928447;-0,010000000000220263;1,2776190464955373e-07;8,810600778119682e-08;0,0013493510474337498;0,0013493510474337498;0,0013493510474337498;0,995212714471992;-0,09669013856004664;0,9952061581414252;-0,09675078136038227;1,3493510474337498e-07
428;0,02100007138136437;0,0100000602708069;-0,02100000000131115;-0,010000000000489588;7,138005321885577e-08;6,027031731158095e-08;0,001360743418767411;0,0013607434187674114;0,0013607434187674114;0,9868779597295022;-0,11377214741514806;0,9868741259067202;-0,113830594827905;1,3607434187674112e-07
429;0,021000076509947785;0,010000052707927453;-0,021000000008403956;-0,009999999952367129;7,650154382893293e-08;5,2755560324760364e-08;0,001412014641826665;0,0014120146418266654;0,0014120146418266654;0,9510437984547808;-0,435430576806141;0,9510400468775573;-0,43546688707766157;1,4120146418266653e-07
430;0,021000081223533033;0,010000056000747807;-0,021000000000654138;-0,010000000000295052;8,122287889489321e-08;5,6000452754167984e-08;0,0013608331359266606;0,0013608331359266604;0,0013608331359266606;0,9868131958448081;-0,2626679576107053;0,9868090631302106;-0,2627064844361581;1,3608331359266605e-07
431;0,021000054700632678;0,010000037650884369;-0,021000000006883044;-0,00999999995169151;5,4693749633460964e-08;3,769919285946666e-08;0,001412326551706653;0,001412326551706653;0,001412326551706653;0,9508326924940098;-0,4374115682924512;0,9508300112575533;-0,4374374885289041;1,412326551706653e-07
432;0,0;0,0;0,0;0,0;0,0;0,0;;;;;;;;
433;0,0;0,0;0,0;0,0;0,0;0,0;;;;;;;;
434;0,019000328713829995;0,009000226622506904;-0,018999999999891454;-0,009000000000002884;3,287139385410587e-07;2,2662250401955797e-07;0,0012182375968166777;0,001218237596816678;0,001218237596816678;0,9963837810416224;-0,03195282069267921;0,9963651044495484;-0,032127479082390234;1,2182375968166778e-07
435;0,019000292944097986;0,009000201975055966;-0,01900000000019656;-0,009000000000054166;2,9294390142473037e-07;2,0197500179980343e-07;0,0012182927507973583;0,001218292750797358;0,0012182927507973583;0,9963366412404956;-0,03238799613778512;0,9963199974877791;-0,032543681196679754;1,2182927507973583e-07
436;0,018100431211898547;0,009000297253921461;-0,018100174115029552;-0,009000120016538703;2,570968689954989e-07;1,7723738275805812e-07;0,0012067422904333362;0,0012067422904333362;0,0012067422904333362;0,9671425129001353;-0,33641941047586355;0,9671277234332946;-0,3365447812048369;1,2067422904333365e-07
437;0,01800017411565037;0,009000120016413414;-0,018000000002942978;-0,008999999986464429;1,741127073906501e-07;1,2002994898528685e-07;0,0012013998418354754;0,0012013998418354758;0,0012013998418354758;0,9671277234332946;-0,3365447812048369;0,9671176599204407;-0,33662874690244654;1,2013998418354758e-07
438;0,018000015062618013;0,009000010367605827;-0,01800000000310806;-0,008999999998762912;1,505950995156491e-08;1,0368842914484921e-08;0,0011711276908886023;0,0011711276908886025;0,0011711276908886025;0,9921173057579379;-0,09355547988337803;0,992116413120747;-0,09356270955495066;1,1711276908886024e-07
439;0,01700020152719184;0,008000138952431075;-0,016999999999838925;-0,00799999999994379;2,0152735291309454e-07;1,3895248728544585e-07;0,0010889461800073076;0,0010889461800073076;0,0010889461800073076;0,9961526442597428;-0,034014157191431714;0,9961398395291887;-0,03413588456164852;1,0889461800073075e-07
440;0,0;0,0;0,0;0,0;0,0;0,0;;;;;;;;
441;0,01500016291742747;0,007000112316973866;-0,01499999999997192;-0,006999999999957557;1,6291745555049864e-07;1,1231701630906588e-07;0,0009576915409478849;0,0009576915409478849;0,0009576915409478849;0,997916313111108;-0,01840067950507287;0,9979045495592029;-0,018514502932437397;9,57691540947885e-08
442;0,014000292425106873;0,007000201603284749;-0,014000000001066961;-0,0069999999956067175;2,92424039911518e-07;2,016076780311793e-07;0,0009274954530710041;0,000927495453071004;0,0009274954530710041;0,9743621030910025;-0,22325533152238589;0,9743402095013242;-0,22343669529954754;9,274954530710041e-08
443;0,01400018034689819;0,007000124342814725;-0,01400000000041947;-0,006999999999962096;1,8034647871964515e-07;1,2434285262975103e-07;0,0009068480379667607;0,0009068480379667606;0,0009068480379667607;0,9965381187066739;-0,0305516698898343;0,9965243087054797;-0,03066354117539876;9,068480379667608e-08
444;0,014000176880979912;0,007000121945277951;-0,013999999999777126;-0,006999999999959612;1,7688120278538944e-07;1,2194531833886052e-07;0,0009071987130008016;0,0009071987130008016;0,0009071987130008016;0,9961526442597428;-0,034014157191431714;0,9961391050845918;-0,03412385163619881;9,071987130008017e-08
445;0,014200403349303229;0,006000278090918323;-0,014200389867878936;-0,0060002687916877;1,3481424292888233e-08;9,299230622518417e-09;0,0009055594812462548;0,0009055594812462549;0,0009055594812462549;0,9828690936740254;-0,17817149501162347;0,9828680711649249;-0,17818382922763557;9,05559481246255e-08
446;0,014100389868042622;0,006000268791493386;-0,014100078893502552;-0,006000054393350383;3,1097454007006364e-07;2,1439814300305837e-07;0,0009001514590838697;0,0009001514590838696;0,0009001514590838697;0,9828680711649249;-0,17818382922763557;0,982844333641256;-0,17846617813637444;9,001514590838697e-08
447;0,0;0,0;0,0;0,0;0,0;0,0;;;;;;;;
448;0,01300005823665409;0,006000040155776039;-0,013000000000054695;-0,005999999999930417;5,823659939528658e-08;4,015584562176017e-08;0,0008415556857374267;0,0008415556857374266;0,0008415556857374267;0,982280582127487;-0,3071260328594369;0,9822758000689842;-0,30717427466384617;8,415556857374267e-08
449;-0,07300257826000932;-0,03500177741804456;0,07301028436874092;0,035007090271121026;7,706108731603267e-06;5,312853076464008e-06;0,004922707215121169;0,004922707215121171;0,004922707215121171;0,9495223213890938;-0,4548086558752778;0,9496307571530247;-0,45377619575207273;4,922707215121171e-07
450;0,012000150862714325;0,006000104026873466;-0,012000000000258268;-0,006000000000031693;1,5086245605706872e-07;1,0402684177349825e-07;0,0007768358663180677;0,0007768358663180678;0,0007768358663180678;0,9971310276824007;-0,025336329306150752;0,9971175416075444;-0,025445555027547882;7,768358663180678e-08
451;0,0;0,0;0,0;0,0;0,0;0,0;;;;;;;;
452;0,0;0,0;0,0;0,0;0,0;0,0;;;;;;;;
453;-0,010100000006960673;-0,005000000005571815;0,01010009931277743;0,005000083843477941;9,930581675726691e-08;8,383790612610797e-08;0,0006601807053910609;0,0006601807053910609;0,0006601807053910609;0,9855882189922168;-0,27353923975755406;0,985599254994365;-0,2733812467488794;6,601807053910609e-08
454;0,010000042355690488;0,005000029197480088;-0,010000000000724636;-0,004999999999588735;4,235496585229537e-08;2,919789135295836e-08;0,0006550788706449673;0,0006550788706449673;0,0006550788706449673;0,9853777833601093;-0,1253531981380896;0,9853732936908355;-0,12538996081482762;6,550788706449674e-08
455;0,010000075039379207;0,005000051738892919;-0,010000000000310757;-0,004999999999971606;7,503906845028607e-08;5,173892131307006e-08;0,000647937088694878;0,0006479370886948781;0,0006479370886948781;0,9962424539979475;-0,033218037593475504;0,9962344117133727;-0,033283213936727216;6,479370886948781e-08
456;0,0;0,0;0,0;0,0;0,0;0,0;;;;;;;;
457;0,00900012526098722;0,0040000863474988334;-0,00900000000195486;-0,003999999987411702;1,2525903236165759e-07;8,636008713182319e-08;0,0005928624681269077;0,0005928624681269076;0,0005928624681269077;0,9591308848657418;-0,41979298016355177;0,9591163223946472;-0,4199561257391491;5,928624681269077e-08
458;0,009000073405257311;0,004000050610491089;-0,008999999999966531;-0,004000000000003326;7,340529077984326e-08;5,0610487762475787e-08;0,000578554619856049;0,0005785546198560491;0,0005785546198560491;0,982844333641256;-0,17846617813637444;0,9828355885353142;-0,17856179226198737;5,785546198560491e-08
459;0,0;0,0;0,0;0,0;0,0;0,0;;;;;;;;
460;0,0;0,0;0,0;0,0;0,0;0,0;;;;;;;;
461;0,006000045715247296;0,003000031520057818;-0,0060000000000096166;-0,003000000000149637;4,5715237679579135e-08;3,1519908181339845e-08;0,00038937245660498556;0,0003893724566049856;0,0003893724566049856;0,9946813202134791;-0,11498955671545573;0,9946731671829887;-0,11505573118906066;3,893724566049856e-08
462;0,005000041117402141;0,0020000283447288232;-0,005000000000538844;-0,001999999996029643;4,1116863296920825e-08;2,834869918021468e-08;0,0003227412075534247;0,0003227412075534246;0,0003227412075534247;0,9633583804170427;-0,3222203977210813;0,9633496676907787;-0,322337971093337;3,2274120755342465e-08
463;0,005000014554104227;0,0020000100340582206;-0,004999999999889284;-0,001999999999876079;1,4554214942605337e-08;1,0034182141432924e-08;0,00031127552134731955;0,00031127552134731955;0,00031127552134731955;0,9988373936118073;-0,010255504657953855;0,9988341959837367;-0,010297118016367261;3,1127552134731954e-08
464;0,005000022946336775;0,0020000158213938145;-0,004999999999876008;-0,0020000000000748477;2,2946460767094e-08;1,5821318966741105e-08;0,00031199038886997653;0,0003119903888699765;0,00031199038886997653;0,996550584549565;-0,030491658730957227;0,9965455545731348;-0,03055727920326375;3,1199038886997655e-08
465;0,00500000548736442;0,002000003781942133;-0,004999999999469826;-0,0019999999992576763;5,487894593619869e-09;3,782684456898194e-09;0,00031634003443664095;0,00031634003443664106;0,00031634003443664106;0,982844333641256;-0,17846617813637444;0,9828431472871165;-0,1784818606304141;3,163400344366411e-08
466;0,0002000000480228435;3,289125582839428e-11;-0,00020000000373984663;-2,359613662010566e-12;4,428299686578402e-11;3,053164216638371e-11;1,1602552889930746e-05;1,160255288993075e-05;1,160255288993075e-05;0,995212714471992;-0,09669013856004664;0,9952124941170238;-0,09669888522898544;1,1602552889930749e-09
467;-9,999999996273027e-05;-1,7508896969333832e-13;0,00010000000818124089;5,8414766069229414e-12;8,218510615977392e-12;5,666387637229603e-12;6,121773330132796e-06;6,121773330132796e-06;6,121773330132796e-06;0,9431095171926673;-0,5673466660096492;0,9431095947022249;-0,567343419408956;6,121773330132796e-10
468;0,00010000000995457261;7,0307047176322435e-12;-9,999999991370644e-05;-1,0786400904032941e-13;1,0040866169113219e-11;6,922840708591914e-12;5,934642977033015e-06;5,934642977033016e-06;5,934642977033016e-06;0,9728476150911127;-0,2547284900219909;0,9728475174087929;-0,2547324565171383;5,934642977033016e-10
469;-9,99999997185415e-05;1,6536834081658388e-13;0,00010000000281480024;1,9693982861636197e-12;3,0962587365974265e-12;2,1347666269802036e-12;5,941133497043671e-06;5,941133497043671e-06;5,941133497043671e-06;0,9717847071639039;-0,589726233312833;0,9717847372528731;-0,5897250101816848;5,941133497043672e-10
470;-9,999999993092071e-05;2,9729569699699944e-14;0,00010000000782254687;5,410927748553847e-12;7,89162615463801e-12;5,440657318253547e-12;5,854032658062983e-06;5,854032658062983e-06;5,854032658062983e-06;0,9862436759651312;-0,2805931615566596;0,9862437537957965;-0,280590044289881;5,854032658062983e-10
471;-9,999999993183254e-05;6,100596354498402e-14;0,00010000000654713601;5,523809057730866e-12;6,615303465608291e-12;5,58481502127585e-12;5,857926219733895e-06;5,857926219733897e-06;5,857926219733897e-06;0,985588153792568;-0,27354243962064767;0,9855882189922168;-0,27353923975755406;5,857926219733897e-10
472;0,00010000000317335235;2,5353196830298804e-12;-9,999999948310251e-05;8,983907094863881e-15;3,690249833683025e-12;2,5443035901247443e-12;5,801276520580896e-06;5,801276520580896e-06;5,801276520580896e-06;0,9952124941170238;-0,09669888522898544;0,9952124573911971;-0,09670034300751452;5,801276520580896e-10
